#{"t_start": 1787203025.236577, "env_id": "None"}
r,l,t,success,collision,max_y
-0.02,2,0.464533,False,True,1
-0.02,2,0.464712,False,True,1
-0.08,8,0.465097,False,True,1
-0.06,6,0.465478,False,True,1
-0.01,1,0.469658,False,True,1
-0.04,4,0.470946,False,True,1
-0.08,8,0.471306,False,True,1
-0.06,6,0.471573,False,True,1
-0.01,1,0.472274,False,True,1
0.95,5,0.472512,False,True,2
-0.07,7,0.472801,False,True,1
-0.12,12,0.473263,False,True,1
-0.17,17,0.473976,False,True,1
-0.17,17,0.474623,False,True,1
-0.01,1,0.474707,False,True,1
0.88,12,0.475176,False,True,2
-0.01,1,0.475314,False,True,1
-0.09,9,0.475665,False,True,1
-0.15,15,0.476246,False,True,1
-0.01,1,0.476311,False,True,1
-0.21,21,0.477577,False,True,1
-0.11,11,0.478389,False,True,1
-0.16,16,0.479217,False,True,1
9.91,9,0.479633,True,False,5
-0.08,8,0.480115,False,True,1
-0.04,4,0.480297,False,True,1
-0.01,1,0.48038,False,True,1
-0.04,4,0.480564,False,True,1
-0.04,4,0.480822,False,True,1
-0.03,3,0.480948,False,True,1
1.72,28,0.481939,False,True,3
-0.04,4,0.482114,False,True,1
-0.15,15,0.482871,False,True,1
-0.06,6,0.48315,False,True,1
-0.11,11,0.483572,False,True,1
-0.1,10,0.483966,False,True,1
-0.03,3,0.484215,False,True,1
-0.11,11,0.484613,False,True,1
-0.04,4,0.484785,False,True,1
-0.01,1,0.484867,False,True,1
-0.1,10,0.485407,False,True,1
-0.02,2,0.485533,False,True,1
-0.03,3,0.485657,False,True,1
-0.04,4,0.485945,False,True,1
-0.09,9,0.4865,False,True,1
-0.03,3,0.486659,False,True,1
-0.01,1,0.486756,False,True,1
-0.01,1,0.486824,False,True,1
-0.07,7,0.487256,False,True,1
-0.12,12,0.487825,False,True,1
-0.07,7,0.488125,False,True,1
1.81,19,0.488841,False,True,3
-0.01,1,0.489032,False,True,1
-0.1,10,0.490034,False,True,1
-0.06,6,0.490841,False,True,1
-0.04,4,0.491065,False,True,1
1.84,16,0.49181,False,True,3
-0.06,6,0.492072,False,True,1
-0.05,5,0.492272,False,True,1
-0.04,4,0.492445,False,True,1
0.85,15,0.493084,False,True,2
-0.04,4,0.49326,False,True,1
-0.05,5,0.493461,False,True,1
-0.01,1,0.493523,False,True,1
1.74,26,0.494526,False,True,3
-0.01,1,0.494587,False,True,1
-0.07,7,0.494865,False,True,1
-0.06,6,0.495103,False,True,1
-0.03,3,0.495319,False,True,1
-0.03,3,0.49547,False,True,1
0.92,8,0.495801,False,True,2
-0.02,2,0.495901,False,True,1
-0.01,1,0.496057,False,True,1
0.94,6,0.496319,False,True,2
1.91,9,0.496666,False,True,3
-0.04,4,0.496839,False,True,1
-0.02,2,0.49705,False,True,1
-0.02,2,0.497346,False,True,1
-0.02,2,0.497585,False,True,1
-0.09,9,0.49814,False,True,1
-0.03,3,0.498441,False,True,1
-0.03,3,0.498642,False,True,1
-0.01,1,0.498815,False,True,1
-0.04,4,0.499115,False,True,1
-0.12,12,0.49994,False,True,1
0.91,9,0.500738,False,True,2
-0.05,5,0.500984,False,True,1
-0.1,10,0.501402,False,True,1
-0.01,1,0.501592,False,True,1
-0.02,2,0.501724,False,True,1
-0.1,10,0.502263,False,True,1
-0.16,16,0.502905,False,True,1
-0.06,6,0.503363,False,True,1
-0.02,2,0.503468,False,True,1
-0.05,5,0.50368,False,True,1
-0.05,5,0.503976,False,True,1
-0.06,6,0.504393,False,True,1
-0.09,9,0.504771,False,True,1
-0.04,4,0.505093,False,True,1
-0.05,5,0.505449,False,True,1
-0.06,6,0.505942,False,True,1
-0.19,19,0.506666,False,True,1
-0.04,4,0.506845,False,True,1
-0.03,3,0.507082,False,True,1
-0.04,4,0.507448,False,True,1
-0.11,11,0.507865,False,True,1
-0.22,22,0.508668,False,True,1
1.94,6,0.5089,False,True,3
-0.1,10,0.509378,False,True,1
-0.01,1,0.509467,False,True,1
-0.13,13,0.509937,False,True,1
-0.02,2,0.510052,False,True,1
-0.06,6,0.510351,False,True,1
-0.12,12,0.510795,False,True,1
-0.03,3,0.510933,False,True,1
-0.01,1,0.510987,False,True,1
-0.04,4,0.511223,False,True,1
-0.01,1,0.511303,False,True,1
-0.1,10,0.511674,False,True,1
-0.02,2,0.511871,False,True,1
-0.07,7,0.512634,False,True,1
-0.16,16,0.513291,False,True,1
0.96,4,0.513465,False,True,2
-0.11,11,0.513908,False,True,1
-0.02,2,0.514119,False,True,1
-0.05,5,0.514327,False,True,1
-0.02,2,0.514418,False,True,1
-0.38,38,0.515742,False,True,1
-0.03,3,0.515961,False,True,1
-0.02,2,0.516138,False,True,1
1.91,9,0.516493,False,True,3
1.94,6,0.51675,False,True,3
-0.07,7,0.517092,False,True,1
-0.02,2,0.517183,False,True,1
-0.02,2,0.51729,False,True,1
-0.02,2,0.517375,False,True,1
-0.01,1,0.517491,False,True,1
-0.07,7,0.517945,False,True,1
-0.04,4,0.518175,False,True,1
1.82,18,0.518915,False,True,3
-0.1,10,0.519371,False,True,1
-0.02,2,0.519479,False,True,1
-0.14,14,0.519974,False,True,1
-0.07,7,0.520249,False,True,1
2.86,14,0.521726,False,True,4
0.93,7,0.522022,False,True,2
-0.02,2,0.522132,False,True,1
-0.06,6,0.522357,False,True,1
0.8,20,0.523166,False,True,2
-0.06,6,0.523411,False,True,1
-0.02,2,0.523499,False,True,1
-0.02,2,0.52361,False,True,1
-0.1,10,0.524057,False,True,1
1.83,17,0.524681,False,True,3
-0.03,3,0.524822,False,True,1
-0.02,2,0.524929,False,True,1
-0.02,2,0.525085,False,True,1
-0.03,3,0.525228,False,True,1
-0.04,4,0.525401,False,True,1
-0.02,2,0.525485,False,True,1
1.9,10,0.525943,False,True,3
-0.13,13,0.526412,False,True,1
-0.01,1,0.526468,False,True,1
0.9,10,0.526851,False,True,2
-0.27,27,0.527856,False,True,1
-0.09,9,0.528192,False,True,1
-0.12,12,0.528633,False,True,1
-0.02,2,0.528719,False,True,1
-0.03,3,0.52892,False,True,1
-0.04,4,0.529098,False,True,1
-0.01,1,0.529158,False,True,1
-0.07,7,0.529447,False,True,1
-0.03,3,0.529657,False,True,1
-0.35,35,0.5309,False,True,1
-0.05,5,0.531097,False,True,1
-0.09,9,0.531603,False,True,1
-0.01,1,0.531839,False,True,1
-0.05,5,0.532108,False,True,1
-0.08,8,0.53243,False,True,1
-0.09,9,0.532775,False,True,1
-0.1,10,0.533242,False,True,1
-0.13,13,0.533742,False,True,1
-0.01,1,0.533803,False,True,1
-0.07,7,0.534084,False,True,1
1.78,22,0.534982,False,True,3
-0.05,5,0.535181,False,True,1
-0.05,5,0.535399,False,True,1
0.95,5,0.53572,False,True,2
-0.04,4,0.536076,False,True,1
-0.03,3,0.536233,False,True,1
-0.05,5,0.53644,False,True,1
-0.01,1,0.536499,False,True,1
-0.02,2,0.536698,False,True,1
-0.11,11,0.537114,False,True,1
-0.2,20,0.537911,False,True,1
-0.03,3,0.538076,False,True,1
-0.04,4,0.538441,False,True,1
-0.06,6,0.538726,False,True,1
-0.01,1,0.538782,False,True,1
0.81,19,0.539508,False,True,2
-0.05,5,0.539824,False,True,1
-0.01,1,0.539881,False,True,1
1.97,3,0.54002,False,True,3
-0.02,2,0.540105,False,True,1
-0.03,3,0.540312,False,True,1
-0.17,17,0.541472,False,True,1
-0.03,3,0.541663,False,True,1
-0.03,3,0.54181,False,True,1
-0.21,21,0.542689,False,True,1
2.78,22,0.543499,False,True,4
-0.01,1,0.543556,False,True,1
-0.02,2,0.543646,False,True,1
-0.01,1,0.543783,False,True,1
-0.03,3,0.543917,False,True,1
0.96,4,0.544088,False,True,2
-0.01,1,0.544168,False,True,1
-0.02,2,0.544322,False,True,1
-0.08,8,0.544687,False,True,1
-0.08,8,0.545017,False,True,1
-0.05,5,0.545224,False,True,1
-0.01,1,0.545391,False,True,1
-0.01,1,0.545458,False,True,1
-0.25,25,0.54636,False,True,1
-0.06,6,0.546621,False,True,1
-0.08,8,0.54703,False,True,1
-0.12,12,0.54751,False,True,1
-0.06,6,0.547943,False,True,1
1.96,4,0.548173,False,True,3
-0.03,3,0.548455,False,True,1
-0.01,1,0.548524,False,True,1
-0.11,11,0.548955,False,True,1
1.93,7,0.549247,False,True,3
-0.03,3,0.549447,False,True,1
-0.05,5,0.549689,False,True,1
-0.32,32,0.55082,False,True,1
-0.09,9,0.551154,False,True,1
-0.01,1,0.551282,False,True,1
-0.16,16,0.551952,False,True,1
1.92,8,0.552305,False,True,3
-0.07,7,0.552585,False,True,1
-0.05,5,0.552895,False,True,1
-0.2,20,0.553604,False,True,1
-0.01,1,0.553661,False,True,1
-0.09,9,0.554057,False,True,1
-0.03,3,0.554258,False,True,1
-0.07,7,0.554563,False,True,1
-0.01,1,0.554622,False,True,1
1.95,5,0.554856,False,True,3
-0.05,5,0.55514,False,True,1
-0.07,7,0.55542,False,True,1
-0.07,7,0.555797,False,True,1
0.84,16,0.556424,False,True,2
-0.01,1,0.556611,False,True,1
-0.09,9,0.556978,False,True,1
-0.06,6,0.557215,False,True,1
-0.08,8,0.55754,False,True,1
-0.11,11,0.558031,False,True,1
-0.09,9,0.558368,False,True,1
-0.03,3,0.558509,False,True,1
-0.05,5,0.558707,False,True,1
-0.04,4,0.55894,False,True,1
-0.03,3,0.55908,False,True,1
-0.08,8,0.559387,False,True,1
1.87,13,0.559868,False,True,3
-0.04,4,0.560104,False,True,1
-0.03,3,0.560242,False,True,1
-0.02,2,0.560355,False,True,1
-0.02,2,0.560444,False,True,1
-0.01,1,0.56056,False,True,1
2.88,12,0.561017,False,True,4
-0.01,1,0.561095,False,True,1
-0.04,4,0.561258,False,True,1
-0.02,2,0.56141,False,True,1
-0.06,6,0.561668,False,True,1
-0.06,6,0.562013,False,True,1
-0.02,2,0.562157,False,True,1
-0.06,6,0.56254,False,True,1
-0.06,6,0.562809,False,True,1
-0.03,3,0.562927,False,True,1
-0.01,1,0.563006,False,True,1
-0.04,4,0.563311,False,True,1
-0.11,11,0.563776,False,True,1
-0.05,5,0.564079,False,True,1
-0.02,2,0.564179,False,True,1
-0.02,2,0.56437,False,True,1
-0.04,4,0.56454,False,True,1
1.94,6,0.564773,False,True,3
1.95,5,0.564974,False,True,3
1.81,19,0.565735,False,True,3
0.95,5,0.565937,False,True,2
-0.11,11,0.566363,False,True,1
-0.07,7,0.566974,False,True,1
0.89,11,0.567478,False,True,2
-0.16,16,0.568152,False,True,1
0.85,15,0.568697,False,True,2
-0.06,6,0.568963,False,True,1
-0.15,15,0.569585,False,True,1
-0.03,3,0.569707,False,True,1
0.93,7,0.569982,False,True,2
-0.03,3,0.570124,False,True,1
-0.01,1,0.570237,False,True,1
-0.02,2,0.570353,False,True,1
-0.01,1,0.57041,False,True,1
1.93,7,0.570688,False,True,3
-0.13,13,0.571231,False,True,1
-0.01,1,0.571296,False,True,1
-0.05,5,0.571506,False,True,1
-0.01,1,0.571593,False,True,1
-0.14,14,0.572206,False,True,1
1.9,10,0.572613,False,True,3
-0.01,1,0.572668,False,True,1
-0.05,5,0.572867,False,True,1
-0.1,10,0.573344,False,True,1
-0.04,4,0.573512,False,True,1
-0.05,5,0.573709,False,True,1
-0.13,13,0.574177,False,True,1
-0.02,2,0.574349,False,True,1
-0.01,1,0.574406,False,True,1
-0.1,10,0.574777,False,True,1
-0.05,5,0.574999,False,True,1
-0.08,8,0.57538,False,True,1
-0.08,8,0.575687,False,True,1
-0.02,2,0.575773,False,True,1
-0.02,2,0.575878,False,True,1
-0.01,1,0.575989,False,True,1
-0.04,4,0.57617,False,True,1
-0.01,1,0.576229,False,True,1
1.88,12,0.576683,False,True,3
-0.11,11,0.577454,False,True,1
-0.03,3,0.577609,False,True,1
-0.04,4,0.577782,False,True,1
-0.01,1,0.57784,False,True,1
-0.01,1,0.577975,False,True,1
-0.16,16,0.578576,False,True,1
-0.01,1,0.578633,False,True,1
-0.06,6,0.578883,False,True,1
-0.01,1,0.579004,False,True,1
-0.07,7,0.579284,False,True,1
0.95,5,0.579485,False,True,2
-0.04,4,0.579657,False,True,1
0.88,12,0.580197,False,True,2
1.96,4,0.580367,False,True,3
-0.22,22,0.581164,False,True,1
1.72,28,0.582607,False,True,3
-0.03,3,0.583141,False,True,1
0.94,6,0.583424,False,True,2
-0.01,1,0.583481,False,True,1
1.87,13,0.583968,False,True,3
-0.09,9,0.584418,False,True,1
0.91,9,0.584771,False,True,2
-0.01,1,0.584831,False,True,1
-0.02,2,0.584941,False,True,1
-0.09,9,0.585367,False,True,1
1.91,9,0.585723,False,True,3
-0.02,2,0.585831,False,True,1
-0.07,7,0.586083,False,True,1
1.85,15,0.586702,False,True,3
-0.03,3,0.586842,False,True,1
-0.09,9,0.587342,False,True,1
-0.03,3,0.587566,False,True,1
-0.02,2,0.587812,False,True,1
-0.04,4,0.588155,False,True,1
-0.1,10,0.588634,False,True,1
-0.01,1,0.588774,False,True,1
-0.27,27,0.590085,False,True,1
-0.01,1,0.590169,False,True,1
-0.02,2,0.590276,False,True,1
-0.01,1,0.590585,False,True,1
1.75,25,0.591658,False,True,3
-0.07,7,0.591954,False,True,1
-0.01,1,0.592017,False,True,1
1.86,14,0.592548,False,True,3
-0.06,6,0.592873,False,True,1
-0.15,15,0.593436,False,True,1
-0.01,1,0.593497,False,True,1
-0.04,4,0.593673,False,True,1
-0.03,3,0.593885,False,True,1
-0.22,22,0.594744,False,True,1
-0.07,7,0.595045,False,True,1
-0.02,2,0.595163,False,True,1
-0.01,1,0.595303,False,True,1
-0.03,3,0.595465,False,True,1
-0.05,5,0.595676,False,True,1
-0.05,5,0.595888,False,True,1
-0.16,16,0.596722,False,True,1
-0.09,9,0.597109,False,True,1
-0.04,4,0.597291,False,True,1
-0.09,9,0.597827,False,True,1
-0.09,9,0.598302,False,True,1
-0.04,4,0.598477,False,True,1
-0.12,12,0.598916,False,True,1
-0.1,10,0.599277,False,True,1
-0.14,14,0.599881,False,True,1
1.87,13,0.600357,False,True,3
-0.1,10,0.600759,False,True,1
-0.04,4,0.600947,False,True,1
-0.07,7,0.601293,False,True,1
-0.16,16,0.601885,False,True,1
-0.07,7,0.602159,False,True,1
-0.03,3,0.602296,False,True,1
-0.01,1,0.60242,False,True,1
-0.03,3,0.602582,False,True,1
-0.24,24,0.603447,False,True,1
-0.06,6,0.603676,False,True,1
-0.08,8,0.60405,False,True,1
-0.03,3,0.604193,False,True,1
-0.07,7,0.60447,False,True,1
0.93,7,0.60476,False,True,2
1.93,7,0.605112,False,True,3
-0.01,1,0.605196,False,True,1
-0.15,15,0.605727,False,True,1
-0.03,3,0.605878,False,True,1
-0.19,19,0.606619,False,True,1
-0.05,5,0.606826,False,True,1
-0.02,2,0.606933,False,True,1
-0.09,9,0.607263,False,True,1
-0.07,7,0.608016,False,True,1
-0.06,6,0.608269,False,True,1
-0.05,5,0.608472,False,True,1
-0.04,4,0.608642,False,True,1
-0.03,3,0.608871,False,True,1
-0.04,4,0.609047,False,True,1
-0.1,10,0.609435,False,True,1
-0.03,3,0.609558,False,True,1
-0.06,6,0.609878,False,True,1
-0.01,1,0.609937,False,True,1
-0.01,1,0.60999,False,True,1
-0.1,10,0.610374,False,True,1
-0.05,5,0.610631,False,True,1
-0.09,9,0.610961,False,True,1
-0.04,4,0.61113,False,True,1
-0.15,15,0.61167,False,True,1
-0.05,5,0.611926,False,True,1
-0.02,2,0.612034,False,True,1
1.89,11,0.612971,False,True,3
-0.02,2,0.613144,False,True,1
-0.17,17,0.613891,False,True,1
-0.16,16,0.614474,False,True,1
-0.03,3,0.614612,False,True,1
0.94,6,0.614857,False,True,2
-0.02,2,0.615017,False,True,1
-0.04,4,0.61519,False,True,1
-0.04,4,0.615358,False,True,1
-0.07,7,0.615633,False,True,1
-0.02,2,0.61578,False,True,1
1.94,6,0.616032,False,True,3
-0.08,8,0.616345,False,True,1
-0.09,9,0.61668,False,True,1
-0.15,15,0.617294,False,True,1
-0.08,8,0.617595,False,True,1
1.93,7,0.617874,False,True,3
-0.02,2,0.617963,False,True,1
-0.04,4,0.618206,False,True,1
-0.04,4,0.618371,False,True,1
-0.04,4,0.618533,False,True,1
-0.01,1,0.618588,False,True,1
-0.03,3,0.618795,False,True,1
-0.06,6,0.619068,False,True,1
-0.02,2,0.619156,False,True,1
-0.15,15,0.619694,False,True,1
-0.02,2,0.619845,False,True,1
-0.03,3,0.619986,False,True,1
-0.01,1,0.620045,False,True,1
-0.2,20,0.620749,False,True,1
-0.01,1,0.620886,False,True,1
-0.09,9,0.621231,False,True,1
-0.02,2,0.621317,False,True,1
-0.23,23,0.622148,False,True,1
-0.01,1,0.622263,False,True,1
-0.03,3,0.622407,False,True,1
-0.17,17,0.623279,False,True,1
-0.09,9,0.623777,False,True,1
-0.02,2,0.624003,False,True,1
-0.01,1,0.624096,False,True,1
-0.08,8,0.624522,False,True,1
-0.03,3,0.624689,False,True,1
-0.01,1,0.624892,False,True,1
-0.11,11,0.625504,False,True,1
-0.04,4,0.625713,False,True,1
1.94,6,0.625972,False,True,3
-0.04,4,0.626268,False,True,1
-0.04,4,0.626449,False,True,1
-0.11,11,0.626854,False,True,1
-0.01,1,0.626935,False,True,1
-0.05,5,0.627222,False,True,1
-0.03,3,0.627362,False,True,1
-0.07,7,0.627623,False,True,1
1.9,10,0.628018,False,True,3
-0.06,6,0.628324,False,True,1
-0.01,1,0.628406,False,True,1
-0.08,8,0.628713,False,True,1
-0.09,9,0.629045,False,True,1
-0.08,8,0.629428,False,True,1
-0.08,8,0.629756,False,True,1
-0.04,4,0.629932,False,True,1
-0.07,7,0.630217,False,True,1
-0.02,2,0.630376,False,True,1
-0.08,8,0.63071,False,True,1
0.88,12,0.63117,False,True,2
-0.26,26,0.63211,False,True,1
-0.02,2,0.632265,False,True,1
-0.03,3,0.632412,False,True,1
-0.07,7,0.632686,False,True,1
-0.1,10,0.633211,False,True,1
-0.09,9,0.63379,False,True,1
-0.05,5,0.634047,False,True,1
-0.12,12,0.634505,False,True,1
1.86,14,0.635086,False,True,3
-0.08,8,0.63564,False,True,1
-0.12,12,0.636112,False,True,1
-0.03,3,0.636257,False,True,1
-0.06,6,0.636487,False,True,1
-0.06,6,0.636828,False,True,1
-0.02,2,0.636918,False,True,1
1.85,15,0.637492,False,True,3
-0.01,1,0.637554,False,True,1
0.93,7,0.637946,False,True,2
-0.01,1,0.63801,False,True,1
-0.04,4,0.638186,False,True,1
-0.03,3,0.638334,False,True,1
-0.07,7,0.638701,False,True,1
-0.06,6,0.63895,False,True,1
-0.01,1,0.639031,False,True,1
-0.03,3,0.63916,False,True,1
-0.02,2,0.639336,False,True,1
-0.03,3,0.639484,False,True,1
-0.12,12,0.639988,False,True,1
-0.1,10,0.64043,False,True,1
-0.04,4,0.640736,False,True,1
-0.05,5,0.640967,False,True,1
-0.03,3,0.641116,False,True,1
-0.03,3,0.641264,False,True,1
-0.03,3,0.641505,False,True,1
-0.01,1,0.641568,False,True,1
-0.05,5,0.641774,False,True,1
-0.06,6,0.642024,False,True,1
-0.09,9,0.642446,False,True,1
-0.02,2,0.642531,False,True,1
-0.11,11,0.642949,False,True,1
1.86,14,0.643466,False,True,3
-0.03,3,0.643661,False,True,1
-0.04,4,0.643859,False,True,1
-0.13,13,0.644387,False,True,1
-0.09,9,0.644731,False,True,1
-0.07,7,0.645154,False,True,1
-0.04,4,0.645338,False,True,1
-0.03,3,0.645481,False,True,1
-0.06,6,0.645755,False,True,1
-0.01,1,0.645877,False,True,1
0.96,4,0.646073,False,True,2
-0.02,2,0.646192,False,True,1
-0.05,5,0.646399,False,True,1
-0.07,7,0.646756,False,True,1
-0.01,1,0.646818,False,True,1
-0.02,2,0.646904,False,True,1
-0.02,2,0.647013,False,True,1
-0.02,2,0.647167,False,True,1
-0.01,1,0.647245,False,True,1
-0.06,6,0.647475,False,True,1
0.84,16,0.648068,False,True,2
-0.04,4,0.648337,False,True,1
-0.04,4,0.648523,False,True,1
-0.05,5,0.648732,False,True,1
-0.11,11,0.649163,False,True,1
-0.01,1,0.649294,False,True,1
-0.09,9,0.649678,False,True,1
-0.08,8,0.649999,False,True,1
-0.14,14,0.650516,False,True,1
-0.07,7,0.650873,False,True,1
-0.02,2,0.650962,False,True,1
-0.17,17,0.651581,False,True,1
-0.01,1,0.651641,False,True,1
-0.02,2,0.65181,False,True,1
-0.02,2,0.651955,False,True,1
-0.06,6,0.652208,False,True,1
-0.12,12,0.652686,False,True,1
-0.01,1,0.652828,False,True,1
-0.07,7,0.653102,False,True,1
-0.01,1,0.653183,False,True,1
-0.06,6,0.653415,False,True,1
-0.02,2,0.653599,False,True,1
-0.04,4,0.65378,False,True,1
-0.01,1,0.653839,False,True,1
-0.07,7,0.654124,False,True,1
-0.02,2,0.654283,False,True,1
-0.03,3,0.654529,False,True,1
-0.06,6,0.654826,False,True,1
-0.05,5,0.655055,False,True,1
-0.14,14,0.655679,False,True,1
1.82,18,0.656368,False,True,3
-0.02,2,0.656455,False,True,1
0.91,9,0.656794,False,True,2
-0.01,1,0.656944,False,True,1
-0.04,4,0.657129,False,True,1
-0.02,2,0.657221,False,True,1
-0.04,4,0.657389,False,True,1
-0.04,4,0.657623,False,True,1
-0.01,1,0.657683,False,True,1
-0.01,1,0.657763,False,True,1
-0.06,6,0.65799,False,True,1
-0.12,12,0.658494,False,True,1
-0.21,21,0.659542,False,True,1
-0.14,14,0.660065,False,True,1
-0.03,3,0.660204,False,True,1
-0.19,19,0.660961,False,True,1
-0.01,1,0.661045,False,True,1
-0.04,4,0.661215,False,True,1
-0.05,5,0.661415,False,True,1
-0.07,7,0.661897,False,True,1
-0.06,6,0.66216,False,True,1
-0.01,1,0.66222,False,True,1
0.96,4,0.662431,False,True,2
-0.02,2,0.662651,False,True,1
-0.03,3,0.662795,False,True,1
-0.05,5,0.66302,False,True,1
-0.18,18,0.663697,False,True,1
-0.04,4,0.663945,False,True,1
-0.03,3,0.664084,False,True,1
-0.06,6,0.664331,False,True,1
-0.02,2,0.664417,False,True,1
-0.07,7,0.664855,False,True,1
-0.07,7,0.665142,False,True,1
-0.13,13,0.665631,False,True,1
-0.1,10,0.666005,False,True,1
-0.1,10,0.666581,False,True,1
-0.04,4,0.666763,False,True,1
-0.09,9,0.667108,False,True,1
-0.05,5,0.667309,False,True,1
9.86,14,0.667924,True,False,5
-0.01,1,0.667984,False,True,1
-0.01,1,0.668043,False,True,1
-0.09,9,0.668397,False,True,1
-0.01,1,0.668516,False,True,1
-0.06,6,0.668756,False,True,1
-0.07,7,0.669095,False,True,1
-0.09,9,0.669442,False,True,1
-0.02,2,0.669627,False,True,1
-0.01,1,0.669687,False,True,1
-0.14,14,0.67021,False,True,1
-0.04,4,0.670383,False,True,1
-0.01,1,0.670501,False,True,1
9.8,20,0.671238,True,False,5
-0.09,9,0.671572,False,True,1
-0.03,3,0.671712,False,True,1
-0.05,5,0.671977,False,True,1
-0.01,1,0.672034,False,True,1
-0.04,4,0.672212,False,True,1
-0.26,26,0.673143,False,True,1
-0.01,1,0.673267,False,True,1
-0.09,9,0.673602,False,True,1
-0.15,15,0.674171,False,True,1
-0.07,7,0.674451,False,True,1
-0.02,2,0.674602,False,True,1
1.96,4,0.674779,False,True,3
-0.01,1,0.674858,False,True,1
-0.09,9,0.675207,False,True,1
-0.04,4,0.675443,False,True,1
-0.04,4,0.675614,False,True,1
0.94,6,0.675849,False,True,2
1.96,4,0.676025,False,True,3
-0.02,2,0.676198,False,True,1
-0.04,4,0.676368,False,True,1
-0.07,7,0.676642,False,True,1
-0.06,6,0.676864,False,True,1
-0.06,6,0.677174,False,True,1
-0.05,5,0.677371,False,True,1
-0.09,9,0.677695,False,True,1
-0.17,17,0.678291,False,True,1
-0.01,1,0.678425,False,True,1
-0.04,4,0.678601,False,True,1
-0.13,13,0.679317,False,True,1
-0.07,7,0.679641,False,True,1
-0.09,9,0.680104,False,True,1
-0.09,9,0.680452,False,True,1
-0.01,1,0.680509,False,True,1
-0.08,8,0.680818,False,True,1
-0.08,8,0.681207,False,True,1
-0.01,1,0.681291,False,True,1
-0.06,6,0.681531,False,True,1
1.93,7,0.681811,False,True,3
-0.03,3,0.682082,False,True,1
-0.09,9,0.682512,False,True,1
-0.04,4,0.682705,False,True,1
-0.19,19,0.683408,False,True,1
-0.12,12,0.683962,False,True,1
-0.12,12,0.684403,False,True,1
-0.17,17,0.685001,False,True,1
-0.06,6,0.685247,False,True,1
-0.01,1,0.685404,False,True,1
0.91,9,0.68584,False,True,2
-0.01,1,0.685909,False,True,1
-0.01,1,0.68597,False,True,1
-0.04,4,0.686241,False,True,1
-0.01,1,0.686328,False,True,1
0.92,8,0.686655,False,True,2
-0.3,30,0.688057,False,True,1
-0.01,1,0.688262,False,True,1
-0.02,2,0.688384,False,True,1
-0.04,4,0.688558,False,True,1
-0.02,2,0.688651,False,True,1
-0.04,4,0.68896,False,True,1
-0.09,9,0.689343,False,True,1
-0.02,2,0.689435,False,True,1
-0.03,3,0.689577,False,True,1
-0.15,15,0.690236,False,True,1
-0.05,5,0.690445,False,True,1
-0.01,1,0.690506,False,True,1
-0.01,1,0.69056,False,True,1
-0.01,1,0.690698,False,True,1
-0.07,7,0.690974,False,True,1
-0.02,2,0.691083,False,True,1
-0.04,4,0.691257,False,True,1
-0.01,1,0.691484,False,True,1
-0.03,3,0.691647,False,True,1
-0.09,9,0.691996,False,True,1
-0.01,1,0.692054,False,True,1
-0.04,4,0.692304,False,True,1
1.67,33,0.693502,False,True,3
-0.03,3,0.69362,False,True,1
-0.18,18,0.694263,False,True,1
-0.03,3,0.694472,False,True,1
-0.02,2,0.694563,False,True,1
-0.09,9,0.694896,False,True,1
-0.08,8,0.695201,False,True,1
-0.03,3,0.695402,False,True,1
-0.04,4,0.695573,False,True,1
-0.12,12,0.696024,False,True,1
-0.02,2,0.696142,False,True,1
-0.03,3,0.696338,False,True,1
-0.02,2,0.696451,False,True,1
-0.04,4,0.696616,False,True,1
-0.06,6,0.696837,False,True,1
-0.05,5,0.697245,False,True,1
-0.02,2,0.697343,False,True,1
-0.01,1,0.697401,False,True,1
-0.11,11,0.697819,False,True,1
0.95,5,0.69824,False,True,2
-0.01,1,0.698321,False,True,1
-0.05,5,0.698527,False,True,1
-0.01,1,0.698591,False,True,1
-0.04,4,0.698849,False,True,1
-0.07,7,0.699165,False,True,1
-0.04,4,0.699438,False,True,1
-0.06,6,0.699686,False,True,1
-0.02,2,0.699937,False,True,1
1.86,14,0.700484,False,True,3
-0.02,2,0.7006,False,True,1
-0.07,7,0.700882,False,True,1
-0.04,4,0.701213,False,True,1
-0.06,6,0.701489,False,True,1
-0.08,8,0.701816,False,True,1
-0.1,10,0.702223,False,True,1
-0.08,8,0.702716,False,True,1
-0.05,5,0.702924,False,True,1
-0.05,5,0.703136,False,True,1
-0.04,4,0.70331,False,True,1
-0.06,6,0.703695,False,True,1
-0.11,11,0.704132,False,True,1
-0.04,4,0.704964,False,True,1
-0.02,2,0.705126,False,True,1
-0.03,3,0.705399,False,True,1
-0.09,9,0.705864,False,True,1
-0.02,2,0.705967,False,True,1
-0.06,6,0.706234,False,True,1
-0.12,12,0.706818,False,True,1
-0.03,3,0.707296,False,True,1
0.91,9,0.707818,False,True,2
-0.06,6,0.708161,False,True,1
-0.08,8,0.708584,False,True,1
-0.08,8,0.708892,False,True,1
-0.04,4,0.709056,False,True,1
1.82,18,0.709719,False,True,3
1.94,6,0.710016,False,True,3
-0.08,8,0.710322,False,True,1
-0.01,1,0.710402,False,True,1
-0.04,4,0.710571,False,True,1
-0.01,1,0.710691,False,True,1
-0.08,8,0.711057,False,True,1
-0.1,10,0.711433,False,True,1
-0.03,3,0.711584,False,True,1
-0.05,5,0.711864,False,True,1
-0.06,6,0.712118,False,True,1
-0.04,4,0.712298,False,True,1
-0.01,1,0.712354,False,True,1
-0.1,10,0.712971,False,True,1
-0.16,16,0.713732,False,True,1
1.95,5,0.713953,False,True,3
-0.03,3,0.714116,False,True,1
-0.05,5,0.714427,False,True,1
-0.02,2,0.71452,False,True,1
1.9,10,0.714993,False,True,3
-0.05,5,0.715238,False,True,1
-0.08,8,0.715827,False,True,1
-0.04,4,0.716009,False,True,1
-0.04,4,0.716181,False,True,1
-0.02,2,0.716294,False,True,1
-0.03,3,0.716497,False,True,1
-0.04,4,0.716668,False,True,1
-0.05,5,0.716894,False,True,1
-0.01,1,0.716948,False,True,1
-0.07,7,0.717296,False,True,1
-0.14,14,0.717807,False,True,1
-0.1,10,0.718196,False,True,1
-0.01,1,0.718255,False,True,1
-0.06,6,0.718555,False,True,1
-0.02,2,0.718672,False,True,1
-0.01,1,0.718724,False,True,1
-0.02,2,0.718832,False,True,1
0.9,10,0.719298,False,True,2
-0.06,6,0.719549,False,True,1
-0.46,46,0.721446,False,True,1
-0.04,4,0.72168,False,True,1
-0.14,14,0.722602,False,True,1
-0.13,13,0.723221,False,True,1
-0.1,10,0.723706,False,True,1
-0.06,6,0.723961,False,True,1
-0.09,9,0.724413,False,True,1
-0.05,5,0.724615,False,True,1
-0.02,2,0.724732,False,True,1
-0.01,1,0.72479,False,True,1
-0.02,2,0.724965,False,True,1
-0.09,9,0.725444,False,True,1
-0.07,7,0.725825,False,True,1
-0.06,6,0.726077,False,True,1
-0.14,14,0.726838,False,True,1
-0.15,15,0.72739,False,True,1
-0.03,3,0.727547,False,True,1
-0.01,1,0.727606,False,True,1
-0.01,1,0.727761,False,True,1
-0.05,5,0.727973,False,True,1
-0.04,4,0.728144,False,True,1
-0.02,2,0.728233,False,True,1
-0.03,3,0.728437,False,True,1
-0.01,1,0.728494,False,True,1
-0.04,4,0.728668,False,True,1
-0.04,4,0.728843,False,True,1
-0.05,5,0.729155,False,True,1
-0.02,2,0.729253,False,True,1
-0.09,9,0.729586,False,True,1
-0.02,2,0.729699,False,True,1
-0.09,9,0.730119,False,True,1
-0.01,1,0.730176,False,True,1
-0.03,3,0.730312,False,True,1
1.78,22,0.731121,False,True,3
-0.03,3,0.73131,False,True,1
-0.02,2,0.731426,False,True,1
-0.11,11,0.731851,False,True,1
-0.05,5,0.732048,False,True,1
-0.04,4,0.732283,False,True,1
-0.06,6,0.732508,False,True,1
-0.07,7,0.732788,False,True,1
-0.11,11,0.733197,False,True,1
-0.01,1,0.733315,False,True,1
-0.04,4,0.733498,False,True,1
-0.08,8,0.733806,False,True,1
-0.02,2,0.733913,False,True,1
9.89,11,0.734386,True,False,5
-0.04,4,0.73456,False,True,1
1.93,7,0.734853,False,True,3
-0.03,3,0.735002,False,True,1
-0.07,7,0.735464,False,True,1
-0.04,4,0.735738,False,True,1
-0.12,12,0.736212,False,True,1
-0.01,1,0.736283,False,True,1
-0.11,11,0.736863,False,True,1
-0.09,9,0.737218,False,True,1
1.77,23,0.73814,False,True,3
-0.01,1,0.738215,False,True,1
-0.05,5,0.738507,False,True,1
-0.08,8,0.738825,False,True,1
-0.03,3,0.738966,False,True,1
-0.01,1,0.739021,False,True,1
-0.1,10,0.739477,False,True,1
-0.07,7,0.739752,False,True,1
-0.05,5,0.739976,False,True,1
-0.03,3,0.740094,False,True,1
-0.06,6,0.740425,False,True,1
0.97,3,0.740565,False,True,2
-0.04,4,0.740732,False,True,1
1.95,5,0.740931,False,True,3
-0.1,10,0.741376,False,True,1
-0.01,1,0.741459,False,True,1
-0.02,2,0.741546,False,True,1
-0.02,2,0.741654,False,True,1
-0.03,3,0.74184,False,True,1
-0.06,6,0.742094,False,True,1
-0.1,10,0.742451,False,True,1
-0.04,4,0.742616,False,True,1
-0.12,12,0.743126,False,True,1
-0.01,1,0.743201,False,True,1
-0.01,1,0.74326,False,True,1
0.92,8,0.743564,False,True,2
-0.01,1,0.743681,False,True,1
1.86,14,0.744206,False,True,3
-0.07,7,0.74446,False,True,1
0.92,8,0.744761,False,True,2
-0.11,11,0.745352,False,True,1
-0.1,10,0.745916,False,True,1
-0.13,13,0.746403,False,True,1
-0.01,1,0.746466,False,True,1
-0.01,1,0.7466,False,True,1
-0.04,4,0.746788,False,True,1
-0.22,22,0.747599,False,True,1
-0.01,1,0.747661,False,True,1
-0.04,4,0.747896,False,True,1
1.92,8,0.748204,False,True,3
-0.05,5,0.748407,False,True,1
-0.01,1,0.748487,False,True,1
-0.08,8,0.748872,False,True,1
-0.01,1,0.74893,False,True,1
-0.18,18,0.749824,False,True,1
-0.02,2,0.749975,False,True,1
-0.16,16,0.750755,False,True,1
-0.02,2,0.750857,False,True,1
-0.04,4,0.751031,False,True,1
-0.02,2,0.751144,False,True,1
-0.11,11,0.751658,False,True,1
-0.05,5,0.751862,False,True,1
-0.08,8,0.752483,False,True,1
-0.18,18,0.753149,False,True,1
-0.03,3,0.753464,False,True,1
-0.11,11,0.753966,False,True,1
-0.1,10,0.754356,False,True,1
-0.04,4,0.754527,False,True,1
-0.02,2,0.754748,False,True,1
-0.05,5,0.754949,False,True,1
-0.09,9,0.755279,False,True,1
-0.08,8,0.755579,False,True,1
-0.04,4,0.755817,False,True,1
-0.03,3,0.755956,False,True,1
-0.04,4,0.75612,False,True,1
-0.07,7,0.756392,False,True,1
-0.04,4,0.756624,False,True,1
-0.11,11,0.757046,False,True,1
-0.02,2,0.757134,False,True,1
-0.12,12,0.757586,False,True,1
-0.13,13,0.758129,False,True,1
-0.08,8,0.758443,False,True,1
-0.03,3,0.758605,False,True,1
-0.23,23,0.759414,False,True,1
-0.01,1,0.759532,False,True,1
-0.05,5,0.759737,False,True,1
-0.07,7,0.760014,False,True,1
-0.04,4,0.760181,False,True,1
-0.05,5,0.760449,False,True,1
1.83,17,0.761077,False,True,3
-0.06,6,0.761302,False,True,1
-0.09,9,0.761629,False,True,1
-0.08,8,0.761999,False,True,1
-0.17,17,0.762799,False,True,1
-0.08,8,0.763157,False,True,1
0.88,12,0.763613,False,True,2
1.9,10,0.764127,False,True,3
-0.13,13,0.764622,False,True,1
-0.06,6,0.764869,False,True,1
-0.02,2,0.764955,False,True,1
-0.15,15,0.765629,False,True,1
-0.03,3,0.765773,False,True,1
-0.01,1,0.765828,False,True,1
-0.22,22,0.766631,False,True,1
-0.16,16,0.767303,False,True,1
-0.04,4,0.767473,False,True,1
-0.01,1,0.767526,False,True,1
-0.07,7,0.767798,False,True,1
-0.02,2,0.767948,False,True,1
-0.01,1,0.768003,False,True,1
-0.02,2,0.768117,False,True,1
-0.03,3,0.768256,False,True,1
-0.01,1,0.768368,False,True,1
-0.03,3,0.768511,False,True,1
0.96,4,0.768677,False,True,2
-0.16,16,0.769245,False,True,1
-0.05,5,0.769507,False,True,1
-0.04,4,0.769683,False,True,1
-0.11,11,0.770088,False,True,1
-0.02,2,0.770173,False,True,1
-0.08,8,0.770544,False,True,1
-0.05,5,0.77075,False,True,1
-0.02,2,0.770863,False,True,1
-0.17,17,0.771472,False,True,1
-0.15,15,0.772087,False,True,1
-0.04,4,0.772315,False,True,1
-0.04,4,0.772579,False,True,1
-0.06,6,0.772819,False,True,1
-0.01,1,0.77302,False,True,1
-0.05,5,0.773228,False,True,1
-0.02,2,0.773316,False,True,1
-0.01,1,0.773393,False,True,1
-0.13,13,0.774005,False,True,1
-0.05,5,0.774214,False,True,1
-0.01,1,0.77427,False,True,1
-0.07,7,0.774546,False,True,1
-0.02,2,0.774732,False,True,1
-0.01,1,0.774793,False,True,1
-0.01,1,0.774848,False,True,1
-0.08,8,0.775154,False,True,1
-0.02,2,0.775321,False,True,1
-0.01,1,0.775379,False,True,1
-0.01,1,0.775432,False,True,1
-0.01,1,0.775484,False,True,1
-0.06,6,0.775798,False,True,1
-0.07,7,0.77608,False,True,1
-0.02,2,0.776164,False,True,1
-0.08,8,0.776507,False,True,1
0.9,10,0.776959,False,True,2
0.95,5,0.777161,False,True,2
1.94,6,0.777388,False,True,3
1.89,11,0.77782,False,True,3
-0.02,2,0.77799,False,True,1
-0.12,12,0.778437,False,True,1
-0.03,3,0.778555,False,True,1
-0.05,5,0.778772,False,True,1
-0.35,35,0.780069,False,True,1
1.91,9,0.780442,False,True,3
-0.01,1,0.780498,False,True,1
-0.09,9,0.780834,False,True,1
-0.02,2,0.781011,False,True,1
9.79,21,0.781761,True,False,5
-0.29,29,0.782987,False,True,1
-0.02,2,0.783152,False,True,1
-0.05,5,0.783542,False,True,1
0.97,3,0.783694,False,True,2
-0.07,7,0.783957,False,True,1
0.91,9,0.784328,False,True,2
-0.01,1,0.784453,False,True,1
-0.04,4,0.784721,False,True,1
-0.12,12,0.785202,False,True,1
0.75,25,0.786327,False,True,2
-0.01,1,0.786483,False,True,1
-0.12,12,0.7871,False,True,1
-0.04,4,0.787325,False,True,1
-0.01,1,0.787418,False,True,1
-0.03,3,0.787674,False,True,1
-0.04,4,0.787871,False,True,1
-0.01,1,0.787957,False,True,1
-0.03,3,0.788085,False,True,1
-0.01,1,0.788423,False,True,1
1.91,9,0.789053,False,True,3
-0.03,3,0.789266,False,True,1
-0.04,4,0.78945,False,True,1
-0.03,3,0.789686,False,True,1
2.93,7,0.789984,False,True,4
-0.07,7,0.790271,False,True,1
-0.07,7,0.790707,False,True,1
-0.07,7,0.791392,False,True,1
-0.05,5,0.791761,False,True,1
-0.07,7,0.792058,False,True,1
-0.05,5,0.792295,False,True,1
-0.03,3,0.79255,False,True,1
-0.01,1,0.792641,False,True,1
-0.03,3,0.792779,False,True,1
-0.02,2,0.792901,False,True,1
-0.22,22,0.793819,False,True,1
0.97,3,0.793996,False,True,2
-0.04,4,0.794175,False,True,1
-0.03,3,0.794326,False,True,1
-0.05,5,0.794656,False,True,1
-0.07,7,0.795056,False,True,1
-0.04,4,0.795296,False,True,1
-0.05,5,0.795516,False,True,1
-0.05,5,0.79598,False,True,1
-0.03,3,0.796218,False,True,1
-0.04,4,0.796405,False,True,1
-0.04,4,0.796574,False,True,1
-0.04,4,0.796836,False,True,1
-0.01,1,0.796897,False,True,1
-0.01,1,0.796972,False,True,1
-0.01,1,0.797027,False,True,1
-0.01,1,0.797144,False,True,1
-0.13,13,0.797644,False,True,1
-0.02,2,0.79775,False,True,1
-0.13,13,0.798227,False,True,1
-0.06,6,0.798935,False,True,1
1.91,9,0.799387,False,True,3
-0.05,5,0.7996,False,True,1
-0.03,3,0.79975,False,True,1
-0.02,2,0.799993,False,True,1
-0.07,7,0.800287,False,True,1
-0.04,4,0.800475,False,True,1
-0.03,3,0.800631,False,True,1
-0.13,13,0.801214,False,True,1
-0.08,8,0.801549,False,True,1
-0.07,7,0.801827,False,True,1
-0.05,5,0.802035,False,True,1
0.94,6,0.802487,False,True,2
-0.02,2,0.802601,False,True,1
-0.03,3,0.802756,False,True,1
-0.01,1,0.802819,False,True,1
-0.01,1,0.802975,False,True,1
-0.04,4,0.803159,False,True,1
-0.02,2,0.803275,False,True,1
-0.03,3,0.803414,False,True,1
-0.01,1,0.803534,False,True,1
-0.08,8,0.803858,False,True,1
-0.15,15,0.804439,False,True,1
-0.07,7,0.804709,False,True,1
-0.02,2,0.805199,False,True,1
-0.02,2,0.805389,False,True,1
-0.07,7,0.805864,False,True,1
-0.04,4,0.806144,False,True,1
-0.07,7,0.806564,False,True,1
-0.01,1,0.806647,False,True,1
-0.09,9,0.806982,False,True,1
-0.02,2,0.807096,False,True,1
-0.03,3,0.807316,False,True,1
-0.16,16,0.807908,False,True,1
-0.03,3,0.808027,False,True,1
-0.03,3,0.808165,False,True,1
-0.02,2,0.808341,False,True,1
-0.1,10,0.808716,False,True,1
-0.06,6,0.809039,False,True,1
-0.02,2,0.809193,False,True,1
-0.16,16,0.810022,False,True,1
-0.04,4,0.810197,False,True,1
-0.31,31,0.811282,False,True,1
-0.04,4,0.81145,False,True,1
-0.04,4,0.811705,False,True,1
-0.05,5,0.811913,False,True,1
0.96,4,0.812081,False,True,2
-0.02,2,0.812189,False,True,1
-0.07,7,0.812524,False,True,1
-0.03,3,0.812671,False,True,1
-0.05,5,0.812872,False,True,1
-0.11,11,0.813279,False,True,1
-0.02,2,0.813458,False,True,1
-0.02,2,0.813553,False,True,1
-0.04,4,0.813721,False,True,1
-0.03,3,0.813859,False,True,1
-0.05,5,0.814129,False,True,1
-0.15,15,0.814682,False,True,1
-0.03,3,0.81482,False,True,1
-0.04,4,0.814991,False,True,1
-0.12,12,0.815522,False,True,1
0.86,14,0.816034,False,True,2
-0.1,10,0.816434,False,True,1
-0.05,5,0.816655,False,True,1
-0.05,5,0.816937,False,True,1
-0.03,3,0.817078,False,True,1
-0.02,2,0.817173,False,True,1
-0.13,13,0.817659,False,True,1
-0.02,2,0.817813,False,True,1
-0.23,23,0.818632,False,True,1
-0.05,5,0.818828,False,True,1
-0.09,9,0.819357,False,True,1
-0.04,4,0.819816,False,True,1
-0.01,1,0.819935,False,True,1
-0.01,1,0.820005,False,True,1
-0.01,1,0.820067,False,True,1
-0.07,7,0.820473,False,True,1
-0.01,1,0.820538,False,True,1
-0.02,2,0.820653,False,True,1
-0.05,5,0.820861,False,True,1
-0.06,6,0.821179,False,True,1
-0.19,19,0.821944,False,True,1
0.92,8,0.822267,False,True,2
-0.08,8,0.822568,False,True,1
-0.01,1,0.822691,False,True,1
-0.07,7,0.822977,False,True,1
-0.16,16,0.823557,False,True,1
-0.04,4,0.823722,False,True,1
-0.02,2,0.823893,False,True,1
-0.01,1,0.823949,False,True,1
-0.04,4,0.824119,False,True,1
-0.23,23,0.824926,False,True,1
-0.01,1,0.825047,False,True,1
1.95,5,0.825262,False,True,3
-0.06,6,0.825511,False,True,1
-0.02,2,0.825599,False,True,1
-0.03,3,0.825801,False,True,1
-0.03,3,0.825941,False,True,1
0.96,4,0.826107,False,True,2
-0.01,1,0.826163,False,True,1
-0.07,7,0.826507,False,True,1
-0.01,1,0.826564,False,True,1
-0.02,2,0.826653,False,True,1
-0.09,9,0.827002,False,True,1
-0.01,1,0.827123,False,True,1
-0.1,10,0.827492,False,True,1
-0.09,9,0.827845,False,True,1
-0.12,12,0.828284,False,True,1
-0.06,6,0.828578,False,True,1
-0.02,2,0.828692,False,True,1
-0.04,4,0.82886,False,True,1
1.93,7,0.82925,False,True,3
-0.1,10,0.829943,False,True,1
-0.07,7,0.830238,False,True,1
0.87,13,0.83071,False,True,2
-0.01,1,0.830773,False,True,1
-0.03,3,0.83101,False,True,1
-0.01,1,0.831073,False,True,1
-0.02,2,0.831183,False,True,1
-0.04,4,0.831351,False,True,1
-0.11,11,0.831813,False,True,1
-0.11,11,0.832288,False,True,1
-0.02,2,0.832401,False,True,1
1.87,13,0.832893,False,True,3
-0.08,8,0.833264,False,True,1
-0.01,1,0.83332,False,True,1
-0.11,11,0.833728,False,True,1
-0.01,1,0.833784,False,True,1
-0.06,6,0.834094,False,True,1
0.75,25,0.834964,False,True,2
-0.06,6,0.835185,False,True,1
-0.03,3,0.835327,False,True,1
-0.13,13,0.835876,False,True,1
-0.02,2,0.835983,False,True,1
-0.06,6,0.836208,False,True,1
-0.15,15,0.836746,False,True,1
-0.15,15,0.837366,False,True,1
-0.02,2,0.837451,False,True,1
-0.01,1,0.837525,False,True,1
-0.14,14,0.838022,False,True,1
-0.17,17,0.838687,False,True,1
-0.02,2,0.838798,False,True,1
-0.02,2,0.838882,False,True,1
-0.03,3,0.839016,False,True,1
-0.01,1,0.83926,False,True,1
-0.07,7,0.839637,False,True,1
0.86,14,0.840198,False,True,2
-0.01,1,0.840258,False,True,1
-0.02,2,0.840525,False,True,1
-0.02,2,0.840676,False,True,1
-0.01,1,0.840737,False,True,1
-0.13,13,0.841234,False,True,1
-0.02,2,0.841418,False,True,1
-0.05,5,0.841622,False,True,1
-0.02,2,0.841734,False,True,1
-0.02,2,0.841826,False,True,1
-0.02,2,0.842003,False,True,1
-0.03,3,0.842126,False,True,1
-0.05,5,0.842348,False,True,1
-0.02,2,0.842436,False,True,1
-0.12,12,0.842953,False,True,1
-0.02,2,0.843063,False,True,1
-0.02,2,0.843151,False,True,1
-0.06,6,0.8434,False,True,1
-0.05,5,0.843668,False,True,1
-0.01,1,0.843727,False,True,1
-0.06,6,0.843972,False,True,1
-0.04,4,0.844142,False,True,1
-0.03,3,0.844324,False,True,1
-0.04,4,0.844496,False,True,1
-0.07,7,0.844771,False,True,1
-0.05,5,0.845249,False,True,1
-0.15,15,0.845892,False,True,1
-0.08,8,0.846208,False,True,1
-0.14,14,0.84676,False,True,1
-0.02,2,0.846849,False,True,1
-0.13,13,0.847399,False,True,1
-0.02,2,0.847514,False,True,1
-0.05,5,0.847714,False,True,1
-0.13,13,0.848191,False,True,1
-0.14,14,0.848774,False,True,1
-0.01,1,0.848831,False,True,1
-0.06,6,0.849075,False,True,1
-0.04,4,0.849245,False,True,1
-0.01,1,0.849361,False,True,1
0.91,9,0.849714,False,True,2
1.92,8,0.850017,False,True,3
-0.15,15,0.85056,False,True,1
-0.05,5,0.850821,False,True,1
-0.11,11,0.851238,False,True,1
-0.08,8,0.851561,False,True,1
-0.01,1,0.851616,False,True,1
-0.07,7,0.851966,False,True,1
-0.11,11,0.852395,False,True,1
-0.01,1,0.852454,False,True,1
-0.06,6,0.852683,False,True,1
-0.03,3,0.852884,False,True,1
-0.07,7,0.853177,False,True,1
-0.04,4,0.853344,False,True,1
-0.01,1,0.853399,False,True,1
-0.02,2,0.853566,False,True,1
-0.07,7,0.853828,False,True,1
-0.05,5,0.854043,False,True,1
-0.03,3,0.854156,False,True,1
-0.04,4,0.854384,False,True,1
-0.05,5,0.854608,False,True,1
-0.06,6,0.854835,False,True,1
0.93,7,0.855238,False,True,2
-0.07,7,0.855773,False,True,1
-0.07,7,0.856054,False,True,1
-0.01,1,0.856136,False,True,1
-0.03,3,0.856257,False,True,1
-0.1,10,0.856755,False,True,1
-0.11,11,0.857175,False,True,1
-0.08,8,0.857484,False,True,1
-0.16,16,0.85808,False,True,1
-0.22,22,0.858913,False,True,1
-0.04,4,0.859086,False,True,1
-0.1,10,0.859469,False,True,1
-0.02,2,0.859554,False,True,1
-0.09,9,0.859959,False,True,1
-0.16,16,0.860533,False,True,1
-0.17,17,0.861162,False,True,1
-0.05,5,0.861358,False,True,1
-0.15,15,0.861965,False,True,1
-0.03,3,0.862087,False,True,1
-0.01,1,0.862163,False,True,1
-0.01,1,0.862217,False,True,1
-0.03,3,0.862432,False,True,1
-0.01,1,0.86249,False,True,1
-0.01,1,0.862548,False,True,1
-0.04,4,0.86272,False,True,1
-0.08,8,0.863102,False,True,1
-0.06,6,0.863377,False,True,1
-0.07,7,0.86363,False,True,1
-0.1,10,0.864001,False,True,1
-0.01,1,0.86412,False,True,1
-0.03,3,0.864264,False,True,1
-0.03,3,0.864397,False,True,1
-0.05,5,0.864597,False,True,1
1.89,11,0.865096,False,True,3
-0.05,5,0.865412,False,True,1
-0.09,9,0.865783,False,True,1
-0.06,6,0.866031,False,True,1
-0.05,5,0.8664,False,True,1
-0.01,1,0.866509,False,True,1
-0.02,2,0.866624,False,True,1
-0.01,1,0.866681,False,True,1
-0.04,4,0.866966,False,True,1
-0.02,2,0.867093,False,True,1
-0.06,6,0.867359,False,True,1
-0.14,14,0.867875,False,True,1
-0.03,3,0.868128,False,True,1
-0.03,3,0.868275,False,True,1
-0.03,3,0.868413,False,True,1
-0.05,5,0.868609,False,True,1
-0.09,9,0.869031,False,True,1
-0.03,3,0.869168,False,True,1
-0.07,7,0.869433,False,True,1
0.93,7,0.869687,False,True,2
-0.05,5,0.869971,False,True,1
-0.03,3,0.87009,False,True,1
-0.1,10,0.870473,False,True,1
-0.03,3,0.870617,False,True,1
-0.02,2,0.870773,False,True,1
-0.01,1,0.870831,False,True,1
-0.01,1,0.870916,False,True,1
-0.02,2,0.871005,False,True,1
-0.02,2,0.87117,False,True,1
-0.05,5,0.871369,False,True,1
-0.05,5,0.87157,False,True,1
-0.21,21,0.872298,False,True,1
-0.04,4,0.872529,False,True,1
-0.04,4,0.872722,False,True,1
-0.11,11,0.873134,False,True,1
-0.02,2,0.873241,False,True,1
-0.05,5,0.873508,False,True,1
-0.02,2,0.873597,False,True,1
-0.02,2,0.873745,False,True,1
0.89,11,0.874406,False,True,2
-0.04,4,0.874749,False,True,1
-0.08,8,0.875121,False,True,1
-0.17,17,0.875926,False,True,1
-0.08,8,0.876241,False,True,1
-0.04,4,0.876505,False,True,1
-0.24,24,0.877378,False,True,1
-0.01,1,0.877436,False,True,1
-0.01,1,0.877494,False,True,1
-0.19,19,0.878284,False,True,1
-0.06,6,0.878546,False,True,1
-0.08,8,0.87886,False,True,1
-0.07,7,0.879126,False,True,1
-0.03,3,0.87936,False,True,1
-0.09,9,0.879865,False,True,1
1.82,18,0.880616,False,True,3
1.95,5,0.880838,False,True,3
-0.02,2,0.881044,False,True,1
-0.15,15,0.8816,False,True,1
-0.03,3,0.881739,False,True,1
-0.01,1,0.881797,False,True,1
-0.11,11,0.882297,False,True,1
-0.02,2,0.882408,False,True,1
-0.05,5,0.882612,False,True,1
-0.09,9,0.88295,False,True,1
-0.02,2,0.883127,False,True,1
-0.14,14,0.883643,False,True,1
-0.15,15,0.884205,False,True,1
-0.01,1,0.884266,False,True,1
-0.2,20,0.885049,False,True,1
-0.01,1,0.885105,False,True,1
-0.06,6,0.885388,False,True,1
-0.05,5,0.885613,False,True,1
-0.1,10,0.886073,False,True,1
-0.1,10,0.886441,False,True,1
-0.02,2,0.886553,False,True,1
-0.04,4,0.886721,False,True,1
-0.03,3,0.886903,False,True,1
-0.01,1,0.886983,False,True,1
-0.12,12,0.887436,False,True,1
-0.05,5,0.887648,False,True,1
-0.02,2,0.887822,False,True,1
-0.05,5,0.888059,False,True,1
-0.04,4,0.888235,False,True,1
-0.08,8,0.888544,False,True,1
-0.04,4,0.888785,False,True,1
-0.01,1,0.888845,False,True,1
-0.11,11,0.889637,False,True,1
-0.14,14,0.890185,False,True,1
-0.07,7,0.89078,False,True,1
-0.07,7,0.891178,False,True,1
-0.02,2,0.891276,False,True,1
-0.03,3,0.891421,False,True,1
-0.04,4,0.891692,False,True,1
-0.22,22,0.892468,False,True,1
-0.02,2,0.89258,False,True,1
-0.01,1,0.892635,False,True,1
-0.01,1,0.892754,False,True,1
0.85,15,0.893332,False,True,2
-0.05,5,0.893547,False,True,1
-0.01,1,0.893629,False,True,1
-0.01,1,0.893762,False,True,1
0.88,12,0.894228,False,True,2
-0.03,3,0.894369,False,True,1
-0.01,1,0.894429,False,True,1
-0.14,14,0.895016,False,True,1
-0.02,2,0.89513,False,True,1
-0.05,5,0.895332,False,True,1
0.87,13,0.895899,False,True,2
-0.04,4,0.896165,False,True,1
1.8,20,0.896939,False,True,3
-0.03,3,0.897078,False,True,1
-0.16,16,0.897661,False,True,1
-0.01,1,0.897782,False,True,1
-0.06,6,0.898044,False,True,1
-0.02,2,0.898127,False,True,1
-0.18,18,0.898801,False,True,1
-0.04,4,0.899066,False,True,1
-0.05,5,0.899275,False,True,1
-0.01,1,0.899336,False,True,1
-0.06,6,0.899586,False,True,1
-0.05,5,0.900025,False,True,1
-0.03,3,0.9002,False,True,1
-0.11,11,0.900681,False,True,1
-0.08,8,0.901015,False,True,1
0.92,8,0.901572,False,True,2
-0.03,3,0.901719,False,True,1
1.91,9,0.902148,False,True,3
-0.01,1,0.902238,False,True,1
-0.03,3,0.902471,False,True,1
1.97,3,0.902618,False,True,3
-0.05,5,0.90285,False,True,1
-0.06,6,0.903091,False,True,1
-0.01,1,0.903234,False,True,1
-0.03,3,0.90341,False,True,1
-0.01,1,0.903473,False,True,1
-0.11,11,0.903913,False,True,1
1.81,19,0.904919,False,True,3
-0.06,6,0.905262,False,True,1
-0.19,19,0.905975,False,True,1
-0.03,3,0.906128,False,True,1
-0.01,1,0.906294,False,True,1
-0.02,2,0.906408,False,True,1
-0.01,1,0.906465,False,True,1
0.9,10,0.906851,False,True,2
-0.02,2,0.907023,False,True,1
-0.1,10,0.907386,False,True,1
-0.05,5,0.907605,False,True,1
-0.01,1,0.907661,False,True,1
0.95,5,0.907938,False,True,2
-0.03,3,0.908089,False,True,1
-0.05,5,0.908284,False,True,1
1.89,11,0.908701,False,True,3
0.94,6,0.909015,False,True,2
-0.04,4,0.909187,False,True,1
-0.04,4,0.909357,False,True,1
-0.01,1,0.909433,False,True,1
-0.11,11,0.910013,False,True,1
-0.06,6,0.910341,False,True,1
-0.05,5,0.91055,False,True,1
-0.04,4,0.91074,False,True,1
-0.05,5,0.911084,False,True,1
-0.01,1,0.91118,False,True,1
-0.06,6,0.911417,False,True,1
-0.09,9,0.911794,False,True,1
-0.02,2,0.911993,False,True,1
-0.17,17,0.912634,False,True,1
-0.01,1,0.912697,False,True,1
-0.06,6,0.912985,False,True,1
-0.02,2,0.913166,False,True,1
-0.06,6,0.913601,False,True,1
-0.05,5,0.913836,False,True,1
-0.17,17,0.914771,False,True,1
-0.01,1,0.914992,False,True,1
-0.13,13,0.915774,False,True,1
-0.12,12,0.916507,False,True,1
-0.1,10,0.916927,False,True,1
-0.08,8,0.917353,False,True,1
-0.05,5,0.917581,False,True,1
-0.05,5,0.917788,False,True,1
1.91,9,0.918133,False,True,3
-0.04,4,0.918376,False,True,1
-0.23,23,0.919356,False,True,1
0.94,6,0.919621,False,True,2
-0.02,2,0.919733,False,True,1
-0.11,11,0.920297,False,True,1
0.93,7,0.92059,False,True,2
0.94,6,0.920848,False,True,2
-0.03,3,0.920995,False,True,1
-0.04,4,0.921256,False,True,1
-0.04,4,0.921439,False,True,1
-0.01,1,0.921497,False,True,1
-0.03,3,0.921638,False,True,1
-0.04,4,0.921881,False,True,1
-0.01,1,0.921942,False,True,1
0.95,5,0.922182,False,True,2
-0.03,3,0.922408,False,True,1
-0.01,1,0.922566,False,True,1
-0.02,2,0.922687,False,True,1
-0.01,1,0.922747,False,True,1
-0.01,1,0.922803,False,True,1
-0.05,5,0.923099,False,True,1
-0.18,18,0.923822,False,True,1
-0.04,4,0.92399,False,True,1
-0.06,6,0.924215,False,True,1
1.9,10,0.924679,False,True,3
-0.14,14,0.925202,False,True,1
1.84,16,0.92579,False,True,3
-0.02,2,0.925903,False,True,1
-0.05,5,0.92617,False,True,1
-0.04,4,0.926346,False,True,1
-0.02,2,0.926459,False,True,1
-0.01,1,0.926513,False,True,1
-0.04,4,0.926755,False,True,1
-0.07,7,0.927029,False,True,1
-0.05,5,0.927225,False,True,1
-0.03,3,0.927365,False,True,1
-0.19,19,0.928108,False,True,1
-0.04,4,0.928276,False,True,1
-0.01,1,0.92836,False,True,1
-0.07,7,0.928612,False,True,1
-0.19,19,0.929371,False,True,1
0.91,9,0.929713,False,True,2
0.92,8,0.930026,False,True,2
-0.11,11,0.930534,False,True,1
1.77,23,0.931443,False,True,3
-0.04,4,0.931616,False,True,1
-0.01,1,0.931669,False,True,1
-0.18,18,0.932324,False,True,1
-0.05,5,0.932591,False,True,1
-0.06,6,0.932821,False,True,1
-0.05,5,0.933035,False,True,1
-0.03,3,0.93315,False,True,1
-0.11,11,0.93363,False,True,1
1.89,11,0.934048,False,True,3
-0.06,6,0.934282,False,True,1
-0.09,9,0.934629,False,True,1
-0.01,1,0.934745,False,True,1
-0.04,4,0.934914,False,True,1
-0.04,4,0.935087,False,True,1
-0.05,5,0.935284,False,True,1
-0.01,1,0.9354,False,True,1
-0.01,1,0.935482,False,True,1
-0.02,2,0.935579,False,True,1
-0.06,6,0.935825,False,True,1
-0.05,5,0.936084,False,True,1
-0.01,1,0.936138,False,True,1
-0.04,4,0.936313,False,True,1
9.78,22,1.033551,True,False,5
-0.16,16,1.098673,False,True,1
0.94,6,1.115594,False,True,2
-0.07,7,1.146084,False,True,1
-0.09,9,1.173948,False,True,1
-0.01,1,1.174197,False,True,1
-0.02,2,1.191018,False,True,1
-0.05,5,1.207167,False,True,1
-0.06,6,1.239185,False,True,1
-0.2,20,1.320725,False,True,1
-0.02,2,1.320924,False,True,1
-0.01,1,1.321005,False,True,1
-0.05,5,1.353052,False,True,1
-0.06,6,1.367925,False,True,1
-0.05,5,1.382727,False,True,1
-0.04,4,1.39716,False,True,1
-0.04,4,1.411339,False,True,1
-0.08,8,1.441964,False,True,1
-0.02,2,1.455185,False,True,1
-0.04,4,1.470464,False,True,1
-0.07,7,1.497828,False,True,1
-0.05,5,1.519819,False,True,1
-0.01,1,1.519944,False,True,1
-0.05,5,1.540012,False,True,1
-0.04,4,1.557863,False,True,1
-0.06,6,1.587354,False,True,1
-0.04,4,1.604241,False,True,1
-0.09,9,1.638861,False,True,1
-0.05,5,1.657132,False,True,1
-0.02,2,1.673967,False,True,1
-0.03,3,1.691088,False,True,1
-0.05,5,1.708876,False,True,1
-0.05,5,1.725051,False,True,1
1.96,4,1.742347,False,True,3
-0.17,17,1.799985,False,True,1
-0.07,7,1.831282,False,True,1
-0.04,4,1.848034,False,True,1
-0.1,10,1.890957,False,True,1
-0.02,2,1.891136,False,True,1
-0.08,8,1.924269,False,True,1
-0.01,1,1.924384,False,True,1
-0.03,3,1.941305,False,True,1
-0.06,6,1.970587,False,True,1
-0.1,10,1.998189,False,True,1
-0.03,3,2.016161,False,True,1
-0.02,2,2.016737,False,True,1
-0.17,17,2.101875,False,True,1
-0.1,10,2.133812,False,True,1
-0.06,6,2.164813,False,True,1
-0.01,1,2.165097,False,True,1
-0.05,5,2.182405,False,True,1
-0.06,6,2.214301,False,True,1
-0.05,5,2.230836,False,True,1
-0.05,5,2.249244,False,True,1
-0.02,2,2.267202,False,True,1
-0.04,4,2.281932,False,True,1
-0.15,15,2.327509,False,True,1
0.93,7,2.362014,False,True,2
-0.09,9,2.395422,False,True,1
-0.06,6,2.428145,False,True,1
-0.03,3,2.444153,False,True,1
-0.1,10,2.47893,False,True,1
-0.04,4,2.495028,False,True,1
-0.01,1,2.495311,False,True,1
-0.05,5,2.528907,False,True,1
-0.03,3,2.529532,False,True,1
-0.06,6,2.564086,False,True,1
-0.01,1,2.564227,False,True,1
-0.02,2,2.581304,False,True,1
-0.05,5,2.599196,False,True,1
-0.05,5,2.615065,False,True,1
-0.04,4,2.632015,False,True,1
1.89,11,2.681405,False,True,3
-0.06,6,2.697878,False,True,1
-0.05,5,2.729883,False,True,1
0.96,4,2.745968,False,True,2
0.75,25,2.843598,False,True,2
-0.01,1,2.843845,False,True,1
-0.03,3,2.861013,False,True,1
-0.1,10,2.89101,False,True,1
-0.11,11,2.934734,False,True,1
-0.02,2,2.951155,False,True,1
-0.04,4,2.968388,False,True,1
2.85,15,3.011448,False,True,4
-0.08,8,3.04315,False,True,1
-0.02,2,3.060162,False,True,1
-0.05,5,3.07534,False,True,1
-0.02,2,3.089801,False,True,1
-0.01,1,3.08997,False,True,1
-0.04,4,3.104403,False,True,1
-0.11,11,3.152354,False,True,1
-0.05,5,3.169388,False,True,1
-0.08,8,3.198816,False,True,1
-0.04,4,3.213537,False,True,1
-0.07,7,3.244022,False,True,1
-0.03,3,3.244247,False,True,1
-0.04,4,3.261304,False,True,1
-0.04,4,3.278338,False,True,1
1.87,13,3.335112,False,True,3
-0.05,5,3.351122,False,True,1
-0.01,1,3.351241,False,True,1
-0.11,11,3.397841,False,True,1
-0.01,1,3.397972,False,True,1
-0.03,3,3.411195,False,True,1
1.95,5,3.425802,False,True,3
-0.07,7,3.471286,False,True,1
-0.01,1,3.471638,False,True,1
-0.08,8,3.508867,False,True,1
-0.05,5,3.52922,False,True,1
-0.06,6,3.568984,False,True,1
-0.01,1,3.569135,False,True,1
-0.06,6,3.599577,False,True,1
-0.11,11,3.628534,False,True,1
-0.02,2,3.645224,False,True,1
-0.02,2,3.645399,False,True,1
1.9,10,3.692705,False,True,3
-0.09,9,3.720429,False,True,1
-0.09,9,3.751747,False,True,1
-0.02,2,3.768131,False,True,1
-0.12,12,3.810571,False,True,1
-0.08,8,3.837641,False,True,1
-0.04,4,3.855551,False,True,1
-0.02,2,3.855876,False,True,1
-0.01,1,3.87168,False,True,1
1.91,9,3.903758,False,True,3
-0.03,3,3.919702,False,True,1
0.94,6,3.935823,False,True,2
1.93,7,3.967309,False,True,3
-0.03,3,3.981778,False,True,1
-0.04,4,3.996369,False,True,1
-0.04,4,4.011738,False,True,1
-0.02,2,4.01196,False,True,1
-0.04,4,4.026251,False,True,1
-0.03,3,4.050431,False,True,1
-0.03,3,4.074294,False,True,1
-0.09,9,4.106496,False,True,1
-0.05,5,4.120859,False,True,1
-0.01,1,4.121136,False,True,1
-0.04,4,4.137697,False,True,1
-0.07,7,4.168535,False,True,1
-0.01,1,4.168659,False,True,1
-0.06,6,4.196795,False,True,1
-0.01,1,4.196925,False,True,1
-0.06,6,4.224282,False,True,1
-0.04,4,4.237822,False,True,1
-0.07,7,4.252901,False,True,1
-0.01,1,4.267709,False,True,1
-0.02,2,4.268025,False,True,1
-0.05,5,4.283407,False,True,1
1.95,5,4.312081,False,True,3
-0.05,5,4.326059,False,True,1
1.92,8,4.35378,False,True,3
-0.04,4,4.367021,False,True,1
-0.04,4,4.383902,False,True,1
0.93,7,4.413334,False,True,2
-0.11,11,4.441754,False,True,1
-0.01,1,4.455795,False,True,1
-0.02,2,4.456121,False,True,1
-0.03,3,4.473879,False,True,1
-0.03,3,4.487646,False,True,1
-0.03,3,4.487887,False,True,1
-0.01,1,4.502112,False,True,1
1.95,5,4.517214,False,True,3
-0.07,7,4.544746,False,True,1
0.96,4,4.560425,False,True,2
-0.11,11,4.593112,False,True,1
1.95,5,4.619839,False,True,3
0.95,5,4.633582,False,True,2
9.92,8,4.660184,True,False,5
-0.01,1,4.660475,False,True,1
-0.03,3,4.67731,False,True,1
-0.01,1,4.67745,False,True,1
-0.02,2,4.693445,False,True,1
-0.01,1,4.693711,False,True,1
-0.02,2,4.693845,False,True,1
-0.02,2,4.708348,False,True,1
-0.06,6,4.724489,False,True,1
0.69,31,4.848048,False,True,2
1.84,16,4.908456,False,True,3
-0.04,4,4.923884,False,True,1
-0.03,3,4.940041,False,True,1
-0.03,3,4.956524,False,True,1
-0.03,3,4.95676,False,True,1
0.94,6,4.987067,False,True,2
-0.03,3,5.001165,False,True,1
-0.12,12,5.045025,False,True,1
-0.01,1,5.045195,False,True,1
-0.03,3,5.058765,False,True,1
-0.01,1,5.058914,False,True,1
-0.03,3,5.075159,False,True,1
-0.06,6,5.090747,False,True,1
-0.03,3,5.10548,False,True,1
-0.02,2,5.105657,False,True,1
-0.05,5,5.135616,False,True,1
-0.03,3,5.136105,False,True,1
-0.06,6,5.163014,False,True,1
-0.03,3,5.176335,False,True,1
-0.03,3,5.176721,False,True,1
9.89,11,5.22068,True,False,5
-0.1,10,5.262056,False,True,1
-0.05,5,5.275932,False,True,1
-0.04,4,5.291556,False,True,1
-0.03,3,5.308739,False,True,1
-0.08,8,5.335733,False,True,1
-0.06,6,5.379725,False,True,1
-0.03,3,5.405362,False,True,1
-0.02,2,5.405546,False,True,1
-0.01,1,5.421134,False,True,1
1.91,9,5.450927,False,True,3
-0.19,19,5.564901,False,True,1
-0.16,16,5.678776,False,True,1
-0.01,1,5.678952,False,True,1
-0.04,4,5.692518,False,True,1
-0.02,2,5.693015,False,True,1
-0.06,6,5.725745,False,True,1
1.91,9,5.753584,False,True,3
-0.01,1,5.753803,False,True,1
-0.2,20,5.827817,False,True,1
-0.03,3,5.841252,False,True,1
0.97,3,5.855386,False,True,2
-0.1,10,5.882117,False,True,1
-0.01,1,5.896263,False,True,1
-0.02,2,5.896458,False,True,1
1.92,8,5.926989,False,True,3
-0.09,9,5.954156,False,True,1
-0.02,2,5.967949,False,True,1
-0.04,4,5.982451,False,True,1
-0.08,8,6.013913,False,True,1
-0.04,4,6.02932,False,True,1
0.95,5,6.04374,False,True,2
-0.03,3,6.059388,False,True,1
-0.12,12,6.102373,False,True,1
-0.01,1,6.102498,False,True,1
-0.05,5,6.11856,False,True,1
-0.12,12,6.158765,False,True,1
-0.01,1,6.17177,False,True,1
0.92,8,6.198601,False,True,2
0.89,11,6.235105,False,True,2
-0.04,4,6.253251,False,True,1
-0.01,1,6.276408,False,True,1
-0.06,6,6.301814,False,True,1
-0.02,2,6.319304,False,True,1
-0.02,2,6.319529,False,True,1
-0.05,5,6.350762,False,True,1
1.96,4,6.367615,False,True,3
-0.01,1,6.383799,False,True,1
1.93,7,6.399747,False,True,3
1.95,5,6.430037,False,True,3
-0.01,1,6.430397,False,True,1
-0.17,17,6.494014,False,True,1
-0.09,9,6.522345,False,True,1
-0.04,4,6.539174,False,True,1
-0.08,8,6.568388,False,True,1
-0.03,3,6.583896,False,True,1
-0.01,1,6.584024,False,True,1
-0.01,1,6.598223,False,True,1
-0.09,9,6.631155,False,True,1
-0.01,1,6.631412,False,True,1
-0.08,8,6.660827,False,True,1
-0.01,1,6.66096,False,True,1
-0.1,10,6.704012,False,True,1
-0.01,1,6.704296,False,True,1
-0.07,7,6.735769,False,True,1
-0.08,8,6.763032,False,True,1
-0.02,2,6.763367,False,True,1
-0.1,10,6.804419,False,True,1
1.94,6,6.817692,False,True,3
-0.02,2,6.831634,False,True,1
-0.02,2,6.831943,False,True,1
0.83,17,6.914433,False,True,2
-0.12,12,6.975876,False,True,1
-0.01,1,6.976047,False,True,1
-0.01,1,6.97613,False,True,1
-0.01,1,6.976339,False,True,1
-0.01,1,6.992482,False,True,1
1.85,15,7.042055,False,True,3
-0.05,5,7.155718,False,True,1
-0.13,13,7.200226,False,True,1
-0.01,1,7.200361,False,True,1
-0.01,1,7.200443,False,True,1
-0.18,18,7.276836,False,True,1
-0.02,2,7.277142,False,True,1
-0.02,2,7.291312,False,True,1
-0.01,1,7.29144,False,True,1
-0.07,7,7.319393,False,True,1
-0.23,23,7.407296,False,True,1
-0.04,4,7.420519,False,True,1
-0.05,5,7.433925,False,True,1
-0.02,2,7.434114,False,True,1
-0.09,9,7.48499,False,True,1
-0.02,2,7.485221,False,True,1
-0.04,4,7.501828,False,True,1
-0.07,7,7.536532,False,True,1
-0.01,1,7.536838,False,True,1
1.93,7,7.568709,False,True,3
-0.12,12,7.616933,False,True,1
-0.12,12,7.66869,False,True,1
-0.03,3,7.684588,False,True,1
-0.09,9,7.71692,False,True,1
-0.07,7,7.747518,False,True,1
-0.05,5,7.766441,False,True,1
-0.07,7,7.799623,False,True,1
-0.01,1,7.799785,False,True,1
-0.08,8,7.830618,False,True,1
-0.02,2,7.830789,False,True,1
-0.04,4,7.847623,False,True,1
-0.26,26,7.968349,False,True,1
-0.04,4,7.984008,False,True,1
-0.07,7,8.014254,False,True,1
-0.1,10,8.049477,False,True,1
1.94,6,8.084807,False,True,3
0.91,9,8.115169,False,True,2
-0.01,1,8.115299,False,True,1
-0.05,5,8.131676,False,True,1
-0.03,3,8.152021,False,True,1
-0.06,6,8.186265,False,True,1
1.93,7,8.202029,False,True,3
-0.06,6,8.232589,False,True,1
-0.02,2,8.232877,False,True,1
-0.06,6,8.268468,False,True,1
9.91,9,8.300899,True,False,5
-0.03,3,8.316912,False,True,1
-0.08,8,8.35037,False,True,1
-0.1,10,8.389217,False,True,1
-0.07,7,8.423378,False,True,1
-0.04,4,8.441245,False,True,1
-0.14,14,8.51572,False,True,1
-0.01,1,8.515981,False,True,1
-0.01,1,8.516082,False,True,1
0.87,13,8.57029,False,True,2
-0.04,4,8.586511,False,True,1
-0.02,2,8.601186,False,True,1
0.87,13,8.642515,False,True,2
-0.01,1,8.642906,False,True,1
-0.04,4,8.658568,False,True,1
0.93,7,8.690513,False,True,2
-0.03,3,8.704322,False,True,1
-0.09,9,8.733344,False,True,1
-0.03,3,8.747907,False,True,1
1.92,8,8.779735,False,True,3
-0.11,11,8.831104,False,True,1
-0.08,8,8.861146,False,True,1
-0.06,6,8.877378,False,True,1
-0.05,5,8.891887,False,True,1
-0.02,2,8.905244,False,True,1
-0.02,2,8.905554,False,True,1
-0.03,3,8.919972,False,True,1
-0.02,2,8.934404,False,True,1
-0.01,1,8.934572,False,True,1
-0.06,6,8.951153,False,True,1
-0.03,3,8.967772,False,True,1
2.88,12,9.011738,False,True,4
-0.01,1,9.011855,False,True,1
2.92,8,9.0439,False,True,4
-0.01,1,9.057449,False,True,1
-0.02,2,9.057664,False,True,1
-0.03,3,9.073517,False,True,1
-0.12,12,9.11631,False,True,1
0.92,8,9.143121,False,True,2
1.96,4,9.156353,False,True,3
-0.06,6,9.169564,False,True,1
-0.01,1,9.183426,False,True,1
-0.01,1,9.183581,False,True,1
-0.13,13,9.231867,False,True,1
-0.04,4,9.247273,False,True,1
-0.09,9,9.277585,False,True,1
-0.01,1,9.290979,False,True,1
-0.01,1,9.291133,False,True,1
-0.05,5,9.304205,False,True,1
0.94,6,9.33216,False,True,2
-0.07,7,9.346691,False,True,1
-0.06,6,9.373236,False,True,1
1.89,11,9.422674,False,True,3
-0.08,8,9.459982,False,True,1
-0.08,8,9.495006,False,True,1
-0.25,25,9.598151,False,True,1
-0.01,1,9.598286,False,True,1
-0.04,4,9.617665,False,True,1
-0.03,3,9.636201,False,True,1
-0.05,5,9.651983,False,True,1
-0.02,2,9.666691,False,True,1
-0.01,1,9.667018,False,True,1
-0.05,5,9.682776,False,True,1
-0.01,1,9.683121,False,True,1
-0.08,8,9.714547,False,True,1
-0.02,2,9.731754,False,True,1
1.96,4,9.748107,False,True,3
-0.1,10,9.777348,False,True,1
-0.06,6,9.806913,False,True,1
1.97,3,9.822855,False,True,3
-0.03,3,9.823272,False,True,1
-0.04,4,9.838853,False,True,1
-0.08,8,9.869681,False,True,1
0.94,6,9.898154,False,True,2
-0.04,4,9.912362,False,True,1
-0.01,1,9.912489,False,True,1
-0.02,2,9.925319,False,True,1
1.93,7,9.940022,False,True,3
-0.05,5,9.967713,False,True,1
-0.05,5,9.981383,False,True,1
1.94,6,9.997777,False,True,3
-0.01,1,10.014767,False,True,1
-0.04,4,10.031192,False,True,1
-0.06,6,10.045959,False,True,1
-0.01,1,10.046083,False,True,1
-0.04,4,10.061662,False,True,1
-0.02,2,10.077004,False,True,1
-0.01,1,10.077125,False,True,1
-0.02,2,10.094584,False,True,1
-0.02,2,10.094918,False,True,1
-0.03,3,10.112274,False,True,1
-0.12,12,10.15877,False,True,1
1.93,7,10.190381,False,True,3
-0.06,6,10.206692,False,True,1
-0.07,7,10.23973,False,True,1
-0.02,2,10.239973,False,True,1
-0.09,9,10.28123,False,True,1
-0.02,2,10.281729,False,True,1
-0.02,2,10.296944,False,True,1
-0.18,18,10.353553,False,True,1
-0.02,2,10.366705,False,True,1
-0.02,2,10.367051,False,True,1
-0.03,3,10.381823,False,True,1
-0.07,7,10.411098,False,True,1
-0.1,10,10.446423,False,True,1
-0.01,1,10.446681,False,True,1
-0.09,9,10.495872,False,True,1
1.9,10,10.529106,False,True,3
-0.01,1,10.529231,False,True,1
0.88,12,10.578752,False,True,2
-0.03,3,10.594719,False,True,1
-0.04,4,10.61267,False,True,1
-0.01,1,10.61303,False,True,1
-0.03,3,10.631761,False,True,1
-0.02,2,10.646376,False,True,1
1.95,5,10.661519,False,True,3
-0.07,7,10.692933,False,True,1
2.85,15,10.743292,False,True,4
-0.05,5,10.772775,False,True,1
1.94,6,10.787729,False,True,3
-0.08,8,10.820448,False,True,1
-0.07,7,10.851099,False,True,1
0.94,6,10.865489,False,True,2
-0.02,2,10.880349,False,True,1
-0.02,2,10.880607,False,True,1
-0.04,4,10.895645,False,True,1
-0.03,3,10.910712,False,True,1
-0.03,3,10.927377,False,True,1
-0.04,4,10.942463,False,True,1
-0.1,10,10.972025,False,True,1
1.94,6,11.001264,False,True,3
1.95,5,11.017462,False,True,3
-0.05,5,11.034927,False,True,1
-0.01,1,11.051992,False,True,1
-0.07,7,11.068615,False,True,1
-0.08,8,11.100595,False,True,1
-0.02,2,11.116137,False,True,1
-0.01,1,11.116388,False,True,1
-0.01,1,11.116468,False,True,1
-0.01,1,11.133188,False,True,1
-0.02,2,11.133369,False,True,1
-0.04,4,11.149551,False,True,1
-0.06,6,11.183272,False,True,1
-0.03,3,11.183537,False,True,1
-0.02,2,11.199174,False,True,1
-0.02,2,11.199705,False,True,1
-0.05,5,11.232189,False,True,1
-0.02,2,11.232388,False,True,1
-0.04,4,11.250047,False,True,1
-0.06,6,11.284744,False,True,1
-0.07,7,11.301552,False,True,1
-0.06,6,11.342365,False,True,1
-0.07,7,11.37577,False,True,1
-0.04,4,11.391538,False,True,1
-0.03,3,11.391931,False,True,1
-0.05,5,11.420034,False,True,1
1.88,12,11.468385,False,True,3
-0.02,2,11.468712,False,True,1
-0.02,2,11.486184,False,True,1
-0.03,3,11.486409,False,True,1
-0.05,5,11.519023,False,True,1
-0.06,6,11.535339,False,True,1
-0.02,2,11.553482,False,True,1
-0.01,1,11.553841,False,True,1
-0.06,6,11.571398,False,True,1
-0.01,1,11.590714,False,True,1
-0.01,1,11.590983,False,True,1
-0.04,4,11.611034,False,True,1
-0.01,1,11.611155,False,True,1
-0.04,4,11.631428,False,True,1
-0.01,1,11.631565,False,True,1
-0.06,6,11.682175,False,True,1
-0.02,2,11.682346,False,True,1
-0.05,5,11.716332,False,True,1
-0.06,6,11.736389,False,True,1
-0.07,7,11.769014,False,True,1
-0.08,8,11.80066,False,True,1
-0.04,4,11.817761,False,True,1
-0.08,8,11.854974,False,True,1
-0.03,3,11.871829,False,True,1
-0.02,2,11.87216,False,True,1
-0.07,7,11.902315,False,True,1
-0.05,5,11.919442,False,True,1
-0.04,4,11.940264,False,True,1
-0.01,1,11.940389,False,True,1
-0.01,1,11.958686,False,True,1
-0.07,7,11.975528,False,True,1
-0.1,10,12.025796,False,True,1
-0.11,11,12.081538,False,True,1
-0.01,1,12.081871,False,True,1
-0.03,3,12.097595,False,True,1
-0.01,1,12.09777,False,True,1
-0.01,1,12.097851,False,True,1
1.95,5,12.114823,False,True,3
-0.02,2,12.129726,False,True,1
-0.01,1,12.129861,False,True,1
1.94,6,12.162125,False,True,3
-0.01,1,12.162421,False,True,1
-0.08,8,12.192551,False,True,1
-0.01,1,12.192695,False,True,1
-0.06,6,12.222004,False,True,1
-0.05,5,12.2383,False,True,1
0.93,7,12.272188,False,True,2
-0.03,3,12.272419,False,True,1
-0.02,2,12.287816,False,True,1
-0.01,1,12.288186,False,True,1
-0.03,3,12.302751,False,True,1
-0.08,8,12.330824,False,True,1
-0.01,1,12.330959,False,True,1
-0.03,3,12.347048,False,True,1
1.84,16,12.409133,False,True,3
-0.03,3,12.423778,False,True,1
-0.14,14,12.468302,False,True,1
-0.05,5,12.485444,False,True,1
-0.04,4,12.501637,False,True,1
-0.02,2,12.516463,False,True,1
-0.06,6,12.529827,False,True,1
-0.03,3,12.543829,False,True,1
-0.02,2,12.561089,False,True,1
-0.01,1,12.561243,False,True,1
-0.03,3,12.577175,False,True,1
-0.01,1,12.577612,False,True,1
-0.06,6,12.595537,False,True,1
-0.01,1,12.613466,False,True,1
-0.02,2,12.613654,False,True,1
-0.05,5,12.632096,False,True,1
-0.09,9,12.675919,False,True,1
-0.05,5,12.690989,False,True,1
-0.04,4,12.704546,False,True,1
-0.04,4,12.719223,False,True,1
-0.07,7,12.749179,False,True,1
1.86,14,12.800078,False,True,3
-0.05,5,12.81411,False,True,1
-0.07,7,12.843967,False,True,1
-0.1,10,12.888324,False,True,1
-0.03,3,12.888551,False,True,1
-0.09,9,12.931419,False,True,1
-0.02,2,12.931915,False,True,1
1.86,14,12.99113,False,True,3
-0.05,5,13.006573,False,True,1
-0.01,1,13.006698,False,True,1
-0.04,4,13.022383,False,True,1
-0.17,17,13.079172,False,True,1
-0.02,2,13.092382,False,True,1
-0.05,5,13.106007,False,True,1
-0.06,6,13.133543,False,True,1
-0.09,9,13.160446,False,True,1
-0.01,1,13.160567,False,True,1
-0.06,6,13.187321,False,True,1
-0.1,10,13.220951,False,True,1
-0.04,4,13.234491,False,True,1
-0.06,6,13.260798,False,True,1
-0.05,5,13.276733,False,True,1
-0.05,5,13.291264,False,True,1
-0.05,5,13.304943,False,True,1
-0.04,4,13.318198,False,True,1
-0.05,5,13.346533,False,True,1
-0.03,3,13.346926,False,True,1
-0.05,5,13.377883,False,True,1
1.95,5,13.392996,False,True,3
-0.2,20,13.464624,False,True,1
-0.01,1,13.464992,False,True,1
-0.03,3,13.481685,False,True,1
-0.03,3,13.496218,False,True,1
1.96,4,13.510036,False,True,3
-0.03,3,13.510571,False,True,1
-0.01,1,13.524784,False,True,1
-0.01,1,13.524965,False,True,1
-0.02,2,13.525101,False,True,1
-0.02,2,13.539585,False,True,1
-0.03,3,13.552706,False,True,1
-0.07,7,13.567128,False,True,1
-0.01,1,13.583228,False,True,1
0.88,12,13.627379,False,True,2
-0.18,18,13.680948,False,True,1
-0.05,5,13.69608,False,True,1
-0.08,8,13.723334,False,True,1
-0.03,3,13.73776,False,True,1
0.96,4,13.751066,False,True,2
-0.04,4,13.764776,False,True,1
-0.08,8,13.79317,False,True,1
-0.05,5,13.810013,False,True,1
-0.01,1,13.824033,False,True,1
0.89,11,13.850835,False,True,2
-0.01,1,13.863891,False,True,1
-0.03,3,13.86428,False,True,1
-0.2,20,13.934436,False,True,1
-0.03,3,13.948313,False,True,1
0.97,3,13.961836,False,True,2
1.89,11,14.003976,False,True,3
0.9,10,14.034816,False,True,2
-0.02,2,14.049462,False,True,1
-0.01,1,14.049603,False,True,1
-0.01,1,14.049811,False,True,1
-0.03,3,14.06517,False,True,1
1.95,5,14.079198,False,True,3
-0.09,9,14.106746,False,True,1
-0.03,3,14.121295,False,True,1
-0.05,5,14.134723,False,True,1
-0.1,10,14.175334,False,True,1
-0.02,2,14.175501,False,True,1
-0.01,1,14.190215,False,True,1
-0.01,1,14.190354,False,True,1
-0.15,15,14.251439,False,True,1
-0.07,7,14.2661,False,True,1
-0.02,2,14.282369,False,True,1
-0.03,3,14.298519,False,True,1
-0.01,1,14.298693,False,True,1
-0.11,11,14.343357,False,True,1
-0.05,5,14.357479,False,True,1
-0.03,3,14.370798,False,True,1
-0.04,4,14.384429,False,True,1
-0.02,2,14.384616,False,True,1
-0.02,2,14.401057,False,True,1
-0.01,1,14.401235,False,True,1
-0.08,8,14.431929,False,True,1
-0.01,1,14.432047,False,True,1
-0.02,2,14.44615,False,True,1
-0.01,1,14.446338,False,True,1
-0.02,2,14.446457,False,True,1
-0.02,2,14.460532,False,True,1
-0.01,1,14.460906,False,True,1
-0.06,6,14.489003,False,True,1
-0.05,5,14.504888,False,True,1
-0.01,1,14.505004,False,True,1
-0.03,3,14.518864,False,True,1
-0.03,3,14.532673,False,True,1
-0.08,8,14.559411,False,True,1
-0.21,21,14.628408,False,True,1
-0.03,3,14.643665,False,True,1
-0.01,1,14.643827,False,True,1
-0.02,2,14.644035,False,True,1
-0.11,11,14.684961,False,True,1
-0.18,18,14.754922,False,True,1
-0.05,5,14.768247,False,True,1
-0.01,1,14.768368,False,True,1
-0.02,2,14.781466,False,True,1
-0.04,4,14.795709,False,True,1
-0.02,2,14.795918,False,True,1
-0.06,6,14.822684,False,True,1
-0.05,5,14.838726,False,True,1
-0.12,12,14.88085,False,True,1
-0.13,13,14.920405,False,True,1
-0.04,4,14.933113,False,True,1
-0.04,4,14.946355,False,True,1
-0.07,7,14.975162,False,True,1
-0.14,14,15.022758,False,True,1
-0.03,3,15.040558,False,True,1
0.92,8,15.073082,False,True,2
-0.03,3,15.089862,False,True,1
-0.04,4,15.105355,False,True,1
-0.06,6,15.123035,False,True,1
-0.03,3,15.140208,False,True,1
-0.01,1,15.14048,False,True,1
-0.01,1,15.157842,False,True,1
-0.02,2,15.158063,False,True,1
-0.04,4,15.174755,False,True,1
-0.14,14,15.236128,False,True,1
-0.04,4,15.251671,False,True,1
-0.02,2,15.25189,False,True,1
-0.04,4,15.265411,False,True,1
-0.02,2,15.279801,False,True,1
-0.01,1,15.280043,False,True,1
-0.05,5,15.293697,False,True,1
0.96,4,15.307106,False,True,2
-0.06,6,15.335319,False,True,1
-0.01,1,15.335493,False,True,1
-0.07,7,15.364252,False,True,1
-0.08,8,15.416437,False,True,1
-0.11,11,15.451147,False,True,1
-0.06,6,15.485578,False,True,1
-0.14,14,15.525665,False,True,1
-0.04,4,15.539931,False,True,1
-0.03,3,15.55616,False,True,1
-0.08,8,15.603077,False,True,1
-0.02,2,15.616665,False,True,1
-0.01,1,15.616827,False,True,1
-0.01,1,15.617203,False,True,1
-0.01,1,15.61738,False,True,1
-0.01,1,15.633813,False,True,1
-0.06,6,15.64875,False,True,1
-0.02,2,15.66275,False,True,1
-0.01,1,15.662918,False,True,1
-0.03,3,15.676266,False,True,1
-0.05,5,15.689868,False,True,1
-0.1,10,15.718343,False,True,1
-0.15,15,15.779812,False,True,1
-0.03,3,15.793043,False,True,1
-0.19,19,15.86768,False,True,1
-0.02,2,15.868027,False,True,1
-0.12,12,15.908903,False,True,1
-0.04,4,15.922218,False,True,1
-0.07,7,15.947973,False,True,1
-0.07,7,15.97732,False,True,1
-0.03,3,15.977578,False,True,1
-0.09,9,16.01692,False,True,1
-0.01,1,16.01709,False,True,1
-0.01,1,16.017314,False,True,1
-0.13,13,16.058535,False,True,1
-0.01,1,16.07529,False,True,1
-0.16,16,16.131731,False,True,1
1.94,6,16.149226,False,True,3
-0.03,3,16.162781,False,True,1
-0.01,1,16.16293,False,True,1
-0.01,1,16.163016,False,True,1
9.9,10,16.203852,True,False,5
-0.02,2,16.20403,False,True,1
-0.02,2,16.217204,False,True,1
-0.01,1,16.217322,False,True,1
-0.01,1,16.217672,False,True,1
-0.01,1,16.231589,False,True,1
-0.11,11,16.260669,False,True,1
-0.04,4,16.276314,False,True,1
-0.01,1,16.290903,False,True,1
-0.03,3,16.291153,False,True,1
-0.04,4,16.304862,False,True,1
-0.05,5,16.331124,False,True,1
-0.05,5,16.34493,False,True,1
-0.01,1,16.345073,False,True,1
-0.08,8,16.37544,False,True,1
-0.07,7,16.402066,False,True,1
-0.11,11,16.444343,False,True,1
-0.02,2,16.444557,False,True,1
-0.01,1,16.444634,False,True,1
-0.01,1,16.458783,False,True,1
-0.05,5,16.474133,False,True,1
-0.02,2,16.474304,False,True,1
-0.01,1,16.487531,False,True,1
-0.02,2,16.487906,False,True,1
-0.06,6,16.516503,False,True,1
-0.01,1,16.516692,False,True,1
-0.03,3,16.529817,False,True,1
-0.03,3,16.530049,False,True,1
-0.01,1,16.544355,False,True,1
-0.05,5,16.558591,False,True,1
-0.01,1,16.558701,False,True,1
-0.1,10,16.603813,False,True,1
-0.01,1,16.604295,False,True,1
-0.01,1,16.60439,False,True,1
1.93,7,16.63227,False,True,3
-0.02,2,16.632437,False,True,1
-0.03,3,16.647632,False,True,1
-0.05,5,16.663263,False,True,1
-0.03,3,16.676998,False,True,1
-0.01,1,16.677294,False,True,1
-0.03,3,16.691794,False,True,1
-0.03,3,16.705814,False,True,1
-0.03,3,16.719103,False,True,1
-0.02,2,16.719293,False,True,1
-0.02,2,16.733519,False,True,1
-0.11,11,16.760445,False,True,1
-0.05,5,16.786269,False,True,1
-0.06,6,16.799449,False,True,1
-0.06,6,16.842879,False,True,1
-0.03,3,16.843295,False,True,1
-0.04,4,16.860302,False,True,1
1.88,12,16.90139,False,True,3
-0.06,6,16.930042,False,True,1
1.96,4,16.944822,False,True,3
-0.05,5,16.958148,False,True,1
-0.06,6,16.984509,False,True,1
-0.05,5,16.999363,False,True,1
-0.04,4,17.013245,False,True,1
-0.09,9,17.040256,False,True,1
-0.06,6,17.067077,False,True,1
-0.05,5,17.082065,False,True,1
-0.02,2,17.082217,False,True,1
-0.09,9,17.126507,False,True,1
-0.07,7,17.139801,False,True,1
-0.07,7,17.171523,False,True,1
-0.03,3,17.187199,False,True,1
-0.1,10,17.216808,False,True,1
1.9,10,17.258145,False,True,3
-0.02,2,17.258438,False,True,1
-0.01,1,17.27336,False,True,1
-0.06,6,17.286544,False,True,1
-0.01,1,17.286657,False,True,1
-0.12,12,17.329873,False,True,1
-0.05,5,17.357748,False,True,1
-0.48,48,17.519136,False,True,1
-0.18,18,17.573729,False,True,1
-0.02,2,17.589517,False,True,1
-0.12,12,17.629103,False,True,1
-0.02,2,17.629467,False,True,1
0.96,4,17.64266,False,True,2
-0.06,6,17.669758,False,True,1
-0.06,6,17.686417,False,True,1
-0.1,10,17.728509,False,True,1
1.85,15,17.769214,False,True,3
-0.03,3,17.783441,False,True,1
-0.04,4,17.799267,False,True,1
-0.14,14,17.851978,False,True,1
-0.05,5,17.86507,False,True,1
-0.06,6,17.879345,False,True,1
0.88,12,17.921838,False,True,2
-0.11,11,17.960785,False,True,1
1.78,22,18.045658,False,True,3
-0.02,2,18.045985,False,True,1
-0.07,7,18.075169,False,True,1
-0.03,3,18.091095,False,True,1
-0.13,13,18.130762,False,True,1
-0.03,3,18.144359,False,True,1
-0.05,5,18.158575,False,True,1
-0.06,6,18.171869,False,True,1
-0.04,4,18.184602,False,True,1
-0.08,8,18.215354,False,True,1
-0.14,14,18.269963,False,True,1
-0.06,6,18.283672,False,True,1
-0.06,6,18.313459,False,True,1
-0.1,10,18.344164,False,True,1
-0.04,4,18.358885,False,True,1
-0.05,5,18.388762,False,True,1
-0.07,7,18.402164,False,True,1
-0.03,3,18.41614,False,True,1
-0.06,6,18.4428,False,True,1
-0.06,6,18.456031,False,True,1
-0.09,9,18.482335,False,True,1
0.79,21,18.567657,False,True,2
-0.02,2,18.567868,False,True,1
-0.03,3,18.580581,False,True,1
-0.06,6,18.596121,False,True,1
-0.09,9,18.638526,False,True,1
-0.01,1,18.638686,False,True,1
-0.07,7,18.666736,False,True,1
-0.01,1,18.666896,False,True,1
-0.09,9,18.699855,False,True,1
-0.09,9,18.737273,False,True,1
-0.18,18,18.815844,False,True,1
-0.05,5,18.82931,False,True,1
-0.01,1,18.829583,False,True,1
-0.02,2,18.843482,False,True,1
-0.03,3,18.856897,False,True,1
-0.14,14,18.897012,False,True,1
-0.02,2,18.910959,False,True,1
-0.05,5,18.927568,False,True,1
-0.08,8,18.957984,False,True,1
-0.03,3,18.973298,False,True,1
-0.09,9,19.00377,False,True,1
-0.02,2,19.003968,False,True,1
-0.02,2,19.018664,False,True,1
-0.02,2,19.018825,False,True,1
-0.14,14,19.07512,False,True,1
-0.04,4,19.088178,False,True,1
-0.16,16,19.142546,False,True,1
-0.25,25,19.221733,False,True,1
-0.12,12,19.266014,False,True,1
-0.01,1,19.266141,False,True,1
-0.06,6,19.292111,False,True,1
-0.14,14,19.337224,False,True,1
-0.02,2,19.352149,False,True,1
-0.04,4,19.366336,False,True,1
-0.08,8,19.393018,False,True,1
-0.03,3,19.406115,False,True,1
-0.02,2,19.406588,False,True,1
-0.04,4,19.421178,False,True,1
-0.06,6,19.448919,False,True,1
0.96,4,19.462422,False,True,2
0.93,7,19.476451,False,True,2
-0.03,3,19.490648,False,True,1
-0.1,10,19.530418,False,True,1
-0.01,1,19.530586,False,True,1
-0.1,10,19.558002,False,True,1
2.91,9,19.599402,False,True,4
-0.06,6,19.612862,False,True,1
-0.09,9,19.638498,False,True,1
-0.02,2,19.65217,False,True,1
-0.02,2,19.652349,False,True,1
-0.02,2,19.669128,False,True,1
1.89,11,19.719115,False,True,3
0.91,9,19.753683,False,True,2
-0.03,3,19.769729,False,True,1
-0.24,24,19.863062,False,True,1
-0.02,2,19.863273,False,True,1
-0.07,7,19.891734,False,True,1
-0.06,6,19.906216,False,True,1
-0.01,1,19.920636,False,True,1
-0.04,4,19.937147,False,True,1
-0.09,9,19.966499,False,True,1
-0.08,8,19.992993,False,True,1
-0.04,4,20.005806,False,True,1
-0.04,4,20.018488,False,True,1
-0.02,2,20.018771,False,True,1
-0.05,5,20.104557,False,True,1
-0.01,1,20.10818,False,True,1
-0.08,8,20.152506,False,True,1
-0.05,5,20.169409,False,True,1
-0.08,8,20.21564,False,True,1
-0.01,1,20.215774,False,True,1
-0.02,2,20.235016,False,True,1
-0.21,21,20.381552,False,True,1
-0.01,1,20.381686,False,True,1
-0.02,2,20.398245,False,True,1
-0.03,3,20.413664,False,True,1
-0.11,11,20.445616,False,True,1
-0.03,3,20.462257,False,True,1
-0.02,2,20.478632,False,True,1
-0.01,1,20.478813,False,True,1
-0.04,4,20.495465,False,True,1
-0.06,6,20.511547,False,True,1
-0.01,1,20.526925,False,True,1
-0.11,11,20.565042,False,True,1
-0.02,2,20.58358,False,True,1
-0.05,5,20.601863,False,True,1
-0.01,1,20.60202,False,True,1
-0.01,1,20.618663,False,True,1
-0.04,4,20.633926,False,True,1
-0.07,7,20.649261,False,True,1
-0.03,3,20.663746,False,True,1
-0.03,3,20.679403,False,True,1
-0.09,9,20.71162,False,True,1
-0.05,5,20.726927,False,True,1
-0.02,2,20.742445,False,True,1
-0.05,5,20.758165,False,True,1
-0.03,3,20.777001,False,True,1
-0.03,3,20.793145,False,True,1
-0.04,4,20.809488,False,True,1
-0.03,3,20.809736,False,True,1
-0.09,9,20.853956,False,True,1
-0.01,1,20.854111,False,True,1
-0.02,2,20.854225,False,True,1
-0.05,5,20.881442,False,True,1
-0.03,3,20.88181,False,True,1
-0.19,19,20.955026,False,True,1
1.84,16,21.01275,False,True,3
1.91,9,21.039211,False,True,3
-0.04,4,21.053919,False,True,1
-0.06,6,21.085514,False,True,1
-0.02,2,21.085692,False,True,1
-0.07,7,21.118809,False,True,1
-0.08,8,21.148213,False,True,1
-0.03,3,21.163199,False,True,1
-0.02,2,21.163371,False,True,1
-0.02,2,21.17982,False,True,1
-0.16,16,21.237085,False,True,1
-0.14,14,21.281928,False,True,1
-0.04,4,21.299063,False,True,1
-0.02,2,21.312659,False,True,1
-0.01,1,21.312917,False,True,1
-0.1,10,21.360963,False,True,1
-0.01,1,21.361119,False,True,1
-0.07,7,21.390051,False,True,1
-0.02,2,21.390421,False,True,1
-0.02,2,21.405162,False,True,1
-0.03,3,21.405402,False,True,1
-0.04,4,21.420258,False,True,1
-0.12,12,21.464895,False,True,1
-0.01,1,21.478044,False,True,1
-0.04,4,21.491368,False,True,1
-0.02,2,21.491591,False,True,1
-0.05,5,21.506084,False,True,1
-0.01,1,21.519362,False,True,1
-0.08,8,21.548766,False,True,1
-0.15,15,21.593171,False,True,1
-0.05,5,21.625632,False,True,1
-0.09,9,21.653625,False,True,1
9.82,18,21.711112,True,False,5
-0.09,9,21.75083,False,True,1
-0.05,5,21.765251,False,True,1
-0.05,5,21.780132,False,True,1
-0.01,1,21.780376,False,True,1
1.92,8,21.811398,False,True,3
-0.01,1,21.826765,False,True,1
-0.02,2,21.826956,False,True,1
1.95,5,21.841515,False,True,3
1.93,7,21.872077,False,True,3
-0.04,4,21.888376,False,True,1
-0.08,8,21.915769,False,True,1
-0.04,4,21.929105,False,True,1
-0.05,5,21.942354,False,True,1
-0.02,2,21.956726,False,True,1
-0.01,1,21.95687,False,True,1
-0.03,3,21.970561,False,True,1
-0.03,3,21.983431,False,True,1
-0.03,3,21.983793,False,True,1
-0.01,1,22.000104,False,True,1
-0.02,2,22.00033,False,True,1
-0.05,5,22.016855,False,True,1
1.89,11,22.061788,False,True,3
-0.06,6,22.092712,False,True,1
-0.02,2,22.092929,False,True,1
-0.02,2,22.107099,False,True,1
-0.01,1,22.107371,False,True,1
-0.01,1,22.10745,False,True,1
1.95,5,22.121708,False,True,3
-0.08,8,22.152198,False,True,1
-0.01,1,22.168329,False,True,1
-0.04,4,22.183366,False,True,1
-0.02,2,22.183753,False,True,1
-0.05,5,22.200077,False,True,1
-0.06,6,22.232066,False,True,1
-0.03,3,22.246254,False,True,1
-0.08,8,22.277078,False,True,1
-0.04,4,22.292126,False,True,1
-0.04,4,22.308167,False,True,1
-0.02,2,22.308389,False,True,1
1.93,7,22.335673,False,True,3
-0.04,4,22.34929,False,True,1
-0.03,3,22.363295,False,True,1
-0.02,2,22.363504,False,True,1
-0.05,5,22.377236,False,True,1
-0.01,1,22.390408,False,True,1
-0.04,4,22.406772,False,True,1
-0.09,9,22.433846,False,True,1
-0.05,5,22.447001,False,True,1
-0.09,9,22.473165,False,True,1
-0.02,2,22.487243,False,True,1
-0.1,10,22.517457,False,True,1
-0.01,1,22.5309,False,True,1
0.89,11,22.557605,False,True,2
1.92,8,22.586024,False,True,3
-0.05,5,22.617217,False,True,1
-0.04,4,22.630399,False,True,1
-0.01,1,22.630564,False,True,1
-0.06,6,22.644599,False,True,1
-0.01,1,22.660018,False,True,1
-0.08,8,22.68812,False,True,1
-0.07,7,22.703924,False,True,1
-0.05,5,22.735892,False,True,1
-0.07,7,22.749185,False,True,1
-0.03,3,22.762601,False,True,1
-0.02,2,22.776235,False,True,1
-0.13,13,22.819204,False,True,1
-0.09,9,22.846903,False,True,1
-0.14,14,22.903793,False,True,1
-0.02,2,22.90402,False,True,1
-0.12,12,22.950211,False,True,1
0.93,7,22.977122,False,True,2
-0.1,10,23.008448,False,True,1
0.87,13,23.070357,False,True,2
-0.01,1,23.070675,False,True,1
-0.06,6,23.084554,False,True,1
-0.1,10,23.128721,False,True,1
-0.1,10,23.158762,False,True,1
-0.05,5,23.186797,False,True,1
1.94,6,23.201594,False,True,3
-0.05,5,23.215371,False,True,1
1.96,4,23.234059,False,True,3
1.94,6,23.268942,False,True,3
-0.04,4,23.285228,False,True,1
-0.1,10,23.318406,False,True,1
1.92,8,23.350832,False,True,3
-0.09,9,23.40094,False,True,1
-0.06,6,23.416727,False,True,1
-0.04,4,23.430347,False,True,1
-0.01,1,23.430478,False,True,1
-0.14,14,23.48675,False,True,1
-0.02,2,23.486931,False,True,1
-0.05,5,23.51638,False,True,1
-0.01,1,23.516524,False,True,1
-0.03,3,23.535144,False,True,1
-0.02,2,23.535348,False,True,1
-0.15,15,23.592902,False,True,1
-0.03,3,23.609006,False,True,1
-0.03,3,23.609488,False,True,1
0.96,4,23.626837,False,True,2
-0.04,4,23.642871,False,True,1
-0.04,4,23.658371,False,True,1
-0.03,3,23.673452,False,True,1
-0.04,4,23.689739,False,True,1
-0.02,2,23.703441,False,True,1
-0.01,1,23.703625,False,True,1
-0.08,8,23.740724,False,True,1
-0.11,11,23.801034,False,True,1
-0.1,10,23.834407,False,True,1
-0.05,5,23.852366,False,True,1
-0.08,8,23.884543,False,True,1
-0.12,12,23.935878,False,True,1
-0.05,5,23.966805,False,True,1
1.88,12,24.018184,False,True,3
-0.03,3,24.018607,False,True,1
-0.01,1,24.034005,False,True,1
-0.06,6,24.048531,False,True,1
-0.04,4,24.062602,False,True,1
-0.01,1,24.062973,False,True,1
-0.13,13,24.12211,False,True,1
-0.04,4,24.138274,False,True,1
-0.01,1,24.13849,False,True,1
-0.02,2,24.138794,False,True,1
-0.07,7,24.169158,False,True,1
-0.04,4,24.18403,False,True,1
-0.03,3,24.198421,False,True,1
-0.05,5,24.21302,False,True,1
-0.07,7,24.248797,False,True,1
-0.03,3,24.265714,False,True,1
0.84,16,24.321405,False,True,2
-0.1,10,24.351636,False,True,1
-0.09,9,24.379086,False,True,1
-0.02,2,24.394362,False,True,1
-0.01,1,24.394585,False,True,1
-0.03,3,24.410799,False,True,1
0.96,4,24.425634,False,True,2
-0.04,4,24.439805,False,True,1
-0.01,1,24.439931,False,True,1
-0.02,2,24.458117,False,True,1
-0.07,7,24.474803,False,True,1
-0.02,2,24.48865,False,True,1
-0.01,1,24.48878,False,True,1
0.89,11,24.53612,False,True,2
-0.01,1,24.536254,False,True,1
-0.08,8,24.56749,False,True,1
-0.01,1,24.567598,False,True,1
1.86,14,24.626834,False,True,3
-0.04,4,24.640313,False,True,1
-0.04,4,24.65386,False,True,1
-0.01,1,24.654147,False,True,1
-0.06,6,24.682363,False,True,1
-0.01,1,24.682517,False,True,1
-0.01,1,24.682589,False,True,1
-0.13,13,24.722704,False,True,1
-0.02,2,24.739031,False,True,1
-0.11,11,24.79761,False,True,1
-0.03,3,24.797851,False,True,1
-0.02,2,24.814076,False,True,1
-0.03,3,24.8318,False,True,1
-0.02,2,24.832183,False,True,1
-0.05,5,24.853196,False,True,1
-0.01,1,24.868502,False,True,1
-0.06,6,24.88334,False,True,1
-0.03,3,24.897495,False,True,1
-0.01,1,24.897632,False,True,1
1.93,7,24.924712,False,True,3
-0.09,9,24.960529,False,True,1
1.94,6,24.990509,False,True,3
-0.01,1,24.990675,False,True,1
-0.04,4,25.004218,False,True,1
-0.13,13,25.052424,False,True,1
-0.05,5,25.068703,False,True,1
-0.04,4,25.08299,False,True,1
1.97,3,25.096053,False,True,3
-0.01,1,25.096324,False,True,1
-0.03,3,25.110495,False,True,1
-0.01,1,25.110618,False,True,1
-0.11,11,25.154354,False,True,1
-0.02,2,25.170575,False,True,1
-0.01,1,25.170768,False,True,1
-0.03,3,25.187295,False,True,1
-0.08,8,25.214142,False,True,1
-0.02,2,25.214685,False,True,1
-0.17,17,25.278657,False,True,1
-0.01,1,25.295855,False,True,1
-0.05,5,25.309578,False,True,1
-0.09,9,25.340499,False,True,1
0.76,24,25.436888,False,True,2
-0.06,6,25.468315,False,True,1
0.81,19,25.533029,False,True,2
1.9,10,25.580582,False,True,3
-0.09,9,25.613186,False,True,1
-0.09,9,25.644011,False,True,1
-0.01,1,25.659276,False,True,1
-0.02,2,25.659691,False,True,1
0.84,16,25.723093,False,True,2
-0.14,14,25.783264,False,True,1
-0.04,4,25.799448,False,True,1
-0.06,6,25.814543,False,True,1
-0.02,2,25.828151,False,True,1
-0.18,18,25.888535,False,True,1
-0.05,5,25.905114,False,True,1
-0.01,1,25.919853,False,True,1
1.83,17,25.981584,False,True,3
-0.04,4,25.995698,False,True,1
-0.05,5,26.011496,False,True,1
-0.01,1,26.011749,False,True,1
-0.02,2,26.027725,False,True,1
-0.07,7,26.061148,False,True,1
-0.04,4,26.077147,False,True,1
0.89,11,26.112374,False,True,2
-0.01,1,26.131326,False,True,1
-0.03,3,26.131555,False,True,1
-0.05,5,26.165414,False,True,1
-0.03,3,26.16598,False,True,1
-0.02,2,26.181991,False,True,1
1.71,29,26.292845,False,True,3
-0.01,1,26.292986,False,True,1
-0.04,4,26.308752,False,True,1
-0.03,3,26.324787,False,True,1
1.9,10,26.370867,False,True,3
-0.03,3,26.371136,False,True,1
-0.03,3,26.385642,False,True,1
-0.01,1,26.385773,False,True,1
-0.02,2,26.400008,False,True,1
-0.06,6,26.413818,False,True,1
-0.16,16,26.472437,False,True,1
9.84,16,26.530464,True,False,5
-0.08,8,26.557003,False,True,1
-0.02,2,26.569921,False,True,1
-0.01,1,26.570343,False,True,1
-0.04,4,26.586374,False,True,1
-0.04,4,26.603523,False,True,1
-0.05,5,26.620351,False,True,1
-0.05,5,26.648467,False,True,1
-0.01,1,26.648637,False,True,1
-0.05,5,26.662868,False,True,1
0.93,7,26.691329,False,True,2
-0.03,3,26.706044,False,True,1
-0.05,5,26.719463,False,True,1
-0.08,8,26.746332,False,True,1
-0.03,3,26.759436,False,True,1
0.92,8,26.786904,False,True,2
-0.03,3,26.787362,False,True,1
-0.02,2,26.800924,False,True,1
-0.02,2,26.801279,False,True,1
-0.15,15,26.861226,False,True,1
-0.01,1,26.861348,False,True,1
-0.02,2,26.874845,False,True,1
-0.03,3,26.890898,False,True,1
-0.02,2,26.891292,False,True,1
0.89,11,26.938185,False,True,2
-0.05,5,26.951675,False,True,1
-0.04,4,26.966628,False,True,1
-0.01,1,26.966976,False,True,1
-0.05,5,27.000065,False,True,1
-0.08,8,27.027912,False,True,1
-0.05,5,27.040957,False,True,1
-0.03,3,27.056451,False,True,1
0.87,13,27.102351,False,True,2
-0.02,2,27.102545,False,True,1
-0.11,11,27.141955,False,True,1
-0.02,2,27.156916,False,True,1
-0.01,1,27.157076,False,True,1
-0.01,1,27.157246,False,True,1
-0.04,4,27.170351,False,True,1
-0.03,3,27.184919,False,True,1
-0.06,6,27.202962,False,True,1
-0.15,15,27.261081,False,True,1
-0.01,1,27.261215,False,True,1
-0.02,2,27.276147,False,True,1
-0.13,13,27.323736,False,True,1
-0.06,6,27.350439,False,True,1
-0.09,9,27.378002,False,True,1
-0.05,5,27.392731,False,True,1
-0.01,1,27.392853,False,True,1
-0.01,1,27.407186,False,True,1
1.86,14,27.452846,False,True,3
-0.05,5,27.470216,False,True,1
-0.04,4,27.488552,False,True,1
-0.04,4,27.504021,False,True,1
-0.09,9,27.547863,False,True,1
-0.01,1,27.548158,False,True,1
-0.02,2,27.54828,False,True,1
-0.06,6,27.577259,False,True,1
-0.06,6,27.593285,False,True,1
-0.15,15,27.655214,False,True,1
-0.14,14,27.712827,False,True,1
-0.03,3,27.713205,False,True,1
0.91,9,27.757075,False,True,2
-0.05,5,27.77181,False,True,1
0.93,7,27.800197,False,True,2
-0.04,4,27.814514,False,True,1
-0.04,4,27.831815,False,True,1
-0.04,4,27.848206,False,True,1
-0.05,5,27.862844,False,True,1
-0.01,1,27.863119,False,True,1
-0.1,10,27.903781,False,True,1
-0.01,1,27.90413,False,True,1
-0.03,3,27.920565,False,True,1
-0.02,2,27.920771,False,True,1
-0.01,1,27.92085,False,True,1
0.88,12,27.96459,False,True,2
-0.01,1,27.977939,False,True,1
-0.03,3,27.978328,False,True,1
-0.02,2,27.991583,False,True,1
-0.09,9,28.0189,False,True,1
-0.01,1,28.019022,False,True,1
-0.08,8,28.051966,False,True,1
-0.03,3,28.068422,False,True,1
0.89,11,28.113424,False,True,2
-0.03,3,28.128781,False,True,1
-0.04,4,28.142069,False,True,1
-0.05,5,28.156831,False,True,1
1.94,6,28.17337,False,True,3
-0.02,2,28.187395,False,True,1
0.89,11,28.227417,False,True,2
-0.01,1,28.227579,False,True,1
-0.11,11,28.272362,False,True,1
-0.11,11,28.306767,False,True,1
-0.04,4,28.321175,False,True,1
-0.18,18,28.39002,False,True,1
-0.06,6,28.405084,False,True,1
-0.01,1,28.418407,False,True,1
-0.01,1,28.418552,False,True,1
-0.02,2,28.418672,False,True,1
0.92,8,28.455047,False,True,2
-0.02,2,28.472207,False,True,1
-0.03,3,28.489378,False,True,1
-0.02,2,28.489585,False,True,1
-0.01,1,28.489799,False,True,1
-0.06,6,28.525641,False,True,1
0.94,6,28.541759,False,True,2
0.93,7,28.572274,False,True,2
-0.04,4,28.588292,False,True,1
-0.02,2,28.605347,False,True,1
-0.03,3,28.605616,False,True,1
-0.06,6,28.635111,False,True,1
-0.05,5,28.652315,False,True,1
-0.06,6,28.684525,False,True,1
-0.02,2,28.68494,False,True,1
1.69,31,28.806298,False,True,3
-0.04,4,28.823503,False,True,1
0.94,6,28.84254,False,True,2
-0.01,1,28.861684,False,True,1
-0.06,6,28.883283,False,True,1
-0.05,5,28.898402,False,True,1
-0.11,11,28.941855,False,True,1
-0.01,1,28.941985,False,True,1
0.91,9,28.983549,False,True,2
-0.09,9,29.013123,False,True,1
-0.01,1,29.01326,False,True,1
-0.02,2,29.028328,False,True,1
-0.1,10,29.056669,False,True,1
-0.03,3,29.071643,False,True,1
-0.02,2,29.071825,False,True,1
-0.1,10,29.112646,False,True,1
-0.11,11,29.151854,False,True,1
-0.16,16,29.217061,False,True,1
-0.32,32,29.335835,False,True,1
-0.13,13,29.382812,False,True,1
-0.04,4,29.39662,False,True,1
-0.03,3,29.425195,False,True,1
-0.08,8,29.460992,False,True,1
-0.34,34,29.575791,False,True,1
-0.04,4,29.591445,False,True,1
0.8,20,29.662429,False,True,2
0.85,15,29.726806,False,True,2
-0.1,10,29.764587,False,True,1
-0.1,10,29.820719,False,True,1
-0.02,2,29.82102,False,True,1
-0.15,15,29.898818,False,True,1
-0.01,1,29.89896,False,True,1
1.9,10,29.940886,False,True,3
-0.11,11,29.98903,False,True,1
-0.03,3,29.989289,False,True,1
-0.04,4,30.00302,False,True,1
-0.05,5,30.032361,False,True,1
-0.04,4,30.048056,False,True,1
-0.03,3,30.0485,False,True,1
1.95,5,30.078823,False,True,3
-0.02,2,30.079043,False,True,1
-0.03,3,30.094031,False,True,1
-0.09,9,30.123924,False,True,1
-0.01,1,30.124045,False,True,1
1.94,6,30.150403,False,True,3
-0.1,10,30.183169,False,True,1
-0.09,9,30.223277,False,True,1
-0.01,1,30.223436,False,True,1
-0.05,5,30.236826,False,True,1
-0.05,5,30.250919,False,True,1
-0.07,7,30.284806,False,True,1
1.88,12,30.327787,False,True,3
-0.03,3,30.341274,False,True,1
-0.01,1,30.341553,False,True,1
-0.17,17,30.399561,False,True,1
-0.01,1,30.412443,False,True,1
-0.02,2,30.41266,False,True,1
-0.07,7,30.441322,False,True,1
-0.13,13,30.482251,False,True,1
-0.04,4,30.497953,False,True,1
-0.06,6,30.526372,False,True,1
-0.04,4,30.541311,False,True,1
-0.01,1,30.541498,False,True,1
-0.01,1,30.541756,False,True,1
-0.02,2,30.555686,False,True,1
-0.11,11,30.583914,False,True,1
-0.03,3,30.599554,False,True,1
-0.1,10,30.645517,False,True,1
-0.08,8,30.673187,False,True,1
-0.05,5,30.689092,False,True,1
1.88,12,30.729257,False,True,3
-0.06,6,30.742411,False,True,1
-0.06,6,30.771385,False,True,1
1.94,6,30.786425,False,True,3
-0.01,1,30.801454,False,True,1
-0.03,3,30.801685,False,True,1
-0.01,1,30.817033,False,True,1
-0.06,6,30.832614,False,True,1
-0.03,3,30.849068,False,True,1
-0.01,1,30.84919,False,True,1
-0.01,1,30.849265,False,True,1
1.93,7,30.882272,False,True,3
-0.04,4,30.898704,False,True,1
-0.05,5,30.913962,False,True,1
-0.02,2,30.927383,False,True,1
-0.02,2,30.927748,False,True,1
-0.07,7,30.957927,False,True,1
1.93,7,30.987459,False,True,3
-0.04,4,31.002192,False,True,1
-0.02,2,31.002502,False,True,1
-0.07,7,31.032702,False,True,1
-0.01,1,31.032875,False,True,1
-0.01,1,31.049109,False,True,1
1.95,5,31.064631,False,True,3
0.91,9,31.093793,False,True,2
-0.06,6,31.127124,False,True,1
-0.05,5,31.141087,False,True,1
1.93,7,31.168897,False,True,3
-0.02,2,31.169126,False,True,1
-0.02,2,31.182514,False,True,1
-0.01,1,31.182671,False,True,1
-0.06,6,31.197415,False,True,1
-0.02,2,31.210839,False,True,1
-0.01,1,31.210956,False,True,1
-0.02,2,31.224615,False,True,1
-0.04,4,31.239139,False,True,1
-0.02,2,31.239542,False,True,1
-0.01,1,31.239631,False,True,1
-0.04,4,31.253219,False,True,1
-0.09,9,31.295134,False,True,1
-0.03,3,31.295397,False,True,1
-0.04,4,31.308642,False,True,1
-0.03,3,31.321878,False,True,1
-0.05,5,31.335806,False,True,1
-0.01,1,31.349579,False,True,1
-0.09,9,31.378093,False,True,1
-0.01,1,31.378214,False,True,1
-0.02,2,31.393629,False,True,1
-0.02,2,31.393826,False,True,1
-0.13,13,31.435014,False,True,1
-0.03,3,31.448123,False,True,1
-0.05,5,31.462591,False,True,1
-0.03,3,31.476207,False,True,1
-0.04,4,31.489723,False,True,1
-0.02,2,31.503298,False,True,1
0.9,10,31.532447,False,True,2
-0.06,6,31.561805,False,True,1
-0.01,1,31.56197,False,True,1
-0.06,6,31.575571,False,True,1
-0.15,15,31.630646,False,True,1
-0.01,1,31.630776,False,True,1
-0.09,9,31.671196,False,True,1
-0.02,2,31.671419,False,True,1
-0.01,1,31.671634,False,True,1
-0.02,2,31.687565,False,True,1
-0.04,4,31.702225,False,True,1
-0.04,4,31.715368,False,True,1
-0.03,3,31.729142,False,True,1
-0.11,11,31.758074,False,True,1
-0.09,9,31.798,False,True,1
-0.13,13,31.837585,False,True,1
-0.01,1,31.837846,False,True,1
-0.01,1,31.83793,False,True,1
-0.06,6,31.865004,False,True,1
-0.01,1,31.865128,False,True,1
-0.02,2,31.87835,False,True,1
-0.02,2,31.878522,False,True,1
-0.08,8,31.906267,False,True,1
-0.09,9,31.933407,False,True,1
-0.01,1,31.947191,False,True,1
-0.02,2,31.947388,False,True,1
-0.03,3,31.961218,False,True,1
-0.04,4,31.975399,False,True,1
-0.05,5,31.991397,False,True,1
-0.03,3,32.005352,False,True,1
-0.02,2,32.005542,False,True,1
-0.03,3,32.018768,False,True,1
-0.06,6,32.047322,False,True,1
-0.2,20,32.117669,False,True,1
1.97,3,32.118115,False,True,3
-0.06,6,32.144943,False,True,1
-0.03,3,32.159203,False,True,1
-0.05,5,32.173798,False,True,1
-0.01,1,32.173913,False,True,1
-0.05,5,32.187389,False,True,1
-0.01,1,32.202612,False,True,1
-0.11,11,32.232937,False,True,1
-0.03,3,32.246632,False,True,1
-0.03,3,32.260175,False,True,1
-0.02,2,32.260513,False,True,1
-0.06,6,32.288873,False,True,1
-0.04,4,32.302193,False,True,1
-0.02,2,32.302363,False,True,1
-0.04,4,32.317126,False,True,1
-0.05,5,32.346936,False,True,1
-0.09,9,32.375275,False,True,1
-0.03,3,32.38869,False,True,1
-0.03,3,32.389099,False,True,1
-0.06,6,32.417934,False,True,1
-0.05,5,32.431944,False,True,1
-0.03,3,32.445258,False,True,1
-0.05,5,32.459208,False,True,1
1.95,5,32.474159,False,True,3
0.92,8,32.504041,False,True,2
1.91,9,32.544385,False,True,3
-0.05,5,32.559023,False,True,1
-0.04,4,32.573502,False,True,1
-0.05,5,32.589388,False,True,1
-0.05,5,32.603716,False,True,1
-0.01,1,32.620761,False,True,1
1.92,8,32.649819,False,True,3
-0.01,1,32.64998,False,True,1
-0.03,3,32.663577,False,True,1
-0.01,1,32.663915,False,True,1
-0.02,2,32.664052,False,True,1
-0.09,9,32.707114,False,True,1
-0.02,2,32.707324,False,True,1
-0.04,4,32.721974,False,True,1
-0.03,3,32.735546,False,True,1
-0.01,1,32.735684,False,True,1
-0.06,6,32.762466,False,True,1
-0.01,1,32.762802,False,True,1
1.94,6,32.777479,False,True,3
-0.06,6,32.807488,False,True,1
-0.09,9,32.834713,False,True,1
-0.07,7,32.862637,False,True,1
0.82,18,32.922276,False,True,2
-0.1,10,32.961446,False,True,1
-0.04,4,32.976068,False,True,1
-0.02,2,32.976496,False,True,1
-0.01,1,32.991119,False,True,1
0.75,25,33.074147,False,True,2
-0.03,3,33.087483,False,True,1
-0.02,2,33.087851,False,True,1
0.94,6,33.115813,False,True,2
-0.15,15,33.155663,False,True,1
-0.06,6,33.181752,False,True,1
-0.2,20,33.248629,False,True,1
-0.04,4,33.261707,False,True,1
1.87,13,33.301655,False,True,3
-0.09,9,33.327948,False,True,1
-0.11,11,33.368698,False,True,1
-0.08,8,33.395274,False,True,1
-0.17,17,33.44791,False,True,1
-0.07,7,33.473903,False,True,1
-0.03,3,33.493266,False,True,1
0.89,11,33.535673,False,True,2
-0.01,1,33.53583,False,True,1
-0.04,4,33.549136,False,True,1
0.89,11,33.590326,False,True,2
-0.03,3,33.590719,False,True,1
-0.03,3,33.604142,False,True,1
-0.01,1,33.604435,False,True,1
1.96,4,33.618733,False,True,3
-0.1,10,33.660831,False,True,1
-0.06,6,33.674386,False,True,1
-0.01,1,33.687968,False,True,1
-0.02,2,33.688322,False,True,1
-0.21,21,33.757021,False,True,1
-0.13,13,33.816565,False,True,1
-0.05,5,33.83032,False,True,1
-0.01,1,33.830732,False,True,1
-0.08,8,33.861903,False,True,1
-0.06,6,33.891174,False,True,1
-0.01,1,33.891517,False,True,1
-0.11,11,33.937583,False,True,1
-0.02,2,33.937798,False,True,1
-0.08,8,33.965016,False,True,1
1.85,15,34.021317,False,True,3
-0.04,4,34.035637,False,True,1
-0.02,2,34.035906,False,True,1
-0.06,6,34.064303,False,True,1
-0.06,6,34.078251,False,True,1
-0.02,2,34.09472,False,True,1
-0.02,2,34.094895,False,True,1
-0.02,2,34.110709,False,True,1
-0.18,18,34.165027,False,True,1
-0.02,2,34.17943,False,True,1
-0.03,3,34.192775,False,True,1
-0.05,5,34.206882,False,True,1
-0.05,5,34.220631,False,True,1
0.89,11,34.262026,False,True,2
-0.04,4,34.275558,False,True,1
-0.01,1,34.275689,False,True,1
-0.16,16,34.32802,False,True,1
-0.05,5,34.342689,False,True,1
1.8,20,34.412779,False,True,3
-0.04,4,34.42611,False,True,1
-0.12,12,34.465786,False,True,1
-0.04,4,34.481668,False,True,1
-0.12,12,34.522813,False,True,1
-0.02,2,34.535845,False,True,1
-0.05,5,34.54964,False,True,1
-0.01,1,34.549916,False,True,1
-0.01,1,34.563879,False,True,1
-0.02,2,34.564081,False,True,1
1.88,12,34.604431,False,True,3
-0.02,2,34.618352,False,True,1
-0.05,5,34.632749,False,True,1
-0.06,6,34.646747,False,True,1
1.94,6,34.673461,False,True,3
-0.02,2,34.673874,False,True,1
-0.01,1,34.687783,False,True,1
9.92,8,34.715247,True,False,5
-0.02,2,34.715456,False,True,1
-0.04,4,34.729748,False,True,1
-0.05,5,34.74364,False,True,1
1.93,7,34.770864,False,True,3
-0.04,4,34.784587,False,True,1
-0.04,4,34.798975,False,True,1
-0.08,8,34.826118,False,True,1
-0.04,4,34.839798,False,True,1
-0.05,5,34.85301,False,True,1
-0.06,6,34.880545,False,True,1
-0.07,7,34.907643,False,True,1
-0.02,2,34.907835,False,True,1
-0.01,1,34.908068,False,True,1
1.9,10,34.952899,False,True,3
1.94,6,34.967393,False,True,3
-0.05,5,34.995446,False,True,1
-0.01,1,34.995604,False,True,1
-0.32,32,35.102642,False,True,1
-0.04,4,35.116409,False,True,1
0.92,8,35.14572,False,True,2
-0.02,2,35.145906,False,True,1
-0.07,7,35.173897,False,True,1
-0.06,6,35.200246,False,True,1
-0.13,13,35.239869,False,True,1
-0.01,1,35.239989,False,True,1
-0.07,7,35.267616,False,True,1
-0.14,14,35.308311,False,True,1
9.81,19,35.382191,True,False,5
-0.12,12,35.422135,False,True,1
-0.02,2,35.435719,False,True,1
-0.09,9,35.462652,False,True,1
-0.05,5,35.47618,False,True,1
-0.3,30,35.581072,False,True,1
-0.26,26,35.669385,False,True,1
-0.01,1,35.669517,False,True,1
-0.05,5,35.699078,False,True,1
-0.04,4,35.758286,False,True,1
-0.1,10,35.798196,False,True,1
9.86,14,35.861394,True,False,5
-0.06,6,35.876875,False,True,1
-0.01,1,35.877004,False,True,1
-0.01,1,35.892506,False,True,1
-0.23,23,35.971664,False,True,1
-0.03,3,35.985147,False,True,1
-0.16,16,36.042276,False,True,1
-0.06,6,36.070285,False,True,1
-0.04,4,36.083922,False,True,1
0.84,16,36.143853,False,True,2
0.86,14,36.186594,False,True,2
1.9,10,36.229573,False,True,3
-0.06,6,36.244143,False,True,1
-0.03,3,36.25827,False,True,1
-0.05,5,36.271584,False,True,1
-0.03,3,36.285665,False,True,1
-0.02,2,36.285847,False,True,1
-0.02,2,36.300324,False,True,1
0.96,4,36.314962,False,True,2
-0.02,2,36.315301,False,True,1
-0.04,4,36.330163,False,True,1
-0.07,7,36.357394,False,True,1
-0.08,8,36.384211,False,True,1
-0.1,10,36.429517,False,True,1
-0.04,4,36.444582,False,True,1
-0.01,1,36.444738,False,True,1
-0.03,3,36.458174,False,True,1
-0.3,30,36.558634,False,True,1
-0.09,9,36.586274,False,True,1
-0.03,3,36.602426,False,True,1
-0.01,1,36.602564,False,True,1
0.95,5,36.631876,False,True,2
-0.01,1,36.632057,False,True,1
1.96,4,36.646243,False,True,3
-0.02,2,36.646424,False,True,1
-0.01,1,36.660391,False,True,1
-0.01,1,36.660684,False,True,1
-0.03,3,36.675917,False,True,1
-0.01,1,36.676072,False,True,1
-0.01,1,36.676305,False,True,1
-0.01,1,36.676377,False,True,1
-0.13,13,36.733509,False,True,1
-0.11,11,36.761302,False,True,1
-0.02,2,36.775452,False,True,1
-0.09,9,36.803319,False,True,1
-0.03,3,36.816501,False,True,1
-0.06,6,36.829753,False,True,1
-0.02,2,36.844107,False,True,1
-0.03,3,36.859894,False,True,1
-0.04,4,36.873322,False,True,1
-0.03,3,36.873776,False,True,1
-0.05,5,36.904363,False,True,1
-0.01,1,36.904528,False,True,1
-0.12,12,36.947146,False,True,1
-0.01,1,36.94727,False,True,1
-0.04,4,36.962112,False,True,1
-0.11,11,37.003036,False,True,1
-0.02,2,37.003366,False,True,1
-0.27,27,37.100748,False,True,1
-0.03,3,37.115342,False,True,1
-0.01,1,37.115636,False,True,1
-0.02,2,37.128795,False,True,1
-0.03,3,37.129039,False,True,1
0.97,3,37.143224,False,True,2
0.96,4,37.157158,False,True,2
-0.02,2,37.171836,False,True,1
-0.02,2,37.172046,False,True,1
-0.02,2,37.188038,False,True,1
-0.08,8,37.216353,False,True,1
-0.08,8,37.244574,False,True,1
-0.01,1,37.244732,False,True,1
-0.02,2,37.245004,False,True,1
-0.11,11,37.286705,False,True,1
-0.06,6,37.314022,False,True,1
-0.09,9,37.343572,False,True,1
-0.04,4,37.35821,False,True,1
-0.01,1,37.35833,False,True,1
-0.11,11,37.399265,False,True,1
-0.06,6,37.4129,False,True,1
-0.02,2,37.427084,False,True,1
-0.05,5,37.441382,False,True,1
-0.25,25,37.525248,False,True,1
-0.07,7,37.552983,False,True,1
-0.04,4,37.56724,False,True,1
0.92,8,37.597128,False,True,2
-0.04,4,37.612167,False,True,1
-0.11,11,37.653242,False,True,1
-0.07,7,37.681622,False,True,1
-0.02,2,37.681824,False,True,1
-0.13,13,37.724122,False,True,1
-0.03,3,37.738442,False,True,1
-0.03,3,37.753471,False,True,1
-0.03,3,37.767947,False,True,1
-0.05,5,37.781523,False,True,1
-0.02,2,37.781686,False,True,1
-0.01,1,37.796498,False,True,1
-0.13,13,37.841312,False,True,1
-0.04,4,37.855026,False,True,1
-0.05,5,37.869559,False,True,1
-0.01,1,37.869825,False,True,1
-0.06,6,37.897531,False,True,1
-0.08,8,37.925165,False,True,1
-0.05,5,37.938345,False,True,1
-0.06,6,37.966576,False,True,1
-0.11,11,37.995837,False,True,1
-0.05,5,38.024156,False,True,1
-0.07,7,38.038044,False,True,1
-0.02,2,38.052583,False,True,1
-0.05,5,38.067231,False,True,1
-0.02,2,38.081062,False,True,1
-0.07,7,38.094528,False,True,1
-0.06,6,38.124451,False,True,1
-0.05,5,38.1383,False,True,1
-0.06,6,38.166143,False,True,1
-0.03,3,38.166586,False,True,1
-0.02,2,38.181904,False,True,1
-0.03,3,38.19663,False,True,1
-0.01,1,38.196801,False,True,1
1.97,3,38.210974,False,True,3
-0.01,1,38.211284,False,True,1
-0.02,2,38.2116,False,True,1
-0.01,1,38.225632,False,True,1
-0.02,2,38.225852,False,True,1
-0.09,9,38.258461,False,True,1
-0.04,4,38.272337,False,True,1
-0.04,4,38.285503,False,True,1
-0.02,2,38.299344,False,True,1
-0.09,9,38.328307,False,True,1
-0.08,8,38.358509,False,True,1
-0.07,7,38.385317,False,True,1
-0.02,2,38.385497,False,True,1
-0.04,4,38.399647,False,True,1
-0.02,2,38.413148,False,True,1
-0.05,5,38.426969,False,True,1
-0.12,12,38.467512,False,True,1
-0.11,11,38.509374,False,True,1
-0.08,8,38.535948,False,True,1
-0.08,8,38.562736,False,True,1
-0.03,3,38.575929,False,True,1
1.94,6,38.59036,False,True,3
0.9,10,38.629613,False,True,2
-0.08,8,38.655939,False,True,1
-0.03,3,38.656182,False,True,1
-0.03,3,38.670475,False,True,1
-0.13,13,38.710958,False,True,1
-0.01,1,38.724287,False,True,1
-0.17,17,38.776742,False,True,1
-0.01,1,38.777008,False,True,1
-0.01,1,38.777085,False,True,1
-0.06,6,38.804821,False,True,1
-0.01,1,38.804958,False,True,1
-0.02,2,38.818812,False,True,1
-0.09,9,38.845915,False,True,1
-0.02,2,38.846082,False,True,1
-0.12,12,38.886868,False,True,1
0.87,13,38.942516,False,True,2
-0.02,2,38.942733,False,True,1
-0.02,2,38.956324,False,True,1
-0.05,5,38.969395,False,True,1
1.86,14,39.012026,False,True,3
1.9,10,39.052741,False,True,3
-0.01,1,39.052877,False,True,1
-0.08,8,39.079134,False,True,1
0.95,5,39.093705,False,True,2
-0.01,1,39.107035,False,True,1
-0.01,1,39.107185,False,True,1
-0.01,1,39.107265,False,True,1
-0.03,3,39.121296,False,True,1
-0.05,5,39.135116,False,True,1
-0.02,2,39.148342,False,True,1
-0.04,4,39.161528,False,True,1
-0.02,2,39.161876,False,True,1
-0.02,2,39.175405,False,True,1
-0.05,5,39.189552,False,True,1
-0.05,5,39.202815,False,True,1
-0.02,2,39.217176,False,True,1
-0.13,13,39.260747,False,True,1
-0.14,14,39.302982,False,True,1
-0.02,2,39.316512,False,True,1
1.89,11,39.360662,False,True,3
-0.02,2,39.360887,False,True,1
-0.03,3,39.374105,False,True,1
-0.04,4,39.387576,False,True,1
-0.03,3,39.401714,False,True,1
-0.04,4,39.415347,False,True,1
-0.03,3,39.415591,False,True,1
-0.03,3,39.429037,False,True,1
-0.09,9,39.457389,False,True,1
-0.02,2,39.471281,False,True,1
-0.03,3,39.484649,False,True,1
-0.01,1,39.484813,False,True,1
-0.02,2,39.485084,False,True,1
-0.1,10,39.526897,False,True,1
-0.04,4,39.54039,False,True,1
0.97,3,39.553807,False,True,2
1.96,4,39.567915,False,True,3
-0.01,1,39.568092,False,True,1
-0.06,6,39.582253,False,True,1
-0.03,3,39.596302,False,True,1
-0.04,4,39.610254,False,True,1
-0.03,3,39.624303,False,True,1
-0.08,8,39.65153,False,True,1
-0.06,6,39.664746,False,True,1
-0.02,2,39.679539,False,True,1
-0.1,10,39.711037,False,True,1
-0.06,6,39.737876,False,True,1
1.91,9,39.765795,False,True,3
-0.01,1,39.766131,False,True,1
-0.01,1,39.780402,False,True,1
-0.05,5,39.793588,False,True,1
-0.02,2,39.793749,False,True,1
0.86,14,39.849148,False,True,2
-0.04,4,39.863333,False,True,1
-0.02,2,39.863511,False,True,1
-0.04,4,39.876374,False,True,1
-0.03,3,39.890373,False,True,1
-0.01,1,39.890508,False,True,1
-0.06,6,39.916854,False,True,1
-0.06,6,39.929906,False,True,1
1.95,5,39.959776,False,True,3
-0.02,2,39.959982,False,True,1
-0.02,2,39.974654,False,True,1
-0.03,3,39.974903,False,True,1
-0.07,7,40.002891,False,True,1
-0.05,5,40.017347,False,True,1
-0.1,10,40.056948,False,True,1
-0.02,2,40.057116,False,True,1
-0.01,1,40.07064,False,True,1
-0.01,1,40.070825,False,True,1
-0.03,3,40.084377,False,True,1
-0.04,4,40.097623,False,True,1
-0.07,7,40.112331,False,True,1
-0.01,1,40.126352,False,True,1
-0.01,1,40.12653,False,True,1
-0.02,2,40.126654,False,True,1
-0.01,1,40.140998,False,True,1
-0.14,14,40.183786,False,True,1
-0.02,2,40.197833,False,True,1
-0.01,1,40.198143,False,True,1
-0.21,21,40.268136,False,True,1
-0.03,3,40.281511,False,True,1
9.87,13,40.324038,True,False,5
-0.07,7,40.351953,False,True,1
-0.01,1,40.352214,False,True,1
0.82,18,40.422148,False,True,2
1.86,14,40.465425,False,True,3
-0.03,3,40.480113,False,True,1
-0.14,14,40.5229,False,True,1
-0.01,1,40.535985,False,True,1
-0.01,1,40.536146,False,True,1
-0.04,4,40.549207,False,True,1
0.97,3,40.564535,False,True,2
-0.02,2,40.564771,False,True,1
-0.02,2,40.578504,False,True,1
-0.09,9,40.605465,False,True,1
1.88,12,40.652249,False,True,3
-0.03,3,40.665809,False,True,1
-0.08,8,40.695259,False,True,1
-0.08,8,40.722304,False,True,1
-0.02,2,40.722665,False,True,1
-0.03,3,40.738207,False,True,1
-0.05,5,40.752657,False,True,1
0.9,10,40.795579,False,True,2
-0.08,8,40.823998,False,True,1
-0.04,4,40.837464,False,True,1
0.91,9,40.864526,False,True,2
-0.32,32,40.976232,False,True,1
-0.11,11,41.018328,False,True,1
-0.01,1,41.018498,False,True,1
-0.09,9,41.045434,False,True,1
-0.02,2,41.061111,False,True,1
-0.04,4,41.076502,False,True,1
-0.03,3,41.076919,False,True,1
-0.12,12,41.121512,False,True,1
-0.08,8,41.148368,False,True,1
-0.03,3,41.162428,False,True,1
-0.03,3,41.176234,False,True,1
-0.07,7,41.203539,False,True,1
1.97,3,41.203917,False,True,3
-0.05,5,41.233842,False,True,1
-0.05,5,41.248235,False,True,1
-0.05,5,41.261582,False,True,1
1.89,11,41.302134,False,True,3
-0.04,4,41.317842,False,True,1
-0.02,2,41.31801,False,True,1
-0.13,13,41.371909,False,True,1
-0.06,6,41.385321,False,True,1
-0.29,29,41.478916,False,True,1
-0.04,4,41.492146,False,True,1
1.93,7,41.518434,False,True,3
-0.11,11,41.557654,False,True,1
1.95,5,41.572048,False,True,3
-0.06,6,41.599988,False,True,1
-0.03,3,41.600416,False,True,1
-0.06,6,41.629485,False,True,1
-0.02,2,41.629789,False,True,1
-0.03,3,41.644211,False,True,1
-0.04,4,41.658729,False,True,1
1.91,9,41.686691,False,True,3
-0.08,8,41.715544,False,True,1
-0.03,3,41.72968,False,True,1
-0.02,2,41.742855,False,True,1
-0.09,9,41.770382,False,True,1
-0.01,1,41.770664,False,True,1
-0.02,2,41.784541,False,True,1
1.86,14,41.82764,False,True,3
-0.03,3,41.841613,False,True,1
-0.06,6,41.856588,False,True,1
-0.02,2,41.870086,False,True,1
-0.01,1,41.870202,False,True,1
9.84,16,41.928563,True,False,5
-0.17,17,41.985476,False,True,1
-0.12,12,42.027772,False,True,1
-0.09,9,42.067976,False,True,1
-0.14,14,42.111652,False,True,1
0.95,5,42.126024,False,True,2
-0.08,8,42.154503,False,True,1
-0.03,3,42.168226,False,True,1
-0.08,8,42.194958,False,True,1
-0.03,3,42.210859,False,True,1
-0.18,18,42.270543,False,True,1
-0.05,5,42.298482,False,True,1
-0.06,6,42.312325,False,True,1
-0.01,1,42.3126,False,True,1
-0.08,8,42.341909,False,True,1
-0.09,9,42.384481,False,True,1
-0.03,3,42.384713,False,True,1
-0.05,5,42.426079,False,True,1
0.94,6,42.440452,False,True,2
-0.01,1,42.440585,False,True,1
-0.19,19,42.506965,False,True,1
-0.02,2,42.521988,False,True,1
-0.07,7,42.538094,False,True,1
-0.05,5,42.568168,False,True,1
-0.08,8,42.596684,False,True,1
-0.03,3,42.597065,False,True,1
-0.15,15,42.653478,False,True,1
-0.02,2,42.67003,False,True,1
1.91,9,42.698923,False,True,3
-0.19,19,42.767364,False,True,1
-0.06,6,42.781781,False,True,1
-0.01,1,42.78191,False,True,1
-0.09,9,42.824295,False,True,1
-0.05,5,42.839537,False,True,1
1.89,11,42.879901,False,True,3
-0.05,5,42.893915,False,True,1
-0.26,26,42.977191,False,True,1
-0.13,13,43.034563,False,True,1
-0.07,7,43.048152,False,True,1
-0.03,3,43.06178,False,True,1
-0.01,1,43.061916,False,True,1
-0.08,8,43.090883,False,True,1
-0.05,5,43.120337,False,True,1
-0.05,5,43.134502,False,True,1
-0.05,5,43.148157,False,True,1
-0.03,3,43.162572,False,True,1
-0.04,4,43.177571,False,True,1
1.89,11,43.218176,False,True,3
-0.17,17,43.272468,False,True,1
-0.01,1,43.272743,False,True,1
0.96,4,43.288422,False,True,2
-0.07,7,43.316295,False,True,1
-0.02,2,43.316487,False,True,1
-0.02,2,43.330556,False,True,1
-0.01,1,43.330689,False,True,1
-0.09,9,43.359231,False,True,1
-0.1,10,43.399048,False,True,1
-0.23,23,43.490697,False,True,1
-0.05,5,43.50444,False,True,1
-0.04,4,43.518181,False,True,1
0.91,9,43.545396,False,True,2
-0.02,2,43.562252,False,True,1
-0.07,7,43.576702,False,True,1
-0.01,1,43.590484,False,True,1
-0.03,3,43.590708,False,True,1
-0.05,5,43.620263,False,True,1
-0.1,10,43.647781,False,True,1
-0.06,6,43.675128,False,True,1
-0.08,8,43.702328,False,True,1
-0.01,1,43.702633,False,True,1
-0.04,4,43.717567,False,True,1
-0.04,4,43.731255,False,True,1
-0.03,3,43.74446,False,True,1
-0.01,1,43.744748,False,True,1
-0.04,4,43.759474,False,True,1
-0.03,3,43.773302,False,True,1
-0.06,6,43.786668,False,True,1
-0.09,9,43.817211,False,True,1
-0.06,6,43.844856,False,True,1
-0.07,7,43.872586,False,True,1
-0.07,7,43.886829,False,True,1
-0.02,2,43.901044,False,True,1
-0.02,2,43.901204,False,True,1
-0.02,2,43.915257,False,True,1
9.94,6,43.928855,True,False,5
-0.09,9,43.974237,False,True,1
-0.07,7,43.990449,False,True,1
-0.11,11,44.039144,False,True,1
-0.03,3,44.055805,False,True,1
0.96,4,44.07184,False,True,2
-0.02,2,44.071992,False,True,1
-0.01,1,44.086848,False,True,1
-0.01,1,44.087008,False,True,1
1.82,18,44.151462,False,True,3
-0.05,5,44.184108,False,True,1
1.9,10,44.216532,False,True,3
-0.02,2,44.232321,False,True,1
1.82,18,44.299622,False,True,3
-0.04,4,44.315752,False,True,1
-0.08,8,44.350528,False,True,1
-0.02,2,44.407038,False,True,1
-0.09,9,44.449733,False,True,1
-0.03,3,44.4656,False,True,1
-0.28,28,44.572895,False,True,1
1.92,8,44.603101,False,True,3
-0.06,6,44.61889,False,True,1
-0.11,11,44.663591,False,True,1
-0.02,2,44.663769,False,True,1
-0.04,4,44.678343,False,True,1
-0.03,3,44.6943,False,True,1
-0.03,3,44.709381,False,True,1
-0.12,12,44.7536,False,True,1
-0.05,5,44.769238,False,True,1
-0.04,4,44.784816,False,True,1
-0.1,10,44.829683,False,True,1
-0.07,7,44.845474,False,True,1
-0.01,1,44.860905,False,True,1
-0.05,5,44.87705,False,True,1
-0.1,10,44.906568,False,True,1
-0.03,3,44.92164,False,True,1
0.91,9,44.950344,False,True,2
-0.14,14,45.007664,False,True,1
-0.07,7,45.036729,False,True,1
-0.04,4,45.051309,False,True,1
-0.09,9,45.08067,False,True,1
-0.19,19,45.154464,False,True,1
-0.04,4,45.17198,False,True,1
-0.12,12,45.230359,False,True,1
-0.02,2,45.230578,False,True,1
-0.06,6,45.263838,False,True,1
1.96,4,45.280422,False,True,3
-0.01,1,45.280592,False,True,1
-0.05,5,45.295092,False,True,1
-0.13,13,45.339144,False,True,1
-0.04,4,45.355057,False,True,1
-0.07,7,45.385456,False,True,1
1.92,8,45.415301,False,True,3
-0.11,11,45.459347,False,True,1
-0.04,4,45.472953,False,True,1
-0.08,8,45.503102,False,True,1
-0.01,1,45.503237,False,True,1
-0.04,4,45.519193,False,True,1
-0.04,4,45.533454,False,True,1
-0.01,1,45.533593,False,True,1
-0.04,4,45.548237,False,True,1
-0.01,1,45.563518,False,True,1
-0.01,1,45.563726,False,True,1
-0.01,1,45.563814,False,True,1
-0.06,6,45.593197,False,True,1
0.88,12,45.638042,False,True,2
-0.02,2,45.638265,False,True,1
-0.4,40,45.776916,False,True,1
-0.01,1,45.777047,False,True,1
-0.01,1,45.791094,False,True,1
-0.03,3,45.791504,False,True,1
-0.05,5,45.818864,False,True,1
-0.03,3,45.819122,False,True,1
1.97,3,45.834068,False,True,3
-0.16,16,45.889355,False,True,1
-0.03,3,45.903586,False,True,1
-0.14,14,45.94609,False,True,1
9.87,13,46.004491,True,False,5
-0.04,4,46.01911,False,True,1
1.9,10,46.04652,False,True,3
-0.1,10,46.090602,False,True,1
0.85,15,46.139226,False,True,2
-0.21,21,46.223239,False,True,1
-0.04,4,46.237148,False,True,1
-0.01,1,46.237293,False,True,1
-0.02,2,46.237692,False,True,1
-0.08,8,46.266189,False,True,1
-0.19,19,46.335651,False,True,1
-0.12,12,46.377337,False,True,1
-0.02,2,46.39205,False,True,1
-0.04,4,46.406261,False,True,1
-0.03,3,46.406682,False,True,1
-0.04,4,46.420783,False,True,1
1.94,6,46.449253,False,True,3
-0.02,2,46.449421,False,True,1
-0.07,7,46.477309,False,True,1
-0.12,12,46.518173,False,True,1
-0.24,24,46.603684,False,True,1
-0.03,3,46.616948,False,True,1
-0.03,3,46.631126,False,True,1
-0.03,3,46.631543,False,True,1
-0.1,10,46.673751,False,True,1
-0.05,5,46.687513,False,True,1
1.87,13,46.728726,False,True,3
-0.01,1,46.742197,False,True,1
-0.06,6,46.756664,False,True,1
-0.06,6,46.785565,False,True,1
-0.11,11,46.813239,False,True,1
-0.03,3,46.827463,False,True,1
1.91,9,46.856742,False,True,3
-0.02,2,46.870522,False,True,1
-0.05,5,46.884739,False,True,1
1.82,18,46.954025,False,True,3
-0.07,7,46.969026,False,True,1
-0.02,2,46.982795,False,True,1
-0.03,3,46.996947,False,True,1
-0.02,2,46.997336,False,True,1
-0.03,3,47.012069,False,True,1
-0.05,5,47.029527,False,True,1
-0.01,1,47.029656,False,True,1
-0.04,4,47.045235,False,True,1
-0.03,3,47.061406,False,True,1
-0.06,6,47.090739,False,True,1
-0.15,15,47.132148,False,True,1
-0.17,17,47.201043,False,True,1
-0.01,1,47.201345,False,True,1
-0.03,3,47.215841,False,True,1
-0.04,4,47.230141,False,True,1
-0.03,3,47.230559,False,True,1
-0.02,2,47.245217,False,True,1
-0.07,7,47.27341,False,True,1
-0.04,4,47.28823,False,True,1
-0.01,1,47.288397,False,True,1
-0.01,1,47.288608,False,True,1
-0.01,1,47.28868,False,True,1
-0.04,4,47.303936,False,True,1
-0.01,1,47.318397,False,True,1
1.93,7,47.333333,False,True,3
1.89,11,47.375957,False,True,3
-0.02,2,47.389476,False,True,1
-0.16,16,47.443189,False,True,1
-0.06,6,47.45769,False,True,1
1.96,4,47.471595,False,True,3
-0.01,1,47.471719,False,True,1
-0.1,10,47.513494,False,True,1
-0.02,2,47.513816,False,True,1
-0.07,7,47.541802,False,True,1
-0.1,10,47.582439,False,True,1
-0.04,4,47.596419,False,True,1
1.89,11,47.625331,False,True,3
-0.08,8,47.652067,False,True,1
-0.04,4,47.665779,False,True,1
-0.03,3,47.679627,False,True,1
-0.05,5,47.6939,False,True,1
-0.07,7,47.721674,False,True,1
-0.03,3,47.735167,False,True,1
-0.08,8,47.762154,False,True,1
-0.13,13,47.803955,False,True,1
-0.03,3,47.81771,False,True,1
-0.13,13,47.858594,False,True,1
1.93,7,47.886007,False,True,3
-0.1,10,47.9137,False,True,1
-0.08,8,47.940831,False,True,1
-0.04,4,47.95474,False,True,1
-0.02,2,47.968065,False,True,1
1.94,6,47.982745,False,True,3
-0.05,5,48.011137,False,True,1
-0.09,9,48.037758,False,True,1
-0.04,4,48.051455,False,True,1
-0.04,4,48.066045,False,True,1
1.93,7,48.094596,False,True,3
-0.05,5,48.107605,False,True,1
-0.07,7,48.135561,False,True,1
1.85,15,48.177678,False,True,3
1.9,10,48.219989,False,True,3
-0.06,6,48.234511,False,True,1
-0.04,4,48.247992,False,True,1
-0.03,3,48.263457,False,True,1
-0.04,4,48.277641,False,True,1
-0.03,3,48.291855,False,True,1
-0.01,1,48.291989,False,True,1
-0.02,2,48.306754,False,True,1
-0.06,6,48.320665,False,True,1
-0.04,4,48.335572,False,True,1
0.95,5,48.348915,False,True,2
-0.01,1,48.363133,False,True,1
-0.03,3,48.363409,False,True,1
-0.01,1,48.377411,False,True,1
-0.03,3,48.377681,False,True,1
-0.01,1,48.391842,False,True,1
-0.01,1,48.391992,False,True,1
-0.02,2,48.392107,False,True,1
-0.16,16,48.452782,False,True,1
-0.06,6,48.484533,False,True,1
-0.09,9,48.514738,False,True,1
-0.14,14,48.574305,False,True,1
1.89,11,48.604759,False,True,3
-0.1,10,48.65083,False,True,1
-0.05,5,48.667167,False,True,1
-0.05,5,48.682486,False,True,1
-0.07,7,48.713175,False,True,1
-0.01,1,48.713586,False,True,1
-0.09,9,48.763111,False,True,1
-0.03,3,48.763491,False,True,1
-0.06,6,48.840066,False,True,1
-0.08,8,48.876206,False,True,1
-0.02,2,48.876384,False,True,1
-0.03,3,48.890859,False,True,1
-0.07,7,48.923828,False,True,1
1.94,6,48.940408,False,True,3
-0.07,7,48.972879,False,True,1
-0.17,17,49.037128,False,True,1
-0.12,12,49.087156,False,True,1
-0.04,4,49.104177,False,True,1
-0.04,4,49.121147,False,True,1
-0.05,5,49.153654,False,True,1
1.94,6,49.170658,False,True,3
-0.03,3,49.187192,False,True,1
-0.14,14,49.235261,False,True,1
-0.03,3,49.250909,False,True,1
1.84,16,49.316225,False,True,3
1.88,12,49.363796,False,True,3
-0.02,2,49.379989,False,True,1
-0.02,2,49.380201,False,True,1
-0.03,3,49.396223,False,True,1
-0.06,6,49.413429,False,True,1
-0.05,5,49.445653,False,True,1
-0.01,1,49.445821,False,True,1
-0.04,4,49.461232,False,True,1
-0.14,14,49.510002,False,True,1
-0.1,10,49.557334,False,True,1
-0.06,6,49.572962,False,True,1
-0.02,2,49.588679,False,True,1
-0.04,4,49.605068,False,True,1
1.81,19,49.680643,False,True,3
1.87,13,49.728205,False,True,3
-0.02,2,49.728395,False,True,1
-0.13,13,49.794047,False,True,1
-0.03,3,49.794327,False,True,1
-0.02,2,49.809414,False,True,1
-0.06,6,49.825645,False,True,1
0.94,6,49.857811,False,True,2
-0.04,4,49.873644,False,True,1
-0.04,4,49.889731,False,True,1
-0.17,17,49.952686,False,True,1
-0.04,4,49.968728,False,True,1
1.97,3,49.984203,False,True,3
-0.07,7,50.018082,False,True,1
-0.09,9,50.050545,False,True,1
-0.11,11,50.100428,False,True,1
-0.02,2,50.100698,False,True,1
-0.24,24,50.190481,False,True,1
-0.1,10,50.237123,False,True,1
-0.02,2,50.237623,False,True,1
-0.04,4,50.253374,False,True,1
-0.03,3,50.270756,False,True,1
-0.05,5,50.285485,False,True,1
-0.05,5,50.301139,False,True,1
-0.08,8,50.331575,False,True,1
-0.03,3,50.352308,False,True,1
-0.2,20,50.433767,False,True,1
-0.02,2,50.448556,False,True,1
-0.01,1,50.448728,False,True,1
-0.05,5,50.46358,False,True,1
-0.01,1,50.463699,False,True,1
-0.05,5,50.497378,False,True,1
-0.05,5,50.513985,False,True,1
-0.25,25,50.613193,False,True,1
-0.21,21,50.688903,False,True,1
-0.08,8,50.721471,False,True,1
9.91,9,50.766024,True,False,5
-0.06,6,50.781489,False,True,1
-0.05,5,50.797561,False,True,1
-0.05,5,50.830776,False,True,1
-0.13,13,50.876192,False,True,1
-0.03,3,50.890109,False,True,1
-0.01,1,50.890472,False,True,1
-0.12,12,50.978512,False,True,1
1.87,13,51.02404,False,True,3
-0.18,18,51.09705,False,True,1
-0.04,4,51.114786,False,True,1
-0.08,8,51.146697,False,True,1
-0.02,2,51.147091,False,True,1
-0.03,3,51.161527,False,True,1
-0.06,6,51.176281,False,True,1
-0.01,1,51.191852,False,True,1
-0.03,3,51.192103,False,True,1
-0.02,2,51.206687,False,True,1
-0.08,8,51.236241,False,True,1
-0.02,2,51.236579,False,True,1
2.91,9,51.28088,False,True,4
-0.04,4,51.294388,False,True,1
-0.03,3,51.2947,False,True,1
-0.05,5,51.324057,False,True,1
-0.08,8,51.352696,False,True,1
-0.08,8,51.381584,False,True,1
-0.03,3,51.381815,False,True,1
-0.08,8,51.412109,False,True,1
-0.25,25,51.510559,False,True,1
-0.04,4,51.524422,False,True,1
-0.03,3,51.524659,False,True,1
-0.03,3,51.53989,False,True,1
-0.07,7,51.56773,False,True,1
-0.06,6,51.581601,False,True,1
-0.01,1,51.595302,False,True,1
-0.05,5,51.610006,False,True,1
-0.04,4,51.624416,False,True,1
-0.02,2,51.624582,False,True,1
-0.05,5,51.651734,False,True,1
-0.02,2,51.652066,False,True,1
-0.07,7,51.681449,False,True,1
-0.04,4,51.697826,False,True,1
-0.01,1,51.697974,False,True,1
-0.03,3,51.714739,False,True,1
-0.04,4,51.729971,False,True,1
-0.19,19,51.80553,False,True,1
-0.01,1,51.805721,False,True,1
-0.06,6,51.821638,False,True,1
1.91,9,51.86539,False,True,3
1.81,19,51.923982,False,True,3
-0.07,7,51.95297,False,True,1
0.82,18,52.024573,False,True,2
-0.05,5,52.041688,False,True,1
-0.01,1,52.041834,False,True,1
-0.02,2,52.056178,False,True,1
2.85,15,52.101026,False,True,4
-0.01,1,52.115696,False,True,1
-0.05,5,52.131643,False,True,1
-0.04,4,52.146728,False,True,1
-0.01,1,52.146986,False,True,1
-0.02,2,52.162174,False,True,1
-0.09,9,52.191785,False,True,1
1.89,11,52.234784,False,True,3
0.9,10,52.264637,False,True,2
-0.01,1,52.264764,False,True,1
-0.02,2,52.278762,False,True,1
-0.02,2,52.278938,False,True,1
-0.07,7,52.308815,False,True,1
-0.04,4,52.323119,False,True,1
-0.02,2,52.337121,False,True,1
-0.08,8,52.365178,False,True,1
-0.02,2,52.365558,False,True,1
-0.02,2,52.379848,False,True,1
-0.06,6,52.394473,False,True,1
-0.04,4,52.408369,False,True,1
-0.05,5,52.422876,False,True,1
-0.03,3,52.436863,False,True,1
-0.01,1,52.436991,False,True,1
-0.01,1,52.450687,False,True,1
-0.03,3,52.451098,False,True,1
2.89,11,52.495462,False,True,4
-0.05,5,52.511326,False,True,1
-0.08,8,52.540247,False,True,1
-0.03,3,52.554985,False,True,1
-0.02,2,52.56885,False,True,1
-0.02,2,52.569051,False,True,1
-0.03,3,52.585179,False,True,1
-0.18,18,52.656269,False,True,1
-0.06,6,52.693839,False,True,1
-0.03,3,52.70923,False,True,1
-0.04,4,52.726681,False,True,1
-0.05,5,52.743769,False,True,1
-0.03,3,52.760835,False,True,1
-0.06,6,52.779674,False,True,1
-0.01,1,52.779807,False,True,1
-0.01,1,52.799777,False,True,1
-0.01,1,52.800024,False,True,1
-0.01,1,52.800315,False,True,1
-0.06,6,52.840104,False,True,1
-0.02,2,52.8405,False,True,1
1.96,4,52.861234,False,True,3
-0.02,2,52.878431,False,True,1
-0.19,19,52.941897,False,True,1
-0.04,4,52.957075,False,True,1
-0.01,1,52.97178,False,True,1
1.82,18,53.031426,False,True,3
1.93,7,53.060645,False,True,3
-0.15,15,53.11991,False,True,1
-0.03,3,53.120374,False,True,1
-0.1,10,53.16372,False,True,1
-0.12,12,53.205697,False,True,1
-0.06,6,53.222297,False,True,1
-0.01,1,53.236681,False,True,1
-0.11,11,53.267285,False,True,1
0.86,14,53.328788,False,True,2
-0.03,3,53.346123,False,True,1
-0.04,4,53.36216,False,True,1
-0.01,1,53.362324,False,True,1
-0.01,1,53.362401,False,True,1
-0.13,13,53.411155,False,True,1
-0.01,1,53.425386,False,True,1
-0.04,4,53.43903,False,True,1
-0.12,12,53.48144,False,True,1
-0.03,3,53.481845,False,True,1
-0.1,10,53.528347,False,True,1
-0.06,6,53.543217,False,True,1
2.8,20,53.613785,False,True,4
-0.01,1,53.628692,False,True,1
-0.03,3,53.629078,False,True,1
0.95,5,53.656849,False,True,2
-0.07,7,53.670969,False,True,1
-0.09,9,53.716687,False,True,1
-0.09,9,53.746365,False,True,1
-0.01,1,53.746512,False,True,1
-0.11,11,53.788278,False,True,1
-0.19,19,53.862124,False,True,1
-0.03,3,53.86253,False,True,1
1.96,4,53.878145,False,True,3
-0.01,1,53.893627,False,True,1
-0.02,2,53.893992,False,True,1
-0.03,3,53.908178,False,True,1
-0.07,7,53.937487,False,True,1
-0.06,6,53.951807,False,True,1
-0.19,19,54.028817,False,True,1
-0.01,1,54.028957,False,True,1
-0.1,10,54.070994,False,True,1
-0.05,5,54.086345,False,True,1
-0.09,9,54.117115,False,True,1
1.89,11,54.161427,False,True,3
-0.03,3,54.175534,False,True,1
-0.01,1,54.175698,False,True,1
-0.03,3,54.191246,False,True,1
-0.03,3,54.191519,False,True,1
-0.02,2,54.206756,False,True,1
-0.06,6,54.222675,False,True,1
-0.07,7,54.253954,False,True,1
-0.01,1,54.254072,False,True,1
-0.14,14,54.310717,False,True,1
-0.04,4,54.324287,False,True,1
-0.11,11,54.367994,False,True,1
-0.11,11,54.399437,False,True,1
-0.07,7,54.427705,False,True,1
-0.03,3,54.442852,False,True,1
-0.02,2,54.443345,False,True,1
-0.03,3,54.458699,False,True,1
-0.12,12,54.500229,False,True,1
-0.06,6,54.531095,False,True,1
-0.03,3,54.531511,False,True,1
-0.07,7,54.560611,False,True,1
-0.08,8,54.59544,False,True,1
-0.11,11,54.641367,False,True,1
-0.11,11,54.688593,False,True,1
-0.04,4,54.70358,False,True,1
-0.01,1,54.703739,False,True,1
-0.09,9,54.73421,False,True,1
0.95,5,54.751558,False,True,2
1.92,8,54.783139,False,True,3
-0.15,15,54.846231,False,True,1
-0.02,2,54.862157,False,True,1
-0.06,6,54.87939,False,True,1
-0.02,2,54.895142,False,True,1
1.96,4,54.910397,False,True,3
-0.04,4,54.925157,False,True,1
-0.02,2,54.925517,False,True,1
1.85,15,54.983732,False,True,3
-0.12,12,55.027881,False,True,1
-0.05,5,55.0437,False,True,1
-0.08,8,55.080782,False,True,1
-0.06,6,55.111702,False,True,1
-0.05,5,55.126715,False,True,1
-0.04,4,55.141465,False,True,1
-0.02,2,55.141899,False,True,1
-0.05,5,55.172325,False,True,1
-0.02,2,55.172554,False,True,1
-0.01,1,55.172628,False,True,1
-0.11,11,55.218529,False,True,1
-0.03,3,55.233521,False,True,1
-0.1,10,55.265256,False,True,1
-0.06,6,55.29416,False,True,1
1.9,10,55.327793,False,True,3
-0.05,5,55.355231,False,True,1
0.88,12,55.397952,False,True,2
-0.08,8,55.427782,False,True,1
-0.07,7,55.444183,False,True,1
-0.09,9,55.4874,False,True,1
-0.28,28,55.588568,False,True,1
-0.06,6,55.604042,False,True,1
-0.03,3,55.660505,False,True,1
-0.1,10,55.691788,False,True,1
-0.04,4,55.707123,False,True,1
-0.02,2,55.724693,False,True,1
-0.07,7,55.756552,False,True,1
1.96,4,55.774012,False,True,3
-0.02,2,55.774214,False,True,1
-0.05,5,55.790275,False,True,1
-0.08,8,55.823217,False,True,1
-0.01,1,55.839063,False,True,1
-0.03,3,55.839316,False,True,1
-0.1,10,55.886922,False,True,1
0.92,8,55.919887,False,True,2
-0.16,16,55.987072,False,True,1
-0.09,9,56.021558,False,True,1
-0.04,4,56.039039,False,True,1
-0.17,17,56.109567,False,True,1
-0.03,3,56.126592,False,True,1
-0.02,2,56.142886,False,True,1
-0.09,9,56.181825,False,True,1
-0.04,4,56.199075,False,True,1
-0.09,9,56.232946,False,True,1
-0.05,5,56.248863,False,True,1
-0.03,3,56.26544,False,True,1
-0.04,4,56.282695,False,True,1
1.88,12,56.3388,False,True,3
-0.06,6,56.369194,False,True,1
-0.01,1,56.369374,False,True,1
1.89,11,56.419313,False,True,3
-0.18,18,56.483127,False,True,1
-0.11,11,56.581532,False,True,1
-0.03,3,56.597444,False,True,1
-0.03,3,56.597829,False,True,1
-0.02,2,56.615514,False,True,1
-0.04,4,56.632704,False,True,1
-0.05,5,56.64881,False,True,1
-0.01,1,56.649073,False,True,1
-0.1,10,56.6986,False,True,1
-0.05,5,56.714309,False,True,1
-0.08,8,56.751977,False,True,1
-0.33,33,56.892725,False,True,1
-0.11,11,56.940994,False,True,1
-0.13,13,56.988533,False,True,1
-0.09,9,57.03813,False,True,1
-0.06,6,57.054785,False,True,1
-0.01,1,57.054925,False,True,1
-0.01,1,57.070448,False,True,1
-0.1,10,57.103537,False,True,1
-0.08,8,57.136733,False,True,1
-0.05,5,57.153185,False,True,1
-0.01,1,57.168858,False,True,1
-0.09,9,57.201294,False,True,1
-0.02,2,57.201607,False,True,1
-0.02,2,57.218169,False,True,1
-0.04,4,57.234053,False,True,1
-0.12,12,57.281197,False,True,1
-0.07,7,57.314515,False,True,1
-0.04,4,57.330396,False,True,1
-0.08,8,57.36376,False,True,1
-0.16,16,57.473389,False,True,1
-0.11,11,57.506065,False,True,1
-0.04,4,57.522541,False,True,1
-0.06,6,57.554323,False,True,1
-0.12,12,57.600827,False,True,1
-0.06,6,57.616618,False,True,1
0.95,5,57.648583,False,True,2
-0.01,1,57.64877,False,True,1
-0.01,1,57.648855,False,True,1
-0.03,3,57.668241,False,True,1
-0.12,12,57.715921,False,True,1
1.96,4,57.73172,False,True,3
-0.04,4,57.748383,False,True,1
-0.01,1,57.748649,False,True,1
-0.04,4,57.766937,False,True,1
-0.06,6,57.800401,False,True,1
-0.05,5,57.817003,False,True,1
-0.06,6,57.835541,False,True,1
-0.02,2,57.853066,False,True,1
-0.17,17,57.915228,False,True,1
-0.09,9,57.94505,False,True,1
-0.02,2,57.961003,False,True,1
0.94,6,57.976645,False,True,2
-0.21,21,58.066506,False,True,1
-0.23,23,58.141268,False,True,1
-0.06,6,58.172758,False,True,1
-0.23,23,58.273732,False,True,1
-0.02,2,58.274027,False,True,1
-0.01,1,58.27414,False,True,1
-0.11,11,58.328315,False,True,1
-0.04,4,58.34665,False,True,1
-0.09,9,58.380884,False,True,1
-0.16,16,58.442549,False,True,1
-0.03,3,58.457596,False,True,1
-0.22,22,58.551678,False,True,1
-0.04,4,58.566785,False,True,1
-0.03,3,58.56703,False,True,1
-0.02,2,58.58334,False,True,1
-0.1,10,58.612519,False,True,1
-0.04,4,58.626003,False,True,1
-0.19,19,58.69829,False,True,1
-0.01,1,58.698573,False,True,1
-0.05,5,58.727219,False,True,1
-0.05,5,58.742651,False,True,1
-0.16,16,58.802044,False,True,1
-0.04,4,58.818119,False,True,1
-0.06,6,58.832958,False,True,1
-0.03,3,58.847741,False,True,1
-0.07,7,58.878768,False,True,1
-0.09,9,58.91576,False,True,1
9.88,12,58.959251,True,False,5
-0.11,11,59.002426,False,True,1
-0.18,18,59.065276,False,True,1
-0.04,4,59.080994,False,True,1
-0.06,6,59.110712,False,True,1
-0.12,12,59.154037,False,True,1
-0.02,2,59.154198,False,True,1
-0.12,12,59.214707,False,True,1
-0.03,3,59.229708,False,True,1
-0.28,28,59.337416,False,True,1
-0.02,2,59.35193,False,True,1
-0.15,15,59.39755,False,True,1
-0.08,8,59.427261,False,True,1
-0.09,9,59.470133,False,True,1
-0.06,6,59.48554,False,True,1
-0.01,1,59.485819,False,True,1
-0.22,22,59.625681,False,True,1
-0.01,1,59.62581,False,True,1
-0.01,1,59.625882,False,True,1
-0.16,16,59.68834,False,True,1
-0.03,3,59.703792,False,True,1
-0.06,6,59.736419,False,True,1
-0.04,4,59.752537,False,True,1
-0.02,2,59.752865,False,True,1
-0.09,9,59.786634,False,True,1
-0.05,5,59.818533,False,True,1
-0.13,13,59.866123,False,True,1
-0.04,4,59.883665,False,True,1
-0.14,14,59.931531,False,True,1
-0.15,15,59.99601,False,True,1
-0.08,8,60.028267,False,True,1
1.9,10,60.077309,False,True,3
1.92,8,60.110449,False,True,3
-0.08,8,60.142169,False,True,1
-0.08,8,60.174907,False,True,1
-0.01,1,60.175201,False,True,1
-0.07,7,60.207579,False,True,1
-0.05,5,60.223278,False,True,1
-0.01,1,60.223398,False,True,1
-0.01,1,60.223599,False,True,1
-0.02,2,60.239662,False,True,1
-0.01,1,60.239881,False,True,1
-0.1,10,60.288824,False,True,1
-0.01,1,60.289105,False,True,1
-0.04,4,60.305977,False,True,1
2.82,18,60.372301,False,True,4
-0.08,8,60.405181,False,True,1
-0.02,2,60.422185,False,True,1
-0.16,16,60.551528,False,True,1
-0.06,6,60.567129,False,True,1
-0.12,12,60.617016,False,True,1
-0.03,3,60.634174,False,True,1
-0.04,4,60.650197,False,True,1
-0.1,10,60.696737,False,True,1
-0.03,3,60.697012,False,True,1
2.87,13,60.761729,False,True,4
-0.06,6,60.777621,False,True,1
-0.08,8,60.810297,False,True,1
-0.02,2,60.825611,False,True,1
-0.01,1,60.825903,False,True,1
-0.02,2,60.826038,False,True,1
-0.27,27,60.937966,False,True,1
-0.06,6,60.970519,False,True,1
-0.03,3,60.970897,False,True,1
1.91,9,61.021417,False,True,3
-0.23,23,61.112623,False,True,1
-0.11,11,61.17084,False,True,1
-0.02,2,61.188702,False,True,1
-0.02,2,61.188941,False,True,1
-0.02,2,61.206657,False,True,1
1.94,6,61.224201,False,True,3
-0.06,6,61.256856,False,True,1
-0.11,11,61.289138,False,True,1
-0.02,2,61.305172,False,True,1
-0.02,2,61.305348,False,True,1
-0.09,9,61.354465,False,True,1
-0.12,12,61.45594,False,True,1
1.9,10,61.489952,False,True,3
-0.06,6,61.523597,False,True,1
-0.01,1,61.524002,False,True,1
-0.06,6,61.541329,False,True,1
-0.02,2,61.55771,False,True,1
-0.08,8,61.590505,False,True,1
-0.03,3,61.60718,False,True,1
-0.07,7,61.626284,False,True,1
-0.04,4,61.643095,False,True,1
0.88,12,61.695058,False,True,2
-0.14,14,61.768951,False,True,1
-0.02,2,61.76912,False,True,1
-0.18,18,61.8599,False,True,1
-0.02,2,61.860101,False,True,1
-0.07,7,61.896135,False,True,1
-0.05,5,61.921071,False,True,1
-0.08,8,61.959169,False,True,1
-0.09,9,62.015279,False,True,1
-0.08,8,62.05768,False,True,1
-0.01,1,62.057861,False,True,1
-0.06,6,62.078631,False,True,1
-0.09,9,62.13411,False,True,1
-0.09,9,62.17268,False,True,1
-0.04,4,62.192444,False,True,1
-0.08,8,62.228865,False,True,1
-0.06,6,62.247841,False,True,1
-0.1,10,62.302991,False,True,1
-0.04,4,62.321819,False,True,1
-0.01,1,62.322007,False,True,1
-0.03,3,62.339667,False,True,1
-0.01,1,62.339921,False,True,1
-0.14,14,62.411681,False,True,1
-0.06,6,62.430179,False,True,1
-0.04,4,62.449322,False,True,1
-0.01,1,62.449633,False,True,1
-0.01,1,62.46808,False,True,1
-0.01,1,62.468257,False,True,1
-0.01,1,62.468341,False,True,1
-0.02,2,62.486285,False,True,1
-0.06,6,62.503616,False,True,1
-0.05,5,62.521007,False,True,1
-0.05,5,62.55687,False,True,1
1.88,12,62.612224,False,True,3
-0.18,18,62.679213,False,True,1
-0.06,6,62.710968,False,True,1
-0.1,10,62.745166,False,True,1
-0.07,7,62.77619,False,True,1
0.91,9,62.80651,False,True,2
-0.05,5,62.822167,False,True,1
-0.1,10,62.871098,False,True,1
-0.04,4,62.889439,False,True,1
1.92,8,62.923011,False,True,3
-0.08,8,62.956387,False,True,1
-0.01,1,62.956519,False,True,1
-0.06,6,62.989385,False,True,1
1.91,9,63.02227,False,True,3
-0.12,12,63.069334,False,True,1
-0.01,1,63.06947,False,True,1
-0.03,3,63.086017,False,True,1
-0.1,10,63.158201,False,True,1
-0.02,2,63.183703,False,True,1
-0.04,4,63.199957,False,True,1
-0.08,8,63.234502,False,True,1
-0.01,1,63.234662,False,True,1
-0.01,1,63.234742,False,True,1
1.9,10,63.282556,False,True,3
-0.01,1,63.282835,False,True,1
1.8,20,63.363427,False,True,3
-0.18,18,63.441132,False,True,1
-0.02,2,63.441391,False,True,1
0.96,4,63.457052,False,True,2
0.95,5,63.473174,False,True,2
-0.04,4,63.489153,False,True,1
-0.11,11,63.536737,False,True,1
-0.05,5,63.553337,False,True,1
-0.08,8,63.580612,False,True,1
-0.06,6,63.611224,False,True,1
-0.06,6,63.626771,False,True,1
-0.01,1,63.643026,False,True,1
-0.03,3,63.643287,False,True,1
-0.2,20,63.719725,False,True,1
-0.03,3,63.734793,False,True,1
-0.06,6,63.769066,False,True,1
-0.13,13,63.817343,False,True,1
-0.04,4,63.833186,False,True,1
-0.07,7,63.864991,False,True,1
-0.01,1,63.865294,False,True,1
-0.02,2,63.865419,False,True,1
-0.01,1,63.88135,False,True,1
-0.03,3,63.881597,False,True,1
-0.05,5,63.913832,False,True,1
-0.02,2,63.91405,False,True,1
-0.07,7,63.946721,False,True,1
1.93,7,63.980656,False,True,3
-0.03,3,63.981126,False,True,1
-0.05,5,64.014452,False,True,1
-0.02,2,64.01466,False,True,1
-0.04,4,64.03151,False,True,1
-0.02,2,64.049574,False,True,1
-0.09,9,64.082699,False,True,1
-0.06,6,64.105165,False,True,1
-0.1,10,64.154935,False,True,1
-0.04,4,64.216314,False,True,1
-0.01,1,64.216718,False,True,1
-0.03,3,64.245236,False,True,1
-0.02,2,64.245427,False,True,1
0.81,19,64.329388,False,True,2
-0.01,1,64.329511,False,True,1
1.95,5,64.36166,False,True,3
-0.05,5,64.377584,False,True,1
-0.09,9,64.410075,False,True,1
-0.03,3,64.425436,False,True,1
-0.06,6,64.440429,False,True,1
-0.16,16,64.500853,False,True,1
0.81,19,64.581582,False,True,2
-0.01,1,64.581826,False,True,1
-0.03,3,64.59758,False,True,1
-0.03,3,64.613751,False,True,1
-0.09,9,64.646958,False,True,1
-0.03,3,64.662818,False,True,1
-0.03,3,64.679864,False,True,1
0.92,8,64.711529,False,True,2
-0.04,4,64.730376,False,True,1
0.92,8,64.76519,False,True,2
-0.17,17,64.833241,False,True,1
-0.1,10,64.866722,False,True,1
-0.03,3,64.885816,False,True,1
0.83,17,64.953878,False,True,2
-0.1,10,65.003974,False,True,1
-0.14,14,65.053005,False,True,1
-0.02,2,65.069315,False,True,1
-0.07,7,65.101385,False,True,1
-0.02,2,65.101683,False,True,1
-0.11,11,65.149165,False,True,1
1.95,5,65.166474,False,True,3
-0.03,3,65.182201,False,True,1
-0.01,1,65.182361,False,True,1
-0.03,3,65.198028,False,True,1
-0.04,4,65.215097,False,True,1
-0.01,1,65.215305,False,True,1
-0.01,1,65.215384,False,True,1
-0.04,4,65.267525,False,True,1
-0.07,7,65.3102,False,True,1
-0.05,5,65.3247,False,True,1
-0.07,7,65.358974,False,True,1
1.82,18,65.463635,False,True,3
2.92,8,65.500019,False,True,4
-0.07,7,65.519354,False,True,1
-0.01,1,65.53565,False,True,1
9.86,14,65.586406,True,False,5
-0.02,2,65.60281,False,True,1
-0.02,2,65.603016,False,True,1
1.85,15,65.672721,False,True,3
-0.12,12,65.732581,False,True,1
-0.01,1,65.73304,False,True,1
-0.06,6,65.768347,False,True,1
-0.06,6,65.785322,False,True,1
-0.02,2,65.800389,False,True,1
-0.01,1,65.800722,False,True,1
-0.02,2,65.800861,False,True,1
0.95,5,65.832898,False,True,2
-0.03,3,65.833168,False,True,1
-0.02,2,65.84947,False,True,1
-0.02,2,65.849952,False,True,1
-0.03,3,65.866565,False,True,1
-0.09,9,65.90143,False,True,1
-0.03,3,65.918254,False,True,1
-0.11,11,65.969232,False,True,1
-0.01,1,65.969368,False,True,1
-0.1,10,66.021924,False,True,1
-0.11,11,66.057801,False,True,1
1.75,25,66.192543,False,True,3
-0.06,6,66.209983,False,True,1
-0.08,8,66.240014,False,True,1
0.92,8,66.273409,False,True,2
-0.02,2,66.291591,False,True,1
-0.02,2,66.291797,False,True,1
-0.05,5,66.308935,False,True,1
-0.05,5,66.342997,False,True,1
-0.25,25,66.448338,False,True,1
-0.04,4,66.465702,False,True,1
-0.02,2,66.465999,False,True,1
-0.08,8,66.502393,False,True,1
-0.11,11,66.556631,False,True,1
-0.17,17,66.638801,False,True,1
1.83,17,66.722858,False,True,3
-0.09,9,66.758289,False,True,1
-0.05,5,66.776397,False,True,1
-0.11,11,66.824373,False,True,1
-0.02,2,66.824541,False,True,1
-0.01,1,66.841339,False,True,1
-0.08,8,66.873809,False,True,1
-0.06,6,66.889801,False,True,1
-0.1,10,66.97059,False,True,1
-0.17,17,67.045679,False,True,1
1.88,12,67.093416,False,True,3
-0.15,15,67.153635,False,True,1
1.97,3,67.153921,False,True,3
-0.12,12,67.200822,False,True,1
-0.01,1,67.215412,False,True,1
-0.06,6,67.230843,False,True,1
0.94,6,67.263521,False,True,2
1.94,6,67.28248,False,True,3
1.88,12,67.334519,False,True,3
-0.13,13,67.388199,False,True,1
-0.03,3,67.404594,False,True,1
1.93,7,67.438018,False,True,3
-0.06,6,67.453825,False,True,1
-0.02,2,67.469068,False,True,1
-0.02,2,67.469247,False,True,1
-0.07,7,67.504963,False,True,1
-0.23,23,67.60523,False,True,1
-0.02,2,67.605577,False,True,1
-0.03,3,67.620936,False,True,1
-0.04,4,67.637282,False,True,1
-0.01,1,67.637419,False,True,1
1.8,20,67.711674,False,True,3
-0.02,2,67.728877,False,True,1
-0.02,2,67.729215,False,True,1
-0.03,3,67.745394,False,True,1
-0.1,10,67.793351,False,True,1
-0.11,11,67.826632,False,True,1
-0.06,6,67.860083,False,True,1
-0.09,9,67.89246,False,True,1
-0.18,18,67.974213,False,True,1
-0.16,16,68.040323,False,True,1
-0.14,14,68.088129,False,True,1
-0.03,3,68.103349,False,True,1
-0.02,2,68.103528,False,True,1
-0.15,15,68.167307,False,True,1
-0.04,4,68.185395,False,True,1
-0.05,5,68.202758,False,True,1
-0.02,2,68.218961,False,True,1
-0.03,3,68.234699,False,True,1
-0.06,6,68.252735,False,True,1
-0.1,10,68.3111,False,True,1
-0.01,1,68.311314,False,True,1
-0.04,4,68.328636,False,True,1
-0.07,7,68.366084,False,True,1
-0.08,8,68.404063,False,True,1
-0.01,1,68.404312,False,True,1
-0.04,4,68.421535,False,True,1
-0.07,7,68.456505,False,True,1
-0.04,4,68.474788,False,True,1
-0.01,1,68.47496,False,True,1
-0.03,3,68.489805,False,True,1
-0.01,1,68.490129,False,True,1
-0.05,5,68.50647,False,True,1
-0.06,6,68.535563,False,True,1
-0.08,8,68.567674,False,True,1
-0.01,1,68.56799,False,True,1
-0.07,7,68.596983,False,True,1
1.96,4,68.611533,False,True,3
-0.01,1,68.611711,False,True,1
-0.16,16,68.67196,False,True,1
-0.01,1,68.672101,False,True,1
-0.09,9,68.701974,False,True,1
0.89,11,68.748597,False,True,2
-0.02,2,68.766151,False,True,1
-0.06,6,68.784511,False,True,1
-0.03,3,68.800963,False,True,1
-0.13,13,68.851717,False,True,1
-0.15,15,68.922666,False,True,1
-0.03,3,68.940148,False,True,1
-0.03,3,68.940594,False,True,1
-0.03,3,68.958215,False,True,1
1.95,5,68.976187,False,True,3
-0.02,2,68.992574,False,True,1
-0.24,24,69.092997,False,True,1
-0.14,14,69.136435,False,True,1
-0.08,8,69.205332,False,True,1
-0.07,7,69.244739,False,True,1
-0.01,1,69.244875,False,True,1
-0.14,14,69.305018,False,True,1
-0.11,11,69.352427,False,True,1
-0.01,1,69.352582,False,True,1
-0.01,1,69.352661,False,True,1
-0.03,3,69.375667,False,True,1
-0.04,4,69.403687,False,True,1
-0.04,4,69.478764,False,True,1
-0.09,9,69.548626,False,True,1
-0.04,4,69.579041,False,True,1
-0.1,10,69.630248,False,True,1
-0.04,4,69.646426,False,True,1
-0.12,12,69.691422,False,True,1
-0.03,3,69.691767,False,True,1
-0.06,6,69.734986,False,True,1
-0.03,3,69.753565,False,True,1
-0.02,2,69.753789,False,True,1
-0.04,4,69.769556,False,True,1
-0.07,7,69.8128,False,True,1
-0.07,7,69.847262,False,True,1
-0.02,2,69.847488,False,True,1
1.94,6,69.877282,False,True,3
-0.05,5,69.892529,False,True,1
-0.07,7,69.927652,False,True,1
-0.02,2,69.927851,False,True,1
-0.02,2,69.946403,False,True,1
-0.01,1,69.946726,False,True,1
-0.07,7,69.980943,False,True,1
-0.01,1,69.981109,False,True,1
0.92,8,70.013006,False,True,2
-0.09,9,70.044871,False,True,1
1.85,15,70.106256,False,True,3
1.96,4,70.12533,False,True,3
-0.06,6,70.147143,False,True,1
-0.04,4,70.181652,False,True,1
-0.05,5,70.215788,False,True,1
-0.02,2,70.216107,False,True,1
-0.06,6,70.246838,False,True,1
-0.01,1,70.247174,False,True,1
-0.08,8,70.276857,False,True,1
1.89,11,70.319765,False,True,3
-0.02,2,70.320002,False,True,1
-0.19,19,70.391706,False,True,1
-0.02,2,70.391882,False,True,1
-0.03,3,70.40911,False,True,1
-0.02,2,70.423187,False,True,1
-0.03,3,70.42375,False,True,1
-0.25,25,70.531152,False,True,1
-0.17,17,70.594221,False,True,1
-0.03,3,70.607259,False,True,1
1.96,4,70.621878,False,True,3
-0.02,2,70.622085,False,True,1
-0.02,2,70.635095,False,True,1
-0.05,5,70.648614,False,True,1
1.94,6,70.663973,False,True,3
-0.03,3,70.682332,False,True,1
-0.03,3,70.701789,False,True,1
-0.03,3,70.715041,False,True,1
-0.05,5,70.729621,False,True,1
-0.05,5,70.746458,False,True,1
-0.02,2,70.769254,False,True,1
-0.05,5,70.792405,False,True,1
-0.02,2,70.792787,False,True,1
1.96,4,70.829707,False,True,3
1.91,9,70.878562,False,True,3
-0.08,8,70.905967,False,True,1
-0.05,5,70.921234,False,True,1
0.95,5,70.935035,False,True,2
-0.03,3,70.949301,False,True,1
-0.04,4,70.963021,False,True,1
-0.07,7,70.993094,False,True,1
-0.12,12,71.036981,False,True,1
1.95,5,71.052395,False,True,3
1.91,9,71.081698,False,True,3
1.9,10,71.126688,False,True,3
-0.04,4,71.142279,False,True,1
-0.01,1,71.142444,False,True,1
-0.03,3,71.157505,False,True,1
-0.08,8,71.18704,False,True,1
-0.05,5,71.200841,False,True,1
-0.02,2,71.201011,False,True,1
-0.04,4,71.214689,False,True,1
-0.19,19,71.284127,False,True,1
-0.01,1,71.284255,False,True,1
1.88,12,71.323974,False,True,3
-0.03,3,71.337107,False,True,1
-0.01,1,71.337372,False,True,1
-0.06,6,71.364923,False,True,1
-0.02,2,71.365106,False,True,1
0.87,13,71.418149,False,True,2
-0.01,1,71.418436,False,True,1
-0.1,10,71.463743,False,True,1
-0.03,3,71.480584,False,True,1
-0.02,2,71.4962,False,True,1
-0.05,5,71.516279,False,True,1
-0.05,5,71.532219,False,True,1
-0.19,19,71.606836,False,True,1
-0.05,5,71.621742,False,True,1
-0.01,1,71.622013,False,True,1
-0.04,4,71.636947,False,True,1
-0.07,7,71.666181,False,True,1
-0.07,7,71.694202,False,True,1
-0.03,3,71.708604,False,True,1
-0.02,2,71.708953,False,True,1
-0.07,7,71.736954,False,True,1
-0.01,1,71.737094,False,True,1
-0.05,5,71.751599,False,True,1
-0.02,2,71.765741,False,True,1
-0.08,8,71.793523,False,True,1
-0.01,1,71.793663,False,True,1
-0.04,4,71.808462,False,True,1
-0.12,12,71.849783,False,True,1
-0.05,5,71.862998,False,True,1
-0.04,4,71.87645,False,True,1
0.9,10,71.918323,False,True,2
-0.08,8,71.945804,False,True,1
0.94,6,71.9595,False,True,2
1.9,10,72.000203,False,True,3
-0.09,9,72.038086,False,True,1
-0.07,7,72.068758,False,True,1
-0.17,17,72.129877,False,True,1
-0.01,1,72.130012,False,True,1
-0.18,18,72.200898,False,True,1
-0.04,4,72.214579,False,True,1
-0.04,4,72.227892,False,True,1
-0.02,2,72.228219,False,True,1
-0.04,4,72.242793,False,True,1
-0.12,12,72.289697,False,True,1
-0.03,3,72.305057,False,True,1
-0.02,2,72.319125,False,True,1
0.96,4,72.334356,False,True,2
-0.14,14,72.376199,False,True,1
-0.06,6,72.404242,False,True,1
-0.03,3,72.404487,False,True,1
-0.06,6,72.446227,False,True,1
-0.23,23,72.578099,False,True,1
-0.01,1,72.578271,False,True,1
-0.01,1,72.578353,False,True,1
-0.02,2,72.59425,False,True,1
1.89,11,72.626554,False,True,3
-0.02,2,72.642143,False,True,1
0.97,3,72.657335,False,True,2
-0.07,7,72.672537,False,True,1
-0.01,1,72.68695,False,True,1
0.95,5,72.701829,False,True,2
-0.07,7,72.734369,False,True,1
-0.03,3,72.734762,False,True,1
-0.04,4,72.750156,False,True,1
-0.06,6,72.780625,False,True,1
-0.02,2,72.780796,False,True,1
-0.2,20,72.853701,False,True,1
-0.02,2,72.868201,False,True,1
-0.02,2,72.868552,False,True,1
-0.03,3,72.883079,False,True,1
-0.01,1,72.883356,False,True,1
-0.02,2,72.897742,False,True,1
-0.1,10,72.926972,False,True,1
1.94,6,72.955595,False,True,3
-0.04,4,72.969658,False,True,1
-0.03,3,72.984856,False,True,1
-0.06,6,72.999769,False,True,1
-0.05,5,73.014557,False,True,1
-0.12,12,73.058879,False,True,1
1.91,9,73.101983,False,True,3
-0.15,15,73.144395,False,True,1
-0.01,1,73.159005,False,True,1
-0.09,9,73.188249,False,True,1
1.96,4,73.203324,False,True,3
0.91,9,73.23292,False,True,2
-0.03,3,73.247523,False,True,1
-0.01,1,73.247797,False,True,1
0.93,7,73.276359,False,True,2
-0.14,14,73.31752,False,True,1
-0.06,6,73.344542,False,True,1
-0.01,1,73.344826,False,True,1
-0.28,28,73.451314,False,True,1
-0.02,2,73.46513,False,True,1
0.93,7,73.479299,False,True,2
-0.11,11,73.52115,False,True,1
0.78,22,73.602401,False,True,2
-0.01,1,73.60257,False,True,1
-0.01,1,73.602652,False,True,1
-0.03,3,73.616722,False,True,1
1.87,13,73.657774,False,True,3
-0.04,4,73.671184,False,True,1
-0.06,6,73.69766,False,True,1
-0.07,7,73.712088,False,True,1
-0.15,15,73.765332,False,True,1
-0.07,7,73.79165,False,True,1
-0.01,1,73.791772,False,True,1
-0.18,18,73.860453,False,True,1
-0.06,6,73.87519,False,True,1
-0.04,4,73.890239,False,True,1
-0.05,5,73.905626,False,True,1
-0.06,6,73.936764,False,True,1
-0.11,11,73.981001,False,True,1
0.93,7,73.99561,False,True,2
-0.02,2,74.009872,False,True,1
-0.03,3,74.024496,False,True,1
-0.18,18,74.084453,False,True,1
-0.16,16,74.143126,False,True,1
-0.03,3,74.157356,False,True,1
-0.02,2,74.160071,False,True,1
-0.01,1,74.174876,False,True,1
-0.02,2,74.17525,False,True,1
-0.02,2,74.188833,False,True,1
-0.06,6,74.203959,False,True,1
-0.04,4,74.219281,False,True,1
-0.05,5,74.233217,False,True,1
-0.01,1,74.247327,False,True,1
-0.02,2,74.24789,False,True,1
-0.01,1,74.247972,False,True,1
1.89,11,74.289993,False,True,3
-0.02,2,74.303621,False,True,1
-0.01,1,74.30392,False,True,1
-0.1,10,74.333553,False,True,1
-0.03,3,74.347405,False,True,1
0.96,4,74.361271,False,True,2
-0.01,1,74.361542,False,True,1
-0.02,2,74.375646,False,True,1
-0.07,7,74.404276,False,True,1
-0.02,2,74.404479,False,True,1
-0.19,19,74.490786,False,True,1
