#{"t_start": 1787329158.1368918, "env_id": "None"}
r,l,t
-0.04,4,0.466313
-0.03,3,0.467678
-0.3,30,0.478518
0.77,23,0.486381
3.92,8,0.489275
-0.22,22,0.497333
-0.08,8,0.50036
-0.08,8,0.503296
1.92,8,0.506057
-0.1,10,0.509611
-0.02,2,0.510661
-0.01,1,0.511323
-0.05,5,0.947361
-0.05,5,0.949158
-0.11,11,0.952682
-0.05,5,0.954574
2.87,13,0.95915
1.9,10,0.962364
1.89,11,0.966415
1.9,10,0.970005
-0.14,14,0.974397
-0.06,6,0.976718
-0.03,3,0.977831
-0.01,1,0.978255
0.89,11,0.982301
1.91,9,0.985546
-0.08,8,0.988318
2.88,12,1.236001
1.92,8,1.23875
-0.05,5,1.240453
0.91,9,1.243382
-0.05,5,1.245053
-0.06,6,1.247495
-0.05,5,1.249212
1.75,25,1.257327
-0.01,1,1.257898
-0.18,18,1.264181
1.67,33,1.274786
1.87,13,1.732576
-0.18,18,1.738431
-0.1,10,1.742505
-0.05,5,1.744233
-0.06,6,1.746263
0.87,13,1.750991
-0.18,18,1.757356
-0.02,2,1.758136
-0.02,2,1.75895
-0.01,1,1.759386
1.93,7,1.761848
1.9,10,1.765362
-0.01,1,1.765818
-0.02,2,1.76665
-0.12,12,1.770763
-0.01,1,1.771257
-0.02,2,1.772036
-0.02,2,1.772803
-0.14,14,2.07472
-0.14,14,2.080391
-0.09,9,2.083691
-0.04,4,2.085173
-0.03,3,2.086254
-0.05,5,2.087936
-0.01,1,2.088357
-0.06,6,2.090411
0.96,4,2.091762
-0.03,3,2.092794
-0.03,3,2.094417
-0.02,2,2.095297
-0.11,11,2.099017
1.9,10,2.102349
-0.01,1,2.102783
1.95,5,2.104486
-0.06,6,2.106492
1.95,5,2.108163
-0.07,7,2.110466
-0.08,8,2.113085
1.93,7,2.115413
2.95,5,2.117094
-0.07,7,2.375657
-0.07,7,2.378662
3.93,7,2.381019
-0.07,7,2.383318
3.84,16,2.389016
1.96,4,2.390484
-0.01,1,2.390912
2.94,6,2.393134
2.94,6,2.395299
-0.02,2,2.396076
-0.1,10,2.399287
1.95,5,2.400965
-0.11,11,2.404509
1.92,8,2.407088
1.89,11,2.410867
1.96,4,2.412277
-0.01,1,2.412702
-0.01,1,2.413126
3.86,14,2.417516
-0.09,9,2.68629
1.89,11,2.690256
3.89,11,2.694384
3.91,9,2.697524
1.96,4,2.698926
1.94,6,2.700905
-0.01,1,2.701315
1.95,5,2.702956
0.97,3,2.704279
-0.03,3,2.70546
-0.01,1,2.705963
1.97,3,2.707114
1.96,4,2.708939
1.96,4,2.710495
-0.03,3,2.711602
5.89,11,2.715208
-0.02,2,2.71617
-0.01,1,2.716744
-0.03,3,2.717953
1.95,5,2.719767
1.92,8,2.72256
-0.03,3,2.723719
4.89,11,2.72748
1.95,5,2.729189
-0.02,2,2.729922
-0.02,2,2.730642
1.96,4,2.731987
1.94,6,2.955497
1.95,5,2.957321
-0.01,1,2.957756
3.93,7,2.960129
-0.01,1,2.960562
1.96,4,2.961907
1.94,6,2.964447
1.91,9,2.967791
-0.01,1,2.968234
-0.02,2,2.968984
1.94,6,2.970986
-0.02,2,2.971727
-0.06,6,2.974195
1.94,6,2.97625
-0.01,1,2.976682
3.94,6,2.97868
0.92,8,2.981279
1.97,3,2.982327
1.95,5,2.984254
1.95,5,2.986042
-0.01,1,2.986493
2.91,9,2.989489
-0.01,1,2.989915
1.96,4,2.991284
-0.01,1,2.991708
0.96,4,2.993068
1.97,3,2.994104
1.96,4,2.995444
3.95,5,2.997105
3.94,6,2.999502
1.96,4,3.197571
1.93,7,3.200334
-0.05,5,3.202423
3.94,6,3.204526
3.91,9,3.207888
3.93,7,3.210633
-0.01,1,3.211071
-0.02,2,3.211798
5.88,12,3.216096
1.96,4,3.217739
13.88,12,3.22194
1.96,4,3.223393
1.96,4,3.224832
1.96,4,3.226231
1.94,6,3.2283
-0.01,1,3.228728
3.95,5,3.230455
-0.04,4,3.231829
1.97,3,3.232886
3.95,5,3.23463
1.94,6,3.236757
-0.03,3,3.237863
-0.01,1,3.238289
3.9,10,3.241712
-0.01,1,3.24217
3.93,7,3.477381
1.95,5,3.479171
3.93,7,3.481459
1.95,5,3.483215
1.93,7,3.485829
3.9,10,3.489199
3.91,9,3.492607
-0.02,2,3.493418
-0.02,2,3.494155
1.97,3,3.495242
-0.01,1,3.495654
-0.02,2,3.496381
1.96,4,3.497725
-0.01,1,3.498133
1.97,3,3.499159
1.94,6,3.501145
-0.01,1,3.501579
-0.02,2,3.502743
3.92,8,3.506095
1.96,4,3.507522
-0.01,1,3.507939
1.94,6,3.509897
2.94,6,3.512076
-0.03,3,3.513335
5.9,10,3.516809
-0.01,1,3.517282
-0.02,2,3.518033
0.95,5,3.51974
2.91,9,3.736822
-0.01,1,3.73734
-0.02,2,3.7381
1.95,5,3.739796
1.95,5,3.741457
3.92,8,3.745061
-0.01,1,3.745765
1.97,3,3.747081
-0.01,1,3.74756
1.97,3,3.74869
1.97,3,3.749896
1.95,5,3.751616
3.95,5,3.753285
5.92,8,3.756305
3.95,5,3.758103
-0.02,2,3.758937
1.95,5,3.760651
13.9,10,3.764011
1.96,4,3.765498
3.95,5,3.767295
-0.01,1,3.767729
3.93,7,3.770081
-0.01,1,3.770504
1.94,6,3.772513
-0.01,1,3.772952
1.95,5,3.774645
1.96,4,3.776056
-0.01,1,3.77647
1.97,3,3.777534
5.93,7,3.779833
-0.01,1,3.780252
3.89,11,4.035641
1.96,4,4.037163
5.91,9,4.040186
3.91,9,4.043149
1.95,5,4.045437
-0.02,2,4.046269
1.95,5,4.047978
-0.05,5,4.049675
1.95,5,4.051621
0.96,4,4.053104
-0.01,1,4.05354
0.96,4,4.054927
-0.03,3,4.055989
-0.02,2,4.056722
-0.02,2,4.057449
5.92,8,4.060351
-0.01,1,4.060821
3.95,5,4.062483
1.92,8,4.065068
-0.04,4,4.066411
1.97,3,4.067446
3.95,5,4.069387
-0.03,3,4.070494
-0.03,3,4.071589
6.89,11,4.075738
-0.04,4,4.077199
3.95,5,4.079349
-0.02,2,4.080246
5.9,10,4.307357
1.97,3,4.308676
1.97,3,4.309822
-0.01,1,4.310252
1.96,4,4.311625
3.95,5,4.313303
1.96,4,4.314761
5.88,12,4.31879
1.97,3,4.319838
-0.04,4,4.321169
-0.01,1,4.321573
-0.01,1,4.321968
1.95,5,4.3236
1.96,4,4.325154
1.96,4,4.32735
1.97,3,4.328468
5.93,7,4.330786
3.91,9,4.334009
1.96,4,4.335698
3.95,5,4.33768
-0.01,1,4.338116
-0.03,3,4.339204
-0.01,1,4.339611
-0.01,1,4.34001
-0.01,1,4.340411
1.96,4,4.341769
1.96,4,4.343305
1.97,3,4.344366
-0.02,2,4.345094
-0.02,2,4.34582
1.95,5,4.347496
3.95,5,4.349185
1.97,3,4.350242
1.94,6,4.669689
-0.03,3,4.67086
-0.02,2,4.671594
3.94,6,4.673616
-0.04,4,4.675065
3.94,6,4.677589
-0.03,3,4.678955
3.93,7,4.681395
-0.01,1,4.681829
-0.02,2,4.68268
1.95,5,4.684473
-0.02,2,4.685227
3.93,7,4.687529
1.96,4,4.689137
5.91,9,4.692387
-0.01,1,4.692865
1.96,4,4.694281
1.93,7,4.696611
1.96,4,4.697984
1.96,4,4.69934
13.9,10,4.703096
-0.01,1,4.70361
3.93,7,4.705949
1.97,3,4.706991
-0.02,2,4.707706
1.97,3,4.708722
3.94,6,4.711083
-0.02,2,4.711913
5.93,7,4.714278
-0.03,3,4.715324
-0.02,2,4.941265
3.95,5,4.943154
-0.03,3,4.944222
3.95,5,4.945916
3.93,7,4.948214
-0.02,2,4.948926
-0.02,2,4.949642
1.95,5,4.951595
-0.02,2,4.952372
-0.03,3,4.953414
1.97,3,4.954442
1.96,4,4.955774
1.97,3,4.956792
-0.01,1,4.95719
-0.02,2,4.957906
1.94,6,4.959863
5.92,8,4.963169
-0.04,4,4.964649
1.97,3,4.965731
5.93,7,4.968791
1.96,4,4.970286
-0.01,1,4.970853
-0.02,2,4.971635
1.97,3,4.972716
1.97,3,4.973923
-0.03,3,4.975192
-0.03,3,4.976266
3.93,7,4.978568
3.93,7,4.981129
5.93,7,4.983635
1.97,3,4.984732
1.95,5,4.986433
1.94,6,5.215371
1.97,3,5.216699
3.95,5,5.218761
1.96,4,5.220178
1.97,3,5.221226
5.92,8,5.22395
1.96,4,5.225618
1.96,4,5.227023
1.93,7,5.229384
-0.01,1,5.22981
1.97,3,5.230876
5.92,8,5.23375
3.95,5,5.235546
-0.02,2,5.236287
-0.01,1,5.236705
13.9,10,5.239999
3.93,7,5.242677
5.93,7,5.259762
-0.01,1,5.260312
-0.01,1,5.260835
-0.01,1,5.26215
-0.02,2,5.265663
-0.01,1,5.266144
3.95,5,5.267838
1.97,3,5.268887
3.93,7,5.271843
3.95,5,5.274167
-0.01,1,5.274668
5.92,8,5.277414
3.94,6,5.279443
3.92,8,5.509659
-0.02,2,5.510485
1.97,3,5.511557
1.96,4,5.512911
3.95,5,5.514575
-0.01,1,5.514987
3.92,8,5.517763
-0.01,1,5.518209
1.97,3,5.519271
5.92,8,5.521855
1.97,3,5.52288
-0.02,2,5.52359
1.96,4,5.524922
-0.01,1,5.525363
3.95,5,5.527144
1.97,3,5.528209
0.97,3,5.529274
-0.02,2,5.530017
1.97,3,5.531045
-0.01,1,5.531448
-0.01,1,5.531865
-0.01,1,5.532263
-0.01,1,5.532663
3.95,5,5.535281
5.91,9,5.538848
-0.02,2,5.539739
3.94,6,5.542309
-0.01,1,5.542778
5.92,8,5.54538
-0.02,2,5.546095
1.97,3,5.54719
1.97,3,5.548311
-0.02,2,5.549047
-0.01,1,5.549466
5.92,8,5.552088
-0.01,1,5.552498
3.94,6,5.554464
1.97,3,5.808588
1.97,3,5.809997
-0.01,1,5.810442
3.94,6,5.812484
1.94,6,5.814487
1.96,4,5.815839
5.93,7,5.818616
1.95,5,5.820404
3.94,6,5.822398
-0.02,2,5.823129
1.97,3,5.824171
13.91,9,5.827825
1.96,4,5.829367
1.96,4,5.830768
-0.01,1,5.831181
-0.02,2,5.831907
-0.01,1,5.83232
-0.01,1,5.832726
13.9,10,5.836087
3.95,5,5.838025
1.97,3,5.839129
1.97,3,5.840208
-0.01,1,5.840626
1.96,4,5.84217
-0.01,1,5.842656
1.94,6,5.844739
3.94,6,5.846785
5.93,7,5.849116
-0.01,1,5.84953
5.93,7,5.85199
-0.01,1,5.852428
3.95,5,5.854227
1.97,3,6.123587
5.93,7,6.126006
3.94,6,6.128015
1.97,3,6.129063
5.92,8,6.131625
3.94,6,6.134369
-0.01,1,6.13488
1.97,3,6.136088
-0.01,1,6.136572
1.97,3,6.137682
-0.01,1,6.138103
1.97,3,6.13916
-0.02,2,6.139892
5.93,7,6.142244
1.96,4,6.1436
1.96,4,6.144939
-0.01,1,6.145359
-0.02,2,6.146084
1.97,3,6.147119
3.95,5,6.148773
1.97,3,6.149821
1.97,3,6.151034
1.97,3,6.152128
5.92,8,6.15489
5.93,7,6.157271
3.94,6,6.160048
1.97,3,6.161355
1.97,3,6.162486
1.97,3,6.163582
3.94,6,6.165579
1.97,3,6.166763
-0.01,1,6.16733
3.95,5,6.169085
-0.01,1,6.169515
-0.02,2,6.410069
3.94,6,6.412682
-0.01,1,6.413234
1.95,5,6.41548
-0.01,1,6.416029
13.9,10,6.419991
-0.01,1,6.420454
3.94,6,6.422437
1.96,4,6.423789
3.94,6,6.426025
3.94,6,6.42809
-0.02,2,6.429093
-0.01,1,6.42971
3.95,5,6.431773
1.97,3,6.43284
-0.01,1,6.433256
1.97,3,6.434382
-0.02,2,6.435148
3.94,6,6.437116
-0.01,1,6.437518
3.95,5,6.43951
3.95,5,6.44155
-0.01,1,6.442057
1.97,3,6.443114
3.95,5,6.444772
1.96,4,6.44613
3.91,9,6.449281
1.95,5,6.452096
-0.01,1,6.452588
1.97,3,6.45379
1.97,3,6.455029
1.97,3,6.456177
-0.01,1,6.45662
-0.02,2,6.457472
-0.01,1,6.457922
-0.02,2,6.458994
-0.01,1,6.459656
5.93,7,6.748885
1.97,3,6.750248
3.93,7,6.752848
1.96,4,6.754228
3.95,5,6.755953
-0.01,1,6.756364
1.97,3,6.758016
1.96,4,6.759579
5.92,8,6.762255
1.97,3,6.763306
1.97,3,6.764345
13.9,10,6.767919
3.95,5,6.769661
1.96,4,6.771062
3.93,7,6.773374
-0.02,2,6.77423
1.96,4,6.775615
1.97,3,6.776656
1.97,3,6.778021
1.95,5,6.779792
3.92,8,6.782476
3.95,5,6.784317
1.97,3,6.785766
1.96,4,6.787735
-0.01,1,6.788237
3.95,5,6.790147
5.93,7,6.793084
1.97,3,6.794215
-0.01,1,6.794646
-0.02,2,6.795387
5.92,8,7.034331
-0.01,1,7.034826
5.93,7,7.037159
3.94,6,7.039155
-0.01,1,7.039593
-0.01,1,7.04005
3.94,6,7.042711
-0.01,1,7.043215
3.95,5,7.044958
-0.01,1,7.045383
1.97,3,7.046459
1.97,3,7.047511
3.94,6,7.049527
1.95,5,7.051322
1.97,3,7.052595
13.9,10,7.055888
1.97,3,7.056957
1.95,5,7.058834
-0.02,2,7.05964
1.96,4,7.061023
1.97,3,7.062073
3.94,6,7.064116
1.96,4,7.065479
-0.02,2,7.066199
-0.03,3,7.067368
1.97,3,7.068432
-0.01,1,7.068842
-0.02,2,7.069564
1.97,3,7.070595
3.95,5,7.072265
1.97,3,7.073324
1.97,3,7.074472
3.94,6,7.077588
5.92,8,7.348995
-0.02,2,7.350183
1.97,3,7.351482
-0.01,1,7.351915
1.97,3,7.353
3.95,5,7.354686
1.97,3,7.355742
5.92,8,7.358568
-0.02,2,7.359328
1.97,3,7.360376
1.95,5,7.362063
1.97,3,7.363115
3.95,5,7.364799
1.97,3,7.365834
1.96,4,7.367362
1.96,4,7.368864
1.97,3,7.369959
5.92,8,7.372646
-0.02,2,7.373544
1.97,3,7.374623
3.95,5,7.376321
5.93,7,7.379445
3.94,6,7.38148
-0.02,2,7.382239
1.96,4,7.384066
-0.02,2,7.385091
-0.01,1,7.385591
-0.02,2,7.386444
-0.02,2,7.387315
1.97,3,7.388524
5.92,8,7.391298
1.94,6,7.393591
5.93,7,7.622199
-0.01,1,7.622745
3.95,5,7.624508
-0.01,1,7.625072
-0.01,1,7.625582
-0.01,1,7.626036
-0.02,2,7.626802
5.93,7,7.629127
5.93,7,7.631894
5.9,10,7.635382
5.92,8,7.637997
1.97,3,7.639051
3.94,6,7.641025
1.94,6,7.643481
-0.01,1,7.643918
3.95,5,7.645632
-0.02,2,7.646362
3.94,6,7.648347
3.95,5,7.650007
1.94,6,7.652391
-0.02,2,7.653224
3.95,5,7.654968
1.97,3,7.656037
-0.02,2,7.65679
3.95,5,7.65879
-0.01,1,7.659485
3.94,6,7.662012
1.96,4,7.663612
1.96,4,7.665223
1.96,4,7.666951
1.95,5,7.66883
-0.02,2,7.669563
1.96,4,7.937852
1.97,3,7.939049
1.97,3,7.940133
-0.02,2,7.940869
1.94,6,7.942928
-0.03,3,7.943989
3.95,5,7.945863
-0.01,1,7.946615
1.97,3,7.947796
3.91,9,7.951335
-0.02,2,7.952177
5.93,7,7.954529
-0.01,1,7.954954
3.95,5,7.956955
3.95,5,7.959042
-0.02,2,7.959959
-0.01,1,7.960433
5.92,8,7.963073
5.91,9,7.966439
1.97,3,7.967503
3.93,7,7.969804
5.93,7,7.972076
3.95,5,7.973737
-0.03,3,7.974887
-0.02,2,7.975626
-0.02,2,7.976646
3.93,7,7.979073
1.97,3,7.980142
-0.02,2,7.980869
3.95,5,7.982547
1.96,4,7.984144
1.97,3,8.220282
3.92,8,8.223016
3.95,5,8.225102
1.97,3,8.226243
1.97,3,8.227318
-0.01,1,8.227725
3.94,6,8.230334
5.93,7,8.232771
-0.01,1,8.233219
1.97,3,8.234385
3.95,5,8.236091
3.95,5,8.237777
1.95,5,8.239461
5.93,7,8.241945
1.97,3,8.243121
3.95,5,8.245082
-0.02,2,8.245855
1.97,3,8.246922
3.94,6,8.248923
-0.01,1,8.249337
-0.01,1,8.249743
-0.02,2,8.250459
3.95,5,8.252547
3.95,5,8.254414
1.97,3,8.255498
3.92,8,8.258165
3.94,6,8.260316
1.97,3,8.26137
-0.03,3,8.262405
1.97,3,8.263489
5.92,8,8.461462
1.95,5,8.463478
3.91,9,8.467152
-0.03,3,8.468281
5.92,8,8.471214
1.97,3,8.472489
-0.02,2,8.473258
1.97,3,8.474622
3.94,6,8.476695
1.96,4,8.478054
1.94,6,8.480017
1.97,3,8.481447
1.97,3,8.482749
1.97,3,8.484118
-0.02,2,8.484921
1.96,4,8.486303
1.97,3,8.487362
-0.02,2,8.488084
-0.01,1,8.488488
1.97,3,8.489534
-0.01,1,8.489935
3.94,6,8.49298
1.97,3,8.494543
5.91,9,8.497834
1.97,3,8.498941
3.94,6,8.501375
1.96,4,8.502901
1.97,3,8.503972
-0.02,2,8.504696
5.93,7,8.507046
1.97,3,8.508104
1.95,5,8.509801
-0.01,1,8.510219
1.96,4,8.762916
-0.03,3,8.764061
-0.01,1,8.764493
-0.02,2,8.765217
1.97,3,8.766255
5.91,9,8.769601
1.97,3,8.770701
1.97,3,8.772072
1.97,3,8.773243
13.91,9,8.776552
13.91,9,8.779514
1.97,3,8.780564
1.96,4,8.782167
1.97,3,8.78344
3.95,5,8.785339
1.94,6,8.787362
3.94,6,8.78935
5.93,7,8.792138
1.97,3,8.793307
1.97,3,8.794569
3.95,5,8.796298
3.95,5,8.798004
3.95,5,8.799893
-0.01,1,8.800323
0.97,3,8.801516
5.93,7,8.803826
-0.02,2,8.804538
13.89,11,8.808078
1.97,3,9.028105
3.95,5,9.030186
1.96,4,9.031696
13.9,10,9.035563
-0.02,2,9.03636
3.93,7,9.039217
5.93,7,9.041679
3.94,6,9.043757
-0.03,3,9.044798
3.95,5,9.046541
-0.02,2,9.04746
1.97,3,9.048564
5.92,8,9.051414
3.95,5,9.053177
1.96,4,9.054687
1.97,3,9.055767
5.93,7,9.05836
-0.01,1,9.058868
1.97,3,9.059954
3.95,5,9.061639
-0.04,4,9.063022
3.95,5,9.064713
5.93,7,9.067152
1.95,5,9.068878
1.97,3,9.069922
1.94,6,9.071966
1.97,3,9.073082
3.95,5,9.287202
1.97,3,9.288437
3.95,5,9.29025
1.96,4,9.292063
-0.01,1,9.292664
3.92,8,9.295357
1.95,5,9.29765
-0.01,1,9.298161
3.95,5,9.300278
-0.01,1,9.300788
1.96,4,9.30221
13.91,9,9.305158
1.97,3,9.306752
1.97,3,9.308018
1.97,3,9.309174
1.96,4,9.310703
3.95,5,9.312534
1.97,3,9.313614
-0.01,1,9.314314
3.95,5,9.316421
5.92,8,9.319103
1.97,3,9.320149
1.97,3,9.321193
1.97,3,9.322224
3.93,7,9.324514
-0.01,1,9.324926
13.89,11,9.328765
1.97,3,9.329866
1.96,4,9.331236
1.95,5,9.332892
-0.04,4,9.334227
1.96,4,9.60603
1.97,3,9.607195
1.97,3,9.608238
1.97,3,9.609269
1.97,3,9.61029
-0.01,1,9.610692
1.97,3,9.611708
3.92,8,9.614562
-0.01,1,9.615181
5.91,9,9.618289
3.95,5,9.620263
1.97,3,9.621509
-0.02,2,9.622293
-0.02,2,9.623063
-0.02,2,9.623815
1.96,4,9.625615
3.95,5,9.627406
13.91,9,9.630357
1.97,3,9.63142
5.93,7,9.633695
3.94,6,9.635961
5.93,7,9.63837
1.96,4,9.639737
-0.03,3,9.64079
5.93,7,9.64313
-0.04,4,9.644508
-0.02,2,9.645225
1.97,3,9.646261
1.97,3,9.647284
1.95,5,9.648939
-0.01,1,9.649347
1.97,3,9.650374
1.97,3,9.897892
1.97,3,9.899081
-0.02,2,9.899823
1.97,3,9.900872
1.97,3,9.901908
1.96,4,9.903257
3.95,5,9.904895
3.95,5,9.906542
3.94,6,9.908488
3.94,6,9.91085
-0.02,2,9.911698
5.93,7,9.914058
3.95,5,9.915785
1.95,5,9.917466
-0.02,2,9.918188
3.93,7,9.921018
1.95,5,9.922803
-0.01,1,9.923237
1.97,3,9.92454
3.95,5,9.926411
5.93,7,9.928809
3.93,7,9.931143
3.94,6,9.933259
1.97,3,9.934375
1.97,3,9.935417
1.97,3,9.936471
3.94,6,9.938452
-0.02,2,9.939183
-0.03,3,9.940215
1.96,4,9.941563
5.91,9,10.119482
-0.01,1,10.119977
1.97,3,10.121057
1.97,3,10.122118
-0.02,2,10.123354
5.9,10,10.12717
5.9,10,10.130616
3.95,5,10.132344
1.97,3,10.133433
1.97,3,10.134542
5.93,7,10.136892
3.95,5,10.138577
1.97,3,10.139634
3.95,5,10.141562
1.97,3,10.142731
1.97,3,10.143783
3.93,7,10.146032
3.95,5,10.147675
1.97,3,10.148698
3.93,7,10.150931
-0.02,2,10.151909
-0.02,2,10.152697
1.97,3,10.15377
3.95,5,10.155473
-0.02,2,10.156211
1.97,3,10.157256
-0.01,1,10.157741
3.95,5,10.159525
3.95,5,10.161494
1.97,3,10.162716
-0.02,2,10.16348
-0.02,2,10.418846
1.93,7,10.421371
3.95,5,10.423092
1.97,3,10.424127
1.95,5,10.425956
1.97,3,10.427129
3.95,5,10.428857
-0.03,3,10.429904
3.95,5,10.431586
2.94,6,10.434014
1.94,6,10.436104
13.9,10,10.43937
1.97,3,10.440419
-0.03,3,10.441454
-0.02,2,10.442192
-0.01,1,10.442714
5.92,8,10.445556
-0.01,1,10.445984
1.97,3,10.447048
3.95,5,10.448733
3.93,7,10.451024
-0.02,2,10.451751
1.97,3,10.452794
1.97,3,10.453851
-0.05,5,10.455639
5.91,9,10.458935
1.97,3,10.46007
3.91,9,10.463015
3.95,5,10.754408
1.97,3,10.755564
5.93,7,10.757923
5.91,9,10.761117
-0.02,2,10.762046
1.97,3,10.763229
1.97,3,10.764437
1.96,4,10.765829
3.95,5,10.767579
1.96,4,10.76896
1.95,5,10.770647
3.95,5,10.772335
3.95,5,10.774
1.97,3,10.775108
5.92,8,10.777894
-0.03,3,10.778993
1.96,4,10.780389
1.97,3,10.781449
3.91,9,10.785604
5.92,8,10.788456
1.94,6,10.790513
-0.03,3,10.79178
1.97,3,10.792947
1.97,3,10.794027
3.95,5,10.795796
1.97,3,10.797192
1.97,3,10.798332
1.94,6,10.800438
-0.04,4,11.005399
3.94,6,11.007552
-0.02,2,11.008365
-0.02,2,11.009288
1.95,5,11.011013
5.93,7,11.013311
1.97,3,11.014478
1.97,3,11.015549
1.97,3,11.016629
1.93,7,11.018957
1.97,3,11.01999
3.94,6,11.021947
-0.02,2,11.022654
3.95,5,11.024302
5.93,7,11.027112
1.97,3,11.028245
1.94,6,11.030245
1.97,3,11.03128
5.92,8,11.034071
13.91,9,11.037262
1.96,4,11.038629
1.97,3,11.039664
1.97,3,11.040707
5.93,7,11.043025
3.93,7,11.045683
-0.03,3,11.046841
1.95,5,11.048565
-0.01,1,11.04899
1.97,3,11.246921
13.9,10,11.250722
1.97,3,11.251884
1.97,3,11.25295
1.93,7,11.255355
1.97,3,11.256686
-0.02,2,11.257488
5.84,16,11.262801
1.97,3,11.263872
3.94,6,11.26586
3.95,5,11.267729
1.97,3,11.268804
1.93,7,11.271093
1.94,6,11.273054
1.97,3,11.274092
3.95,5,11.275745
1.93,7,11.278371
3.95,5,11.280146
3.95,5,11.281815
3.95,5,11.283644
3.95,5,11.285357
-0.05,5,11.287363
3.95,5,11.289106
1.96,4,11.290475
13.91,9,11.562753
-0.01,1,11.563244
1.97,3,11.564307
1.97,3,11.565357
5.93,7,11.567719
1.97,3,11.568766
3.93,7,11.571094
1.96,4,11.572734
1.97,3,11.574308
3.91,9,11.57806
-0.01,1,11.57852
3.95,5,11.580335
-0.06,6,11.583034
1.91,9,11.586048
1.97,3,11.587083
1.97,3,11.588103
3.93,7,11.590345
0.97,3,11.591392
5.92,8,11.59416
3.92,8,11.596774
-0.01,1,11.597188
1.94,6,11.599149
-0.02,2,11.599864
1.94,6,11.602121
1.94,6,11.604074
5.89,11,11.800577
3.89,11,11.804708
-0.01,1,11.805173
1.96,4,11.806529
3.95,5,11.80818
1.97,3,11.809716
3.95,5,11.811576
5.78,22,11.818972
1.97,3,11.820081
1.97,3,11.821116
5.92,8,11.823709
3.94,6,11.825676
1.94,6,11.827634
3.95,5,11.829284
5.89,11,11.833093
3.95,5,11.834965
5.93,7,11.83727
-0.13,13,11.841493
1.97,3,11.84258
1.96,4,11.844012
-0.05,5,12.198817
-0.01,1,12.199308
1.97,3,12.20087
1.97,3,12.202027
3.91,9,12.204947
1.94,6,12.207466
1.97,3,12.208857
-0.01,1,12.209393
5.92,8,12.212146
1.97,3,12.213208
1.97,3,12.214257
5.92,8,12.216866
1.97,3,12.217915
1.97,3,12.218966
5.87,13,12.223131
-0.04,4,12.224473
-0.01,1,12.224881
3.95,5,12.226539
1.97,3,12.22759
1.97,3,12.228626
-0.02,2,12.229348
1.94,6,12.231314
1.97,3,12.232349
1.97,3,12.233376
-0.05,5,12.235015
3.95,5,12.236662
3.91,9,12.239544
1.96,4,12.240889
3.94,6,12.495553
1.97,3,12.496763
3.95,5,12.498461
3.95,5,12.500173
-0.11,11,12.50418
1.97,3,12.50541
3.95,5,12.507136
-0.03,3,12.508199
-0.1,10,12.511436
1.91,9,12.514316
5.92,8,12.516882
-0.02,2,12.517595
1.97,3,12.518616
13.91,9,12.521511
1.97,3,12.522545
-0.03,3,12.523555
1.94,6,12.525493
1.95,5,12.527117
5.93,7,12.52938
1.93,7,12.531615
3.95,5,12.533642
13.91,9,12.537055
1.94,6,12.755517
1.96,4,12.757064
5.93,7,12.75985
1.97,3,12.760969
1.92,8,12.763595
13.91,9,12.767095
1.95,5,12.768898
1.97,3,12.769948
1.95,5,12.771633
3.95,5,12.773281
1.94,6,12.77531
1.96,4,12.776736
3.95,5,12.778419
1.97,3,12.779458
3.92,8,12.782042
3.95,5,12.783877
3.95,5,12.785825
1.95,5,12.787543
3.94,6,12.7896
1.97,3,12.790688
1.95,5,12.792342
3.95,5,12.793994
3.95,5,12.796178
1.97,3,12.797353
13.91,9,12.800341
13.91,9,12.994756
1.97,3,12.995858
-0.02,2,12.996607
3.95,5,12.998332
5.93,7,13.001207
1.97,3,13.002513
1.97,3,13.003616
1.97,3,13.0048
-0.01,1,13.005216
3.94,6,13.007236
1.96,4,13.008758
3.95,5,13.010553
1.97,3,13.011812
1.97,3,13.012892
3.95,5,13.014591
1.96,4,13.015945
5.9,10,13.019211
1.97,3,13.020251
1.96,4,13.021606
-0.02,2,13.022329
3.95,5,13.024006
1.97,3,13.025031
-0.02,2,13.025761
5.93,7,13.028033
3.95,5,13.029687
1.96,4,13.031027
3.95,5,13.03267
3.95,5,13.03432
1.97,3,13.035349
3.95,5,13.251485
1.97,3,13.252762
1.97,3,13.253882
1.97,3,13.255139
1.95,5,13.256907
1.94,6,13.259244
3.95,5,13.261283
5.9,10,13.264677
1.97,3,13.265743
3.95,5,13.267513
-0.03,3,13.268675
1.95,5,13.270388
-0.02,2,13.271128
3.95,5,13.272823
3.95,5,13.274647
1.97,3,13.27592
-0.02,2,13.276701
1.97,3,13.277759
3.94,6,13.279759
3.95,5,13.281412
1.97,3,13.282441
1.97,3,13.28363
5.93,7,13.286601
1.97,3,13.287741
1.96,4,13.289143
3.95,5,13.290794
1.97,3,13.29183
3.95,5,13.293495
3.95,5,13.29555
1.97,3,13.296825
1.94,6,13.5248
3.92,8,13.527528
3.95,5,13.529205
-0.01,1,13.529619
3.95,5,13.531261
3.92,8,13.53383
1.97,3,13.534842
1.95,5,13.536474
3.95,5,13.538102
3.95,5,13.539734
1.97,3,13.54162
3.94,6,13.54393
1.95,5,13.545666
1.96,4,13.547041
-0.01,1,13.547461
3.92,8,13.550155
-0.01,1,13.550624
13.9,10,13.554282
5.92,8,13.557296
13.9,10,13.560529
-0.04,4,13.56186
3.94,6,13.563947
-0.03,3,13.565189
3.9,10,13.568686
13.91,9,13.777747
1.97,3,13.778864
-0.03,3,13.779904
1.97,3,13.78095
1.96,4,13.782298
13.89,11,13.786298
3.93,7,13.789149
3.95,5,13.790891
5.93,7,13.793523
5.93,7,13.79612
1.97,3,13.797224
5.93,7,13.799574
3.95,5,13.801488
1.97,3,13.802639
3.95,5,13.804607
1.97,3,13.805826
1.96,4,13.807511
1.93,7,13.810004
3.95,5,13.811666
1.97,3,13.812711
1.96,4,13.814045
1.97,3,13.815075
-0.02,2,13.816083
1.97,3,13.817342
3.93,7,13.819722
3.94,6,13.821733
1.94,6,14.050471
1.97,3,14.052396
5.93,7,14.055181
-0.04,4,14.056602
1.97,3,14.057646
3.94,6,14.059619
1.97,3,14.060671
3.91,9,14.063539
1.97,3,14.06504
5.91,9,14.06862
5.92,8,14.071324
5.93,7,14.073613
-0.02,2,14.074601
3.95,5,14.076569
3.93,7,14.07896
1.97,3,14.080085
-0.02,2,14.080834
3.93,7,14.083167
13.91,9,14.086377
1.97,3,14.08745
1.95,5,14.089139
3.93,7,14.091489
1.97,3,14.092567
5.93,7,14.094873
1.97,3,14.286473
1.97,3,14.287623
1.97,3,14.288692
1.97,3,14.289753
1.97,3,14.290808
3.95,5,14.292927
1.96,4,14.294428
5.93,7,14.297147
1.96,4,14.29864
1.97,3,14.29978
1.97,3,14.301072
3.95,5,14.302904
1.96,4,14.304278
1.97,3,14.305497
1.97,3,14.306625
-0.02,2,14.307395
3.93,7,14.309955
1.97,3,14.311033
1.97,3,14.31213
3.94,6,14.31414
1.95,5,14.315838
1.97,3,14.317
1.97,3,14.318082
1.96,4,14.31944
-0.01,1,14.319849
1.97,3,14.320875
1.97,3,14.321905
5.92,8,14.324475
-0.01,1,14.324891
1.97,3,14.32591
1.96,4,14.32724
-0.01,1,14.327644
1.97,3,14.328681
3.95,5,14.330773
1.95,5,14.332782
13.91,9,14.564182
5.9,10,14.567555
-0.03,3,14.568617
5.93,7,14.571383
1.93,7,14.574125
3.95,5,14.576658
3.95,5,14.578623
1.97,3,14.579716
1.94,6,14.581759
1.95,5,14.583917
1.97,3,14.585099
3.95,5,14.586821
1.97,3,14.58789
5.9,10,14.591137
1.96,4,14.592887
3.94,6,14.594992
5.91,9,14.598265
1.96,4,14.599663
1.96,4,14.60102
3.95,5,14.602691
1.97,3,14.603738
1.97,3,14.604765
3.94,6,14.606715
5.91,9,14.834287
13.91,9,14.837378
5.93,7,14.839723
1.95,5,14.841769
1.97,3,14.843098
1.96,4,14.844552
1.97,3,14.845636
5.92,8,14.848336
1.97,3,14.849422
1.95,5,14.851235
-0.02,2,14.852045
1.97,3,14.853132
-0.03,3,14.854278
5.93,7,14.856636
1.95,5,14.858398
1.97,3,14.85954
13.89,11,14.863168
1.97,3,14.864223
3.95,5,14.865907
-0.02,2,14.866812
13.9,10,14.870732
-0.03,3,14.871824
1.97,3,14.872864
-0.02,2,14.873595
5.93,7,14.876442
13.91,9,15.107196
1.97,3,15.108346
1.97,3,15.109412
3.94,6,15.111446
1.95,5,15.113099
1.97,3,15.114138
1.95,5,15.116216
1.96,4,15.117746
5.92,8,15.120442
1.97,3,15.121505
1.97,3,15.122598
1.96,4,15.124034
5.93,7,15.126766
1.97,3,15.127866
3.93,7,15.130318
3.93,7,15.132747
3.93,7,15.135062
1.96,4,15.136421
3.95,5,15.138071
1.97,3,15.139102
3.95,5,15.140732
1.97,3,15.141781
3.93,7,15.144023
5.92,8,15.1466
1.97,3,15.147623
3.95,5,15.149268
1.97,3,15.150289
3.94,6,15.3326
1.97,3,15.334106
3.94,6,15.336197
1.96,4,15.337557
5.91,9,15.34089
1.97,3,15.342249
3.92,8,15.344911
3.95,5,15.346559
3.95,5,15.34821
1.94,6,15.350374
1.94,6,15.352931
1.96,4,15.354443
1.97,3,15.355574
-0.03,3,15.356722
-0.01,1,15.357196
1.97,3,15.35833
-0.04,4,15.359821
1.97,3,15.360932
1.97,3,15.362058
3.94,6,15.364188
3.93,7,15.366692
3.93,7,15.369056
1.94,6,15.371122
1.95,5,15.37321
1.95,5,15.375075
1.97,3,15.376217
1.94,6,15.575122
5.9,10,15.579239
1.94,6,15.581262
1.95,5,15.582921
1.94,6,15.585597
1.97,3,15.586754
1.95,5,15.588494
1.97,3,15.589614
5.9,10,15.593089
1.97,3,15.594186
3.95,5,15.595848
1.97,3,15.596882
-0.04,4,15.598225
1.95,5,15.599967
1.95,5,15.601734
5.93,7,15.604191
3.93,7,15.606605
3.94,6,15.608685
3.94,6,15.610675
5.93,7,15.612948
5.92,8,15.615518
1.97,3,15.61658
3.95,5,15.6186
1.96,4,15.619992
1.92,8,15.831403
1.96,4,15.832847
1.96,4,15.834658
1.95,5,15.836448
-0.02,2,15.837182
3.94,6,15.839602
3.95,5,15.841398
5.93,7,15.843903
1.95,5,15.845584
3.94,6,15.847551
3.93,7,15.849861
5.93,7,15.852231
1.97,3,15.853299
1.96,4,15.854949
3.95,5,15.856736
1.96,4,15.85811
1.97,3,15.859234
1.97,3,15.860288
1.97,3,15.861322
3.95,5,15.862981
3.95,5,15.864616
3.93,7,15.866879
1.95,5,15.86851
1.97,3,15.869855
1.97,3,15.871
1.96,4,15.872397
5.93,7,16.043051
1.97,3,16.044258
3.95,5,16.045956
1.96,4,16.04731
-0.03,3,16.048338
1.97,3,16.049374
1.93,7,16.051917
3.92,8,16.055366
1.97,3,16.056474
5.91,9,16.059564
1.97,3,16.060665
3.95,5,16.062398
5.93,7,16.064759
1.97,3,16.065823
3.93,7,16.068397
1.97,3,16.069448
5.93,7,16.071736
3.95,5,16.073609
5.93,7,16.076611
-0.02,2,16.077578
1.94,6,16.079723
1.97,3,16.08085
3.95,5,16.082578
5.92,8,16.085417
1.97,3,16.086757
1.97,3,16.087971
3.95,5,16.089675
1.96,4,16.283927
1.97,3,16.28506
1.97,3,16.286113
-0.03,3,16.287145
1.95,5,16.288801
3.95,5,16.291071
-0.02,2,16.292051
1.96,4,16.293648
1.97,3,16.294794
13.91,9,16.297757
1.97,3,16.2988
3.95,5,16.300478
3.95,5,16.302503
-0.01,1,16.303019
3.95,5,16.304811
-0.01,1,16.305227
1.97,3,16.306258
1.94,6,16.308209
3.95,5,16.309902
-0.02,2,16.310625
1.94,6,16.312986
1.97,3,16.314297
13.91,9,16.317813
1.95,5,16.319502
3.95,5,16.321157
1.95,5,16.323324
1.97,3,16.324669
3.95,5,16.327236
3.94,6,16.329426
1.97,3,16.330498
1.97,3,16.550896
1.97,3,16.552067
1.94,6,16.55405
5.92,8,16.556637
-0.03,3,16.557675
1.97,3,16.558753
1.97,3,16.559804
5.93,7,16.562393
1.97,3,16.563548
3.93,7,16.565861
-0.03,3,16.566902
1.96,4,16.568264
3.94,6,16.570232
1.95,5,16.572234
3.95,5,16.574209
3.92,8,16.577162
3.95,5,16.578903
-0.04,4,16.580284
3.95,5,16.582254
1.97,3,16.583519
13.89,11,16.587127
5.93,7,16.589422
1.97,3,16.590465
1.97,3,16.591495
1.97,3,16.592739
1.95,5,16.594509
-0.01,1,16.594939
13.91,9,16.818426
3.95,5,16.820199
1.97,3,16.821254
3.95,5,16.822927
3.95,5,16.824729
-0.03,3,16.82684
3.95,5,16.828675
3.93,7,16.830984
1.97,3,16.832021
3.95,5,16.83369
-0.05,5,16.835825
1.97,3,16.837163
3.93,7,16.83969
3.94,6,16.841884
3.94,6,16.844105
1.95,5,16.846085
3.93,7,16.848774
1.96,4,16.850229
-0.01,1,16.85067
3.95,5,16.852338
3.95,5,16.853988
3.92,8,16.85658
3.95,5,16.858333
3.95,5,16.860153
1.96,4,16.861513
1.97,3,16.862543
3.95,5,17.044734
13.91,9,17.047837
1.97,3,17.048919
3.92,8,17.051827
1.95,5,17.053662
13.88,12,17.057765
3.95,5,17.059533
1.97,3,17.060637
3.95,5,17.062331
3.93,7,17.06464
1.97,3,17.065667
1.97,3,17.066982
3.95,5,17.0689
1.97,3,17.069974
3.94,6,17.071961
-0.03,3,17.072991
3.95,5,17.074644
5.92,8,17.077658
1.97,3,17.078774
1.97,3,17.07982
1.97,3,17.080851
5.9,10,17.084239
-0.04,4,17.085632
-0.03,3,17.086687
1.97,3,17.087759
-0.01,1,17.088179
1.94,6,17.326394
-0.03,3,17.327562
1.97,3,17.328632
3.94,6,17.330632
3.93,7,17.33295
3.91,9,17.336566
5.91,9,17.339634
3.92,8,17.342487
1.97,3,17.34363
3.93,7,17.346014
1.96,4,17.347393
-0.04,4,17.348754
1.97,3,17.349801
1.94,6,17.351975
1.97,3,17.353044
5.93,7,17.355468
1.94,6,17.357485
1.96,4,17.358908
1.97,3,17.35996
1.97,3,17.361012
5.91,9,17.363941
1.97,3,17.365
1.97,3,17.366058
-0.05,5,17.368115
3.95,5,17.370027
5.92,8,17.562124
5.92,8,17.564808
1.97,3,17.565846
3.91,9,17.569039
5.9,10,17.57268
1.96,4,17.574172
1.97,3,17.575788
1.97,3,17.577153
1.97,3,17.578236
-0.04,4,17.580223
-0.03,3,17.581425
3.92,8,17.584339
-0.05,5,17.586033
3.95,5,17.587698
1.97,3,17.588731
1.97,3,17.59021
1.97,3,17.591406
1.93,7,17.593957
3.92,8,17.596682
5.9,10,17.600181
1.96,4,17.601639
5.89,11,17.605503
5.9,10,17.824791
3.94,6,17.827835
3.95,5,17.829657
1.93,7,17.832242
1.95,5,17.834358
13.91,9,17.837375
5.93,7,17.839714
5.93,7,17.842136
3.92,8,17.844808
-0.05,5,17.846459
5.92,8,17.849015
1.93,7,17.851257
1.94,6,17.853537
-0.01,1,17.854008
1.97,3,17.855087
1.96,4,17.856499
1.96,4,17.857883
-0.05,5,17.859803
1.96,4,17.861201
1.95,5,17.862897
3.92,8,17.865572
5.91,9,18.055504
3.95,5,18.057334
1.96,4,18.058724
-0.03,3,18.059781
1.94,6,18.061873
1.97,3,18.062932
3.93,7,18.065771
3.94,6,18.068186
3.94,6,18.070262
1.94,6,18.072284
-0.03,3,18.073328
1.97,3,18.075202
1.97,3,18.076838
1.97,3,18.077923
1.97,3,18.078949
1.95,5,18.080598
-0.01,1,18.081021
3.95,5,18.082698
1.97,3,18.083733
3.95,5,18.086158
13.91,9,18.089336
1.97,3,18.090407
1.97,3,18.091453
1.97,3,18.092845
1.97,3,18.094113
5.92,8,18.097099
3.93,7,18.099771
3.95,5,18.10167
1.94,6,18.303822
1.97,3,18.305191
1.94,6,18.307262
1.95,5,18.309082
3.95,5,18.31079
1.97,3,18.311869
1.94,6,18.313969
-0.02,2,18.314802
3.95,5,18.316523
5.93,7,18.318909
1.97,3,18.319966
1.97,3,18.32099
1.97,3,18.322026
5.89,11,18.326043
5.93,7,18.328461
1.97,3,18.329507
1.96,4,18.330845
3.92,8,18.333412
3.93,7,18.336117
5.93,7,18.338551
1.97,3,18.339606
1.94,6,18.341703
1.97,3,18.342935
1.95,5,18.344647
5.9,10,18.347864
1.96,4,18.57133
3.92,8,18.574079
1.96,4,18.575841
1.97,3,18.577395
1.96,4,18.578866
1.94,6,18.581358
3.95,5,18.583135
5.93,7,18.5858
5.93,7,18.588144
1.97,3,18.589188
3.95,5,18.5912
-0.05,5,18.59314
3.94,6,18.59521
3.94,6,18.5972
1.97,3,18.598263
13.91,9,18.601503
1.96,4,18.602927
1.97,3,18.603979
1.97,3,18.605022
1.97,3,18.606056
1.97,3,18.6071
3.95,5,18.608759
1.97,3,18.609797
3.95,5,18.611756
5.93,7,18.614272
1.97,3,18.615383
3.95,5,18.617364
1.97,3,18.816866
1.97,3,18.818152
1.97,3,18.819252
1.97,3,18.820301
1.95,5,18.821958
1.97,3,18.822992
1.97,3,18.824385
3.95,5,18.826436
3.95,5,18.828201
3.94,6,18.830237
1.95,5,18.831942
3.95,5,18.833609
3.95,5,18.835578
5.93,7,18.838136
1.97,3,18.83921
1.97,3,18.840262
1.97,3,18.84132
1.97,3,18.842563
1.97,3,18.843668
1.97,3,18.844805
1.96,4,18.846174
3.95,5,18.847841
3.95,5,18.849551
1.97,3,18.850652
-0.02,2,18.85151
-0.04,4,18.852912
1.97,3,18.853953
1.97,3,18.855003
1.95,5,18.856647
-0.03,3,18.857681
1.95,5,18.859332
5.91,9,19.080794
1.95,5,19.083015
3.95,5,19.084761
13.9,10,19.088012
1.96,4,19.089354
-0.03,3,19.090756
1.97,3,19.092075
1.94,6,19.09422
-0.02,2,19.094973
1.97,3,19.096032
5.93,7,19.098455
1.97,3,19.099669
3.95,5,19.101674
3.94,6,19.103867
1.97,3,19.104993
3.94,6,19.106995
1.95,5,19.108725
3.93,7,19.111081
3.95,5,19.112778
3.95,5,19.114444
3.94,6,19.116731
13.91,9,19.119968
-0.03,3,19.121066
-0.03,3,19.122144
1.97,3,19.123233
1.97,3,19.124264
1.97,3,19.125306
3.95,5,19.335324
1.97,3,19.336572
1.97,3,19.337656
1.97,3,19.338752
3.95,5,19.340477
3.94,6,19.342691
3.95,5,19.344438
3.94,6,19.346869
3.95,5,19.348624
3.95,5,19.350296
-0.03,3,19.35134
1.97,3,19.352376
13.91,9,19.355592
1.97,3,19.356906
1.97,3,19.358131
3.93,7,19.360634
-0.02,2,19.361378
3.95,5,19.363037
1.97,3,19.364084
5.92,8,19.366923
1.97,3,19.368172
1.96,4,19.369546
3.95,5,19.371204
3.95,5,19.372843
5.93,7,19.375083
3.93,7,19.377899
3.93,7,19.380351
1.97,3,19.573108
1.97,3,19.574505
-0.03,3,19.576083
1.96,4,19.577742
1.97,3,19.578862
3.95,5,19.58058
1.95,5,19.582698
1.95,5,19.58494
3.95,5,19.586659
1.95,5,19.588319
1.97,3,19.589367
3.95,5,19.591006
1.97,3,19.592081
1.97,3,19.593453
13.91,9,19.59667
1.97,3,19.597752
-0.04,4,19.599125
13.91,9,19.60216
3.95,5,19.603843
1.97,3,19.604886
1.97,3,19.605924
1.95,5,19.607578
-0.03,3,19.608899
5.92,8,19.611693
1.97,3,19.612746
1.95,5,19.614416
1.97,3,19.615456
1.94,6,19.617937
1.96,4,19.619537
1.95,5,19.817388
3.95,5,19.819186
-0.03,3,19.82023
1.95,5,19.821879
-0.03,3,19.822906
1.95,5,19.824586
5.93,7,19.827574
1.97,3,19.828677
1.97,3,19.829712
3.92,8,19.832295
1.97,3,19.833327
3.95,5,19.834981
-0.04,4,19.836917
-0.03,3,19.838081
13.9,10,19.841471
5.93,7,19.84413
1.95,5,19.845864
1.97,3,19.846926
5.93,7,19.849277
1.95,5,19.851009
1.97,3,19.852064
1.97,3,19.853118
5.91,9,19.856072
1.96,4,19.85744
1.97,3,19.858644
-0.03,3,19.859773
3.95,5,19.861452
-0.03,3,20.075501
5.93,7,20.078481
3.94,6,20.080523
-0.03,3,20.081562
1.95,5,20.08333
3.94,6,20.085855
1.95,5,20.087739
5.93,7,20.090084
3.93,7,20.092664
1.96,4,20.094053
3.94,6,20.096048
1.97,3,20.097072
3.95,5,20.09872
1.95,5,20.100359
-0.02,2,20.101071
5.93,7,20.10332
1.94,6,20.10535
3.95,5,20.106988
3.95,5,20.10863
1.97,3,20.109676
3.95,5,20.111337
1.97,3,20.112357
3.95,5,20.114353
3.93,7,20.117386
3.95,5,20.119442
1.97,3,20.12056
1.97,3,20.291702
1.95,5,20.293529
5.93,7,20.295852
3.95,5,20.297502
3.94,6,20.299461
1.97,3,20.301107
5.92,8,20.304312
3.95,5,20.30604
1.97,3,20.307098
1.97,3,20.308142
1.95,5,20.309864
3.93,7,20.312535
-0.03,3,20.313782
5.91,9,20.31728
3.93,7,20.319699
3.94,6,20.32196
13.91,9,20.32529
3.93,7,20.328174
3.95,5,20.329909
3.94,6,20.331957
1.97,3,20.333026
1.96,4,20.33436
1.94,6,20.336303
1.97,3,20.337338
-0.02,2,20.535405
5.93,7,20.538491
1.96,4,20.539961
1.97,3,20.541031
-0.01,1,20.541457
3.93,7,20.543742
-0.03,3,20.545052
13.91,9,20.548219
-0.01,1,20.548689
3.95,5,20.550582
1.96,4,20.552031
1.97,3,20.55308
3.95,5,20.555032
1.97,3,20.556264
5.93,7,20.558757
1.97,3,20.559971
5.91,9,20.56298
-0.02,2,20.563714
1.96,4,20.565059
1.95,5,20.566808
5.93,7,20.569186
1.94,6,20.571208
5.93,7,20.573528
13.89,11,20.577936
3.95,5,20.579656
3.94,6,20.581622
3.95,5,20.795103
1.96,4,20.796556
1.97,3,20.797596
5.93,7,20.799879
3.95,5,20.80155
3.95,5,20.803719
1.97,3,20.804775
3.95,5,20.806432
3.95,5,20.808075
1.97,3,20.809113
3.95,5,20.810756
5.93,7,20.813561
1.97,3,20.814896
3.93,7,20.817404
5.93,7,20.819719
3.95,5,20.821391
5.93,7,20.824226
1.95,5,20.826615
1.97,3,20.827865
3.95,5,20.82956
1.95,5,20.83127
1.97,3,20.832317
1.96,4,20.834158
3.94,6,20.836214
1.97,3,20.837256
3.95,5,20.838931
-0.03,3,20.839984
1.95,5,21.00796
3.93,7,21.010621
1.95,5,21.012331
1.97,3,21.013369
1.97,3,21.014412
1.97,3,21.015446
1.97,3,21.016484
1.97,3,21.017705
1.97,3,21.018778
5.93,7,21.021087
1.97,3,21.022118
1.96,4,21.023467
1.97,3,21.024639
1.97,3,21.025788
1.95,5,21.027516
5.93,7,21.030075
5.93,7,21.032735
1.97,3,21.033828
5.93,7,21.036273
1.97,3,21.037376
1.97,3,21.038453
5.93,7,21.041089
5.91,9,21.044517
1.96,4,21.045972
1.96,4,21.047384
5.91,9,21.050643
5.93,7,21.250375
1.94,6,21.252502
3.95,5,21.254181
5.91,9,21.257075
2.93,7,21.259792
1.95,5,21.261652
3.95,5,21.263354
1.95,5,21.265053
3.93,7,21.267518
5.93,7,21.269859
3.95,5,21.271529
1.97,3,21.272576
5.93,7,21.275103
1.95,5,21.276953
3.95,5,21.278666
1.97,3,21.279713
3.95,5,21.281369
1.97,3,21.282403
1.97,3,21.283744
1.95,5,21.285594
1.95,5,21.287301
1.96,4,21.288721
1.95,5,21.290407
5.93,7,21.292702
1.96,4,21.294518
1.97,3,21.490045
3.95,5,21.492119
1.97,3,21.494001
3.93,7,21.496369
5.92,8,21.498948
1.97,3,21.50018
1.95,5,21.502159
3.94,6,21.504182
3.95,5,21.505897
13.9,10,21.509116
3.95,5,21.51112
1.97,3,21.512296
1.97,3,21.513387
1.97,3,21.514769
1.97,3,21.515904
1.97,3,21.517053
3.95,5,21.518746
3.94,6,21.520737
1.97,3,21.521778
1.97,3,21.522799
1.96,4,21.524138
1.95,5,21.525836
3.93,7,21.528154
5.91,9,21.531057
1.97,3,21.532096
1.97,3,21.533115
1.96,4,21.535051
1.95,5,21.751413
1.95,5,21.753256
1.95,5,21.754997
-0.03,3,21.756086
3.94,6,21.758339
5.9,10,21.761703
1.95,5,21.763377
1.95,5,21.765176
1.97,3,21.766243
1.95,5,21.76815
3.93,7,21.770482
5.91,9,21.773368
1.95,5,21.775053
1.94,6,21.777105
5.93,7,21.779476
5.93,7,21.781777
3.94,6,21.784292
3.95,5,21.786422
5.93,7,21.789195
1.95,5,21.79091
1.96,4,21.792275
3.94,6,21.794241
5.92,8,22.019916
3.95,5,22.021716
-0.03,3,22.022784
3.95,5,22.024648
3.95,5,22.026562
3.93,7,22.028898
1.97,3,22.030086
3.94,6,22.032122
1.95,5,22.034314
1.97,3,22.035466
3.94,6,22.037522
1.96,4,22.038916
1.94,6,22.041362
1.94,6,22.043665
1.97,3,22.044759
3.94,6,22.046766
3.94,6,22.048738
3.93,7,22.051071
13.91,9,22.053978
5.9,10,22.057182
-0.01,1,22.057597
3.95,5,22.059266
1.97,3,22.060711
1.94,6,22.062895
3.95,5,22.270387
5.91,9,22.273574
3.93,7,22.276209
5.93,7,22.278601
5.93,7,22.280897
1.95,5,22.282545
1.97,3,22.283982
3.94,6,22.286104
3.95,5,22.287802
1.97,3,22.288831
1.97,3,22.289856
5.93,7,22.292172
1.95,5,22.294249
1.97,3,22.295361
5.93,7,22.297713
3.95,5,22.299401
5.93,7,22.301896
1.97,3,22.302971
5.93,7,22.305623
1.97,3,22.306696
3.95,5,22.308399
1.97,3,22.309468
1.97,3,22.310541
3.95,5,22.312211
1.97,3,22.313242
3.95,5,22.314872
13.89,11,22.515191
3.95,5,22.516918
3.94,6,22.5189
1.96,4,22.520225
1.96,4,22.52197
5.93,7,22.524416
1.96,4,22.525881
3.95,5,22.527583
1.97,3,22.528626
1.96,4,22.529972
3.94,6,22.531962
3.94,6,22.534235
3.94,6,22.53656
3.95,5,22.538417
1.97,3,22.539472
5.93,7,22.541779
3.95,5,22.543645
3.93,7,22.546252
5.93,7,22.548617
5.92,8,22.551296
1.97,3,22.552353
1.97,3,22.553386
1.96,4,22.555032
-0.01,1,22.555504
-0.01,1,22.555928
-0.01,1,22.55634
1.97,3,22.557394
5.91,9,22.765034
3.94,6,22.767246
1.95,5,22.768978
1.97,3,22.770031
1.97,3,22.771084
1.97,3,22.772137
13.91,9,22.775544
1.97,3,22.776669
1.95,5,22.778365
-0.02,2,22.779091
5.9,10,22.782311
-0.01,1,22.782723
3.95,5,22.784778
13.89,11,22.788383
1.97,3,22.789452
1.95,5,22.791141
1.97,3,22.792179
1.97,3,22.793224
3.95,5,22.795305
3.93,7,22.797761
1.97,3,22.79885
3.95,5,22.800766
3.94,6,22.802835
3.94,6,22.804836
5.93,7,22.807108
1.97,3,23.02829
3.95,5,23.030095
3.95,5,23.031778
1.97,3,23.032814
1.96,4,23.034182
1.97,3,23.035216
1.97,3,23.036261
1.97,3,23.037876
1.97,3,23.039061
3.95,5,23.04084
1.97,3,23.042146
1.97,3,23.043292
1.97,3,23.044447
3.93,7,23.046833
1.97,3,23.04791
1.97,3,23.048983
13.89,11,23.052945
3.94,6,23.054956
5.91,9,23.057821
1.97,3,23.058844
1.96,4,23.060335
1.95,5,23.062133
1.97,3,23.063194
5.91,9,23.06663
13.9,10,23.07006
1.97,3,23.071474
1.97,3,23.073184
-0.03,3,23.074258
1.97,3,23.3004
-0.03,3,23.301536
1.97,3,23.302575
1.96,4,23.303916
1.97,3,23.304935
3.93,7,23.307184
1.95,5,23.309336
1.97,3,23.310519
5.91,9,23.313522
3.95,5,23.31525
1.97,3,23.316403
1.95,5,23.318582
3.95,5,23.320745
1.95,5,23.322518
3.95,5,23.324402
1.97,3,23.326486
-0.03,3,23.327667
13.91,9,23.331501
3.95,5,23.33345
3.95,5,23.335145
1.94,6,23.337102
1.97,3,23.33812
1.95,5,23.340322
3.95,5,23.342493
1.95,5,23.344279
1.95,5,23.345982
1.97,3,23.347027
3.94,6,23.552009
1.95,5,23.553765
1.95,5,23.555415
1.95,5,23.557063
5.9,10,23.560446
1.97,3,23.561851
1.95,5,23.563724
5.93,7,23.566201
3.95,5,23.56804
1.95,5,23.569762
1.95,5,23.571461
3.95,5,23.57313
1.96,4,23.574487
3.95,5,23.576679
5.91,9,23.579776
1.95,5,23.581494
1.97,3,23.582551
5.92,8,23.585492
1.95,5,23.587341
1.95,5,23.589081
3.92,8,23.591799
5.93,7,23.594276
5.93,7,23.795272
3.95,5,23.797163
-0.04,4,23.798532
3.95,5,23.800204
-0.03,3,23.801237
-0.03,3,23.802263
5.93,7,23.804946
5.93,7,23.807479
13.9,10,23.81119
3.95,5,23.813256
1.95,5,23.815431
1.97,3,23.816714
1.95,5,23.818705
1.95,5,23.820444
3.95,5,23.822123
5.91,9,23.825245
3.93,7,23.828132
1.95,5,23.829883
-0.03,3,23.830935
1.94,6,23.832923
3.95,5,23.834797
5.93,7,23.837112
1.97,3,23.838144
3.93,7,23.84045
3.95,5,24.050832
3.93,7,24.05325
5.93,7,24.055544
5.93,7,24.057829
5.93,7,24.060604
3.95,5,24.062442
1.97,3,24.063526
-0.03,3,24.064586
3.95,5,24.066293
3.93,7,24.068664
3.94,6,24.070642
3.94,6,24.07287
1.97,3,24.074533
3.95,5,24.077167
1.97,3,24.07834
1.97,3,24.079435
1.95,5,24.081229
1.97,3,24.082309
3.95,5,24.084122
1.97,3,24.085186
1.95,5,24.086865
13.91,9,24.089795
3.93,7,24.09261
5.93,7,24.095326
3.95,5,24.097108
3.95,5,24.292473
1.97,3,24.293672
1.97,3,24.294943
1.95,5,24.296899
13.89,11,24.301379
1.97,3,24.302794
3.94,6,24.305277
1.96,4,24.306712
1.95,5,24.308555
5.93,7,24.311156
5.93,7,24.313634
-0.02,2,24.314366
1.97,3,24.315402
1.97,3,24.316443
13.9,10,24.319756
-0.03,3,24.320787
5.91,9,24.324313
1.97,3,24.32544
3.95,5,24.327194
-0.03,3,24.3283
3.95,5,24.330001
1.97,3,24.331061
3.94,6,24.333596
5.93,7,24.33596
-0.03,3,24.337
1.95,5,24.565068
3.93,7,24.568003
1.97,3,24.569144
3.95,5,24.570856
1.97,3,24.57191
3.95,5,24.573584
5.92,8,24.576812
3.95,5,24.578565
1.97,3,24.579647
-0.02,2,24.580379
1.97,3,24.581432
1.97,3,24.582468
1.97,3,24.583496
1.97,3,24.584924
5.91,9,24.587954
-0.03,3,24.589005
3.95,5,24.590657
5.92,8,24.593568
5.93,7,24.595908
1.97,3,24.596962
5.93,7,24.599286
3.95,5,24.601197
1.95,5,24.602937
3.93,7,24.605422
3.95,5,24.607113
3.95,5,24.608776
1.97,3,24.609811
1.97,3,24.807711
5.93,7,24.810449
3.95,5,24.8125
3.95,5,24.814352
1.95,5,24.816586
5.92,8,24.8203
13.89,11,24.823872
1.95,5,24.825619
1.96,4,24.827799
1.97,3,24.828949
3.93,7,24.831299
-0.02,2,24.832039
5.93,7,24.83468
5.93,7,24.837168
1.95,5,24.839013
1.95,5,24.840756
3.95,5,24.84286
1.97,3,24.844117
1.96,4,24.845541
1.96,4,24.846924
5.93,7,24.849301
1.97,3,24.850523
1.97,3,24.851577
1.95,5,24.853263
1.97,3,24.854316
3.95,5,25.087654
1.95,5,25.089528
1.96,4,25.090895
1.97,3,25.091942
3.93,7,25.09425
5.91,9,25.097607
3.95,5,25.099461
1.97,3,25.100726
5.93,7,25.103169
13.89,11,25.106743
3.95,5,25.108443
1.96,4,25.110073
1.96,4,25.11148
3.95,5,25.113206
1.97,3,25.114377
5.92,8,25.117254
3.94,6,25.119694
1.97,3,25.120806
3.94,6,25.122831
5.93,7,25.125229
1.96,4,25.126635
1.97,3,25.127677
1.97,3,25.12871
1.97,3,25.129727
1.97,3,25.130756
1.96,4,25.132092
5.93,7,25.35474
1.97,3,25.355865
1.96,4,25.357222
3.94,6,25.359196
3.95,5,25.360861
5.92,8,25.363962
1.95,5,25.36574
1.97,3,25.36703
3.95,5,25.368842
13.91,9,25.371779
3.93,7,25.374184
1.95,5,25.375866
1.97,3,25.376925
1.97,3,25.377975
1.97,3,25.379032
1.97,3,25.380068
3.93,7,25.382613
1.95,5,25.384815
1.97,3,25.385919
1.97,3,25.386968
3.94,6,25.388936
13.91,9,25.391926
5.91,9,25.395179
5.93,7,25.39753
1.96,4,25.589382
1.95,5,25.591183
5.91,9,25.594113
3.94,6,25.596116
1.97,3,25.597155
1.96,4,25.598949
1.97,3,25.60037
3.93,7,25.604598
1.95,5,25.606324
1.95,5,25.607983
1.97,3,25.609474
1.97,3,25.610667
1.97,3,25.611861
3.95,5,25.613612
1.95,5,25.615303
1.97,3,25.616369
1.97,3,25.617625
1.97,3,25.619077
1.95,5,25.620862
5.91,9,25.624079
1.97,3,25.625235
13.88,12,25.629311
3.94,6,25.631417
1.97,3,25.632486
3.93,7,25.635065
3.95,5,25.6368
3.93,7,25.878205
1.95,5,25.879938
1.95,5,25.881588
3.95,5,25.883217
1.97,3,25.884234
1.97,3,25.885444
3.93,7,25.888168
3.95,5,25.88991
1.97,3,25.89098
1.95,5,25.892942
3.93,7,25.895311
1.95,5,25.896964
3.94,6,25.89894
3.95,5,25.900797
3.95,5,25.902587
1.97,3,25.903661
3.93,7,25.906071
1.95,5,25.907747
1.97,3,25.909123
1.95,5,25.91119
1.97,3,25.912282
5.93,7,25.91461
5.92,8,25.9176
1.97,3,25.918785
1.95,5,25.920644
1.94,6,26.105655
1.97,3,26.106837
1.97,3,26.107924
1.96,4,26.109362
3.92,8,26.112061
3.93,7,26.114399
3.94,6,26.116533
-0.04,4,26.118418
3.93,7,26.120852
3.93,7,26.123256
1.97,3,26.124315
1.97,3,26.125383
1.96,4,26.127238
1.94,6,26.129329
3.95,5,26.131008
-0.04,4,26.132371
1.97,3,26.133421
3.95,5,26.1351
1.95,5,26.136777
5.93,7,26.139066
3.93,7,26.141439
1.97,3,26.142634
1.95,5,26.144313
3.95,5,26.14597
3.93,7,26.148236
3.94,6,26.329675
5.93,7,26.332267
1.97,3,26.333728
-0.02,2,26.334542
5.91,9,26.337561
-0.03,3,26.338851
13.89,11,26.342959
3.95,5,26.344958
5.91,9,26.348679
1.97,3,26.350062
5.91,9,26.353491
5.93,7,26.35583
1.96,4,26.357186
3.93,7,26.35943
1.95,5,26.361621
3.94,6,26.363927
1.97,3,26.365008
1.96,4,26.366497
1.97,3,26.367833
5.93,7,26.370577
1.97,3,26.371765
5.92,8,26.374812
1.95,5,26.376622
1.95,5,26.598883
-0.03,3,26.600422
3.95,5,26.602532
1.97,3,26.603613
1.97,3,26.604659
3.95,5,26.606324
1.95,5,26.60833
1.97,3,26.609562
1.97,3,26.61062
-0.03,3,26.61169
-0.03,3,26.61274
1.95,5,26.614416
3.95,5,26.616065
13.89,11,26.620074
3.93,7,26.622367
3.95,5,26.62401
3.95,5,26.62586
1.97,3,26.626981
1.94,6,26.628986
13.9,10,26.632251
1.95,5,26.633913
3.93,7,26.636869
5.93,7,26.639321
1.97,3,26.640399
3.93,7,26.642901
5.93,7,26.871683
1.97,3,26.872833
1.97,3,26.873886
1.97,3,26.874926
1.96,4,26.876282
1.97,3,26.877313
3.95,5,26.878983
1.97,3,26.88001
1.95,5,26.882204
1.97,3,26.883615
-0.03,3,26.884945
3.95,5,26.886704
5.91,9,26.889648
1.96,4,26.891289
5.91,9,26.894453
1.95,5,26.896168
1.97,3,26.897201
3.95,5,26.898866
1.97,3,26.900006
-0.03,3,26.901246
1.97,3,26.902344
13.91,9,26.90554
1.97,3,26.906614
-0.03,3,26.907649
1.97,3,26.90869
3.93,7,26.91159
1.95,5,26.913436
13.91,9,26.916423
5.93,7,27.119588
1.95,5,27.121396
3.95,5,27.123165
3.95,5,27.124833
1.95,5,27.126501
1.97,3,27.127934
3.95,5,27.129867
3.95,5,27.131603
1.95,5,27.133338
1.95,5,27.135086
3.93,7,27.137426
13.91,9,27.140379
1.95,5,27.142334
3.93,7,27.144753
-0.01,1,27.145177
3.94,6,27.147153
1.97,3,27.148191
5.93,7,27.150504
1.97,3,27.15155
1.95,5,27.153947
1.95,5,27.155776
3.95,5,27.157458
1.97,3,27.158695
3.95,5,27.160426
1.97,3,27.161514
1.95,5,27.163602
1.97,3,27.358556
1.96,4,27.360176
1.95,5,27.361906
1.95,5,27.363604
1.95,5,27.365599
1.97,3,27.367281
13.9,10,27.370733
1.96,4,27.372546
1.95,5,27.374297
1.97,3,27.375604
3.94,6,27.378316
1.97,3,27.379469
1.95,5,27.381183
3.95,5,27.382864
1.97,3,27.383906
1.97,3,27.384946
1.95,5,27.386599
5.92,8,27.389708
1.96,4,27.391277
3.95,5,27.393116
3.93,7,27.395472
3.94,6,27.39774
5.93,7,27.400356
1.97,3,27.401518
13.91,9,27.404793
1.97,3,27.405892
1.97,3,27.617202
3.95,5,27.61912
3.95,5,27.620865
1.95,5,27.622609
3.93,7,27.624951
5.93,7,27.627917
1.97,3,27.629098
3.95,5,27.630814
5.92,8,27.6336
3.93,7,27.636132
1.97,3,27.637214
3.93,7,27.639499
3.93,7,27.641791
1.96,4,27.643365
1.97,3,27.644432
1.97,3,27.645482
1.95,5,27.647169
3.95,5,27.648832
5.93,7,27.651106
1.97,3,27.652203
3.95,5,27.654189
5.91,9,27.657242
3.95,5,27.659268
1.95,5,27.661145
1.97,3,27.662367
1.95,5,27.859703
-0.03,3,27.860842
3.94,6,27.862853
3.95,5,27.864884
3.94,6,27.86709
1.97,3,27.868605
1.96,4,27.870142
3.95,5,27.87184
3.93,7,27.874139
5.93,7,27.876789
1.95,5,27.878784
1.95,5,27.880517
5.93,7,27.882878
1.97,3,27.884013
13.88,12,27.888059
3.95,5,27.889752
1.97,3,27.890811
1.96,4,27.892135
5.93,7,27.894384
5.91,9,27.897535
1.97,3,27.898685
13.91,9,27.901982
3.95,5,27.903775
3.95,5,28.140698
1.97,3,28.141809
-0.03,3,28.142844
3.94,6,28.144783
3.95,5,28.146418
5.91,9,28.149826
1.94,6,28.152123
3.95,5,28.153842
1.96,4,28.15519
1.96,4,28.15654
1.95,5,28.158209
1.97,3,28.159474
1.95,5,28.161106
3.95,5,28.162809
1.94,6,28.164793
3.94,6,28.166759
3.95,5,28.168662
13.89,11,28.172579
3.95,5,28.174321
-0.04,4,28.175773
1.97,3,28.176873
1.95,5,28.178579
-0.04,4,28.179946
3.95,5,28.18163
1.95,5,28.183383
1.95,5,28.408553
5.91,9,28.411594
5.93,7,28.413935
3.95,5,28.415621
1.95,5,28.41786
13.89,11,28.421478
3.93,7,28.423905
1.97,3,28.425183
3.95,5,28.427245
3.93,7,28.42974
3.93,7,28.432111
1.95,5,28.433939
1.95,5,28.435609
1.96,4,28.436956
1.97,3,28.437986
1.97,3,28.439012
3.95,5,28.440733
5.92,8,28.443492
1.97,3,28.444647
1.95,5,28.446363
1.95,5,28.44804
3.95,5,28.449725
1.95,5,28.451924
3.95,5,28.670082
3.93,7,28.672555
1.97,3,28.673631
3.95,5,28.675437
1.97,3,28.676632
1.97,3,28.67771
1.97,3,28.679107
1.96,4,28.680612
1.97,3,28.681686
1.95,5,28.683348
1.97,3,28.684386
1.97,3,28.685417
1.95,5,28.687068
1.95,5,28.68904
3.93,7,28.691571
1.95,5,28.69335
1.97,3,28.694546
1.97,3,28.695764
5.92,8,28.698359
1.97,3,28.699393
1.97,3,28.700686
1.97,3,28.701862
13.91,9,28.705425
1.95,5,28.707163
1.97,3,28.70836
1.97,3,28.709725
5.93,7,28.712053
1.97,3,28.713088
1.96,4,28.714426
1.95,5,28.916933
13.91,9,28.920067
3.95,5,28.921748
1.96,4,28.923116
3.93,7,28.925674
1.96,4,28.927543
3.95,5,28.92942
3.92,8,28.932117
1.97,3,28.933438
3.95,5,28.93544
1.96,4,28.936871
1.95,5,28.938573
3.95,5,28.940268
1.97,3,28.941329
5.91,9,28.944317
3.95,5,28.946005
1.97,3,28.947045
1.97,3,28.948065
1.97,3,28.949098
3.93,7,28.952095
-0.02,2,28.952902
1.96,4,28.95445
3.95,5,28.956248
3.93,7,28.958859
1.95,5,28.960674
3.95,5,28.962723
1.96,4,29.159683
1.95,5,29.161504
5.93,7,29.163853
1.95,5,29.165548
1.97,3,29.166597
13.91,9,29.170022
5.92,8,29.172808
1.95,5,29.174695
1.95,5,29.176609
13.91,9,29.179576
-0.03,3,29.180605
3.93,7,29.18287
13.89,11,29.186589
5.93,7,29.188923
3.95,5,29.190618
3.93,7,29.193142
3.95,5,29.194974
13.89,11,29.198592
1.96,4,29.20018
1.97,3,29.201547
3.93,7,29.204035
3.95,5,29.418965
3.95,5,29.420735
1.97,3,29.421781
1.97,3,29.422802
3.95,5,29.424445
1.95,5,29.426076
1.95,5,29.428259
3.93,7,29.430696
-0.03,3,29.431781
13.91,9,29.435001
3.93,7,29.437359
3.94,6,29.439368
3.93,7,29.441717
3.95,5,29.443468
3.95,5,29.4453
1.97,3,29.446398
3.93,7,29.448691
1.96,4,29.450236
3.95,5,29.452728
3.93,7,29.455202
1.97,3,29.456308
1.97,3,29.45736
3.95,5,29.45933
3.93,7,29.461701
1.95,5,29.654294
1.97,3,29.655517
3.93,7,29.657847
3.95,5,29.659737
1.95,5,29.661574
1.97,3,29.662661
3.93,7,29.66556
1.96,4,29.667142
1.95,5,29.668954
3.95,5,29.670669
1.97,3,29.671751
5.93,7,29.674104
1.95,5,29.675858
1.97,3,29.676933
3.93,7,29.679269
-0.03,3,29.680318
-0.03,3,29.681359
1.95,5,29.683022
3.95,5,29.684975
1.96,4,29.686362
1.97,3,29.687398
1.97,3,29.688433
3.95,5,29.690081
1.97,3,29.691108
3.95,5,29.692848
3.95,5,29.69451
-0.03,3,29.695544
5.93,7,29.697814
1.96,4,29.699148
3.93,7,29.867219
5.91,9,29.870486
5.93,7,29.872875
3.95,5,29.875218
1.97,3,29.876392
13.91,9,29.87934
5.91,9,29.882264
5.93,7,29.88459
1.97,3,29.885632
5.93,7,29.887888
1.97,3,29.888915
5.91,9,29.891866
1.95,5,29.893523
5.93,7,29.896069
-0.03,3,29.897147
1.96,4,29.8985
1.97,3,29.899585
1.95,5,29.901343
3.93,7,29.903721
5.92,8,29.906328
3.93,7,29.908885
1.96,4,30.101237
3.94,6,30.103397
1.95,5,30.10508
1.97,3,30.10613
3.95,5,30.107791
1.95,5,30.109859
3.93,7,30.11242
3.93,7,30.114737
1.97,3,30.115808
5.93,7,30.118417
1.97,3,30.119871
1.97,3,30.121065
1.97,3,30.122147
5.93,7,30.124494
13.91,9,30.127885
3.93,7,30.1305
5.93,7,30.132946
3.93,7,30.135573
3.93,7,30.137941
3.95,5,30.139636
3.93,7,30.142144
1.97,3,30.143282
3.95,5,30.144976
13.89,11,30.338747
3.93,7,30.341233
1.95,5,30.343219
1.97,3,30.344442
3.95,5,30.346206
1.95,5,30.34788
1.97,3,30.348922
13.91,9,30.351976
1.97,3,30.353027
1.95,5,30.354679
13.89,11,30.358176
3.95,5,30.359927
3.93,7,30.362201
13.91,9,30.365206
1.97,3,30.366257
3.94,6,30.369073
1.95,5,30.370842
1.97,3,30.371908
3.95,5,30.373643
1.97,3,30.374707
3.95,5,30.376773
3.95,5,30.378558
3.95,5,30.380235
13.89,11,30.607085
3.95,5,30.609251
3.93,7,30.61171
3.94,6,30.613777
1.97,3,30.61499
3.93,7,30.617622
1.95,5,30.619893
3.93,7,30.622281
5.93,7,30.624611
1.95,5,30.626792
1.97,3,30.627922
1.96,4,30.62929
1.95,5,30.630956
3.95,5,30.632624
5.93,7,30.634908
1.97,3,30.636214
5.91,9,30.639275
3.93,7,30.641598
1.95,5,30.643542
1.97,3,30.644761
1.97,3,30.645836
1.97,3,30.646872
1.95,5,30.648516
5.93,7,30.650861
5.91,9,30.845812
1.97,3,30.846916
5.93,7,30.849194
1.96,4,30.850574
1.96,4,30.85211
1.97,3,30.853723
1.97,3,30.854956
1.97,3,30.856053
1.97,3,30.857117
5.91,9,30.860024
1.95,5,30.861695
1.97,3,30.863084
1.97,3,30.864239
3.95,5,30.86595
3.93,7,30.868679
3.95,5,30.870376
5.93,7,30.873145
13.91,9,30.876583
5.93,7,30.878913
1.97,3,30.879958
5.91,9,30.883141
1.97,3,30.884327
13.91,9,30.887335
13.91,9,31.081002
1.97,3,31.082161
1.97,3,31.083219
1.95,5,31.084896
1.96,4,31.086241
1.95,5,31.087902
3.95,5,31.090035
5.92,8,31.092929
1.97,3,31.094167
3.95,5,31.095964
3.95,5,31.097656
1.97,3,31.098714
1.96,4,31.100155
13.89,11,31.103819
3.93,7,31.106115
13.91,9,31.109047
13.91,9,31.112296
3.93,7,31.114818
3.93,7,31.11737
3.95,5,31.119327
5.91,9,31.122618
3.95,5,31.124344
5.93,7,31.346058
1.97,3,31.34725
1.97,3,31.348318
3.94,6,31.350326
1.95,5,31.351983
1.95,5,31.354004
1.97,3,31.355238
1.97,3,31.356352
1.95,5,31.358176
3.95,5,31.360053
5.92,8,31.362716
3.93,7,31.365191
1.97,3,31.366361
1.97,3,31.367412
1.95,5,31.369075
1.97,3,31.3701
1.97,3,31.37112
5.92,8,31.373726
-0.03,3,31.375266
1.97,3,31.376486
1.95,5,31.378223
5.91,9,31.381386
1.97,3,31.382434
1.97,3,31.383454
5.91,9,31.386589
1.95,5,31.38828
1.97,3,31.389313
5.93,7,31.587968
3.95,5,31.589711
3.94,6,31.591696
3.95,5,31.593353
1.95,5,31.595002
3.93,7,31.59781
3.95,5,31.599599
1.94,6,31.601705
1.97,3,31.602768
3.94,6,31.604931
-0.04,4,31.606328
3.93,7,31.608887
5.93,7,31.611205
3.92,8,31.613799
3.95,5,31.615476
1.95,5,31.617438
1.97,3,31.618989
3.95,5,31.620795
3.93,7,31.623166
1.97,3,31.62426
3.93,7,31.626626
1.97,3,31.62767
1.95,5,31.629755
3.95,5,31.6315
3.93,7,31.813278
5.91,9,31.816635
3.95,5,31.818766
1.97,3,31.819867
1.95,5,31.822105
1.96,4,31.823684
3.93,7,31.826712
3.94,6,31.828971
1.97,3,31.830066
1.97,3,31.831439
3.95,5,31.833202
1.95,5,31.835172
1.95,5,31.836896
3.94,6,31.838899
1.97,3,31.840019
3.93,7,31.842491
3.95,5,31.844238
1.95,5,31.845913
1.95,5,31.847589
1.96,4,31.848971
5.91,9,31.852153
5.93,7,31.854626
5.92,8,31.857252
1.97,3,31.858337
3.93,7,32.056184
3.93,7,32.058877
13.91,9,32.062016
3.95,5,32.064051
3.94,6,32.066184
1.95,5,32.068062
-0.03,3,32.069151
1.95,5,32.070849
1.97,3,32.071958
3.95,5,32.073806
3.93,7,32.077043
1.97,3,32.078257
1.95,5,32.079993
5.92,8,32.082645
1.97,3,32.083801
1.95,5,32.085664
3.95,5,32.087528
1.97,3,32.088612
1.95,5,32.090334
1.95,5,32.092151
1.97,3,32.093291
3.93,7,32.095752
5.93,7,32.098083
3.95,5,32.099843
3.95,5,32.297053
3.95,5,32.29886
1.97,3,32.300057
1.97,3,32.301421
3.95,5,32.303157
1.97,3,32.304199
1.97,3,32.305405
1.96,4,32.307003
1.95,5,32.308841
1.97,3,32.309946
3.95,5,32.311629
1.95,5,32.313298
5.93,7,32.315591
1.97,3,32.316634
1.97,3,32.31779
1.97,3,32.318834
13.9,10,32.322014
1.95,5,32.32367
1.95,5,32.32577
5.93,7,32.328555
1.95,5,32.330321
13.91,9,32.33341
3.93,7,32.335918
1.97,3,32.337066
3.94,6,32.339226
5.91,9,32.548781
3.95,5,32.550869
3.95,5,32.552952
1.96,4,32.554375
5.91,9,32.557655
1.97,3,32.55886
3.93,7,32.561205
1.95,5,32.563037
1.95,5,32.565227
1.96,4,32.566682
13.91,9,32.569892
3.95,5,32.571642
1.97,3,32.572707
13.91,9,32.576048
3.95,5,32.578191
1.96,4,32.579711
1.97,3,32.580885
1.97,3,32.582004
5.93,7,32.584681
1.97,3,32.585767
3.94,6,32.587894
1.97,3,32.589181
1.97,3,32.590304
5.91,9,32.593564
1.96,4,32.595117
1.97,3,32.596236
3.93,7,32.812438
1.97,3,32.813568
5.93,7,32.815854
5.93,7,32.818144
1.97,3,32.819175
1.96,4,32.821095
1.96,4,32.822662
1.97,3,32.823819
1.97,3,32.825038
5.93,7,32.827737
5.93,7,32.830545
1.97,3,32.831739
1.97,3,32.832793
5.93,7,32.835282
3.93,7,32.837608
1.97,3,32.838661
5.93,7,32.841311
13.89,11,32.845229
1.97,3,32.84631
3.94,6,32.848289
1.97,3,32.849469
5.91,9,32.852495
3.93,7,32.854794
5.93,7,33.075561
3.93,7,33.078042
1.97,3,33.079096
1.97,3,33.08013
3.95,5,33.081769
1.97,3,33.082794
3.95,5,33.084934
3.95,5,33.086812
1.97,3,33.087912
1.97,3,33.088996
1.97,3,33.090072
1.97,3,33.091132
1.95,5,33.093086
1.97,3,33.094348
1.97,3,33.095555
5.92,8,33.098208
3.95,5,33.099872
3.93,7,33.102348
1.97,3,33.103434
3.94,6,33.105671
3.95,5,33.10763
-0.03,3,33.109039
1.95,5,33.110821
3.95,5,33.112523
1.95,5,33.114175
3.95,5,33.115837
5.91,9,33.11929
1.95,5,33.121207
1.95,5,33.325716
1.97,3,33.327172
3.95,5,33.328888
1.95,5,33.330531
1.97,3,33.331575
3.95,5,33.333226
1.97,3,33.335038
3.95,5,33.336898
1.97,3,33.338052
1.97,3,33.339158
1.96,4,33.340541
1.97,3,33.341838
3.95,5,33.34354
1.97,3,33.344813
1.97,3,33.34591
1.96,4,33.347284
3.93,7,33.349603
1.96,4,33.351116
13.9,10,33.354572
1.95,5,33.356312
3.95,5,33.357984
1.97,3,33.359283
3.95,5,33.360964
1.95,5,33.362595
1.96,4,33.364012
1.95,5,33.365827
1.97,3,33.367124
1.96,4,33.368541
-0.02,2,33.369265
1.97,3,33.370334
3.95,5,33.606984
1.95,5,33.608861
3.95,5,33.610573
1.95,5,33.612254
13.89,11,33.615768
3.95,5,33.618111
3.95,5,33.620095
1.97,3,33.621242
3.95,5,33.622961
3.95,5,33.624884
3.95,5,33.626632
1.96,4,33.627981
1.97,3,33.629054
1.95,5,33.630796
3.93,7,33.633121
1.95,5,33.634936
5.92,8,33.637541
1.97,3,33.638569
1.97,3,33.6396
5.92,8,33.642386
3.95,5,33.644195
1.97,3,33.645282
3.95,5,33.64697
5.92,8,33.649597
3.94,6,33.869606
5.93,7,33.872419
1.97,3,33.873527
1.95,5,33.875227
3.95,5,33.87696
13.91,9,33.880325
1.97,3,33.881551
5.93,7,33.884178
1.97,3,33.885395
1.97,3,33.886473
1.97,3,33.887532
1.97,3,33.888573
3.95,5,33.89024
1.97,3,33.891268
1.97,3,33.892314
1.96,4,33.893743
1.97,3,33.894811
13.9,10,33.898164
3.95,5,33.900058
1.95,5,33.901911
3.95,5,33.903616
3.94,6,33.905749
1.97,3,33.906822
3.93,7,33.909495
3.95,5,33.911301
3.94,6,33.913333
3.95,5,33.915419
1.95,5,34.130212
1.97,3,34.131378
3.95,5,34.133174
1.97,3,34.134259
1.96,4,34.135611
3.95,5,34.137637
3.94,6,34.139847
3.95,5,34.14157
1.97,3,34.142834
3.95,5,34.14467
3.93,7,34.147063
1.95,5,34.148748
1.97,3,34.149814
1.95,5,34.151599
1.95,5,34.153359
3.93,7,34.155693
3.95,5,34.157384
1.97,3,34.158697
1.95,5,34.160611
1.95,5,34.162289
1.97,3,34.163314
3.93,7,34.165561
5.92,8,34.168144
1.97,3,34.169698
1.97,3,34.170839
1.97,3,34.171912
1.95,5,34.173607
1.97,3,34.357248
1.96,4,34.35915
3.95,5,34.360975
5.91,9,34.363914
13.91,9,34.367335
1.95,5,34.369508
1.97,3,34.370614
3.93,7,34.37294
5.93,7,34.375247
3.95,5,34.377327
5.91,9,34.380411
1.97,3,34.3815
3.95,5,34.383219
5.91,9,34.386702
3.94,6,34.388799
1.97,3,34.389869
3.95,5,34.391566
1.95,5,34.393483
1.97,3,34.394812
1.97,3,34.395903
1.97,3,34.39716
3.93,7,34.399548
1.97,3,34.400707
3.95,5,34.402712
3.94,6,34.597805
13.91,9,34.60135
1.97,3,34.602494
1.96,4,34.603868
5.93,7,34.606329
1.97,3,34.607578
1.97,3,34.608821
3.95,5,34.610596
3.94,6,34.61263
1.97,3,34.613679
3.95,5,34.61552
1.97,3,34.616942
5.93,7,34.61929
1.95,5,34.620975
5.93,7,34.623313
3.95,5,34.624993
1.95,5,34.62702
5.93,7,34.629395
5.93,7,34.631748
3.95,5,34.633443
3.93,7,34.635912
1.96,4,34.637384
3.94,6,34.639418
3.94,6,34.64145
1.97,3,34.642639
13.9,10,34.839643
3.93,7,34.842176
1.96,4,34.843674
3.93,7,34.84678
-0.01,1,34.847293
3.94,6,34.849346
5.92,8,34.852243
1.97,3,34.85337
13.9,10,34.856855
1.97,3,34.857969
1.96,4,34.859462
3.95,5,34.861184
1.95,5,34.86288
1.97,3,34.864024
1.97,3,34.865125
1.95,5,34.866988
1.96,4,34.868482
3.93,7,34.870819
3.95,5,34.872536
1.97,3,34.873594
5.92,8,34.876222
1.97,3,34.877608
1.97,3,34.878708
1.96,4,34.880069
1.95,5,34.88176
1.97,3,34.882923
3.95,5,35.095891
5.93,7,35.098288
1.97,3,35.099339
1.97,3,35.100416
3.93,7,35.102683
5.93,7,35.105192
1.97,3,35.106301
1.95,5,35.108398
13.91,9,35.111555
3.95,5,35.113265
1.97,3,35.114498
3.95,5,35.11629
1.95,5,35.118366
3.93,7,35.120849
1.95,5,35.122617
1.97,3,35.123685
3.95,5,35.125773
3.95,5,35.127617
3.95,5,35.129324
1.97,3,35.130378
1.97,3,35.131445
5.93,7,35.133891
3.95,5,35.135621
3.93,7,35.137913
3.95,5,35.13956
5.92,8,35.33796
5.93,7,35.340819
1.97,3,35.341969
3.95,5,35.343678
-0.01,1,35.34409
1.95,5,35.346004
1.96,4,35.347474
5.93,7,35.349825
3.94,6,35.352111
1.97,3,35.353203
1.96,4,35.354894
1.97,3,35.356066
3.95,5,35.357792
13.91,9,35.360925
3.95,5,35.362653
1.95,5,35.364313
5.91,9,35.367713
5.93,7,35.370118
5.93,7,35.372404
1.96,4,35.373744
1.97,3,35.374775
1.96,4,35.376369
-0.01,1,35.376955
3.95,5,35.379245
5.93,7,35.381544
1.97,3,35.574335
1.95,5,35.576697
13.91,9,35.579773
1.96,4,35.581192
1.95,5,35.582852
13.89,11,35.586816
13.91,9,35.589839
3.95,5,35.591506
3.95,5,35.593385
1.97,3,35.594865
3.95,5,35.596629
3.94,6,35.598603
5.93,7,35.601039
1.97,3,35.602134
5.91,9,35.605411
1.97,3,35.606543
1.97,3,35.607613
-0.02,2,35.608419
3.92,8,35.611167
1.95,5,35.612854
3.95,5,35.614967
-0.04,4,35.616467
3.95,5,35.618361
5.93,7,35.83932
5.93,7,35.842119
1.96,4,35.843692
5.93,7,35.846017
1.97,3,35.847059
1.97,3,35.848205
-0.03,3,35.849523
1.95,5,35.851547
5.92,8,35.854249
-0.04,4,35.855616
1.96,4,35.856975
-0.04,4,35.858444
5.93,7,35.860835
1.97,3,35.861886
13.89,11,35.865686
3.95,5,35.867732
-0.04,4,35.869507
1.97,3,35.870672
1.97,3,35.871752
5.92,8,35.874442
3.93,7,35.877101
3.95,5,35.879042
1.96,4,35.88054
1.95,5,35.882252
1.97,3,35.883339
1.97,3,35.884503
1.97,3,35.885551
5.93,7,36.117641
1.97,3,36.119122
13.91,9,36.122188
3.94,6,36.124207
3.93,7,36.12714
5.93,7,36.129507
1.97,3,36.130579
1.96,4,36.131947
1.97,3,36.132992
1.97,3,36.134048
3.94,6,36.136351
3.95,5,36.138121
3.95,5,36.139806
3.95,5,36.14149
1.97,3,36.142652
5.91,9,36.145859
3.93,7,36.148196
5.92,8,36.151016
13.89,11,36.154593
3.93,7,36.156875
1.96,4,36.158215
1.97,3,36.159244
13.91,9,36.375724
1.97,3,36.376967
1.97,3,36.378065
3.95,5,36.379776
3.95,5,36.381454
13.89,11,36.385854
5.93,7,36.388328
13.91,9,36.391362
1.97,3,36.392553
1.97,3,36.393657
13.91,9,36.396622
3.95,5,36.398334
3.93,7,36.400735
3.95,5,36.402574
5.93,7,36.405023
1.97,3,36.406093
1.97,3,36.407139
1.95,5,36.409153
1.95,5,36.411475
5.91,9,36.414568
1.97,3,36.415639
3.95,5,36.417345
1.95,5,36.419026
5.91,9,36.641535
3.94,6,36.643583
1.96,4,36.644914
1.95,5,36.646552
3.95,5,36.648177
1.97,3,36.649625
3.93,7,36.652181
1.97,3,36.653271
3.93,7,36.655873
1.97,3,36.65698
1.96,4,36.658506
5.93,7,36.661167
3.95,5,36.662896
1.95,5,36.664591
1.97,3,36.665645
3.95,5,36.667322
1.97,3,36.668387
3.95,5,36.670469
1.97,3,36.671598
1.97,3,36.672656
3.95,5,36.674347
1.97,3,36.675498
3.93,7,36.677855
1.96,4,36.679228
3.95,5,36.680899
3.93,7,36.683485
1.95,5,36.685233
1.95,5,36.860434
3.93,7,36.862888
1.97,3,36.863957
1.95,5,36.86559
1.95,5,36.867262
3.95,5,36.869007
1.97,3,36.870091
1.97,3,36.871156
3.94,6,36.873158
1.97,3,36.874214
1.96,4,36.876068
1.97,3,36.877239
3.93,7,36.879653
5.93,7,36.88209
13.91,9,36.885327
1.97,3,36.886414
1.97,3,36.887459
3.94,6,36.889456
-0.03,3,36.890492
3.93,7,36.892805
3.93,7,36.89523
3.95,5,36.896916
1.95,5,36.898567
5.91,9,36.901576
1.96,4,36.902928
1.97,3,37.102066
1.97,3,37.103267
3.93,7,37.105749
1.97,3,37.106827
1.97,3,37.107889
13.91,9,37.110934
1.97,3,37.11199
3.93,7,37.114308
13.89,11,37.118708
1.97,3,37.119821
1.97,3,37.120868
1.95,5,37.122558
3.93,7,37.125342
-0.03,3,37.126702
1.97,3,37.127988
5.93,7,37.130451
3.95,5,37.132177
-0.01,1,37.132605
3.95,5,37.134427
5.93,7,37.136795
1.97,3,37.13787
3.95,5,37.139557
1.95,5,37.141265
1.97,3,37.142415
1.96,4,37.143802
1.97,3,37.145024
3.95,5,37.146727
1.97,3,37.147792
3.95,5,37.377594
1.96,4,37.379047
5.93,7,37.381374
1.97,3,37.38243
3.95,5,37.384489
3.93,7,37.387309
3.95,5,37.389282
1.97,3,37.390396
1.96,4,37.391821
5.93,7,37.394232
5.91,9,37.397225
1.96,4,37.398594
1.97,3,37.399636
3.94,6,37.401688
1.97,3,37.402742
1.96,4,37.404257
3.93,7,37.4066
3.95,5,37.408512
5.93,7,37.411425
1.95,5,37.41321
3.94,6,37.415235
5.93,7,37.417568
5.91,9,37.420855
1.95,5,37.613897
3.95,5,37.615999
1.96,4,37.61753
1.95,5,37.619349
5.93,7,37.621734
1.97,3,37.623327
3.93,7,37.62602
3.93,7,37.628368
1.95,5,37.630042
1.97,3,37.63109
1.95,5,37.633057
3.95,5,37.634751
5.91,9,37.637633
3.93,7,37.639916
1.96,4,37.641284
1.97,3,37.642366
1.95,5,37.644536
3.93,7,37.646986
1.97,3,37.648068
5.91,9,37.651131
1.95,5,37.652875
1.97,3,37.653947
3.93,7,37.656281
3.93,7,37.658813
-0.03,3,37.856719
1.97,3,37.857897
1.95,5,37.859551
1.95,5,37.861182
13.91,9,37.864041
3.95,5,37.866097
3.93,7,37.869314
5.93,7,37.871686
1.96,4,37.873026
1.97,3,37.87409
1.97,3,37.875635
5.91,9,37.878786
1.95,5,37.880503
3.93,7,37.882841
3.93,7,37.885482
5.93,7,37.888008
1.97,3,37.889075
3.95,5,37.890777
1.96,4,37.892225
1.96,4,37.893608
1.97,3,37.894798
5.93,7,37.897146
1.96,4,37.89851
1.97,3,37.89972
1.97,3,37.900846
1.97,3,37.901899
3.93,7,38.102098
1.97,3,38.103218
1.97,3,38.104261
1.97,3,38.105308
3.95,5,38.106954
5.91,9,38.110249
1.96,4,38.111716
3.93,7,38.114063
1.97,3,38.115104
3.95,5,38.117047
3.95,5,38.119572
13.91,9,38.122596
3.95,5,38.124286
5.9,10,38.12786
1.97,3,38.128961
5.92,8,38.131969
1.97,3,38.133136
1.95,5,38.13511
1.95,5,38.136804
3.94,6,38.138759
3.93,7,38.141041
1.97,3,38.142208
1.95,5,38.143874
5.91,9,38.354379
3.93,7,38.35674
1.97,3,38.357777
3.93,7,38.360056
5.93,7,38.362328
5.91,9,38.366158
5.91,9,38.369844
1.96,4,38.371319
5.91,9,38.374825
13.91,9,38.378234
5.91,9,38.381262
1.97,3,38.382334
1.95,5,38.384516
1.97,3,38.385595
3.95,5,38.387306
1.97,3,38.388335
3.95,5,38.39002
3.95,5,38.391737
1.97,3,38.393015
1.95,5,38.39505
1.95,5,38.396758
5.91,9,38.399684
3.95,5,38.594624
5.91,9,38.59768
1.95,5,38.599356
3.94,6,38.60157
5.91,9,38.604651
1.97,3,38.605696
1.95,5,38.607343
13.89,11,38.610945
1.95,5,38.61263
1.97,3,38.613662
1.97,3,38.614683
3.95,5,38.616334
3.93,7,38.619168
3.95,5,38.620921
3.93,7,38.623211
5.91,9,38.626158
1.97,3,38.62764
1.95,5,38.629422
5.93,7,38.631749
1.97,3,38.632788
1.96,4,38.634302
3.95,5,38.63601
1.96,4,38.637366
1.97,3,38.861468
13.89,11,38.865189
1.97,3,38.866238
3.95,5,38.868565
-0.03,3,38.869738
5.91,9,38.873217
1.97,3,38.874626
3.93,7,38.877008
3.95,5,38.878687
13.89,11,38.882625
5.91,9,38.88584
1.95,5,38.887508
1.95,5,38.889155
1.95,5,38.891094
1.97,3,38.892447
5.93,7,38.895084
3.93,7,38.897397
5.91,9,38.900392
1.95,5,38.902113
3.94,6,38.904097
-0.03,3,38.905118
1.95,5,38.906757
5.92,8,39.127696
3.93,7,39.130133
3.95,5,39.131816
1.97,3,39.13286
1.95,5,39.13486
1.95,5,39.13661
3.95,5,39.13828
1.97,3,39.139328
1.97,3,39.140365
13.89,11,39.14408
3.95,5,39.146024
1.97,3,39.147096
1.95,5,39.148766
5.93,7,39.151298
3.95,5,39.153034
1.95,5,39.154794
3.93,7,39.157079
3.93,7,39.159911
3.93,7,39.162691
3.95,5,39.16458
3.95,5,39.166313
13.91,9,39.169409
1.96,4,39.392133
1.95,5,39.394049
5.92,8,39.396686
5.93,7,39.398958
1.95,5,39.400768
1.95,5,39.402442
3.95,5,39.404081
1.97,3,39.405093
-0.03,3,39.4061
1.95,5,39.407744
3.95,5,39.409813
3.95,5,39.411528
1.95,5,39.413218
3.93,7,39.415507
1.96,4,39.416855
3.93,7,39.419654
1.95,5,39.421512
1.96,4,39.422964
1.95,5,39.424708
1.95,5,39.42671
1.95,5,39.428428
1.97,3,39.429478
1.95,5,39.431167
5.91,9,39.434327
3.95,5,39.43619
1.95,5,39.633921
1.97,3,39.635247
5.91,9,39.638181
3.93,7,39.640446
1.95,5,39.642289
1.95,5,39.644332
1.95,5,39.646198
1.96,4,39.647601
3.95,5,39.649285
1.96,4,39.650642
1.97,3,39.651671
3.93,7,39.654323
3.93,7,39.65718
13.89,11,39.661179
3.95,5,39.663254
3.94,6,39.665318
1.96,4,39.666685
1.95,5,39.668369
1.96,4,39.669733
3.95,5,39.671406
1.97,3,39.672786
1.95,5,39.674669
13.9,10,39.678238
3.95,5,39.901673
1.95,5,39.90344
3.93,7,39.905709
5.91,9,39.908874
5.91,9,39.912649
3.94,6,39.914749
3.95,5,39.916446
1.97,3,39.917515
3.95,5,39.919202
3.95,5,39.921278
1.95,5,39.92311
1.96,4,39.92453
1.96,4,39.926106
1.97,3,39.927188
1.97,3,39.928239
3.95,5,39.929909
1.97,3,39.930966
1.95,5,39.932613
3.95,5,39.934267
3.94,6,39.936458
1.95,5,39.938186
3.94,6,39.940196
1.95,5,39.941909
-0.02,2,39.942674
1.97,3,39.94374
1.95,5,39.945528
1.95,5,40.144643
3.94,6,40.146742
1.97,3,40.147785
1.97,3,40.148823
5.91,9,40.151723
5.93,7,40.154598
3.95,5,40.156393
1.97,3,40.157442
1.97,3,40.158473
1.95,5,40.160141
3.95,5,40.161837
1.97,3,40.162871
3.95,5,40.165038
3.94,6,40.167261
3.95,5,40.168917
1.96,4,40.170246
5.93,7,40.172511
1.95,5,40.174687
1.96,4,40.17605
5.91,9,40.178923
5.93,7,40.181206
3.95,5,40.182862
1.97,3,40.184184
1.95,5,40.185957
3.95,5,40.18763
1.96,4,40.188964
1.96,4,40.385711
1.96,4,40.38719
3.93,7,40.389511
3.95,5,40.391192
5.93,7,40.393976
3.95,5,40.395752
3.94,6,40.397733
3.95,5,40.399399
13.91,9,40.402283
1.97,3,40.403633
3.95,5,40.405612
1.95,5,40.407349
3.93,7,40.409745
5.92,8,40.412409
3.93,7,40.41524
1.96,4,40.416657
1.97,3,40.417854
5.92,8,40.420669
1.97,3,40.421774
5.91,9,40.424768
3.95,5,40.426797
5.92,8,40.429644
1.95,5,40.622155
1.97,3,40.623371
1.95,5,40.625634
5.93,7,40.628121
-0.02,2,40.628858
1.96,4,40.630387
1.97,3,40.631528
5.93,7,40.634071
5.91,9,40.637123
1.95,5,40.638819
1.97,3,40.639861
1.97,3,40.6409
-0.02,2,40.641708
1.95,5,40.64345
1.97,3,40.64481
3.95,5,40.646602
1.97,3,40.647677
5.91,9,40.650624
1.97,3,40.65171
1.95,5,40.653755
5.91,9,40.656812
3.93,7,40.659599
3.94,6,40.662008
1.96,4,40.663813
13.89,11,40.667862
1.97,3,40.887494
1.95,5,40.889278
3.95,5,40.89096
5.91,9,40.893855
1.97,3,40.894903
-0.02,2,40.89563
1.96,4,40.897641
1.97,3,40.898945
3.95,5,40.901028
3.93,7,40.903454
1.95,5,40.905249
1.95,5,40.906931
3.95,5,40.908849
3.93,7,40.911357
1.96,4,40.912764
1.95,5,40.914461
1.95,5,40.916153
1.97,3,40.917227
3.95,5,40.919347
1.97,3,40.92057
1.97,3,40.921673
3.95,5,40.92342
1.95,5,40.925349
3.95,5,40.927076
5.91,9,40.930263
1.96,4,40.931706
3.95,5,40.933475
5.92,8,41.133265
1.95,5,41.134968
13.9,10,41.138144
3.93,7,41.140876
1.95,5,41.142931
1.97,3,41.144057
3.95,5,41.145767
1.97,3,41.146829
1.95,5,41.148521
3.93,7,41.151202
1.96,4,41.1527
1.96,4,41.15409
3.93,7,41.15641
13.89,11,41.160407
1.95,5,41.16235
1.95,5,41.164079
3.93,7,41.166324
1.95,5,41.167964
1.95,5,41.169591
3.95,5,41.171653
5.93,7,41.174101
5.92,8,41.395778
1.96,4,41.397233
1.97,3,41.398296
5.93,7,41.40084
5.91,9,41.403879
5.91,9,41.406822
3.93,7,41.409614
1.96,4,41.411122
1.97,3,41.412365
1.95,5,41.41402
1.95,5,41.415666
3.95,5,41.417423
1.95,5,41.419534
3.95,5,41.421302
3.94,6,41.423524
13.9,10,41.427216
1.95,5,41.429112
1.96,4,41.430728
5.91,9,41.434122
1.95,5,41.435958
1.97,3,41.437013
1.95,5,41.438813
1.95,5,41.440661
5.91,9,41.648407
3.93,7,41.650772
1.97,3,41.651821
5.93,7,41.654093
1.97,3,41.655307
1.95,5,41.65733
1.97,3,41.658552
3.94,6,41.660714
1.97,3,41.661875
3.93,7,41.664138
5.91,9,41.667721
3.95,5,41.66943
1.97,3,41.670466
3.95,5,41.672117
1.95,5,41.673769
1.96,4,41.675102
1.95,5,41.67725
3.93,7,41.679631
1.97,3,41.680696
1.95,5,41.682372
3.95,5,41.684272
1.96,4,41.685697
1.95,5,41.687357
3.93,7,41.689636
1.97,3,41.69068
1.97,3,41.890266
1.97,3,41.891882
1.97,3,41.893059
1.97,3,41.894135
1.96,4,41.895502
1.97,3,41.896543
1.95,5,41.898191
3.93,7,41.90047
1.95,5,41.902734
5.93,7,41.905216
5.91,9,41.908357
3.95,5,41.910238
1.97,3,41.911732
3.93,7,41.914233
3.93,7,41.916598
5.93,7,41.918865
3.95,5,41.920492
3.94,6,41.923056
1.97,3,41.924374
1.95,5,41.926298
13.9,10,41.929912
3.93,7,41.932506
1.97,3,41.933727
1.95,5,41.935529
1.95,5,41.937221
3.95,5,42.148033
3.95,5,42.149788
5.91,9,42.152785
1.97,3,42.153829
5.93,7,42.156103
1.97,3,42.157143
3.95,5,42.159204
1.96,4,42.160651
1.97,3,42.16173
1.97,3,42.162782
1.97,3,42.163837
3.95,5,42.165518
5.91,9,42.168686
5.93,7,42.17132
3.95,5,42.173107
1.97,3,42.174194
1.96,4,42.175806
3.95,5,42.17759
1.95,5,42.179509
5.92,8,42.182261
1.95,5,42.184216
1.95,5,42.186085
1.95,5,42.187786
1.97,3,42.188844
1.96,4,42.190184
3.95,5,42.191977
1.97,3,42.389758
5.93,7,42.392114
3.93,7,42.394371
5.93,7,42.396607
-0.03,3,42.397622
1.95,5,42.399759
3.95,5,42.401732
3.93,7,42.404088
3.95,5,42.405775
-0.03,3,42.406809
13.9,10,42.410598
1.97,3,42.411831
5.93,7,42.414193
1.97,3,42.415263
5.91,9,42.418716
5.91,9,42.421851
13.89,11,42.425915
1.96,4,42.427311
3.95,5,42.429268
3.95,5,42.431283
1.97,3,42.432404
3.95,5,42.434185
1.95,5,42.658759
1.97,3,42.660112
1.95,5,42.661954
1.97,3,42.663062
3.93,7,42.665376
5.93,7,42.667981
1.97,3,42.669074
3.95,5,42.670754
1.97,3,42.671778
3.95,5,42.673434
1.97,3,42.674453
1.96,4,42.675782
13.91,9,42.679122
1.97,3,42.680278
1.97,3,42.681343
3.94,6,42.683405
1.97,3,42.684632
3.94,6,42.686698
3.93,7,42.689018
1.95,5,42.690705
1.97,3,42.691818
3.93,7,42.694298
3.93,7,42.696648
1.96,4,42.697996
1.97,3,42.699032
1.97,3,42.700276
5.91,9,42.899646
1.95,5,42.901494
3.93,7,42.903796
1.95,5,42.905463
-0.03,3,42.906492
3.95,5,42.908157
3.92,8,42.911095
1.97,3,42.912244
1.97,3,42.913286
5.93,7,42.915537
1.97,3,42.916565
3.95,5,42.91821
1.97,3,42.919804
5.91,9,42.923042
13.89,11,42.926624
1.97,3,42.92772
1.95,5,42.929792
3.93,7,42.932247
1.95,5,42.934151
5.91,9,42.937349
5.91,9,42.940666
5.91,9,42.943954
1.95,5,43.160193
3.93,7,43.162661
1.97,3,43.163748
1.95,5,43.165454
5.91,9,43.168429
3.93,7,43.171241
1.95,5,43.173053
1.97,3,43.174125
1.97,3,43.175296
1.95,5,43.177118
1.95,5,43.178791
1.97,3,43.179827
5.93,7,43.182106
1.95,5,43.183932
5.91,9,43.1869
1.95,5,43.188562
1.95,5,43.190211
1.97,3,43.191246
1.95,5,43.192895
3.95,5,43.194814
13.89,11,43.198526
-0.04,4,43.199893
3.93,7,43.202319
1.95,5,43.204486
5.91,9,43.431623
1.95,5,43.433341
1.95,5,43.435002
3.93,7,43.437275
1.95,5,43.439427
1.97,3,43.440608
1.95,5,43.442509
1.95,5,43.444356
-0.03,3,43.445444
1.95,5,43.447136
5.93,7,43.44945
3.93,7,43.452031
5.93,7,43.454382
-0.03,3,43.455476
1.95,5,43.457191
1.95,5,43.458875
3.93,7,43.461689
-0.03,3,43.462856
1.97,3,43.463979
1.95,5,43.465766
5.91,9,43.468872
1.95,5,43.470561
1.97,3,43.471597
1.95,5,43.473252
13.91,9,43.66688
1.95,5,43.668634
5.93,7,43.670941
1.95,5,43.672637
1.97,3,43.673873
1.95,5,43.676013
13.89,11,43.679593
1.97,3,43.680617
3.93,7,43.682871
1.95,5,43.684844
5.91,9,43.687959
1.97,3,43.68903
13.91,9,43.692236
5.91,9,43.695585
3.95,5,43.697355
1.95,5,43.699054
3.95,5,43.70135
1.97,3,43.702812
1.95,5,43.704691
3.93,7,43.707112
1.95,5,43.709066
3.93,7,43.927528
3.93,7,43.930011
3.93,7,43.93233
1.95,5,43.934244
1.97,3,43.935336
1.96,4,43.936718
1.95,5,43.938393
5.91,9,43.941476
1.95,5,43.94331
5.93,7,43.945664
1.95,5,43.94735
1.97,3,43.948392
1.95,5,43.950258
-0.03,3,43.951863
-0.03,3,43.953008
1.95,5,43.954734
1.95,5,43.956443
1.97,3,43.957527
3.93,7,43.959925
5.91,9,43.963326
3.93,7,43.965605
3.93,7,43.967915
1.95,5,43.969557
1.95,5,43.971503
1.95,5,44.168593
1.95,5,44.170395
-0.03,3,44.171443
3.93,7,44.173753
3.93,7,44.176076
13.89,11,44.180251
5.91,9,44.183316
5.93,7,44.18601
1.95,5,44.187742
3.93,7,44.190041
-0.03,3,44.191081
1.95,5,44.193101
1.95,5,44.194838
5.91,9,44.197779
3.95,5,44.199452
3.95,5,44.201325
3.93,7,44.203638
-0.03,3,44.204667
5.93,7,44.206965
5.93,7,44.209853
1.97,3,44.211016
1.95,5,44.212716
1.97,3,44.432934
3.93,7,44.435925
13.91,9,44.438997
1.95,5,44.440735
3.93,7,44.443885
3.93,7,44.446534
-0.03,3,44.447659
3.93,7,44.450394
1.95,5,44.452651
3.95,5,44.454426
3.93,7,44.456779
-0.03,3,44.457878
1.97,3,44.458939
5.91,9,44.462329
1.94,6,44.464683
1.97,3,44.465908
1.95,5,44.467884
1.97,3,44.469072
-0.03,3,44.470212
3.95,5,44.472101
1.95,5,44.473906
3.95,5,44.475785
-0.03,3,44.476972
1.95,5,44.478808
1.95,5,44.480575
1.95,5,44.699501
3.93,7,44.702532
1.97,3,44.703653
5.91,9,44.706606
1.97,3,44.708169
3.93,7,44.710848
3.95,5,44.712578
5.91,9,44.715507
1.97,3,44.716543
3.93,7,44.719238
1.95,5,44.720989
1.95,5,44.722704
-0.03,3,44.723767
5.93,7,44.726448
3.93,7,44.728834
3.95,5,44.73055
13.91,9,44.733514
1.97,3,44.734609
-0.03,3,44.735684
1.96,4,44.737116
3.95,5,44.738823
1.95,5,44.740508
3.93,7,44.743188
1.97,3,44.939723
13.89,11,44.94372
1.95,5,44.945457
1.97,3,44.946513
3.93,7,44.94879
13.89,11,44.952831
1.95,5,44.954615
13.91,9,44.957618
5.93,7,44.960372
-0.03,3,44.961506
1.97,3,44.962562
1.97,3,44.963609
1.95,5,44.965272
1.95,5,44.966975
1.95,5,44.968866
1.96,4,44.970687
1.96,4,44.972225
1.95,5,44.974027
3.93,7,44.976623
3.95,5,44.978324
13.91,9,44.981265
3.93,7,44.983608
5.93,7,45.206145
5.93,7,45.208638
1.95,5,45.210333
3.93,7,45.212618
1.95,5,45.214513
1.95,5,45.216313
1.97,3,45.217417
1.95,5,45.219102
3.93,7,45.221406
5.93,7,45.223694
1.97,3,45.225365
1.95,5,45.227228
1.97,3,45.228298
3.94,6,45.230382
1.95,5,45.232214
1.95,5,45.234256
1.95,5,45.235965
1.97,3,45.236994
5.93,7,45.239254
3.95,5,45.240922
13.89,11,45.245649
5.91,9,45.24898
1.96,4,45.250777
1.95,5,45.474627
3.94,6,45.477048
5.91,9,45.480069
3.93,7,45.482403
3.95,5,45.484181
1.97,3,45.485241
5.91,9,45.488184
1.94,6,45.490169
1.96,4,45.491524
5.91,9,45.495669
3.93,7,45.498059
1.95,5,45.499733
1.95,5,45.501939
1.97,3,45.503224
1.95,5,45.504948
3.93,7,45.507224
3.93,7,45.50982
3.95,5,45.511582
1.95,5,45.513328
3.95,5,45.515017
1.97,3,45.516052
1.97,3,45.517078
3.94,6,45.519439
1.97,3,45.717142
5.91,9,45.720957
1.96,4,45.722343
3.93,7,45.724624
3.94,6,45.726567
1.95,5,45.728652
13.9,10,45.732397
1.96,4,45.733946
5.93,7,45.736269
1.97,3,45.737312
5.93,7,45.739645
1.97,3,45.740891
1.95,5,45.743134
1.95,5,45.745011
3.93,7,45.747374
3.93,7,45.749717
1.95,5,45.751798
1.95,5,45.753543
1.97,3,45.754599
5.91,9,45.757529
1.95,5,45.759312
3.95,5,45.761004
1.95,5,45.762679
3.93,7,45.969354
1.95,5,45.971152
5.93,7,45.973503
3.95,5,45.97517
3.95,5,45.977197
5.91,9,45.980418
1.95,5,45.982165
1.96,4,45.983647
3.93,7,45.986068
5.93,7,45.988611
1.97,3,45.989714
1.96,4,45.991124
5.91,9,45.994342
5.91,9,45.997704
3.94,6,45.999743
1.95,5,46.001754
1.97,3,46.002858
1.97,3,46.003915
1.95,5,46.005791
1.95,5,46.007525
5.91,9,46.010594
3.93,7,46.013359
3.94,6,46.208159
1.97,3,46.209303
3.95,5,46.210987
3.95,5,46.212659
3.95,5,46.214319
3.95,5,46.216494
1.95,5,46.218219
1.97,3,46.21926
1.95,5,46.220924
3.95,5,46.222593
3.95,5,46.224242
5.93,7,46.226926
3.94,6,46.229069
3.95,5,46.230808
1.97,3,46.231875
1.96,4,46.233248
1.97,3,46.234631
1.97,3,46.235757
1.97,3,46.236836
1.97,3,46.237892
1.95,5,46.239569
3.95,5,46.241242
1.95,5,46.243245
-0.03,3,46.244386
13.91,9,46.247363
1.97,3,46.248427
1.95,5,46.250111
1.96,4,46.251461
1.97,3,46.467662
3.95,5,46.46942
1.95,5,46.471069
1.95,5,46.472724
13.91,9,46.475585
1.95,5,46.477773
13.9,10,46.481165
1.95,5,46.482968
1.97,3,46.484157
13.91,9,46.487209
1.97,3,46.488281
1.97,3,46.489359
13.91,9,46.492533
3.93,7,46.495481
5.92,8,46.498149
1.95,5,46.499811
13.89,11,46.503483
3.95,5,46.505186
-0.03,3,46.506222
1.95,5,46.507878
1.97,3,46.509054
1.95,5,46.510815
3.93,7,46.736874
1.97,3,46.738013
1.97,3,46.739071
1.97,3,46.740106
1.95,5,46.742
1.97,3,46.74364
1.95,5,46.745795
1.97,3,46.746922
3.93,7,46.749297
1.96,4,46.750772
5.91,9,46.753751
3.93,7,46.756083
1.97,3,46.75713
1.96,4,46.758641
5.92,8,46.761293
1.97,3,46.762446
1.96,4,46.763924
5.91,9,46.767265
3.93,7,46.769974
1.97,3,46.771136
3.93,7,46.773496
3.95,5,46.775437
1.96,4,46.776872
5.93,7,46.779156
3.93,7,46.781435
3.95,5,46.989015
1.95,5,46.990768
1.95,5,46.992906
3.93,7,46.995497
1.95,5,46.997614
3.93,7,47.00031
3.94,6,47.002352
1.95,5,47.00402
1.95,5,47.005667
5.91,9,47.009041
1.95,5,47.010744
3.95,5,47.012418
3.95,5,47.0141
13.89,11,47.018215
1.96,4,47.019678
1.97,3,47.020742
5.91,9,47.023679
1.96,4,47.025236
1.95,5,47.026978
1.95,5,47.028638
1.95,5,47.030661
1.97,3,47.031823
3.93,7,47.25056
5.91,9,47.25368
3.93,7,47.256016
3.93,7,47.258346
1.95,5,47.260105
1.97,3,47.26115
-0.03,3,47.262332
1.95,5,47.264571
1.95,5,47.266408
-0.03,3,47.267468
3.93,7,47.269772
3.92,8,47.272627
1.95,5,47.274414
1.95,5,47.276274
13.89,11,47.279884
1.97,3,47.280933
1.95,5,47.282781
5.91,9,47.286094
5.91,9,47.289254
5.91,9,47.292309
13.89,11,47.515029
3.93,7,47.517466
3.93,7,47.51978
1.95,5,47.521456
5.91,9,47.524797
-0.03,3,47.52614
3.95,5,47.527904
5.91,9,47.530859
1.95,5,47.532543
-0.03,3,47.533747
1.95,5,47.535661
1.95,5,47.537588
13.89,11,47.541133
3.95,5,47.542823
1.95,5,47.544891
1.95,5,47.546638
3.93,7,47.549028
1.95,5,47.550691
1.95,5,47.552363
-0.03,3,47.553445
3.93,7,47.556018
5.91,9,47.559099
3.93,7,47.776453
1.95,5,47.778208
1.97,3,47.779274
1.95,5,47.780944
-0.03,3,47.781972
1.95,5,47.783883
3.93,7,47.786186
-0.03,3,47.787259
1.95,5,47.78891
3.93,7,47.791188
1.97,3,47.792238
1.97,3,47.793543
1.95,5,47.79572
-0.03,3,47.796828
1.95,5,47.798547
1.95,5,47.800336
5.91,9,47.803448
13.89,11,47.80702
-0.03,3,47.808061
13.89,11,47.811623
13.89,11,47.815328
1.96,4,47.816806
1.97,3,47.817939
1.97,3,48.037441
1.97,3,48.038682
1.95,5,48.040413
1.95,5,48.042231
3.93,7,48.044606
1.95,5,48.046394
3.93,7,48.049274
1.95,5,48.051314
1.95,5,48.053096
1.95,5,48.054973
1.97,3,48.056088
1.95,5,48.05779
3.93,7,48.060189
13.89,11,48.063769
1.95,5,48.065411
3.93,7,48.067808
1.97,3,48.068921
1.97,3,48.069982
3.95,5,48.071717
3.95,5,48.073596
1.95,5,48.075801
1.95,5,48.07802
1.95,5,48.079755
1.95,5,48.081407
1.95,5,48.083065
1.95,5,48.31159
3.95,5,48.31336
-0.03,3,48.3144
-0.03,3,48.315435
3.93,7,48.317694
1.95,5,48.31945
1.95,5,48.321614
3.93,7,48.324112
1.95,5,48.326246
1.97,3,48.327329
3.93,7,48.329907
1.95,5,48.33184
1.95,5,48.333604
1.95,5,48.335319
-0.04,4,48.336685
5.91,9,48.339616
5.91,9,48.342793
5.93,7,48.345257
3.93,7,48.347574
1.97,3,48.348624
-0.03,3,48.349649
1.95,5,48.351694
5.91,9,48.354883
1.97,3,48.355972
1.95,5,48.553238
1.94,6,48.555478
1.95,5,48.557165
-0.03,3,48.558206
3.93,7,48.560603
3.95,5,48.562296
1.94,6,48.564365
1.97,3,48.565439
1.95,5,48.567147
1.97,3,48.56822
3.93,7,48.570514
1.95,5,48.572174
3.92,8,48.574773
1.95,5,48.577029
3.92,8,48.579823
1.97,3,48.58091
5.93,7,48.583225
1.95,5,48.585369
1.95,5,48.587191
1.97,3,48.588248
1.94,6,48.590238
3.92,8,48.593141
1.95,5,48.594885
1.94,6,48.779708
3.93,7,48.782226
1.95,5,48.784323
3.94,6,48.786467
1.96,4,48.787851
13.88,12,48.792535
1.94,6,48.794594
5.9,10,48.797864
3.93,7,48.800625
3.93,7,48.803078
3.93,7,48.80544
5.91,9,48.808425
3.92,8,48.811214
1.95,5,48.812921
1.94,6,48.815159
-0.04,4,48.816568
1.95,5,48.818351
-0.04,4,48.819711
3.93,7,48.822015
1.95,5,48.823733
3.95,5,49.056726
1.95,5,49.058516
3.95,5,49.060202
1.95,5,49.061864
5.91,9,49.064761
1.95,5,49.067042
13.91,9,49.070218
3.92,8,49.072949
3.95,5,49.074839
5.91,9,49.078626
13.91,9,49.081611
3.93,7,49.084399
1.95,5,49.086456
1.95,5,49.088302
3.95,5,49.090047
3.92,8,49.092835
-0.03,3,49.093976
-0.03,3,49.095165
3.93,7,49.0975
1.94,6,49.099476
3.92,8,49.102344
-0.03,3,49.297881
3.93,7,49.300319
-0.04,4,49.301745
3.93,7,49.304043
1.97,3,49.305092
1.95,5,49.307249
5.91,9,49.310586
1.95,5,49.312526
1.95,5,49.314326
-0.03,3,49.315586
3.93,7,49.318456
1.97,3,49.319511
1.95,5,49.321207
1.95,5,49.322904
13.88,12,49.327637
13.89,11,49.331449
3.92,8,49.334113
1.95,5,49.335779
-0.03,3,49.337292
-0.04,4,49.338778
1.95,5,49.340492
3.93,7,49.343006
3.93,7,49.579658
-0.03,3,49.580802
3.93,7,49.583238
-0.04,4,49.58512
13.91,9,49.588521
3.93,7,49.590979
5.9,10,49.594437
1.97,3,49.595655
3.93,7,49.598304
1.95,5,49.600145
1.95,5,49.601933
-0.03,3,49.602983
1.95,5,49.604657
-0.03,3,49.605724
1.97,3,49.606775
3.93,7,49.60926
3.93,7,49.611551
1.95,5,49.613219
1.95,5,49.614876
3.93,7,49.617493
3.93,7,49.619977
3.92,8,49.622641
3.93,7,49.831428
1.95,5,49.833267
3.93,7,49.83597
3.93,7,49.838408
3.92,8,49.841923
-0.03,3,49.843322
-0.03,3,49.844622
3.93,7,49.847036
1.97,3,49.848084
-0.04,4,49.849666
1.97,3,49.850972
1.97,3,49.852076
5.91,9,49.855085
3.93,7,49.857414
3.93,7,49.860148
-0.04,4,49.861551
5.91,9,49.864579
5.93,7,49.867138
3.94,6,49.869543
-0.03,3,49.870735
1.94,6,49.872917
-0.04,4,49.874338
-0.03,3,49.875685
5.91,9,50.073039
-0.03,3,50.074705
3.92,8,50.078005
3.93,7,50.080408
3.93,7,50.083147
5.91,9,50.086333
3.95,5,50.088046
3.93,7,50.090348
1.95,5,50.09216
1.95,5,50.093862
-0.03,3,50.09515
5.91,9,50.098131
-0.03,3,50.099178
5.91,9,50.102547
1.97,3,50.103923
-0.03,3,50.105171
1.95,5,50.107005
3.95,5,50.108777
-0.03,3,50.109902
1.95,5,50.111614
3.93,7,50.11413
1.97,3,50.115209
1.97,3,50.116263
1.95,5,50.118744
3.93,7,50.311528
1.95,5,50.313328
1.95,5,50.315216
1.95,5,50.317098
1.95,5,50.318902
-0.03,3,50.319971
1.95,5,50.321707
3.93,7,50.323986
3.92,8,50.327069
1.95,5,50.328955
-0.03,3,50.330045
1.94,6,50.332057
1.95,5,50.333757
5.91,9,50.337277
1.97,3,50.338458
1.95,5,50.340224
3.93,7,50.342826
1.95,5,50.344604
13.89,11,50.348431
3.93,7,50.350908
5.93,7,50.353228
1.95,5,50.355111
5.91,9,50.578435
5.93,7,50.580835
1.95,5,50.582536
-0.03,3,50.584079
5.91,9,50.587467
3.95,5,50.589257
1.95,5,50.590993
5.93,7,50.593533
1.95,5,50.595521
3.93,7,50.598145
1.95,5,50.599825
3.93,7,50.602082
1.97,3,50.603111
1.95,5,50.604753
3.93,7,50.607457
1.95,5,50.609443
1.95,5,50.611173
5.91,9,50.61412
3.93,7,50.616685
3.95,5,50.619698
1.94,6,50.622459
1.95,5,50.624287
3.93,7,50.824879
3.93,7,50.828311
1.95,5,50.830414
-0.03,3,50.831645
3.93,7,50.834544
3.93,7,50.837155
5.91,9,50.840719
1.97,3,50.841874
13.91,9,50.845091
1.95,5,50.847194
1.95,5,50.84931
1.95,5,50.8512
3.94,6,50.853229
5.91,9,50.856156
1.96,4,50.857756
1.95,5,50.85969
1.97,3,50.860774
1.97,3,50.861805
3.93,7,50.864099
3.93,7,50.866578
5.93,7,50.869539
5.93,7,51.061483
3.93,7,51.063899
1.95,5,51.065551
1.95,5,51.067197
5.93,7,51.069451
3.93,7,51.072333
1.97,3,51.073506
3.93,7,51.076114
3.95,5,51.07794
3.95,5,51.079704
1.95,5,51.081701
3.95,5,51.083526
5.93,7,51.086044
5.93,7,51.088377
3.93,7,51.090709
5.93,7,51.093386
1.95,5,51.095101
3.95,5,51.096764
5.91,9,51.099662
3.93,7,51.102111
1.95,5,51.103822
1.97,3,51.104973
3.93,7,51.293827
5.93,7,51.296233
3.95,5,51.297919
-0.03,3,51.298969
1.95,5,51.300621
1.97,3,51.301893
3.93,7,51.30458
-0.03,3,51.305657
1.95,5,51.307361
1.97,3,51.308745
5.92,8,51.311461
3.95,5,51.313364
3.95,5,51.315349
1.95,5,51.317169
1.97,3,51.318245
1.97,3,51.319292
3.93,7,51.32159
-0.03,3,51.322627
1.95,5,51.324318
1.95,5,51.326232
3.93,7,51.329035
1.97,3,51.330157
13.91,9,51.333278
3.95,5,51.336035
1.95,5,51.338229
3.93,7,51.538351
1.96,4,51.539857
1.95,5,51.541544
1.95,5,51.543705
5.92,8,51.546432
3.95,5,51.548472
1.95,5,51.550408
3.93,7,51.552847
3.93,7,51.555263
1.95,5,51.556946
3.93,7,51.559377
1.96,4,51.560749
3.93,7,51.563051
1.95,5,51.564703
1.97,3,51.565735
13.91,9,51.569102
1.95,5,51.570865
1.97,3,51.571959
3.93,7,51.574419
1.97,3,51.575682
1.95,5,51.57746
1.97,3,51.578736
3.93,7,51.581223
1.95,5,51.582925
1.95,5,51.783428
1.97,3,51.784989
3.93,7,51.787672
1.95,5,51.789422
3.93,7,51.791882
1.95,5,51.793534
3.93,7,51.795777
1.95,5,51.797406
3.95,5,51.799028
3.95,5,51.800659
1.97,3,51.801953
1.97,3,51.80331
5.91,9,51.806441
1.95,5,51.808178
3.93,7,51.810477
1.96,4,51.81214
1.95,5,51.814082
1.97,3,51.815177
1.95,5,51.816997
1.95,5,51.818779
1.97,3,51.81987
1.97,3,51.820926
3.95,5,51.822634
5.91,9,51.82602
3.93,7,51.828342
1.95,5,52.048791
1.96,4,52.050338
3.93,7,52.052849
5.91,9,52.055911
-0.03,3,52.057571
-0.03,3,52.058982
1.95,5,52.060801
1.97,3,52.061904
3.93,7,52.064364
1.97,3,52.06549
-0.03,3,52.066575
-0.03,3,52.067915
5.91,9,52.070906
5.93,7,52.073459
13.89,11,52.078033
1.95,5,52.079767
1.96,4,52.081128
1.97,3,52.082175
1.95,5,52.0842
-0.03,3,52.085322
1.95,5,52.087104
1.97,3,52.088277
1.97,3,52.089351
-0.03,3,52.090418
1.95,5,52.092172
-0.03,3,52.09326
1.95,5,52.319386
3.95,5,52.321339
3.93,7,52.323673
3.93,7,52.326454
1.97,3,52.327649
1.97,3,52.329039
3.95,5,52.330785
5.91,9,52.334081
3.94,6,52.336255
1.97,3,52.337306
5.91,9,52.340655
1.95,5,52.3426
3.95,5,52.344346
1.97,3,52.345425
1.97,3,52.346487
1.95,5,52.348201
3.93,7,52.350689
3.93,7,52.353034
1.97,3,52.354076
1.95,5,52.355734
1.97,3,52.356751
1.95,5,52.358384
5.91,9,52.361573
1.96,4,52.363153
5.91,9,52.563217
1.97,3,52.564378
-0.03,3,52.565437
3.95,5,52.567293
1.97,3,52.568378
-0.03,3,52.569419
-0.03,3,52.570456
1.95,5,52.572147
3.93,7,52.574572
1.96,4,52.576787
5.91,9,52.579808
3.93,7,52.582078
3.93,7,52.584595
1.95,5,52.58633
-0.03,3,52.587383
1.97,3,52.588426
3.93,7,52.590729
1.95,5,52.592511
13.91,9,52.595794
1.95,5,52.59752
-0.03,3,52.598565
1.95,5,52.600202
3.93,7,52.602787
3.93,7,52.605242
1.95,5,52.60695
1.97,3,52.803526
1.95,5,52.8054
5.91,9,52.808326
1.95,5,52.80998
5.93,7,52.812298
1.97,3,52.813825
1.97,3,52.814946
13.89,11,52.81875
3.93,7,52.821074
5.93,7,52.823608
3.93,7,52.826671
3.94,6,52.828766
13.9,10,52.832039
1.95,5,52.834335
5.91,9,52.837394
3.93,7,52.839725
3.93,7,52.842398
1.97,3,52.843643
1.97,3,52.844732
3.95,5,52.846403
1.95,5,52.848079
3.93,7,53.065446
1.97,3,53.066611
1.95,5,53.068462
3.93,7,53.070766
3.93,7,53.073093
1.97,3,53.074179
-0.03,3,53.076024
3.93,7,53.079004
1.97,3,53.080087
3.93,7,53.082342
1.95,5,53.083979
3.93,7,53.086694
1.96,4,53.088173
3.93,7,53.090778
1.97,3,53.092061
1.95,5,53.09385
3.93,7,53.096178
3.93,7,53.098478
1.95,5,53.100153
3.93,7,53.102788
1.95,5,53.104889
3.93,7,53.107318
3.94,6,53.109473
13.91,9,53.27484
5.91,9,53.278071
1.95,5,53.279782
1.95,5,53.281439
1.95,5,53.283095
1.97,3,53.284583
3.93,7,53.287039
1.97,3,53.288115
3.95,5,53.289812
13.89,11,53.293531
5.93,7,53.296209
1.97,3,53.297288
1.97,3,53.298332
3.95,5,53.300029
1.97,3,53.301379
1.97,3,53.30247
1.97,3,53.303637
1.96,4,53.305163
1.95,5,53.306893
1.97,3,53.307962
3.93,7,53.310432
1.96,4,53.311813
1.97,3,53.312871
5.92,8,53.315479
1.97,3,53.316549
1.97,3,53.317604
1.95,5,53.539241
1.97,3,53.540447
3.95,5,53.542581
5.91,9,53.545704
1.96,4,53.547082
3.93,7,53.549643
1.97,3,53.550915
1.95,5,53.552659
3.94,6,53.554851
1.97,3,53.555941
3.93,7,53.558281
3.93,7,53.560678
1.97,3,53.561738
5.92,8,53.564353
3.93,7,53.566634
1.97,3,53.56777
1.95,5,53.569433
3.93,7,53.571702
3.93,7,53.573979
1.97,3,53.575553
3.93,7,53.57796
1.96,4,53.579358
1.95,5,53.581024
1.97,3,53.582068
3.95,5,53.583764
13.89,11,53.78062
5.92,8,53.783305
1.95,5,53.785799
3.93,7,53.788512
3.93,7,53.79091
1.96,4,53.792462
3.93,7,53.795238
3.93,7,53.798069
1.97,3,53.799168
3.94,6,53.801388
3.93,7,53.803747
5.91,9,53.806647
3.93,7,53.80907
1.95,5,53.810762
3.95,5,53.812444
3.94,6,53.814504
1.97,3,53.815593
13.89,11,53.819277
3.93,7,53.821574
1.95,5,54.040502
5.91,9,54.044043
3.95,5,54.045796
1.97,3,54.046858
1.95,5,54.048535
3.93,7,54.051382
1.95,5,54.053159
1.95,5,54.054858
3.95,5,54.056546
1.95,5,54.058218
3.94,6,54.060402
5.93,7,54.062778
1.95,5,54.064558
1.97,3,54.065605
3.95,5,54.067319
5.91,9,54.070438
1.97,3,54.071501
5.92,8,54.07476
1.95,5,54.076795
1.95,5,54.078643
5.91,9,54.081619
1.96,4,54.082998
-0.03,3,54.084042
1.95,5,54.086068
5.93,7,54.279387
3.93,7,54.281764
1.95,5,54.283645
3.95,5,54.285863
1.95,5,54.28793
5.92,8,54.290677
1.97,3,54.291855
1.95,5,54.2937
1.95,5,54.295381
1.95,5,54.297365
13.89,11,54.301425
3.94,6,54.303493
5.91,9,54.306535
1.95,5,54.308237
3.93,7,54.310783
1.97,3,54.311892
3.93,7,54.314162
5.93,7,54.316432
5.91,9,54.319566
1.97,3,54.320666
3.93,7,54.536478
-0.02,2,54.53737
5.93,7,54.539744
1.95,5,54.541409
1.97,3,54.542887
3.95,5,54.544704
1.96,4,54.546401
5.91,9,54.549535
3.95,5,54.551512
1.97,3,54.552624
1.97,3,54.553708
1.97,3,54.554845
3.95,5,54.556558
1.97,3,54.557614
3.94,6,54.559795
3.95,5,54.561497
3.95,5,54.563163
1.96,4,54.564509
-0.03,3,54.565569
3.95,5,54.567356
-0.02,2,54.56824
5.93,7,54.570612
1.97,3,54.571674
5.91,9,54.574797
1.97,3,54.576196
3.95,5,54.578308
1.97,3,54.579417
1.97,3,54.580455
3.95,5,54.58211
5.91,9,54.78735
1.97,3,54.788485
3.94,6,54.790486
5.93,7,54.792821
5.91,9,54.796525
3.93,7,54.799032
1.95,5,54.800972
1.96,4,54.802446
1.97,3,54.803584
1.97,3,54.804718
5.91,9,54.807694
1.95,5,54.809772
3.93,7,54.812155
1.97,3,54.813218
-0.03,3,54.814276
1.95,5,54.816044
3.93,7,54.818572
-0.03,3,54.820109
3.93,7,54.822544
3.93,7,54.825087
1.97,3,54.826389
3.94,6,54.828409
5.93,7,54.830732
1.95,5,55.026074
5.93,7,55.028517
1.97,3,55.029563
1.97,3,55.030616
3.93,7,55.032902
3.95,5,55.035058
3.95,5,55.036875
5.91,9,55.0399
1.95,5,55.041608
3.95,5,55.043277
1.97,3,55.044444
1.95,5,55.046588
1.97,3,55.04771
1.96,4,55.049143
3.93,7,55.051686
1.95,5,55.053426
1.95,5,55.055123
1.97,3,55.056162
5.91,9,55.059148
1.97,3,55.060188
-0.03,3,55.061233
1.97,3,55.062284
5.91,9,55.065269
1.96,4,55.06666
5.91,9,55.069845
3.95,5,55.26812
3.93,7,55.270544
3.93,7,55.272843
1.95,5,55.2745
3.93,7,55.277294
5.91,9,55.280454
5.93,7,55.282796
1.95,5,55.285096
1.96,4,55.287003
1.95,5,55.288836
1.95,5,55.290567
1.97,3,55.291693
13.91,9,55.29503
1.95,5,55.296928
1.96,4,55.298393
-0.02,2,55.299136
3.93,7,55.301777
-0.03,3,55.302858
1.95,5,55.304608
5.91,9,55.307547
1.97,3,55.308654
5.91,9,55.311619
3.93,7,55.547181
3.94,6,55.54933
3.93,7,55.551941
-0.02,2,55.552724
1.95,5,55.554428
5.93,7,55.556742
3.95,5,55.558507
3.95,5,55.560242
3.95,5,55.561918
1.97,3,55.562961
1.97,3,55.564075
3.94,6,55.566625
1.97,3,55.56776
3.95,5,55.569728
1.97,3,55.57083
3.93,7,55.573155
5.91,9,55.576405
5.91,9,55.579754
1.95,5,55.581484
1.97,3,55.582542
1.95,5,55.584476
1.97,3,55.585593
5.91,9,55.588585
1.97,3,55.589806
1.95,5,55.591537
3.95,5,55.790465
1.95,5,55.792251
3.93,7,55.79455
1.95,5,55.796232
3.93,7,55.798531
3.93,7,55.801637
5.93,7,55.804064
1.95,5,55.805767
3.93,7,55.808073
3.94,6,55.810328
1.95,5,55.812045
3.93,7,55.814483
13.89,11,55.818274
1.96,4,55.819671
1.96,4,55.821054
1.95,5,55.822753
1.95,5,55.824503
3.95,5,55.826556
1.95,5,55.828821
3.94,6,55.830916
3.93,7,55.833234
13.89,11,56.054529
1.97,3,56.055728
1.95,5,56.057458
1.97,3,56.058509
1.95,5,56.060184
1.95,5,56.062424
1.95,5,56.064317
-0.03,3,56.065444
3.95,5,56.067611
1.95,5,56.069357
5.92,8,56.0724
1.95,5,56.074394
1.95,5,56.076226
1.96,4,56.077992
3.93,7,56.080301
1.97,3,56.081586
3.93,7,56.084501
3.93,7,56.086833
1.97,3,56.087865
3.95,5,56.089501
1.95,5,56.09113
3.95,5,56.093183
3.93,7,56.095493
1.97,3,56.097305
1.95,5,56.099223
1.97,3,56.100537
3.95,5,56.279703
1.97,3,56.280855
1.97,3,56.281911
1.95,5,56.283768
3.95,5,56.286188
3.93,7,56.288617
3.95,5,56.290326
1.95,5,56.292306
3.93,7,56.294774
1.97,3,56.295821
1.97,3,56.296857
3.94,6,56.29883
3.93,7,56.301162
5.91,9,56.304869
3.95,5,56.306603
1.97,3,56.307659
1.97,3,56.308914
3.95,5,56.310663
13.91,9,56.314157
13.91,9,56.317352
1.96,4,56.318741
1.95,5,56.320421
5.93,7,56.323008
3.93,7,56.524401
1.97,3,56.525648
3.93,7,56.528018
13.89,11,56.531563
1.95,5,56.533229
1.95,5,56.535179
1.95,5,56.536876
3.93,7,56.539168
1.97,3,56.540201
13.89,11,56.54422
1.95,5,56.546135
5.91,9,56.549174
3.93,7,56.551683
13.91,9,56.554875
3.95,5,56.556902
1.97,3,56.558089
3.95,5,56.560165
1.95,5,56.561929
1.97,3,56.562988
3.95,5,56.564669
3.93,7,56.566973
1.97,3,56.568018
13.89,11,56.794563
1.96,4,56.79601
3.95,5,56.797675
1.97,3,56.798712
3.93,7,56.800985
3.95,5,56.803162
1.96,4,56.80463
5.93,7,56.806987
1.95,5,56.80889
1.95,5,56.810695
1.97,3,56.811777
3.95,5,56.81345
1.95,5,56.815277
1.97,3,56.816365
1.95,5,56.81812
5.93,7,56.820441
-0.03,3,56.821478
1.95,5,56.823132
1.95,5,56.824788
3.93,7,56.827726
1.97,3,56.828816
3.93,7,56.831095
1.97,3,56.832122
5.93,7,56.834382
1.96,4,56.83618
1.95,5,57.008516
3.95,5,57.010636
1.95,5,57.012415
3.93,7,57.014902
1.97,3,57.015987
1.97,3,57.017205
1.95,5,57.019
3.94,6,57.020979
3.93,7,57.023239
1.95,5,57.024884
3.93,7,57.027325
1.95,5,57.029055
1.97,3,57.030203
3.93,7,57.03252
5.92,8,57.035767
3.93,7,57.038184
3.95,5,57.039855
1.97,3,57.040891
1.95,5,57.042553
3.95,5,57.044214
3.93,7,57.047092
13.91,9,57.050233
1.97,3,57.051354
1.97,3,57.052427
1.95,5,57.246516
1.96,4,57.248068
1.97,3,57.249149
1.95,5,57.251054
1.97,3,57.252159
3.93,7,57.254447
1.96,4,57.255854
3.93,7,57.258238
1.95,5,57.25998
3.93,7,57.262289
3.95,5,57.263943
1.97,3,57.265189
3.93,7,57.267682
5.91,9,57.270622
1.97,3,57.271659
3.95,5,57.273309
3.94,6,57.275353
3.95,5,57.277116
1.95,5,57.278838
1.97,3,57.279897
1.96,4,57.281264
5.93,7,57.284034
1.95,5,57.286147
3.93,7,57.288522
1.97,3,57.289594
1.95,5,57.291277
1.97,3,57.489993
3.94,6,57.492234
1.97,3,57.494203
1.95,5,57.49608
3.93,7,57.498494
3.93,7,57.502644
3.93,7,57.505788
5.93,7,57.513308
1.97,3,57.515887
1.95,5,57.519026
5.92,8,57.523187
1.95,5,57.525849
5.91,9,57.529819
1.96,4,57.532085
3.93,7,57.538702
3.95,5,57.541834
5.91,9,57.546143
5.92,8,57.549059
5.92,8,57.551772
1.97,3,57.553155
3.93,7,57.557321
1.97,3,57.757692
1.95,5,57.76015
3.93,7,57.762543
1.96,4,57.763905
1.97,3,57.764941
5.91,9,57.768062
3.93,7,57.770353
1.97,3,57.771394
1.97,3,57.772429
1.97,3,57.773454
1.97,3,57.774492
5.91,9,57.777979
3.93,7,57.780342
3.93,7,57.782716
3.95,5,57.785524
1.95,5,57.788219
1.95,5,57.794963
1.95,5,57.798922
1.97,3,57.800367
3.95,5,57.802633
3.95,5,57.804636
1.97,3,57.80577
1.95,5,57.807444
1.95,5,57.809135
1.97,3,57.810233
1.97,3,57.811276
3.95,5,57.813356
13.91,9,58.025778
3.93,7,58.02822
3.93,7,58.03052
13.91,9,58.036431
1.96,4,58.040003
3.93,7,58.043659
1.95,5,58.049981
5.91,9,58.053136
3.95,5,58.054966
13.91,9,58.058401
1.97,3,58.059906
1.97,3,58.061168
1.97,3,58.062538
3.95,5,58.064226
1.97,3,58.065244
5.91,9,58.068404
-0.03,3,58.069938
1.95,5,58.071959
1.96,4,58.074162
1.97,3,58.075326
3.95,5,58.078058
1.95,5,58.080095
3.93,7,58.284671
3.95,5,58.287094
1.97,3,58.288243
3.94,6,58.290277
5.91,9,58.293271
1.95,5,58.29569
3.93,7,58.298096
3.95,5,58.299778
3.94,6,58.302121
1.95,5,58.304059
1.96,4,58.305538
3.95,5,58.307258
5.92,8,58.31003
3.95,5,58.311781
3.95,5,58.31356
5.91,9,58.316937
3.94,6,58.318983
1.97,3,58.320036
-0.03,3,58.321072
1.97,3,58.322104
3.94,6,58.324247
1.97,3,58.32589
13.91,9,58.329021
3.95,5,58.33076
1.97,3,58.543609
5.91,9,58.546752
1.95,5,58.548447
3.93,7,58.550726
1.97,3,58.551761
1.95,5,58.553947
5.93,7,58.556396
3.93,7,58.558908
1.95,5,58.560717
1.95,5,58.562435
3.95,5,58.564186
1.95,5,58.565995
3.93,7,58.568366
1.95,5,58.570063
3.95,5,58.571739
1.97,3,58.572783
1.97,3,58.573814
1.95,5,58.575809
3.95,5,58.577731
3.93,7,58.580057
5.91,9,58.582935
1.97,3,58.583966
5.93,7,58.586684
3.92,8,58.78722
3.93,7,58.789651
3.95,5,58.791358
1.95,5,58.793514
5.91,9,58.796903
1.95,5,58.79871
3.93,7,58.801197
1.95,5,58.802921
1.97,3,58.803988
3.95,5,58.805827
5.93,7,58.808126
5.92,8,58.810927
3.95,5,58.812667
3.93,7,58.815213
1.95,5,58.817055
1.95,5,58.818762
1.97,3,58.819811
3.93,7,58.822067
13.91,9,58.825258
1.95,5,58.827044
1.95,5,58.82878
3.95,5,58.830478
1.97,3,58.831552
1.97,3,59.026332
3.95,5,59.028142
5.93,7,59.030614
1.97,3,59.031755
1.97,3,59.032824
3.94,6,59.034941
3.95,5,59.037154
3.94,6,59.039218
1.95,5,59.040902
3.95,5,59.042852
1.95,5,59.044613
1.97,3,59.045658
1.97,3,59.046701
3.93,7,59.048972
1.96,4,59.050439
3.93,7,59.05287
1.97,3,59.053918
5.93,7,59.056409
13.91,9,59.059507
1.95,5,59.061219
3.95,5,59.0629
5.91,9,59.065797
13.91,9,59.068824
1.97,3,59.069914
1.97,3,59.267073
3.95,5,59.268872
3.94,6,59.270871
5.91,9,59.273781
3.93,7,59.27655
1.97,3,59.277759
1.95,5,59.279575
1.96,4,59.280987
1.95,5,59.282695
1.95,5,59.284712
1.95,5,59.286931
1.95,5,59.288701
3.95,5,59.290438
1.95,5,59.292138
3.94,6,59.294148
3.93,7,59.296802
3.93,7,59.299262
3.93,7,59.301713
1.95,5,59.303695
13.91,9,59.306885
3.94,6,59.309017
1.97,3,59.310096
1.97,3,59.311153
1.97,3,59.312208
5.91,9,59.512055
3.95,5,59.513817
1.96,4,59.515172
1.97,3,59.516218
1.97,3,59.51744
5.93,7,59.519851
3.93,7,59.522177
1.95,5,59.523846
1.96,4,59.525488
1.95,5,59.527282
3.94,6,59.529283
3.95,5,59.530966
3.95,5,59.532629
1.95,5,59.535102
1.97,3,59.536437
1.97,3,59.537542
5.93,7,59.539929
1.97,3,59.54101
5.93,7,59.543708
13.89,11,59.547732
1.97,3,59.548857
3.93,7,59.551325
3.95,5,59.553058
3.95,5,59.554848
5.91,9,59.794696
3.95,5,59.796472
1.97,3,59.797523
1.96,4,59.798874
13.89,11,59.802894
3.93,7,59.805523
3.95,5,59.807223
1.97,3,59.808257
3.94,6,59.810218
1.95,5,59.812117
1.97,3,59.813312
1.95,5,59.815034
1.97,3,59.816108
3.93,7,59.818629
1.96,4,59.820039
3.95,5,59.821729
3.95,5,59.823417
1.97,3,59.824662
3.95,5,59.826727
1.97,3,59.827877
3.95,5,59.829603
1.96,4,59.830991
1.97,3,59.832049
5.92,8,59.835084
3.93,7,59.837487
3.95,5,60.067084
3.93,7,60.069474
1.95,5,60.07113
1.97,3,60.072165
5.92,8,60.07483
1.95,5,60.076818
3.93,7,60.079794
3.93,7,60.082167
1.95,5,60.084095
1.97,3,60.085406
1.97,3,60.086577
1.97,3,60.087922
3.95,5,60.089621
1.97,3,60.090658
3.95,5,60.092351
1.95,5,60.094076
3.95,5,60.095784
5.91,9,60.099294
1.95,5,60.100956
5.93,7,60.103248
3.95,5,60.104902
3.93,7,60.107673
1.95,5,60.109354
3.95,5,60.111006
1.96,4,60.307445
1.95,5,60.309752
1.95,5,60.311579
3.95,5,60.3133
5.93,7,60.3156
3.93,7,60.318439
1.97,3,60.319567
1.95,5,60.321243
3.95,5,60.322915
3.93,7,60.325382
1.96,4,60.327247
1.95,5,60.328991
3.95,5,60.330707
1.97,3,60.331773
3.95,5,60.333436
3.93,7,60.336514
3.95,5,60.338324
5.91,9,60.34136
1.96,4,60.342907
3.93,7,60.345283
1.97,3,60.34633
1.97,3,60.347383
1.97,3,60.348427
1.95,5,60.350146
1.96,4,60.351873
1.95,5,60.353769
1.95,5,60.554959
5.93,7,60.557455
3.94,6,60.559871
1.97,3,60.561017
1.97,3,60.562071
3.95,5,60.563967
13.89,11,60.56777
3.95,5,60.569467
1.95,5,60.571138
3.95,5,60.572929
1.96,4,60.57465
1.97,3,60.576138
5.92,8,60.578952
1.97,3,60.580035
1.95,5,60.581716
13.91,9,60.585209
3.95,5,60.586994
1.97,3,60.588052
1.95,5,60.589728
1.97,3,60.590776
3.95,5,60.592522
1.95,5,60.594412
3.95,5,60.596267
1.96,4,60.597643
1.95,5,60.599319
1.97,3,60.823723
5.91,9,60.826894
1.96,4,60.828298
3.93,7,60.830629
3.95,5,60.832315
13.91,9,60.836031
3.95,5,60.837744
3.94,6,60.839729
1.95,5,60.841386
1.95,5,60.843428
13.89,11,60.847415
3.95,5,60.849093
1.95,5,60.850794
3.95,5,60.852658
3.93,7,60.855516
3.93,7,60.857855
5.93,7,60.860174
5.91,9,60.863581
1.97,3,60.864875
1.97,3,60.866026
1.97,3,60.86742
1.95,5,60.869199
1.95,5,61.092476
5.91,9,61.095548
5.92,8,61.098159
5.93,7,61.100432
1.95,5,61.102641
1.95,5,61.104607
1.97,3,61.10573
3.93,7,61.108119
1.95,5,61.110045
3.95,5,61.111793
1.97,3,61.112877
3.94,6,61.114884
5.93,7,61.117372
3.93,7,61.119759
5.93,7,61.122158
3.93,7,61.124506
1.97,3,61.125552
1.97,3,61.126762
1.95,5,61.128968
3.95,5,61.130681
5.93,7,61.132965
3.93,7,61.135245
1.96,4,61.136673
1.97,3,61.324667
3.94,6,61.32748
3.94,6,61.329628
1.96,4,61.331023
3.93,7,61.333433
1.95,5,61.33556
1.97,3,61.336633
1.96,4,61.337998
1.95,5,61.339661
1.95,5,61.341308
1.95,5,61.342965
3.93,7,61.346012
1.96,4,61.347499
1.97,3,61.348601
3.95,5,61.350362
1.95,5,61.352082
1.95,5,61.353793
3.93,7,61.356194
3.95,5,61.357977
5.93,7,61.360745
1.97,3,61.361844
1.97,3,61.362896
3.95,5,61.36455
5.92,8,61.367207
5.91,9,61.549985
3.93,7,61.552664
3.93,7,61.555196
1.95,5,61.556902
3.95,5,61.558671
1.96,4,61.560083
1.97,3,61.561155
1.95,5,61.562852
1.95,5,61.564547
1.95,5,61.566243
1.97,3,61.567453
3.95,5,61.569246
1.97,3,61.570319
1.94,6,61.572311
3.93,7,61.574974
1.95,5,61.576973
3.95,5,61.578829
3.95,5,61.580526
1.97,3,61.581565
13.9,10,61.584816
5.93,7,61.587522
3.93,7,61.589982
-0.03,3,61.591074
13.91,9,61.594256
1.97,3,61.595419
5.93,7,61.80627
1.96,4,61.807724
1.95,5,61.809411
3.94,6,61.811444
3.94,6,61.814087
1.97,3,61.815239
1.97,3,61.816291
3.95,5,61.817955
3.93,7,61.820246
3.93,7,61.82253
1.97,3,61.824016
1.97,3,61.825525
1.96,4,61.827031
1.97,3,61.828156
1.97,3,61.829246
3.93,7,61.831558
1.97,3,61.832634
5.93,7,61.835327
1.96,4,61.83673
1.95,5,61.838374
5.93,7,61.840666
3.93,7,61.842974
1.97,3,61.844185
13.91,9,61.847148
1.95,5,61.84881
1.95,5,62.046828
3.93,7,62.049595
3.94,6,62.051648
3.95,5,62.053319
1.95,5,62.055351
1.96,4,62.057455
1.97,3,62.058548
1.97,3,62.059603
1.97,3,62.060632
1.97,3,62.061657
3.94,6,62.063618
1.95,5,62.065671
1.97,3,62.067007
5.93,7,62.06946
3.95,5,62.071146
5.91,9,62.074343
1.95,5,62.076549
1.97,3,62.077726
3.94,6,62.079728
3.93,7,62.082022
1.97,3,62.083072
3.93,7,62.08583
1.95,5,62.087782
13.9,10,62.091167
3.95,5,62.093224
1.96,4,62.299292
1.97,3,62.30047
1.95,5,62.302186
5.93,7,62.304623
1.97,3,62.305797
1.95,5,62.307694
3.95,5,62.309733
3.95,5,62.311448
5.91,9,62.314376
1.95,5,62.316035
1.95,5,62.317847
1.97,3,62.319041
3.93,7,62.321407
1.97,3,62.322479
3.95,5,62.324279
1.95,5,62.326151
1.97,3,62.327585
5.91,9,62.330949
3.95,5,62.33265
1.95,5,62.334621
1.95,5,62.336354
5.93,7,62.338678
1.97,3,62.339756
5.93,7,62.342146
1.95,5,62.343878
5.93,7,62.543218
1.97,3,62.544408
1.97,3,62.545494
3.93,7,62.547859
1.97,3,62.548928
1.97,3,62.550464
5.93,7,62.553173
3.93,7,62.555788
1.95,5,62.557558
3.95,5,62.559284
1.97,3,62.560688
5.91,9,62.563674
3.95,5,62.565338
3.93,7,62.567637
1.97,3,62.568677
3.95,5,62.570678
1.96,4,62.572223
1.97,3,62.573469
1.97,3,62.57477
5.91,9,62.578849
1.97,3,62.580356
1.95,5,62.58213
5.93,7,62.5847
1.97,3,62.585805
3.93,7,62.588081
5.93,7,62.789913
3.94,6,62.792244
3.95,5,62.794016
5.93,7,62.796597
1.95,5,62.798351
3.93,7,62.800775
1.96,4,62.80223
5.93,7,62.804581
5.93,7,62.80692
5.93,7,62.809415
3.93,7,62.81176
1.96,4,62.813139
3.95,5,62.814922
1.97,3,62.815979
3.95,5,62.817762
1.97,3,62.818874
1.97,3,62.819933
3.95,5,62.821618
1.97,3,62.822668
5.93,7,62.824999
1.96,4,62.827131
1.97,3,62.82844
1.97,3,62.829509
3.95,5,62.831175
1.97,3,62.832206
1.97,3,62.833252
1.95,5,63.002184
1.97,3,63.003388
3.94,6,63.005409
3.94,6,63.007446
13.91,9,63.010845
1.95,5,63.012953
1.97,3,63.01405
1.97,3,63.015103
3.95,5,63.016864
1.95,5,63.018762
1.97,3,63.01986
1.95,5,63.021778
1.95,5,63.023744
1.97,3,63.024985
1.97,3,63.026076
1.97,3,63.027124
3.94,6,63.029132
1.97,3,63.030194
1.96,4,63.031537
1.97,3,63.03257
3.95,5,63.034784
3.93,7,63.037438
1.97,3,63.038509
13.91,9,63.041398
13.91,9,63.044674
3.95,5,63.046568
1.95,5,63.24503
1.97,3,63.246271
13.91,9,63.249202
1.97,3,63.250246
5.93,7,63.252553
3.93,7,63.255309
3.93,7,63.257808
5.91,9,63.261063
1.96,4,63.262474
3.93,7,63.264824
1.95,5,63.266498
1.97,3,63.267858
13.89,11,63.271571
1.97,3,63.272639
5.91,9,63.275564
1.96,4,63.277076
1.96,4,63.27859
1.97,3,63.27969
1.97,3,63.280755
3.95,5,63.282465
1.97,3,63.283687
5.91,9,63.286719
1.97,3,63.288252
5.93,7,63.512899
3.95,5,63.514784
13.9,10,63.518048
1.96,4,63.519405
3.95,5,63.521062
1.97,3,63.522518
1.95,5,63.524383
13.91,9,63.527494
3.95,5,63.529226
3.95,5,63.530933
13.91,9,63.534405
1.97,3,63.53589
5.93,7,63.538291
1.96,4,63.539662
5.93,7,63.541977
1.97,3,63.543022
1.97,3,63.544484
3.95,5,63.546315
1.97,3,63.547375
1.97,3,63.548442
3.93,7,63.551045
1.95,5,63.552758
3.93,7,63.555343
1.95,5,63.557081
1.97,3,63.558136
1.97,3,63.76497
1.97,3,63.766231
3.95,5,63.767973
5.91,9,63.770924
1.97,3,63.771966
1.96,4,63.773314
1.95,5,63.774996
3.93,7,63.777287
5.92,8,63.779893
1.97,3,63.780936
1.97,3,63.781964
5.93,7,63.78424
1.95,5,63.785892
3.95,5,63.78755
1.97,3,63.788916
5.92,8,63.791918
1.97,3,63.793065
3.94,6,63.795072
1.97,3,63.796133
1.97,3,63.797177
1.95,5,63.799118
3.95,5,63.80112
1.95,5,63.802894
1.97,3,63.803951
5.93,7,63.806254
1.97,3,63.807299
3.95,5,63.809175
3.93,7,64.012375
5.91,9,64.015484
1.97,3,64.016553
1.96,4,64.018392
3.93,7,64.021006
1.97,3,64.022115
5.93,7,64.024654
3.95,5,64.026675
1.95,5,64.028432
1.95,5,64.030336
5.93,7,64.032854
1.96,4,64.034703
3.95,5,64.036571
5.93,7,64.038907
3.95,5,64.040585
1.95,5,64.042557
3.93,7,64.044932
3.93,7,64.047235
1.97,3,64.048275
5.91,9,64.051185
1.95,5,64.053185
1.96,4,64.054767
1.95,5,64.056487
1.97,3,64.249254
3.95,5,64.251453
1.97,3,64.252606
13.91,9,64.255568
1.95,5,64.257235
3.95,5,64.259181
3.95,5,64.260921
1.97,3,64.261979
5.93,7,64.264503
1.97,3,64.265612
1.97,3,64.266666
3.95,5,64.268578
5.91,9,64.271603
1.96,4,64.272971
1.97,3,64.274008
5.93,7,64.276559
1.95,5,64.278304
5.91,9,64.281235
1.96,4,64.282589
1.97,3,64.283642
3.93,7,64.285918
1.97,3,64.286954
1.97,3,64.288322
5.91,9,64.291559
3.93,7,64.294005
3.93,7,64.490276
3.93,7,64.492639
1.95,5,64.494297
1.97,3,64.495339
1.97,3,64.496371
1.95,5,64.498498
1.95,5,64.500681
3.95,5,64.502434
13.89,11,64.505955
1.97,3,64.506988
1.97,3,64.508014
1.95,5,64.50993
5.93,7,64.512401
1.95,5,64.514104
3.94,6,64.516126
3.95,5,64.518161
1.97,3,64.519401
3.95,5,64.521243
1.97,3,64.522324
1.97,3,64.523427
1.97,3,64.524472
1.97,3,64.525544
3.95,5,64.527213
1.95,5,64.528892
3.93,7,64.5312
3.95,5,64.532876
1.95,5,64.758888
1.97,3,64.760083
1.96,4,64.761518
1.95,5,64.763201
1.97,3,64.764249
-0.03,3,64.765303
1.95,5,64.767187
3.93,7,64.769639
3.95,5,64.771338
3.95,5,64.773034
1.97,3,64.774099
1.95,5,64.775784
1.97,3,64.776841
1.97,3,64.777942
1.96,4,64.779324
3.95,5,64.781042
3.93,7,64.783413
3.93,7,64.785714
3.93,7,64.787997
1.97,3,64.789332
5.92,8,64.792487
1.95,5,64.794249
3.93,7,64.79654
1.96,4,64.797878
3.95,5,64.799517
13.89,11,64.982748
3.95,5,64.984565
5.93,7,64.986925
1.97,3,64.987982
1.95,5,64.989651
5.93,7,64.991941
1.97,3,64.992975
3.93,7,64.995247
1.95,5,64.997374
13.91,9,65.000529
5.93,7,65.00284
1.97,3,65.003886
3.95,5,65.005554
1.97,3,65.006998
1.97,3,65.008225
3.95,5,65.010081
5.91,9,65.013071
3.93,7,65.01539
5.93,7,65.017721
1.96,4,65.019095
1.95,5,65.02076
3.95,5,65.022428
3.93,7,65.024708
1.95,5,65.218526
1.95,5,65.220443
3.95,5,65.222133
3.95,5,65.22382
1.95,5,65.225487
3.94,6,65.227641
3.94,6,65.230092
1.97,3,65.23119
3.95,5,65.232894
1.95,5,65.234598
3.93,7,65.23691
5.92,8,65.239537
5.93,7,65.242098
1.97,3,65.243264
5.93,7,65.245637
3.95,5,65.247348
3.93,7,65.249641
1.95,5,65.251768
5.93,7,65.254218
3.93,7,65.256581
1.97,3,65.257652
1.97,3,65.258745
1.96,4,65.260119
5.93,7,65.262408
-0.03,3,65.439786
3.95,5,65.441964
5.93,7,65.444332
3.95,5,65.44601
3.93,7,65.448441
1.97,3,65.449934
3.95,5,65.451649
1.95,5,65.453347
3.94,6,65.455379
3.95,5,65.457159
1.96,4,65.458507
1.97,3,65.459983
1.96,4,65.461328
3.93,7,65.463633
1.97,3,65.464683
13.89,11,65.46843
5.91,9,65.471997
3.93,7,65.474328
3.93,7,65.476653
3.95,5,65.478343
1.95,5,65.480475
3.93,7,65.483152
1.95,5,65.485204
3.94,6,65.713811
1.95,5,65.715591
3.95,5,65.717285
1.95,5,65.718938
3.95,5,65.720584
3.95,5,65.722231
1.97,3,65.723261
3.94,6,65.725211
1.97,3,65.726241
1.97,3,65.727262
3.95,5,65.728937
3.95,5,65.730574
1.96,4,65.731909
1.97,3,65.732931
1.97,3,65.73394
3.95,5,65.735559
1.97,3,65.736579
1.95,5,65.738193
1.96,4,65.739519
1.97,3,65.740534
1.96,4,65.741849
5.93,7,65.744098
1.97,3,65.745115
3.95,5,65.74714
3.95,5,65.749028
3.94,6,65.751094
1.97,3,65.752181
1.97,3,65.753225
1.95,5,65.754873
1.97,3,65.755919
1.95,5,65.926182
1.97,3,65.927297
3.93,7,65.929606
1.97,3,65.930648
3.94,6,65.932616
1.97,3,65.933676
1.97,3,65.935219
5.91,9,65.938269
1.97,3,65.939333
3.95,5,65.941034
5.91,9,65.943968
1.97,3,65.945014
5.93,7,65.947332
3.95,5,65.949013
3.94,6,65.95099
3.93,7,65.953285
5.93,7,65.955565
5.91,9,65.958459
13.91,9,65.962007
3.95,5,65.963771
5.93,7,65.966067
3.93,7,65.96832
1.97,3,66.157503
1.97,3,66.159029
5.93,7,66.161911
1.97,3,66.163009
1.95,5,66.164685
1.95,5,66.166949
3.94,6,66.169106
3.94,6,66.171123
1.95,5,66.1728
1.97,3,66.173847
1.95,5,66.175506
3.93,7,66.178091
5.93,7,66.180371
1.95,5,66.182035
3.93,7,66.18428
3.95,5,66.186111
3.95,5,66.18798
3.95,5,66.18973
3.95,5,66.191452
3.95,5,66.193157
3.94,6,66.195175
5.93,7,66.197514
5.93,7,66.199843
1.95,5,66.201533
3.95,5,66.36723
5.91,9,66.370406
1.97,3,66.371563
-0.01,1,66.372021
3.95,5,66.374182
3.95,5,66.376339
1.97,3,66.37746
3.95,5,66.37923
1.95,5,66.380929
3.95,5,66.382615
-0.01,1,66.383028
5.91,9,66.38641
3.93,7,66.388896
3.95,5,66.39064
1.97,3,66.391721
3.95,5,66.393666
5.93,7,66.396159
1.97,3,66.397243
1.97,3,66.398306
3.95,5,66.400002
-0.01,1,66.400427
1.95,5,66.402129
3.95,5,66.403817
1.95,5,66.405518
1.97,3,66.406582
5.93,7,66.408897
1.95,5,66.410577
1.97,3,66.411626
5.93,7,66.614562
-0.01,1,66.615087
1.97,3,66.616143
1.97,3,66.617776
1.97,3,66.619238
1.97,3,66.620314
3.93,7,66.622619
1.97,3,66.623653
3.94,6,66.625988
1.97,3,66.627167
13.91,9,66.630134
3.93,7,66.632429
3.95,5,66.634102
1.97,3,66.635268
1.97,3,66.636597
1.97,3,66.637739
1.97,3,66.638826
1.97,3,66.639912
1.96,4,66.641299
3.95,5,66.643002
1.97,3,66.644053
13.91,9,66.647025
1.97,3,66.648093
5.93,7,66.650423
3.94,6,66.652443
5.91,9,66.655384
3.95,5,66.657067
1.97,3,66.658111
1.97,3,66.857745
1.97,3,66.858954
3.93,7,66.861382
3.94,6,66.863485
3.95,5,66.865231
1.97,3,66.866464
13.9,10,66.869938
3.94,6,66.872477
1.95,5,66.874283
1.96,4,66.875686
1.97,3,66.876993
1.96,4,66.878432
3.93,7,66.880767
3.95,5,66.88261
1.97,3,66.883811
1.95,5,66.885629
3.94,6,66.887804
1.97,3,66.888961
1.97,3,66.890166
13.89,11,66.894054
1.95,5,66.895912
3.94,6,66.898062
1.97,3,66.899221
5.93,7,66.901673
1.95,5,66.903431
1.97,3,67.1344
1.96,4,67.135867
3.93,7,67.13819
3.95,5,67.139862
1.97,3,67.14091
3.95,5,67.1429
3.93,7,67.14581
1.95,5,67.147573
1.95,5,67.14928
3.95,5,67.150955
1.96,4,67.15232
1.97,3,67.153373
5.91,9,67.156269
1.97,3,67.157292
13.9,10,67.160478
3.95,5,67.162124
1.97,3,67.163612
1.95,5,67.165773
13.91,9,67.168877
1.95,5,67.170591
3.95,5,67.172304
5.93,7,67.175333
1.95,5,67.177065
5.93,7,67.384377
3.94,6,67.386663
13.89,11,67.390249
1.97,3,67.391289
1.95,5,67.393023
1.97,3,67.394076
3.95,5,67.39575
3.95,5,67.397409
1.95,5,67.399062
3.93,7,67.401375
1.96,4,67.402729
3.95,5,67.404453
3.93,7,67.407022
5.93,7,67.40973
3.94,6,67.41175
3.94,6,67.413737
5.93,7,67.416013
3.94,6,67.418208
13.9,10,67.421549
1.97,3,67.422635
1.97,3,67.423738
1.96,4,67.425314
-0.03,3,67.426526
1.97,3,67.427605
1.95,5,67.650914
1.95,5,67.65273
3.93,7,67.65503
5.93,7,67.657317
3.95,5,67.658978
3.95,5,67.660636
1.96,4,67.662375
13.9,10,67.66576
1.97,3,67.666874
3.95,5,67.668649
5.93,7,67.670926
1.97,3,67.671958
1.97,3,67.672994
3.95,5,67.674634
1.95,5,67.676843
5.91,9,67.679942
1.97,3,67.680999
1.97,3,67.682049
1.97,3,67.683091
1.97,3,67.684127
1.97,3,67.685343
3.94,6,67.687527
1.95,5,67.689261
1.97,3,67.690308
1.97,3,67.691362
3.94,6,67.693356
1.97,3,67.694402
5.93,7,67.908301
5.93,7,67.9107
3.93,7,67.912995
3.95,5,67.91524
1.95,5,67.917243
5.91,9,67.920402
1.95,5,67.922101
5.93,7,67.924413
1.97,3,67.925442
1.97,3,67.926481
5.93,7,67.929133
1.97,3,67.930271
3.95,5,67.931978
5.93,7,67.934336
3.93,7,67.936647
1.97,3,67.937699
3.95,5,67.939371
1.97,3,67.940414
3.95,5,67.942079
1.97,3,67.943121
3.94,6,67.945123
1.97,3,67.94617
3.95,5,67.947843
3.95,5,67.949517
1.97,3,67.950553
3.93,7,68.15036
3.95,5,68.152169
3.93,7,68.154506
1.95,5,68.156183
1.97,3,68.157245
13.9,10,68.16104
13.91,9,68.16399
1.97,3,68.16502
3.93,7,68.167279
3.95,5,68.169381
3.95,5,68.171278
1.96,4,68.172725
3.95,5,68.174621
3.93,7,68.177257
3.93,7,68.179637
1.97,3,68.180694
1.97,3,68.181737
1.96,4,68.183081
1.97,3,68.184334
1.95,5,68.186112
3.93,7,68.188467
3.95,5,68.190168
1.97,3,68.191219
3.95,5,68.192979
3.95,5,68.404832
3.95,5,68.406705
3.95,5,68.408535
1.95,5,68.410585
1.95,5,68.412331
5.93,7,68.414987
1.96,4,68.416412
1.95,5,68.418302
1.97,3,68.419387
3.95,5,68.421064
1.95,5,68.422749
3.95,5,68.42499
5.91,9,68.428055
1.97,3,68.42911
3.93,7,68.431384
1.96,4,68.432717
3.93,7,68.435231
13.91,9,68.438164
1.95,5,68.439842
3.93,7,68.442109
5.92,8,68.44526
1.97,3,68.446428
1.95,5,68.448167
1.95,5,68.449904
5.91,9,68.647852
5.93,7,68.650221
1.97,3,68.651278
3.93,7,68.653577
3.93,7,68.668608
3.95,5,68.672339
3.93,7,68.677506
1.97,3,68.678756
1.97,3,68.679882
13.89,11,68.683692
1.96,4,68.685342
3.93,7,68.688174
1.97,3,68.689313
3.94,6,68.691351
3.95,5,68.693043
-0.03,3,68.694106
1.97,3,68.695211
3.95,5,68.697296
5.92,8,68.700136
3.95,5,68.702433
1.96,4,68.70392
1.97,3,68.705012
1.97,3,68.7066
3.95,5,68.708685
1.97,3,68.934512
3.95,5,68.936397
1.97,3,68.937461
5.93,7,68.939769
1.95,5,68.941448
3.95,5,68.943116
1.97,3,68.944629
3.95,5,68.946484
5.93,7,68.948858
1.97,3,68.949933
1.97,3,68.951353
3.95,5,68.953247
3.95,5,68.955493
13.89,11,68.959395
1.97,3,68.960464
1.97,3,68.961513
3.93,7,68.964049
1.97,3,68.965246
5.91,9,68.968529
13.91,9,68.971489
1.97,3,68.972549
1.97,3,68.973686
5.91,9,68.977205
1.97,3,68.978303
3.95,5,68.979969
5.93,7,69.199194
1.96,4,69.200639
13.91,9,69.204004
5.93,7,69.20639
1.97,3,69.207878
3.95,5,69.209937
1.97,3,69.211027
3.94,6,69.213029
1.96,4,69.214403
1.96,4,69.21575
1.97,3,69.216807
3.93,7,69.219517
1.97,3,69.220656
3.95,5,69.222369
3.95,5,69.224069
1.97,3,69.225224
1.97,3,69.226357
5.93,7,69.228926
3.95,5,69.23068
1.96,4,69.232074
5.93,7,69.234404
3.95,5,69.236095
3.93,7,69.238426
1.95,5,69.240103
5.91,9,69.243029
1.97,3,69.437021
1.95,5,69.43883
1.97,3,69.439879
5.93,7,69.442209
1.95,5,69.443888
5.91,9,69.447342
5.91,9,69.450809
1.97,3,69.451901
1.96,4,69.453253
13.91,9,69.456583
1.97,3,69.457759
1.95,5,69.4596
5.91,9,69.462531
-0.03,3,69.463573
3.95,5,69.465259
13.89,11,69.469409
3.93,7,69.471691
3.95,5,69.473338
1.97,3,69.47437
1.97,3,69.475392
3.93,7,69.478352
1.97,3,69.479584
1.95,5,69.481413
1.95,5,69.704064
1.97,3,69.705943
3.95,5,69.707784
5.91,9,69.711171
1.95,5,69.712914
1.97,3,69.713957
5.91,9,69.717032
3.93,7,69.719444
1.97,3,69.720521
3.95,5,69.722178
5.93,7,69.724537
1.95,5,69.726385
1.97,3,69.727476
1.95,5,69.729205
1.95,5,69.730912
1.95,5,69.732588
1.97,3,69.733637
1.95,5,69.735333
1.95,5,69.737028
3.93,7,69.739333
3.93,7,69.741641
3.93,7,69.743949
5.91,9,69.746949
3.95,5,69.939916
1.95,5,69.942265
1.97,3,69.943402
5.91,9,69.946322
1.97,3,69.947369
3.93,7,69.950153
1.94,6,69.952417
1.97,3,69.9536
1.97,3,69.954748
1.97,3,69.955861
3.95,5,69.957885
3.95,5,69.960549
3.95,5,69.962516
3.95,5,69.96495
-0.03,3,69.966128
-0.03,3,69.967231
1.97,3,69.968322
3.93,7,69.971178
1.95,5,69.973101
1.95,5,69.975061
3.95,5,69.976936
3.93,7,69.979271
1.95,5,69.980979
1.97,3,69.982015
1.97,3,69.983055
-0.04,4,69.98439
3.93,7,69.986665
1.97,3,69.987691
3.93,7,70.185627
3.95,5,70.187392
1.95,5,70.189059
3.95,5,70.190753
5.93,7,70.193023
-0.03,3,70.19452
1.97,3,70.195686
3.93,7,70.198243
5.93,7,70.200734
5.93,7,70.203053
1.95,5,70.205174
13.91,9,70.208217
1.97,3,70.209422
3.93,7,70.211761
1.95,5,70.213444
3.95,5,70.215108
3.95,5,70.216768
1.97,3,70.217798
5.91,9,70.220719
3.94,6,70.222686
3.93,7,70.22497
1.95,5,70.226626
1.97,3,70.227663
1.95,5,70.420963
1.97,3,70.422169
1.97,3,70.423254
5.93,7,70.425603
1.97,3,70.42669
3.93,7,70.428995
5.91,9,70.431916
1.95,5,70.433573
3.94,6,70.435552
1.97,3,70.436611
5.91,9,70.439506
5.91,9,70.442412
3.94,6,70.444391
1.97,3,70.445447
1.97,3,70.446478
3.93,7,70.448764
3.95,5,70.450448
1.97,3,70.451482
3.93,7,70.453753
1.97,3,70.454789
3.95,5,70.456448
3.95,5,70.458628
3.95,5,70.460448
1.95,5,70.462159
1.97,3,70.463207
1.97,3,70.658309
3.95,5,70.660165
1.96,4,70.661557
1.95,5,70.663372
5.91,9,70.667039
3.95,5,70.669053
1.95,5,70.670816
1.95,5,70.672503
5.93,7,70.675033
1.97,3,70.6762
3.95,5,70.678096
3.95,5,70.679873
1.97,3,70.680947
3.93,7,70.683285
3.93,7,70.685755
13.89,11,70.689588
1.96,4,70.691062
1.97,3,70.692223
1.97,3,70.693388
1.95,5,70.69511
1.97,3,70.696172
1.97,3,70.697241
1.95,5,70.698932
3.93,7,70.701248
1.96,4,70.702614
1.95,5,70.923882
1.95,5,70.925687
1.97,3,70.926739
1.95,5,70.928395
3.93,7,70.930682
3.95,5,70.932368
-0.03,3,70.933451
1.97,3,70.934582
3.93,7,70.937073
1.95,5,70.938791
1.97,3,70.939859
5.91,9,70.942945
3.95,5,70.944731
1.97,3,70.945827
3.93,7,70.948173
1.95,5,70.949862
-0.03,3,70.951268
-0.03,3,70.952433
1.97,3,70.953507
3.95,5,70.955641
3.95,5,70.957462
1.95,5,70.959247
3.93,7,70.96173
1.95,5,70.963443
1.95,5,70.965288
5.93,7,70.967956
1.97,3,70.969061
3.95,5,71.164498
5.93,7,71.166891
3.93,7,71.169157
1.97,3,71.170184
3.93,7,71.172935
1.97,3,71.174098
1.97,3,71.175521
1.95,5,71.177299
13.91,9,71.180284
3.95,5,71.181978
1.95,5,71.183706
1.97,3,71.184869
3.95,5,71.186605
1.95,5,71.188307
1.97,3,71.189381
1.95,5,71.191068
3.95,5,71.192914
1.97,3,71.193999
13.91,9,71.19705
1.97,3,71.198101
1.97,3,71.199154
3.93,7,71.202155
5.93,7,71.204482
1.95,5,71.206149
3.95,5,71.207806
-0.03,3,71.404278
1.95,5,71.406078
5.91,9,71.409025
1.97,3,71.410072
3.95,5,71.411727
1.95,5,71.413841
1.95,5,71.416233
1.97,3,71.417528
3.95,5,71.419237
3.95,5,71.420912
5.92,8,71.423554
1.95,5,71.425361
1.97,3,71.426618
3.95,5,71.428355
5.91,9,71.431266
1.97,3,71.432304
3.95,5,71.433966
5.93,7,71.436639
3.93,7,71.439094
5.93,7,71.441614
3.95,5,71.443471
1.95,5,71.445211
1.97,3,71.446282
1.97,3,71.447326
1.96,4,71.448674
3.94,6,71.645041
1.97,3,71.64617
3.95,5,71.647852
5.91,9,71.650764
5.93,7,71.653325
1.96,4,71.654927
3.94,6,71.656989
5.93,7,71.659333
1.97,3,71.660381
1.95,5,71.662048
5.93,7,71.664849
1.95,5,71.666595
13.89,11,71.67014
3.93,7,71.672422
5.91,9,71.675896
1.95,5,71.677865
1.97,3,71.678957
5.91,9,71.68189
3.94,6,71.683941
1.97,3,71.685152
3.95,5,71.686893
1.96,4,71.688259
5.93,7,71.911427
3.95,5,71.91325
1.95,5,71.914944
3.95,5,71.916687
1.97,3,71.917715
1.97,3,71.919099
1.95,5,71.921219
1.95,5,71.922981
1.97,3,71.924104
1.97,3,71.925365
1.97,3,71.926632
3.93,7,71.929085
1.97,3,71.930166
5.92,8,71.93282
1.95,5,71.934529
1.97,3,71.935569
1.95,5,71.937256
3.95,5,71.93897
5.92,8,71.941745
13.89,11,71.945343
3.95,5,71.947158
3.93,7,71.949572
1.97,3,71.950636
3.95,5,71.952293
5.91,9,72.181485
1.97,3,72.182828
5.91,9,72.186316
1.95,5,72.188036
1.95,5,72.189774
1.97,3,72.190939
1.97,3,72.19204
1.97,3,72.193099
1.97,3,72.194122
1.97,3,72.195149
3.93,7,72.197404
-0.03,3,72.198427
5.92,8,72.201621
1.97,3,72.202872
1.96,4,72.204287
5.91,9,72.207283
3.95,5,72.20897
1.95,5,72.210644
1.97,3,72.211682
1.97,3,72.213272
1.97,3,72.214457
5.91,9,72.21747
1.96,4,72.218846
3.94,6,72.220883
5.91,9,72.223857
1.97,3,72.22493
1.97,3,72.225977
1.97,3,72.425214
1.97,3,72.426448
1.97,3,72.427537
1.97,3,72.428606
1.97,3,72.429649
5.91,9,72.432571
1.96,4,72.433931
3.95,5,72.436093
5.93,7,72.438522
3.93,7,72.440884
3.93,7,72.443203
1.97,3,72.444267
1.97,3,72.445333
3.93,7,72.447671
1.96,4,72.449035
13.91,9,72.451982
3.93,7,72.454272
3.95,5,72.455943
1.97,3,72.457028
5.91,9,72.4605
1.97,3,72.461606
1.97,3,72.46269
3.93,7,72.464992
5.93,7,72.46741
1.95,5,72.469502
3.94,6,72.665004
1.95,5,72.666765
3.94,6,72.669014
-0.02,2,72.669791
1.96,4,72.671156
5.93,7,72.673446
3.93,7,72.675764
5.93,7,72.678285
13.91,9,72.681294
3.95,5,72.682981
1.97,3,72.684042
1.97,3,72.685083
1.96,4,72.686436
3.95,5,72.6881
3.93,7,72.690398
-0.02,2,72.691116
1.97,3,72.692153
-0.02,2,72.692869
5.93,7,72.695156
13.89,11,72.698687
3.93,7,72.700978
-0.02,2,72.701701
1.97,3,72.702738
5.93,7,72.705013
1.97,3,72.706459
-0.02,2,72.707393
1.95,5,72.935749
1.97,3,72.936899
3.93,7,72.939209
1.95,5,72.940886
1.97,3,72.941915
5.91,9,72.945299
3.95,5,72.947103
1.95,5,72.94886
1.97,3,72.949938
5.93,7,72.952285
5.93,7,72.954609
1.95,5,72.956497
3.95,5,72.958373
1.97,3,72.959483
1.96,4,72.960911
3.93,7,72.963219
1.97,3,72.964256
1.97,3,72.965296
1.96,4,72.96726
3.93,7,72.969978
3.94,6,72.972007
1.96,4,72.973368
1.95,5,72.975021
1.95,5,72.976978
1.97,3,72.97816
3.94,6,73.176123
3.95,5,73.17802
1.97,3,73.179076
1.97,3,73.180112
1.97,3,73.181143
3.95,5,73.182788
3.95,5,73.184426
1.95,5,73.186556
5.93,7,73.189036
13.9,10,73.192332
5.93,7,73.194645
3.95,5,73.196339
1.97,3,73.197385
1.97,3,73.198438
3.95,5,73.200116
5.93,7,73.202396
1.95,5,73.204055
1.97,3,73.205517
5.93,7,73.208011
1.95,5,73.209845
3.95,5,73.211552
3.95,5,73.213214
3.94,6,73.215622
1.95,5,73.217657
1.97,3,73.218771
3.94,6,73.220803
1.96,4,73.428662
1.97,3,73.429981
1.96,4,73.431423
1.95,5,73.433139
5.93,7,73.435755
3.95,5,73.437485
3.93,7,73.439809
13.91,9,73.44287
5.92,8,73.445517
3.93,7,73.447805
3.95,5,73.449461
5.93,7,73.452327
3.95,5,73.454133
3.95,5,73.455881
1.97,3,73.456957
1.97,3,73.458018
3.94,6,73.459986
13.9,10,73.463689
3.95,5,73.465462
3.95,5,73.467333
3.95,5,73.46916
1.97,3,73.470251
3.95,5,73.471955
5.91,9,73.684415
1.96,4,73.686293
3.94,6,73.688402
1.97,3,73.689464
3.93,7,73.692014
1.97,3,73.693194
1.97,3,73.694382
1.95,5,73.696298
3.93,7,73.69858
3.95,5,73.700278
3.95,5,73.702466
1.97,3,73.703559
1.97,3,73.704626
1.97,3,73.705675
3.93,7,73.70798
1.96,4,73.709335
1.97,3,73.710383
5.92,8,73.713403
1.95,5,73.715333
5.93,7,73.717801
3.95,5,73.719552
3.95,5,73.721221
3.95,5,73.723128
5.93,7,73.725478
3.95,5,73.727161
1.95,5,73.909356
5.93,7,73.911952
1.97,3,73.913057
1.95,5,73.914767
1.95,5,73.91648
1.97,3,73.917526
5.93,7,73.920409
5.91,9,73.923494
1.97,3,73.9247
3.93,7,73.927312
1.95,5,73.929018
1.95,5,73.930677
13.89,11,73.93445
3.94,6,73.936443
5.91,9,73.939327
1.96,4,73.940671
5.91,9,73.943541
3.93,7,73.94579
5.91,9,73.948657
1.95,5,73.950287
3.93,7,73.952533
3.93,7,74.177401
1.96,4,74.178982
1.97,3,74.180214
3.93,7,74.183107
5.93,7,74.185941
1.96,4,74.187482
1.97,3,74.188533
1.97,3,74.189569
3.95,5,74.19122
1.96,4,74.192569
13.91,9,74.196198
5.92,8,74.198968
1.97,3,74.200063
3.95,5,74.201934
1.97,3,74.203186
1.95,5,74.20502
1.95,5,74.207466
5.93,7,74.21033
1.95,5,74.212117
1.97,3,74.213212
3.95,5,74.214897
1.96,4,74.216251
3.93,7,74.219116
3.95,5,74.221013
1.95,5,74.222767
5.91,9,74.421427
5.93,7,74.423933
1.97,3,74.425008
3.95,5,74.426692
5.93,7,74.429445
1.95,5,74.431316
1.95,5,74.433097
1.95,5,74.434971
13.91,9,74.437986
3.95,5,74.440032
1.95,5,74.442044
13.91,9,74.445054
3.95,5,74.446735
1.95,5,74.448501
3.93,7,74.451038
5.93,7,74.472015
3.95,5,74.47429
3.95,5,74.476762
3.94,6,74.479313
1.95,5,74.481211
1.97,3,74.482417
3.95,5,74.484325
3.94,6,74.679671
1.97,3,74.680865
3.95,5,74.682577
1.95,5,74.684459
1.97,3,74.685593
-0.02,2,74.68635
3.94,6,74.688367
1.97,3,74.689419
1.96,4,74.690792
5.91,9,74.69383
3.95,5,74.695585
1.95,5,74.697265
1.97,3,74.698303
5.93,7,74.700964
1.95,5,74.702906
13.91,9,74.705863
1.97,3,74.7069
1.97,3,74.708112
13.91,9,74.711669
1.96,4,74.713091
1.97,3,74.714174
1.97,3,74.715328
3.95,5,74.717149
3.95,5,74.718926
5.92,8,74.721551
3.95,5,74.723229
3.95,5,74.921751
5.93,7,74.924304
1.95,5,74.926036
1.97,3,74.927146
3.95,5,74.928923
1.97,3,74.929979
1.97,3,74.93104
5.93,7,74.933355
3.95,5,74.93501
3.94,6,74.936985
1.95,5,74.938652
1.97,3,74.939688
1.97,3,74.940738
3.95,5,74.942394
1.95,5,74.944054
3.93,7,74.946346
1.95,5,74.947986
1.95,5,74.949643
13.91,9,74.952543
1.97,3,74.953567
1.97,3,74.954644
1.97,3,74.956444
1.97,3,74.957638
3.93,7,74.96005
3.93,7,74.962346
1.97,3,74.963375
1.97,3,74.964399
3.93,7,75.163398
1.96,4,75.165272
1.96,4,75.166768
1.96,4,75.168156
1.97,3,75.169209
3.93,7,75.171755
3.95,5,75.173731
3.95,5,75.175654
1.97,3,75.176823
1.97,3,75.177901
3.95,5,75.179663
1.97,3,75.18076
1.97,3,75.181802
3.93,7,75.184072
3.95,5,75.185713
1.96,4,75.187045
13.91,9,75.189931
13.89,11,75.193436
1.96,4,75.194757
1.97,3,75.195777
1.96,4,75.197106
1.97,3,75.198129
5.93,7,75.20037
1.97,3,75.201395
1.97,3,75.202413
5.93,7,75.204663
1.96,4,75.206628
1.97,3,75.438102
1.95,5,75.440017
1.97,3,75.441093
3.95,5,75.442786
1.95,5,75.444453
1.97,3,75.44548
5.93,7,75.448311
1.95,5,75.450261
1.96,4,75.451903
1.97,3,75.453011
1.95,5,75.454664
1.97,3,75.455688
3.93,7,75.458473
1.97,3,75.45957
1.97,3,75.46062
1.97,3,75.46165
1.97,3,75.462672
5.91,9,75.465544
3.94,6,75.467977
1.95,5,75.469852
1.96,4,75.471464
3.95,5,75.473252
5.91,9,75.476225
5.93,7,75.478944
1.95,5,75.480811
1.97,3,75.481926
3.93,7,75.484225
1.97,3,75.682701
1.95,5,75.684494
3.95,5,75.686186
1.97,3,75.68722
1.97,3,75.688252
1.95,5,75.689907
3.95,5,75.692169
3.93,7,75.694894
1.97,3,75.696045
1.97,3,75.697115
1.97,3,75.698175
5.91,9,75.701787
1.97,3,75.702939
1.95,5,75.704648
5.93,7,75.707007
1.97,3,75.70806
3.93,7,75.710545
3.93,7,75.713295
3.95,5,75.715348
3.95,5,75.717366
1.95,5,75.71909
13.89,11,75.723178
1.97,3,75.724449
1.97,3,75.725623
1.95,5,75.727291
1.95,5,75.728937
3.93,7,75.95905
13.89,11,75.962666
3.95,5,75.964353
1.95,5,75.966588
5.93,7,75.969102
1.95,5,75.970789
13.91,9,75.973704
1.97,3,75.974745
3.95,5,75.976849
3.95,5,75.97869
5.92,8,75.98138
5.91,9,75.984383
1.95,5,75.986644
3.93,7,75.989094
5.91,9,75.992191
1.95,5,75.994061
3.94,6,75.996709
1.95,5,75.998462
1.97,3,75.999529
1.97,3,76.000698
1.95,5,76.002502
3.93,7,76.230553
3.93,7,76.232937
5.93,7,76.235225
5.91,9,76.238579
1.96,4,76.240104
3.95,5,76.241983
3.93,7,76.244667
1.97,3,76.245816
1.97,3,76.246893
5.93,7,76.249812
1.97,3,76.251051
1.97,3,76.25215
3.93,7,76.254784
1.97,3,76.255917
3.93,7,76.25853
5.91,9,76.261733
1.95,5,76.263433
3.95,5,76.265108
1.96,4,76.266467
-0.03,3,76.267642
1.97,3,76.268737
3.93,7,76.271086
1.97,3,76.272146
1.95,5,76.273829
1.95,5,76.469866
3.95,5,76.471799
3.93,7,76.474248
1.96,4,76.476141
1.97,3,76.477357
5.93,7,76.480181
1.95,5,76.482052
3.95,5,76.484345
1.97,3,76.485546
1.97,3,76.486664
13.91,9,76.490377
1.95,5,76.493113
1.97,3,76.494845
5.93,7,76.497575
3.95,5,76.499628
-0.03,3,76.501015
3.93,7,76.503374
1.97,3,76.504484
1.95,5,76.506297
5.91,9,76.509243
5.91,9,76.512193
3.95,5,76.513853
1.95,5,76.515495
1.95,5,76.517156
3.95,5,76.711385
-0.02,2,76.71235
3.93,7,76.714717
1.97,3,76.71577
3.94,6,76.7178
1.97,3,76.718873
1.97,3,76.719926
1.95,5,76.721611
5.91,9,76.724909
1.95,5,76.726741
1.97,3,76.727802
3.95,5,76.729493
3.93,7,76.731777
1.97,3,76.732811
3.94,6,76.735119
3.93,7,76.737571
1.95,5,76.739261
1.95,5,76.740933
3.94,6,76.743173
1.97,3,76.744496
1.97,3,76.745656
1.95,5,76.747351
3.93,7,76.749637
1.95,5,76.75131
3.93,7,76.75362
1.97,3,76.755039
5.93,7,76.953033
3.95,5,76.9548
3.93,7,76.957098
5.93,7,76.95941
3.93,7,76.962195
1.97,3,76.963378
3.94,6,76.965423
1.97,3,76.966483
1.96,4,76.96826
1.95,5,76.969983
1.96,4,76.971476
3.95,5,76.973295
1.96,4,76.974948
1.97,3,76.976166
1.97,3,76.977256
1.95,5,76.978963
3.93,7,76.981312
5.93,7,76.983978
1.95,5,76.985753
1.97,3,76.986816
3.95,5,76.988504
1.96,4,76.989868
3.93,7,76.992378
3.95,5,76.994049
5.93,7,76.996345
3.95,5,77.167221
1.97,3,77.168559
13.91,9,77.171581
1.95,5,77.17324
3.95,5,77.174913
1.95,5,77.176976
1.97,3,77.178187
1.97,3,77.1793
5.93,7,77.181634
1.97,3,77.182705
-0.03,3,77.184025
1.95,5,77.185832
1.97,3,77.187104
1.97,3,77.188211
3.93,7,77.190561
1.95,5,77.192334
3.95,5,77.194044
3.95,5,77.195874
1.95,5,77.197574
3.95,5,77.199287
1.97,3,77.200569
3.95,5,77.202336
5.93,7,77.20468
3.95,5,77.206398
3.93,7,77.208733
5.91,9,77.212194
13.89,11,77.414029
3.95,5,77.415831
13.91,9,77.418795
5.93,7,77.421581
13.91,9,77.424989
3.95,5,77.426861
-0.03,3,77.427948
1.97,3,77.429017
1.97,3,77.430085
1.97,3,77.431342
1.97,3,77.43249
5.93,7,77.434813
3.93,7,77.437073
1.97,3,77.438097
5.91,9,77.441181
5.93,7,77.443907
5.93,7,77.446565
3.95,5,77.448311
3.93,7,77.45072
-0.03,3,77.451895
5.93,7,77.454748
-0.03,3,77.455871
1.97,3,77.456933
1.97,3,77.645585
-0.01,1,77.646118
3.93,7,77.648523
13.91,9,77.651556
3.95,5,77.653264
1.97,3,77.654327
1.97,3,77.655382
3.95,5,77.657075
3.95,5,77.659167
1.97,3,77.660396
1.97,3,77.661474
3.93,7,77.663764
1.95,5,77.665416
1.97,3,77.666468
1.97,3,77.667507
1.97,3,77.668725
1.97,3,77.670207
1.97,3,77.671344
1.97,3,77.672427
1.97,3,77.673498
1.97,3,77.67456
1.95,5,77.676531
5.91,9,77.679527
1.97,3,77.68059
-0.03,3,77.681633
5.93,7,77.684044
3.95,5,77.685839
1.97,3,77.686895
5.93,7,77.6892
1.95,5,77.892692
5.93,7,77.895222
1.95,5,77.896893
3.95,5,77.898552
13.91,9,77.901436
1.95,5,77.903633
5.91,9,77.906671
5.93,7,77.909351
5.91,9,77.913125
3.93,7,77.915795
1.97,3,77.917035
1.95,5,77.918998
3.95,5,77.920681
3.95,5,77.922566
1.97,3,77.923698
1.97,3,77.924773
1.97,3,77.926104
1.97,3,77.927206
13.91,9,77.930152
5.93,7,77.932458
1.94,6,77.934709
5.93,7,77.937148
1.95,5,77.938844
1.96,4,78.131166
13.91,9,78.13447
5.93,7,78.13693
13.91,9,78.139893
3.95,5,78.141544
3.95,5,78.143323
3.95,5,78.145041
3.95,5,78.146732
1.97,3,78.147779
3.93,7,78.150089
1.97,3,78.151258
1.97,3,78.152306
3.93,7,78.154734
3.93,7,78.15703
13.9,10,78.161268
1.97,3,78.162433
13.91,9,78.16569
1.97,3,78.166951
13.89,11,78.170527
5.91,9,78.173477
3.92,8,78.388876
3.94,6,78.390943
3.95,5,78.392608
5.93,7,78.394878
3.93,7,78.397597
3.95,5,78.399429
5.92,8,78.402239
1.97,3,78.403315
3.93,7,78.405901
1.97,3,78.407019
1.97,3,78.408095
3.94,6,78.410596
3.95,5,78.41239
1.97,3,78.413466
3.94,6,78.415467
1.97,3,78.416507
3.95,5,78.418174
5.93,7,78.421071
1.97,3,78.422185
1.95,5,78.423925
3.95,5,78.425797
5.91,9,78.428797
1.97,3,78.429863
1.97,3,78.430917
1.96,4,78.432265
1.96,4,78.628781
1.97,3,78.629978
3.93,7,78.632288
3.95,5,78.633945
1.95,5,78.635587
3.95,5,78.63723
3.94,6,78.639787
3.95,5,78.641652
5.91,9,78.644821
1.97,3,78.64599
5.93,7,78.648329
1.97,3,78.649397
3.93,7,78.65203
1.95,5,78.653784
1.96,4,78.655172
1.97,3,78.656238
13.91,9,78.659485
1.97,3,78.660593
3.95,5,78.662278
3.95,5,78.663979
5.93,7,78.666261
1.95,5,78.667912
1.97,3,78.668928
3.94,6,78.671378
1.95,5,78.673191
3.95,5,78.872658
5.93,7,78.875671
1.95,5,78.877518
1.97,3,78.87856
5.93,7,78.881018
1.97,3,78.882436
1.95,5,78.884335
1.97,3,78.885451
1.96,4,78.886844
5.93,7,78.889178
1.95,5,78.890871
5.93,7,78.89334
1.96,4,78.89497
1.97,3,78.896122
1.97,3,78.897196
3.95,5,78.898891
1.95,5,78.900561
1.95,5,78.902457
1.97,3,78.903607
1.96,4,78.904999
3.95,5,78.90672
1.97,3,78.907777
1.95,5,78.909479
3.93,7,78.91177
1.95,5,78.91373
1.97,3,78.914782
3.95,5,78.916434
3.95,5,79.085918
1.95,5,79.08779
3.95,5,79.089495
3.95,5,79.091169
1.97,3,79.092212
1.97,3,79.093243
3.95,5,79.095185
3.95,5,79.097398
1.97,3,79.09857
1.97,3,79.099725
3.95,5,79.101751
3.94,6,79.103814
3.95,5,79.105945
1.97,3,79.107174
1.96,4,79.10871
1.97,3,79.109813
1.97,3,79.110928
3.95,5,79.112873
1.97,3,79.113988
5.93,7,79.116432
5.92,8,79.119463
1.97,3,79.120535
1.97,3,79.121574
1.97,3,79.122611
3.95,5,79.124253
1.97,3,79.12528
3.95,5,79.127115
-0.01,1,79.127635
1.96,4,79.129044
1.97,3,79.130112
1.97,3,79.131175
3.93,7,79.350941
1.97,3,79.352126
1.97,3,79.353201
3.95,5,79.354889
1.95,5,79.356565
1.97,3,79.357613
1.97,3,79.358656
5.93,7,79.360953
1.97,3,79.362008
1.96,4,79.363374
5.93,7,79.365672
13.91,9,79.368575
1.97,3,79.369872
3.94,6,79.372158
1.95,5,79.373894
1.95,5,79.375603
5.92,8,79.378521
-0.01,1,79.378964
1.95,5,79.381053
1.95,5,79.382819
3.94,6,79.385125
3.95,5,79.386934
1.95,5,79.388656
3.95,5,79.390349
-0.03,3,79.391412
1.97,3,79.392589
-0.01,1,79.39302
5.92,8,79.395659
3.94,6,79.594063
1.97,3,79.595183
1.97,3,79.596239
1.96,4,79.597604
1.96,4,79.598953
3.94,6,79.601551
3.93,7,79.604059
3.95,5,79.60588
1.95,5,79.607574
3.95,5,79.609471
1.97,3,79.61059
3.95,5,79.612305
1.95,5,79.613957
1.96,4,79.615299
1.97,3,79.616343
3.95,5,79.618489
1.97,3,79.619664
3.95,5,79.621326
1.97,3,79.622376
1.97,3,79.623418
1.96,4,79.624797
1.96,4,79.626316
3.93,7,79.628631
3.95,5,79.630284
1.95,5,79.63192
13.91,9,79.634918
3.95,5,79.636592
1.96,4,79.835482
1.97,3,79.836661
3.95,5,79.83838
1.97,3,79.839441
3.95,5,79.841131
5.93,7,79.843922
3.95,5,79.846031
3.95,5,79.847802
1.97,3,79.848894
1.97,3,79.849987
5.93,7,79.852446
3.94,6,79.854556
3.95,5,79.856252
1.95,5,79.857902
5.93,7,79.860318
3.95,5,79.862022
5.93,7,79.864335
1.97,3,79.865365
3.95,5,79.867145
1.97,3,79.868771
3.95,5,79.870609
3.95,5,79.872339
1.95,5,79.874011
1.96,4,79.875357
3.95,5,79.877203
1.97,3,79.878561
3.95,5,79.880571
1.97,3,80.050534
1.97,3,80.05176
1.97,3,80.052826
1.96,4,80.054186
1.97,3,80.055226
1.97,3,80.056271
3.95,5,80.057943
13.91,9,80.061851
-0.01,1,80.062324
5.93,7,80.064735
-0.01,1,80.065166
-0.01,1,80.065568
1.97,3,80.066591
1.97,3,80.067615
1.97,3,80.068633
3.95,5,80.070727
3.95,5,80.072752
1.97,3,80.07403
1.97,3,80.075608
-0.01,1,80.076084
13.91,9,80.079671
1.97,3,80.080795
1.97,3,80.081877
1.96,4,80.083331
3.95,5,80.085437
5.93,7,80.087809
-0.01,1,80.088224
1.97,3,80.089311
1.97,3,80.090359
1.97,3,80.091393
5.93,7,80.093849
1.97,3,80.095184
1.97,3,80.096279
-0.01,1,80.096703
1.97,3,80.097753
3.95,5,80.351515
1.95,5,80.353322
5.93,7,80.355627
5.93,7,80.357906
3.93,7,80.360548
1.97,3,80.361784
1.97,3,80.362926
3.94,6,80.364973
1.97,3,80.366047
1.97,3,80.367321
3.95,5,80.369222
1.97,3,80.370623
-0.01,1,80.371099
1.97,3,80.372181
3.95,5,80.373887
1.97,3,80.375283
1.97,3,80.376512
1.95,5,80.378198
5.93,7,80.380692
1.97,3,80.381841
1.96,4,80.383233
3.94,6,80.385563
1.97,3,80.38667
1.97,3,80.387733
-0.01,1,80.38815
1.97,3,80.389209
3.95,5,80.390916
1.97,3,80.391982
3.95,5,80.393844
-0.01,1,80.394313
-0.01,1,80.394769
1.97,3,80.395855
1.97,3,80.396912
1.97,3,80.39798
1.95,5,80.612677
3.95,5,80.615012
3.95,5,80.616834
1.97,3,80.618742
3.95,5,80.62054
3.93,7,80.622982
5.91,9,80.626544
1.97,3,80.627956
-0.01,1,80.628489
1.97,3,80.629607
1.95,5,80.631387
1.95,5,80.633065
1.95,5,80.634952
3.95,5,80.636794
3.94,6,80.638908
3.94,6,80.641048
1.95,5,80.642898
1.97,3,80.643986
1.97,3,80.645186
3.94,6,80.647312
1.97,3,80.648402
5.93,7,80.650979
1.97,3,80.652146
1.97,3,80.653211
1.96,4,80.654564
1.97,3,80.655593
13.91,9,80.658772
3.95,5,80.883606
1.97,3,80.885016
1.95,5,80.886827
1.97,3,80.887897
3.93,7,80.890206
3.94,6,80.892251
3.95,5,80.893939
3.93,7,80.89621
1.95,5,80.897866
5.93,7,80.900229
1.95,5,80.902048
1.97,3,80.9031
3.93,7,80.905437
3.95,5,80.9071
1.97,3,80.908516
3.94,6,80.910757
3.95,5,80.912533
3.95,5,80.914261
5.93,7,80.91655
5.93,7,80.919287
1.97,3,80.920445
1.95,5,80.922221
13.91,9,80.925336
3.95,5,80.927144
3.95,5,81.124837
3.95,5,81.127025
1.97,3,81.128148
1.97,3,81.129211
3.95,5,81.13088
3.95,5,81.132653
1.97,3,81.133754
1.97,3,81.134795
3.95,5,81.136451
1.97,3,81.137475
1.97,3,81.138513
1.97,3,81.139543
1.97,3,81.140559
13.91,9,81.14376
1.97,3,81.144911
1.97,3,81.145989
1.96,4,81.147373
1.96,4,81.148746
1.97,3,81.149804
5.91,9,81.152839
1.97,3,81.153904
5.91,9,81.156844
3.94,6,81.159047
1.95,5,81.160816
13.91,9,81.163802
13.91,9,81.166737
1.97,3,81.167779
1.97,3,81.367614
1.97,3,81.369285
1.97,3,81.370432
3.95,5,81.372167
3.94,6,81.374181
1.96,4,81.375535
1.95,5,81.377805
1.97,3,81.37899
3.95,5,81.380801
3.94,6,81.382897
1.97,3,81.384003
3.95,5,81.385659
1.97,3,81.386692
1.96,4,81.38802
1.97,3,81.389052
3.95,5,81.390691
3.95,5,81.392334
1.97,3,81.393364
3.95,5,81.394997
3.94,6,81.396945
3.93,7,81.399206
1.95,5,81.401166
1.95,5,81.402943
3.95,5,81.404638
1.97,3,81.405688
1.96,4,81.407031
1.95,5,81.408813
3.95,5,81.410781
5.93,7,81.580145
1.97,3,81.581489
1.97,3,81.582601
1.95,5,81.58432
3.95,5,81.585995
13.91,9,81.589317
3.93,7,81.592132
1.97,3,81.593291
1.97,3,81.594361
1.97,3,81.595417
1.96,4,81.596763
5.91,9,81.599931
3.94,6,81.602158
1.97,3,81.603251
1.95,5,81.605071
3.95,5,81.606837
3.94,6,81.609039
3.94,6,81.611076
3.95,5,81.612755
5.93,7,81.615033
1.97,3,81.616076
1.97,3,81.617182
1.97,3,81.618994
1.97,3,81.620364
3.93,7,81.622806
1.97,3,81.623881
13.89,11,81.823254
5.93,7,81.825651
5.93,7,81.827945
1.96,4,81.829313
3.95,5,81.831185
1.97,3,81.832628
3.95,5,81.83448
1.97,3,81.835567
1.95,5,81.837251
1.96,4,81.838603
3.93,7,81.840918
1.97,3,81.842242
3.95,5,81.844015
1.96,4,81.845456
3.95,5,81.847121
1.95,5,81.848766
3.95,5,81.85066
1.95,5,81.852644
1.97,3,81.853836
1.95,5,81.8557
3.93,7,81.858108
3.93,7,81.860557
13.91,9,81.863541
1.95,5,81.865365
13.91,9,82.05421
13.91,9,82.057381
3.93,7,82.060181
1.96,4,82.061649
5.93,7,82.064379
1.95,5,82.066204
-0.04,4,82.067847
1.97,3,82.06899
5.93,7,82.071315
3.95,5,82.073175
3.93,7,82.075474
1.95,5,82.077135
1.97,3,82.078249
1.95,5,82.079979
1.97,3,82.081052
1.97,3,82.082111
1.97,3,82.083704
0.97,3,82.084829
1.97,3,82.085871
3.95,5,82.08752
1.96,4,82.088883
3.95,5,82.09053
1.97,3,82.091558
1.95,5,82.093552
3.95,5,82.095559
3.95,5,82.097294
3.93,7,82.099599
1.95,5,82.297095
3.95,5,82.298852
1.95,5,82.300538
1.95,5,82.302212
1.97,3,82.303259
1.97,3,82.30429
13.91,9,82.307827
1.97,3,82.308989
3.93,7,82.311364
1.95,5,82.313094
1.97,3,82.314172
3.93,7,82.316505
1.97,3,82.317564
3.95,5,82.319262
1.95,5,82.320953
1.95,5,82.322639
1.95,5,82.324327
1.97,3,82.325636
3.95,5,82.327619
1.97,3,82.328706
1.97,3,82.329744
3.95,5,82.331388
1.97,3,82.332413
1.97,3,82.333448
1.97,3,82.334474
1.97,3,82.335857
1.97,3,82.337107
3.94,6,82.33919
1.97,3,82.340279
1.95,5,82.53808
3.94,6,82.540205
1.97,3,82.541255
3.95,5,82.543131
1.95,5,82.54506
3.93,7,82.547936
5.91,9,82.551163
13.91,9,82.55413
1.97,3,82.555165
3.93,7,82.557455
1.97,3,82.558546
5.92,8,82.561279
3.93,7,82.563553
3.93,7,82.565816
1.95,5,82.567438
5.93,7,82.57013
5.93,7,82.57258
5.91,9,82.575832
3.95,5,82.577625
1.97,3,82.578932
3.93,7,82.581391
1.96,4,82.770156
1.97,3,82.771532
3.95,5,82.773457
3.95,5,82.775475
1.97,3,82.776686
3.95,5,82.778516
3.95,5,82.780873
1.96,4,82.782526
13.91,9,82.786228
1.95,5,82.78803
1.97,3,82.789366
3.95,5,82.791558
3.93,7,82.79439
3.95,5,82.796147
3.93,7,82.798504
1.97,3,82.799609
1.97,3,82.800656
1.97,3,82.801696
1.95,5,82.803356
3.95,5,82.80501
1.97,3,82.806046
13.89,11,82.809959
1.96,4,82.811543
1.97,3,82.812636
1.95,5,82.814356
1.95,5,82.816065
1.97,3,82.817294
1.95,5,83.047941
1.95,5,83.049784
1.95,5,83.051488
5.93,7,83.053813
1.95,5,83.055492
13.9,10,83.058772
5.91,9,83.061708
3.93,7,83.064026
3.95,5,83.065694
3.95,5,83.067374
1.97,3,83.068405
3.93,7,83.070678
3.95,5,83.072344
3.95,5,83.073999
1.96,4,83.075677
3.95,5,83.078451
1.97,3,83.079556
1.97,3,83.080605
1.97,3,83.081647
1.97,3,83.082688
1.95,5,83.084342
3.95,5,83.086424
1.97,3,83.0876
1.97,3,83.088676
1.97,3,83.089736
3.95,5,83.091417
3.93,7,83.306111
3.93,7,83.308535
5.92,8,83.311149
1.96,4,83.312513
1.97,3,83.313559
5.91,9,83.316971
1.97,3,83.318099
3.93,7,83.320435
3.93,7,83.322758
3.93,7,83.325069
3.95,5,83.326745
1.97,3,83.327789
1.97,3,83.328841
3.94,6,83.33092
1.96,4,83.332753
1.97,3,83.333894
3.93,7,83.336238
3.95,5,83.337927
3.93,7,83.340241
5.93,7,83.343005
1.96,4,83.344474
1.95,5,83.346167
3.95,5,83.347852
3.95,5,83.349525
1.95,5,83.545697
5.93,7,83.548055
3.94,6,83.550012
1.95,5,83.551659
3.95,5,83.553582
1.97,3,83.554911
3.95,5,83.556652
5.91,9,83.559904
3.95,5,83.561671
3.95,5,83.563365
3.94,6,83.565366
1.97,3,83.56659
13.89,11,83.570405
1.97,3,83.571479
1.97,3,83.572547
1.97,3,83.573603
3.95,5,83.575653
3.94,6,83.578027
3.95,5,83.579794
1.97,3,83.580885
5.91,9,83.583823
1.97,3,83.584864
1.97,3,83.58589
3.95,5,83.588052
3.95,5,83.589816
1.95,5,83.824699
3.95,5,83.82647
5.91,9,83.829383
3.95,5,83.831091
5.91,9,83.834835
5.93,7,83.837329
13.91,9,83.840296
1.95,5,83.841956
3.95,5,83.843972
1.95,5,83.845895
3.95,5,83.847615
1.95,5,83.849309
3.95,5,83.85133
3.95,5,83.85308
1.97,3,83.854134
1.95,5,83.855809
3.93,7,83.858084
1.96,4,83.859436
1.97,3,83.86046
3.95,5,83.862102
3.95,5,83.863743
3.95,5,83.865391
1.95,5,83.867018
13.91,9,84.061215
3.94,6,84.063288
1.97,3,84.064325
1.95,5,84.065958
1.96,4,84.067293
1.97,3,84.068693
5.91,9,84.071881
3.95,5,84.073604
3.95,5,84.075312
3.95,5,84.077021
1.97,3,84.078098
1.96,4,84.079838
3.95,5,84.081564
13.91,9,84.084444
13.91,9,84.087303
1.97,3,84.08851
5.93,7,84.091254
5.93,7,84.093687
5.91,9,84.096676
1.97,3,84.097748
1.97,3,84.098818
1.97,3,84.099871
13.9,10,84.103384
1.97,3,84.313311
5.93,7,84.315774
1.96,4,84.317138
1.97,3,84.318178
5.93,7,84.320462
1.97,3,84.321491
1.97,3,84.32299
1.95,5,84.324787
1.95,5,84.326904
3.94,6,84.329009
5.91,9,84.332228
3.95,5,84.334124
3.95,5,84.335837
5.93,7,84.338164
1.97,3,84.339235
1.97,3,84.340298
3.95,5,84.341965
13.89,11,84.345517
5.93,7,84.3478
5.93,7,84.350082
1.97,3,84.351112
1.95,5,84.352768
1.95,5,84.354418
3.95,5,84.356067
3.95,5,84.580344
1.97,3,84.581565
13.91,9,84.584991
5.93,7,84.587397
1.97,3,84.588449
1.96,4,84.590124
3.93,7,84.592729
5.93,7,84.595246
3.94,6,84.59726
1.97,3,84.598311
1.97,3,84.599745
1.97,3,84.601004
3.95,5,84.602687
1.97,3,84.603727
3.95,5,84.605368
3.95,5,84.607008
1.97,3,84.608037
5.93,7,84.610695
1.97,3,84.611824
1.97,3,84.612923
1.97,3,84.613986
1.96,4,84.615533
1.97,3,84.616629
1.97,3,84.618451
1.95,5,84.62052
1.96,4,84.621949
1.97,3,84.623018
1.97,3,84.624077
1.97,3,84.625148
3.95,5,84.626828
1.95,5,84.840609
1.97,3,84.841785
1.96,4,84.843188
1.97,3,84.844247
3.95,5,84.845908
1.97,3,84.846944
3.95,5,84.848967
3.93,7,84.851489
1.97,3,84.852573
1.96,4,84.853965
3.95,5,84.85569
1.97,3,84.85675
5.93,7,84.859086
3.95,5,84.860767
5.93,7,84.863088
1.97,3,84.864135
5.93,7,84.86647
5.91,9,84.869411
1.97,3,84.870461
1.97,3,84.871538
1.97,3,84.872998
1.97,3,84.87415
1.95,5,84.875898
1.97,3,84.876969
1.96,4,84.878341
3.95,5,84.87999
3.94,6,84.882277
3.95,5,84.884221
3.95,5,85.087804
-0.01,1,85.088313
13.91,9,85.091256
1.96,4,85.092601
1.97,3,85.093629
1.97,3,85.094655
1.97,3,85.095686
3.95,5,85.097326
5.93,7,85.099587
1.96,4,85.101156
5.91,9,85.104385
1.97,3,85.105455
1.97,3,85.106483
1.97,3,85.107529
1.96,4,85.10896
1.96,4,85.110327
1.95,5,85.11198
3.95,5,85.113683
1.97,3,85.114724
3.93,7,85.117345
5.91,9,85.120597
3.95,5,85.122298
5.93,7,85.124588
1.97,3,85.125622
1.97,3,85.126649
3.95,5,85.128776
1.97,3,85.129906
1.97,3,85.130975
5.93,7,85.334428
5.93,7,85.336852
5.93,7,85.33916
1.95,5,85.340819
1.96,4,85.342632
1.97,3,85.343934
1.97,3,85.345055
1.97,3,85.346127
5.93,7,85.348432
1.97,3,85.3495
1.97,3,85.350553
1.95,5,85.352192
3.93,7,85.354466
3.93,7,85.356705
1.96,4,85.358033
3.93,7,85.360282
1.95,5,85.361924
1.97,3,85.362954
3.95,5,85.364593
1.97,3,85.365624
3.95,5,85.367264
3.93,7,85.369502
1.97,3,85.370514
3.93,7,85.373157
3.95,5,85.374909
13.91,9,85.637911
1.97,3,85.639128
5.93,7,85.641552
3.95,5,85.643331
3.93,7,85.646167
3.95,5,85.648008
3.95,5,85.649724
13.89,11,85.653815
1.95,5,85.655801
1.96,4,85.657212
3.93,7,85.660441
1.96,4,85.661877
1.97,3,85.662949
1.97,3,85.664006
3.95,5,85.665941
3.93,7,85.668944
5.91,9,85.672144
1.95,5,85.673976
1.97,3,85.675102
1.97,3,85.676209
1.95,5,85.678265
3.93,7,85.682149
3.95,5,85.683874
3.95,5,85.685579
-0.03,3,85.910971
1.95,5,85.912838
1.95,5,85.91455
1.95,5,85.916223
1.95,5,85.917879
3.93,7,85.920622
1.97,3,85.921778
1.95,5,85.923533
3.95,5,85.925329
1.97,3,85.926577
1.97,3,85.927722
13.91,9,85.930687
1.95,5,85.932338
1.97,3,85.933365
1.97,3,85.934742
1.97,3,85.935811
1.96,4,85.93716
1.97,3,85.938193
5.92,8,85.940792
1.95,5,85.942618
5.91,9,85.946118
1.97,3,85.947468
1.95,5,85.94955
1.96,4,85.951451
5.91,9,85.954458
5.91,9,86.158426
1.95,5,86.160922
5.91,9,86.164019
1.97,3,86.165119
5.93,7,86.1674
1.97,3,86.168439
3.95,5,86.170652
1.95,5,86.172441
5.91,9,86.175842
1.95,5,86.17773
1.97,3,86.178828
3.95,5,86.180513
1.97,3,86.181604
3.95,5,86.183302
13.91,9,86.186288
3.95,5,86.187965
3.93,7,86.190254
3.95,5,86.191978
3.93,7,86.194396
1.95,5,86.196143
1.97,3,86.197191
13.91,9,86.200135
1.97,3,86.20146
1.97,3,86.202593
1.97,3,86.399893
1.95,5,86.401794
3.93,7,86.404132
3.95,5,86.405801
1.97,3,86.406868
5.91,9,86.410286
1.95,5,86.412197
13.89,11,86.415786
5.92,8,86.418378
1.97,3,86.419859
1.95,5,86.421896
1.97,3,86.423016
1.97,3,86.424098
1.95,5,86.426054
1.95,5,86.427779
1.95,5,86.429455
1.97,3,86.430502
3.95,5,86.432167
5.93,7,86.434464
5.92,8,86.437058
3.95,5,86.438709
1.97,3,86.439739
1.97,3,86.44077
1.96,4,86.442117
1.97,3,86.443137
1.97,3,86.444171
3.95,5,86.69616
1.95,5,86.697961
1.97,3,86.699025
3.95,5,86.701342
3.93,7,86.70378
1.97,3,86.70538
3.94,6,86.707598
1.95,5,86.709664
1.97,3,86.71082
3.94,6,86.712838
1.97,3,86.713972
1.95,5,86.715985
3.95,5,86.717812
1.97,3,86.718891
1.97,3,86.719945
1.97,3,86.72099
3.93,7,86.723277
1.97,3,86.724357
3.95,5,86.726311
1.97,3,86.727405
1.97,3,86.728452
1.97,3,86.729498
5.93,7,86.731788
1.97,3,86.732836
1.97,3,86.734078
1.97,3,86.73519
1.97,3,86.736265
3.95,5,86.737941
3.95,5,86.739637
13.89,11,86.910223
3.94,6,86.912341
1.95,5,86.914042
3.93,7,86.916413
1.96,4,86.918348
3.93,7,86.920771
5.93,7,86.92332
1.97,3,86.924506
1.97,3,86.925565
-0.03,3,86.926621
1.97,3,86.927751
1.97,3,86.928967
1.96,4,86.930378
1.96,4,86.93176
3.95,5,86.933477
1.95,5,86.935164
3.95,5,86.936866
1.97,3,86.937925
3.93,7,86.940255
1.95,5,86.941932
3.93,7,86.944243
1.97,3,86.945296
5.91,9,86.948227
3.95,5,86.949986
1.97,3,86.951187
3.95,5,86.952906
3.93,7,87.15665
1.97,3,87.157912
1.97,3,87.158996
3.95,5,87.161537
1.96,4,87.163638
13.91,9,87.167207
1.95,5,87.169247
1.97,3,87.170482
1.96,4,87.172301
3.95,5,87.174223
1.97,3,87.1758
3.94,6,87.177941
3.95,5,87.179621
3.95,5,87.181659
3.93,7,87.184475
3.93,7,87.186765
3.95,5,87.188448
5.93,7,87.190728
1.95,5,87.192545
3.95,5,87.194231
3.94,6,87.196198
3.94,6,87.198138
1.95,5,87.199775
1.97,3,87.20116
1.97,3,87.202571
3.94,6,87.399685
1.97,3,87.404162
3.93,7,87.406526
1.97,3,87.407612
1.95,5,87.40973
3.95,5,87.411529
1.97,3,87.412605
3.93,7,87.414932
1.97,3,87.415999
5.93,7,87.418323
1.95,5,87.420596
3.94,6,87.422754
1.97,3,87.424052
1.97,3,87.425387
1.97,3,87.426516
3.92,8,87.429401
1.97,3,87.430566
1.95,5,87.432274
3.95,5,87.434155
3.93,7,87.436633
3.95,5,87.4383
1.97,3,87.439664
1.97,3,87.440827
5.93,7,87.4433
1.97,3,87.444364
3.94,6,87.446352
1.97,3,87.447402
3.93,7,87.630532
13.91,9,87.6338
1.97,3,87.634975
3.95,5,87.63668
1.97,3,87.63775
5.93,7,87.640055
1.96,4,87.641393
3.95,5,87.643053
3.95,5,87.644702
1.97,3,87.646058
3.93,7,87.648531
1.97,3,87.649592
3.95,5,87.651268
1.97,3,87.652312
13.91,9,87.655213
1.97,3,87.656583
5.93,7,87.658992
-0.02,2,87.659744
1.97,3,87.660802
1.97,3,87.661855
5.93,7,87.664657
13.9,10,87.668345
13.89,11,87.672213
1.97,3,87.673287
5.93,7,87.894512
1.97,3,87.895976
1.95,5,87.898035
3.94,6,87.900695
1.95,5,87.90249
1.97,3,87.903775
3.95,5,87.905802
1.97,3,87.906908
1.97,3,87.907976
3.94,6,87.910766
3.93,7,87.913136
1.95,5,87.915269
1.95,5,87.917115
3.95,5,87.918882
5.91,9,87.921838
1.97,3,87.922918
5.93,7,87.925911
1.97,3,87.927142
1.97,3,87.928226
3.95,5,87.929939
3.95,5,87.931611
3.93,7,87.934128
1.97,3,87.935279
5.91,9,87.938286
1.97,3,87.939359
1.97,3,87.940425
3.95,5,87.942245
1.95,5,88.139266
3.95,5,88.141039
3.95,5,88.142717
1.97,3,88.143757
5.93,7,88.146028
13.89,11,88.150279
3.95,5,88.152077
1.96,4,88.153447
1.97,3,88.154498
1.97,3,88.155528
1.97,3,88.156552
1.97,3,88.15758
5.93,7,88.160794
3.93,7,88.163228
3.95,5,88.164927
1.97,3,88.165964
1.97,3,88.166978
3.95,5,88.168966
1.95,5,88.170848
1.97,3,88.172011
3.93,7,88.174423
3.93,7,88.176945
1.97,3,88.178147
1.96,4,88.179678
1.97,3,88.180811
1.97,3,88.182077
1.97,3,88.183356
5.92,8,88.414378
1.97,3,88.415588
1.95,5,88.417322
1.97,3,88.418373
3.95,5,88.42004
1.97,3,88.421071
1.97,3,88.422257
3.95,5,88.424407
3.94,6,88.426736
1.96,4,88.428139
5.93,7,88.430443
13.91,9,88.433345
3.95,5,88.435193
1.97,3,88.436275
3.95,5,88.437977
1.97,3,88.439038
3.95,5,88.440717
1.97,3,88.441787
1.97,3,88.44291
3.95,5,88.444583
3.93,7,88.446871
1.97,3,88.447904
5.93,7,88.450185
1.96,4,88.45153
3.95,5,88.454664
1.97,3,88.455814
1.97,3,88.456872
1.97,3,88.457916
13.9,10,88.66094
1.95,5,88.662701
1.95,5,88.664831
1.97,3,88.666004
3.95,5,88.667728
1.97,3,88.669157
1.96,4,88.670668
3.95,5,88.672413
3.95,5,88.674128
1.95,5,88.675811
3.95,5,88.67753
1.97,3,88.678589
5.91,9,88.681495
1.95,5,88.683154
1.97,3,88.684186
1.97,3,88.685223
3.94,6,88.68719
1.97,3,88.688225
1.96,4,88.689564
3.95,5,88.691213
1.97,3,88.692243
1.97,3,88.693269
3.95,5,88.694923
1.97,3,88.695956
1.97,3,88.696977
1.97,3,88.69801
3.95,5,88.699663
1.97,3,88.700688
1.97,3,88.701716
1.95,5,88.70377
1.95,5,88.905935
1.96,4,88.907354
1.96,4,88.908693
1.95,5,88.910337
3.95,5,88.911978
1.95,5,88.913957
3.93,7,88.917113
3.93,7,88.91969
3.95,5,88.921387
3.95,5,88.923095
3.95,5,88.925248
3.95,5,88.927288
3.93,7,88.92994
3.94,6,88.93213
1.97,3,88.93323
5.91,9,88.936204
1.97,3,88.93726
5.93,7,88.9396
1.97,3,88.940667
1.97,3,88.941778
1.97,3,88.942822
1.97,3,88.943844
3.95,5,88.94556
5.93,7,88.9479
1.97,3,88.948944
1.97,3,88.949959
1.95,5,89.143763
5.93,7,89.146376
1.97,3,89.147592
5.93,7,89.150192
1.97,3,89.151512
3.94,6,89.15355
3.93,7,89.156244
3.93,7,89.15867
1.97,3,89.159789
3.95,5,89.161508
1.96,4,89.16297
1.97,3,89.164197
5.92,8,89.167391
1.96,4,89.168818
1.97,3,89.169867
1.97,3,89.170903
3.94,6,89.172881
1.97,3,89.173906
1.95,5,89.176074
5.92,8,89.178777
1.95,5,89.180469
1.95,5,89.182148
5.93,7,89.184457
13.91,9,89.187393
3.93,7,89.381709
1.97,3,89.382869
5.92,8,89.38549
1.97,3,89.386528
1.96,4,89.387875
1.97,3,89.388912
1.97,3,89.390436
1.97,3,89.391692
1.97,3,89.392848
1.97,3,89.394116
3.95,5,89.395964
3.94,6,89.398019
1.97,3,89.399092
3.95,5,89.400914
1.97,3,89.40199
5.93,7,89.404315
3.93,7,89.406593
3.95,5,89.408252
3.94,6,89.41059
1.97,3,89.411667
3.94,6,89.4138
1.97,3,89.414848
-0.03,3,89.415873
1.97,3,89.416899
5.93,7,89.419187
1.97,3,89.42023
5.93,7,89.423027
-0.01,1,89.423531
1.96,4,89.424943
1.97,3,89.426087
1.97,3,89.621464
-0.01,1,89.621981
1.96,4,89.623406
1.97,3,89.624464
3.95,5,89.626127
3.95,5,89.627798
-0.01,1,89.628215
3.95,5,89.630014
-0.01,1,89.630794
1.97,3,89.631969
1.97,3,89.633057
1.96,4,89.634657
3.95,5,89.636436
-0.01,1,89.636867
3.95,5,89.638546
1.95,5,89.640383
1.97,3,89.641484
5.91,9,89.644678
3.94,6,89.646778
1.97,3,89.647835
13.9,10,89.651146
5.93,7,89.65343
1.96,4,89.654918
3.95,5,89.656695
1.97,3,89.657755
3.93,7,89.660687
3.95,5,89.662394
1.97,3,89.663436
3.95,5,89.665084
3.95,5,89.666742
1.95,5,89.882733
3.95,5,89.884843
3.95,5,89.886578
1.97,3,89.887626
3.94,6,89.889593
1.95,5,89.89175
3.95,5,89.893784
3.94,6,89.89584
1.97,3,89.896878
3.95,5,89.898525
1.97,3,89.899562
1.95,5,89.901213
1.97,3,89.902238
3.94,6,89.904189
3.95,5,89.905825
1.97,3,89.906847
1.97,3,89.907882
5.93,7,89.910144
-0.02,2,89.910854
1.95,5,89.91264
1.95,5,89.914481
5.92,8,89.917213
1.97,3,89.918283
3.95,5,89.919961
1.96,4,89.921302
1.97,3,89.922324
1.97,3,89.923799
3.95,5,89.925792
3.94,6,90.111845
5.93,7,90.114273
3.94,6,90.116251
1.97,3,90.117298
1.95,5,90.118946
3.95,5,90.121047
3.95,5,90.122947
1.96,4,90.124356
1.97,3,90.125422
1.97,3,90.126526
3.95,5,90.128204
3.95,5,90.130286
-0.02,2,90.131157
3.93,7,90.133629
1.96,4,90.135079
3.94,6,90.137111
1.97,3,90.138167
1.97,3,90.139222
1.97,3,90.140287
3.94,6,90.142371
5.92,8,90.145227
1.96,4,90.146664
3.94,6,90.148677
13.91,9,90.151708
-0.02,2,90.152469
5.91,9,90.155645
-0.02,2,90.349004
3.95,5,90.350897
1.96,4,90.352272
1.97,3,90.353314
1.97,3,90.354344
1.97,3,90.355369
1.96,4,90.356695
13.91,9,90.359648
3.95,5,90.361321
3.94,6,90.363288
5.91,9,90.366167
1.95,5,90.367814
1.95,5,90.369445
3.93,7,90.37225
3.95,5,90.374093
1.96,4,90.375496
3.95,5,90.37717
3.95,5,90.378852
3.95,5,90.380549
-0.02,2,90.381732
3.94,6,90.384035
3.95,5,90.385782
1.97,3,90.386854
1.97,3,90.387886
3.95,5,90.389538
1.97,3,90.390567
3.93,7,90.392991
1.97,3,90.59085
5.93,7,90.593295
1.97,3,90.594346
3.95,5,90.595999
1.95,5,90.597648
1.96,4,90.598988
1.97,3,90.600043
3.95,5,90.601693
3.93,7,90.603931
3.95,5,90.605562
5.91,9,90.608419
1.96,4,90.609747
1.97,3,90.610766
5.93,7,90.613032
1.96,4,90.614358
3.94,6,90.616329
1.97,3,90.617345
3.94,6,90.619282
1.95,5,90.620911
1.96,4,90.622232
1.97,3,90.623777
3.93,7,90.626297
1.97,3,90.627399
3.95,5,90.629102
5.91,9,90.632021
5.93,7,90.825369
5.91,9,90.828408
1.96,4,90.829793
1.97,3,90.830885
5.93,7,90.833234
1.97,3,90.834314
13.89,11,90.837825
1.97,3,90.838852
1.97,3,90.839903
1.95,5,90.841571
3.93,7,90.844286
3.93,7,90.846972
1.97,3,90.848064
5.93,7,90.850412
3.93,7,90.852718
1.95,5,90.854392
3.95,5,90.856047
1.97,3,90.857072
5.92,8,90.859715
3.95,5,90.861369
1.97,3,90.862406
5.93,7,90.864771
13.9,10,90.867981
3.93,7,91.089777
1.95,5,91.091566
3.93,7,91.09414
5.93,7,91.096502
1.96,4,91.097865
1.96,4,91.099216
5.93,7,91.10149
1.96,4,91.102835
5.93,7,91.105113
3.95,5,91.106763
1.97,3,91.107801
1.97,3,91.108824
1.97,3,91.109855
1.97,3,91.110868
13.89,11,91.114361
3.95,5,91.116016
1.95,5,91.117648
1.95,5,91.119678
3.93,7,91.122099
3.95,5,91.123769
3.95,5,91.125445
1.97,3,91.126513
5.93,7,91.128777
1.96,4,91.130686
5.92,8,91.35212
3.95,5,91.353899
1.97,3,91.355132
3.95,5,91.356992
3.95,5,91.359168
3.93,7,91.361854
1.97,3,91.362956
3.93,7,91.365248
1.97,3,91.366279
1.97,3,91.367701
5.91,9,91.371351
5.91,9,91.37471
3.93,7,91.377107
-0.03,3,91.378159
1.97,3,91.379227
3.94,6,91.381199
5.93,7,91.38348
3.95,5,91.385618
1.97,3,91.386774
1.95,5,91.388471
5.93,7,91.390811
1.97,3,91.391866
3.95,5,91.393539
5.93,7,91.395845
3.94,6,91.592872
5.93,7,91.595494
3.95,5,91.597203
1.97,3,91.598276
1.97,3,91.599314
1.97,3,91.600645
1.95,5,91.6024
1.97,3,91.603457
5.93,7,91.605764
1.97,3,91.6068
1.97,3,91.607847
3.94,6,91.609883
3.93,7,91.612257
1.97,3,91.61333
3.95,5,91.615129
3.93,7,91.617816
3.93,7,91.620257
1.95,5,91.622371
1.97,3,91.623497
5.91,9,91.626617
5.91,9,91.629572
3.95,5,91.63148
1.97,3,91.632599
3.95,5,91.634525
1.96,4,91.635963
1.96,4,91.637331
1.97,3,91.831358
1.97,3,91.832547
1.97,3,91.833623
1.95,5,91.835322
5.93,7,91.837609
1.97,3,91.83864
1.95,5,91.840837
1.96,4,91.84236
3.95,5,91.844235
1.97,3,91.845411
3.95,5,91.847147
3.93,7,91.8495
1.97,3,91.85058
1.97,3,91.851713
5.93,7,91.854025
5.93,7,91.856574
3.93,7,91.85892
1.97,3,91.86017
13.91,9,91.863301
1.95,5,91.865236
1.95,5,91.867165
13.91,9,91.870893
13.89,11,91.874673
1.97,3,91.875737
3.94,6,92.095674
1.97,3,92.09685
1.97,3,92.097948
3.95,5,92.099654
1.97,3,92.100722
3.94,6,92.102721
3.95,5,92.104396
13.89,11,92.107947
1.95,5,92.109674
1.97,3,92.110785
1.97,3,92.112004
1.97,3,92.113136
1.97,3,92.114197
1.97,3,92.115239
5.93,7,92.117542
5.93,7,92.119817
1.95,5,92.121463
1.97,3,92.122492
3.95,5,92.124525
3.95,5,92.126605
3.93,7,92.128979
1.97,3,92.130048
1.97,3,92.131083
1.97,3,92.132112
1.96,4,92.133433
1.97,3,92.134922
3.94,6,92.137008
3.95,5,92.138722
1.95,5,92.371888
1.97,3,92.37356
5.92,8,92.376346
3.95,5,92.378073
3.93,7,92.380625
3.94,6,92.382916
3.95,5,92.384896
3.95,5,92.386658
1.97,3,92.387709
3.95,5,92.389374
3.93,7,92.392046
1.95,5,92.393756
3.95,5,92.395429
1.97,3,92.396453
1.97,3,92.397483
3.94,6,92.399443
13.89,11,92.403298
1.97,3,92.404537
1.97,3,92.405645
3.95,5,92.407336
3.95,5,92.409254
3.95,5,92.411376
1.95,5,92.413176
5.91,9,92.416167
5.93,7,92.640113
1.97,3,92.641434
1.97,3,92.642662
1.95,5,92.644466
5.93,7,92.646941
1.97,3,92.648094
5.92,8,92.651065
5.92,8,92.654005
3.95,5,92.65587
1.95,5,92.657714
1.95,5,92.660137
3.94,6,92.662221
3.95,5,92.663907
1.96,4,92.665296
1.97,3,92.66637
3.95,5,92.668066
1.97,3,92.669629
3.93,7,92.672219
3.95,5,92.673956
3.95,5,92.675806
1.97,3,92.676941
1.97,3,92.678062
1.95,5,92.679793
3.93,7,92.682246
5.93,7,92.685016
1.95,5,92.686807
3.95,5,92.871634
13.91,9,92.875052
3.95,5,92.877045
1.97,3,92.878138
1.96,4,92.879802
1.95,5,92.881646
1.97,3,92.882749
5.92,8,92.885591
3.95,5,92.887472
3.94,6,92.889677
1.97,3,92.890968
1.97,3,92.89213
3.95,5,92.894029
3.95,5,92.895736
3.95,5,92.897416
1.97,3,92.898459
3.95,5,92.90011
3.93,7,92.902373
3.95,5,92.904013
1.97,3,92.905038
1.97,3,92.906057
1.97,3,92.907073
3.95,5,92.908702
1.96,4,92.910022
1.97,3,92.911049
1.97,3,92.912069
3.95,5,92.914232
1.95,5,92.91603
-0.02,2,93.111164
3.93,7,93.113605
5.92,8,93.116231
1.97,3,93.117271
13.9,10,93.120951
3.95,5,93.123156
3.95,5,93.124981
3.95,5,93.126731
13.91,9,93.129915
1.97,3,93.131187
5.91,9,93.134314
3.93,7,93.136888
1.97,3,93.137973
3.93,7,93.140285
3.93,7,93.14267
3.93,7,93.145147
1.96,4,93.146563
1.95,5,93.148256
3.95,5,93.149924
1.95,5,93.151751
3.93,7,93.15407
1.96,4,93.15543
1.97,3,93.357967
3.95,5,93.359769
1.95,5,93.361446
1.97,3,93.362498
5.93,7,93.36476
5.93,7,93.367037
3.95,5,93.368672
1.97,3,93.369688
1.97,3,93.37099
1.95,5,93.373021
3.93,7,93.375427
3.95,5,93.377145
1.95,5,93.378831
3.95,5,93.380509
1.96,4,93.382424
3.93,7,93.385008
1.97,3,93.386094
3.95,5,93.387768
1.97,3,93.388806
1.96,4,93.390162
1.95,5,93.392195
3.95,5,93.393963
1.97,3,93.395047
1.97,3,93.396123
5.93,7,93.398463
1.97,3,93.399515
1.95,5,93.401204
1.95,5,93.568257
3.95,5,93.57012
3.94,6,93.572104
13.91,9,93.574999
3.95,5,93.576929
3.94,6,93.579429
1.96,4,93.58087
3.95,5,93.582586
3.95,5,93.584343
1.97,3,93.585452
5.93,7,93.587781
5.93,7,93.590113
5.93,7,93.592757
1.97,3,93.59389
1.97,3,93.594934
3.94,6,93.596911
1.97,3,93.597951
5.93,7,93.600215
5.93,7,93.603053
1.96,4,93.604445
3.95,5,93.606108
1.97,3,93.607139
3.94,6,93.609109
3.95,5,93.61076
5.93,7,93.805294
3.93,7,93.807844
5.93,7,93.810169
-0.02,2,93.810897
5.92,8,93.813492
3.95,5,93.815176
5.92,8,93.817768
13.91,9,93.820669
1.97,3,93.821703
1.97,3,93.822736
1.97,3,93.823764
3.93,7,93.82603
3.93,7,93.828294
3.93,7,93.830978
3.95,5,93.832752
1.97,3,93.833807
1.97,3,93.834869
3.95,5,93.836538
1.97,3,93.837577
3.95,5,93.839225
1.97,3,93.840692
1.97,3,93.841947
1.97,3,93.843051
1.95,5,93.844739
3.94,6,93.846713
3.94,6,93.848675
1.95,5,94.045326
1.97,3,94.046456
1.97,3,94.047509
1.97,3,94.048552
1.97,3,94.049594
1.97,3,94.050652
3.95,5,94.052315
3.95,5,94.054462
3.95,5,94.05632
1.95,5,94.058048
1.97,3,94.059175
3.93,7,94.061509
5.93,7,94.063887
1.97,3,94.065176
5.93,7,94.067662
1.97,3,94.068731
5.93,7,94.071029
3.94,6,94.073033
1.97,3,94.074071
1.97,3,94.075314
3.93,7,94.078337
1.97,3,94.07945
1.95,5,94.081126
5.93,7,94.083429
1.97,3,94.085139
3.95,5,94.086957
1.96,4,94.088337
1.96,4,94.089742
5.91,9,94.259024
1.97,3,94.260129
1.96,4,94.26147
-0.03,3,94.262488
1.95,5,94.264112
1.97,3,94.265128
1.97,3,94.266638
13.91,9,94.270019
1.97,3,94.271093
1.97,3,94.272143
1.95,5,94.273815
1.95,5,94.275482
3.95,5,94.277743
5.93,7,94.280341
1.97,3,94.281493
3.93,7,94.284097
13.9,10,94.28839
1.97,3,94.289615
1.96,4,94.291026
3.94,6,94.293162
1.97,3,94.294217
3.95,5,94.295905
5.91,9,94.298997
3.95,5,94.301349
13.91,9,94.511676
3.95,5,94.513593
3.93,7,94.515976
13.89,11,94.519591
1.96,4,94.52096
3.95,5,94.522835
1.97,3,94.52392
-0.01,1,94.52434
5.93,7,94.526954
1.96,4,94.528418
1.97,3,94.529504
5.92,8,94.532115
3.94,6,94.53476
1.96,4,94.536323
3.94,6,94.538382
5.93,7,94.540722
1.96,4,94.542095
3.95,5,94.544044
1.97,3,94.545369
3.94,6,94.547408
3.93,7,94.549789
1.97,3,94.550911
3.93,7,94.553276
1.96,4,94.554757
1.95,5,94.556503
1.97,3,94.782205
1.97,3,94.783467
3.95,5,94.785168
3.93,7,94.787466
5.93,7,94.790455
1.97,3,94.791754
1.95,5,94.793754
1.95,5,94.795649
3.93,7,94.797997
1.97,3,94.799063
1.95,5,94.800809
1.95,5,94.802471
-0.03,3,94.803509
3.95,5,94.805169
3.93,7,94.807448
13.91,9,94.810564
1.97,3,94.81162
3.95,5,94.81329
1.97,3,94.814398
1.95,5,94.816226
1.97,3,94.817425
5.93,7,94.8198
1.97,3,94.820855
1.95,5,94.822535
3.95,5,94.824216
3.95,5,94.825901
5.93,7,95.020456
3.95,5,95.022276
1.97,3,95.023354
1.95,5,95.025096
-0.03,3,95.026281
3.95,5,95.027975
1.95,5,95.029665
1.97,3,95.031138
1.96,4,95.032645
3.95,5,95.034629
3.95,5,95.036648
3.95,5,95.03836
1.97,3,95.039433
1.97,3,95.040495
1.97,3,95.041536
1.96,4,95.043133
1.97,3,95.044248
1.96,4,95.045721
3.94,6,95.047737
1.97,3,95.048795
1.97,3,95.049846
1.97,3,95.05094
1.97,3,95.052005
3.95,5,95.053685
3.93,7,95.055955
1.97,3,95.056992
3.95,5,95.058778
1.95,5,95.060508
3.93,7,95.062813
-0.01,1,95.063229
3.94,6,95.065182
1.95,5,95.244028
1.96,4,95.245546
3.95,5,95.24728
1.96,4,95.248682
1.97,3,95.249757
1.97,3,95.250833
3.95,5,95.253039
3.95,5,95.254824
1.95,5,95.256545
1.95,5,95.258237
1.96,4,95.259809
3.95,5,95.261537
3.95,5,95.263283
1.95,5,95.265133
1.95,5,95.266841
1.97,3,95.267912
1.97,3,95.268957
3.95,5,95.270637
1.97,3,95.271687
3.95,5,95.273367
3.95,5,95.275036
1.95,5,95.276713
3.95,5,95.278384
1.96,4,95.279766
3.95,5,95.281443
1.97,3,95.282478
3.95,5,95.284136
1.97,3,95.285167
1.97,3,95.286195
1.97,3,95.28723
1.95,5,95.424283
1.95,5,95.426045
13.91,9,95.42898
1.97,3,95.430024
5.92,8,95.4331
13.91,9,95.436463
3.95,5,95.438185
5.93,7,95.440522
1.97,3,95.44158
1.97,3,95.442645
1.97,3,95.443682
3.93,7,95.445973
3.93,7,95.448259
1.97,3,95.449301
3.95,5,95.450949
1.97,3,95.451989
1.97,3,95.453024
1.95,5,95.454791
5.93,7,95.457209
3.93,7,95.460076
3.95,5,95.46176
1.97,3,95.462799
13.91,9,95.466069
1.97,3,95.467268
1.96,4,95.661592
1.97,3,95.662753
1.97,3,95.663816
1.97,3,95.665045
1.97,3,95.666117
5.93,7,95.668964
3.93,7,95.671649
5.93,7,95.674159
3.95,5,95.675898
1.95,5,95.677664
1.97,3,95.678751
5.93,7,95.681059
1.97,3,95.682107
1.97,3,95.68332
1.97,3,95.684712
3.95,5,95.686454
5.91,9,95.689503
1.95,5,95.691191
5.93,7,95.693677
3.95,5,95.695365
3.94,6,95.697358
1.95,5,95.699065
1.95,5,95.701026
5.91,9,95.704151
1.97,3,95.70525
13.9,10,95.902305
3.95,5,95.904057
1.97,3,95.905112
-0.01,1,95.905527
-0.01,1,95.90594
13.91,9,95.908966
1.97,3,95.910413
13.91,9,95.913452
-0.01,1,95.913903
3.93,7,95.916195
1.96,4,95.917557
3.94,6,95.919801
-0.01,1,95.920495
1.97,3,95.921656
1.97,3,95.922789
1.97,3,95.923882
1.96,4,95.925565
3.94,6,95.927599
1.96,4,95.928956
3.95,5,95.930915
-0.01,1,95.931399
-0.01,1,95.931832
-0.01,1,95.932263
1.97,3,95.93336
1.97,3,95.93453
-0.01,1,95.935113
3.94,6,95.937235
-0.01,1,95.937659
1.97,3,95.938705
1.97,3,95.939754
1.95,5,95.941416
3.94,6,95.943527
3.95,5,95.945422
1.97,3,95.946525
3.95,5,96.196364
5.92,8,96.199102
13.9,10,96.202315
3.93,7,96.204805
1.97,3,96.206118
13.91,9,96.209046
5.92,8,96.211622
1.95,5,96.213269
1.95,5,96.215365
5.93,7,96.218141
3.95,5,96.219935
1.97,3,96.220983
1.96,4,96.222336
5.93,7,96.224646
1.97,3,96.225737
3.93,7,96.228016
1.97,3,96.229045
1.97,3,96.230072
1.95,5,96.231711
3.95,5,96.233371
3.95,5,96.235281
3.93,7,96.237617
3.95,5,96.239299
5.93,7,96.449408
1.97,3,96.450881
5.93,7,96.453563
3.94,6,96.455691
3.94,6,96.457732
3.93,7,96.460595
3.95,5,96.462377
1.97,3,96.463463
1.97,3,96.464502
13.91,9,96.467399
3.93,7,96.469953
3.93,7,96.47232
3.93,7,96.474812
1.97,3,96.476072
13.89,11,96.479714
-0.03,3,96.480779
3.93,7,96.483196
3.93,7,96.485678
1.97,3,96.486746
3.95,5,96.488413
1.97,3,96.489438
5.93,7,96.492123
3.95,5,96.712972
3.95,5,96.714937
1.96,4,96.716458
3.95,5,96.718233
1.97,3,96.719307
3.94,6,96.721358
3.95,5,96.723081
1.95,5,96.724867
1.97,3,96.726271
3.95,5,96.728029
1.96,4,96.729402
1.97,3,96.730439
1.95,5,96.732095
1.97,3,96.733128
3.93,7,96.735744
1.95,5,96.737592
1.95,5,96.739274
1.97,3,96.740308
1.97,3,96.741365
5.93,7,96.744262
1.95,5,96.746215
5.93,7,96.748526
5.93,7,96.751371
1.96,4,96.752841
1.97,3,96.753896
1.95,5,96.755564
1.97,3,96.75663
1.97,3,96.757656
3.95,5,96.928665
1.95,5,96.930503
1.97,3,96.931598
1.97,3,96.932663
1.96,4,96.934074
3.95,5,96.935774
3.95,5,96.937468
1.97,3,96.938543
13.91,9,96.941539
3.95,5,96.94321
1.97,3,96.94424
3.93,7,96.946974
5.93,7,96.949385
3.95,5,96.951201
1.95,5,96.953008
3.94,6,96.955057
3.93,7,96.957576
1.96,4,96.959042
1.95,5,96.960788
1.97,3,96.962227
5.93,7,96.964904
1.97,3,96.966073
3.95,5,96.96777
13.91,9,96.970707
13.89,11,97.171034
1.96,4,97.172638
1.95,5,97.174376
3.95,5,97.176132
5.91,9,97.179401
1.97,3,97.180779
3.95,5,97.182649
3.95,5,97.184435
-0.01,1,97.184868
1.97,3,97.18597
1.97,3,97.187092
3.95,5,97.188891
3.95,5,97.190679
13.91,9,97.193786
1.97,3,97.194862
3.95,5,97.196759
3.95,5,97.198441
1.97,3,97.199471
5.93,7,97.201734
-0.01,1,97.202143
1.97,3,97.203168
5.92,8,97.206397
3.95,5,97.208286
3.95,5,97.210343
3.94,6,97.212369
1.95,5,97.214009
1.97,3,97.215037
1.96,4,97.216864
3.95,5,97.430743
5.93,7,97.433128
1.97,3,97.434169
1.97,3,97.435208
5.93,7,97.437486
1.96,4,97.439302
1.97,3,97.440465
-0.01,1,97.440904
1.97,3,97.442102
1.96,4,97.44366
3.95,5,97.445384
-0.01,1,97.445806
3.95,5,97.447503
3.94,6,97.449479
1.97,3,97.450836
5.93,7,97.453469
1.97,3,97.454971
5.92,8,97.45772
1.97,3,97.459281
1.97,3,97.460856
3.95,5,97.462987
3.93,7,97.465652
1.97,3,97.467004
5.93,7,97.469395
1.97,3,97.470449
5.93,7,97.473188
1.97,3,97.474258
1.95,5,97.475986
1.95,5,97.663675
5.93,7,97.666302
-0.01,1,97.66674
1.97,3,97.668177
3.93,7,97.670587
3.95,5,97.672321
-0.02,2,97.673227
3.95,5,97.675233
1.96,4,97.676705
1.96,4,97.678086
1.97,3,97.679137
1.96,4,97.680509
1.97,3,97.68155
3.94,6,97.683944
1.96,4,97.68531
1.97,3,97.686357
3.93,7,97.688626
1.97,3,97.689661
1.95,5,97.691303
-0.02,2,97.692021
3.95,5,97.693984
1.96,4,97.695704
1.97,3,97.696815
3.95,5,97.69851
3.95,5,97.700184
5.93,7,97.702453
5.92,8,97.705767
1.97,3,97.706902
3.95,5,97.708615
1.95,5,97.895694
1.95,5,97.897884
1.95,5,97.900075
3.95,5,97.901855
5.92,8,97.904562
3.95,5,97.906597
3.95,5,97.908308
1.96,4,97.910389
1.95,5,97.912225
5.93,7,97.914655
3.95,5,97.916689
1.95,5,97.91857
5.92,8,97.921206
3.95,5,97.922875
5.91,9,97.926143
1.97,3,97.927266
3.94,6,97.929278
5.91,9,97.932249
5.92,8,97.934845
5.93,7,97.937117
1.95,5,97.938766
1.97,3,97.939799
3.95,5,97.941463
3.94,6,98.136409
1.96,4,98.137838
1.97,3,98.138891
5.93,7,98.141186
1.96,4,98.142533
3.95,5,98.144806
1.95,5,98.146715
1.97,3,98.147798
1.97,3,98.148859
3.95,5,98.150553
1.97,3,98.151602
5.92,8,98.154253
1.97,3,98.155305
1.95,5,98.156988
1.96,4,98.15835
5.93,7,98.160648
-0.02,2,98.161378
1.95,5,98.163083
1.97,3,98.16452
5.93,7,98.167127
1.97,3,98.168386
1.95,5,98.170088
5.91,9,98.173037
5.91,9,98.176382
1.97,3,98.17748
1.97,3,98.178528
5.93,7,98.395201
3.95,5,98.397087
3.95,5,98.398817
1.96,4,98.40029
1.95,5,98.402176
1.97,3,98.403343
3.93,7,98.405818
1.97,3,98.406947
5.93,7,98.409983
1.97,3,98.411289
1.97,3,98.412432
5.91,9,98.415645
3.95,5,98.417803
5.93,7,98.420236
3.95,5,98.421926
1.95,5,98.423639
1.97,3,98.424694
1.97,3,98.426012
3.93,7,98.428538
1.95,5,98.430232
1.95,5,98.431925
1.97,3,98.432971
1.95,5,98.434634
3.95,5,98.436584
5.93,7,98.439255
1.97,3,98.440423
1.96,4,98.640954
3.95,5,98.643354
1.95,5,98.645133
5.92,8,98.647759
3.93,7,98.650406
5.93,7,98.653327
1.97,3,98.654587
3.95,5,98.656395
5.92,8,98.659268
1.97,3,98.660879
1.96,4,98.662329
1.96,4,98.663702
1.97,3,98.664752
1.96,4,98.666103
5.91,9,98.669148
3.95,5,98.670838
1.97,3,98.671873
13.91,9,98.674944
1.96,4,98.676768
1.95,5,98.678685
3.93,7,98.681021
1.97,3,98.682079
1.96,4,98.683453
5.93,7,98.68596
5.93,7,98.882205
3.95,5,98.884105
1.97,3,98.885546
1.95,5,98.88736
1.97,3,98.888409
3.95,5,98.890064
1.97,3,98.891384
1.96,4,98.8929
1.97,3,98.893963
5.93,7,98.896235
5.93,7,98.8985
1.95,5,98.900177
1.97,3,98.901471
1.97,3,98.902634
3.93,7,98.90499
-0.01,1,98.90542
13.89,11,98.909389
3.95,5,98.91146
1.95,5,98.913213
5.93,7,98.91553
3.94,6,98.917661
3.95,5,98.919383
3.95,5,98.921068
1.95,5,98.922717
3.95,5,98.924378
3.93,7,98.926633
1.97,3,99.167263
1.97,3,99.168556
5.93,7,99.170887
1.97,3,99.17193
1.96,4,99.173284
1.95,5,99.174944
1.97,3,99.176137
3.95,5,99.177907
3.95,5,99.17961
3.94,6,99.181606
3.95,5,99.183289
13.9,10,99.186797
1.95,5,99.188478
1.96,4,99.189814
3.95,5,99.191474
3.95,5,99.193193
5.91,9,99.196102
1.97,3,99.197127
1.95,5,99.19876
5.93,7,99.201525
1.95,5,99.203687
1.97,3,99.20486
5.93,7,99.207259
1.95,5,99.209261
5.92,8,99.422853
5.93,7,99.425374
3.95,5,99.427067
3.94,6,99.429042
1.97,3,99.430076
5.93,7,99.432818
1.96,4,99.43432
5.93,7,99.436687
1.95,5,99.438396
1.95,5,99.440107
5.91,9,99.443343
3.95,5,99.445316
3.95,5,99.447068
1.97,3,99.448142
3.95,5,99.449818
1.97,3,99.450851
1.97,3,99.452091
3.93,7,99.454777
1.97,3,99.456094
1.95,5,99.457948
1.95,5,99.459733
5.93,7,99.462052
3.95,5,99.463744
1.97,3,99.465046
5.91,9,99.46865
5.92,8,99.665308
3.95,5,99.667164
3.95,5,99.668886
3.93,7,99.671187
3.95,5,99.673281
1.97,3,99.67463
3.95,5,99.676504
1.97,3,99.677601
1.97,3,99.678668
1.96,4,99.680044
3.95,5,99.681704
3.95,5,99.683359
1.96,4,99.684756
1.97,3,99.685797
3.95,5,99.687449
5.91,9,99.69034
3.95,5,99.692022
5.91,9,99.695298
1.97,3,99.696428
1.97,3,99.697502
1.96,4,99.6989
1.97,3,99.69998
5.93,7,99.70281
13.91,9,99.705838
1.97,3,99.707165
3.95,5,99.903689
3.95,5,99.905578
5.93,7,99.907885
3.95,5,99.909544
3.95,5,99.91119
13.89,11,99.914971
1.95,5,99.916769
3.93,7,99.919113
3.93,7,99.921439
1.97,3,99.922488
13.91,9,99.925471
3.95,5,99.927161
1.97,3,99.928232
3.95,5,99.929905
1.95,5,99.931573
1.95,5,99.933246
1.97,3,99.934377
3.95,5,99.936336
1.97,3,99.937449
5.93,7,99.939826
1.97,3,99.940901
1.97,3,99.941963
1.95,5,99.943643
1.95,5,99.945342
1.97,3,99.9464
3.95,5,100.172325
5.91,9,100.175378
1.97,3,100.176415
3.93,7,100.178718
1.95,5,100.180366
3.93,7,100.183171
1.97,3,100.184508
1.97,3,100.18577
3.95,5,100.187516
1.97,3,100.188591
5.91,9,100.191742
13.91,9,100.195046
13.9,10,100.198687
3.95,5,100.20049
5.91,9,100.204034
1.95,5,100.20581
1.97,3,100.206893
1.96,4,100.208338
1.97,3,100.209694
3.94,6,100.211738
3.95,5,100.214055
1.97,3,100.215235
1.97,3,100.216367
3.95,5,100.218092
1.97,3,100.43135
5.93,7,100.434066
3.93,7,100.436429
3.95,5,100.438096
1.97,3,100.439147
5.93,7,100.441435
3.95,5,100.44333
3.95,5,100.445418
1.97,3,100.446602
1.95,5,100.448332
13.9,10,100.452504
1.97,3,100.453702
13.91,9,100.456816
13.91,9,100.460132
3.95,5,100.461973
1.97,3,100.463191
1.97,3,100.464293
3.93,7,100.466641
1.95,5,100.468344
1.97,3,100.469403
5.93,7,100.471752
3.93,7,100.474085
1.96,4,100.475467
1.97,3,100.476532
1.97,3,100.679695
5.91,9,100.682937
1.97,3,100.684168
3.95,5,100.686295
5.91,9,100.689586
1.95,5,100.691366
1.95,5,100.693206
1.95,5,100.694907
1.97,3,100.696005
1.97,3,100.697069
13.91,9,100.700031
3.95,5,100.701712
5.92,8,100.704321
1.97,3,100.705484
1.97,3,100.70655
1.97,3,100.707589
1.97,3,100.708635
1.97,3,100.709694
1.95,5,100.71137
1.97,3,100.712408
5.93,7,100.714958
1.97,3,100.71624
3.95,5,100.717973
1.97,3,100.719031
1.96,4,100.720399
5.92,8,100.72302
5.91,9,100.921363
3.95,5,100.923179
3.95,5,100.92485
1.97,3,100.925882
-0.01,1,100.926296
1.96,4,100.927654
3.94,6,100.930084
3.95,5,100.931964
1.96,4,100.933378
3.95,5,100.935098
1.97,3,100.936158
1.95,5,100.937846
1.97,3,100.938914
1.97,3,100.939976
1.97,3,100.941043
1.97,3,100.942099
1.95,5,100.943776
5.92,8,100.946422
5.93,7,100.948732
3.94,6,100.950743
3.95,5,100.952412
5.93,7,100.954728
1.97,3,100.956135
1.97,3,100.957294
3.95,5,100.959386
1.97,3,100.960616
1.97,3,100.961688
-0.01,1,100.962113
1.97,3,100.963164
5.93,7,100.965619
1.95,5,101.156642
1.97,3,101.157767
3.95,5,101.159631
1.97,3,101.160734
1.97,3,101.161767
1.97,3,101.162796
3.95,5,101.16488
1.97,3,101.166125
1.97,3,101.167346
3.95,5,101.169094
1.97,3,101.170169
5.92,8,101.172815
3.95,5,101.174744
1.96,4,101.176386
1.97,3,101.177483
1.97,3,101.178552
13.91,9,101.181534
1.97,3,101.182587
1.97,3,101.183746
1.97,3,101.18496
1.97,3,101.186026
3.95,5,101.187705
1.97,3,101.188753
1.97,3,101.189789
3.93,7,101.192078
5.91,9,101.194953
1.95,5,101.196615
3.95,5,101.198262
5.93,7,101.399307
1.95,5,101.401197
3.94,6,101.403202
3.94,6,101.405183
5.93,7,101.407479
1.97,3,101.408523
1.95,5,101.410912
1.97,3,101.412061
1.96,4,101.413418
1.96,4,101.414762
3.93,7,101.417095
3.95,5,101.418865
1.95,5,101.420543
5.92,8,101.423148
3.95,5,101.42529
1.97,3,101.42663
1.96,4,101.428063
3.93,7,101.430372
1.95,5,101.432051
1.97,3,101.433105
3.95,5,101.435058
3.95,5,101.436954
3.95,5,101.438694
1.97,3,101.439762
1.95,5,101.441464
1.95,5,101.44316
5.93,7,101.6282
5.91,9,101.631711
5.92,8,101.634388
3.93,7,101.637159
3.95,5,101.639177
3.95,5,101.641109
3.93,7,101.644199
1.96,4,101.645778
5.93,7,101.648102
1.95,5,101.649852
1.97,3,101.651015
5.93,7,101.653314
1.97,3,101.654345
3.95,5,101.656003
1.97,3,101.657054
1.95,5,101.659053
1.95,5,101.661407
1.97,3,101.662484
1.96,4,101.663839
5.93,7,101.666552
3.93,7,101.668906
3.95,5,101.670905
3.95,5,101.672697
3.95,5,101.674428
5.91,9,101.867985
5.93,7,101.870828
1.96,4,101.872567
1.97,3,101.87369
1.97,3,101.874931
1.97,3,101.876055
1.97,3,101.877133
1.97,3,101.878186
3.94,6,101.880161
3.95,5,101.881811
5.93,7,101.88411
1.97,3,101.885536
3.94,6,101.888488
1.95,5,101.890815
3.95,5,101.8926
1.96,4,101.893968
3.94,6,101.896689
1.97,3,101.8979
13.91,9,101.901081
1.97,3,101.902209
5.93,7,101.904495
-0.01,1,101.904903
-0.01,1,101.905311
1.97,3,101.90684
1.96,4,101.908312
5.91,9,101.912133
13.91,9,102.11525
3.94,6,102.118137
3.95,5,102.120516
1.97,3,102.121648
1.97,3,102.122804
1.95,5,102.124547
5.92,8,102.127678
3.93,7,102.130604
13.9,10,102.134075
1.97,3,102.135348
1.97,3,102.136413
5.91,9,102.139643
1.97,3,102.140759
1.95,5,102.142656
1.97,3,102.143809
1.97,3,102.144876
3.95,5,102.146567
1.97,3,102.147612
1.95,5,102.149568
1.95,5,102.151378
3.93,7,102.153698
1.95,5,102.155562
1.97,3,102.156645
1.97,3,102.157704
3.94,6,102.160297
1.97,3,102.161484
1.97,3,102.162557
3.93,7,102.378453
1.95,5,102.380448
1.97,3,102.38155
3.93,7,102.38391
3.93,7,102.38678
1.97,3,102.387882
1.97,3,102.388939
1.96,4,102.390309
1.97,3,102.391344
3.95,5,102.392997
1.97,3,102.394033
3.93,7,102.396651
3.95,5,102.398799
1.95,5,102.400501
3.95,5,102.402173
5.93,7,102.404448
5.93,7,102.40709
1.97,3,102.408141
13.91,9,102.411906
3.95,5,102.413696
1.95,5,102.415379
13.91,9,102.418887
1.95,5,102.420579
1.96,4,102.421925
1.97,3,102.422975
1.96,4,102.618421
1.97,3,102.619556
5.93,7,102.621898
13.89,11,102.625489
1.95,5,102.627643
1.95,5,102.629507
3.93,7,102.631887
5.92,8,102.634648
3.95,5,102.636631
5.93,7,102.639182
1.95,5,102.640916
3.93,7,102.643561
5.91,9,102.646878
1.97,3,102.648121
1.97,3,102.649226
1.97,3,102.650348
1.96,4,102.651963
1.96,4,102.653363
1.97,3,102.654418
1.97,3,102.655465
5.91,9,102.65869
1.96,4,102.660382
3.94,6,102.662443
3.95,5,102.878392
1.97,3,102.879622
1.97,3,102.880694
1.97,3,102.881741
5.92,8,102.884343
3.95,5,102.885995
1.95,5,102.888062
3.95,5,102.88992
3.95,5,102.891665
3.93,7,102.894189
5.93,7,102.896487
1.95,5,102.898484
3.93,7,102.901266
3.95,5,102.903154
3.93,7,102.905677
3.94,6,102.907697
3.95,5,102.909381
1.97,3,102.910423
1.97,3,102.911459
1.97,3,102.91249
1.95,5,102.914162
13.9,10,102.917831
1.97,3,102.918954
3.95,5,102.92065
1.95,5,102.922293
1.95,5,103.133621
13.9,10,103.137097
5.93,7,103.139417
1.96,4,103.140781
3.94,6,103.143137
5.92,8,103.146032
1.95,5,103.147746
3.93,7,103.150093
3.95,5,103.152014
3.95,5,103.153772
1.97,3,103.154977
3.95,5,103.15677
1.95,5,103.158689
1.97,3,103.159909
1.95,5,103.161618
3.95,5,103.163299
1.97,3,103.164353
1.96,4,103.166296
1.97,3,103.167533
3.95,5,103.169275
1.97,3,103.170335
3.93,7,103.172688
1.96,4,103.174049
1.95,5,103.175691
3.93,7,103.178085
1.95,5,103.388788
5.91,9,103.392102
3.93,7,103.394783
1.97,3,103.396274
1.95,5,103.398353
5.92,8,103.401849
3.95,5,103.403597
5.91,9,103.406497
1.95,5,103.408719
1.95,5,103.410586
3.95,5,103.412955
3.93,7,103.415353
1.97,3,103.416443
3.95,5,103.418715
1.97,3,103.419979
1.97,3,103.421245
1.95,5,103.423463
1.97,3,103.424581
1.95,5,103.426269
1.95,5,103.428465
1.96,4,103.430138
1.95,5,103.431979
1.97,3,103.433135
3.95,5,103.434919
1.97,3,103.436033
1.95,5,103.437846
1.97,3,103.637752
3.95,5,103.639569
1.97,3,103.640623
1.97,3,103.642042
5.93,7,103.644527
5.93,7,103.647231
1.97,3,103.648425
5.92,8,103.651232
1.97,3,103.652309
1.95,5,103.654006
13.89,11,103.657577
1.95,5,103.659878
1.97,3,103.661102
1.97,3,103.662166
3.93,7,103.664432
3.94,6,103.666391
3.95,5,103.668032
5.91,9,103.671377
1.97,3,103.672528
1.97,3,103.673599
1.97,3,103.674665
3.94,6,103.676722
1.97,3,103.677796
1.97,3,103.678859
5.91,9,103.681779
1.97,3,103.682913
1.96,4,103.91298
1.97,3,103.914131
3.93,7,103.916438
5.93,7,103.918719
13.91,9,103.922158
1.97,3,103.923341
13.91,9,103.926846
5.93,7,103.929243
1.95,5,103.930928
1.97,3,103.931976
3.95,5,103.933668
3.94,6,103.935749
1.95,5,103.937441
1.95,5,103.939121
1.95,5,103.940788
1.97,3,103.941896
3.93,7,103.94461
3.95,5,103.946425
3.93,7,103.948761
5.93,7,103.951684
1.97,3,103.952911
3.95,5,103.95492
1.97,3,103.956024
1.95,5,103.957732
3.95,5,104.152607
5.91,9,104.155856
1.97,3,104.156964
5.93,7,104.159942
3.94,6,104.162183
1.97,3,104.163248
5.91,9,104.166282
1.97,3,104.167573
1.96,4,104.168971
3.95,5,104.170853
3.95,5,104.172699
1.97,3,104.173798
3.95,5,104.175498
3.95,5,104.177186
1.97,3,104.178236
1.97,3,104.179277
1.95,5,104.180948
3.95,5,104.182626
3.95,5,104.184292
1.97,3,104.185327
1.95,5,104.187
3.95,5,104.188681
3.95,5,104.190364
1.97,3,104.191408
5.93,7,104.193695
1.96,4,104.195052
5.91,9,104.396163
1.97,3,104.39729
1.96,4,104.39865
3.95,5,104.400317
5.93,7,104.402601
3.94,6,104.405198
5.92,8,104.408057
1.95,5,104.410169
3.95,5,104.411966
1.97,3,104.413039
3.95,5,104.415191
1.97,3,104.416329
5.91,9,104.419491
3.93,7,104.421801
1.97,3,104.422841
1.95,5,104.424824
3.93,7,104.427448
3.95,5,104.429177
1.97,3,104.43023
3.95,5,104.431907
1.95,5,104.434126
5.93,7,104.436458
13.89,11,104.439972
3.93,7,104.663691
3.93,7,104.6661
1.95,5,104.667769
1.95,5,104.669459
3.93,7,104.67272
1.95,5,104.674696
1.96,4,104.676269
1.95,5,104.678216
3.93,7,104.680758
1.95,5,104.682564
5.93,7,104.685107
3.95,5,104.687075
3.93,7,104.689611
1.97,3,104.690718
1.95,5,104.692524
1.97,3,104.693635
3.95,5,104.695551
3.95,5,104.69742
1.95,5,104.699204
5.92,8,104.702208
1.96,4,104.703629
1.95,5,104.705306
1.95,5,104.707033
5.91,9,104.906584
3.95,5,104.90834
5.91,9,104.911922
1.97,3,104.913033
1.97,3,104.914083
1.95,5,104.915751
1.97,3,104.916786
3.95,5,104.918856
5.91,9,104.921882
1.95,5,104.923559
1.95,5,104.925364
1.97,3,104.926448
1.97,3,104.927512
1.95,5,104.929177
3.93,7,104.93144
1.97,3,104.93278
1.97,3,104.933906
1.95,5,104.935566
1.97,3,104.936619
1.95,5,104.938292
5.93,7,104.940559
13.89,11,104.944411
1.96,4,104.946022
1.95,5,104.94782
5.91,9,105.170723
1.97,3,105.171977
1.96,4,105.173379
13.91,9,105.176757
-0.02,2,105.177605
1.95,5,105.179302
5.91,9,105.182665
1.95,5,105.18441
5.92,8,105.187069
1.95,5,105.188744
1.95,5,105.190434
1.95,5,105.192107
1.95,5,105.193791
1.95,5,105.195445
5.92,8,105.198061
3.93,7,105.200369
3.94,6,105.202346
5.93,7,105.205276
3.95,5,105.207089
13.89,11,105.21072
3.93,7,105.213183
1.95,5,105.215179
1.95,5,105.434085
3.93,7,105.436771
1.97,3,105.437853
1.97,3,105.438911
1.95,5,105.440567
3.95,5,105.442719
1.97,3,105.444011
1.95,5,105.445852
3.95,5,105.447591
1.97,3,105.448645
3.94,6,105.450641
5.93,7,105.453464
13.91,9,105.45675
3.95,5,105.459033
1.97,3,105.460385
3.95,5,105.462482
3.93,7,105.465082
3.93,7,105.467468
1.97,3,105.468593
3.93,7,105.470911
1.97,3,105.472337
1.95,5,105.474231
3.94,6,105.476506
1.97,3,105.477654
5.93,7,105.480061
5.93,7,105.677012
5.91,9,105.680082
1.97,3,105.68113
13.89,11,105.685091
1.97,3,105.686284
1.97,3,105.687376
5.93,7,105.690108
1.95,5,105.692181
5.91,9,105.695584
1.95,5,105.697402
5.92,8,105.700113
3.93,7,105.70338
5.93,7,105.706051
3.93,7,105.708469
1.95,5,105.710288
1.95,5,105.712003
5.91,9,105.715128
3.95,5,105.716897
1.95,5,105.719041
3.95,5,105.720812
3.95,5,105.722496
3.93,7,105.942752
3.93,7,105.945194
1.97,3,105.946279
5.91,9,105.949575
1.95,5,105.951687
1.97,3,105.952836
5.91,9,105.955817
1.95,5,105.957537
1.96,4,105.958919
-0.03,3,105.960512
13.9,10,105.963912
3.94,6,105.965903
5.93,7,105.968367
3.93,7,105.970993
1.97,3,105.972095
1.96,4,105.973466
5.93,7,105.976065
1.97,3,105.977153
3.93,7,105.979665
3.93,7,105.982011
3.94,6,105.984157
1.95,5,105.985931
3.95,5,106.196293
3.95,5,106.198091
3.93,7,106.200739
1.97,3,106.202004
3.93,7,106.204862
1.95,5,106.206763
1.95,5,106.208484
1.96,4,106.210306
1.95,5,106.212043
1.95,5,106.213718
1.96,4,106.215295
1.97,3,106.216405
1.95,5,106.218249
1.95,5,106.219946
1.97,3,106.22099
5.93,7,106.223273
-0.03,3,106.22453
1.95,5,106.226482
1.95,5,106.228182
5.93,7,106.230467
3.93,7,106.232745
1.97,3,106.233802
5.93,7,106.236359
3.95,5,106.238099
1.97,3,106.239156
5.91,9,106.410438
1.95,5,106.412387
3.95,5,106.414196
5.93,7,106.418073
1.97,3,106.419355
3.93,7,106.421716
3.93,7,106.424652
1.95,5,106.426355
1.96,4,106.427697
1.97,3,106.429146
1.96,4,106.430689
-0.04,4,106.432506
3.93,7,106.435166
1.97,3,106.436274
3.93,7,106.439463
1.97,3,106.440898
3.93,7,106.44344
5.93,7,106.445776
3.93,7,106.448059
3.93,7,106.450923
1.97,3,106.452066
5.93,7,106.454829
1.96,4,106.456272
1.96,4,106.457641
13.89,11,106.627981
3.93,7,106.630377
1.95,5,106.632046
1.96,4,106.633395
3.93,7,106.636182
5.93,7,106.638725
3.93,7,106.641144
3.93,7,106.643641
3.95,5,106.645511
1.95,5,106.647299
3.94,6,106.649336
1.95,5,106.651126
3.95,5,106.652834
1.95,5,106.654631
3.93,7,106.657168
13.89,11,106.661064
3.93,7,106.663441
3.95,5,106.665142
5.92,8,106.667715
1.97,3,106.669166
1.95,5,106.670974
3.93,7,106.885707
3.95,5,106.887495
5.93,7,106.889856
5.91,9,106.8932
3.93,7,106.89583
3.95,5,106.897585
1.97,3,106.89867
3.93,7,106.90122
1.97,3,106.902336
5.93,7,106.904972
1.97,3,106.906099
1.97,3,106.907148
3.95,5,106.908898
1.95,5,106.910797
1.97,3,106.91191
1.95,5,106.913635
1.97,3,106.915092
3.93,7,106.917773
1.95,5,106.91951
3.95,5,106.921177
1.95,5,106.922846
13.91,9,106.9262
1.97,3,106.927366
1.95,5,106.92908
1.97,3,106.930152
1.97,3,107.123491
3.93,7,107.126552
3.95,5,107.128391
1.95,5,107.130095
1.97,3,107.131172
3.94,6,107.133594
1.95,5,107.135561
3.93,7,107.137962
3.93,7,107.140304
3.93,7,107.142736
5.91,9,107.145811
3.94,6,107.147804
3.95,5,107.149454
3.95,5,107.151265
1.97,3,107.152459
1.97,3,107.153548
1.97,3,107.154628
1.97,3,107.155697
3.93,7,107.158088
1.97,3,107.159799
5.91,9,107.163012
1.96,4,107.164463
1.95,5,107.166144
5.93,7,107.168807
1.97,3,107.363509
1.96,4,107.364986
1.96,4,107.366354
1.95,5,107.368311
1.96,4,107.369766
1.96,4,107.371165
1.97,3,107.372622
5.93,7,107.375274
1.95,5,107.377011
3.93,7,107.379323
13.91,9,107.382545
3.95,5,107.384491
1.95,5,107.386152
3.93,7,107.388433
1.96,4,107.389779
5.93,7,107.392068
1.96,4,107.393405
1.95,5,107.395105
1.97,3,107.396221
3.95,5,107.397881
3.94,6,107.399848
5.91,9,107.402867
5.93,7,107.40516
1.96,4,107.406512
1.97,3,107.407543
1.97,3,107.601539
1.95,5,107.603295
1.97,3,107.60434
1.97,3,107.605378
5.93,7,107.607627
1.97,3,107.608652
1.95,5,107.61077
1.97,3,107.611976
3.95,5,107.613727
3.93,7,107.616373
13.89,11,107.620654
1.95,5,107.622522
5.91,9,107.625758
5.91,9,107.628852
1.97,3,107.630158
5.93,7,107.632636
3.95,5,107.634694
13.91,9,107.637757
1.95,5,107.639464
1.96,4,107.641165
3.94,6,107.643399
1.96,4,107.64481
13.89,11,107.870743
3.93,7,107.873214
5.93,7,107.875562
1.97,3,107.876648
13.91,9,107.880076
3.95,5,107.881884
1.96,4,107.883291
3.95,5,107.885317
1.96,4,107.886734
13.91,9,107.88989
5.92,8,107.892769
3.95,5,107.894583
1.97,3,107.895884
1.96,4,107.897567
1.97,3,107.898847
1.97,3,107.900085
1.95,5,107.901796
5.93,7,107.9041
1.95,5,107.905752
3.93,7,107.908027
5.92,8,107.911457
3.95,5,107.913232
1.97,3,107.914297
1.95,5,107.915958
1.95,5,108.112366
1.97,3,108.113528
3.93,7,108.115893
3.95,5,108.118177
1.97,3,108.119495
1.97,3,108.120803
3.95,5,108.122537
1.97,3,108.123623
1.97,3,108.124837
1.97,3,108.125984
1.97,3,108.127096
3.93,7,108.129513
1.95,5,108.131232
1.97,3,108.132292
5.93,7,108.13494
3.93,7,108.137297
1.97,3,108.138332
1.96,4,108.139685
1.95,5,108.141345
1.95,5,108.142983
1.95,5,108.145026
5.93,7,108.147452
13.91,9,108.150489
1.97,3,108.151744
1.97,3,108.15284
3.95,5,108.154533
1.96,4,108.155889
3.95,5,108.35404
5.93,7,108.356487
3.93,7,108.358976
3.95,5,108.360738
-0.02,2,108.361475
5.93,7,108.363781
1.97,3,108.364912
1.97,3,108.366008
1.95,5,108.368177
1.96,4,108.369649
1.97,3,108.370697
13.89,11,108.374199
5.93,7,108.377256
5.91,9,108.380848
13.91,9,108.384276
3.93,7,108.386988
1.97,3,108.388065
5.93,7,108.390356
3.93,7,108.39276
3.95,5,108.394438
1.96,4,108.396338
1.97,3,108.397595
1.97,3,108.398674
3.93,7,108.647274
1.97,3,108.648518
5.91,9,108.652046
1.97,3,108.653192
3.93,7,108.655883
5.93,7,108.659127
1.97,3,108.66079
1.97,3,108.662587
1.97,3,108.66405
1.97,3,108.665618
13.89,11,108.671222
1.95,5,108.672983
3.94,6,108.674998
3.94,6,108.677852
1.95,5,108.680064
3.93,7,108.682478
1.97,3,108.683559
-0.03,3,108.685143
3.93,7,108.688278
1.97,3,108.689548
1.97,3,108.690703
1.97,3,108.691934
3.95,5,108.693834
1.97,3,108.694946
3.93,7,108.697279
3.94,6,108.699783
1.95,5,108.971199
3.93,7,108.974911
3.95,5,108.976882
5.91,9,108.979941
1.95,5,108.981683
1.97,3,108.983192
1.96,4,108.984829
1.97,3,108.986025
3.95,5,108.987852
3.95,5,108.989599
3.95,5,108.991319
3.94,6,108.99492
1.96,4,108.996775
1.96,4,108.998665
3.94,6,109.001081
3.95,5,109.003226
3.95,5,109.005279
1.97,3,109.006462
1.95,5,109.008256
3.95,5,109.01039
1.95,5,109.012403
5.93,7,109.015269
1.97,3,109.016417
3.93,7,109.019371
1.95,5,109.021354
3.95,5,109.255964
1.95,5,109.257892
-0.02,2,109.258831
5.93,7,109.261242
3.93,7,109.263536
3.95,5,109.265234
3.95,5,109.267091
5.93,7,109.269735
1.95,5,109.271437
1.95,5,109.273121
1.97,3,109.274166
1.95,5,109.275839
1.96,4,109.27767
1.97,3,109.279016
3.93,7,109.281535
1.97,3,109.282662
1.97,3,109.284011
1.97,3,109.285474
1.95,5,109.287681
3.93,7,109.290274
5.91,9,109.293519
5.93,7,109.296242
1.97,3,109.297642
1.97,3,109.298941
1.95,5,109.300831
13.91,9,109.303748
5.93,7,109.525964
13.91,9,109.528989
1.97,3,109.530055
1.97,3,109.5311
13.89,11,109.536919
1.97,3,109.538428
5.93,7,109.541159
1.97,3,109.544273
3.95,5,109.548047
1.97,3,109.550712
1.95,5,109.556279
1.96,4,109.557893
3.95,5,109.561105
1.95,5,109.563055
3.95,5,109.564819
3.93,7,109.568581
5.93,7,109.571985
1.97,3,109.573179
1.95,5,109.578309
1.97,3,109.5804
3.95,5,109.582394
5.91,9,109.585933
1.95,5,109.588068
3.95,5,109.589972
1.97,3,109.821556
5.93,7,109.824001
1.95,5,109.825746
3.93,7,109.828947
3.95,5,109.831103
1.97,3,109.832312
3.95,5,109.834297
3.94,6,109.836503
3.94,6,109.838565
1.97,3,109.839671
1.97,3,109.840753
3.93,7,109.843255
1.97,3,109.844371
1.97,3,109.845446
1.96,4,109.846827
5.93,7,109.849151
1.95,5,109.850878
1.97,3,109.851949
1.95,5,109.853632
1.97,3,109.854828
1.97,3,109.856071
3.95,5,109.857805
1.97,3,109.859152
1.95,5,109.861021
5.92,8,109.863716
1.97,3,109.864918
1.97,3,109.866046
3.95,5,109.867993
3.94,6,110.057031
1.97,3,110.058192
1.97,3,110.059254
3.94,6,110.061236
1.95,5,110.062918
1.96,4,110.06427
5.93,7,110.067235
3.95,5,110.069183
1.95,5,110.070941
1.97,3,110.072044
1.97,3,110.073144
3.93,7,110.075735
1.97,3,110.076988
3.95,5,110.078765
3.93,7,110.081167
3.93,7,110.083689
1.97,3,110.084758
1.96,4,110.086577
1.95,5,110.088373
3.93,7,110.09078
1.95,5,110.092557
3.93,7,110.094906
1.97,3,110.095957
1.96,4,110.097335
1.97,3,110.098387
3.95,5,110.100071
3.93,7,110.270036
3.93,7,110.272465
3.95,5,110.27416
1.97,3,110.275201
3.93,7,110.277485
1.95,5,110.279717
1.96,4,110.281208
3.95,5,110.282934
1.95,5,110.285198
3.95,5,110.287253
1.97,3,110.288361
3.95,5,110.290479
3.95,5,110.292514
3.93,7,110.294849
1.97,3,110.295892
5.92,8,110.298655
1.97,3,110.299923
1.96,4,110.301647
1.97,3,110.302945
1.97,3,110.304146
3.95,5,110.306023
1.97,3,110.307168
3.95,5,110.309087
1.96,4,110.310671
3.95,5,110.312528
3.95,5,110.314416
1.95,5,110.316208
3.93,7,110.506735
1.97,3,110.507882
5.91,9,110.511321
5.93,7,110.513721
3.95,5,110.515801
5.93,7,110.518533
3.95,5,110.520296
1.97,3,110.521369
1.97,3,110.522423
3.95,5,110.5241
1.96,4,110.525513
1.96,4,110.526926
1.97,3,110.527973
13.91,9,110.530884
1.95,5,110.532561
1.97,3,110.533724
1.95,5,110.536222
3.93,7,110.538721
13.89,11,110.542512
1.96,4,110.543999
13.91,9,110.547283
1.96,4,110.548725
5.91,9,110.551778
5.93,7,110.812594
5.91,9,110.815597
3.95,5,110.817282
1.95,5,110.818943
1.97,3,110.820753
1.95,5,110.822528
13.9,10,110.826402
5.91,9,110.829566
3.94,6,110.831845
3.95,5,110.833583
1.97,3,110.834755
3.93,7,110.837038
3.95,5,110.838716
3.93,7,110.841993
1.95,5,110.844082
1.95,5,110.845839
3.94,6,110.847878
3.94,6,110.850064
1.97,3,110.851325
3.93,7,110.85378
3.95,5,110.855662
5.92,8,111.061821
1.97,3,111.063002
1.97,3,111.064084
3.95,5,111.066041
1.97,3,111.067204
3.93,7,111.06955
3.93,7,111.071831
1.95,5,111.073522
1.95,5,111.075615
5.93,7,111.078255
1.97,3,111.079323
3.95,5,111.080989
1.97,3,111.082012
5.91,9,111.085371
5.92,8,111.088122
1.97,3,111.089183
1.96,4,111.090537
5.93,7,111.093122
5.92,8,111.095852
3.95,5,111.097531
1.95,5,111.099186
3.95,5,111.101153
1.95,5,111.102951
1.96,4,111.104328
-0.03,3,111.105375
1.97,3,111.106408
1.96,4,111.303977
1.95,5,111.305738
1.96,4,111.307101
5.93,7,111.3094
1.97,3,111.310471
5.93,7,111.313288
5.93,7,111.315782
3.93,7,111.318367
1.96,4,111.319791
1.95,5,111.321465
1.95,5,111.32317
5.91,9,111.326914
13.89,11,111.33065
1.95,5,111.332333
1.96,4,111.334178
5.93,7,111.336599
13.89,11,111.340203
3.93,7,111.342607
3.93,7,111.345061
1.97,3,111.346134
1.97,3,111.34717
1.95,5,111.563257
1.95,5,111.565065
3.93,7,111.567396
3.93,7,111.569686
1.97,3,111.570758
5.93,7,111.573558
13.89,11,111.577499
3.95,5,111.579297
1.95,5,111.580962
1.97,3,111.582383
1.95,5,111.584391
3.95,5,111.586091
3.95,5,111.587767
1.95,5,111.589408
1.95,5,111.591053
1.96,4,111.592773
3.95,5,111.594629
1.97,3,111.595716
3.95,5,111.59742
3.93,7,111.599737
3.93,7,111.60232
1.97,3,111.603404
3.93,7,111.605919
3.95,5,111.607614
1.97,3,111.828465
1.97,3,111.829715
1.95,5,111.831439
1.95,5,111.833171
1.97,3,111.834719
1.97,3,111.835889
1.95,5,111.837776
1.95,5,111.839535
1.95,5,111.84123
1.96,4,111.842598
1.95,5,111.844403
5.93,7,111.846693
1.97,3,111.848154
1.95,5,111.850297
5.92,8,111.853208
1.95,5,111.855232
1.97,3,111.856324
3.95,5,111.85801
13.89,11,111.861549
5.91,9,111.864438
1.95,5,111.866103
1.97,3,111.867142
3.94,6,111.869087
3.93,7,111.871583
1.95,5,111.87368
5.93,7,112.104873
3.93,7,112.107248
1.97,3,112.108298
1.96,4,112.109628
1.95,5,112.111315
1.97,3,112.112527
5.93,7,112.115389
5.91,9,112.119043
3.95,5,112.120795
3.95,5,112.122516
1.97,3,112.123575
3.95,5,112.125254
3.93,7,112.127567
1.97,3,112.128618
1.97,3,112.12967
5.93,7,112.131964
3.94,6,112.134152
5.93,7,112.136729
1.97,3,112.137792
1.95,5,112.139472
1.97,3,112.140537
5.93,7,112.14294
1.97,3,112.144029
1.97,3,112.145084
1.95,5,112.146769
5.92,8,112.340199
13.91,9,112.343747
5.92,8,112.34644
1.95,5,112.348103
1.97,3,112.349754
3.95,5,112.351445
5.91,9,112.354333
5.91,9,112.357225
1.95,5,112.359341
13.89,11,112.363552
1.96,4,112.365036
1.96,4,112.366426
1.97,3,112.367471
1.97,3,112.368525
3.93,7,112.370983
1.96,4,112.372367
1.96,4,112.373718
3.93,7,112.376078
1.97,3,112.377172
13.91,9,112.380359
3.93,7,112.383032
1.97,3,112.38411
1.95,5,112.599691
3.95,5,112.601921
13.89,11,112.60554
1.95,5,112.607211
3.95,5,112.609523
1.97,3,112.610692
3.95,5,112.612392
1.95,5,112.614068
5.93,7,112.616388
3.93,7,112.618793
1.95,5,112.62055
5.91,9,112.623795
5.91,9,112.626821
1.95,5,112.628508
3.95,5,112.630209
1.95,5,112.631906
1.95,5,112.634362
1.95,5,112.636366
1.95,5,112.63817
1.95,5,112.639944
5.93,7,112.642659
5.93,7,112.645308
5.91,9,112.866579
1.95,5,112.869348
1.95,5,112.871249
3.95,5,112.873306
1.95,5,112.875363
3.93,7,112.877715
1.96,4,112.87907
3.93,7,112.881337
13.9,10,112.884903
1.97,3,112.886016
5.93,7,112.888401
1.97,3,112.889463
3.93,7,112.891778
1.96,4,112.89359
1.95,5,112.89534
13.89,11,112.89907
3.93,7,112.901616
1.95,5,112.90333
1.95,5,112.905003
3.93,7,112.907288
1.95,5,112.909223
3.95,5,113.126932
1.95,5,113.128822
3.95,5,113.130571
1.95,5,113.132235
3.93,7,113.134504
1.95,5,113.136645
1.97,3,113.137821
1.97,3,113.138927
3.93,7,113.141334
1.97,3,113.142582
1.95,5,113.144358
1.95,5,113.146058
1.96,4,113.147412
1.95,5,113.14907
5.92,8,113.151797
5.93,7,113.154095
5.91,9,113.156994
13.9,10,113.160922
1.97,3,113.162063
3.95,5,113.16375
1.95,5,113.165541
5.91,9,113.168666
3.93,7,113.170953
1.95,5,113.378138
1.97,3,113.379305
5.92,8,113.381918
1.97,3,113.38296
1.95,5,113.384612
1.97,3,113.385662
1.95,5,113.38788
3.95,5,113.389649
3.94,6,113.391718
5.93,7,113.394081
3.92,8,113.396744
1.95,5,113.398448
3.93,7,113.400776
1.97,3,113.401824
3.94,6,113.403815
5.92,8,113.406449
1.95,5,113.408137
3.95,5,113.409817
5.93,7,113.412448
1.95,5,113.414221
5.93,7,113.416573
3.95,5,113.418254
5.91,9,113.593521
3.95,5,113.595476
3.95,5,113.597234
3.93,7,113.599775
5.93,7,113.602221
3.95,5,113.603929
3.93,7,113.606238
3.93,7,113.608582
1.95,5,113.610264
1.97,3,113.611305
5.92,8,113.613959
3.95,5,113.615649
3.93,7,113.617958
1.95,5,113.619661
1.95,5,113.621366
1.97,3,113.622963
1.96,4,113.624447
3.93,7,113.626809
1.95,5,113.62849
13.9,10,113.631897
1.97,3,113.633142
3.95,5,113.635172
1.97,3,113.636287
1.97,3,113.637344
5.93,7,113.844429
1.95,5,113.846339
5.93,7,113.848655
1.97,3,113.849708
5.93,7,113.85212
3.95,5,113.853775
1.95,5,113.85542
1.95,5,113.857055
1.95,5,113.858745
3.95,5,113.860563
1.97,3,113.861637
3.93,7,113.863925
3.93,7,113.866199
1.95,5,113.867858
5.91,9,113.870728
1.95,5,113.873052
3.95,5,113.874821
1.96,4,113.87618
3.93,7,113.878506
1.95,5,113.880158
3.95,5,113.881822
1.97,3,113.882845
3.93,7,113.885336
1.97,3,113.886385
1.97,3,114.081207
1.95,5,114.083137
1.95,5,114.084854
5.93,7,114.087161
3.93,7,114.089446
3.93,7,114.092485
5.92,8,114.095371
1.95,5,114.097085
1.97,3,114.098135
3.93,7,114.100438
1.97,3,114.101476
3.94,6,114.103448
3.94,6,114.105408
3.93,7,114.107667
3.95,5,114.109305
3.93,7,114.111601
5.91,9,114.11447
3.94,6,114.116413
1.95,5,114.118054
13.91,9,114.121149
1.95,5,114.123045
5.91,9,114.312988
3.93,7,114.315342
1.97,3,114.316373
1.95,5,114.318016
1.95,5,114.319646
1.96,4,114.321278
1.97,3,114.322577
13.91,9,114.325652
5.91,9,114.32864
3.95,5,114.330485
1.95,5,114.332613
5.93,7,114.33497
3.94,6,114.336967
1.95,5,114.338617
1.96,4,114.339976
1.95,5,114.342004
3.95,5,114.343698
3.95,5,114.345385
1.97,3,114.346438
1.95,5,114.348127
1.97,3,114.349189
1.95,5,114.35092
5.93,7,114.353579
13.89,11,114.54804
1.97,3,114.549261
3.94,6,114.551511
1.96,4,114.552924
3.95,5,114.554592
3.94,6,114.556549
1.97,3,114.55758
1.97,3,114.558954
3.95,5,114.560744
1.97,3,114.561792
1.97,3,114.562831
5.92,8,114.565421
5.93,7,114.567712
-0.02,2,114.568645
1.97,3,114.569795
3.95,5,114.571802
3.93,7,114.574279
3.95,5,114.576547
1.97,3,114.577712
5.91,9,114.580992
1.97,3,114.582127
3.95,5,114.583831
1.97,3,114.585003
3.93,7,114.587558
3.95,5,114.589524
1.97,3,114.590607
3.95,5,114.59229
5.92,8,114.789045
3.94,6,114.791177
5.93,7,114.793983
5.93,7,114.796374
5.91,9,114.799952
3.93,7,114.80236
3.94,6,114.804353
5.92,8,114.807098
3.95,5,114.809091
1.95,5,114.810908
1.95,5,114.812635
1.95,5,114.814329
5.92,8,114.817142
5.91,9,114.820152
3.93,7,114.822461
1.95,5,114.824142
1.97,3,114.825473
1.97,3,114.826716
1.95,5,114.828419
1.97,3,114.829469
1.97,3,114.830499
3.93,7,114.832751
3.95,5,115.028631
5.91,9,115.031899
5.91,9,115.034922
1.95,5,115.036858
3.95,5,115.038878
5.93,7,115.041298
1.95,5,115.043244
3.95,5,115.044958
5.93,7,115.047271
1.95,5,115.04894
1.97,3,115.049975
1.97,3,115.051228
1.97,3,115.052336
1.95,5,115.054027
3.95,5,115.055814
1.97,3,115.056878
1.97,3,115.057921
3.93,7,115.060346
1.95,5,115.062053
3.94,6,115.064071
5.93,7,115.066398
3.93,7,115.06905
1.96,4,115.070461
3.93,7,115.072729
3.95,5,115.266747
1.97,3,115.267859
1.96,4,115.269228
1.97,3,115.270281
3.95,5,115.271939
1.97,3,115.273011
5.93,7,115.275906
3.95,5,115.277721
5.93,7,115.280058
1.97,3,115.28111
1.95,5,115.282767
3.95,5,115.284991
1.97,3,115.286121
1.97,3,115.287196
1.97,3,115.288256
3.93,7,115.290599
1.97,3,115.29165
13.89,11,115.295633
13.91,9,115.298619
3.95,5,115.300353
1.95,5,115.302113
13.91,9,115.305029
1.96,4,115.30636
3.95,5,115.308026
3.93,7,115.620506
3.95,5,115.622885
3.93,7,115.625431
1.97,3,115.626593
1.96,4,115.628001
1.97,3,115.629068
5.93,7,115.631401
3.93,7,115.633735
5.91,9,115.637399
1.97,3,115.638509
3.95,5,115.640212
1.97,3,115.641269
3.93,7,115.643905
5.91,9,115.647348
1.97,3,115.648483
3.95,5,115.650198
5.93,7,115.652522
3.95,5,115.654188
3.93,7,115.656829
1.97,3,115.657972
5.93,7,115.660922
3.95,5,115.662762
5.93,7,115.665099
3.95,5,115.667309
3.93,7,115.866644
3.95,5,115.868847
5.91,9,115.871897
1.97,3,115.872955
1.97,3,115.87444
1.97,3,115.875899
3.95,5,115.877741
3.95,5,115.879465
3.93,7,115.881809
1.97,3,115.882864
1.97,3,115.884288
1.97,3,115.885552
3.93,7,115.888004
1.95,5,115.889736
1.95,5,115.891456
1.97,3,115.892642
3.95,5,115.894418
13.91,9,115.89763
3.95,5,115.899365
1.97,3,115.900414
1.97,3,115.901448
1.97,3,115.902485
1.97,3,115.903533
1.97,3,115.904626
1.95,5,115.906558
5.93,7,115.909011
5.93,7,115.911376
3.93,7,116.130438
1.95,5,116.132188
1.95,5,116.133881
1.95,5,116.135553
1.97,3,116.136603
1.97,3,116.138085
3.95,5,116.139948
3.95,5,116.141688
1.97,3,116.142951
3.94,6,116.145268
3.93,7,116.147696
1.97,3,116.148764
5.93,7,116.151229
1.95,5,116.152956
1.95,5,116.154692
5.93,7,116.157479
3.93,7,116.161145
5.93,7,116.163947
1.97,3,116.165495
1.97,3,116.166662
1.97,3,116.167739
3.93,7,116.17006
1.97,3,116.171102
3.95,5,116.172787
1.97,3,116.173832
3.95,5,116.175959
1.96,4,116.344887
1.95,5,116.346682
1.97,3,116.347742
1.97,3,116.348797
5.92,8,116.351616
1.97,3,116.352713
3.95,5,116.354407
1.97,3,116.355444
1.97,3,116.356484
1.97,3,116.357523
3.93,7,116.359848
5.93,7,116.362137
1.97,3,116.363161
1.97,3,116.364185
1.97,3,116.365272
13.9,10,116.369296
1.97,3,116.370486
1.97,3,116.371573
3.93,7,116.37392
3.94,6,116.37594
1.97,3,116.376988
1.95,5,116.379116
5.93,7,116.381708
1.96,4,116.383306
13.91,9,116.386483
1.95,5,116.388171
1.97,3,116.389606
1.97,3,116.601439
1.97,3,116.602636
1.97,3,116.603731
1.95,5,116.605415
1.96,4,116.606788
1.95,5,116.60846
1.97,3,116.609516
1.97,3,116.61107
3.95,5,116.612931
3.93,7,116.615677
5.91,9,116.619339
3.95,5,116.62144
3.93,7,116.623846
1.97,3,116.62496
1.95,5,116.627063
1.97,3,116.628179
1.97,3,116.629217
3.95,5,116.631344
3.95,5,116.633151
3.95,5,116.635025
1.95,5,116.636722
3.95,5,116.638393
1.95,5,116.640105
5.92,8,116.643262
1.97,3,116.644373
1.97,3,116.645447
1.97,3,116.646492
1.97,3,116.647554
1.96,4,116.845099
5.93,7,116.847666
3.93,7,116.850009
3.93,7,116.852327
1.95,5,116.853998
1.95,5,116.855665
5.93,7,116.857952
3.94,6,116.859938
1.97,3,116.860991
3.93,7,116.863298
3.94,6,116.865285
3.95,5,116.866951
1.95,5,116.868607
5.92,8,116.871193
5.92,8,116.874499
1.95,5,116.876271
5.93,7,116.878597
1.97,3,116.879649
1.97,3,116.880681
3.95,5,116.882732
1.95,5,116.88473
3.94,6,116.886767
1.97,3,116.887835
3.95,5,117.065528
3.93,7,117.068044
1.97,3,117.069096
1.97,3,117.070139
1.97,3,117.071178
1.95,5,117.072823
3.95,5,117.074486
1.97,3,117.075521
3.95,5,117.077714
3.95,5,117.079587
3.93,7,117.081954
3.95,5,117.083633
1.97,3,117.08467
3.95,5,117.086319
5.93,7,117.089268
13.9,10,117.092828
1.95,5,117.094564
1.96,4,117.095931
1.97,3,117.096976
13.9,10,117.100254
5.93,7,117.102667
1.95,5,117.104391
1.96,4,117.105882
1.95,5,117.107583
3.95,5,117.109465
1.97,3,117.110578
3.94,6,117.323863
1.97,3,117.32515
1.95,5,117.327426
3.93,7,117.329841
3.95,5,117.33195
1.97,3,117.333096
1.95,5,117.334907
1.97,3,117.335991
5.93,7,117.338254
3.95,5,117.339879
1.97,3,117.340988
1.95,5,117.343144
5.92,8,117.346023
5.92,8,117.348669
1.95,5,117.350338
5.92,8,117.352949
1.95,5,117.354625
5.93,7,117.356919
5.93,7,117.359224
3.95,5,117.360975
1.97,3,117.362028
3.95,5,117.363693
1.97,3,117.364798
1.97,3,117.365972
3.94,6,117.556146
-0.01,1,117.556658
5.93,7,117.559037
-0.01,1,117.559458
3.94,6,117.561463
1.97,3,117.562504
3.95,5,117.564161
3.95,5,117.566413
5.93,7,117.569045
1.97,3,117.570144
-0.01,1,117.570568
3.95,5,117.572275
1.97,3,117.57332
1.97,3,117.57437
3.95,5,117.576721
1.97,3,117.577823
1.97,3,117.578866
1.96,4,117.580221
1.97,3,117.581244
1.97,3,117.582269
1.97,3,117.583295
1.97,3,117.584323
1.97,3,117.58587
-0.01,1,117.586371
3.95,5,117.588123
1.97,3,117.589195
1.97,3,117.590273
1.97,3,117.591342
1.97,3,117.59245
-0.01,1,117.592868
3.95,5,117.594663
-0.01,1,117.595117
3.95,5,117.596811
3.95,5,117.598496
1.97,3,117.599554
3.95,5,117.601438
1.97,3,117.602532
5.93,7,117.817848
1.97,3,117.818985
1.97,3,117.82004
1.96,4,117.821406
3.94,6,117.823387
3.94,6,117.825374
-0.01,1,117.825783
-0.01,1,117.826193
-0.01,1,117.826595
1.97,3,117.827625
13.91,9,117.830604
1.97,3,117.83166
-0.01,1,117.832068
3.95,5,117.833846
3.95,5,117.835704
3.95,5,117.837401
3.95,5,117.839089
5.93,7,117.841408
1.97,3,117.842501
5.92,8,117.84513
3.95,5,117.846813
1.96,4,117.848147
5.93,7,117.850443
1.96,4,117.851807
-0.01,1,117.852219
3.95,5,117.853899
13.91,9,117.856816
-0.01,1,117.857227
3.95,5,117.858888
1.97,3,118.059899
3.95,5,118.061742
3.95,5,118.063471
1.97,3,118.064532
-0.01,1,118.064949
3.95,5,118.066632
13.91,9,118.069572
1.97,3,118.070617
5.93,7,118.07293
1.97,3,118.073978
1.97,3,118.075015
3.95,5,118.07667
3.95,5,118.078332
5.93,7,118.081042
1.97,3,118.082145
1.97,3,118.083197
1.97,3,118.084242
-0.01,1,118.084656
1.97,3,118.085696
5.93,7,118.087977
1.97,3,118.089008
1.97,3,118.090579
-0.01,1,118.091068
1.96,4,118.092662
1.97,3,118.093749
-0.01,1,118.094172
3.95,5,118.095882
1.97,3,118.096936
3.95,5,118.098626
3.95,5,118.100337
-0.01,1,118.100748
1.97,3,118.101796
-0.02,2,118.102519
1.97,3,118.10356
1.97,3,118.104607
1.96,4,118.349555
1.97,3,118.350703
1.97,3,118.351762
1.97,3,118.35282
1.96,4,118.354186
3.95,5,118.355859
3.95,5,118.357529
3.95,5,118.359197
1.97,3,118.360238
3.94,6,118.362219
13.91,9,118.36513
1.97,3,118.366167
3.95,5,118.367822
5.91,9,118.370733
3.95,5,118.372391
5.92,8,118.375601
1.97,3,118.376744
5.93,7,118.379098
1.97,3,118.380149
5.93,7,118.382458
1.97,3,118.383747
3.95,5,118.385807
13.91,9,118.388792
3.95,5,118.390468
3.95,5,118.392136
3.95,5,118.586286
3.93,7,118.588667
1.97,3,118.589699
1.95,5,118.591333
3.93,7,118.593593
5.93,7,118.596404
1.96,4,118.597887
1.97,3,118.598954
1.95,5,118.600786
1.97,3,118.601956
5.91,9,118.605014
1.97,3,118.606162
3.95,5,118.607981
1.97,3,118.609061
1.97,3,118.610124
5.93,7,118.612446
1.95,5,118.614126
3.94,6,118.616125
1.97,3,118.617168
5.93,7,118.619478
5.91,9,118.622967
1.95,5,118.624933
1.95,5,118.626691
1.96,4,118.628031
3.93,7,118.827048
1.97,3,118.828265
1.97,3,118.829321
1.96,4,118.830672
1.95,5,118.832323
5.93,7,118.83461
1.97,3,118.835634
1.97,3,118.837177
3.95,5,118.839014
13.9,10,118.842598
1.97,3,118.843683
1.97,3,118.844751
5.91,9,118.84823
1.97,3,118.849673
1.95,5,118.851692
1.95,5,118.853417
13.91,9,118.856582
1.95,5,118.858385
3.95,5,118.860263
3.93,7,118.862813
5.93,7,118.865157
3.93,7,118.867472
1.95,5,118.86914
3.93,7,118.871447
1.97,3,118.872909
5.93,7,119.088758
1.95,5,119.090534
5.92,8,119.093669
5.93,7,119.096404
3.95,5,119.098351
1.95,5,119.100102
3.95,5,119.102005
1.97,3,119.10311
1.97,3,119.104148
1.97,3,119.105235
1.97,3,119.106513
1.97,3,119.107644
3.93,7,119.110169
5.91,9,119.113334
1.96,4,119.114898
5.92,8,119.118073
3.95,5,119.120423
5.91,9,119.123513
1.97,3,119.124585
1.97,3,119.12564
3.94,6,119.127916
1.97,3,119.129025
1.95,5,119.130732
1.96,4,119.13212
1.97,3,119.13319
5.93,7,119.330186
5.91,9,119.333214
1.97,3,119.334264
3.95,5,119.33593
3.95,5,119.337593
13.91,9,119.341119
1.97,3,119.342424
1.95,5,119.344227
1.95,5,119.346102
3.95,5,119.347805
1.97,3,119.348874
1.97,3,119.349936
13.91,9,119.353295
1.97,3,119.354396
3.93,7,119.356688
1.96,4,119.358026
5.92,8,119.360832
3.94,6,119.362951
1.97,3,119.364013
3.93,7,119.366674
5.91,9,119.370068
3.95,5,119.372186
3.94,6,119.37425
1.97,3,119.567402
1.95,5,119.56932
3.93,7,119.571689
3.95,5,119.573383
1.95,5,119.575072
1.97,3,119.576125
1.96,4,119.577491
1.96,4,119.578871
5.93,7,119.581634
1.95,5,119.583988
1.96,4,119.585508
5.91,9,119.588468
3.94,6,119.59049
1.95,5,119.592614
3.95,5,119.594321
1.95,5,119.596009
1.97,3,119.597077
3.95,5,119.598748
1.95,5,119.6004
1.95,5,119.60236
5.91,9,119.605591
-0.02,2,119.606388
1.97,3,119.607463
3.93,7,119.609879
1.96,4,119.611252
1.97,3,119.612298
3.94,6,119.81016
5.92,8,119.812912
1.97,3,119.813969
1.95,5,119.815627
3.95,5,119.817291
13.91,9,119.820728
5.91,9,119.823814
5.93,7,119.826483
1.97,3,119.827699
1.97,3,119.829182
1.95,5,119.831072
3.95,5,119.832846
3.93,7,119.835173
5.93,7,119.837472
5.91,9,119.840795
3.95,5,119.842738
3.95,5,119.844426
13.89,11,119.847993
1.95,5,119.850008
13.91,9,119.853294
3.95,5,120.065326
13.89,11,120.069128
1.97,3,120.070205
1.95,5,120.071864
1.97,3,120.072895
1.97,3,120.073924
1.97,3,120.074955
1.96,4,120.07629
3.95,5,120.078369
3.93,7,120.080989
13.91,9,120.083955
1.97,3,120.08499
1.96,4,120.086319
1.95,5,120.08823
13.91,9,120.091594
5.91,9,120.094905
1.95,5,120.09663
3.95,5,120.09859
1.95,5,120.100376
1.95,5,120.102109
1.95,5,120.103837
3.93,7,120.106154
1.95,5,120.107819
1.97,3,120.108885
1.96,4,120.110298
1.95,5,120.33106
5.91,9,120.334246
1.95,5,120.335971
5.91,9,120.339301
1.95,5,120.341211
1.95,5,120.343107
1.97,3,120.344242
3.93,7,120.346835
1.97,3,120.347923
1.97,3,120.34899
3.95,5,120.350763
5.93,7,120.353159
3.93,7,120.355516
3.94,6,120.357555
1.97,3,120.358674
1.97,3,120.359806
1.97,3,120.360864
1.96,4,120.362231
3.94,6,120.364206
1.95,5,120.365852
1.95,5,120.367942
1.95,5,120.369962
3.93,7,120.372283
3.93,7,120.374597
1.97,3,120.592808
5.91,9,120.595956
1.97,3,120.597017
5.91,9,120.599932
13.91,9,120.603346
1.96,4,120.604878
3.95,5,120.606621
1.97,3,120.607673
3.95,5,120.609345
3.95,5,120.611006
1.95,5,120.613216
3.93,7,120.61553
3.93,7,120.618525
3.95,5,120.620434
3.95,5,120.622641
1.97,3,120.623838
3.93,7,120.626571
1.95,5,120.628338
1.97,3,120.629394
3.94,6,120.631574
1.95,5,120.633381
1.96,4,120.634862
1.95,5,120.636579
3.95,5,120.638266
3.95,5,120.835071
1.95,5,120.836889
1.95,5,120.83857
1.95,5,120.840236
-0.02,2,120.840958
1.97,3,120.842099
1.95,5,120.843999
3.95,5,120.84622
1.97,3,120.8474
1.95,5,120.8491
5.93,7,120.851388
1.95,5,120.853043
13.89,11,120.856965
1.97,3,120.858099
3.95,5,120.859796
1.97,3,120.860861
1.97,3,120.861902
1.95,5,120.863587
1.95,5,120.865237
3.95,5,120.866884
1.97,3,120.867928
3.94,6,120.869882
1.96,4,120.871224
3.93,7,120.87359
1.96,4,120.874987
3.95,5,120.876646
3.95,5,120.878317
3.93,7,121.100872
5.91,9,121.104224
1.97,3,121.105308
5.93,7,121.107807
1.97,3,121.109074
1.97,3,121.11026
1.96,4,121.111633
1.96,4,121.11312
13.89,11,121.116797
1.95,5,121.118474
5.93,7,121.121165
3.93,7,121.12376
3.93,7,121.126141
1.97,3,121.127201
1.95,5,121.128862
3.95,5,121.130517
1.96,4,121.132199
3.95,5,121.134152
1.96,4,121.135648
1.96,4,121.137052
3.95,5,121.138744
1.97,3,121.139782
1.97,3,121.140964
3.95,5,121.142808
3.93,7,121.379791
5.93,7,121.382328
1.95,5,121.384011
3.95,5,121.385698
1.97,3,121.386739
1.97,3,121.387779
3.94,6,121.39046
1.96,4,121.392082
1.96,4,121.393689
13.91,9,121.3967
1.95,5,121.398524
1.97,3,121.39973
5.91,9,121.402888
1.97,3,121.40398
3.95,5,121.405745
3.95,5,121.407524
3.95,5,121.409303
1.95,5,121.41101
5.93,7,121.413326
3.95,5,121.41501
1.97,3,121.416058
1.97,3,121.417106
3.93,7,121.419921
1.97,3,121.420989
1.97,3,121.422007
3.95,5,121.423672
3.93,7,121.624708
13.91,9,121.628149
5.91,9,121.631103
3.95,5,121.632896
1.96,4,121.634783
1.97,3,121.636001
1.95,5,121.637746
1.97,3,121.638837
1.97,3,121.639939
1.96,4,121.641334
1.96,4,121.642695
1.95,5,121.644381
1.95,5,121.646149
3.95,5,121.64797
3.93,7,121.650439
1.95,5,121.652308
5.91,9,121.655525
1.95,5,121.657363
1.97,3,121.658466
3.93,7,121.660851
3.95,5,121.662546
3.93,7,121.664949
1.97,3,121.666047
1.97,3,121.667368
1.95,5,121.669352
5.91,9,121.866275
3.95,5,121.868046
13.89,11,121.871605
3.94,6,121.873903
5.91,9,121.877466
3.95,5,121.879225
1.97,3,121.880282
3.93,7,121.882582
1.95,5,121.884252
3.93,7,121.886538
1.95,5,121.888191
1.95,5,121.889839
1.97,3,121.890866
5.91,9,121.89375
1.97,3,121.894773
5.93,7,121.897027
-0.03,3,121.89806
5.93,7,121.900315
5.92,8,121.902871
1.97,3,121.903895
5.91,9,121.906768
3.93,7,122.12875
3.93,7,122.131184
13.91,9,122.134158
1.95,5,122.135849
3.94,6,122.137832
3.93,7,122.140153
1.97,3,122.141196
3.95,5,122.142866
1.95,5,122.144516
1.95,5,122.146183
3.93,7,122.148446
5.91,9,122.151344
5.93,7,122.153623
3.93,7,122.155893
1.97,3,122.156933
1.95,5,122.158589
1.95,5,122.160242
1.97,3,122.161352
3.93,7,122.163863
1.95,5,122.165649
3.93,7,122.168507
3.95,5,122.170285
1.97,3,122.361728
13.91,9,122.364819
5.93,7,122.367121
3.93,7,122.369402
1.97,3,122.370781
3.94,6,122.373203
1.97,3,122.374355
1.95,5,122.376063
3.93,7,122.378404
3.93,7,122.381107
1.97,3,122.382261
3.93,7,122.384982
3.95,5,122.386781
1.97,3,122.387843
3.95,5,122.389504
3.95,5,122.391423
1.97,3,122.392564
1.97,3,122.39367
5.91,9,122.396889
5.92,8,122.399537
1.97,3,122.400678
3.95,5,122.40246
1.95,5,122.404171
3.95,5,122.405862
1.97,3,122.406963
1.97,3,122.604948
3.95,5,122.606789
1.97,3,122.607872
13.91,9,122.610865
5.93,7,122.613226
1.96,4,122.614611
1.97,3,122.615677
1.97,3,122.616732
3.93,7,122.619051
1.96,4,122.620421
3.95,5,122.62215
1.97,3,122.623604
3.93,7,122.626209
1.95,5,122.627987
5.91,9,122.630901
1.97,3,122.63195
3.93,7,122.635158
1.97,3,122.636348
1.97,3,122.637519
3.93,7,122.639973
3.95,5,122.64182
3.95,5,122.64374
1.95,5,122.645504
5.92,8,122.648259
3.94,6,122.863205
3.95,5,122.865306
1.95,5,122.867281
3.95,5,122.869411
3.95,5,122.871137
3.95,5,122.873277
1.95,5,122.875115
3.95,5,122.877148
5.93,7,122.879573
1.97,3,122.880645
5.93,7,122.883165
1.96,4,122.884797
1.97,3,122.885928
1.96,4,122.887313
5.93,7,122.889618
1.96,4,122.890961
3.93,7,122.893613
3.95,5,122.895413
5.93,7,122.897736
5.93,7,122.900067
13.91,9,122.903011
3.93,7,122.905427
1.97,3,122.906477
1.95,5,122.908141
3.93,7,123.101904
1.95,5,123.103713
5.91,9,123.106628
1.97,3,123.107677
3.95,5,123.109338
1.96,4,123.110735
-0.03,3,123.11177
5.93,7,123.114042
1.95,5,123.115681
3.93,7,123.11793
3.93,7,123.120176
-0.02,2,123.120912
5.91,9,123.124431
1.95,5,123.126229
1.95,5,123.127926
1.97,3,123.12896
1.97,3,123.129996
1.97,3,123.131029
1.96,4,123.132865
3.93,7,123.135439
3.93,7,123.13773
1.95,5,123.139373
1.97,3,123.140399
3.95,5,123.142046
3.95,5,123.143684
-0.03,3,123.144702
13.91,9,123.34177
3.93,7,123.344181
5.93,7,123.346453
3.94,6,123.348879
3.95,5,123.350717
13.89,11,123.354322
3.93,7,123.35662
1.95,5,123.358794
3.95,5,123.360567
3.95,5,123.362275
5.93,7,123.36456
1.95,5,123.366226
1.95,5,123.368207
3.93,7,123.370621
1.97,3,123.371722
1.95,5,123.373412
1.95,5,123.375073
5.93,7,123.377364
1.95,5,123.379547
3.95,5,123.381307
3.95,5,123.382987
5.91,9,123.603164
13.91,9,123.606139
13.91,9,123.609056
3.95,5,123.611169
3.95,5,123.613008
3.93,7,123.615339
1.97,3,123.616404
1.96,4,123.617785
1.97,3,123.61883
3.94,6,123.620822
3.95,5,123.622625
1.97,3,123.623736
1.95,5,123.62544
1.97,3,123.626498
3.93,7,123.628769
3.93,7,123.631004
1.97,3,123.632469
1.95,5,123.634288
-0.04,4,123.635919
1.97,3,123.637017
1.96,4,123.63837
3.93,7,123.640646
3.95,5,123.642627
3.94,6,123.644748
1.97,3,123.645827
1.97,3,123.841207
5.93,7,123.844196
3.93,7,123.846583
3.93,7,123.848872
1.96,4,123.850636
3.95,5,123.852442
3.94,6,123.854481
13.91,9,123.857433
1.95,5,123.859417
1.95,5,123.861273
1.96,4,123.862676
1.95,5,123.864372
1.95,5,123.866311
1.97,3,123.867809
13.9,10,123.871549
3.93,7,123.873927
3.93,7,123.87649
1.95,5,123.878248
1.95,5,123.880124
3.93,7,123.882509
5.91,9,123.885627
1.95,5,124.089679
3.95,5,124.091511
1.97,3,124.092584
1.95,5,124.094269
1.95,5,124.095944
1.96,4,124.097288
3.94,6,124.099815
1.97,3,124.101178
1.95,5,124.102982
1.97,3,124.104056
3.95,5,124.105766
1.97,3,124.10682
3.93,7,124.109145
1.97,3,124.110216
1.97,3,124.111255
1.97,3,124.112296
1.95,5,124.113959
1.95,5,124.115619
1.95,5,124.11764
1.95,5,124.11965
1.95,5,124.121359
1.95,5,124.123036
5.91,9,124.125945
3.93,7,124.128762
1.97,3,124.129914
1.97,3,124.130983
13.91,9,124.134123
3.93,7,124.337785
1.97,3,124.338944
3.95,5,124.340665
3.95,5,124.342559
13.91,9,124.345632
3.94,6,124.347632
5.93,7,124.349916
3.95,5,124.35172
1.95,5,124.353417
1.97,3,124.354465
1.97,3,124.355505
3.95,5,124.357178
1.97,3,124.358211
1.97,3,124.359293
1.97,3,124.360405
3.93,7,124.36274
1.97,3,124.363773
1.97,3,124.364806
1.97,3,124.365852
3.95,5,124.367521
3.95,5,124.369176
1.97,3,124.370209
5.91,9,124.373794
3.93,7,124.376201
3.95,5,124.377909
5.91,9,124.57497
3.93,7,124.577839
3.93,7,124.580183
1.95,5,124.581854
1.95,5,124.583506
1.95,5,124.585713
13.89,11,124.589486
1.95,5,124.591209
1.97,3,124.592262
1.97,3,124.593323
1.97,3,124.594383
1.96,4,124.595754
5.93,7,124.598316
13.89,11,124.601984
1.97,3,124.603034
1.95,5,124.604682
13.89,11,124.608209
1.95,5,124.609851
5.91,9,124.612743
3.93,7,124.614991
3.95,5,124.616633
3.93,7,124.834436
1.96,4,124.835996
3.93,7,124.838347
3.95,5,124.840188
1.97,3,124.841306
3.93,7,124.843919
5.91,9,124.846973
1.96,4,124.848328
1.97,3,124.849431
1.95,5,124.851228
3.94,6,124.85333
1.97,3,124.85439
3.95,5,124.856277
5.93,7,124.858779
5.92,8,124.861458
5.93,7,124.863791
1.95,5,124.865887
1.97,3,124.867223
1.95,5,124.86952
5.93,7,124.872009
3.93,7,124.874387
3.93,7,124.876917
3.93,7,124.879726
1.95,5,125.070727
5.93,7,125.073197
3.93,7,125.075762
1.97,3,125.077323
1.95,5,125.079422
1.95,5,125.081303
3.93,7,125.08365
1.97,3,125.085034
3.94,6,125.087093
1.95,5,125.088789
5.91,9,125.092018
1.95,5,125.093717
5.91,9,125.096605
1.95,5,125.098259
5.93,7,125.100908
1.95,5,125.102657
1.95,5,125.104336
1.97,3,125.105376
13.89,11,125.10892
1.97,3,125.109957
3.95,5,125.111617
3.93,7,125.113919
1.95,5,125.342651
1.95,5,125.344521
13.89,11,125.34809
5.91,9,125.351011
1.95,5,125.353309
1.95,5,125.355356
3.93,7,125.358073
1.95,5,125.360045
3.93,7,125.36271
1.95,5,125.364377
1.95,5,125.366036
3.93,7,125.369217
1.95,5,125.371056
5.91,9,125.374689
1.97,3,125.376196
1.97,3,125.377265
3.93,7,125.379702
5.91,9,125.383031
1.97,3,125.384391
1.97,3,125.385673
3.93,7,125.388032
1.95,5,125.389694
13.91,9,125.625014
1.97,3,125.626591
5.91,9,125.629653
1.97,3,125.630714
1.95,5,125.632576
1.95,5,125.634625
1.97,3,125.635786
3.93,7,125.638197
3.95,5,125.640101
1.95,5,125.641855
1.97,3,125.643024
1.97,3,125.644207
13.91,9,125.64718
1.97,3,125.648265
1.97,3,125.649309
3.94,6,125.651299
3.93,7,125.653876
5.91,9,125.656928
5.91,9,125.66063
1.96,4,125.662064
5.91,9,125.665135
1.97,3,125.666217
1.95,5,125.668312
1.95,5,125.865264
1.95,5,125.867406
5.91,9,125.87077
3.93,7,125.873177
1.96,4,125.87519
-0.03,3,125.876561
1.95,5,125.878302
3.93,7,125.880613
1.97,3,125.881656
5.9,10,125.885211
1.97,3,125.886398
5.91,9,125.88941
-0.03,3,125.890482
1.97,3,125.891545
3.92,8,125.894443
1.96,4,125.895946
1.95,5,125.897648
1.95,5,125.899321
1.97,3,125.900441
1.95,5,125.902189
1.95,5,125.903871
3.93,7,125.906175
1.96,4,125.907524
1.97,3,125.908577
5.93,7,126.117109
-0.04,4,126.118841
3.93,7,126.121242
3.95,5,126.122979
-0.04,4,126.12435
3.92,8,126.127481
-0.03,3,126.128648
5.93,7,126.131029
3.93,7,126.133383
5.93,7,126.135726
5.9,10,126.139008
1.95,5,126.140685
1.95,5,126.142361
1.95,5,126.144037
-0.04,4,126.145386
3.95,5,126.147103
5.91,9,126.150043
1.94,6,126.152021
13.89,11,126.155573
1.95,5,126.157253
1.95,5,126.158926
1.95,5,126.160601
3.93,7,126.386915
1.97,3,126.388031
5.91,9,126.390968
3.93,7,126.393249
1.95,5,126.395616
3.93,7,126.39799
1.97,3,126.399042
3.95,5,126.400721
1.97,3,126.401762
1.95,5,126.403415
3.93,7,126.406373
3.93,7,126.409208
5.91,9,126.412663
3.95,5,126.41472
1.95,5,126.416922
5.91,9,126.420186
3.93,7,126.422541
5.93,7,126.425184
1.94,6,126.427358
5.93,7,126.429698
3.93,7,126.621686
3.92,8,126.624471
3.95,5,126.626804
3.93,7,126.629223
-0.04,4,126.63084
13.89,11,126.634695
5.91,9,126.63768
1.97,3,126.638731
5.91,9,126.641688
-0.03,3,126.642974
3.93,7,126.645533
3.93,7,126.647903
3.93,7,126.650214
-0.03,3,126.651483
13.89,11,126.655062
3.93,7,126.657347
1.94,6,126.659427
5.93,7,126.661786
1.95,5,126.663512
1.94,6,126.66554
1.95,5,126.897621
1.95,5,126.900416
5.93,7,126.902825
3.93,7,126.905135
1.95,5,126.906791
3.93,7,126.909514
1.95,5,126.911481
5.93,7,126.914074
1.97,3,126.915165
3.95,5,126.916848
-0.03,3,126.917892
1.95,5,126.919782
3.95,5,126.921546
13.89,11,126.925166
1.95,5,126.926827
1.95,5,126.928484
1.97,3,126.929918
-0.03,3,126.93123
-0.03,3,126.932623
1.95,5,126.934821
1.95,5,126.93671
1.95,5,126.938572
1.97,3,126.939804
-0.03,3,126.940893
1.95,5,126.942613
13.89,11,127.167291
5.93,7,127.170216
-0.03,3,127.171373
1.95,5,127.173094
3.95,5,127.175356
5.91,9,127.178389
1.97,3,127.179442
1.97,3,127.180489
3.93,7,127.182791
5.91,9,127.186067
3.93,7,127.188674
1.97,3,127.189793
5.91,9,127.193102
5.91,9,127.196497
-0.03,3,127.197598
1.95,5,127.199296
5.91,9,127.202455
-0.03,3,127.203562
1.95,5,127.205282
-0.03,3,127.206354
3.93,7,127.209002
-0.03,3,127.210704
13.89,11,127.40737
3.93,7,127.41053
1.95,5,127.412274
3.94,6,127.414297
1.97,3,127.41535
5.91,9,127.418401
3.93,7,127.42124
3.93,7,127.423644
3.93,7,127.426388
1.95,5,127.428146
13.89,11,127.432437
1.97,3,127.433726
1.97,3,127.435216
3.93,7,127.437583
1.95,5,127.439262
3.93,7,127.44197
1.95,5,127.4438
3.94,6,127.445807
1.95,5,127.447483
3.95,5,127.449135
13.91,9,127.669818
5.91,9,127.673004
5.91,9,127.67644
3.95,5,127.678269
1.96,4,127.680027
-0.03,3,127.681185
3.93,7,127.683546
3.93,7,127.686279
1.95,5,127.688025
5.91,9,127.690973
5.91,9,127.694024
3.93,7,127.696311
3.93,7,127.698591
1.97,3,127.699619
3.93,7,127.701949
1.95,5,127.703595
1.96,4,127.704921
5.91,9,127.707785
1.97,3,127.708813
1.95,5,127.710441
1.96,4,127.711758
5.91,9,127.905944
1.97,3,127.907104
1.95,5,127.90881
-0.03,3,127.909923
3.93,7,127.912456
3.95,5,127.914178
1.95,5,127.915874
3.95,5,127.918014
3.93,7,127.920457
1.95,5,127.922131
-0.03,3,127.923184
1.95,5,127.924846
13.89,11,127.928825
1.96,4,127.930262
1.95,5,127.93196
3.94,6,127.93396
3.94,6,127.936165
3.93,7,127.938775
1.97,3,127.939933
-0.03,3,127.941241
3.93,7,127.943601
5.91,9,127.946532
3.93,7,127.94908
1.95,5,128.170661
1.95,5,128.172599
1.95,5,128.174301
1.95,5,128.176458
3.95,5,128.17826
3.95,5,128.180273
1.95,5,128.182093
3.93,7,128.184611
-0.03,3,128.185687
-0.03,3,128.186733
3.95,5,128.188405
5.91,9,128.191293
1.97,3,128.192329
3.95,5,128.193978
-0.03,3,128.194988
3.93,7,128.197245
-0.03,3,128.198265
1.95,5,128.199893
1.95,5,128.201521
1.95,5,128.203148
1.96,4,128.204471
1.95,5,128.206093
3.93,7,128.208348
5.91,9,128.211186
1.97,3,128.212204
5.91,9,128.410401
3.93,7,128.412888
1.94,6,128.4149
3.93,7,128.418151
13.89,11,128.422147
3.93,7,128.424484
-0.03,3,128.425528
5.91,9,128.428684
1.95,5,128.431021
1.95,5,128.433159
5.91,9,128.437042
1.95,5,128.438975
-0.03,3,128.440313
1.95,5,128.442404
1.95,5,128.444197
5.93,7,128.446508
3.95,5,128.448175
1.95,5,128.44983
1.97,3,128.451125
1.97,3,128.45217
1.95,5,128.453833
1.95,5,128.455473
3.95,5,128.457128
1.95,5,128.676143
3.93,7,128.678599
1.95,5,128.680269
13.89,11,128.684319
1.95,5,128.686169
1.95,5,128.687883
1.95,5,128.689571
1.96,4,128.690927
1.95,5,128.69285
1.95,5,128.694592
1.95,5,128.696251
1.95,5,128.69792
1.97,3,128.698955
1.97,3,128.699989
5.91,9,128.702887
3.93,7,128.705152
1.95,5,128.706782
5.93,7,128.709022
1.95,5,128.710661
1.95,5,128.712332
1.97,3,128.713689
3.95,5,128.715448
-0.03,3,128.716534
1.97,3,128.717567
3.93,7,128.935228
1.95,5,128.936967
1.95,5,128.938615
1.97,3,128.939646
3.93,7,128.941893
1.97,3,128.943123
1.95,5,128.945293
1.95,5,128.947096
1.95,5,128.948776
1.97,3,128.949824
1.97,3,128.951068
1.97,3,128.952208
1.95,5,128.953908
1.95,5,128.955561
1.95,5,128.957206
1.95,5,128.958856
1.97,3,128.959872
-0.02,2,128.960579
13.89,11,128.964436
1.95,5,128.966154
1.95,5,128.96783
3.95,5,128.969517
1.97,3,128.970551
1.95,5,128.972194
1.95,5,128.974474
13.9,10,128.977916
1.97,3,128.978981
5.92,8,129.21321
1.96,4,129.214725
1.95,5,129.216426
1.95,5,129.218093
3.93,7,129.220841
3.93,7,129.223298
3.93,7,129.226043
1.95,5,129.227783
-0.05,5,129.229468
3.93,7,129.231751
5.91,9,129.234633
-0.03,3,129.235657
3.93,7,129.237925
3.93,7,129.240182
1.95,5,129.241816
1.97,3,129.242835
1.96,4,129.244154
1.95,5,129.245774
1.97,3,129.246797
13.89,11,129.250257
3.93,7,129.252483
5.91,9,129.472282
5.93,7,129.474693
5.91,9,129.477821
3.93,7,129.480559
5.91,9,129.483787
1.97,3,129.485284
3.93,7,129.487724
1.95,5,129.489414
1.95,5,129.491082
5.91,9,129.494215
3.93,7,129.496605
3.95,5,129.498294
3.93,7,129.500854
1.95,5,129.50263
3.93,7,129.504972
3.93,7,129.507322
1.97,3,129.508392
3.94,6,129.510842
3.93,7,129.513288
3.93,7,129.515595
5.92,8,129.703164
3.93,7,129.705528
5.91,9,129.708436
3.93,7,129.711295
5.91,9,129.714344
3.93,7,129.716639
3.93,7,129.718908
5.91,9,129.722333
1.97,3,129.723488
1.97,3,129.724556
5.93,7,129.726865
3.94,6,129.728842
1.95,5,129.7305
3.95,5,129.732144
5.92,8,129.734698
-0.03,3,129.735716
1.95,5,129.737345
1.95,5,129.738979
1.95,5,129.74063
1.97,3,129.741644
1.95,5,129.743265
3.93,7,129.932398
3.93,7,129.934904
1.95,5,129.936932
1.97,3,129.938149
3.93,7,129.940597
5.91,9,129.943754
1.95,5,129.945472
3.93,7,129.947785
3.93,7,129.950122
-0.03,3,129.951165
1.95,5,129.952824
1.95,5,129.954492
3.94,6,129.956477
1.97,3,129.957524
1.97,3,129.958576
3.93,7,129.961801
1.95,5,129.963537
5.91,9,129.966505
3.95,5,129.968777
3.93,7,129.971377
3.93,7,129.973737
1.95,5,129.976018
1.95,5,130.165417
1.95,5,130.167796
1.95,5,130.169974
5.93,7,130.172337
13.91,9,130.175322
13.89,11,130.179365
3.93,7,130.181686
1.97,3,130.182726
5.91,9,130.186016
3.93,7,130.188538
1.95,5,130.190247
1.95,5,130.191916
1.95,5,130.193586
3.93,7,130.196028
1.95,5,130.197782
1.95,5,130.199465
1.97,3,130.2005
1.95,5,130.202147
-0.03,3,130.203175
1.95,5,130.204822
1.95,5,130.206461
13.91,9,130.209345
1.95,5,130.427289
3.93,7,130.429777
3.94,6,130.431758
1.95,5,130.433405
1.96,4,130.43475
1.95,5,130.436781
1.97,3,130.437938
1.95,5,130.439667
1.95,5,130.441381
3.93,7,130.443721
3.93,7,130.446082
1.95,5,130.447787
-0.03,3,130.448844
1.95,5,130.450528
1.95,5,130.452228
3.95,5,130.453942
1.95,5,130.455633
1.97,3,130.456687
5.93,7,130.459008
1.95,5,130.460687
3.93,7,130.463014
5.91,9,130.466308
3.95,5,130.468309
1.97,3,130.469467
3.93,7,130.657679
1.96,4,130.65916
1.95,5,130.660841
1.95,5,130.662527
1.97,3,130.663563
1.95,5,130.66522
1.96,4,130.66699
3.93,7,130.669657
5.91,9,130.672658
5.92,8,130.675248
5.91,9,130.678692
5.93,7,130.681104
1.97,3,130.682176
1.97,3,130.683239
1.97,3,130.684433
13.91,9,130.687403
-0.03,3,130.688469
1.95,5,130.690161
5.93,7,130.69252
1.95,5,130.694214
3.94,6,130.696659
1.95,5,130.698339
5.93,7,130.700604
5.91,9,130.901046
5.91,9,130.904126
1.97,3,130.905276
3.93,7,130.907688
5.93,7,130.910062
1.95,5,130.911741
1.97,3,130.912782
1.95,5,130.914415
1.97,3,130.915437
1.97,3,130.91645
3.93,7,130.919664
5.91,9,130.922738
3.94,6,130.924776
1.97,3,130.926233
3.93,7,130.928845
1.97,3,130.930054
3.93,7,130.932381
1.97,3,130.933421
3.93,7,130.935694
-0.02,2,130.936415
1.95,5,130.938056
1.97,3,130.93942
1.95,5,130.94151
1.95,5,130.943366
3.93,7,131.142529
5.91,9,131.145677
1.97,3,131.146727
1.96,4,131.148082
3.94,6,131.150045
3.95,5,131.152131
1.96,4,131.15363
1.95,5,131.155341
3.95,5,131.157045
1.96,4,131.158421
3.93,7,131.160745
3.93,7,131.163067
1.95,5,131.16474
1.95,5,131.166467
1.95,5,131.168339
3.94,6,131.170436
1.95,5,131.172306
1.97,3,131.173425
1.95,5,131.175187
1.95,5,131.177253
13.91,9,131.180194
1.97,3,131.18124
1.97,3,131.182265
3.95,5,131.183907
3.93,7,131.186582
3.95,5,131.383329
3.95,5,131.385098
1.97,3,131.386151
3.95,5,131.387824
3.95,5,131.389497
1.95,5,131.391452
3.93,7,131.39421
3.94,6,131.396366
1.97,3,131.397492
1.95,5,131.39924
1.95,5,131.400989
1.97,3,131.402087
3.93,7,131.40446
1.97,3,131.405555
5.93,7,131.407949
1.95,5,131.409666
5.91,9,131.412774
1.97,3,131.413911
1.97,3,131.415247
13.89,11,131.418873
1.97,3,131.41993
-0.03,3,131.421182
5.93,7,131.423647
1.95,5,131.425812
5.91,9,131.655219
1.95,5,131.657107
1.95,5,131.658916
3.95,5,131.660762
3.95,5,131.662465
1.95,5,131.664137
3.93,7,131.666391
3.93,7,131.669247
1.95,5,131.67098
1.97,3,131.672025
13.89,11,131.67556
1.95,5,131.677539
3.93,7,131.680134
5.91,9,131.683135
5.93,7,131.685518
1.96,4,131.686897
1.96,4,131.688272
5.91,9,131.691434
5.91,9,131.694351
3.93,7,131.696627
1.95,5,131.698292
3.93,7,131.919573
3.95,5,131.921384
1.95,5,131.923093
3.95,5,131.924765
1.96,4,131.926105
1.95,5,131.928316
13.89,11,131.932085
1.96,4,131.933489
3.94,6,131.935854
3.94,6,131.938101
1.95,5,131.940124
1.95,5,131.942339
1.97,3,131.943557
3.95,5,131.945567
3.93,7,131.948471
1.95,5,131.950569
1.95,5,131.952468
1.97,3,131.953573
1.97,3,131.954592
3.95,5,131.956228
1.97,3,131.957629
1.95,5,131.960085
1.95,5,131.961975
-0.03,3,131.963043
3.94,6,131.965004
1.95,5,132.193059
1.96,4,132.194516
3.95,5,132.196211
1.96,4,132.197554
3.93,7,132.199848
1.97,3,132.200872
1.97,3,132.202359
3.93,7,132.204902
1.97,3,132.205994
5.91,9,132.209297
3.95,5,132.211669
3.93,7,132.214017
1.95,5,132.215933
1.95,5,132.218019
3.93,7,132.220387
3.94,6,132.222354
5.91,9,132.225581
3.95,5,132.227445
1.96,4,132.228863
1.97,3,132.229942
3.93,7,132.232272
1.95,5,132.233963
1.95,5,132.235667
1.97,3,132.236739
-0.03,3,132.23779
1.95,5,132.435574
5.92,8,132.438603
13.91,9,132.44155
3.95,5,132.443457
1.97,3,132.444551
1.97,3,132.445617
1.97,3,132.446663
3.93,7,132.449126
3.94,6,132.451135
1.96,4,132.45247
1.95,5,132.454119
3.93,7,132.456498
1.95,5,132.458224
3.95,5,132.460001
13.89,11,132.463608
13.91,9,132.467153
1.97,3,132.468295
1.95,5,132.469968
13.91,9,132.473481
1.95,5,132.475234
1.97,3,132.47636
1.95,5,132.478063
5.93,7,132.699031
3.93,7,132.701427
1.95,5,132.703078
3.93,7,132.705313
13.89,11,132.709332
-0.03,3,132.710504
3.95,5,132.712243
5.92,8,132.714969
1.97,3,132.716233
1.95,5,132.718233
1.97,3,132.719331
5.91,9,132.722432
1.95,5,132.724415
1.95,5,132.726149
3.93,7,132.728396
3.93,7,132.730634
3.93,7,132.732868
5.91,9,132.736261
1.95,5,132.738066
1.95,5,132.739788
13.89,11,132.98227
1.95,5,132.984133
1.96,4,132.985513
3.93,7,132.98778
1.95,5,132.989411
1.96,4,132.99074
3.93,7,132.993749
3.95,5,132.995554
1.95,5,132.997252
13.89,11,133.000929
1.95,5,133.002606
1.95,5,133.004271
13.91,9,133.007445
3.93,7,133.010092
1.97,3,133.011248
1.97,3,133.01234
1.97,3,133.013421
5.91,9,133.016743
1.97,3,133.018
1.95,5,133.019727
1.95,5,133.021411
1.95,5,133.023082
1.95,5,133.024986
5.91,9,133.251594
5.93,7,133.254046
5.91,9,133.256975
3.93,7,133.259303
3.93,7,133.262152
5.93,7,133.264501
3.93,7,133.266797
5.91,9,133.269719
1.95,5,133.271907
1.97,3,133.273233
1.95,5,133.27495
3.93,7,133.27727
1.97,3,133.278314
3.93,7,133.280794
3.95,5,133.282619
1.97,3,133.283866
13.89,11,133.287759
1.95,5,133.289472
1.95,5,133.291145
1.97,3,133.292247
5.91,9,133.295286
1.95,5,133.513196
3.95,5,133.515014
3.93,7,133.517357
3.93,7,133.519691
5.91,9,133.523133
1.95,5,133.524932
5.91,9,133.527937
1.97,3,133.528998
1.95,5,133.530687
-0.03,3,133.531741
1.95,5,133.533412
13.89,11,133.537272
1.95,5,133.53907
1.96,4,133.540445
5.91,9,133.543587
1.96,4,133.545013
13.89,11,133.548564
1.96,4,133.549915
3.93,7,133.553042
3.94,6,133.55514
3.93,7,133.77332
1.97,3,133.774618
5.91,9,133.777723
1.97,3,133.778787
5.91,9,133.782152
1.97,3,133.783527
1.97,3,133.785005
1.97,3,133.786159
1.95,5,133.787868
3.93,7,133.790152
1.96,4,133.791497
1.97,3,133.792918
1.95,5,133.794753
13.89,11,133.798352
5.93,7,133.800987
3.93,7,133.803672
1.95,5,133.805373
1.97,3,133.806404
1.95,5,133.808048
1.97,3,133.809428
13.9,10,133.812741
5.93,7,133.815036
1.97,3,133.816068
1.95,5,133.817729
1.95,5,134.039779
1.95,5,134.041668
1.97,3,134.042758
1.96,4,134.044145
1.95,5,134.045875
5.93,7,134.048201
3.93,7,134.050863
1.95,5,134.052684
1.97,3,134.053777
3.95,5,134.055475
3.95,5,134.057139
1.95,5,134.058814
3.93,7,134.061749
1.95,5,134.063552
1.97,3,134.064625
1.96,4,134.066218
5.93,7,134.068667
1.95,5,134.070351
1.97,3,134.071382
1.97,3,134.072411
3.93,7,134.074667
1.95,5,134.076324
1.95,5,134.077959
1.97,3,134.078983
3.95,5,134.080622
1.95,5,134.082256
5.93,7,134.249833
3.95,5,134.251748
13.89,11,134.255363
5.92,8,134.257964
1.97,3,134.25931
1.97,3,134.260849
5.91,9,134.26396
1.95,5,134.26562
5.91,9,134.26851
1.95,5,134.270642
5.91,9,134.273705
3.93,7,134.276223
1.97,3,134.277361
1.95,5,134.279084
3.93,7,134.28143
1.95,5,134.283147
1.97,3,134.284235
1.97,3,134.285282
3.93,7,134.287577
3.93,7,134.289881
1.95,5,134.291551
3.95,5,134.293227
1.95,5,134.589932
3.93,7,134.59444
3.93,7,134.597866
3.93,7,134.600323
1.97,3,134.601666
1.97,3,134.602772
3.93,7,134.605142
1.95,5,134.606902
1.95,5,134.608577
1.95,5,134.610404
5.91,9,134.61414
1.97,3,134.615202
1.97,3,134.616234
1.95,5,134.617891
5.93,7,134.620166
3.95,5,134.621825
3.95,5,134.623534
13.89,11,134.627145
1.97,3,134.628221
1.95,5,134.629885
5.91,9,134.633463
1.95,5,134.636027
3.93,7,134.638767
3.95,5,134.87375
3.93,7,134.876186
13.9,10,134.879437
5.91,9,134.882915
5.92,8,134.886158
1.95,5,134.887948
3.95,5,134.88967
1.95,5,134.891849
3.94,6,134.894127
3.93,7,134.896473
5.91,9,134.899383
3.95,5,134.901268
1.97,3,134.902526
3.95,5,134.904358
1.97,3,134.905756
3.93,7,134.908324
3.93,7,134.910935
3.94,6,134.912997
5.93,7,134.915538
1.95,5,134.917235
3.93,7,135.129349
3.95,5,135.131169
3.95,5,135.132924
1.95,5,135.134956
1.95,5,135.137397
5.93,7,135.140022
1.95,5,135.142317
1.97,3,135.143476
3.95,5,135.145167
3.93,7,135.147463
13.89,11,135.151169
1.97,3,135.152261
3.93,7,135.154556
1.95,5,135.156232
1.97,3,135.157281
3.94,6,135.159299
3.95,5,135.161601
3.93,7,135.164241
1.97,3,135.165332
1.97,3,135.166396
1.95,5,135.16828
5.91,9,135.171707
3.95,5,135.17377
3.93,7,135.403416
3.93,7,135.405919
1.97,3,135.406969
3.93,7,135.40927
1.95,5,135.410919
1.97,3,135.411948
3.93,7,135.414867
3.95,5,135.416805
1.95,5,135.41863
3.95,5,135.420385
3.94,6,135.42245
1.97,3,135.423508
1.95,5,135.425446
3.95,5,135.427262
1.95,5,135.429006
5.91,9,135.431911
1.95,5,135.433541
3.93,7,135.436809
3.93,7,135.4392
1.95,5,135.4409
3.93,7,135.443284
3.95,5,135.445173
3.93,7,135.447489
3.95,5,135.651762
3.95,5,135.653649
1.95,5,135.65535
1.95,5,135.6571
5.91,9,135.660042
1.97,3,135.661579
1.95,5,135.663503
5.92,8,135.666439
1.97,3,135.667518
1.95,5,135.669164
13.89,11,135.673274
1.96,4,135.674694
1.97,3,135.675919
1.97,3,135.677297
1.96,4,135.678917
1.97,3,135.679983
1.97,3,135.681046
3.94,6,135.683348
1.97,3,135.684445
3.95,5,135.686105
1.96,4,135.687441
3.94,6,135.689405
5.91,9,135.692455
5.91,9,135.695375
1.97,3,135.696425
1.95,5,135.930447
1.95,5,135.932286
1.97,3,135.933404
3.95,5,135.935723
3.95,5,135.937516
3.93,7,135.940471
1.95,5,135.942694
1.95,5,135.944581
3.93,7,135.946969
1.95,5,135.948615
3.95,5,135.950871
5.92,8,135.953722
1.95,5,135.955414
1.96,4,135.956758
3.93,7,135.959276
13.9,10,135.96271
3.95,5,135.964397
13.89,11,135.968321
1.95,5,135.970788
5.91,9,135.973865
1.97,3,135.974945
1.95,5,135.976794
1.95,5,136.207543
1.95,5,136.209309
5.91,9,136.212251
3.93,7,136.214707
1.97,3,136.216037
1.96,4,136.21826
3.93,7,136.220715
1.96,4,136.222102
1.97,3,136.223279
3.95,5,136.225049
1.95,5,136.22733
1.95,5,136.229153
1.97,3,136.230231
13.89,11,136.234023
3.95,5,136.235769
3.93,7,136.238305
1.95,5,136.240075
3.95,5,136.241773
1.95,5,136.243591
1.97,3,136.244754
1.96,4,136.246372
1.97,3,136.247429
1.95,5,136.249109
3.94,6,136.251331
1.95,5,136.253077
1.97,3,136.500967
1.95,5,136.50284
1.96,4,136.504239
1.97,3,136.505283
3.94,6,136.507242
5.91,9,136.511283
1.95,5,136.513088
3.93,7,136.515437
1.95,5,136.517111
3.93,7,136.51972
5.91,9,136.523451
1.95,5,136.525215
1.95,5,136.526893
3.95,5,136.528574
3.95,5,136.530697
3.95,5,136.532487
3.94,6,136.534477
1.95,5,136.536133
3.93,7,136.538414
1.95,5,136.5406
3.93,7,136.54328
5.93,7,136.545902
5.91,9,136.745324
1.95,5,136.747105
3.95,5,136.748793
1.97,3,136.74984
5.91,9,136.753122
1.95,5,136.755095
1.97,3,136.756211
1.97,3,136.757305
3.95,5,136.759577
3.95,5,136.761596
3.95,5,136.763507
1.95,5,136.765514
3.93,7,136.76829
3.94,6,136.77038
1.97,3,136.771435
3.94,6,136.773658
1.95,5,136.775735
3.93,7,136.778021
1.95,5,136.779671
1.97,3,136.780701
5.93,7,136.783008
13.89,11,136.78712
3.95,5,136.788807
1.95,5,136.790448
5.91,9,137.015942
1.97,3,137.017114
3.93,7,137.019467
3.94,6,137.021839
1.95,5,137.023913
1.95,5,137.025714
1.97,3,137.026911
3.95,5,137.028615
3.93,7,137.030911
1.97,3,137.0323
13.91,9,137.035538
1.97,3,137.03666
1.95,5,137.038332
3.93,7,137.040602
3.94,6,137.042604
3.93,7,137.044861
1.95,5,137.046506
1.95,5,137.04815
1.97,3,137.049788
1.95,5,137.053467
5.93,7,137.056333
1.97,3,137.057437
1.95,5,137.059233
1.97,3,137.060451
3.93,7,137.288015
1.97,3,137.289209
-0.03,3,137.29027
3.94,6,137.29238
1.97,3,137.293891
1.97,3,137.295041
1.97,3,137.296595
1.95,5,137.298424
3.95,5,137.300178
1.95,5,137.302786
3.93,7,137.305272
5.92,8,137.308452
1.95,5,137.310566
3.95,5,137.312302
1.96,4,137.313665
3.93,7,137.316341
1.95,5,137.318196
5.92,8,137.320833
1.95,5,137.322491
5.91,9,137.32543
5.91,9,137.328444
5.93,7,137.330718
1.97,3,137.331745
5.91,9,137.536724
1.97,3,137.537917
1.97,3,137.538992
1.97,3,137.54004
13.89,11,137.543867
3.93,7,137.546487
3.93,7,137.54882
1.95,5,137.551193
5.92,8,137.554065
1.97,3,137.555148
1.95,5,137.556809
1.96,4,137.558154
1.96,4,137.559954
1.95,5,137.561729
1.97,3,137.562798
3.93,7,137.565085
1.95,5,137.566747
1.96,4,137.568085
1.95,5,137.570051
5.93,7,137.572494
5.93,7,137.574826
1.97,3,137.576037
1.97,3,137.577126
3.94,6,137.579112
5.91,9,137.813288
3.95,5,137.815101
1.95,5,137.816775
5.91,9,137.820244
13.91,9,137.823722
3.95,5,137.825822
1.96,4,137.827265
1.95,5,137.82898
3.95,5,137.830673
1.95,5,137.832359
1.95,5,137.834251
1.97,3,137.835352
1.97,3,137.836423
5.92,8,137.839044
5.93,7,137.841342
1.95,5,137.84356
1.97,3,137.844845
1.97,3,137.845953
1.97,3,137.847039
1.95,5,137.848764
1.97,3,137.849824
1.95,5,137.851505
3.93,7,137.854153
3.93,7,137.856604
1.95,5,137.858312
1.95,5,138.073254
3.93,7,138.075703
1.97,3,138.076767
3.95,5,138.078415
3.93,7,138.080662
3.93,7,138.083548
3.95,5,138.0856
3.95,5,138.087331
3.95,5,138.089041
5.92,8,138.091981
1.95,5,138.093856
1.97,3,138.094964
5.91,9,138.097914
1.95,5,138.099583
3.93,7,138.102413
3.93,7,138.104858
1.96,4,138.106243
13.9,10,138.109669
13.89,11,138.113594
1.95,5,138.115364
1.97,3,138.116447
3.93,7,138.338836
1.95,5,138.340616
3.93,7,138.343482
3.93,7,138.345987
3.95,5,138.348072
3.95,5,138.349909
3.95,5,138.351883
3.93,7,138.354253
5.91,9,138.357422
1.96,4,138.358916
13.89,11,138.362573
3.93,7,138.364879
1.95,5,138.36656
3.93,7,138.368997
1.95,5,138.370685
1.95,5,138.372363
3.95,5,138.374045
1.95,5,138.376058
1.95,5,138.377798
5.91,9,138.381059
3.93,7,138.600976
1.97,3,138.602221
5.91,9,138.605174
1.95,5,138.606878
1.95,5,138.608537
1.97,3,138.609562
1.95,5,138.611741
-0.03,3,138.612885
3.94,6,138.615113
1.95,5,138.616771
3.93,7,138.619133
1.95,5,138.622017
3.93,7,138.624649
3.93,7,138.626983
1.95,5,138.628677
1.97,3,138.629736
5.91,9,138.63304
3.93,7,138.636059
1.95,5,138.637882
1.97,3,138.638971
3.93,7,138.641598
1.97,3,138.642875
1.97,3,138.643983
1.97,3,138.645044
3.95,5,138.646733
3.93,7,138.846226
1.95,5,138.847997
1.97,3,138.849051
5.92,8,138.851652
1.96,4,138.85301
3.93,7,138.855846
1.97,3,138.857055
1.95,5,138.858866
3.95,5,138.860742
1.95,5,138.862432
1.95,5,138.864121
5.93,7,138.866673
1.97,3,138.867916
1.97,3,138.869015
1.95,5,138.870732
3.93,7,138.873058
1.95,5,138.874728
3.93,7,138.877094
5.91,9,138.880011
1.95,5,138.881666
1.97,3,138.882697
1.95,5,138.884732
5.92,8,138.887824
1.96,4,138.889249
13.91,9,139.088081
5.91,9,139.091088
1.95,5,139.092911
3.93,7,139.09561
5.91,9,139.09916
3.95,5,139.101215
1.95,5,139.102986
3.95,5,139.104706
3.94,6,139.1072
3.93,7,139.109884
13.89,11,139.113522
1.95,5,139.115183
5.91,9,139.118116
1.95,5,139.119782
1.97,3,139.120813
3.93,7,139.123071
-0.03,3,139.124096
13.91,9,139.127599
3.95,5,139.129447
5.91,9,139.351772
3.93,7,139.354297
1.97,3,139.35535
1.95,5,139.357049
3.95,5,139.358731
5.91,9,139.362161
3.95,5,139.363975
1.97,3,139.365048
1.96,4,139.366456
1.95,5,139.368311
1.95,5,139.370015
1.95,5,139.3717
1.97,3,139.372749
3.93,7,139.375178
5.91,9,139.378257
3.95,5,139.380242
1.95,5,139.381948
3.94,6,139.384126
13.89,11,139.388444
1.95,5,139.390199
3.93,7,139.392538
5.93,7,139.394903
1.97,3,139.396516
1.97,3,139.397806
3.93,7,139.623618
1.95,5,139.62544
3.93,7,139.627935
3.95,5,139.629612
3.94,6,139.63176
1.97,3,139.63289
1.97,3,139.634234
1.97,3,139.635613
1.97,3,139.636958
1.95,5,139.638666
1.97,3,139.63971
3.93,7,139.641997
1.95,5,139.643843
3.95,5,139.645549
1.96,4,139.646904
1.95,5,139.648561
1.97,3,139.649592
3.93,7,139.651986
3.95,5,139.65368
5.93,7,139.656077
1.95,5,139.657749
3.93,7,139.660242
13.89,11,139.663852
3.93,7,139.666142
3.93,7,139.894444
1.97,3,139.895793
3.94,6,139.897842
5.93,7,139.900136
1.97,3,139.901768
5.91,9,139.904831
5.91,9,139.90784
1.97,3,139.909145
1.95,5,139.910958
3.93,7,139.91329
1.95,5,139.915071
3.93,7,139.917559
1.97,3,139.918644
5.91,9,139.921602
13.89,11,139.925203
1.95,5,139.927299
1.95,5,139.929102
1.97,3,139.930224
5.93,7,139.93254
5.91,9,139.935669
5.91,9,140.153732
1.95,5,140.155529
5.91,9,140.158485
1.96,4,140.160077
1.97,3,140.16117
5.92,8,140.163775
3.93,7,140.166486
3.95,5,140.168238
3.93,7,140.170524
1.97,3,140.171555
3.93,7,140.173821
1.95,5,140.175878
1.97,3,140.177108
1.97,3,140.178237
5.91,9,140.181228
3.94,6,140.183258
13.89,11,140.187192
1.97,3,140.188323
1.97,3,140.18938
-0.03,3,140.190415
1.95,5,140.192184
3.93,7,140.194667
-0.03,3,140.195719
1.97,3,140.196761
1.95,5,140.420166
5.91,9,140.423208
3.93,7,140.425492
5.91,9,140.428405
1.95,5,140.430098
1.95,5,140.431794
1.95,5,140.433488
-0.03,3,140.434521
1.95,5,140.436168
1.95,5,140.437803
1.96,4,140.439652
5.91,9,140.44289
3.93,7,140.445402
5.91,9,140.44838
13.89,11,140.451963
1.97,3,140.453007
-0.03,3,140.454041
1.95,5,140.457502
3.93,7,140.459775
3.93,7,140.462064
13.89,11,140.688374
3.93,7,140.691227
3.95,5,140.693016
1.95,5,140.6947
1.97,3,140.695826
1.95,5,140.697681
1.95,5,140.699378
5.91,9,140.702538
-0.03,3,140.703618
1.95,5,140.705316
1.95,5,140.707525
3.95,5,140.709256
3.93,7,140.711613
1.95,5,140.713279
1.97,3,140.714315
1.95,5,140.716166
3.95,5,140.718106
1.95,5,140.719856
1.95,5,140.721563
3.93,7,140.723949
-0.03,3,140.724993
1.95,5,140.727288
1.95,5,140.729206
3.93,7,140.73154
5.91,9,140.933552
3.93,7,140.936313
1.97,3,140.937405
3.95,5,140.939129
3.93,7,140.941485
1.95,5,140.94322
3.94,6,140.945239
1.95,5,140.947091
5.92,8,140.950164
3.93,7,140.953174
1.95,5,140.955096
3.93,7,140.957483
1.97,3,140.958532
1.95,5,140.960344
5.91,9,140.963431
1.95,5,140.965098
1.95,5,140.966733
5.91,9,140.970026
13.91,9,140.97308
-0.03,3,140.974153
1.95,5,140.975816
1.95,5,140.977999
1.96,4,141.174892
1.95,5,141.177842
1.95,5,141.179708
-0.03,3,141.180822
1.97,3,141.18189
1.95,5,141.183888
3.94,6,141.185935
1.95,5,141.187597
5.91,9,141.190494
1.97,3,141.191519
3.93,7,141.194153
3.93,7,141.196768
3.93,7,141.199099
5.91,9,141.202011
1.97,3,141.203151
1.95,5,141.205106
1.95,5,141.206828
13.89,11,141.210483
1.97,3,141.211553
5.91,9,141.214517
3.93,7,141.216988
1.95,5,141.219057
1.95,5,141.440733
1.97,3,141.441974
3.93,7,141.444753
1.95,5,141.446481
1.96,4,141.447842
3.93,7,141.450658
1.95,5,141.452709
1.95,5,141.454425
1.95,5,141.456101
1.95,5,141.457752
3.93,7,141.460597
1.95,5,141.462383
-0.03,3,141.46344
1.95,5,141.465358
-0.03,3,141.466439
5.91,9,141.47022
3.95,5,141.472383
3.95,5,141.474163
1.95,5,141.475863
1.96,4,141.477221
1.95,5,141.478893
-0.03,3,141.480216
1.95,5,141.481997
5.91,9,141.485292
3.94,6,141.487335
3.93,7,141.686121
-0.03,3,141.687282
-0.03,3,141.688329
1.95,5,141.689992
3.95,5,141.691651
-0.03,3,141.692689
5.91,9,141.696196
3.93,7,141.69863
3.93,7,141.701198
1.96,4,141.702655
3.93,7,141.704983
13.9,10,141.708231
1.97,3,141.709385
1.95,5,141.711043
1.95,5,141.712705
3.93,7,141.714994
1.97,3,141.716032
1.95,5,141.718249
1.97,3,141.719788
1.97,3,141.720992
1.95,5,141.722781
1.95,5,141.724515
13.89,11,141.728337
3.94,6,141.971506
1.95,5,141.973563
1.97,3,141.974659
1.96,4,141.976471
1.95,5,141.978277
1.95,5,141.980225
1.95,5,141.982095
3.94,6,141.984417
1.95,5,141.986355
3.95,5,141.98807
5.91,9,141.991247
1.95,5,141.993073
1.96,4,141.994625
3.94,6,141.996683
3.93,7,141.999
3.94,6,142.001117
3.93,7,142.003419
3.93,7,142.005869
3.93,7,142.008232
5.91,9,142.011973
1.95,5,142.013714
3.93,7,142.016048
5.91,9,142.207085
3.95,5,142.209069
1.95,5,142.210927
3.95,5,142.212633
13.91,9,142.21573
1.97,3,142.216842
1.97,3,142.218405
3.94,6,142.220655
1.96,4,142.222093
3.94,6,142.224138
1.95,5,142.226257
1.96,4,142.227777
3.93,7,142.230119
3.94,6,142.23211
1.97,3,142.233146
1.95,5,142.234808
1.95,5,142.236762
3.94,6,142.238824
-0.03,3,142.23989
1.96,4,142.241294
1.96,4,142.242799
1.95,5,142.244572
1.95,5,142.246272
1.95,5,142.247939
5.91,9,142.250982
-0.03,3,142.451481
5.93,7,142.453902
1.97,3,142.454955
3.93,7,142.457204
1.97,3,142.458225
3.93,7,142.460911
5.93,7,142.463585
1.95,5,142.465315
3.93,7,142.468028
3.93,7,142.470808
1.95,5,142.47259
1.95,5,142.474293
3.93,7,142.47712
3.94,6,142.479179
5.93,7,142.481708
1.95,5,142.483448
1.95,5,142.485324
3.93,7,142.487734
1.95,5,142.48952
1.97,3,142.490581
1.95,5,142.492351
3.95,5,142.494108
3.93,7,142.49656
5.91,9,142.663645
1.95,5,142.66544
5.91,9,142.668874
1.95,5,142.670917
1.95,5,142.672756
13.9,10,142.676396
3.93,7,142.67904
3.93,7,142.681774
1.97,3,142.682893
-0.03,3,142.68404
3.93,7,142.686629
1.96,4,142.688029
-0.03,3,142.689112
5.91,9,142.69233
3.93,7,142.694756
1.95,5,142.696432
1.95,5,142.698076
3.95,5,142.699731
1.97,3,142.700756
1.95,5,142.702596
-0.03,3,142.703746
3.93,7,142.70602
-0.03,3,142.707045
1.95,5,142.910952
1.97,3,142.912081
5.93,7,142.914418
3.95,5,142.916077
1.95,5,142.917741
1.96,4,142.919593
3.93,7,142.922083
3.95,5,142.923799
3.93,7,142.92709
5.93,7,142.929543
5.91,9,142.9325
1.95,5,142.934691
1.95,5,142.936522
5.93,7,142.93883
3.94,6,142.940842
13.91,9,142.943858
3.95,5,142.945957
5.91,9,142.949291
5.93,7,142.95175
1.97,3,142.952791
3.93,7,142.955479
1.95,5,143.147821
1.95,5,143.149713
1.97,3,143.150937
3.93,7,143.153286
1.95,5,143.155001
1.96,4,143.156406
1.95,5,143.158077
3.95,5,143.159951
1.95,5,143.161638
3.94,6,143.163648
3.93,7,143.165975
3.93,7,143.168353
13.91,9,143.171278
3.93,7,143.173557
1.97,3,143.174598
3.94,6,143.177466
3.95,5,143.179293
5.91,9,143.18226
3.95,5,143.18396
5.93,7,143.186747
1.97,3,143.18792
3.93,7,143.190276
3.95,5,143.381872
1.97,3,143.383144
1.97,3,143.384935
1.97,3,143.386717
1.97,3,143.387874
1.97,3,143.388955
3.95,5,143.390997
1.97,3,143.39236
5.93,7,143.394748
1.97,3,143.395805
1.95,5,143.397467
1.95,5,143.399138
3.93,7,143.4014
1.97,3,143.402803
1.95,5,143.404587
1.96,4,143.405977
3.95,5,143.40766
5.92,8,143.410473
1.97,3,143.411552
3.95,5,143.413234
1.97,3,143.414279
3.95,5,143.416215
1.95,5,143.41806
1.97,3,143.41913
1.97,3,143.420168
3.93,7,143.42245
13.89,11,143.426546
3.95,5,143.428452
1.97,3,143.66048
1.95,5,143.662372
3.93,7,143.664697
1.95,5,143.666359
3.94,6,143.668344
3.93,7,143.671162
1.97,3,143.672353
3.95,5,143.674075
5.91,9,143.67776
5.91,9,143.680792
3.95,5,143.68249
1.97,3,143.68354
1.95,5,143.685734
3.94,6,143.6878
1.95,5,143.689498
3.95,5,143.691158
1.95,5,143.69281
3.93,7,143.695384
1.95,5,143.697149
1.96,4,143.69854
3.93,7,143.701061
1.96,4,143.702532
1.95,5,143.704239
3.94,6,143.898878
1.97,3,143.900172
13.89,11,143.904063
3.94,6,143.90625
1.95,5,143.907946
1.97,3,143.909048
3.93,7,143.911351
1.95,5,143.913019
3.95,5,143.914674
5.91,9,143.917578
3.93,7,143.919859
3.95,5,143.921508
1.95,5,143.923148
1.96,4,143.924475
1.96,4,143.926506
-0.03,3,143.927691
1.95,5,143.929386
1.96,4,143.930737
3.93,7,143.93303
1.95,5,143.934711
1.95,5,143.936819
1.95,5,143.938584
1.95,5,143.940294
1.96,4,143.941691
1.95,5,143.943545
3.95,5,144.169727
5.93,7,144.172139
3.93,7,144.174495
3.93,7,144.17789
1.95,5,144.179645
1.96,4,144.18102
1.96,4,144.182386
1.97,3,144.183507
1.97,3,144.184584
5.91,9,144.18781
1.97,3,144.188878
3.93,7,144.191176
1.97,3,144.192307
3.93,7,144.194715
3.94,6,144.19672
3.95,5,144.198404
5.93,7,144.200788
1.97,3,144.201964
5.91,9,144.205278
1.97,3,144.206564
3.95,5,144.208246
1.97,3,144.209286
1.97,3,144.210311
3.95,5,144.212276
1.97,3,144.213381
1.97,3,144.410294
13.89,11,144.41419
13.89,11,144.41842
1.96,4,144.420084
1.97,3,144.421232
1.97,3,144.422289
5.93,7,144.424637
5.91,9,144.428011
1.97,3,144.429382
1.95,5,144.431195
3.94,6,144.43324
1.97,3,144.434591
1.95,5,144.436377
1.97,3,144.437435
1.95,5,144.439212
3.94,6,144.441451
1.95,5,144.443441
1.97,3,144.444578
3.93,7,144.446865
1.97,3,144.447918
1.97,3,144.448955
1.95,5,144.450743
3.95,5,144.452509
1.95,5,144.454206
5.91,9,144.680348
5.91,9,144.683479
3.95,5,144.685162
3.95,5,144.686804
5.92,8,144.689842
3.93,7,144.692538
1.96,4,144.694109
5.91,9,144.697181
5.91,9,144.700118
1.95,5,144.701993
1.95,5,144.703686
3.95,5,144.70536
5.9,10,144.708563
3.95,5,144.710347
1.95,5,144.712049
3.95,5,144.713732
5.91,9,144.716788
5.92,8,144.719935
3.94,6,144.722049
5.91,9,144.923716
5.91,9,144.927909
1.95,5,144.929708
3.93,7,144.93216
1.96,4,144.933587
1.97,3,144.935002
5.91,9,144.93801
3.93,7,144.940322
1.97,3,144.941374
5.91,9,144.944534
1.95,5,144.946319
1.97,3,144.947475
3.94,6,144.949717
5.93,7,144.95226
5.93,7,144.954746
1.95,5,144.956426
1.95,5,144.958078
13.89,11,144.961588
3.95,5,144.963231
1.95,5,144.965426
1.95,5,144.967277
1.95,5,144.969127
1.95,5,145.183083
1.97,3,145.184633
1.95,5,145.18646
-0.02,2,145.187206
1.97,3,145.188266
3.93,7,145.190606
1.95,5,145.19274
1.97,3,145.193914
3.95,5,145.195661
3.93,7,145.197961
1.97,3,145.199015
1.97,3,145.200051
1.97,3,145.201244
1.97,3,145.202357
1.95,5,145.204056
5.93,7,145.206535
1.96,4,145.2079
5.91,9,145.211087
3.95,5,145.212791
-0.02,2,145.213523
1.97,3,145.214557
3.94,6,145.216534
3.95,5,145.218435
13.91,9,145.221431
3.95,5,145.223121
5.91,9,145.226007
1.95,5,145.424192
1.95,5,145.426112
3.93,7,145.428994
3.93,7,145.431369
1.96,4,145.432818
1.97,3,145.434524
5.91,9,145.437583
1.95,5,145.439283
1.95,5,145.440946
5.92,8,145.443929
1.97,3,145.445071
3.95,5,145.446766
1.95,5,145.44842
1.97,3,145.449453
3.94,6,145.451515
1.97,3,145.452553
3.95,5,145.454204
1.95,5,145.456088
1.95,5,145.457857
1.95,5,145.459875
3.93,7,145.462287
1.95,5,145.463974
5.91,9,145.467268
1.97,3,145.468442
1.95,5,145.668587
1.95,5,145.670443
1.96,4,145.671807
5.93,7,145.674084
1.97,3,145.675112
3.93,7,145.678967
1.97,3,145.680117
1.95,5,145.681843
1.95,5,145.683565
5.93,7,145.686313
1.95,5,145.688237
5.91,9,145.691424
1.96,4,145.693071
3.93,7,145.695497
1.95,5,145.697187
1.97,3,145.698461
3.93,7,145.701024
5.93,7,145.703414
1.95,5,145.705093
3.93,7,145.707379
3.93,7,145.709861
3.93,7,145.712248
1.95,5,145.713935
1.97,3,145.715106
5.93,7,145.910246
3.95,5,145.912014
3.93,7,145.914325
3.94,6,145.916302
1.95,5,145.918464
3.95,5,145.920236
1.95,5,145.921917
3.95,5,145.923607
1.97,3,145.924669
1.95,5,145.926782
1.95,5,145.928519
1.97,3,145.929603
5.91,9,145.932528
1.95,5,145.934178
1.97,3,145.935202
3.93,7,145.938018
3.94,6,145.940154
3.94,6,145.942381
5.91,9,145.945362
3.95,5,145.947348
1.95,5,145.949361
3.94,6,145.951422
1.97,3,145.952452
1.97,3,145.953466
1.95,5,146.1538
3.95,5,146.155679
1.97,3,146.156761
5.91,9,146.160049
3.94,6,146.162113
3.95,5,146.163895
1.95,5,146.165943
1.95,5,146.167745
3.95,5,146.169427
3.95,5,146.171092
1.95,5,146.172977
1.95,5,146.17473
5.91,9,146.177971
1.96,4,146.179343
3.93,7,146.181595
1.97,3,146.182977
1.95,5,146.184898
3.93,7,146.187205
3.93,7,146.189517
1.97,3,146.190565
1.97,3,146.191607
1.95,5,146.193571
3.95,5,146.195308
3.94,6,146.197331
1.95,5,146.394131
3.93,7,146.396573
-0.02,2,146.397314
1.95,5,146.398983
1.97,3,146.400026
5.93,7,146.402434
1.95,5,146.404105
1.95,5,146.405822
3.93,7,146.40817
1.95,5,146.409876
1.95,5,146.411571
1.97,3,146.413295
1.95,5,146.41548
3.93,7,146.417971
5.91,9,146.420975
1.97,3,146.422401
13.91,9,146.425787
3.93,7,146.428223
3.94,6,146.430315
1.97,3,146.43163
3.95,5,146.433761
1.97,3,146.434971
3.93,7,146.437339
1.97,3,146.438405
3.95,5,146.634667
3.95,5,146.636653
13.89,11,146.640289
1.97,3,146.641342
3.93,7,146.644201
1.95,5,146.646062
1.96,4,146.647458
1.97,3,146.648538
3.95,5,146.650235
1.95,5,146.65199
1.95,5,146.653702
1.95,5,146.655639
3.93,7,146.658023
5.93,7,146.660461
3.95,5,146.662207
1.95,5,146.663888
1.96,4,146.665249
3.93,7,146.667828
1.97,3,146.668913
1.97,3,146.669967
3.95,5,146.671612
3.93,7,146.673874
3.93,7,146.676693
5.91,9,146.912368
1.96,4,146.913996
5.91,9,146.916952
5.91,9,146.919827
5.91,9,146.92335
1.95,5,146.939134
5.91,9,146.945805
3.95,5,146.947922
3.95,5,146.94974
5.93,7,146.952518
1.96,4,146.953927
1.97,3,146.954991
1.95,5,146.957134
1.97,3,146.958445
3.95,5,146.960348
3.93,7,146.963042
1.95,5,146.964809
13.91,9,146.968206
3.95,5,146.969942
1.95,5,146.971621
13.9,10,146.974819
3.95,5,147.191365
3.95,5,147.193222
3.93,7,147.195532
1.95,5,147.197207
3.95,5,147.198867
1.95,5,147.200961
5.91,9,147.204183
1.95,5,147.20614
1.95,5,147.207896
1.95,5,147.20973
3.93,7,147.212094
1.97,3,147.213187
1.97,3,147.214254
3.95,5,147.215942
13.89,11,147.219739
1.95,5,147.221403
1.95,5,147.223038
3.95,5,147.224683
3.93,7,147.227398
1.97,3,147.228515
1.97,3,147.22959
1.97,3,147.230648
5.93,7,147.232955
1.97,3,147.234259
1.97,3,147.235433
3.94,6,147.465087
3.95,5,147.466905
1.96,4,147.468313
5.93,7,147.470758
5.91,9,147.474195
3.94,6,147.476489
3.93,7,147.47887
3.93,7,147.481215
1.97,3,147.482291
3.95,5,147.484024
3.94,6,147.486252
1.95,5,147.487947
3.93,7,147.49021
1.97,3,147.491255
1.97,3,147.492293
3.93,7,147.494843
3.95,5,147.496601
1.96,4,147.498028
1.97,3,147.499249
3.94,6,147.50135
1.95,5,147.503028
1.97,3,147.504082
3.93,7,147.506652
5.91,9,147.699154
5.91,9,147.702263
5.93,7,147.704524
5.91,9,147.707365
3.93,7,147.710305
1.95,5,147.712035
3.93,7,147.714336
5.92,8,147.71692
13.91,9,147.720518
13.89,11,147.724067
1.95,5,147.725703
1.95,5,147.727325
3.93,7,147.730054
1.95,5,147.731817
1.95,5,147.7335
3.93,7,147.736079
1.97,3,147.737173
1.96,4,147.738551
1.97,3,147.739598
1.96,4,147.740947
5.93,7,147.743445
3.93,7,147.971046
1.96,4,147.972516
1.95,5,147.974212
3.95,5,147.975914
5.91,9,147.979562
1.97,3,147.980598
1.97,3,147.981623
3.95,5,147.98327
3.95,5,147.984922
1.97,3,147.985951
5.91,9,147.989428
1.97,3,147.990595
3.94,6,147.992709
1.97,3,147.993812
1.97,3,147.994862
1.97,3,147.995906
1.97,3,147.997145
1.97,3,147.998297
1.95,5,147.999996
3.94,6,148.002056
1.95,5,148.003773
1.97,3,148.004821
1.95,5,148.006511
1.95,5,148.008172
1.97,3,148.009545
1.97,3,148.010649
1.95,5,148.012346
1.95,5,148.013984
3.95,5,148.214471
3.95,5,148.216718
1.95,5,148.218826
3.93,7,148.22121
3.95,5,148.223257
1.97,3,148.224401
3.93,7,148.227132
3.95,5,148.22891
3.93,7,148.231236
13.89,11,148.235292
1.95,5,148.237087
1.97,3,148.238139
3.95,5,148.239799
1.97,3,148.240853
1.97,3,148.241884
1.95,5,148.243644
5.91,9,148.246607
1.95,5,148.24826
1.97,3,148.249302
5.91,9,148.252247
5.93,7,148.254534
1.96,4,148.255942
5.91,9,148.475652
5.91,9,148.478795
3.93,7,148.481099
5.92,8,148.483713
3.95,5,148.486006
5.93,7,148.488479
3.92,8,148.491115
1.95,5,148.492788
1.95,5,148.494432
1.95,5,148.496087
1.96,4,148.497437
5.91,9,148.500304
5.91,9,148.5036
1.95,5,148.505301
1.97,3,148.506336
13.91,9,148.509233
3.95,5,148.51142
5.93,7,148.513844
1.95,5,148.515542
5.93,7,148.518184
1.95,5,148.519894
1.95,5,148.710968
3.95,5,148.712683
3.94,6,148.714637
13.89,11,148.718958
1.96,4,148.720552
5.91,9,148.723518
1.96,4,148.724912
1.95,5,148.726966
1.95,5,148.72868
1.97,3,148.729724
3.93,7,148.731979
5.92,8,148.734735
1.97,3,148.73582
1.97,3,148.736866
3.95,5,148.738529
3.93,7,148.740783
1.95,5,148.742493
5.91,9,148.745585
3.93,7,148.747909
1.97,3,148.748959
3.93,7,148.751305
1.97,3,148.752358
5.91,9,148.976526
1.95,5,148.978364
5.93,7,148.980702
5.91,9,148.983878
1.95,5,148.985619
3.93,7,148.987899
3.93,7,148.990188
1.97,3,148.991255
1.95,5,148.992912
1.97,3,148.994264
1.96,4,148.99578
1.97,3,148.996853
3.95,5,148.998534
3.94,6,149.000537
3.95,5,149.002226
3.95,5,149.003906
1.97,3,149.004939
1.95,5,149.006603
1.95,5,149.008275
3.93,7,149.010549
1.97,3,149.011585
1.97,3,149.012615
1.97,3,149.013959
3.94,6,149.016091
13.89,11,149.216954
-0.03,3,149.218779
5.91,9,149.221764
3.93,7,149.224041
3.93,7,149.226935
1.95,5,149.228736
1.97,3,149.229796
1.95,5,149.231477
3.95,5,149.23335
5.9,10,149.237066
3.92,8,149.239818
3.93,7,149.242234
1.95,5,149.244038
1.95,5,149.245844
3.93,7,149.248271
3.95,5,149.250008
5.93,7,149.252341
1.97,3,149.253402
3.95,5,149.255072
3.93,7,149.257376
5.9,10,149.260575
1.97,3,149.261608
1.97,3,149.462454
3.93,7,149.464858
3.93,7,149.467143
3.93,7,149.469503
1.97,3,149.470906
5.93,7,149.473546
3.93,7,149.47615
3.93,7,149.478564
1.97,3,149.479615
3.92,8,149.48222
1.97,3,149.483267
1.97,3,149.484353
1.97,3,149.485399
3.93,7,149.487674
1.97,3,149.488706
1.95,5,149.490359
3.92,8,149.492971
3.93,7,149.495378
1.97,3,149.496502
5.93,7,149.498874
3.93,7,149.501204
13.89,11,149.504787
1.97,3,149.720477
5.91,9,149.723631
3.95,5,149.725309
3.95,5,149.726967
1.97,3,149.727996
5.93,7,149.730775
3.93,7,149.733283
1.95,5,149.735065
3.93,7,149.737411
3.92,8,149.740063
1.97,3,149.741112
5.93,7,149.743727
3.92,8,149.746515
3.93,7,149.748829
-0.04,4,149.75018
1.97,3,149.751365
3.93,7,149.753701
-0.03,3,149.75476
-0.04,4,149.756119
1.97,3,149.757165
3.95,5,149.759065
3.92,8,149.7625
-0.04,4,149.76399
1.97,3,149.765082
1.97,3,149.958051
1.95,5,149.960739
1.96,4,149.962257
1.95,5,149.96396
5.9,10,149.967507
1.94,6,149.969755
1.95,5,149.971498
1.95,5,149.973218
1.94,6,149.975194
-0.04,4,149.976521
1.95,5,149.978658
3.93,7,149.981112
1.95,5,149.982811
3.93,7,149.98545
1.95,5,149.987266
5.9,10,149.99065
1.95,5,149.992512
1.94,6,149.994613
1.95,5,149.996296
3.95,5,149.997967
1.95,5,149.999624
13.89,11,150.003124
3.93,7,150.228804
3.93,7,150.231218
1.95,5,150.232903
1.95,5,150.234636
5.91,9,150.237791
3.93,7,150.240168
3.95,5,150.241847
1.95,5,150.243562
5.93,7,150.245867
3.93,7,150.24813
-0.03,3,150.249166
1.95,5,150.250912
1.95,5,150.252559
3.92,8,150.255113
5.91,9,150.257989
-0.04,4,150.259312
5.91,9,150.262239
1.95,5,150.26455
1.97,3,150.265648
-0.04,4,150.267023
5.91,9,150.269971
1.95,5,150.45904
1.95,5,150.460841
1.97,3,150.461903
1.95,5,150.463596
1.95,5,150.465271
1.97,3,150.466309
1.95,5,150.467973
1.95,5,150.469634
3.93,7,150.472075
1.95,5,150.47385
1.97,3,150.475028
1.97,3,150.476144
3.95,5,150.477975
1.94,6,150.480006
5.93,7,150.482292
1.95,5,150.484028
1.95,5,150.485715
3.93,7,150.487981
1.96,4,150.489312
3.95,5,150.490945
1.97,3,150.491961
5.9,10,150.495119
1.96,4,150.496455
1.95,5,150.498081
1.97,3,150.499098
3.95,5,150.500723
-0.03,3,150.711712
1.94,6,150.713827
3.93,7,150.716131
3.94,6,150.718115
3.93,7,150.720398
5.93,7,150.72335
3.92,8,150.726154
3.92,8,150.728784
1.97,3,150.729807
1.95,5,150.731423
1.97,3,150.732809
-0.03,3,150.734017
3.94,6,150.736218
3.93,7,150.738557
1.97,3,150.739608
3.95,5,150.74126
1.97,3,150.742303
3.93,7,150.744578
1.97,3,150.745614
-0.04,4,150.74695
3.93,7,150.749209
3.93,7,150.75146
1.97,3,150.75249
1.94,6,150.754421
1.94,6,150.935416
5.93,7,150.937856
3.94,6,150.939903
1.97,3,150.940984
1.94,6,150.942957
1.95,5,150.945305
-0.04,4,150.946805
1.95,5,150.948497
5.91,9,150.951664
1.95,5,150.953395
5.93,7,150.955743
-0.03,3,150.956937
5.91,9,150.960324
1.96,4,150.961758
-0.03,3,150.962803
5.92,8,150.965417
5.91,9,150.969508
1.95,5,150.971334
3.93,7,150.97369
1.97,3,150.974762
1.96,4,150.976467
1.95,5,150.978279
-0.03,3,150.979332
3.93,7,151.175656
1.95,5,151.177494
5.93,7,151.179954
5.91,9,151.182935
-0.03,3,151.184324
1.97,3,151.185698
3.95,5,151.187453
1.95,5,151.189155
1.95,5,151.190838
3.94,6,151.193117
1.95,5,151.195272
1.96,4,151.196691
3.94,6,151.198701
3.93,7,151.201008
1.95,5,151.202694
1.95,5,151.20464
3.94,6,151.2068
3.94,6,151.208934
5.93,7,151.211328
1.97,3,151.212361
3.95,5,151.214026
1.95,5,151.215754
1.95,5,151.217644
3.94,6,151.219816
3.93,7,151.411995
5.91,9,151.415131
3.95,5,151.416849
3.95,5,151.419013
3.93,7,151.421805
1.95,5,151.423599
1.97,3,151.424744
1.95,5,151.427188
13.91,9,151.430906
1.95,5,151.432686
1.96,4,151.434242
1.97,3,151.435437
-0.03,3,151.436529
3.94,6,151.438545
3.93,7,151.441264
1.95,5,151.443093
1.95,5,151.444836
1.97,3,151.445898
1.94,6,151.447855
3.93,7,151.450183
5.91,9,151.45319
3.93,7,151.45552
5.91,9,151.649643
5.91,9,151.652705
1.95,5,151.654372
3.93,7,151.656645
1.95,5,151.658883
1.95,5,151.660648
5.92,8,151.66326
3.93,7,151.665545
1.97,3,151.666569
3.93,7,151.669236
1.95,5,151.671018
5.91,9,151.673983
3.93,7,151.677275
3.95,5,151.67978
3.95,5,151.681586
1.95,5,151.683324
3.93,7,151.685959
1.95,5,151.687648
3.93,7,151.690943
5.91,9,151.694214
5.91,9,151.882712
3.93,7,151.885634
1.97,3,151.887376
3.95,5,151.889331
1.97,3,151.890611
5.93,7,151.893389
3.93,7,151.895731
3.95,5,151.897407
3.93,7,151.899683
1.95,5,151.901391
3.93,7,151.903756
1.95,5,151.905421
3.95,5,151.907046
1.95,5,151.908665
3.93,7,151.911241
1.97,3,151.91238
1.97,3,151.913436
3.95,5,151.915131
3.95,5,151.916816
3.93,7,151.919305
1.95,5,151.921202
1.95,5,151.923041
1.95,5,151.924964
5.93,7,151.927861
3.95,5,152.101393
3.93,7,152.103776
3.93,7,152.106071
1.95,5,152.107728
1.95,5,152.109874
13.89,11,152.113742
1.95,5,152.115691
1.95,5,152.117713
1.95,5,152.119703
1.97,3,152.120859
1.95,5,152.122583
1.95,5,152.12427
-0.03,3,152.125334
1.96,4,152.12695
1.97,3,152.128038
1.95,5,152.129813
1.97,3,152.130877
1.95,5,152.132564
-0.03,3,152.133639
3.94,6,152.13639
5.91,9,152.13937
13.89,11,152.142965
3.95,5,152.144756
3.95,5,152.370888
1.95,5,152.372721
5.91,9,152.375979
1.96,4,152.377455
1.95,5,152.379142
1.97,3,152.3802
13.91,9,152.383112
3.93,7,152.386219
1.95,5,152.388031
3.93,7,152.390363
1.95,5,152.392028
3.95,5,152.393683
3.93,7,152.396569
3.93,7,152.398961
1.97,3,152.400091
1.95,5,152.401849
3.95,5,152.403552
-0.03,3,152.404602
1.95,5,152.406616
1.96,4,152.408401
1.96,4,152.410003
3.95,5,152.411733
3.93,7,152.414072
1.96,4,152.415434
1.95,5,152.615651
13.91,9,152.619296
1.96,4,152.620742
3.93,7,152.623049
3.94,6,152.625497
5.93,7,152.628164
1.96,4,152.629631
1.97,3,152.630731
1.95,5,152.632429
1.95,5,152.634695
1.95,5,152.636898
1.97,3,152.638032
5.92,8,152.64069
3.94,6,152.642646
5.93,7,152.645451
1.95,5,152.647328
1.95,5,152.649035
1.97,3,152.650083
3.93,7,152.652365
1.95,5,152.654028
1.95,5,152.656105
3.93,7,152.658586
5.93,7,152.660924
3.95,5,152.872643
1.95,5,152.874406
5.92,8,152.87703
5.93,7,152.879327
1.95,5,152.881149
3.95,5,152.882953
3.93,7,152.886328
3.93,7,152.88902
3.93,7,152.892009
1.96,4,152.894127
-0.03,3,152.895534
3.93,7,152.898238
1.97,3,152.899445
1.97,3,152.900815
1.97,3,152.902036
1.95,5,152.90394
5.91,9,152.907222
3.93,7,152.909554
3.93,7,152.91184
1.95,5,152.913524
1.95,5,152.915515
3.95,5,152.917593
1.95,5,152.919623
1.95,5,153.119172
1.97,3,153.12042
1.97,3,153.121506
-0.03,3,153.122562
1.95,5,153.124231
1.97,3,153.125271
1.97,3,153.126689
1.97,3,153.127834
5.91,9,153.131002
-0.02,2,153.131746
1.95,5,153.133409
1.95,5,153.135629
3.93,7,153.137955
1.95,5,153.140181
1.96,4,153.141726
1.95,5,153.143506
-0.02,2,153.144252
1.97,3,153.145283
1.95,5,153.146934
5.91,9,153.150183
1.95,5,153.152038
3.95,5,153.153712
1.95,5,153.155363
1.97,3,153.156409
1.96,4,153.157761
1.97,3,153.15916
1.95,5,153.160872
3.95,5,153.162534
5.93,7,153.1648
3.93,7,153.368
1.97,3,153.369181
1.95,5,153.370913
1.95,5,153.372597
1.96,4,153.37395
1.95,5,153.375826
1.97,3,153.376959
3.93,7,153.37962
1.97,3,153.380919
1.97,3,153.382001
1.95,5,153.383685
3.93,7,153.386531
1.95,5,153.388216
1.97,3,153.389268
5.93,7,153.391571
1.96,4,153.392937
1.97,3,153.393978
3.93,7,153.396692
3.93,7,153.399092
3.93,7,153.401632
5.92,8,153.404291
1.97,3,153.405339
3.95,5,153.406994
13.89,11,153.41061
1.95,5,153.630043
1.97,3,153.631224
1.96,4,153.632597
1.97,3,153.633648
3.95,5,153.636121
1.95,5,153.637832
1.95,5,153.639528
1.95,5,153.641173
1.95,5,153.643055
-0.03,3,153.644235
5.92,8,153.646893
5.91,9,153.649815
1.95,5,153.651556
1.97,3,153.652613
1.95,5,153.654271
1.95,5,153.656021
1.97,3,153.657082
1.96,4,153.658462
1.95,5,153.660176
3.93,7,153.662463
3.93,7,153.664721
1.95,5,153.666369
1.96,4,153.667704
3.95,5,153.669347
3.95,5,153.670974
5.91,9,153.869208
3.95,5,153.870997
1.97,3,153.872045
3.93,7,153.874307
1.95,5,153.875938
1.95,5,153.877574
1.97,3,153.879057
3.95,5,153.880879
3.93,7,153.883259
1.95,5,153.884957
1.97,3,153.886024
3.93,7,153.888402
1.95,5,153.89029
5.91,9,153.893474
3.93,7,153.895826
5.91,9,153.898741
1.95,5,153.900425
3.95,5,153.902166
5.93,7,153.904445
3.95,5,153.906186
1.97,3,153.907229
1.95,5,153.908878
1.97,3,153.909909
1.95,5,153.911549
3.94,6,154.106937
1.95,5,154.108807
3.94,6,154.110937
3.93,7,154.113265
3.93,7,154.115603
1.97,3,154.116687
3.95,5,154.118474
1.95,5,154.120293
3.93,7,154.122592
1.95,5,154.124236
-0.02,2,154.124952
5.91,9,154.127824
3.94,6,154.129779
1.96,4,154.1311
5.91,9,154.133953
1.95,5,154.135571
5.91,9,154.138429
5.91,9,154.141698
3.95,5,154.143434
1.97,3,154.144471
1.96,4,154.145785
3.93,7,154.148029
3.93,7,154.34068
1.97,3,154.34184
3.95,5,154.344577
1.95,5,154.346344
5.92,8,154.348951
3.93,7,154.35123
1.96,4,154.352556
1.97,3,154.353584
1.97,3,154.354599
1.95,5,154.356225
1.97,3,154.357242
3.93,7,154.359484
1.95,5,154.36112
3.95,5,154.362771
3.95,5,154.364394
3.94,6,154.366327
3.93,7,154.368558
5.91,9,154.371409
1.95,5,154.373037
1.96,4,154.37438
13.91,9,154.377226
1.95,5,154.378844
3.93,7,154.381073
1.95,5,154.573562
5.93,7,154.576075
5.91,9,154.57899
1.95,5,154.58064
5.91,9,154.584032
1.97,3,154.585208
3.94,6,154.587261
3.93,7,154.589603
1.95,5,154.591308
13.91,9,154.594248
-0.03,3,154.595287
13.91,9,154.598616
1.96,4,154.600284
3.93,7,154.602703
3.93,7,154.604998
1.97,3,154.606055
3.95,5,154.607722
1.96,4,154.609426
3.94,6,154.611532
5.91,9,154.614497
3.95,5,154.616376
3.93,7,154.806875
1.95,5,154.80873
5.92,8,154.811417
1.95,5,154.813084
3.95,5,154.81475
1.97,3,154.816248
5.91,9,154.819677
1.96,4,154.821099
1.97,3,154.822315
3.95,5,154.824038
1.94,6,154.826256
3.93,7,154.828644
1.96,4,154.830016
5.93,7,154.832315
1.96,4,154.833675
1.95,5,154.835869
1.95,5,154.837684
1.94,6,154.839692
5.93,7,154.842108
5.92,8,154.845306
3.95,5,154.847271
1.95,5,154.848992
1.95,5,154.850897
3.93,7,155.041047
1.97,3,155.042204
1.97,3,155.043264
1.97,3,155.044304
13.89,11,155.0478
3.95,5,155.049438
1.95,5,155.051059
1.96,4,155.052376
5.93,7,155.054617
1.95,5,155.056244
3.95,5,155.057867
3.93,7,155.060594
5.91,9,155.063924
3.93,7,155.066212
3.95,5,155.068073
5.93,7,155.07065
3.94,6,155.072688
3.93,7,155.075245
1.95,5,155.077257
3.95,5,155.078959
1.95,5,155.080633
3.93,7,155.082916
1.97,3,155.08397
5.93,7,155.305128
3.93,7,155.307568
5.92,8,155.310232
3.95,5,155.311905
3.95,5,155.314081
1.95,5,155.316091
3.93,7,155.318433
3.95,5,155.320105
1.97,3,155.321144
1.97,3,155.322169
3.94,6,155.324587
3.94,6,155.32695
3.95,5,155.328709
1.95,5,155.330385
1.97,3,155.33143
1.97,3,155.332463
3.95,5,155.334113
3.94,6,155.336058
3.93,7,155.338309
1.97,3,155.339347
3.93,7,155.341589
5.91,9,155.344436
3.95,5,155.346054
5.91,9,155.542827
1.95,5,155.5446
1.97,3,155.54566
5.92,8,155.548247
3.93,7,155.550542
3.93,7,155.553425
5.91,9,155.556494
1.95,5,155.558188
1.95,5,155.559869
1.97,3,155.561335
1.95,5,155.563181
3.93,7,155.565555
1.97,3,155.566624
3.93,7,155.569009
3.95,5,155.570704
13.89,11,155.574467
3.93,7,155.577092
1.95,5,155.578813
5.91,9,155.581722
5.91,9,155.584967
1.95,5,155.801045
3.93,7,155.803555
3.95,5,155.805521
3.93,7,155.807967
1.95,5,155.809646
5.91,9,155.813139
3.94,6,155.815139
3.95,5,155.8168
3.93,7,155.819074
1.95,5,155.821023
3.93,7,155.823491
1.95,5,155.825345
3.93,7,155.828013
3.93,7,155.830395
1.97,3,155.831431
1.95,5,155.833072
1.95,5,155.834715
1.96,4,155.836038
3.93,7,155.838288
1.95,5,155.839946
5.91,9,155.842796
3.95,5,155.844434
1.95,5,156.039839
3.95,5,156.041637
13.89,11,156.045168
1.97,3,156.046199
1.95,5,156.047846
3.95,5,156.049497
3.93,7,156.05175
1.95,5,156.053377
3.93,7,156.056234
1.95,5,156.058034
1.97,3,156.059122
5.91,9,156.06207
3.93,7,156.064373
1.95,5,156.066568
1.95,5,156.068687
3.93,7,156.071096
1.96,4,156.072443
1.97,3,156.073483
1.97,3,156.074523
1.95,5,156.07625
1.96,4,156.077599
3.93,7,156.07986
1.97,3,156.080898
1.97,3,156.081918
1.97,3,156.082949
3.93,7,156.308542
1.97,3,156.3102
13.91,9,156.313264
1.97,3,156.314326
1.97,3,156.315595
1.95,5,156.317568
1.97,3,156.318668
3.95,5,156.320414
3.95,5,156.32212
5.93,7,156.32447
3.95,5,156.326169
3.94,6,156.328185
1.95,5,156.329917
1.97,3,156.33097
1.95,5,156.33266
1.96,4,156.334036
3.95,5,156.335732
3.93,7,156.338047
1.95,5,156.339925
1.97,3,156.341042
3.93,7,156.34335
1.96,4,156.344695
1.97,3,156.345723
1.97,3,156.347322
3.93,7,156.349946
3.95,5,156.351875
1.97,3,156.551549
1.95,5,156.553434
3.93,7,156.555766
3.95,5,156.557678
5.91,9,156.561592
1.97,3,156.562945
5.91,9,156.56666
3.93,7,156.569084
5.92,8,156.571833
3.95,5,156.573561
5.91,9,156.577091
1.95,5,156.578833
1.95,5,156.581006
1.95,5,156.58291
3.94,6,156.585303
3.93,7,156.587622
5.91,9,156.59055
1.95,5,156.592221
1.97,3,156.594301
3.93,7,156.596892
3.93,7,156.599265
3.93,7,156.791999
3.95,5,156.793858
3.95,5,156.7956
1.95,5,156.7973
1.97,3,156.79853
5.91,9,156.80191
3.93,7,156.804363
1.96,4,156.805759
1.96,4,156.807147
3.95,5,156.808836
3.93,7,156.8116
5.91,9,156.814691
1.96,4,156.816093
1.95,5,156.81792
1.96,4,156.819328
1.96,4,156.820731
3.93,7,156.823228
13.91,9,156.826352
1.97,3,156.827457
1.95,5,156.829132
5.91,9,156.832082
1.95,5,156.833756
1.97,3,156.834935
1.95,5,157.031599
5.91,9,157.034622
5.93,7,157.036943
3.95,5,157.038599
1.96,4,157.04038
1.95,5,157.042202
3.93,7,157.044544
3.93,7,157.046876
1.97,3,157.047933
1.95,5,157.049621
1.95,5,157.051292
3.95,5,157.052955
3.93,7,157.05598
3.93,7,157.058351
1.95,5,157.060492
3.95,5,157.062278
13.89,11,157.066303
1.95,5,157.068213
1.97,3,157.069299
3.94,6,157.071285
1.97,3,157.072323
1.97,3,157.073355
1.95,5,157.075623
1.95,5,157.295898
3.93,7,157.298317
5.93,7,157.300954
1.95,5,157.302878
1.97,3,157.304102
1.97,3,157.305579
1.95,5,157.307401
1.95,5,157.309417
1.97,3,157.310538
1.95,5,157.312229
3.94,6,157.314331
3.93,7,157.31678
5.91,9,157.319872
1.95,5,157.321565
5.91,9,157.3247
5.91,9,157.327701
1.95,5,157.329411
5.91,9,157.332335
3.93,7,157.334634
1.95,5,157.336305
1.95,5,157.337965
3.93,7,157.529129
1.95,5,157.53098
3.95,5,157.532677
1.95,5,157.534342
3.93,7,157.536614
1.95,5,157.538611
1.96,4,157.540339
5.91,9,157.543615
3.93,7,157.546361
5.93,7,157.548997
1.95,5,157.550926
1.97,3,157.551993
3.95,5,157.553695
3.93,7,157.555972
5.91,9,157.559474
3.93,7,157.561797
13.89,11,157.565328
3.93,7,157.567607
5.91,9,157.570919
5.93,7,157.573319
-0.03,3,157.574381
1.95,5,157.791373
3.94,6,157.793829
5.93,7,157.79624
3.94,6,157.798216
1.95,5,157.800199
1.95,5,157.802005
3.93,7,157.804351
3.93,7,157.806674
1.95,5,157.808572
1.96,4,157.810058
1.95,5,157.811704
3.93,7,157.81396
3.93,7,157.816206
5.91,9,157.819429
3.95,5,157.821219
5.91,9,157.824192
3.93,7,157.826783
1.95,5,157.828497
1.95,5,157.830372
13.89,11,157.833933
1.95,5,158.059705
1.96,4,158.061207
1.97,3,158.06227
1.96,4,158.063622
1.95,5,158.065333
1.97,3,158.066371
1.95,5,158.068534
1.95,5,158.070192
1.96,4,158.071545
3.93,7,158.073797
3.93,7,158.076072
1.95,5,158.078231
1.95,5,158.080438
5.93,7,158.082777
3.93,7,158.085624
3.93,7,158.088294
5.91,9,158.091398
1.95,5,158.093268
1.97,3,158.094323
1.96,4,158.095909
3.93,7,158.098711
1.95,5,158.100638
1.95,5,158.102362
1.95,5,158.104036
5.93,7,158.298884
5.91,9,158.302504
1.95,5,158.304246
3.93,7,158.306527
5.91,9,158.310382
13.89,11,158.314033
3.95,5,158.315712
1.97,3,158.316809
1.96,4,158.318483
5.93,7,158.320847
1.95,5,158.322515
1.95,5,158.324178
1.95,5,158.325818
1.97,3,158.326843
1.95,5,158.328496
13.9,10,158.331722
-0.03,3,158.332746
1.95,5,158.334368
1.95,5,158.336003
3.93,7,158.338242
1.95,5,158.339878
3.93,7,158.575665
13.91,9,158.578904
1.97,3,158.579976
1.95,5,158.581645
3.95,5,158.583306
1.95,5,158.585427
5.91,9,158.588539
1.95,5,158.590237
1.97,3,158.591315
1.95,5,158.593451
1.95,5,158.595628
1.95,5,158.597472
3.94,6,158.599536
5.91,9,158.602919
1.97,3,158.604055
1.95,5,158.606246
5.92,8,158.609088
1.96,4,158.610585
1.95,5,158.61233
3.93,7,158.614711
1.95,5,158.616405
1.95,5,158.618116
3.93,7,158.620438
5.91,9,158.813645
3.93,7,158.816024
3.95,5,158.817699
1.95,5,158.819339
1.95,5,158.820979
13.9,10,158.824804
1.96,4,158.826522
3.93,7,158.828902
3.93,7,158.831226
1.96,4,158.832798
1.95,5,158.834718
1.96,4,158.836355
1.95,5,158.83807
3.93,7,158.840376
1.97,3,158.841462
1.95,5,158.843589
1.95,5,158.845363
3.95,5,158.847087
1.95,5,158.848746
5.93,7,158.851061
1.97,3,158.852557
3.95,5,158.854327
3.93,7,158.856839
1.95,5,159.082328
3.93,7,159.084984
3.93,7,159.087333
1.95,5,159.089012
1.97,3,159.09006
3.93,7,159.092709
1.96,4,159.094397
3.93,7,159.096799
1.95,5,159.098503
3.95,5,159.100168
3.95,5,159.101833
1.95,5,159.103933
1.97,3,159.105118
3.95,5,159.107088
1.95,5,159.108843
1.97,3,159.109917
1.95,5,159.111633
3.95,5,159.113393
3.93,7,159.115816
3.95,5,159.117592
1.95,5,159.119273
1.95,5,159.120914
1.95,5,159.122592
1.95,5,159.124228
1.95,5,159.125902
1.95,5,159.292062
1.95,5,159.293894
13.91,9,159.297362
1.95,5,159.299105
3.93,7,159.302045
1.95,5,159.303946
3.93,7,159.306647
3.94,6,159.308687
1.95,5,159.310391
1.95,5,159.312793
1.97,3,159.313894
1.95,5,159.315607
1.97,3,159.316675
1.95,5,159.3184
1.96,4,159.319767
1.95,5,159.321831
1.95,5,159.323622
3.95,5,159.32554
1.95,5,159.327331
1.97,3,159.328363
1.95,5,159.330042
1.95,5,159.332024
1.95,5,159.333893
3.95,5,159.335763
3.93,7,159.338078
5.93,7,159.555396
5.93,7,159.558038
1.95,5,159.559913
1.97,3,159.561083
1.95,5,159.563646
3.93,7,159.572595
1.97,3,159.573947
3.94,6,159.58047
3.95,5,159.584742
1.96,4,159.588948
5.93,7,159.593964
1.97,3,159.596678
1.97,3,159.59825
1.95,5,159.60103
3.93,7,159.603643
3.95,5,159.607679
1.95,5,159.610959
5.93,7,159.614269
1.96,4,159.61571
1.97,3,159.616765
3.93,7,159.619547
3.93,7,159.621963
1.95,5,159.624151
1.96,4,159.625732
1.95,5,159.627488
1.97,3,159.794626
1.95,5,159.796416
5.93,7,159.798711
1.97,3,159.799752
3.93,7,159.802048
1.95,5,159.804299
-0.03,3,159.805473
3.93,7,159.807848
1.95,5,159.809544
3.93,7,159.811876
5.93,7,159.814638
1.95,5,159.816683
3.93,7,159.819192
3.95,5,159.820912
3.93,7,159.82323
13.9,10,159.826666
5.91,9,159.829693
13.9,10,159.832966
1.96,4,159.834628
3.93,7,159.837226
1.95,5,159.838961
1.96,4,160.046935
13.91,9,160.049987
1.95,5,160.052081
3.93,7,160.054439
5.91,9,160.05737
13.89,11,160.0609
3.93,7,160.063183
3.93,7,160.065956
1.95,5,160.067959
5.92,8,160.070631
1.95,5,160.072299
1.97,3,160.073349
5.93,7,160.076191
1.97,3,160.077354
1.97,3,160.078425
13.89,11,160.081971
1.95,5,160.083614
3.93,7,160.08672
3.95,5,160.088529
5.91,9,160.306831
1.95,5,160.309112
1.95,5,160.310839
5.93,7,160.313097
3.93,7,160.315339
1.97,3,160.316795
1.96,4,160.31844
3.94,6,160.320515
1.97,3,160.321582
1.95,5,160.323267
1.96,4,160.324615
1.97,3,160.325818
1.95,5,160.327667
5.93,7,160.330064
3.93,7,160.332395
3.93,7,160.334837
1.95,5,160.336546
1.95,5,160.338208
1.97,3,160.339241
1.95,5,160.340888
1.97,3,160.341915
1.95,5,160.344036
5.93,7,160.346416
1.96,4,160.347768
1.95,5,160.349425
3.95,5,160.351271
3.93,7,160.530681
3.93,7,160.533109
1.97,3,160.534413
3.94,6,160.536451
3.93,7,160.538777
1.97,3,160.53984
5.91,9,160.542877
1.95,5,160.544568
3.93,7,160.547024
1.96,4,160.548409
3.95,5,160.550225
1.95,5,160.55261
3.95,5,160.554819
3.93,7,160.557272
1.97,3,160.558338
3.94,6,160.560345
1.96,4,160.561713
3.93,7,160.564379
5.91,9,160.567344
5.91,9,160.570282
1.95,5,160.571939
1.95,5,160.573949
1.97,3,160.763794
3.93,7,160.766264
1.95,5,160.767934
3.93,7,160.770216
3.95,5,160.771858
3.95,5,160.774056
3.93,7,160.776655
1.97,3,160.777747
1.95,5,160.779402
3.94,6,160.781371
1.95,5,160.783294
1.97,3,160.784593
1.95,5,160.786397
3.95,5,160.788143
1.97,3,160.789212
3.93,7,160.791549
5.91,9,160.794617
3.93,7,160.797225
1.97,3,160.798314
1.97,3,160.799381
3.95,5,160.80132
3.94,6,160.803291
5.91,9,160.806733
1.95,5,160.808492
1.97,3,161.004068
1.97,3,161.005313
1.95,5,161.007053
5.91,9,161.010597
1.97,3,161.011775
3.93,7,161.014357
1.95,5,161.016378
13.89,11,161.02023
3.93,7,161.022535
5.93,7,161.025072
1.97,3,161.026365
13.89,11,161.03005
1.96,4,161.031767
1.95,5,161.033663
5.91,9,161.037024
-0.03,3,161.038066
1.97,3,161.039098
3.93,7,161.041356
1.95,5,161.043074
3.95,5,161.045665
3.95,5,161.047355
3.93,7,161.049619
3.93,7,161.276097
3.94,6,161.278244
5.91,9,161.281179
1.95,5,161.282841
1.95,5,161.285115
1.95,5,161.286874
13.91,9,161.289804
3.94,6,161.291761
1.96,4,161.293456
13.91,9,161.296547
1.97,3,161.29762
3.95,5,161.299306
3.93,7,161.302043
1.96,4,161.303722
1.95,5,161.305713
5.93,7,161.308079
1.95,5,161.309986
3.93,7,161.312782
3.93,7,161.31534
1.95,5,161.317579
1.95,5,161.319457
1.95,5,161.321492
1.95,5,161.52192
1.95,5,161.523725
3.93,7,161.526038
1.95,5,161.527712
1.95,5,161.529359
3.93,7,161.532232
3.93,7,161.535081
1.96,4,161.536609
1.95,5,161.538725
1.96,4,161.540356
3.93,7,161.542982
1.97,3,161.544072
1.97,3,161.545114
1.95,5,161.546756
3.95,5,161.548396
1.95,5,161.550415
1.95,5,161.552284
3.93,7,161.554738
1.95,5,161.556467
1.95,5,161.558141
1.95,5,161.55996
1.95,5,161.561905
1.95,5,161.563597
1.95,5,161.565415
5.92,8,161.730124
3.93,7,161.732539
3.93,7,161.734825
3.93,7,161.7371
13.9,10,161.740865
3.95,5,161.742899
3.93,7,161.745247
3.93,7,161.74754
1.97,3,161.748632
5.91,9,161.751712
5.91,9,161.754684
1.97,3,161.755968
3.94,6,161.75804
1.97,3,161.759274
1.96,4,161.760977
1.95,5,161.762782
1.97,3,161.763861
5.93,7,161.766201
1.95,5,161.767855
1.97,3,161.769079
3.93,7,161.771669
5.91,9,161.98305
3.93,7,161.986043
1.96,4,161.987451
3.93,7,161.989739
1.96,4,161.991084
13.9,10,161.994603
1.97,3,161.996051
3.93,7,161.99844
1.95,5,162.000131
1.97,3,162.001303
1.95,5,162.003045
1.95,5,162.004752
-0.03,3,162.005804
1.95,5,162.007495
3.93,7,162.01029
1.95,5,162.012014
5.91,9,162.0149
3.93,7,162.017166
1.96,4,162.018503
1.97,3,162.019955
3.95,5,162.021746
3.93,7,162.024059
3.93,7,162.026788
3.95,5,162.028573
1.95,5,162.243671
1.97,3,162.244817
3.93,7,162.247571
1.97,3,162.248683
3.93,7,162.251127
3.95,5,162.253234
1.96,4,162.254868
5.91,9,162.258226
3.93,7,162.261021
3.93,7,162.26382
1.97,3,162.265021
1.95,5,162.266928
3.95,5,162.268832
1.97,3,162.270063
3.93,7,162.272448
1.97,3,162.273583
1.97,3,162.274633
13.89,11,162.278305
1.97,3,162.279398
1.97,3,162.28044
1.97,3,162.281518
5.91,9,162.284429
1.95,5,162.286387
1.97,3,162.287525
1.97,3,162.288598
1.97,3,162.511218
1.97,3,162.512472
5.91,9,162.515495
3.93,7,162.517817
3.93,7,162.520388
1.97,3,162.521705
1.95,5,162.523474
3.93,7,162.526167
3.93,7,162.528581
5.91,9,162.531528
-0.03,3,162.532577
1.95,5,162.534338
1.95,5,162.536053
1.97,3,162.537117
3.93,7,162.53943
3.95,5,162.541108
1.96,4,162.542553
5.91,9,162.545797
1.97,3,162.547066
1.95,5,162.548774
3.93,7,162.551066
13.89,11,162.555306
3.93,7,162.779786
1.97,3,162.780969
1.97,3,162.782176
1.96,4,162.783569
3.95,5,162.785633
5.91,9,162.789124
3.95,5,162.790955
3.93,7,162.793421
1.97,3,162.794591
3.93,7,162.796908
3.93,7,162.799211
1.97,3,162.800264
3.95,5,162.80226
1.97,3,162.803393
1.95,5,162.805119
1.95,5,162.806781
3.95,5,162.808702
3.93,7,162.811597
1.95,5,162.81332
1.95,5,162.815274
1.97,3,162.816389
1.97,3,162.817429
1.95,5,162.819084
3.93,7,162.821831
3.94,6,162.823962
1.95,5,163.022965
3.95,5,163.024839
3.93,7,163.027177
1.97,3,163.028224
1.95,5,163.029891
3.95,5,163.031571
5.91,9,163.035438
13.91,9,163.038485
1.95,5,163.040152
3.95,5,163.041837
3.95,5,163.043488
3.95,5,163.045129
1.95,5,163.046773
1.96,4,163.048111
3.93,7,163.050377
1.95,5,163.052718
3.93,7,163.055434
5.92,8,163.058184
3.93,7,163.060584
3.93,7,163.063307
1.95,5,163.065291
3.93,7,163.06773
1.97,3,163.25929
1.97,3,163.260552
5.91,9,163.263545
5.93,7,163.265873
1.96,4,163.267209
1.97,3,163.268564
5.91,9,163.271913
1.95,5,163.273649
1.96,4,163.275217
3.95,5,163.277121
1.96,4,163.278698
1.95,5,163.280552
3.93,7,163.282866
1.95,5,163.284522
1.95,5,163.286192
3.93,7,163.288748
3.93,7,163.291314
3.94,6,163.29388
5.93,7,163.296647
5.91,9,163.299893
1.96,4,163.301541
13.91,9,163.304696
3.95,5,163.501391
3.95,5,163.503203
3.95,5,163.504888
3.95,5,163.506554
3.94,6,163.50852
13.89,11,163.513159
3.95,5,163.515096
1.95,5,163.517142
1.95,5,163.518849
1.97,3,163.519907
13.9,10,163.523585
1.95,5,163.525427
3.93,7,163.527858
1.97,3,163.528951
1.97,3,163.530059
1.97,3,163.531132
3.94,6,163.533168
13.89,11,163.536941
1.95,5,163.53862
3.93,7,163.540893
1.97,3,163.541922
5.93,7,163.544448
5.91,9,163.783451
13.9,10,163.786812
3.93,7,163.789079
3.95,5,163.79072
1.96,4,163.792455
1.97,3,163.793603
1.96,4,163.794976
1.95,5,163.79665
1.95,5,163.798308
1.96,4,163.799649
1.95,5,163.80188
1.96,4,163.803963
1.95,5,163.806019
1.95,5,163.807786
13.9,10,163.811629
1.95,5,163.813793
3.93,7,163.816509
3.95,5,163.818441
1.96,4,163.819954
1.96,4,163.821376
5.93,7,163.823957
13.91,9,163.827158
5.93,7,163.829494
3.95,5,164.052117
1.97,3,164.05389
5.91,9,164.056987
3.93,7,164.059724
3.94,6,164.062072
1.95,5,164.063838
1.95,5,164.06556
1.95,5,164.067259
3.94,6,164.069544
1.95,5,164.071927
1.95,5,164.073777
3.95,5,164.075556
3.95,5,164.077395
3.93,7,164.080217
3.94,6,164.082784
3.94,6,164.084981
3.93,7,164.087294
5.92,8,164.090568
5.91,9,164.094292
1.95,5,164.096074
5.92,8,164.098826
3.93,7,164.310761
1.97,3,164.31198
1.96,4,164.31371
1.97,3,164.314869
3.93,7,164.317267
5.93,7,164.320086
1.97,3,164.32125
3.94,6,164.323353
5.91,9,164.326591
1.97,3,164.327652
1.95,5,164.329977
3.95,5,164.331906
1.97,3,164.333078
1.97,3,164.334264
3.93,7,164.336552
3.93,7,164.339285
1.97,3,164.340512
3.95,5,164.342583
1.97,3,164.344419
1.97,3,164.345622
1.97,3,164.346729
13.91,9,164.3498
3.93,7,164.352735
13.89,11,164.356377
5.91,9,164.603376
1.95,5,164.605132
5.93,7,164.607429
1.96,4,164.608783
3.95,5,164.611202
5.93,7,164.613954
13.89,11,164.617609
1.95,5,164.619265
3.95,5,164.621238
1.95,5,164.623118
3.94,6,164.62509
1.97,3,164.626194
1.95,5,164.62785
1.97,3,164.628905
1.97,3,164.62999
3.95,5,164.631978
3.95,5,164.633883
3.95,5,164.636894
5.93,7,164.64025
3.95,5,164.6429
1.97,3,164.644211
5.91,9,164.65007
1.95,5,164.65185
3.94,6,164.877747
3.95,5,164.879635
1.97,3,164.880693
3.95,5,164.882355
5.93,7,164.884929
13.9,10,164.889139
1.95,5,164.891053
1.95,5,164.892966
3.95,5,164.894676
1.95,5,164.89634
1.95,5,164.898318
1.95,5,164.900088
13.89,11,164.903828
3.93,7,164.90613
1.95,5,164.907825
1.97,3,164.908953
3.93,7,164.91155
1.95,5,164.913279
1.96,4,164.914645
1.95,5,164.916434
-0.03,3,164.917678
1.97,3,164.918797
3.93,7,164.921116
1.97,3,164.92215
1.95,5,165.148689
3.95,5,165.150728
1.97,3,165.151934
3.95,5,165.153673
3.95,5,165.155384
13.89,11,165.159064
1.95,5,165.160905
3.93,7,165.163217
1.95,5,165.164879
1.97,3,165.165915
3.93,7,165.168313
1.96,4,165.169713
1.97,3,165.170763
13.91,9,165.173669
3.93,7,165.176443
13.91,9,165.179543
1.97,3,165.180629
13.91,9,165.183597
5.91,9,165.186905
3.93,7,165.189284
1.95,5,165.190988
1.95,5,165.192829
3.95,5,165.414819
3.94,6,165.416948
1.97,3,165.418258
3.95,5,165.420041
1.95,5,165.421726
13.89,11,165.425753
1.97,3,165.427105
1.95,5,165.428951
3.93,7,165.431294
1.97,3,165.43236
3.95,5,165.434564
13.91,9,165.437533
3.95,5,165.439214
1.95,5,165.440899
1.95,5,165.442567
1.95,5,165.444555
3.93,7,165.447119
1.97,3,165.448173
13.89,11,165.451811
5.91,9,165.454725
1.95,5,165.456374
-0.03,3,165.457437
3.93,7,165.682335
3.93,7,165.685109
3.93,7,165.68758
1.95,5,165.6893
5.92,8,165.691948
1.97,3,165.693061
1.95,5,165.69474
1.97,3,165.695784
1.95,5,165.697448
1.96,4,165.698798
3.94,6,165.700944
1.97,3,165.702075
1.95,5,165.70377
3.93,7,165.706049
3.93,7,165.708327
1.96,4,165.709661
1.95,5,165.711389
1.97,3,165.712445
5.91,9,165.715363
3.95,5,165.717031
1.97,3,165.718073
3.93,7,165.720353
3.95,5,165.722024
1.95,5,165.724525
1.97,3,165.725785
3.93,7,165.93329
1.97,3,165.935205
5.92,8,165.938046
5.93,7,165.94033
3.95,5,165.941976
1.96,4,165.943304
1.97,3,165.944692
5.93,7,165.947156
3.95,5,165.948838
3.95,5,165.950547
3.93,7,165.95287
1.95,5,165.954549
3.95,5,165.956215
1.96,4,165.95757
1.97,3,165.958678
1.95,5,165.960614
13.91,9,165.963886
1.95,5,165.965596
1.95,5,165.967261
13.91,9,165.970545
5.93,7,165.972908
5.92,8,165.975509
1.95,5,166.168672
1.97,3,166.169851
3.93,7,166.172209
1.95,5,166.173906
3.94,6,166.175911
1.95,5,166.177595
1.97,3,166.178647
1.97,3,166.179702
1.97,3,166.180747
3.95,5,166.182429
1.95,5,166.184101
1.95,5,166.185777
1.95,5,166.187452
3.94,6,166.189448
3.95,5,166.191168
3.93,7,166.19388
3.95,5,166.195638
3.95,5,166.197316
1.96,4,166.19866
1.97,3,166.199694
1.96,4,166.201039
1.95,5,166.203083
5.93,7,166.205533
1.97,3,166.206589
3.95,5,166.208288
1.95,5,166.210163
1.97,3,166.211265
1.97,3,166.212347
3.94,6,166.383526
3.95,5,166.385722
3.94,6,166.387773
1.95,5,166.389417
3.95,5,166.391456
1.97,3,166.393083
1.95,5,166.395279
3.94,6,166.397341
1.97,3,166.398762
3.93,7,166.40158
5.91,9,166.404886
5.91,9,166.407939
1.97,3,166.408999
5.91,9,166.412355
3.93,7,166.414912
3.93,7,166.417314
1.97,3,166.418367
3.95,5,166.420057
1.95,5,166.421732
3.93,7,166.424049
1.97,3,166.425144
1.97,3,166.426301
1.95,5,166.427984
1.97,3,166.429018
3.94,6,166.624403
1.97,3,166.62566
1.97,3,166.626953
3.93,7,166.629357
1.95,5,166.631069
3.95,5,166.632916
5.93,7,166.635377
5.91,9,166.638348
1.97,3,166.639401
1.95,5,166.641061
1.97,3,166.642277
3.93,7,166.64582
1.97,3,166.646978
1.97,3,166.648042
1.97,3,166.649085
3.93,7,166.651357
3.93,7,166.654101
1.95,5,166.655854
3.93,7,166.65818
1.95,5,166.660098
1.96,4,166.661655
1.97,3,166.662886
5.91,9,166.666051
1.95,5,166.667784
3.95,5,166.865433
3.94,6,166.867875
1.95,5,166.869673
1.97,3,166.870749
1.95,5,166.872429
3.94,6,166.874441
1.95,5,166.876486
1.95,5,166.878266
1.97,3,166.87933
1.95,5,166.880995
5.93,7,166.883284
3.93,7,166.885867
3.94,6,166.888044
1.95,5,166.889776
3.95,5,166.891551
3.93,7,166.894263
1.95,5,166.896346
3.95,5,166.898112
1.96,4,166.899487
5.93,7,166.901917
1.95,5,166.903616
1.95,5,166.905282
1.95,5,166.906955
3.93,7,166.909394
5.93,7,167.077109
3.95,5,167.078888
3.94,6,167.080883
3.93,7,167.083172
3.93,7,167.085871
3.93,7,167.088646
1.97,3,167.089806
1.97,3,167.090935
1.97,3,167.092052
3.95,5,167.094088
1.97,3,167.095185
1.97,3,167.096262
5.93,7,167.098639
1.97,3,167.099756
1.97,3,167.100889
5.92,8,167.103554
5.93,7,167.106406
5.92,8,167.109182
1.95,5,167.11085
1.95,5,167.112502
5.93,7,167.115157
1.95,5,167.117107
1.97,3,167.118215
1.97,3,167.119263
1.95,5,167.120938
1.96,4,167.122283
5.93,7,167.305808
1.95,5,167.307594
3.95,5,167.309305
1.97,3,167.310738
1.97,3,167.311883
1.97,3,167.313331
5.91,9,167.316405
1.95,5,167.318271
3.95,5,167.319971
1.95,5,167.321634
1.95,5,167.323548
1.97,3,167.324665
1.97,3,167.326101
1.97,3,167.327247
1.95,5,167.32893
1.96,4,167.330293
5.91,9,167.333412
3.93,7,167.335769
1.97,3,167.336839
5.91,9,167.339755
1.95,5,167.341421
1.95,5,167.343273
3.93,7,167.345692
5.93,7,167.348041
5.91,9,167.542416
1.96,4,167.54411
1.95,5,167.545804
1.95,5,167.547475
1.95,5,167.549136
1.95,5,167.551205
3.95,5,167.553004
3.93,7,167.555362
1.95,5,167.557063
1.97,3,167.55812
5.93,7,167.560775
5.91,9,167.563759
1.96,4,167.565129
1.96,4,167.566495
1.97,3,167.56753
1.95,5,167.569153
13.91,9,167.572569
3.95,5,167.574325
1.97,3,167.575605
3.95,5,167.577356
1.97,3,167.578415
3.95,5,167.580114
3.95,5,167.581803
1.97,3,167.582862
3.93,7,167.585503
5.93,7,167.784344
1.97,3,167.785573
5.93,7,167.787942
5.93,7,167.79029
3.93,7,167.792619
3.95,5,167.794307
1.97,3,167.795352
1.97,3,167.796422
1.96,4,167.797787
1.95,5,167.799466
13.89,11,167.803032
1.95,5,167.804695
1.95,5,167.806401
1.95,5,167.80807
1.97,3,167.809112
1.97,3,167.810152
3.94,6,167.812152
5.93,7,167.814461
3.95,5,167.816797
1.95,5,167.818575
13.89,11,167.822197
1.95,5,167.823877
3.95,5,167.826042
5.92,8,168.059808
1.97,3,168.060934
1.95,5,168.06263
1.97,3,168.064156
3.95,5,168.066019
1.95,5,168.068098
1.97,3,168.069231
5.93,7,168.071545
5.93,7,168.073814
5.93,7,168.076132
3.94,6,168.078481
13.91,9,168.081579
3.95,5,168.083294
1.95,5,168.085289
1.95,5,168.087172
1.95,5,168.088957
1.96,4,168.090341
3.94,6,168.092376
1.95,5,168.094076
5.93,7,168.0964
1.95,5,168.098069
3.95,5,168.099739
1.97,3,168.100786
1.97,3,168.101828
1.95,5,168.294836
3.94,6,168.297052
5.92,8,168.29968
3.93,7,168.30195
1.95,5,168.30359
3.95,5,168.305243
1.97,3,168.306273
1.96,4,168.307601
1.95,5,168.309234
1.95,5,168.310862
3.95,5,168.312503
1.97,3,168.313533
1.96,4,168.315424
13.89,11,168.31918
3.95,5,168.320886
1.97,3,168.32192
1.95,5,168.323573
1.95,5,168.325693
1.97,3,168.326919
1.97,3,168.328015
13.91,9,168.331006
3.93,7,168.333315
1.97,3,168.334471
5.91,9,168.337435
1.95,5,168.562438
3.95,5,168.564791
1.97,3,168.566097
1.95,5,168.568075
3.93,7,168.57051
1.96,4,168.571941
1.97,3,168.572998
1.97,3,168.574046
1.97,3,168.575098
1.97,3,168.576205
1.97,3,168.577268
5.91,9,168.580237
1.97,3,168.581283
1.95,5,168.582935
5.93,7,168.585705
5.91,9,168.588886
1.96,4,168.5903
3.95,5,168.591983
1.97,3,168.593017
1.96,4,168.594367
1.96,4,168.595713
1.95,5,168.597676
5.92,8,168.600356
3.95,5,168.602036
1.97,3,168.603085
1.97,3,168.604125
1.96,4,168.605474
1.97,3,168.606566
5.92,8,168.809768
1.96,4,168.811333
1.97,3,168.812406
1.95,5,168.814062
1.96,4,168.815419
1.96,4,168.816765
5.93,7,168.819662
3.95,5,168.821425
13.91,9,168.824339
1.96,4,168.825681
1.97,3,168.826711
3.93,7,168.828965
1.95,5,168.8306
1.96,4,168.831924
1.96,4,168.833256
3.95,5,168.834903
3.94,6,168.836841
5.93,7,168.839089
3.94,6,168.841039
1.97,3,168.842063
1.97,3,168.84308
1.95,5,168.844707
3.93,7,168.846942
3.95,5,168.848583
1.95,5,168.850215
1.97,3,168.851236
3.93,7,169.067156
1.96,4,169.068924
1.97,3,169.070012
3.95,5,169.071698
3.93,7,169.073977
1.95,5,169.075727
1.95,5,169.077386
3.93,7,169.079645
3.94,6,169.081588
3.93,7,169.083855
1.95,5,169.086094
1.97,3,169.087288
1.97,3,169.088371
1.96,4,169.089747
3.93,7,169.092075
3.95,5,169.094065
5.93,7,169.096512
13.91,9,169.099511
5.92,8,169.102492
1.97,3,169.103548
3.95,5,169.105447
3.95,5,169.10737
5.91,9,169.110627
3.93,7,169.296721
1.97,3,169.297831
1.97,3,169.298879
3.95,5,169.300541
1.95,5,169.302168
1.97,3,169.303191
3.95,5,169.30483
1.97,3,169.305853
1.95,5,169.307473
3.95,5,169.309102
3.93,7,169.311873
3.94,6,169.313951
1.97,3,169.31503
1.96,4,169.31641
3.95,5,169.318114
1.97,3,169.319163
1.97,3,169.320771
1.97,3,169.322117
1.97,3,169.323285
1.96,4,169.324693
1.95,5,169.326762
1.96,4,169.328443
1.95,5,169.33029
1.95,5,169.33208
1.97,3,169.333146
5.91,9,169.336242
1.97,3,169.337317
3.95,5,169.338966
3.95,5,169.538029
5.91,9,169.541179
3.95,5,169.543116
3.93,7,169.545639
3.95,5,169.54736
13.91,9,169.550292
1.97,3,169.551412
1.95,5,169.553092
3.93,7,169.555378
1.97,3,169.556409
3.95,5,169.558073
3.95,5,169.560264
3.93,7,169.562972
1.95,5,169.564681
3.94,6,169.566943
1.95,5,169.568751
5.93,7,169.57106
1.97,3,169.572106
1.97,3,169.573149
3.93,7,169.575442
1.95,5,169.577484
3.95,5,169.579211
3.94,6,169.581187
1.95,5,169.582831
3.93,7,169.779908
3.93,7,169.782243
3.93,7,169.784501
1.95,5,169.786132
5.91,9,169.789578
1.97,3,169.790711
3.93,7,169.793303
1.97,3,169.794415
1.97,3,169.795474
5.92,8,169.798085
1.95,5,169.799758
1.95,5,169.801494
1.96,4,169.802864
5.93,7,169.805359
3.95,5,169.807183
1.96,4,169.808539
1.97,3,169.809822
1.97,3,169.811591
3.95,5,169.813346
1.97,3,169.814395
3.95,5,169.816074
3.95,5,169.81796
13.91,9,169.821014
1.95,5,169.822679
3.95,5,170.020172
1.95,5,170.021957
5.93,7,170.024252
1.95,5,170.025923
1.97,3,170.026963
1.95,5,170.02909
1.95,5,170.030985
1.97,3,170.032083
1.97,3,170.033186
1.97,3,170.034526
3.95,5,170.036588
1.96,4,170.038424
1.97,3,170.039572
1.97,3,170.040641
3.95,5,170.042378
1.97,3,170.043519
3.93,7,170.045943
3.95,5,170.047616
3.95,5,170.049276
1.95,5,170.050919
3.95,5,170.052551
13.89,11,170.056044
1.97,3,170.057061
3.95,5,170.058688
3.95,5,170.060315
3.93,7,170.062538
5.91,9,170.29514
1.95,5,170.296873
3.95,5,170.298527
1.97,3,170.299553
1.97,3,170.300565
1.95,5,170.302184
3.95,5,170.304355
3.93,7,170.306806
1.97,3,170.307895
5.93,7,170.31023
1.95,5,170.311904
5.93,7,170.314607
1.97,3,170.315815
3.95,5,170.317578
1.95,5,170.319305
1.95,5,170.32096
3.95,5,170.322617
3.95,5,170.324629
3.95,5,170.326496
3.95,5,170.328422
3.94,6,170.330489
1.96,4,170.331863
1.97,3,170.332907
1.96,4,170.334472
13.9,10,170.337889
5.93,7,170.547825
1.96,4,170.549265
1.97,3,170.550316
5.93,7,170.552581
1.97,3,170.5536
13.91,9,170.556891
1.97,3,170.558051
5.93,7,170.560432
1.97,3,170.561491
1.95,5,170.563535
1.97,3,170.56469
1.97,3,170.56594
3.94,6,170.568172
1.96,4,170.569583
1.97,3,170.570623
1.96,4,170.571957
3.95,5,170.573622
1.96,4,170.574976
13.91,9,170.578119
5.93,7,170.580465
13.89,11,170.584152
3.95,5,170.586109
3.95,5,170.58785
1.97,3,170.588893
3.94,6,170.590863
3.94,6,170.820795
1.97,3,170.822096
1.97,3,170.823252
-0.01,1,170.82372
1.96,4,170.825145
-0.01,1,170.82568
3.93,7,170.828308
1.97,3,170.829456
13.91,9,170.832574
3.93,7,170.83498
1.95,5,170.836657
5.93,7,170.839095
1.97,3,170.840196
5.93,7,170.842654
13.9,10,170.846118
1.97,3,170.847223
3.95,5,170.848912
3.95,5,170.850581
1.95,5,170.852628
1.97,3,170.854175
1.97,3,170.855319
1.96,4,170.856776
3.95,5,170.858497
3.95,5,170.860398
3.95,5,170.862184
3.95,5,170.863927
1.97,3,170.865127
1.97,3,170.866347
3.95,5,171.082745
3.95,5,171.084729
1.97,3,171.086218
13.91,9,171.089272
1.97,3,171.090591
3.95,5,171.092539
3.95,5,171.094327
5.92,8,171.096999
5.93,7,171.099324
1.97,3,171.100383
1.97,3,171.101425
3.95,5,171.103093
5.93,7,171.105686
1.97,3,171.106802
1.97,3,171.107855
-0.01,1,171.108266
1.97,3,171.109316
1.97,3,171.110375
1.97,3,171.111405
5.93,7,171.113672
-0.01,1,171.114083
3.93,7,171.116942
-0.01,1,171.117549
1.96,4,171.119037
1.96,4,171.120447
3.95,5,171.122138
1.97,3,171.123209
1.97,3,171.124255
3.95,5,171.126151
1.97,3,171.127253
3.94,6,171.340068
5.93,7,171.342672
3.94,6,171.344758
1.97,3,171.345849
1.97,3,171.346945
1.97,3,171.348008
3.95,5,171.349704
3.94,6,171.352272
5.93,7,171.354662
3.94,6,171.356693
1.97,3,171.357762
3.95,5,171.359438
5.93,7,171.362108
1.97,3,171.363169
1.96,4,171.364521
3.95,5,171.366189
3.94,6,171.36814
1.97,3,171.36917
13.91,9,171.372536
1.95,5,171.374348
1.97,3,171.375426
1.97,3,171.37649
1.97,3,171.377567
1.96,4,171.378947
1.97,3,171.379993
1.96,4,171.381449
5.93,7,171.383777
3.94,6,171.576823
3.95,5,171.578608
5.92,8,171.581191
3.95,5,171.582827
3.95,5,171.584988
3.95,5,171.586815
3.95,5,171.58852
1.96,4,171.589891
3.94,6,171.592251
5.92,8,171.595486
3.95,5,171.597423
13.9,10,171.601238
13.91,9,171.605333
13.9,10,171.608881
1.97,3,171.60996
1.97,3,171.611074
3.94,6,171.61308
3.95,5,171.615185
1.97,3,171.616273
1.96,4,171.617665
1.96,4,171.619086
1.96,4,171.620428
3.95,5,171.622091
3.95,5,171.831231
1.97,3,171.832363
-0.02,2,171.833095
5.92,8,171.835952
1.97,3,171.837042
3.94,6,171.839061
1.96,4,171.840404
1.97,3,171.841438
1.96,4,171.84286
1.96,4,171.844204
1.97,3,171.845271
13.91,9,171.848435
1.97,3,171.849501
3.94,6,171.852022
1.97,3,171.85356
3.95,5,171.85531
1.97,3,171.856373
3.95,5,171.85802
1.96,4,171.859504
1.97,3,171.86061
1.97,3,171.861673
1.97,3,171.862921
5.92,8,171.865865
1.96,4,171.867323
3.95,5,171.869041
1.97,3,171.870095
3.95,5,171.871761
1.97,3,171.872792
1.96,4,171.874146
1.97,3,171.875181
3.95,5,172.089109
1.97,3,172.090269
13.91,9,172.093277
1.96,4,172.094632
1.97,3,172.095667
1.96,4,172.097006
-0.01,1,172.097421
3.95,5,172.09906
3.94,6,172.101006
1.96,4,172.10234
3.95,5,172.104475
1.96,4,172.105967
1.96,4,172.107431
3.95,5,172.109115
3.94,6,172.111178
3.94,6,172.113374
3.94,6,172.115741
1.96,4,172.117179
1.97,3,172.118438
1.97,3,172.119524
5.93,7,172.121815
3.94,6,172.123772
1.97,3,172.1248
-0.01,1,172.12521
1.97,3,172.126226
3.95,5,172.127861
1.97,3,172.128876
3.95,5,172.13051
1.97,3,172.131534
1.97,3,172.132558
3.94,6,172.332838
1.97,3,172.334062
1.97,3,172.33557
3.95,5,172.337457
1.97,3,172.338505
3.95,5,172.34037
3.94,6,172.342652
3.95,5,172.344481
1.96,4,172.345887
1.97,3,172.346942
3.94,6,172.348938
1.97,3,172.349984
3.94,6,172.352574
1.97,3,172.353682
3.95,5,172.355371
3.95,5,172.357014
1.97,3,172.358024
5.92,8,172.360667
1.96,4,172.362303
5.93,7,172.36464
3.95,5,172.366314
13.91,9,172.369246
5.93,7,172.371553
1.97,3,172.372587
5.92,8,172.375173
3.95,5,172.565057
-0.02,2,172.565904
1.96,4,172.567289
3.94,6,172.569265
1.96,4,172.570603
1.96,4,172.571939
5.93,7,172.574656
5.93,7,172.577483
1.96,4,172.578886
13.91,9,172.581814
1.97,3,172.582859
1.96,4,172.584371
1.96,4,172.585843
1.96,4,172.58723
-0.02,2,172.588026
3.95,5,172.589773
13.9,10,172.593081
1.97,3,172.594163
1.97,3,172.595288
-0.02,2,172.596112
-0.02,2,172.596872
3.95,5,172.598596
1.96,4,172.59997
3.94,6,172.602322
13.91,9,172.605698
1.97,3,172.606878
5.92,8,172.6097
3.95,5,172.823793
1.96,4,172.825654
1.97,3,172.82692
1.97,3,172.828017
1.96,4,172.829408
1.97,3,172.830465
1.97,3,172.831509
5.92,8,172.834431
1.96,4,172.835892
5.93,7,172.838251
3.94,6,172.840269
5.93,7,172.842606
1.96,4,172.843981
5.92,8,172.846635
1.96,4,172.848004
1.96,4,172.849372
5.93,7,172.851685
3.95,5,172.853377
3.94,6,172.855703
3.94,6,172.858012
-0.01,1,172.858459
1.96,4,172.859899
5.93,7,172.862217
1.97,3,172.863284
1.97,3,172.864324
13.91,9,172.867255
3.95,5,173.062701
-0.02,2,173.06361
3.94,6,173.065741
1.96,4,173.067118
1.97,3,173.068607
1.97,3,173.069723
3.95,5,173.071612
3.94,6,173.07366
13.9,10,173.077081
1.97,3,173.078279
3.95,5,173.079991
1.97,3,173.081205
5.93,7,173.083556
3.95,5,173.085225
3.95,5,173.087155
1.96,4,173.088613
1.97,3,173.089694
1.96,4,173.091076
1.97,3,173.092139
1.97,3,173.093181
1.97,3,173.094223
1.96,4,173.095571
1.97,3,173.096609
3.95,5,173.098272
3.95,5,173.099926
3.94,6,173.101902
3.95,5,173.103563
13.91,9,173.106695
5.93,7,173.32428
1.97,3,173.325417
1.96,4,173.326804
5.93,7,173.329101
3.94,6,173.331073
13.91,9,173.333965
5.93,7,173.336233
3.94,6,173.338188
3.94,6,173.340141
1.96,4,173.341472
3.95,5,173.343112
5.92,8,173.345666
5.93,7,173.347922
1.97,3,173.348945
1.97,3,173.349964
3.95,5,173.351597
3.94,6,173.353547
1.97,3,173.355112
1.96,4,173.356656
1.96,4,173.358084
1.97,3,173.359148
3.95,5,173.360808
1.97,3,173.361854
1.96,4,173.363202
5.93,7,173.366106
3.95,5,173.562073
1.96,4,173.563531
1.97,3,173.564598
1.96,4,173.565966
1.97,3,173.567012
1.96,4,173.568353
3.94,6,173.570864
3.95,5,173.572885
3.94,6,173.575176
-0.02,2,173.575946
5.92,8,173.579323
1.96,4,173.58115
3.94,6,173.583577
1.97,3,173.584768
1.96,4,173.586185
1.97,3,173.587482
1.97,3,173.588634
3.95,5,173.590336
5.92,8,173.593061
3.95,5,173.594794
13.91,9,173.59782
3.95,5,173.599494
13.91,9,173.60319
3.95,5,173.605054
-0.02,2,173.605844
13.91,9,173.802193
1.97,3,173.803395
3.95,5,173.805095
1.96,4,173.806448
1.97,3,173.807497
1.97,3,173.808528
1.97,3,173.809553
3.94,6,173.811916
1.97,3,173.813091
3.94,6,173.815433
1.96,4,173.816916
1.97,3,173.81801
1.97,3,173.819058
1.97,3,173.820112
3.95,5,173.822088
3.95,5,173.823904
3.95,5,173.825729
1.97,3,173.826993
1.97,3,173.828091
3.95,5,173.829774
3.95,5,173.831706
1.97,3,173.832854
5.92,8,173.835967
3.95,5,173.837848
1.96,4,173.839221
1.97,3,173.840271
3.95,5,173.841957
3.95,5,173.843793
5.93,7,173.84617
3.94,6,173.84818
5.93,7,174.032069
3.95,5,174.033808
1.97,3,174.034836
3.95,5,174.036471
1.96,4,174.037812
3.95,5,174.039842
1.97,3,174.040975
1.97,3,174.042046
1.97,3,174.04314
3.95,5,174.044828
1.96,4,174.046406
1.97,3,174.047509
1.96,4,174.0489
5.93,7,174.051432
3.94,6,174.05349
3.94,6,174.055477
1.96,4,174.056826
1.97,3,174.057866
1.96,4,174.059453
1.96,4,174.061328
1.96,4,174.062737
5.92,8,174.065479
3.95,5,174.06746
1.96,4,174.068857
5.93,7,174.071311
1.97,3,174.072456
1.97,3,174.073533
1.97,3,174.0746
1.96,4,174.258596
3.94,6,174.261076
1.97,3,174.262211
1.97,3,174.263278
3.95,5,174.264947
3.95,5,174.266611
3.95,5,174.268316
5.92,8,174.271726
1.97,3,174.273194
1.97,3,174.274354
3.94,6,174.276933
1.97,3,174.278028
3.95,5,174.28006
1.97,3,174.281295
13.91,9,174.284322
3.94,6,174.286548
3.95,5,174.288299
1.96,4,174.289691
3.95,5,174.291368
1.97,3,174.292414
1.97,3,174.293464
1.96,4,174.294817
5.92,8,174.297464
3.94,6,174.299454
3.95,5,174.301143
1.97,3,174.302174
1.97,3,174.303206
1.96,4,174.304545
1.97,3,174.506774
3.94,6,174.508918
5.92,8,174.511554
1.96,4,174.512925
1.97,3,174.513969
3.95,5,174.515637
1.97,3,174.516669
13.91,9,174.519546
5.92,8,174.522111
1.96,4,174.523451
3.94,6,174.525417
5.93,7,174.528441
1.96,4,174.529912
13.91,9,174.53286
1.96,4,174.534242
1.97,3,174.535278
5.93,7,174.537873
5.93,7,174.540298
-0.01,1,174.540724
1.96,4,174.542223
1.96,4,174.543802
3.95,5,174.545508
5.93,7,174.547802
3.95,5,174.549453
1.97,3,174.550479
5.92,8,174.746412
3.94,6,174.748502
3.94,6,174.750574
3.94,6,174.752592
3.94,6,174.754868
1.96,4,174.756389
1.97,3,174.757446
13.91,9,174.760348
3.95,5,174.762001
5.93,7,174.764259
1.96,4,174.766216
1.97,3,174.767449
5.93,7,174.769851
1.96,4,174.771295
3.95,5,174.773378
3.94,6,174.775778
1.97,3,174.776881
1.97,3,174.77794
3.94,6,174.779913
1.97,3,174.780947
1.96,4,174.782267
1.97,3,174.783279
3.95,5,174.785286
1.97,3,174.786418
1.97,3,174.787463
5.93,7,174.986987
-0.02,2,174.988144
3.95,5,174.989894
3.94,6,174.991869
1.96,4,174.993252
1.97,3,174.994303
5.93,7,174.996589
13.91,9,175.000099
1.97,3,175.001361
3.94,6,175.003371
1.97,3,175.00442
3.95,5,175.006081
3.95,5,175.007736
1.96,4,175.009073
3.94,6,175.011035
1.97,3,175.012058
1.97,3,175.013086
1.96,4,175.014413
-0.02,2,175.015138
3.94,6,175.017065
1.96,4,175.018395
3.95,5,175.020017
1.97,3,175.021038
1.97,3,175.022468
1.97,3,175.023642
1.96,4,175.025064
1.96,4,175.026474
1.96,4,175.027879
-0.02,2,175.028605
3.95,5,175.030261
1.96,4,175.031617
5.93,7,175.242099
1.97,3,175.243229
5.93,7,175.245548
5.93,7,175.247857
3.95,5,175.249539
1.97,3,175.250582
3.95,5,175.252279
13.91,9,175.255208
1.96,4,175.256553
1.97,3,175.257587
3.95,5,175.259244
1.96,4,175.260611
3.94,6,175.262597
13.91,9,175.265509
1.96,4,175.266848
1.96,4,175.268196
1.97,3,175.269232
1.96,4,175.270581
1.97,3,175.271615
3.95,5,175.273861
1.97,3,175.275037
1.97,3,175.276132
3.95,5,175.277841
1.97,3,175.278875
3.95,5,175.280505
1.97,3,175.281533
3.94,6,175.28399
3.95,5,175.539286
3.94,6,175.542216
1.97,3,175.543408
1.97,3,175.544487
5.92,8,175.547101
3.95,5,175.548894
3.94,6,175.551018
3.94,6,175.553587
3.95,5,175.555454
3.95,5,175.557915
1.97,3,175.559389
1.97,3,175.560889
1.97,3,175.56205
1.97,3,175.563394
3.95,5,175.565236
3.95,5,175.567038
3.94,6,175.569276
3.95,5,175.571167
1.97,3,175.572394
1.97,3,175.573492
1.97,3,175.574565
5.93,7,175.577277
3.95,5,175.579102
1.97,3,175.580157
1.97,3,175.581206
1.97,3,175.582242
1.97,3,175.583275
5.93,7,175.585812
1.96,4,175.770575
5.93,7,175.773156
1.97,3,175.774222
3.95,5,175.77589
1.96,4,175.777242
5.93,7,175.779853
3.95,5,175.781852
3.95,5,175.783631
1.96,4,175.78524
1.97,3,175.786345
1.97,3,175.787416
1.96,4,175.788781
3.95,5,175.790446
5.92,8,175.79322
1.96,4,175.794976
3.94,6,175.797078
1.97,3,175.798127
1.97,3,175.799151
5.93,7,175.801496
5.93,7,175.804319
1.97,3,175.8055
13.91,9,175.808672
3.94,6,175.81128
1.97,3,175.812546
1.97,3,175.813939
1.96,4,175.815735
3.94,6,175.817852
5.93,7,176.015693
13.91,9,176.019062
1.96,4,176.020543
-0.01,1,176.020986
1.97,3,176.022039
-0.01,1,176.022566
-0.01,1,176.023302
1.97,3,176.024482
-0.01,1,176.02492
5.93,7,176.027677
1.97,3,176.028775
3.94,6,176.030787
1.97,3,176.03203
3.95,5,176.033858
5.93,7,176.036225
1.97,3,176.03728
5.92,8,176.039876
1.96,4,176.04123
1.97,3,176.042335
1.96,4,176.043696
1.97,3,176.044728
1.97,3,176.045764
1.96,4,176.047104
13.91,9,176.050046
5.92,8,176.052781
1.96,4,176.054134
1.96,4,176.055606
1.97,3,176.056748
1.96,4,176.058163
1.96,4,176.264581
1.96,4,176.266352
3.95,5,176.268941
1.97,3,176.270114
5.93,7,176.272453
3.95,5,176.274118
1.97,3,176.27526
1.97,3,176.276385
1.97,3,176.277497
1.96,4,176.278843
3.95,5,176.280491
3.94,6,176.282442
3.95,5,176.284168
1.97,3,176.285426
1.97,3,176.286588
1.97,3,176.287654
1.96,4,176.289022
5.93,7,176.291466
5.93,7,176.29431
13.9,10,176.29817
13.91,9,176.301593
1.97,3,176.30267
3.95,5,176.304324
3.95,5,176.306454
3.94,6,176.308694
1.97,3,176.310315
1.96,4,176.312063
1.96,4,176.537518
1.97,3,176.538678
1.97,3,176.539741
1.97,3,176.540787
3.94,6,176.542769
5.92,8,176.545347
1.96,4,176.547219
3.95,5,176.549265
3.95,5,176.551223
5.92,8,176.553991
1.97,3,176.555186
3.95,5,176.556982
13.91,9,176.56072
5.93,7,176.563199
1.96,4,176.564597
1.97,3,176.565668
1.97,3,176.566734
5.93,7,176.569302
1.97,3,176.570399
1.96,4,176.571772
1.96,4,176.573135
3.95,5,176.574804
1.96,4,176.576158
3.95,5,176.578325
3.94,6,176.580638
1.97,3,176.581842
3.95,5,176.58368
3.94,6,176.792097
1.97,3,176.793578
1.96,4,176.795021
1.97,3,176.796097
1.97,3,176.797136
1.97,3,176.798176
3.95,5,176.800194
13.91,9,176.803558
1.96,4,176.804965
1.97,3,176.806037
-0.01,1,176.806469
5.92,8,176.809403
1.97,3,176.810656
1.97,3,176.81174
3.95,5,176.813425
3.95,5,176.815096
5.93,7,176.817415
1.96,4,176.81877
3.94,6,176.821274
1.96,4,176.822772
1.97,3,176.823853
1.97,3,176.82491
1.97,3,176.826164
1.97,3,176.827289
1.97,3,176.828357
1.97,3,176.82941
1.96,4,176.831071
3.95,5,176.832884
5.93,7,176.835453
1.96,4,176.836865
13.9,10,177.052378
1.96,4,177.053812
3.94,6,177.05579
1.97,3,177.056821
1.97,3,177.058093
1.97,3,177.060328
1.96,4,177.062203
13.91,9,177.065187
1.96,4,177.066534
1.97,3,177.067579
1.96,4,177.06892
1.97,3,177.07046
1.96,4,177.071988
5.93,7,177.074616
1.97,3,177.076028
1.97,3,177.077157
3.95,5,177.078862
5.93,7,177.081152
1.97,3,177.08219
5.92,8,177.085124
1.96,4,177.086689
3.94,6,177.088685
1.96,4,177.09004
1.96,4,177.091408
1.96,4,177.09273
1.97,3,177.094155
13.91,9,177.097348
1.97,3,177.298271
1.95,5,177.300028
3.95,5,177.301702
1.96,4,177.303051
1.97,3,177.304078
1.96,4,177.305423
1.96,4,177.307219
1.97,3,177.308529
3.94,6,177.311152
3.95,5,177.312996
1.97,3,177.314085
-0.02,2,177.314833
1.96,4,177.316245
1.97,3,177.317957
1.97,3,177.31912
1.97,3,177.320304
3.95,5,177.322134
1.97,3,177.323368
1.97,3,177.32451
1.96,4,177.325928
3.94,6,177.328269
13.91,9,177.33142
13.91,9,177.334686
1.97,3,177.336034
1.96,4,177.337539
5.92,8,177.340157
3.95,5,177.341828
1.97,3,177.342959
1.96,4,177.344313
1.96,4,177.546619
13.9,10,177.549988
3.95,5,177.552037
1.97,3,177.553167
3.95,5,177.554855
1.97,3,177.556271
5.92,8,177.559277
1.97,3,177.560593
5.92,8,177.563314
1.96,4,177.564708
5.92,8,177.567949
1.97,3,177.569129
3.94,6,177.57112
3.95,5,177.572784
13.91,9,177.575729
3.94,6,177.577671
-0.02,2,177.578383
1.97,3,177.579421
3.94,6,177.581426
1.97,3,177.582457
3.94,6,177.584454
1.96,4,177.585918
3.95,5,177.58759
3.94,6,177.589539
1.97,3,177.590568
3.94,6,177.799367
1.96,4,177.800954
1.97,3,177.802085
1.96,4,177.803465
1.96,4,177.804806
3.95,5,177.806443
1.97,3,177.807804
1.97,3,177.809146
1.97,3,177.810708
3.94,6,177.812789
5.92,8,177.815377
1.97,3,177.816431
13.9,10,177.819668
1.97,3,177.820707
5.93,7,177.822973
1.97,3,177.823995
1.96,4,177.825326
1.96,4,177.82667
-0.01,1,177.827086
1.97,3,177.828599
5.92,8,177.831476
3.95,5,177.833201
3.95,5,177.835072
1.96,4,177.83644
3.94,6,177.838706
1.97,3,177.839825
1.97,3,177.840881
5.93,7,177.843332
1.97,3,178.070511
5.93,7,178.073711
1.97,3,178.075
1.97,3,178.076086
5.93,7,178.078386
1.96,4,178.080145
5.93,7,178.082743
1.97,3,178.083951
1.97,3,178.08509
3.94,6,178.0871
3.94,6,178.089073
3.94,6,178.091406
13.9,10,178.094979
3.94,6,178.09722
3.94,6,178.099347
1.96,4,178.100935
5.93,7,178.10333
5.92,8,178.106441
1.96,4,178.107932
1.97,3,178.10901
3.94,6,178.111344
1.97,3,178.112464
1.96,4,178.113848
5.92,8,178.116497
3.95,5,178.323548
1.97,3,178.324746
3.94,6,178.326777
5.92,8,178.329381
13.9,10,178.332567
5.93,7,178.334812
5.93,7,178.337045
13.91,9,178.33989
1.97,3,178.340916
1.97,3,178.341934
1.96,4,178.34324
3.94,6,178.345161
3.95,5,178.346783
5.92,8,178.349325
1.96,4,178.350643
3.93,7,178.352883
3.95,5,178.354505
1.96,4,178.355961
5.92,8,178.358878
5.93,7,178.361398
3.94,6,178.363426
1.96,4,178.364791
1.97,3,178.571476
-0.02,2,178.572405
3.94,6,178.574479
3.95,5,178.576362
1.97,3,178.577485
3.94,6,178.579479
5.92,8,178.582075
5.93,7,178.584484
1.96,4,178.586032
1.97,3,178.587544
1.97,3,178.588682
1.96,4,178.590097
3.95,5,178.591776
3.95,5,178.593432
1.97,3,178.594697
13.9,10,178.598049
3.95,5,178.599755
13.91,9,178.602687
5.93,7,178.605301
1.96,4,178.606723
-0.02,2,178.607499
3.94,6,178.609525
3.94,6,178.611488
5.93,7,178.613766
5.92,8,178.820328
1.96,4,178.821901
1.97,3,178.822977
1.97,3,178.824024
3.95,5,178.826061
3.95,5,178.82787
1.97,3,178.829079
1.96,4,178.830659
1.97,3,178.831742
3.94,6,178.833739
3.94,6,178.836017
3.94,6,178.838045
1.96,4,178.839389
1.97,3,178.840415
3.94,6,178.842376
3.95,5,178.844014
13.9,10,178.847852
1.96,4,178.849523
5.93,7,178.852196
1.96,4,178.853742
1.97,3,178.854808
13.91,9,178.857899
1.96,4,178.859269
1.97,3,178.860326
1.97,3,178.861362
5.92,8,178.863931
13.91,9,179.079623
1.96,4,179.081114
-0.02,2,179.081849
1.96,4,179.083218
3.95,5,179.084939
1.96,4,179.086328
-0.02,2,179.087051
3.94,6,179.089016
1.96,4,179.090353
1.97,3,179.091374
1.97,3,179.09252
1.97,3,179.0937
-0.02,2,179.094448
3.95,5,179.096128
3.94,6,179.098094
1.97,3,179.09912
1.96,4,179.100446
1.96,4,179.102576
3.94,6,179.104805
-0.02,2,179.105565
13.9,10,179.108897
13.9,10,179.112225
3.95,5,179.113896
1.97,3,179.115318
3.95,5,179.117169
5.92,8,179.11982
1.97,3,179.120878
3.94,6,179.122854
1.97,3,179.123892
3.95,5,179.34171
1.97,3,179.342836
3.95,5,179.344545
3.95,5,179.346227
1.97,3,179.347258
3.94,6,179.349526
3.95,5,179.351763
3.94,6,179.353909
1.96,4,179.355319
1.96,4,179.356688
3.95,5,179.358369
1.96,4,179.360193
1.96,4,179.361699
13.91,9,179.364668
3.94,6,179.366646
3.94,6,179.368634
1.97,3,179.369693
13.91,9,179.3726
3.95,5,179.374268
1.96,4,179.375613
5.92,8,179.378182
5.93,7,179.380445
3.94,6,179.38241
3.95,5,179.384076
1.97,3,179.577918
3.95,5,179.579765
3.95,5,179.581483
3.94,6,179.583491
5.93,7,179.586433
1.97,3,179.587861
3.94,6,179.589927
5.93,7,179.592253
1.97,3,179.593309
3.95,5,179.594986
1.97,3,179.596235
1.96,4,179.597863
3.95,5,179.599608
13.91,9,179.603561
1.97,3,179.60471
1.96,4,179.606103
3.95,5,179.608228
3.95,5,179.610243
3.95,5,179.611957
5.92,8,179.61454
1.96,4,179.615878
1.96,4,179.617471
1.97,3,179.618617
3.95,5,179.620319
5.92,8,179.622939
1.97,3,179.623982
1.97,3,179.821693
3.94,6,179.823854
3.95,5,179.825527
3.95,5,179.827223
1.97,3,179.828256
5.93,7,179.830939
5.92,8,179.833861
3.95,5,179.835799
5.92,8,179.83844
5.93,7,179.840947
3.94,6,179.843038
3.94,6,179.845068
3.94,6,179.847082
1.97,3,179.848151
13.9,10,179.851425
1.97,3,179.852486
3.94,6,179.854768
1.96,4,179.856308
13.91,9,179.859802
3.94,6,179.861862
1.97,3,179.862895
3.95,5,179.864687
13.9,10,180.090963
1.96,4,180.092576
1.96,4,180.094081
1.96,4,180.095459
1.97,3,180.096525
-0.01,1,180.096941
3.95,5,180.098605
3.95,5,180.100261
3.94,6,180.102897
1.97,3,180.104019
5.93,7,180.106341
3.95,5,180.108017
3.95,5,180.109676
3.95,5,180.1118
1.97,3,180.112961
1.96,4,180.114374
3.94,6,180.116431
3.95,5,180.118289
1.97,3,180.11939
3.95,5,180.121073
3.95,5,180.122752
1.97,3,180.12379
1.96,4,180.12514
1.96,4,180.12673
3.94,6,180.128775
1.97,3,180.129824
1.96,4,180.13119
1.97,3,180.132242
13.91,9,180.316714
3.95,5,180.31897
3.94,6,180.321074
1.96,4,180.32243
1.97,3,180.323522
1.97,3,180.324573
5.92,8,180.327515
3.95,5,180.32927
3.95,5,180.330967
1.97,3,180.332011
1.97,3,180.333035
5.93,7,180.335319
1.97,3,180.336358
3.95,5,180.338012
5.93,7,180.340306
1.96,4,180.342058
1.97,3,180.343106
3.95,5,180.344755
3.95,5,180.346408
5.93,7,180.348674
3.94,6,180.350872
13.91,9,180.354436
1.96,4,180.355911
1.97,3,180.356987
1.97,3,180.35803
-0.02,2,180.358752
3.94,6,180.361153
3.95,5,180.561211
3.94,6,180.56339
5.92,8,180.566196
3.95,5,180.567891
-0.02,2,180.568633
13.9,10,180.572428
3.94,6,180.574527
1.97,3,180.575854
1.96,4,180.577318
13.9,10,180.580597
5.93,7,180.582922
1.97,3,180.58402
1.96,4,180.585458
3.95,5,180.587472
1.96,4,180.589155
3.95,5,180.590915
1.96,4,180.592681
3.94,6,180.594717
3.95,5,180.59639
1.97,3,180.597441
13.91,9,180.600383
3.95,5,180.602507
1.96,4,180.603961
1.97,3,180.605036
3.94,6,180.81513
3.94,6,180.817743
1.97,3,180.818904
1.97,3,180.819967
5.93,7,180.822259
1.96,4,180.82362
1.97,3,180.825012
3.94,6,180.827284
-0.01,1,180.827744
3.94,6,180.829714
3.95,5,180.831389
1.96,4,180.83273
1.97,3,180.833758
3.95,5,180.835571
1.96,4,180.837079
1.97,3,180.838174
1.97,3,180.839252
13.9,10,180.842618
1.97,3,180.843675
5.93,7,180.846006
1.97,3,180.847057
3.95,5,180.848725
3.94,6,180.850711
5.92,8,180.853321
3.94,6,180.855307
-0.01,1,180.85572
1.97,3,180.856746
1.96,4,180.858463
3.94,6,181.083151
3.95,5,181.085012
1.97,3,181.086089
3.95,5,181.087758
1.96,4,181.089122
13.9,10,181.092756
1.97,3,181.093983
1.96,4,181.095414
1.96,4,181.096822
3.94,6,181.098837
1.97,3,181.099894
1.97,3,181.100947
13.9,10,181.104415
3.94,6,181.106587
5.93,7,181.109036
3.95,5,181.110941
3.95,5,181.112639
1.97,3,181.11369
3.95,5,181.115356
3.94,6,181.117372
3.95,5,181.119135
1.96,4,181.120521
3.94,6,181.122522
5.92,8,181.125264
1.96,4,181.126703
13.91,9,181.341871
1.97,3,181.343005
3.95,5,181.344671
3.95,5,181.346337
5.93,7,181.348598
5.93,7,181.350862
3.95,5,181.352493
1.97,3,181.353517
1.97,3,181.354538
1.96,4,181.356369
-0.01,1,181.356895
1.96,4,181.358297
3.95,5,181.360025
3.95,5,181.361675
1.97,3,181.362695
3.94,6,181.364627
1.97,3,181.366156
1.97,3,181.367356
1.96,4,181.368748
1.97,3,181.369806
1.97,3,181.370839
1.96,4,181.372184
1.97,3,181.373227
3.94,6,181.375336
1.97,3,181.376528
5.93,7,181.378849
13.9,10,181.382117
1.96,4,181.383461
3.95,5,181.596141
3.95,5,181.597932
1.96,4,181.599311
1.97,3,181.600351
1.97,3,181.601399
3.95,5,181.603141
5.92,8,181.60639
3.95,5,181.608238
1.97,3,181.60956
1.96,4,181.611048
3.94,6,181.613053
1.97,3,181.614101
3.95,5,181.616098
13.91,9,181.619217
1.97,3,181.620261
5.93,7,181.622524
1.97,3,181.623547
5.93,7,181.626337
3.95,5,181.628101
1.96,4,181.629472
5.92,8,181.632057
3.95,5,181.633703
3.95,5,181.635879
3.94,6,181.637962
1.97,3,181.639025
3.95,5,181.640704
3.94,6,181.837324
1.97,3,181.838494
1.96,4,181.839865
5.93,7,181.84218
1.96,4,181.843577
1.97,3,181.844606
1.96,4,181.845948
5.93,7,181.8482
1.97,3,181.849219
1.96,4,181.850547
1.97,3,181.851561
3.95,5,181.853193
3.94,6,181.855231
3.94,6,181.857405
1.97,3,181.858461
13.9,10,181.86227
13.91,9,181.865336
5.92,8,181.868357
3.95,5,181.870085
3.95,5,181.871773
1.97,3,181.87282
3.95,5,181.874494
1.97,3,181.875807
-0.02,2,181.876666
1.96,4,181.878065
3.95,5,181.879765
13.91,9,182.092075
3.95,5,182.093849
1.96,4,182.095219
3.95,5,182.096914
1.97,3,182.097961
1.97,3,182.099004
5.93,7,182.101299
1.96,4,182.102645
1.96,4,182.104001
3.95,5,182.105879
1.97,3,182.106967
1.96,4,182.108335
3.95,5,182.11052
1.96,4,182.112003
1.97,3,182.11306
3.95,5,182.114727
5.92,8,182.11777
5.93,7,182.120256
1.97,3,182.12133
1.97,3,182.122388
1.97,3,182.123444
13.91,9,182.126404
1.96,4,182.127774
1.96,4,182.129181
1.97,3,182.130238
1.97,3,182.131294
3.94,6,182.133258
1.97,3,182.134296
3.95,5,182.336653
3.95,5,182.338465
1.97,3,182.339523
3.95,5,182.341212
5.93,7,182.343642
1.96,4,182.344997
5.93,7,182.347281
1.97,3,182.348318
5.93,7,182.350594
5.93,7,182.352864
1.97,3,182.353893
1.96,4,182.355779
1.97,3,182.356983
1.97,3,182.358081
1.97,3,182.359165
3.95,5,182.36088
3.95,5,182.362545
3.95,5,182.364214
1.96,4,182.366066
3.94,6,182.368421
5.92,8,182.37121
1.97,3,182.372273
1.96,4,182.373671
5.92,8,182.376374
3.95,5,182.378111
3.95,5,182.379863
13.91,9,182.562234
1.97,3,182.563358
1.97,3,182.564957
3.95,5,182.566801
1.96,4,182.568217
1.96,4,182.569808
3.94,6,182.572061
5.92,8,182.574782
3.94,6,182.577285
13.9,10,182.580879
1.97,3,182.582031
3.95,5,182.583745
1.97,3,182.584802
1.97,3,182.585861
1.97,3,182.586918
-0.02,2,182.587648
1.97,3,182.588737
1.96,4,182.590122
5.92,8,182.592764
13.91,9,182.595778
1.97,3,182.596977
1.97,3,182.598052
3.94,6,182.600056
3.94,6,182.602041
3.95,5,182.603702
-0.02,2,182.604423
1.96,4,182.606111
1.96,4,182.82274
1.97,3,182.823908
1.96,4,182.825296
1.97,3,182.826487
1.97,3,182.827619
3.94,6,182.829956
1.97,3,182.83106
1.97,3,182.832236
5.93,7,182.834752
1.97,3,182.836255
3.95,5,182.838091
1.97,3,182.851174
1.97,3,182.853123
1.97,3,182.857822
1.96,4,182.859945
5.93,7,182.862603
3.94,6,182.864622
3.94,6,182.866663
5.93,7,182.868966
1.96,4,182.87031
1.97,3,182.871329
5.92,8,182.873895
1.97,3,182.874933
1.96,4,182.87657
1.96,4,182.878186
1.96,4,182.879728
5.93,7,182.882085
1.97,3,182.883251
3.94,6,182.885518
1.97,3,183.070329
3.95,5,183.072479
3.94,6,183.074601
5.93,7,183.076974
5.93,7,183.079781
1.97,3,183.080979
1.97,3,183.082099
1.96,4,183.083648
13.9,10,183.08722
3.94,6,183.089919
3.95,5,183.09188
1.97,3,183.093244
13.9,10,183.097024
1.96,4,183.098455
1.97,3,183.09952
1.97,3,183.100563
3.95,5,183.102767
5.92,8,183.106162
3.94,6,183.108628
3.95,5,183.110356
3.94,6,183.112923
3.95,5,183.114719
-0.02,2,183.115453
5.93,7,183.11776
3.94,6,183.328905
5.92,8,183.331583
1.96,4,183.332924
1.97,3,183.333963
1.97,3,183.33499
1.97,3,183.33601
1.97,3,183.337485
3.94,6,183.339697
1.96,4,183.341117
1.96,4,183.342525
1.96,4,183.34392
1.97,3,183.344985
5.92,8,183.347655
1.96,4,183.349029
13.9,10,183.352304
1.96,4,183.35367
1.97,3,183.35472
1.97,3,183.355777
1.97,3,183.356896
1.97,3,183.357995
3.95,5,183.359946
3.95,5,183.361693
1.97,3,183.362765
1.96,4,183.36414
5.93,7,183.366749
1.96,4,183.368289
1.97,3,183.369356
1.96,4,183.370726
1.97,3,183.371766
3.95,5,183.587387
5.93,7,183.589839
1.97,3,183.591203
3.95,5,183.593008
1.96,4,183.594376
1.97,3,183.59541
1.97,3,183.596797
3.94,6,183.598942
3.95,5,183.600671
3.95,5,183.60237
5.93,7,183.605128
3.95,5,183.607159
1.97,3,183.608312
1.97,3,183.609779
3.95,5,183.611565
3.94,6,183.613566
1.97,3,183.614602
1.97,3,183.615636
3.95,5,183.617647
1.97,3,183.618775
1.96,4,183.62019
5.93,7,183.622493
3.94,6,183.624478
5.93,7,183.627008
1.97,3,183.628071
5.93,7,183.630338
3.95,5,183.631999
1.97,3,183.633015
1.96,4,183.800944
3.95,5,183.802724
3.94,6,183.804704
5.93,7,183.806987
5.93,7,183.809703
3.95,5,183.811565
1.96,4,183.812965
3.95,5,183.815147
1.96,4,183.816615
1.97,3,183.818017
1.96,4,183.819706
3.95,5,183.821493
3.95,5,183.823241
1.97,3,183.824332
3.95,5,183.826208
3.95,5,183.827969
3.94,6,183.829992
3.95,5,183.831714
3.95,5,183.833446
5.92,8,183.836466
1.97,3,183.837576
3.95,5,183.839261
1.97,3,183.8403
5.93,7,183.842738
1.96,4,183.844145
1.96,4,183.845505
5.92,8,184.028477
5.93,7,184.030837
3.95,5,184.0325
3.95,5,184.034164
3.94,6,184.036787
3.95,5,184.038886
1.97,3,184.040166
5.93,7,184.04305
5.93,7,184.045632
1.96,4,184.04732
5.93,7,184.049687
3.94,6,184.051761
1.96,4,184.053123
3.95,5,184.054767
1.96,4,184.05617
3.95,5,184.057808
5.93,7,184.060851
3.95,5,184.062604
3.94,6,184.064585
1.96,4,184.065941
5.92,8,184.069168
13.91,9,184.072534
1.97,3,184.263536
3.95,5,184.265731
3.95,5,184.267561
3.95,5,184.269306
1.97,3,184.270354
5.92,8,184.273407
1.97,3,184.27458
5.92,8,184.277295
1.97,3,184.278347
3.95,5,184.279997
1.96,4,184.281338
1.97,3,184.282582
1.97,3,184.28405
3.94,6,184.286308
1.97,3,184.287386
1.96,4,184.288744
1.96,4,184.290221
3.94,6,184.292435
5.93,7,184.294946
1.96,4,184.296335
1.97,3,184.297389
3.95,5,184.299088
3.95,5,184.300767
1.97,3,184.301802
3.95,5,184.303487
1.96,4,184.304846
5.93,7,184.307163
5.93,7,184.491912
1.96,4,184.493449
3.94,6,184.495496
5.92,8,184.498098
5.93,7,184.500354
1.97,3,184.501867
5.92,8,184.504643
1.97,3,184.505716
1.97,3,184.506783
1.96,4,184.508152
3.94,6,184.510166
3.95,5,184.511848
3.95,5,184.513539
3.95,5,184.515203
3.94,6,184.517181
1.96,4,184.518533
1.97,3,184.519561
1.97,3,184.520602
3.95,5,184.522258
1.97,3,184.523549
5.93,7,184.525938
3.95,5,184.527635
5.93,7,184.529941
1.96,4,184.531296
5.92,8,184.534363
1.97,3,184.535447
1.97,3,184.715197
5.93,7,184.717899
1.97,3,184.718978
1.97,3,184.720031
1.97,3,184.721077
1.97,3,184.722107
1.97,3,184.723145
5.92,8,184.726552
1.97,3,184.72768
1.96,4,184.729023
3.94,6,184.730977
-0.01,1,184.731387
1.96,4,184.732734
1.97,3,184.733761
1.97,3,184.735389
3.94,6,184.73758
1.96,4,184.738973
1.97,3,184.74001
1.96,4,184.741344
1.97,3,184.742359
1.97,3,184.743376
1.96,4,184.745027
1.96,4,184.746505
5.92,8,184.749147
1.96,4,184.75053
5.92,8,184.753133
3.94,6,184.755095
5.93,7,184.757366
5.93,7,184.759631
3.95,5,184.950858
3.95,5,184.952628
1.97,3,184.953674
1.96,4,184.955016
1.97,3,184.956081
13.91,9,184.959251
1.97,3,184.960636
1.97,3,184.961814
3.95,5,184.963746
3.94,6,184.966029
1.96,4,184.967567
1.97,3,184.969016
3.95,5,184.970915
1.97,3,184.971989
3.94,6,184.974026
5.93,7,184.976887
1.96,4,184.978319
3.95,5,184.980275
1.96,4,184.981727
3.94,6,184.983753
3.95,5,184.985689
1.97,3,184.986773
1.96,4,184.988193
1.96,4,184.989616
1.97,3,184.990657
13.9,10,184.994152
1.96,4,184.995643
1.97,3,184.99681
1.97,3,185.211187
1.97,3,185.212356
1.96,4,185.213732
1.96,4,185.215084
3.95,5,185.216741
5.93,7,185.219017
1.97,3,185.220491
1.97,3,185.22168
-0.01,1,185.222119
1.97,3,185.223193
3.95,5,185.224872
1.96,4,185.226241
3.95,5,185.227911
1.97,3,185.228951
1.96,4,185.230391
1.97,3,185.231649
1.97,3,185.232758
1.97,3,185.233829
5.92,8,185.236461
5.92,8,185.239059
5.93,7,185.241763
1.97,3,185.242986
3.95,5,185.244683
3.95,5,185.246648
5.93,7,185.249117
5.92,8,185.252664
1.96,4,185.254101
1.96,4,185.255457
3.95,5,185.445358
1.97,3,185.446982
1.97,3,185.448267
1.97,3,185.449536
3.95,5,185.451285
1.97,3,185.452345
5.92,8,185.454937
1.97,3,185.455968
5.93,7,185.458423
13.91,9,185.461653
5.92,8,185.464461
1.97,3,185.465541
3.94,6,185.46753
3.95,5,185.469468
3.94,6,185.471572
1.97,3,185.472645
5.92,8,185.475311
3.95,5,185.476993
1.97,3,185.478042
1.97,3,185.479095
1.96,4,185.480443
3.94,6,185.482949
3.95,5,185.484745
1.97,3,185.485835
1.97,3,185.486879
1.97,3,185.487915
1.97,3,185.488939
3.95,5,185.490617
3.95,5,185.688944
5.93,7,185.691352
1.97,3,185.692546
3.94,6,185.694758
-0.01,1,185.695263
3.94,6,185.697475
3.95,5,185.699177
3.94,6,185.701274
1.97,3,185.702424
3.95,5,185.704162
-0.01,1,185.704592
-0.01,1,185.705009
1.97,3,185.706066
1.96,4,185.707427
1.96,4,185.708794
13.91,9,185.712454
1.97,3,185.713569
3.94,6,185.715772
3.94,6,185.717947
3.95,5,185.719674
1.97,3,185.72074
5.93,7,185.723068
3.95,5,185.724762
1.97,3,185.725918
3.95,5,185.727723
13.91,9,185.730758
1.97,3,185.731816
5.92,8,185.934804
13.91,9,185.937829
5.93,7,185.940116
1.96,4,185.941622
3.95,5,185.943956
3.95,5,185.945948
3.94,6,185.948021
-0.01,1,185.948452
3.94,6,185.950535
1.97,3,185.951639
3.95,5,185.953341
5.92,8,185.95597
1.97,3,185.957023
1.97,3,185.958075
1.96,4,185.959487
1.96,4,185.960886
1.96,4,185.962298
1.97,3,185.963338
3.95,5,185.965007
1.97,3,185.966045
3.95,5,185.967704
1.97,3,185.968736
1.97,3,185.970083
1.96,4,185.971618
1.96,4,185.972998
1.97,3,185.974041
1.97,3,185.975078
13.91,9,185.977947
3.95,5,186.179338
1.96,4,186.18081
3.95,5,186.182476
5.92,8,186.185397
3.95,5,186.18752
3.95,5,186.189416
3.95,5,186.191185
-0.01,1,186.191613
3.95,5,186.19374
3.95,5,186.195531
1.97,3,186.196579
3.95,5,186.19843
1.97,3,186.199576
-0.01,1,186.200016
3.95,5,186.201795
1.97,3,186.202861
1.97,3,186.203924
3.95,5,186.205818
1.97,3,186.206973
-0.01,1,186.207415
3.95,5,186.209225
-0.01,1,186.209748
1.97,3,186.210826
13.91,9,186.213801
13.9,10,186.217043
1.97,3,186.218098
1.97,3,186.219137
3.95,5,186.220819
3.95,5,186.222486
1.97,3,186.223537
3.95,5,186.447885
1.97,3,186.449132
1.97,3,186.450278
3.94,6,186.452607
1.97,3,186.453713
1.97,3,186.454798
1.96,4,186.456217
3.95,5,186.457946
-0.01,1,186.458383
1.97,3,186.459812
3.94,6,186.461899
3.95,5,186.46358
3.94,6,186.465552
3.94,6,186.467515
5.92,8,186.47059
-0.01,1,186.471077
5.93,7,186.473451
1.97,3,186.47451
3.95,5,186.4762
3.95,5,186.477879
1.96,4,186.479257
13.9,10,186.483065
1.97,3,186.484215
1.97,3,186.485274
1.96,4,186.486625
1.97,3,186.48767
3.94,6,186.489838
3.95,5,186.491824
1.97,3,186.493151
1.97,3,186.494264
1.96,4,186.710334
-0.02,2,186.711181
3.95,5,186.712865
-0.02,2,186.713591
13.91,9,186.716482
1.97,3,186.717523
5.92,8,186.720122
1.97,3,186.721151
3.95,5,186.722792
3.95,5,186.724441
3.95,5,186.726085
3.95,5,186.727712
1.97,3,186.728728
1.96,4,186.730051
1.97,3,186.731068
1.97,3,186.732109
1.96,4,186.733471
1.97,3,186.734953
3.95,5,186.736742
5.92,8,186.739342
1.96,4,186.74074
5.93,7,186.743023
3.94,6,186.745484
1.97,3,186.74664
1.97,3,186.747728
5.93,7,186.750101
13.91,9,186.753292
5.92,8,186.949798
1.97,3,186.95091
3.95,5,186.952568
3.94,6,186.954533
3.94,6,186.956479
1.97,3,186.957495
1.97,3,186.958525
1.96,4,186.959857
3.94,6,186.961807
1.97,3,186.962855
3.95,5,186.964489
3.95,5,186.966129
1.97,3,186.967139
1.97,3,186.968158
1.96,4,186.969578
5.93,7,186.972253
1.97,3,186.973314
1.97,3,186.97436
1.96,4,186.975707
3.94,6,186.977672
3.95,5,186.979316
-0.01,1,186.979988
3.95,5,186.981989
3.95,5,186.983856
1.97,3,186.984926
3.95,5,186.986583
1.96,4,186.987922
1.97,3,186.988951
1.96,4,186.990596
1.96,4,187.179256
5.93,7,187.181738
1.96,4,187.183104
1.97,3,187.184383
3.94,6,187.187018
3.95,5,187.188704
1.97,3,187.18972
1.97,3,187.190746
1.97,3,187.191757
1.97,3,187.192776
1.96,4,187.194134
1.96,4,187.195908
1.96,4,187.197421
1.97,3,187.198515
3.95,5,187.200233
5.93,7,187.202538
5.93,7,187.204848
3.94,6,187.206822
1.97,3,187.207866
1.97,3,187.208913
5.92,8,187.211495
1.96,4,187.212851
1.97,3,187.213903
3.95,5,187.215577
13.91,9,187.218497
3.95,5,187.220149
3.94,6,187.222118
3.95,5,187.419692
1.97,3,187.420929
3.94,6,187.42295
1.97,3,187.423993
1.97,3,187.425028
1.97,3,187.426268
5.93,7,187.428679
1.97,3,187.429741
1.97,3,187.43077
1.97,3,187.431808
1.96,4,187.433153
1.97,3,187.434523
5.93,7,187.437197
3.95,5,187.438942
5.92,8,187.441597
1.96,4,187.442968
1.97,3,187.444072
1.97,3,187.445694
1.97,3,187.446837
1.96,4,187.448247
1.96,4,187.449628
3.95,5,187.45131
3.95,5,187.452989
1.96,4,187.454357
5.92,8,187.456975
1.97,3,187.458002
1.97,3,187.459049
3.95,5,187.460724
1.97,3,187.461768
1.97,3,187.462818
3.95,5,187.464477
5.93,7,187.679376
1.97,3,187.680533
3.94,6,187.682547
1.97,3,187.683616
5.93,7,187.686759
1.97,3,187.688176
1.96,4,187.689655
5.93,7,187.692283
13.91,9,187.695356
1.97,3,187.696408
1.97,3,187.697765
5.93,7,187.700207
3.94,6,187.702495
3.95,5,187.704218
13.91,9,187.707138
1.96,4,187.708487
5.92,8,187.711059
1.97,3,187.712087
1.96,4,187.713429
1.96,4,187.714768
3.94,6,187.716719
1.97,3,187.717742
1.97,3,187.718764
-0.01,1,187.719166
5.92,8,187.721708
3.95,5,187.91767
13.91,9,187.920732
1.96,4,187.922086
-0.02,2,187.922808
1.97,3,187.923846
1.97,3,187.924872
1.97,3,187.925896
1.97,3,187.926916
5.93,7,187.929276
3.95,5,187.931309
3.95,5,187.933259
5.93,7,187.935589
5.92,8,187.938173
5.92,8,187.941515
5.93,7,187.944053
1.97,3,187.945148
1.97,3,187.946194
1.97,3,187.947236
3.94,6,187.949204
1.96,4,187.950547
1.96,4,187.952504
1.96,4,187.954187
5.93,7,187.956923
1.97,3,187.958115
1.97,3,187.95935
1.97,3,187.960634
5.92,8,187.96352
3.95,5,188.172813
5.92,8,188.175547
3.95,5,188.17722
13.91,9,188.180159
5.93,7,188.18303
5.93,7,188.185485
5.93,7,188.187853
1.96,4,188.189576
3.95,5,188.191656
1.96,4,188.193313
1.97,3,188.194467
3.95,5,188.196171
1.96,4,188.197578
1.96,4,188.198939
13.91,9,188.202206
1.96,4,188.203647
-0.01,1,188.204078
3.95,5,188.20578
3.95,5,188.207493
1.97,3,188.208552
5.92,8,188.211234
13.91,9,188.214202
3.95,5,188.215883
1.97,3,188.216933
1.97,3,188.409006
3.95,5,188.411017
1.96,4,188.412653
5.93,7,188.415121
13.91,9,188.418751
1.97,3,188.419935
1.96,4,188.421294
1.96,4,188.422638
1.97,3,188.423692
3.94,6,188.425652
1.97,3,188.426682
1.97,3,188.428009
1.97,3,188.429235
1.97,3,188.430418
1.96,4,188.431839
1.97,3,188.432914
3.94,6,188.434903
3.95,5,188.436764
-0.02,2,188.437884
1.97,3,188.438955
1.96,4,188.440405
5.93,7,188.443275
1.97,3,188.44448
1.97,3,188.445554
5.92,8,188.44856
5.93,7,188.451258
13.9,10,188.454956
3.95,5,188.671709
1.97,3,188.672885
5.93,7,188.6752
3.95,5,188.676866
1.96,4,188.678214
1.97,3,188.679249
5.93,7,188.682008
1.97,3,188.683187
1.96,4,188.684589
5.93,7,188.686931
13.9,10,188.690757
5.93,7,188.693393
1.97,3,188.694523
1.97,3,188.695573
3.94,6,188.697562
1.97,3,188.698638
3.95,5,188.700307
1.96,4,188.70189
1.97,3,188.702999
5.93,7,188.705326
1.97,3,188.706478
5.93,7,188.708881
5.92,8,188.71153
1.97,3,188.712595
3.95,5,188.714275
13.91,9,188.928726
3.95,5,188.930651
5.93,7,188.933091
1.97,3,188.93427
13.91,9,188.937216
1.96,4,188.93908
13.91,9,188.942181
5.92,8,188.944921
5.92,8,188.947541
3.93,7,188.949823
1.97,3,188.950941
3.95,5,188.952673
3.94,6,188.95468
1.97,3,188.956165
1.97,3,188.957355
1.97,3,188.958428
1.96,4,188.959789
1.96,4,188.961511
1.97,3,188.962677
1.97,3,188.963741
1.96,4,188.965109
13.9,10,188.968861
1.96,4,188.970428
3.95,5,188.972259
5.93,7,189.184708
1.97,3,189.185867
1.96,4,189.187247
1.96,4,189.188909
-0.02,2,189.18987
3.95,5,189.191666
1.97,3,189.192757
3.94,6,189.195447
3.95,5,189.197242
1.97,3,189.198303
1.96,4,189.199646
1.97,3,189.200694
1.97,3,189.201735
5.93,7,189.204023
5.92,8,189.206604
3.95,5,189.208422
1.96,4,189.209994
3.94,6,189.212053
13.9,10,189.215299
1.97,3,189.216339
1.96,4,189.217682
1.97,3,189.219041
3.95,5,189.220861
1.97,3,189.221944
13.9,10,189.225252
1.97,3,189.226524
1.97,3,189.227617
1.97,3,189.229022
1.97,3,189.230192
5.93,7,189.447381
1.97,3,189.448528
1.96,4,189.449913
1.97,3,189.451136
3.94,6,189.453227
3.95,5,189.454916
3.95,5,189.456573
3.95,5,189.458239
3.94,6,189.46022
1.97,3,189.461249
1.97,3,189.462276
1.97,3,189.463304
1.97,3,189.464341
5.93,7,189.466593
3.95,5,189.468251
1.97,3,189.469267
3.94,6,189.471219
1.96,4,189.472549
5.93,7,189.474803
3.95,5,189.476444
5.93,7,189.478698
1.96,4,189.48032
3.95,5,189.48231
3.94,6,189.484373
5.93,7,189.486642
3.95,5,189.48828
3.95,5,189.655285
1.97,3,189.65641
1.97,3,189.657482
1.96,4,189.658829
5.92,8,189.661386
3.94,6,189.66332
3.94,6,189.665833
1.96,4,189.667271
1.96,4,189.668643
1.96,4,189.670013
3.95,5,189.671693
1.96,4,189.673046
5.93,7,189.675346
13.91,9,189.678252
1.96,4,189.679595
1.97,3,189.680629
1.97,3,189.681666
3.95,5,189.68333
3.95,5,189.684988
1.96,4,189.68632
1.96,4,189.68813
5.93,7,189.690708
3.94,6,189.693038
1.97,3,189.694215
3.94,6,189.696219
3.94,6,189.698421
1.97,3,189.895743
3.95,5,189.89773
5.93,7,189.9001
1.97,3,189.901154
3.94,6,189.903164
1.97,3,189.904216
1.96,4,189.906187
3.95,5,189.908077
3.95,5,189.90999
5.92,8,189.912777
1.97,3,189.913838
1.96,4,189.915502
3.95,5,189.917392
1.97,3,189.918482
1.97,3,189.919551
5.92,8,189.922292
3.95,5,189.923993
1.97,3,189.925199
1.96,4,189.926642
3.95,5,189.92834
1.97,3,189.929426
1.97,3,189.930474
3.95,5,189.932139
1.97,3,189.933176
1.96,4,189.934516
1.97,3,189.935615
1.96,4,189.937068
5.93,7,189.939583
3.95,5,189.941345
-0.02,2,190.128305
3.95,5,190.130196
1.96,4,190.131587
1.96,4,190.132928
3.95,5,190.134801
5.93,7,190.13726
1.97,3,190.138315
1.96,4,190.139657
3.95,5,190.141305
3.94,6,190.143784
1.97,3,190.144909
5.92,8,190.147509
1.97,3,190.148554
3.94,6,190.150497
3.95,5,190.152146
1.96,4,190.154
1.97,3,190.155193
3.94,6,190.157386
3.95,5,190.159127
3.94,6,190.161205
1.97,3,190.162277
13.9,10,190.165582
3.95,5,190.167264
1.97,3,190.168322
5.93,7,190.170648
3.95,5,190.172355
5.93,7,190.385283
3.94,6,190.387374
5.92,8,190.389983
1.97,3,190.391025
3.95,5,190.392976
3.95,5,190.39481
5.92,8,190.397462
5.93,7,190.399763
3.95,5,190.40143
1.97,3,190.402461
13.91,9,190.406183
5.93,7,190.408647
1.97,3,190.409903
5.93,7,190.412312
1.97,3,190.413367
3.95,5,190.415027
1.96,4,190.416372
3.94,6,190.418489
5.93,7,190.420863
3.94,6,190.422838
3.95,5,190.42448
5.93,7,190.426937
1.97,3,190.428003
1.97,3,190.620608
1.97,3,190.621769
3.95,5,190.62346
-0.01,1,190.623874
1.96,4,190.625212
3.94,6,190.627175
1.97,3,190.628211
5.92,8,190.631307
1.97,3,190.632402
-0.01,1,190.632824
1.97,3,190.633903
1.96,4,190.635282
3.94,6,190.637265
-0.02,2,190.638045
1.97,3,190.639082
1.97,3,190.640118
1.97,3,190.641149
1.97,3,190.642179
1.97,3,190.644315
1.97,3,190.645568
1.96,4,190.646996
1.97,3,190.64809
1.97,3,190.649152
3.95,5,190.650822
1.97,3,190.651857
1.97,3,190.653236
3.94,6,190.655543
1.96,4,190.656934
1.97,3,190.658002
1.97,3,190.659042
1.97,3,190.660072
3.95,5,190.661718
3.94,6,190.663951
1.96,4,190.665551
1.97,3,190.666656
1.97,3,190.892
1.96,4,190.89398
3.95,5,190.895723
3.94,6,190.897701
5.93,7,190.899979
1.96,4,190.90196
1.96,4,190.903457
3.94,6,190.905462
3.94,6,190.907451
1.96,4,190.908794
1.96,4,190.9103
1.96,4,190.911959
1.97,3,190.913099
3.95,5,190.9148
1.97,3,190.915852
3.95,5,190.917624
3.95,5,190.91942
5.92,8,190.922045
1.96,4,190.923403
1.96,4,190.924753
1.96,4,190.926415
5.93,7,190.928761
1.97,3,190.929813
3.95,5,190.931491
5.92,8,190.934096
3.95,5,190.935951
3.95,5,191.117963
1.97,3,191.119143
5.93,7,191.121475
5.93,7,191.123772
3.94,6,191.125727
5.93,7,191.128523
1.97,3,191.129708
3.94,6,191.131759
5.93,7,191.134081
5.92,8,191.136722
1.97,3,191.137765
1.97,3,191.138824
1.97,3,191.139868
5.93,7,191.142136
1.96,4,191.143468
3.95,5,191.14511
3.95,5,191.146761
3.94,6,191.148807
1.96,4,191.150221
3.95,5,191.152251
3.95,5,191.154008
1.97,3,191.155051
1.97,3,191.15607
13.91,9,191.158977
5.92,8,191.352741
1.97,3,191.353973
1.97,3,191.355056
3.95,5,191.356777
-0.01,1,191.357194
1.97,3,191.358235
5.93,7,191.360566
1.97,3,191.361848
5.93,7,191.364644
5.93,7,191.367345
3.94,6,191.3696
1.97,3,191.370673
1.97,3,191.371808
1.97,3,191.373009
3.95,5,191.374741
5.92,8,191.377483
3.95,5,191.379184
5.93,7,191.381477
1.96,4,191.383051
1.97,3,191.384161
3.94,6,191.386182
3.94,6,191.388166
5.92,8,191.390792
3.95,5,191.392476
1.97,3,191.393535
3.95,5,191.395197
-0.01,1,191.39577
1.97,3,191.396958
3.95,5,191.58381
1.97,3,191.585273
13.91,9,191.588431
13.91,9,191.591369
1.96,4,191.592916
1.97,3,191.594042
1.97,3,191.595112
1.96,4,191.59648
1.96,4,191.597848
1.97,3,191.598889
1.97,3,191.599922
1.97,3,191.601412
1.96,4,191.602981
3.95,5,191.604719
1.96,4,191.606124
5.93,7,191.608432
1.97,3,191.609481
1.97,3,191.61054
1.97,3,191.612092
5.92,8,191.614872
1.96,4,191.616257
5.93,7,191.61871
-0.01,1,191.619149
1.96,4,191.6205
5.92,8,191.62311
1.97,3,191.624142
1.97,3,191.625192
1.97,3,191.626369
3.94,6,191.628339
1.97,3,191.629391
1.97,3,191.829817
1.96,4,191.831259
-0.01,1,191.831678
5.92,8,191.834255
5.92,8,191.836813
3.94,6,191.839253
3.94,6,191.841414
1.97,3,191.842493
3.95,5,191.844205
1.96,4,191.845575
1.97,3,191.846644
3.94,6,191.848652
3.94,6,191.850645
1.96,4,191.852008
1.97,3,191.85304
1.97,3,191.854372
1.96,4,191.855901
3.95,5,191.857625
3.94,6,191.859615
1.97,3,191.860685
1.97,3,191.86171
1.97,3,191.862722
13.91,9,191.865973
1.97,3,191.867107
3.94,6,191.869128
1.96,4,191.870486
1.97,3,191.87153
3.94,6,191.873516
1.96,4,192.074784
3.95,5,192.077001
13.91,9,192.080002
1.96,4,192.081369
1.96,4,192.083126
3.94,6,192.085378
1.97,3,192.08648
1.96,4,192.087847
1.96,4,192.089206
1.96,4,192.09056
1.97,3,192.091595
1.96,4,192.093201
1.97,3,192.094344
1.97,3,192.095442
3.95,5,192.097184
5.92,8,192.099856
3.94,6,192.101867
1.96,4,192.10324
5.93,7,192.10602
1.97,3,192.107222
-0.02,2,192.107992
3.95,5,192.109715
1.97,3,192.11082
1.96,4,192.11217
5.92,8,192.115097
3.94,6,192.117378
3.95,5,192.119333
1.97,3,192.332406
3.94,6,192.3348
3.94,6,192.336849
1.97,3,192.337909
3.94,6,192.339935
1.97,3,192.340991
1.97,3,192.342084
1.96,4,192.343665
5.93,7,192.34614
3.94,6,192.348165
1.97,3,192.349204
3.94,6,192.351677
1.97,3,192.353109
3.94,6,192.355174
3.95,5,192.356925
1.97,3,192.357987
1.97,3,192.359113
3.94,6,192.361173
1.96,4,192.362526
1.96,4,192.363872
1.96,4,192.365231
1.96,4,192.366584
3.95,5,192.368339
1.97,3,192.36943
3.95,5,192.371113
5.93,7,192.373424
1.96,4,192.374791
1.96,4,192.376399
3.95,5,192.544944
5.92,8,192.547752
3.94,6,192.549769
3.95,5,192.551441
5.93,7,192.553691
5.93,7,192.555953
1.97,3,192.556982
3.95,5,192.558616
3.95,5,192.560246
1.97,3,192.561266
1.97,3,192.562279
3.95,5,192.564464
3.95,5,192.566334
1.97,3,192.567453
1.96,4,192.568861
1.97,3,192.569946
1.97,3,192.570975
3.95,5,192.572615
3.95,5,192.574663
3.94,6,192.576903
3.94,6,192.578966
1.97,3,192.580034
1.97,3,192.581091
3.95,5,192.58277
5.92,8,192.585405
1.96,4,192.58676
1.97,3,192.58781
3.95,5,192.76955
1.97,3,192.770778
-0.01,1,192.771211
5.93,7,192.774001
3.95,5,192.775806
5.92,8,192.778518
1.97,3,192.779952
3.95,5,192.781827
5.92,8,192.784477
3.95,5,192.786155
3.95,5,192.78782
3.95,5,192.789695
1.97,3,192.790822
3.95,5,192.792536
5.93,7,192.794842
3.95,5,192.796532
3.95,5,192.79821
1.97,3,192.799265
1.97,3,192.800314
-0.01,1,192.80072
3.95,5,192.802383
3.94,6,192.804366
3.94,6,192.806335
3.95,5,192.807987
3.95,5,192.809662
1.97,3,192.810692
1.97,3,192.811721
1.97,3,192.812754
1.97,3,192.813862
3.95,5,192.999734
1.97,3,193.000889
1.97,3,193.001942
1.97,3,193.002984
1.97,3,193.004014
3.95,5,193.005662
1.97,3,193.006692
1.97,3,193.007999
1.97,3,193.009392
-0.01,1,193.009984
1.96,4,193.011534
1.97,3,193.012737
13.91,9,193.01567
3.94,6,193.017734
1.96,4,193.019408
1.96,4,193.021035
13.91,9,193.024095
1.96,4,193.025612
3.95,5,193.027563
3.95,5,193.029521
1.97,3,193.030641
3.95,5,193.032596
3.95,5,193.034383
1.96,4,193.035742
-0.01,1,193.036158
1.97,3,193.03718
1.97,3,193.038478
3.95,5,193.040256
1.97,3,193.041338
3.95,5,193.043047
1.97,3,193.044119
1.97,3,193.045175
-0.01,1,193.045598
1.97,3,193.29401
1.97,3,193.295171
3.94,6,193.29721
5.93,7,193.299523
1.97,3,193.300581
1.97,3,193.301628
3.95,5,193.303298
1.97,3,193.304342
3.95,5,193.305997
3.94,6,193.307968
3.95,5,193.309624
1.97,3,193.310657
3.94,6,193.312629
1.96,4,193.314502
1.97,3,193.31572
3.95,5,193.317459
1.97,3,193.318522
1.97,3,193.319592
1.97,3,193.320638
1.97,3,193.321675
1.97,3,193.32272
3.95,5,193.3247
1.97,3,193.325934
1.97,3,193.327177
5.92,8,193.329907
1.96,4,193.331283
1.97,3,193.332316
3.94,6,193.334441
1.96,4,193.336038
1.97,3,193.337126
1.97,3,193.338163
3.94,6,193.554122
1.96,4,193.555607
3.94,6,193.557639
3.94,6,193.560087
3.95,5,193.562239
3.95,5,193.563995
1.97,3,193.565047
1.97,3,193.566241
1.96,4,193.567823
1.97,3,193.568955
3.95,5,193.570659
5.93,7,193.572952
1.96,4,193.574301
3.95,5,193.576344
1.97,3,193.577551
5.93,7,193.57989
3.95,5,193.581584
5.92,8,193.584191
3.94,6,193.586401
5.93,7,193.58884
1.97,3,193.589944
1.96,4,193.591334
1.96,4,193.592952
1.97,3,193.594039
1.97,3,193.595076
5.93,7,193.597371
3.94,6,193.782067
3.95,5,193.783874
13.91,9,193.786996
13.91,9,193.790018
1.97,3,193.791064
5.93,7,193.793333
1.97,3,193.794361
3.95,5,193.796005
3.95,5,193.797682
1.97,3,193.798738
1.96,4,193.800081
1.97,3,193.801122
1.96,4,193.802479
3.95,5,193.804154
5.93,7,193.806479
5.92,8,193.809063
1.97,3,193.810078
13.91,9,193.813533
3.94,6,193.815717
1.97,3,193.816817
3.95,5,193.81853
1.96,4,193.819876
3.95,5,193.821528
1.97,3,193.822736
3.94,6,193.825076
1.96,4,194.017243
13.91,9,194.020291
1.97,3,194.021369
3.95,5,194.023052
1.97,3,194.024112
3.94,6,194.026592
3.95,5,194.028431
5.93,7,194.030812
1.97,3,194.031986
5.93,7,194.034503
13.9,10,194.03795
1.97,3,194.03902
3.95,5,194.040701
1.97,3,194.041752
3.94,6,194.043785
3.95,5,194.045503
3.95,5,194.047187
3.94,6,194.049169
3.95,5,194.050833
13.9,10,194.054058
13.91,9,194.056978
3.95,5,194.058647
1.97,3,194.060169
3.95,5,194.265578
13.91,9,194.268633
3.94,6,194.270616
13.91,9,194.274223
1.96,4,194.275791
1.97,3,194.276934
3.95,5,194.278663
1.97,3,194.279732
1.96,4,194.281342
3.94,6,194.283515
13.91,9,194.286766
5.93,7,194.289154
3.94,6,194.291187
-0.01,1,194.291613
3.95,5,194.293304
1.96,4,194.294693
3.94,6,194.296689
1.97,3,194.297734
5.92,8,194.300349
1.97,3,194.301413
13.91,9,194.304361
1.97,3,194.305409
3.95,5,194.30709
3.95,5,194.308966
1.97,3,194.503595
1.97,3,194.50483
1.97,3,194.505905
3.94,6,194.5079
1.97,3,194.508943
1.96,4,194.510277
5.92,8,194.51321
3.95,5,194.515059
3.95,5,194.51679
3.95,5,194.51849
1.96,4,194.519843
1.97,3,194.520888
1.96,4,194.522248
5.93,7,194.525143
1.97,3,194.526287
1.96,4,194.527687
1.96,4,194.52904
13.91,9,194.531898
3.95,5,194.533955
3.95,5,194.53579
1.97,3,194.536857
1.97,3,194.537915
3.95,5,194.539589
3.95,5,194.541255
3.95,5,194.543278
1.96,4,194.544907
3.95,5,194.547062
3.95,5,194.548997
1.97,3,194.745245
1.97,3,194.746454
5.93,7,194.748773
3.94,6,194.750733
1.97,3,194.751756
3.95,5,194.7534
1.97,3,194.754895
1.96,4,194.75649
3.94,6,194.758548
1.96,4,194.75993
3.94,6,194.76192
1.96,4,194.763275
1.97,3,194.764306
1.96,4,194.765641
1.97,3,194.766668
1.96,4,194.767997
5.92,8,194.770632
1.96,4,194.772589
3.95,5,194.774309
13.91,9,194.777814
1.97,3,194.778925
1.96,4,194.78028
1.96,4,194.781939
3.94,6,194.784159
-0.01,1,194.784665
3.95,5,194.786493
3.95,5,194.78816
1.97,3,194.78918
1.97,3,194.790212
3.95,5,194.991332
1.97,3,194.992492
3.95,5,194.994196
1.96,4,194.995544
5.93,7,194.997821
1.96,4,194.999179
3.95,5,195.001386
1.96,4,195.002887
1.97,3,195.003973
1.97,3,195.005059
-0.01,1,195.005496
3.94,6,195.007533
5.92,8,195.01023
1.97,3,195.011375
1.97,3,195.012671
1.96,4,195.014374
13.91,9,195.017648
1.97,3,195.018726
3.95,5,195.020405
1.96,4,195.021758
1.97,3,195.022793
3.95,5,195.024444
1.96,4,195.025963
3.94,6,195.028226
5.93,7,195.030638
-0.01,1,195.031088
5.93,7,195.033362
1.97,3,195.034397
3.95,5,195.036378
1.97,3,195.228393
3.94,6,195.230591
3.94,6,195.232734
3.94,6,195.235251
3.95,5,195.237049
1.97,3,195.238104
1.96,4,195.239484
1.96,4,195.24084
1.97,3,195.241873
5.93,7,195.24418
1.97,3,195.245211
5.92,8,195.248127
-0.02,2,195.248917
1.97,3,195.249982
1.96,4,195.251351
5.93,7,195.253729
1.97,3,195.25479
3.95,5,195.256456
1.96,4,195.257831
-0.02,2,195.258557
-0.02,2,195.259284
5.93,7,195.261579
3.95,5,195.263266
1.97,3,195.264311
1.96,4,195.265654
1.96,4,195.267
1.97,3,195.268033
3.94,6,195.269997
3.94,6,195.27223
1.96,4,195.45647
3.95,5,195.45825
5.93,7,195.461052
3.94,6,195.463162
3.94,6,195.465377
1.97,3,195.466498
1.97,3,195.467575
5.93,7,195.469877
3.94,6,195.471843
1.96,4,195.473198
1.96,4,195.474558
1.96,4,195.475913
1.96,4,195.477272
3.94,6,195.479352
5.92,8,195.482052
1.96,4,195.483423
3.94,6,195.485779
1.96,4,195.487206
1.97,3,195.488245
5.93,7,195.490814
1.97,3,195.491925
1.96,4,195.493288
3.95,5,195.494985
1.97,3,195.496021
1.97,3,195.497056
1.97,3,195.498087
3.95,5,195.499742
1.97,3,195.679613
1.97,3,195.6808
5.93,7,195.683126
5.93,7,195.685413
3.95,5,195.687074
3.95,5,195.689253
1.97,3,195.690414
3.95,5,195.692102
1.97,3,195.693564
1.97,3,195.694698
1.96,4,195.696084
3.95,5,195.697759
3.94,6,195.700131
1.97,3,195.701282
1.97,3,195.702404
1.97,3,195.703482
1.97,3,195.704557
1.95,5,195.706263
5.93,7,195.708607
1.96,4,195.710208
1.97,3,195.711263
1.97,3,195.712319
5.93,7,195.714618
1.96,4,195.715977
3.94,6,195.717925
1.97,3,195.719061
1.96,4,195.720654
1.97,3,195.721727
1.97,3,195.722786
1.97,3,195.723837
13.91,9,195.901247
1.96,4,195.902709
3.95,5,195.904387
3.95,5,195.906084
1.97,3,195.907129
3.94,6,195.909613
5.92,8,195.91249
1.97,3,195.913585
1.96,4,195.914965
1.97,3,195.916019
3.94,6,195.918031
13.91,9,195.921006
1.97,3,195.922052
1.97,3,195.9231
13.91,9,195.926059
1.96,4,195.927442
1.97,3,195.928503
5.92,8,195.931142
3.94,6,195.933162
-0.01,1,195.933582
5.93,7,195.935904
5.93,7,195.938213
3.95,5,195.940211
1.97,3,195.941341
1.97,3,195.942457
3.95,5,196.157036
1.97,3,196.158296
1.97,3,196.159435
5.92,8,196.162063
1.97,3,196.163097
3.94,6,196.165036
3.94,6,196.167032
5.92,8,196.169927
3.95,5,196.171628
3.95,5,196.173282
3.95,5,196.174929
5.93,7,196.177246
1.97,3,196.17829
1.96,4,196.17963
3.94,6,196.181589
13.91,9,196.184905
1.96,4,196.186382
1.97,3,196.187473
-0.01,1,196.187898
13.91,9,196.190834
3.95,5,196.192481
3.94,6,196.195063
3.94,6,196.197205
3.95,5,196.198935
1.97,3,196.200001
1.97,3,196.201228
3.95,5,196.41123
1.97,3,196.412369
3.95,5,196.414082
3.95,5,196.415761
1.96,4,196.417122
13.91,9,196.420058
1.96,4,196.421419
3.95,5,196.423082
1.97,3,196.424115
1.97,3,196.425149
-0.01,1,196.425559
5.93,7,196.427861
-0.02,2,196.428583
-0.01,1,196.429003
3.94,6,196.430991
3.94,6,196.432967
3.94,6,196.434943
3.95,5,196.436738
1.97,3,196.437878
1.96,4,196.440243
1.96,4,196.441732
1.97,3,196.443114
5.92,8,196.445996
3.95,5,196.447739
3.95,5,196.449433
1.97,3,196.450489
1.96,4,196.451872
3.95,5,196.453594
3.94,6,196.650022
1.97,3,196.651292
13.9,10,196.654557
5.92,8,196.657142
1.97,3,196.658185
3.95,5,196.660399
3.95,5,196.662207
5.93,7,196.664548
5.93,7,196.666843
5.93,7,196.66914
1.97,3,196.670182
5.92,8,196.672785
1.97,3,196.673812
3.95,5,196.675465
1.97,3,196.676497
1.96,4,196.677824
1.97,3,196.678871
5.93,7,196.681155
1.97,3,196.682189
3.95,5,196.683848
3.94,6,196.685801
1.97,3,196.686837
1.96,4,196.688162
1.97,3,196.689752
3.94,6,196.691925
3.95,5,196.693689
1.97,3,196.903314
1.97,3,196.904505
1.97,3,196.905572
1.96,4,196.90693
3.95,5,196.908592
1.97,3,196.909836
5.93,7,196.912258
1.97,3,196.913333
1.97,3,196.914386
1.96,4,196.915831
5.93,7,196.918599
1.96,4,196.920086
3.95,5,196.921788
1.97,3,196.922842
3.95,5,196.924521
1.96,4,196.926216
1.97,3,196.927342
3.94,6,196.929364
1.97,3,196.93041
1.96,4,196.931795
5.92,8,196.934722
1.97,3,196.936284
3.95,5,196.938023
1.97,3,196.939089
1.97,3,196.940126
3.95,5,196.941813
3.94,6,196.944083
1.96,4,196.94551
3.95,5,196.947207
3.95,5,196.948883
13.9,10,197.266715
1.96,4,197.269597
3.94,6,197.271814
3.94,6,197.273964
5.93,7,197.27643
5.92,8,197.279563
3.95,5,197.28133
1.96,4,197.28271
1.97,3,197.283773
3.95,5,197.285701
3.94,6,197.287728
1.97,3,197.288782
1.97,3,197.289822
3.95,5,197.291501
3.95,5,197.293322
1.97,3,197.294422
3.95,5,197.296189
1.97,3,197.297265
1.97,3,197.298345
3.94,6,197.300347
1.96,4,197.301933
5.93,7,197.304315
1.97,3,197.305373
5.93,7,197.307668
3.95,5,197.309669
1.97,3,197.536526
3.94,6,197.54008
5.93,7,197.542708
1.96,4,197.544292
3.95,5,197.546013
1.96,4,197.547391
3.94,6,197.549382
3.94,6,197.551369
3.94,6,197.553625
1.97,3,197.554754
1.97,3,197.556087
3.94,6,197.55819
1.97,3,197.559535
1.96,4,197.561153
3.94,6,197.563614
1.96,4,197.565111
1.97,3,197.566167
1.97,3,197.56724
5.93,7,197.569648
3.95,5,197.571331
3.94,6,197.573355
5.92,8,197.576177
1.97,3,197.577248
5.93,7,197.579561
1.96,4,197.580924
1.96,4,197.582273
1.96,4,197.58362
1.97,3,197.761348
3.94,6,197.763466
3.95,5,197.765132
1.96,4,197.766586
5.92,8,197.770192
1.97,3,197.771374
1.97,3,197.772476
13.91,9,197.775483
3.95,5,197.777496
1.96,4,197.778926
3.94,6,197.780988
1.97,3,197.782067
1.96,4,197.783441
3.94,6,197.78568
5.93,7,197.788032
3.95,5,197.789746
1.96,4,197.79111
5.93,7,197.793537
3.94,6,197.795552
1.96,4,197.796936
3.95,5,197.798616
1.97,3,197.799679
5.92,8,197.802401
1.96,4,197.803768
3.95,5,197.805433
3.94,6,197.99826
3.94,6,198.000354
1.97,3,198.001495
13.9,10,198.004718
1.96,4,198.006287
3.95,5,198.008011
3.94,6,198.010209
-0.02,2,198.010994
-0.02,2,198.011739
1.96,4,198.013204
1.97,3,198.014319
5.93,7,198.016914
3.94,6,198.019049
3.95,5,198.020742
-0.02,2,198.021466
5.93,7,198.023777
3.95,5,198.025867
1.97,3,198.02707
1.96,4,198.028452
1.97,3,198.029493
1.96,4,198.030838
1.97,3,198.031973
5.92,8,198.03483
1.97,3,198.035893
1.97,3,198.036928
3.95,5,198.038567
1.97,3,198.039596
13.91,9,198.249487
5.93,7,198.251891
3.94,6,198.253844
3.95,5,198.255483
5.93,7,198.257728
1.97,3,198.259205
3.94,6,198.261384
1.97,3,198.262486
-0.02,2,198.263247
3.94,6,198.265269
5.92,8,198.267919
5.93,7,198.270265
5.93,7,198.272594
1.96,4,198.274281
1.96,4,198.275689
1.96,4,198.27708
1.96,4,198.27843
3.94,6,198.280403
1.97,3,198.281442
5.93,7,198.284272
5.93,7,198.286899
1.97,3,198.287987
-0.02,2,198.288727
3.94,6,198.290738
3.95,5,198.292586
3.95,5,198.470865
3.95,5,198.472747
1.96,4,198.474129
5.93,7,198.476428
1.97,3,198.477483
1.97,3,198.478518
5.93,7,198.481169
13.91,9,198.484445
-0.01,1,198.484907
5.93,7,198.487253
3.95,5,198.488935
1.97,3,198.489965
3.95,5,198.4919
1.97,3,198.493033
3.95,5,198.494771
1.97,3,198.496107
1.97,3,198.497245
5.92,8,198.499873
5.93,7,198.502208
1.97,3,198.503249
1.96,4,198.50458
1.97,3,198.505622
1.96,4,198.506967
1.97,3,198.508
1.97,3,198.509034
1.96,4,198.510355
3.94,6,198.512349
1.97,3,198.513417
3.95,5,198.515124
1.97,3,198.711278
1.97,3,198.71248
1.97,3,198.713547
1.97,3,198.714585
1.97,3,198.715619
1.97,3,198.716673
3.95,5,198.718368
5.93,7,198.720895
3.94,6,198.722903
1.96,4,198.724275
1.96,4,198.725925
5.93,7,198.728488
1.97,3,198.729551
1.96,4,198.730881
1.96,4,198.732212
1.96,4,198.73354
1.97,3,198.734586
3.95,5,198.73667
1.97,3,198.737779
-0.01,1,198.738208
1.97,3,198.73928
1.97,3,198.740342
3.95,5,198.742022
1.97,3,198.743078
3.95,5,198.744753
1.97,3,198.745795
5.93,7,198.748079
1.97,3,198.749133
1.96,4,198.750472
3.95,5,198.752127
1.97,3,198.753171
3.95,5,198.754835
-0.01,1,198.75524
3.95,5,198.96013
3.94,6,198.962449
3.95,5,198.964209
1.97,3,198.965369
3.95,5,198.967134
1.97,3,198.968719
-0.01,1,198.969215
3.94,6,198.971272
3.95,5,198.972952
3.95,5,198.974633
1.96,4,198.975985
1.96,4,198.97732
3.95,5,198.979248
1.96,4,198.981099
3.94,6,198.983255
1.97,3,198.984354
1.97,3,198.985451
3.95,5,198.987129
3.95,5,198.989169
1.96,4,198.990617
-0.01,1,198.991049
1.97,3,198.992117
-0.01,1,198.992639
1.96,4,198.994131
3.95,5,198.995816
3.95,5,198.997485
5.93,7,198.999789
3.95,5,199.001545
1.97,3,199.002641
3.95,5,199.004373
5.92,8,199.181593
1.96,4,199.183049
1.96,4,199.184419
1.97,3,199.185455
13.91,9,199.188371
1.97,3,199.189777
3.95,5,199.191782
1.96,4,199.193634
-0.01,1,199.194129
3.95,5,199.195972
-0.01,1,199.196425
3.95,5,199.198156
1.96,4,199.199571
1.96,4,199.201016
1.97,3,199.202148
1.97,3,199.203234
1.96,4,199.204602
3.95,5,199.206265
1.96,4,199.207618
1.97,3,199.208725
5.93,7,199.211164
1.96,4,199.212575
1.97,3,199.21363
-0.01,1,199.214044
-0.01,1,199.214459
3.95,5,199.216146
1.97,3,199.21722
13.91,9,199.220176
3.95,5,199.22188
3.95,5,199.223573
13.9,10,199.434056
5.92,8,199.436757
1.97,3,199.437798
1.97,3,199.438824
1.96,4,199.440531
3.95,5,199.442641
1.97,3,199.443904
5.93,7,199.44629
1.97,3,199.447342
1.96,4,199.44868
1.97,3,199.449717
5.93,7,199.452096
3.94,6,199.454074
13.91,9,199.457186
3.95,5,199.45896
1.97,3,199.460008
1.97,3,199.461069
1.96,4,199.462414
5.92,8,199.464977
3.94,6,199.466928
1.97,3,199.468105
3.95,5,199.469839
1.97,3,199.470889
3.95,5,199.472575
1.96,4,199.47394
13.91,9,199.477467
5.93,7,199.674133
3.95,5,199.675973
3.95,5,199.677684
1.97,3,199.678763
1.97,3,199.679841
1.96,4,199.681207
3.95,5,199.682891
1.97,3,199.684148
3.95,5,199.686192
5.92,8,199.688897
13.9,10,199.692184
1.96,4,199.693554
1.97,3,199.695136
13.9,10,199.698548
1.97,3,199.699601
1.96,4,199.701135
3.94,6,199.70322
1.97,3,199.70428
1.97,3,199.705388
3.94,6,199.707471
1.97,3,199.708534
1.97,3,199.709689
1.97,3,199.710779
3.94,6,199.712803
3.94,6,199.714779
5.92,8,199.717368
3.95,5,199.926606
1.96,4,199.92803
1.96,4,199.929435
1.96,4,199.930826
5.93,7,199.933162
1.96,4,199.935089
3.95,5,199.936951
3.95,5,199.938679
1.96,4,199.940059
1.96,4,199.941444
5.93,7,199.943829
1.97,3,199.945468
1.97,3,199.946767
1.97,3,199.948023
1.97,3,199.949274
1.97,3,199.950334
3.95,5,199.951991
3.95,5,199.95365
1.97,3,199.955019
3.94,6,199.95717
1.97,3,199.958266
1.97,3,199.959349
1.96,4,199.960791
1.96,4,199.962259
1.97,3,199.963385
1.97,3,199.964534
3.94,6,199.966633
5.93,7,199.969002
3.95,5,199.970706
1.97,3,199.971768
1.96,4,200.14307
3.95,5,200.144861
3.95,5,200.146997
13.91,9,200.150162
1.97,3,200.151633
3.94,6,200.153799
1.96,4,200.155161
3.95,5,200.15704
1.97,3,200.158129
3.94,6,200.16015
1.97,3,200.161234
1.96,4,200.162591
3.95,5,200.164262
1.97,3,200.165302
3.95,5,200.16697
3.95,5,200.168636
1.96,4,200.169994
1.97,3,200.171038
3.94,6,200.172997
1.97,3,200.174029
1.97,3,200.175057
1.97,3,200.17609
1.96,4,200.177432
1.96,4,200.17877
3.94,6,200.180744
1.97,3,200.181785
3.94,6,200.183744
5.93,7,200.186022
1.97,3,200.380127
1.97,3,200.381305
5.93,7,200.38363
1.96,4,200.384997
1.97,3,200.386077
3.95,5,200.388098
-0.02,2,200.389126
-0.02,2,200.389907
1.97,3,200.390947
1.97,3,200.392157
3.94,6,200.394254
5.93,7,200.396611
1.97,3,200.397696
1.97,3,200.399075
1.96,4,200.400982
-0.02,2,200.401846
1.96,4,200.403303
5.93,7,200.405802
1.97,3,200.406957
3.95,5,200.408736
3.95,5,200.410712
1.97,3,200.411824
3.95,5,200.41358
3.94,6,200.415759
3.95,5,200.417579
3.94,6,200.419606
5.92,8,200.422323
1.97,3,200.423365
-0.02,2,200.424095
3.94,6,200.426275
3.95,5,200.624702
1.97,3,200.625856
3.95,5,200.627528
1.96,4,200.628872
1.96,4,200.630211
5.92,8,200.632833
3.95,5,200.634484
3.95,5,200.636121
3.95,5,200.638547
5.93,7,200.642117
1.97,3,200.644642
1.97,3,200.645826
1.97,3,200.646931
1.96,4,200.648323
1.96,4,200.649691
5.93,7,200.652144
1.97,3,200.653203
13.91,9,200.656125
1.97,3,200.657181
1.97,3,200.658217
1.97,3,200.659263
1.96,4,200.660611
5.93,7,200.662875
1.97,3,200.663907
3.95,5,200.665553
5.92,8,200.668122
1.96,4,200.669471
1.96,4,200.864389
5.92,8,200.867541
5.93,7,200.870216
1.97,3,200.871302
3.94,6,200.873623
1.96,4,200.875154
5.93,7,200.877828
1.97,3,200.879052
3.95,5,200.881016
3.94,6,200.883175
-0.01,1,200.883607
-0.01,1,200.884113
3.94,6,200.886473
13.91,9,200.889436
3.95,5,200.891122
3.95,5,200.892783
1.97,3,200.893812
3.95,5,200.895766
1.97,3,200.896861
1.97,3,200.897906
1.97,3,200.898953
5.92,8,200.901553
1.96,4,200.90291
3.94,6,200.905497
1.97,3,200.906812
1.97,3,200.907972
3.95,5,200.909921
5.92,8,201.12854
3.95,5,201.130329
1.97,3,201.131378
1.97,3,201.132404
3.94,6,201.134576
1.97,3,201.135835
5.93,7,201.138235
1.96,4,201.139613
-0.01,1,201.140036
5.93,7,201.14255
3.95,5,201.144521
1.97,3,201.145644
3.95,5,201.147353
1.97,3,201.148422
-0.01,1,201.148837
1.96,4,201.150182
3.94,6,201.152143
3.95,5,201.154284
1.97,3,201.155395
3.94,6,201.157447
1.97,3,201.1586
3.95,5,201.160447
5.93,7,201.162765
1.97,3,201.163799
5.92,8,201.166495
3.95,5,201.168323
1.97,3,201.169819
1.97,3,201.17098
3.94,6,201.17317
1.97,3,201.360655
5.93,7,201.363126
3.95,5,201.364824
3.94,6,201.367188
3.95,5,201.369212
1.96,4,201.370839
3.94,6,201.372933
5.93,7,201.375348
1.97,3,201.376776
1.97,3,201.377918
3.95,5,201.379663
1.97,3,201.380999
3.94,6,201.383143
3.95,5,201.385045
13.9,10,201.388341
1.97,3,201.389393
1.96,4,201.391033
1.97,3,201.392189
1.97,3,201.393454
1.97,3,201.394542
3.94,6,201.39653
1.97,3,201.397561
3.94,6,201.399521
5.93,7,201.402218
5.93,7,201.404523
1.97,3,201.405548
13.9,10,201.620415
5.92,8,201.623112
3.95,5,201.624775
13.91,9,201.628122
3.94,6,201.630247
1.96,4,201.631637
5.93,7,201.634008
3.95,5,201.635736
1.97,3,201.636779
3.94,6,201.638731
1.96,4,201.640067
5.93,7,201.642305
1.97,3,201.643323
3.95,5,201.644951
1.97,3,201.6461
1.97,3,201.647194
1.97,3,201.648268
5.93,7,201.650699
3.94,6,201.653192
3.95,5,201.654902
3.95,5,201.65676
1.96,4,201.65822
1.96,4,201.659632
1.96,4,201.661039
5.93,7,201.854639
1.97,3,201.8563
1.97,3,201.857485
1.96,4,201.858898
3.94,6,201.860913
5.93,7,201.863371
3.95,5,201.865435
1.97,3,201.866663
1.97,3,201.867823
1.97,3,201.868943
3.94,6,201.870981
1.96,4,201.872353
1.96,4,201.873738
1.97,3,201.874794
1.97,3,201.875958
-0.02,2,201.876785
3.94,6,201.878803
3.95,5,201.880478
13.9,10,201.883682
1.96,4,201.88502
1.96,4,201.886348
1.96,4,201.887673
5.92,8,201.890237
1.97,3,201.89126
1.97,3,201.89228
1.96,4,201.893598
1.97,3,201.894615
5.92,8,201.897168
1.97,3,201.898199
3.95,5,202.113704
3.95,5,202.115488
1.96,4,202.116844
1.96,4,202.118195
1.96,4,202.119517
5.92,8,202.122468
5.92,8,202.125299
-0.02,2,202.126059
5.92,8,202.128703
5.93,7,202.131037
3.95,5,202.132713
1.97,3,202.133759
-0.02,2,202.134479
5.93,7,202.136777
3.95,5,202.138435
3.94,6,202.1404
1.96,4,202.141761
1.97,3,202.142798
3.94,6,202.144773
13.91,9,202.148125
3.95,5,202.14999
-0.02,2,202.150781
3.94,6,202.152761
1.96,4,202.154119
1.97,3,202.155144
1.97,3,202.156184
13.91,9,202.35598
3.94,6,202.358364
1.96,4,202.35992
3.94,6,202.361955
1.97,3,202.363023
1.97,3,202.364073
1.96,4,202.365433
5.92,8,202.368371
13.9,10,202.371725
3.95,5,202.373393
1.97,3,202.374418
1.97,3,202.375442
3.94,6,202.377561
1.97,3,202.378742
1.97,3,202.379834
3.95,5,202.381506
1.97,3,202.382553
3.95,5,202.384234
1.97,3,202.385268
1.97,3,202.386311
5.92,8,202.38892
1.97,3,202.389957
1.97,3,202.390995
1.97,3,202.392025
5.92,8,202.394616
1.97,3,202.395646
3.94,6,202.397625
3.95,5,202.607504
3.95,5,202.609266
1.97,3,202.61031
1.97,3,202.611358
1.96,4,202.612699
3.95,5,202.614354
3.94,6,202.616507
1.97,3,202.617591
3.94,6,202.619579
5.93,7,202.62187
1.96,4,202.623211
1.97,3,202.624238
1.97,3,202.625269
3.94,6,202.62784
3.94,6,202.629971
1.96,4,202.631357
1.96,4,202.632744
3.94,6,202.634761
3.94,6,202.636781
3.94,6,202.63878
1.96,4,202.64016
5.92,8,202.642797
1.96,4,202.644157
1.97,3,202.645203
3.95,5,202.646896
1.96,4,202.648308
3.94,6,202.650741
-0.01,1,202.831018
3.95,5,202.832863
1.97,3,202.833905
3.95,5,202.83554
1.96,4,202.836877
1.97,3,202.837904
1.97,3,202.838917
1.97,3,202.840204
1.97,3,202.841507
3.94,6,202.843574
3.94,6,202.845571
5.93,7,202.847868
3.94,6,202.849853
1.96,4,202.851202
1.97,3,202.852236
3.95,5,202.853892
3.94,6,202.856232
3.94,6,202.858371
3.95,5,202.860097
1.97,3,202.861166
1.97,3,202.862214
1.97,3,202.863262
5.93,7,202.865529
1.96,4,202.867361
1.97,3,202.86861
5.92,8,202.871419
1.97,3,202.872476
5.92,8,202.875058
5.93,7,203.067642
1.96,4,203.069278
-0.02,2,203.070033
1.97,3,203.0711
3.95,5,203.072755
1.97,3,203.073778
3.94,6,203.076296
1.97,3,203.077495
1.96,4,203.078896
5.92,8,203.081661
5.92,8,203.084501
1.96,4,203.085906
1.97,3,203.086968
1.97,3,203.088053
1.96,4,203.089434
1.96,4,203.090801
5.93,7,203.093335
1.96,4,203.094787
3.94,6,203.096783
1.97,3,203.097841
3.95,5,203.099518
1.97,3,203.100605
5.92,8,203.103356
1.96,4,203.104726
1.96,4,203.106595
1.96,4,203.10812
1.97,3,203.109362
1.97,3,203.11046
1.97,3,203.111493
3.95,5,203.312599
1.96,4,203.314115
13.91,9,203.318006
1.96,4,203.319619
1.96,4,203.32126
3.95,5,203.323608
3.95,5,203.325643
5.93,7,203.328317
5.93,7,203.330655
5.93,7,203.333592
5.93,7,203.336123
1.97,3,203.337174
5.93,7,203.339461
5.93,7,203.341993
3.94,6,203.344034
1.97,3,203.345079
3.95,5,203.346758
-0.01,1,203.347181
1.97,3,203.348218
1.97,3,203.349249
5.92,8,203.352428
3.95,5,203.354361
1.96,4,203.355794
1.97,3,203.356904
1.97,3,203.357964
1.97,3,203.358998
1.96,4,203.57012
3.95,5,203.571967
1.96,4,203.573394
3.95,5,203.575097
3.94,6,203.57765
1.97,3,203.578987
3.95,5,203.58087
3.95,5,203.582666
5.93,7,203.58514
5.92,8,203.587799
1.97,3,203.588971
1.97,3,203.590052
1.97,3,203.591093
13.91,9,203.594376
5.92,8,203.597238
1.97,3,203.598313
1.97,3,203.599356
1.97,3,203.600537
5.93,7,203.603539
3.95,5,203.605248
1.97,3,203.606305
1.97,3,203.607357
1.96,4,203.608838
1.96,4,203.610369
1.96,4,203.611754
1.97,3,203.612818
1.96,4,203.614168
13.9,10,203.813731
5.93,7,203.816174
1.96,4,203.817843
1.97,3,203.819097
3.95,5,203.820827
1.97,3,203.822181
1.97,3,203.823388
3.94,6,203.825677
1.97,3,203.827024
3.95,5,203.828791
-0.01,1,203.829219
5.93,7,203.831568
5.93,7,203.833932
1.96,4,203.835383
3.94,6,203.837584
5.92,8,203.840247
1.96,4,203.841615
3.95,5,203.843282
1.96,4,203.844893
1.97,3,203.846154
5.92,8,203.848838
1.97,3,203.849916
3.95,5,203.851939
5.93,7,203.854692
3.95,5,203.856463
1.97,3,203.857519
1.96,4,203.859138
1.96,4,204.044269
13.9,10,204.047646
5.93,7,204.049946
1.96,4,204.05129
3.95,5,204.052966
5.92,8,204.055541
5.92,8,204.058117
5.93,7,204.060394
3.95,5,204.062052
-0.02,2,204.062767
1.97,3,204.063799
1.97,3,204.064854
5.93,7,204.067579
1.96,4,204.069034
1.97,3,204.07008
1.97,3,204.071121
5.92,8,204.073701
5.92,8,204.076485
1.97,3,204.077587
-0.02,2,204.078302
1.97,3,204.079326
5.92,8,204.081932
3.94,6,204.083906
1.96,4,204.0864
-0.02,2,204.087227
1.97,3,204.295027
1.96,4,204.296583
5.93,7,204.298917
1.96,4,204.300266
3.95,5,204.301926
3.94,6,204.303895
3.95,5,204.305537
3.95,5,204.307187
3.94,6,204.309152
3.95,5,204.310825
5.93,7,204.313137
3.95,5,204.314837
1.96,4,204.316608
1.96,4,204.318307
5.92,8,204.32094
1.97,3,204.321966
1.96,4,204.323315
3.95,5,204.324971
5.93,7,204.327544
1.96,4,204.32895
1.96,4,204.330296
3.94,6,204.332268
3.95,5,204.333918
1.97,3,204.334944
3.95,5,204.337086
-0.02,2,204.337933
1.96,4,204.339352
3.95,5,204.520351
1.97,3,204.521494
3.95,5,204.52334
5.93,7,204.525845
5.92,8,204.528739
1.97,3,204.529809
-0.01,1,204.530227
3.95,5,204.531896
1.97,3,204.532935
1.97,3,204.534047
3.95,5,204.535997
1.96,4,204.537386
1.96,4,204.538742
1.97,3,204.539784
3.95,5,204.541472
1.97,3,204.542913
3.95,5,204.544983
1.97,3,204.546167
3.95,5,204.547868
5.92,8,204.550503
1.96,4,204.551919
1.96,4,204.553279
5.93,7,204.555585
1.97,3,204.55663
1.97,3,204.557672
3.94,6,204.55964
-0.01,1,204.560055
1.96,4,204.56139
1.97,3,204.562413
1.97,3,204.563518
3.95,5,204.759295
3.94,6,204.76138
13.9,10,204.764621
5.93,7,204.766875
3.94,6,204.769345
1.96,4,204.770822
3.95,5,204.772521
3.95,5,204.774418
3.95,5,204.776147
-0.01,1,204.776584
13.9,10,204.780313
-0.01,1,204.780784
3.95,5,204.782499
5.93,7,204.785047
-0.01,1,204.785596
1.97,3,204.786807
1.97,3,204.787895
13.91,9,204.79084
1.97,3,204.791881
1.96,4,204.793225
1.97,3,204.794258
1.97,3,204.795281
1.97,3,204.796308
3.95,5,204.797954
1.97,3,204.798995
5.93,7,204.801263
1.96,4,204.802607
1.96,4,205.017008
1.97,3,205.018177
3.94,6,205.020201
1.97,3,205.021251
1.96,4,205.022645
3.94,6,205.024662
1.96,4,205.026216
3.95,5,205.027988
1.96,4,205.029342
3.95,5,205.031019
3.95,5,205.03267
3.94,6,205.034611
1.96,4,205.036293
3.95,5,205.038221
3.94,6,205.040271
1.97,3,205.041347
3.94,6,205.043349
5.93,7,205.045661
3.95,5,205.047355
3.94,6,205.049348
1.97,3,205.050409
3.95,5,205.052079
3.94,6,205.054047
3.95,5,205.055696
1.97,3,205.056729
1.96,4,205.05807
1.97,3,205.059101
13.91,9,205.226513
1.97,3,205.227656
5.93,7,205.22998
1.97,3,205.231404
3.94,6,205.233559
1.97,3,205.235048
1.97,3,205.236237
1.96,4,205.237625
1.96,4,205.238987
1.96,4,205.240377
5.92,8,205.243098
1.97,3,205.244209
3.95,5,205.245906
3.94,6,205.247889
1.97,3,205.248957
1.96,4,205.250315
13.9,10,205.253823
-0.01,1,205.254276
3.95,5,205.256098
-0.01,1,205.256536
1.97,3,205.257577
1.96,4,205.258922
-0.01,1,205.259328
5.92,8,205.261901
1.97,3,205.262946
1.97,3,205.263969
1.97,3,205.264987
1.97,3,205.266007
1.97,3,205.267021
3.95,5,205.268645
1.96,4,205.26996
3.94,6,205.496476
3.95,5,205.498224
3.94,6,205.500208
5.93,7,205.502505
3.94,6,205.504957
5.93,7,205.507398
3.95,5,205.509109
5.92,8,205.511741
1.97,3,205.512834
1.96,4,205.5142
3.94,6,205.516172
5.93,7,205.518468
3.95,5,205.520139
1.97,3,205.523486
13.91,9,205.526884
13.91,9,205.530058
5.93,7,205.532394
1.97,3,205.533428
1.96,4,205.53485
5.93,7,205.537175
1.96,4,205.538523
13.9,10,205.729102
1.97,3,205.73065
3.95,5,205.732417
5.93,7,205.73471
3.94,6,205.73668
5.93,7,205.739523
5.93,7,205.742181
3.95,5,205.744026
1.97,3,205.745114
3.94,6,205.747124
3.94,6,205.749369
1.97,3,205.75047
3.95,5,205.752162
5.93,7,205.754464
5.92,8,205.757077
1.96,4,205.758436
1.97,3,205.759479
5.92,8,205.762095
1.96,4,205.763464
1.97,3,205.764512
5.93,7,205.766797
1.96,4,205.768153
3.94,6,205.77013
3.95,5,205.77178
3.94,6,205.950104
3.94,6,205.952465
1.96,4,205.953873
3.95,5,205.955572
13.9,10,205.958824
1.96,4,205.960184
5.92,8,205.962772
1.96,4,205.964128
5.93,7,205.966402
1.97,3,205.967429
1.96,4,205.968778
3.95,5,205.97041
3.95,5,205.972058
5.93,7,205.974324
1.97,3,205.975353
1.97,3,205.976379
1.96,4,205.977712
3.94,6,205.979679
5.93,7,205.982412
3.94,6,205.984558
1.97,3,205.985637
3.94,6,205.987656
1.96,4,205.989014
3.95,5,205.990689
1.97,3,205.992094
3.94,6,206.203095
5.93,7,206.205554
1.97,3,206.206613
5.92,8,206.209286
-0.02,2,206.210036
1.97,3,206.211076
5.93,7,206.213379
13.9,10,206.216757
3.94,6,206.219024
1.97,3,206.220114
3.95,5,206.2218
1.96,4,206.223142
1.96,4,206.224465
1.97,3,206.225507
5.92,8,206.228058
1.96,4,206.22938
1.96,4,206.230791
3.94,6,206.233358
5.93,7,206.235771
1.97,3,206.236841
3.94,6,206.238832
1.97,3,206.239907
3.95,5,206.241991
5.93,7,206.244699
1.97,3,206.245796
3.95,5,206.454677
1.97,3,206.45626
1.97,3,206.45741
1.97,3,206.458471
1.96,4,206.45984
3.94,6,206.461813
5.93,7,206.464579
1.97,3,206.465835
1.96,4,206.467305
3.95,5,206.469096
5.92,8,206.471745
3.94,6,206.473732
1.97,3,206.474778
3.95,5,206.476434
1.97,3,206.477468
1.97,3,206.478503
1.97,3,206.479668
1.97,3,206.480929
1.96,4,206.482333
1.96,4,206.483696
3.94,6,206.485694
1.97,3,206.48673
-0.01,1,206.487144
3.94,6,206.489099
3.95,5,206.491321
3.94,6,206.493638
1.96,4,206.495175
3.95,5,206.497205
1.96,4,206.498578
3.95,5,206.500698
3.95,5,206.704511
1.97,3,206.705657
3.94,6,206.70766
1.97,3,206.708692
3.94,6,206.710764
1.96,4,206.712172
5.92,8,206.715511
1.96,4,206.71721
5.93,7,206.719733
1.96,4,206.721109
5.93,7,206.723424
3.95,5,206.725558
1.97,3,206.727183
5.93,7,206.729759
1.97,3,206.730875
3.95,5,206.732568
1.96,4,206.733902
3.94,6,206.736405
3.95,5,206.738226
1.97,3,206.739332
1.97,3,206.740446
1.97,3,206.741525
5.93,7,206.744237
5.93,7,206.746883
1.96,4,206.748333
3.95,5,206.750035
1.97,3,206.751091
1.96,4,206.932927
1.97,3,206.934052
1.96,4,206.935418
3.95,5,206.93707
13.91,9,206.939961
1.96,4,206.941773
5.93,7,206.94461
1.97,3,206.945697
3.95,5,206.947358
1.97,3,206.948388
1.97,3,206.949417
13.91,9,206.952675
1.97,3,206.953818
1.97,3,206.954877
-0.02,2,206.955604
1.97,3,206.956644
3.94,6,206.958628
1.97,3,206.959948
13.91,9,206.963213
13.91,9,206.966367
1.97,3,206.967602
3.95,5,206.969441
1.96,4,206.970818
1.96,4,206.972166
5.93,7,206.974448
1.96,4,206.976022
3.95,5,207.172714
5.92,8,207.175531
1.97,3,207.176574
1.97,3,207.177612
1.97,3,207.178639
3.94,6,207.18062
3.95,5,207.182274
3.95,5,207.183914
1.97,3,207.184935
1.97,3,207.18595
1.97,3,207.186964
5.93,7,207.189455
1.96,4,207.190933
3.94,6,207.193436
3.95,5,207.195278
1.96,4,207.196648
3.95,5,207.198307
1.97,3,207.199624
1.96,4,207.201147
3.95,5,207.202849
1.96,4,207.204197
3.95,5,207.205838
1.97,3,207.206857
3.95,5,207.208508
1.97,3,207.209654
3.95,5,207.211312
1.96,4,207.212655
1.96,4,207.213987
1.97,3,207.215007
5.93,7,207.397376
13.91,9,207.400443
13.91,9,207.403348
1.97,3,207.404373
1.97,3,207.405399
3.94,6,207.407947
3.95,5,207.4099
1.97,3,207.411024
1.96,4,207.4124
5.93,7,207.414742
1.96,4,207.416104
3.95,5,207.417814
3.95,5,207.419513
1.97,3,207.420556
-0.01,1,207.420971
1.96,4,207.422334
3.95,5,207.424026
1.96,4,207.42539
1.97,3,207.426441
1.97,3,207.427483
3.95,5,207.429132
1.96,4,207.430465
1.97,3,207.43151
1.96,4,207.432871
3.95,5,207.43453
3.95,5,207.43619
13.91,9,207.439537
3.94,6,207.441601
1.97,3,207.641029
3.94,6,207.643212
1.96,4,207.644662
1.96,4,207.646051
3.94,6,207.648059
1.97,3,207.649376
1.96,4,207.651237
3.95,5,207.652998
1.96,4,207.654378
1.97,3,207.655439
3.94,6,207.657424
1.97,3,207.658477
1.97,3,207.659561
5.93,7,207.66187
1.97,3,207.662923
1.97,3,207.663949
3.94,6,207.666019
1.97,3,207.667081
1.96,4,207.66861
1.97,3,207.669695
3.95,5,207.671357
5.93,7,207.67363
1.97,3,207.674658
3.95,5,207.676462
1.97,3,207.677595
1.96,4,207.678952
3.94,6,207.68093
3.94,6,207.682906
3.95,5,207.685015
3.95,5,207.856949
1.97,3,207.858103
3.94,6,207.860118
1.97,3,207.861171
5.93,7,207.863479
1.97,3,207.864515
1.97,3,207.866093
5.93,7,207.868707
1.97,3,207.869803
1.97,3,207.870872
3.95,5,207.872541
3.95,5,207.874205
13.91,9,207.877324
1.97,3,207.878529
3.94,6,207.880611
1.97,3,207.881679
5.92,8,207.884434
1.96,4,207.885922
3.95,5,207.887634
1.96,4,207.889011
1.96,4,207.890376
3.95,5,207.892071
1.97,3,207.893675
3.95,5,207.895522
1.96,4,207.896871
5.93,7,207.899119
5.92,8,208.115936
3.95,5,208.117827
1.96,4,208.119218
1.97,3,208.120269
1.97,3,208.121312
3.95,5,208.122974
3.95,5,208.124998
1.97,3,208.126369
3.95,5,208.128141
13.9,10,208.131408
1.96,4,208.132768
13.9,10,208.136378
1.97,3,208.137451
3.94,6,208.139427
5.92,8,208.142013
1.97,3,208.1433
3.95,5,208.145411
1.96,4,208.146875
3.95,5,208.148585
1.96,4,208.149953
1.97,3,208.151161
5.93,7,208.153513
1.96,4,208.155168
1.97,3,208.156481
1.97,3,208.157585
3.95,5,208.159363
1.97,3,208.160484
1.97,3,208.161517
3.95,5,208.372603
5.92,8,208.375356
3.95,5,208.377054
1.96,4,208.37843
1.97,3,208.379472
3.95,5,208.381658
13.9,10,208.3853
3.94,6,208.387363
1.96,4,208.38874
1.97,3,208.389788
1.96,4,208.391129
1.96,4,208.392648
5.92,8,208.395301
3.94,6,208.397278
5.92,8,208.399855
13.9,10,208.403528
1.96,4,208.405012
1.96,4,208.40658
1.97,3,208.407691
3.95,5,208.409433
3.95,5,208.41117
3.95,5,208.412872
1.97,3,208.413915
3.95,5,208.415669
1.97,3,208.625832
3.95,5,208.62764
5.92,8,208.630267
3.95,5,208.631931
1.97,3,208.632958
3.94,6,208.635378
1.96,4,208.6369
1.96,4,208.638313
-0.01,1,208.63875
1.97,3,208.639825
1.97,3,208.640923
1.97,3,208.642091
1.97,3,208.643387
1.97,3,208.644745
3.95,5,208.646755
1.97,3,208.647835
5.93,7,208.650157
1.97,3,208.651344
1.97,3,208.652514
5.93,7,208.654859
1.97,3,208.655923
3.94,6,208.657957
1.97,3,208.659056
3.94,6,208.661233
3.95,5,208.662914
1.97,3,208.66395
13.9,10,208.667325
3.95,5,208.669049
1.97,3,208.670123
1.96,4,208.882952
1.96,4,208.884716
1.96,4,208.886195
1.96,4,208.887621
3.95,5,208.889325
3.95,5,208.891008
3.94,6,208.893525
3.95,5,208.8953
5.92,8,208.89788
1.96,4,208.899203
5.93,7,208.901473
1.96,4,208.903312
1.97,3,208.90451
1.97,3,208.905715
3.94,6,208.907816
1.97,3,208.908868
1.97,3,208.910196
13.9,10,208.913787
1.97,3,208.914916
1.97,3,208.915982
3.94,6,208.91819
3.95,5,208.91998
13.91,9,208.922935
1.97,3,208.923984
5.92,8,208.926718
3.95,5,208.928401
1.97,3,209.139436
1.96,4,209.140934
1.96,4,209.142433
5.93,7,209.146054
3.95,5,209.14799
1.97,3,209.149086
1.96,4,209.15044
1.97,3,209.1517
1.96,4,209.153112
1.97,3,209.15417
1.96,4,209.155524
1.97,3,209.156566
3.95,5,209.158219
3.94,6,209.160259
1.97,3,209.161308
1.96,4,209.162641
3.95,5,209.164523
5.93,7,209.167173
5.93,7,209.16972
13.9,10,209.173035
3.95,5,209.174702
3.95,5,209.176517
5.92,8,209.179154
1.97,3,209.180191
3.95,5,209.181842
3.95,5,209.183563
3.94,6,209.396706
1.97,3,209.397847
1.97,3,209.398899
5.92,8,209.401467
3.95,5,209.4031
5.93,7,209.405607
1.97,3,209.406959
3.94,6,209.40907
3.95,5,209.410847
1.96,4,209.41223
1.96,4,209.413601
3.94,6,209.415736
3.95,5,209.417628
1.97,3,209.418705
1.97,3,209.419749
3.94,6,209.421739
1.97,3,209.422781
3.95,5,209.424435
1.97,3,209.425531
5.93,7,209.428011
3.95,5,209.429738
1.96,4,209.431142
1.97,3,209.432196
1.97,3,209.433249
3.95,5,209.435444
1.97,3,209.436794
1.96,4,209.438215
1.96,4,209.439574
1.97,3,209.440611
1.96,4,209.629403
1.97,3,209.630651
5.93,7,209.632992
13.91,9,209.635905
1.97,3,209.636944
3.95,5,209.638977
3.94,6,209.641153
1.96,4,209.642784
3.95,5,209.645251
5.93,7,209.647629
5.93,7,209.650438
1.97,3,209.651543
1.97,3,209.65259
1.97,3,209.653634
3.95,5,209.655297
5.93,7,209.657615
3.94,6,209.660124
3.95,5,209.66182
3.94,6,209.663796
3.95,5,209.665451
5.93,7,209.667729
5.93,7,209.67008
1.97,3,209.671108
3.95,5,209.67275
1.97,3,209.673778
-0.02,2,209.674494
3.95,5,209.870001
1.97,3,209.87116
1.97,3,209.872224
1.97,3,209.873282
3.94,6,209.875256
3.94,6,209.877485
-0.01,1,209.877957
3.95,5,209.879684
1.97,3,209.880733
1.97,3,209.881767
13.91,9,209.88486
1.96,4,209.886353
3.95,5,209.88802
1.96,4,209.889351
1.97,3,209.890373
13.9,10,209.894298
1.97,3,209.895669
1.96,4,209.897069
1.96,4,209.898453
3.95,5,209.900149
1.97,3,209.901515
3.95,5,209.903345
1.97,3,209.904654
3.95,5,209.906603
3.94,6,209.908812
5.93,7,209.911213
1.96,4,209.912563
3.95,5,209.91422
1.96,4,210.128331
3.95,5,210.13016
1.97,3,210.13122
1.96,4,210.132575
1.97,3,210.133598
13.91,9,210.136489
1.96,4,210.138368
3.94,6,210.140505
3.94,6,210.142723
1.96,4,210.144259
3.95,5,210.14601
1.97,3,210.147417
13.9,10,210.150844
3.95,5,210.152567
3.95,5,210.154256
3.95,5,210.15593
5.93,7,210.15825
3.95,5,210.160169
3.94,6,210.162242
3.95,5,210.163916
5.92,8,210.166531
3.95,5,210.168314
3.94,6,210.170299
5.92,8,210.37945
1.97,3,210.380978
1.97,3,210.38212
1.97,3,210.383189
3.94,6,210.385162
1.97,3,210.386201
5.92,8,210.389145
3.95,5,210.390956
5.93,7,210.393685
1.97,3,210.394768
1.97,3,210.395811
1.97,3,210.396832
1.96,4,210.398162
1.97,3,210.399669
3.95,5,210.401609
1.97,3,210.402692
1.96,4,210.404057
3.94,6,210.406032
1.97,3,210.407071
1.96,4,210.408561
1.97,3,210.409922
1.96,4,210.411368
5.93,7,210.41368
5.93,7,210.41618
1.96,4,210.417601
5.93,7,210.420231
1.97,3,210.421359
1.97,3,210.42242
3.95,5,210.424112
1.97,3,210.425165
3.95,5,210.622266
1.96,4,210.623711
1.97,3,210.624754
5.92,8,210.627331
3.95,5,210.628998
1.97,3,210.630036
1.97,3,210.631512
1.97,3,210.632695
1.97,3,210.633772
3.95,5,210.635767
1.96,4,210.637202
13.9,10,210.640469
3.95,5,210.64213
1.96,4,210.643935
3.95,5,210.645684
5.93,7,210.647989
5.92,8,210.650581
1.97,3,210.651613
1.97,3,210.653081
13.91,9,210.656492
1.97,3,210.657626
3.95,5,210.659385
3.94,6,210.661407
3.95,5,210.663072
1.96,4,210.664405
1.97,3,210.665429
1.97,3,210.666471
3.94,6,210.880249
5.93,7,210.882642
1.96,4,210.884249
5.93,7,210.88682
1.96,4,210.888243
3.95,5,210.889932
13.91,9,210.893319
3.94,6,210.89552
3.94,6,210.897553
3.95,5,210.899259
13.91,9,210.902143
1.97,3,210.9036
1.96,4,210.905065
1.97,3,210.906314
3.94,6,210.908364
3.95,5,210.910158
3.95,5,210.911894
1.97,3,210.913159
3.95,5,210.915065
1.97,3,210.916131
3.95,5,210.917806
1.97,3,210.918853
5.93,7,210.921117
13.91,9,210.924305
5.93,7,211.121084
1.96,4,211.122525
3.95,5,211.124182
13.9,10,211.127934
1.97,3,211.129043
1.97,3,211.130115
1.97,3,211.131182
3.94,6,211.13317
3.95,5,211.134953
1.96,4,211.136325
1.97,3,211.137365
5.92,8,211.139963
1.96,4,211.141308
1.97,3,211.142517
1.97,3,211.144317
1.97,3,211.145625
3.95,5,211.147567
1.97,3,211.148707
3.95,5,211.150412
1.96,4,211.151761
-0.01,1,211.152175
1.97,3,211.153207
1.97,3,211.154486
1.97,3,211.155607
1.97,3,211.156699
1.97,3,211.157757
5.93,7,211.160276
1.97,3,211.161365
5.93,7,211.163628
13.91,9,211.376919
1.96,4,211.378352
3.95,5,211.380051
1.97,3,211.381102
-0.01,1,211.381509
5.93,7,211.383761
5.93,7,211.386598
3.95,5,211.388402
1.97,3,211.389477
1.97,3,211.390538
3.95,5,211.392501
1.97,3,211.393672
5.93,7,211.396351
1.96,4,211.39777
1.96,4,211.399148
5.93,7,211.401799
1.97,3,211.402911
1.97,3,211.403953
1.96,4,211.40559
1.97,3,211.406754
3.94,6,211.408799
3.95,5,211.410786
1.97,3,211.411875
3.95,5,211.413542
3.94,6,211.415523
1.97,3,211.416548
5.93,7,211.418952
13.9,10,211.590527
13.91,9,211.593564
5.93,7,211.595892
5.93,7,211.598184
1.97,3,211.599675
1.97,3,211.601093
13.91,9,211.604055
5.92,8,211.606653
-0.01,1,211.607065
3.95,5,211.60871
1.97,3,211.61
5.93,7,211.612335
3.95,5,211.614004
3.94,6,211.615962
1.97,3,211.616991
5.92,8,211.620151
13.9,10,211.623634
3.95,5,211.625344
3.95,5,211.627101
5.93,7,211.62945
3.94,6,211.63145
1.97,3,211.632504
3.94,6,211.839312
1.96,4,211.840888
5.93,7,211.843266
13.91,9,211.846593
1.97,3,211.847746
1.96,4,211.849429
1.97,3,211.850856
5.93,7,211.853235
1.97,3,211.854307
5.93,7,211.856589
3.95,5,211.858437
3.95,5,211.860667
5.93,7,211.863065
1.97,3,211.864162
3.95,5,211.866093
-0.01,1,211.866555
1.97,3,211.867598
1.96,4,211.869173
1.97,3,211.870346
1.97,3,211.871411
1.96,4,211.872766
3.95,5,211.874452
1.96,4,211.875882
1.96,4,211.877259
1.97,3,211.878314
1.97,3,211.879376
1.96,4,211.880726
1.96,4,211.882088
1.96,4,211.883449
5.92,8,212.08642
1.97,3,212.087585
3.94,6,212.08959
3.95,5,212.091251
1.97,3,212.092294
3.95,5,212.093947
5.93,7,212.096766
1.97,3,212.097926
1.97,3,212.099033
3.95,5,212.100912
3.95,5,212.102609
1.96,4,212.103984
13.9,10,212.107719
1.96,4,212.109273
5.93,7,212.111796
1.96,4,212.113164
1.97,3,212.114224
1.97,3,212.115293
3.94,6,212.1173
3.95,5,212.119329
1.96,4,212.120722
1.97,3,212.12177
3.95,5,212.123434
3.95,5,212.125078
3.95,5,212.126714
1.97,3,212.128013
1.97,3,212.12915
5.93,7,212.131459
3.95,5,212.34466
3.94,6,212.346789
1.96,4,212.348175
3.94,6,212.350163
1.96,4,212.352123
1.96,4,212.354055
1.97,3,212.355202
3.94,6,212.357267
1.96,4,212.358651
1.96,4,212.360046
3.95,5,212.361726
5.93,7,212.364394
-0.02,2,212.365238
3.95,5,212.367026
1.97,3,212.3681
3.95,5,212.369793
1.97,3,212.370836
1.97,3,212.371856
1.96,4,212.373504
1.96,4,212.374954
1.96,4,212.376516
1.97,3,212.377604
1.97,3,212.378666
1.97,3,212.379739
3.95,5,212.381413
3.95,5,212.383077
1.96,4,212.384638
3.94,6,212.386631
1.96,4,212.387986
1.96,4,212.389322
1.96,4,212.559922
3.95,5,212.561773
3.95,5,212.563463
3.95,5,212.565119
-0.01,1,212.565534
1.96,4,212.566876
1.96,4,212.568386
1.97,3,212.569424
1.97,3,212.570451
1.97,3,212.571477
3.95,5,212.573158
1.97,3,212.574183
3.95,5,212.57583
3.94,6,212.578266
3.94,6,212.580431
1.97,3,212.581512
1.97,3,212.582587
13.9,10,212.586098
3.95,5,212.587821
1.96,4,212.58917
1.97,3,212.590205
3.94,6,212.59217
1.96,4,212.593732
1.96,4,212.595125
13.9,10,212.598411
-0.01,1,212.59884
3.94,6,212.601039
3.94,6,212.603685
-0.01,1,212.60427
3.94,6,212.824528
3.94,6,212.827105
5.92,8,212.829879
5.93,7,212.83265
1.97,3,212.833923
1.97,3,212.835166
1.97,3,212.836282
1.97,3,212.837423
1.97,3,212.838603
3.95,5,212.840359
5.93,7,212.842938
1.97,3,212.844081
1.96,4,212.845538
1.97,3,212.846649
1.97,3,212.847806
3.95,5,212.849716
5.93,7,212.852974
1.97,3,212.854125
5.92,8,212.857225
1.97,3,212.858724
3.95,5,212.860731
3.94,6,212.863056
1.97,3,212.864314
3.95,5,212.866135
3.95,5,212.868052
3.94,6,212.870116
1.97,3,212.871186
1.96,4,213.058213
5.93,7,213.061347
1.97,3,213.062464
1.96,4,213.063818
1.97,3,213.064862
5.93,7,213.067651
1.97,3,213.06876
1.96,4,213.070142
1.97,3,213.071175
1.97,3,213.07221
1.97,3,213.07323
1.96,4,213.074603
3.95,5,213.076367
1.97,3,213.07789
5.92,8,213.080871
3.94,6,213.083042
3.95,5,213.085086
-0.02,2,213.086081
5.93,7,213.089022
3.95,5,213.091017
-0.02,2,213.091879
5.93,7,213.094385
1.97,3,213.095491
1.97,3,213.096546
3.95,5,213.098672
1.97,3,213.099811
1.96,4,213.101491
1.97,3,213.102617
5.93,7,213.10503
1.96,4,213.106461
1.96,4,213.293969
1.97,3,213.295115
3.95,5,213.297028
1.96,4,213.298492
1.97,3,213.299599
3.93,7,213.302071
1.97,3,213.303135
5.93,7,213.305417
1.97,3,213.306449
1.97,3,213.307486
1.97,3,213.308516
3.94,6,213.310965
3.94,6,213.313265
3.95,5,213.31496
13.91,9,213.318595
1.97,3,213.319827
3.95,5,213.32165
1.97,3,213.322712
1.96,4,213.324083
1.96,4,213.325585
1.97,3,213.326773
1.97,3,213.327833
1.97,3,213.328873
1.97,3,213.329921
1.97,3,213.330952
1.96,4,213.332289
5.93,7,213.334552
3.95,5,213.336638
3.95,5,213.338551
3.95,5,213.53396
3.95,5,213.536239
3.94,6,213.538385
3.94,6,213.540394
1.96,4,213.541755
5.93,7,213.544303
1.97,3,213.545359
13.91,9,213.548291
1.97,3,213.549326
1.96,4,213.550665
1.96,4,213.552009
1.96,4,213.553711
1.97,3,213.554852
-0.02,2,213.555773
3.95,5,213.557632
-0.02,2,213.558389
1.96,4,213.560098
3.95,5,213.561804
3.95,5,213.563477
1.96,4,213.565039
1.97,3,213.566136
3.95,5,213.567985
3.94,6,213.57005
1.97,3,213.571124
1.97,3,213.572159
1.96,4,213.573538
1.97,3,213.574593
-0.02,2,213.575381
5.92,8,213.578101
1.97,3,213.579148
3.95,5,213.780753
1.97,3,213.781877
1.96,4,213.783212
1.97,3,213.784238
3.94,6,213.786175
1.97,3,213.787196
1.97,3,213.788206
3.95,5,213.790455
1.96,4,213.791878
1.95,5,213.793649
3.95,5,213.795347
1.97,3,213.796409
1.97,3,213.797465
3.93,7,213.79976
13.9,10,213.803061
5.92,8,213.805669
3.95,5,213.807332
1.97,3,213.808372
3.93,7,213.811671
1.96,4,213.81329
1.95,5,213.815045
1.97,3,213.81611
3.93,7,213.81843
13.89,11,213.822345
3.94,6,213.824446
5.93,7,214.066143
5.93,7,214.068957
1.97,3,214.070077
1.96,4,214.071442
1.97,3,214.072487
1.97,3,214.073554
1.97,3,214.074605
1.97,3,214.075647
5.92,8,214.078457
1.96,4,214.079836
13.91,9,214.082707
5.93,7,214.084954
3.95,5,214.08659
1.96,4,214.088337
3.95,5,214.09011
1.96,4,214.091507
1.97,3,214.092774
3.95,5,214.09462
1.96,4,214.096025
5.93,7,214.098581
1.97,3,214.099693
5.93,7,214.10239
1.97,3,214.103545
1.97,3,214.104689
3.95,5,214.106378
1.97,3,214.107714
3.95,5,214.109701
3.95,5,214.309561
1.96,4,214.311175
3.95,5,214.312882
1.95,5,214.314564
1.97,3,214.315608
-0.01,1,214.316027
3.95,5,214.318114
1.97,3,214.319262
3.95,5,214.320971
1.95,5,214.322654
3.94,6,214.324663
1.97,3,214.325692
13.89,11,214.329638
1.97,3,214.330805
3.93,7,214.333156
5.93,7,214.335547
1.97,3,214.336603
1.96,4,214.337977
1.96,4,214.339336
3.95,5,214.341023
3.95,5,214.342824
3.94,6,214.344868
5.93,7,214.347181
3.95,5,214.348854
1.97,3,214.349901
3.95,5,214.352339
3.95,5,214.58224
3.95,5,214.584266
1.97,3,214.585475
1.96,4,214.58689
3.95,5,214.58863
1.96,4,214.590009
1.95,5,214.59168
1.97,3,214.592727
1.97,3,214.59378
3.95,5,214.595447
1.96,4,214.596807
1.96,4,214.598151
5.92,8,214.600921
1.96,4,214.602799
1.97,3,214.603911
5.92,8,214.606568
3.95,5,214.608244
3.95,5,214.609889
3.94,6,214.612393
1.96,4,214.613883
3.95,5,214.615609
1.97,3,214.616675
1.97,3,214.617876
1.97,3,214.618982
3.95,5,214.620665
1.97,3,214.621951
1.96,4,214.62339
1.97,3,214.624443
1.97,3,214.625694
1.97,3,214.626927
1.97,3,214.628007
-0.01,1,214.628427
5.91,9,214.851036
1.97,3,214.852139
3.95,5,214.853798
1.96,4,214.855136
1.97,3,214.856519
-0.01,1,214.857126
3.95,5,214.858937
3.95,5,214.861136
5.93,7,214.863521
1.96,4,214.864886
1.97,3,214.865928
3.95,5,214.867584
5.93,7,214.87029
1.96,4,214.871868
1.96,4,214.873269
3.93,7,214.875804
3.95,5,214.877597
3.95,5,214.879423
1.96,4,214.881014
5.92,8,214.883666
13.89,11,214.887443
1.97,3,214.888525
5.92,8,214.891181
13.91,9,215.116859
5.93,7,215.119634
3.95,5,215.121398
3.95,5,215.123108
1.97,3,215.124166
3.95,5,215.125866
1.97,3,215.12692
1.97,3,215.127979
13.91,9,215.130967
3.95,5,215.132647
1.97,3,215.133708
1.97,3,215.134751
13.91,9,215.137697
3.94,6,215.139693
1.95,5,215.141365
1.97,3,215.142405
5.93,7,215.144694
5.92,8,215.14766
5.91,9,215.150623
1.96,4,215.152489
5.92,8,215.155214
-0.02,2,215.155974
3.94,6,215.158323
1.95,5,215.160159
3.95,5,215.353442
1.97,3,215.354991
3.94,6,215.357117
3.95,5,215.358888
1.97,3,215.359961
-0.01,1,215.360391
3.95,5,215.362049
3.94,6,215.364549
1.97,3,215.365841
1.97,3,215.366975
1.97,3,215.368186
1.96,4,215.369633
-0.01,1,215.370059
5.92,8,215.372668
1.97,3,215.373698
5.92,8,215.376271
1.97,3,215.377302
3.95,5,215.378954
3.95,5,215.380603
1.95,5,215.382236
1.97,3,215.383262
1.96,4,215.384591
1.97,3,215.385618
3.94,6,215.387555
3.95,5,215.389187
3.95,5,215.390829
5.93,7,215.393093
3.93,7,215.395322
1.96,4,215.397085
5.93,7,215.582467
5.93,7,215.584915
1.96,4,215.586285
3.94,6,215.58827
3.95,5,215.58993
1.97,3,215.591415
3.95,5,215.593428
5.93,7,215.595763
3.94,6,215.597747
13.9,10,215.601469
-0.01,1,215.601951
13.91,9,215.604983
5.93,7,215.607321
13.91,9,215.610359
1.95,5,215.612464
-0.01,1,215.612906
5.93,7,215.61524
5.93,7,215.61764
13.9,10,215.62102
3.94,6,215.622988
1.96,4,215.624327
1.97,3,215.625472
5.93,7,215.834187
3.93,7,215.836541
5.93,7,215.838828
1.95,5,215.840468
1.97,3,215.84148
1.97,3,215.842982
3.94,6,215.845156
1.95,5,215.8469
1.96,4,215.848293
1.97,3,215.849368
1.97,3,215.850444
3.95,5,215.852127
1.97,3,215.853173
5.92,8,215.855787
13.9,10,215.860225
1.96,4,215.861777
3.94,6,215.86386
1.95,5,215.865555
3.95,5,215.867512
1.95,5,215.869332
3.93,7,215.871675
3.95,5,215.873368
1.95,5,215.875037
1.95,5,215.876939
1.97,3,215.878026
5.93,7,216.088506
1.97,3,216.089693
1.97,3,216.090781
5.93,7,216.09307
1.97,3,216.09411
3.95,5,216.095761
13.89,11,216.099268
1.97,3,216.100289
13.89,11,216.103757
5.93,7,216.106477
1.96,4,216.107996
13.91,9,216.111084
1.97,3,216.112173
1.97,3,216.113228
3.95,5,216.114878
1.97,3,216.116293
3.95,5,216.118234
1.97,3,216.119362
3.95,5,216.121066
1.97,3,216.12214
-0.02,2,216.122868
13.91,9,216.125915
5.93,7,216.128282
1.96,4,216.129653
3.95,5,216.35195
1.97,3,216.353179
1.97,3,216.354263
1.95,5,216.356396
1.97,3,216.357619
5.91,9,216.360681
1.96,4,216.362287
1.97,3,216.363382
1.95,5,216.365071
1.97,3,216.366126
13.91,9,216.369169
1.95,5,216.37086
1.95,5,216.372554
1.97,3,216.373608
3.93,7,216.376209
5.93,7,216.378647
1.97,3,216.380027
1.97,3,216.381175
1.97,3,216.382243
3.93,7,216.385373
3.93,7,216.38928
3.93,7,216.397559
1.97,3,216.400645
1.96,4,216.403691
3.95,5,216.406343
3.95,5,216.411006
1.97,3,216.412137
1.97,3,216.413212
1.95,5,216.610595
1.97,3,216.611711
5.91,9,216.614636
5.93,7,216.61693
3.93,7,216.61981
1.96,4,216.621346
3.95,5,216.623082
1.96,4,216.624465
1.97,3,216.625612
1.97,3,216.626774
1.95,5,216.628693
3.95,5,216.63046
1.95,5,216.632182
5.93,7,216.634698
13.91,9,216.637773
5.92,8,216.640399
1.96,4,216.641752
3.95,5,216.64402
1.97,3,216.645082
1.95,5,216.646723
1.95,5,216.648359
3.95,5,216.649996
3.94,6,216.651945
3.95,5,216.654075
3.95,5,216.849932
5.93,7,216.852333
3.93,7,216.854621
3.93,7,216.857516
5.93,7,216.860348
5.93,7,216.862724
3.95,5,216.864457
1.95,5,216.866182
1.97,3,216.86723
3.95,5,216.869035
3.94,6,216.871003
1.95,5,216.872644
3.94,6,216.874593
1.95,5,216.87632
1.95,5,216.877988
5.93,7,216.880274
3.95,5,216.881923
1.95,5,216.883556
3.95,5,216.885281
3.95,5,216.887028
1.95,5,216.888676
13.91,9,216.891557
1.97,3,216.892578
3.94,6,217.084139
3.95,5,217.08589
1.97,3,217.086938
1.97,3,217.087964
1.97,3,217.088995
1.95,5,217.090644
1.97,3,217.092098
1.97,3,217.093322
3.93,7,217.095738
1.97,3,217.09683
3.93,7,217.099207
13.91,9,217.102172
1.97,3,217.103219
5.92,8,217.106146
1.97,3,217.107193
1.97,3,217.108231
3.95,5,217.109902
1.95,5,217.111574
1.95,5,217.113238
13.91,9,217.116684
3.95,5,217.118564
5.91,9,217.12156
5.92,8,217.12419
3.93,7,217.126677
5.91,9,217.324855
1.97,3,217.32609
1.95,5,217.327823
1.97,3,217.328866
3.95,5,217.330543
1.97,3,217.331581
3.93,7,217.333861
3.93,7,217.336152
1.97,3,217.33718
1.97,3,217.338208
1.97,3,217.339234
3.95,5,217.340868
1.97,3,217.341893
1.97,3,217.342918
1.95,5,217.344556
1.97,3,217.34557
3.95,5,217.347214
1.97,3,217.348243
1.97,3,217.349255
3.94,6,217.351205
3.95,5,217.352843
5.93,7,217.35509
5.92,8,217.358313
1.97,3,217.359615
3.93,7,217.36197
1.95,5,217.36362
1.97,3,217.364646
1.95,5,217.548202
1.97,3,217.549448
1.95,5,217.551163
3.94,6,217.553152
1.95,5,217.55479
1.95,5,217.556424
1.97,3,217.557465
13.89,11,217.560959
1.97,3,217.561987
3.95,5,217.563645
3.94,6,217.565984
1.97,3,217.567166
1.97,3,217.568354
3.93,7,217.570723
1.95,5,217.572385
1.95,5,217.574032
1.97,3,217.575063
1.95,5,217.577238
1.97,3,217.578366
5.93,7,217.580702
3.95,5,217.582399
3.95,5,217.584163
1.97,3,217.585398
1.97,3,217.586542
13.91,9,217.58975
5.91,9,217.592708
1.96,4,217.816153
3.95,5,217.817918
1.95,5,217.819586
1.96,4,217.820932
-0.02,2,217.821647
1.95,5,217.823289
5.91,9,217.826828
1.97,3,217.827877
1.95,5,217.829543
1.97,3,217.830602
1.95,5,217.832268
1.97,3,217.833305
3.93,7,217.83587
1.97,3,217.837053
5.91,9,217.840048
1.97,3,217.841102
1.97,3,217.842158
3.95,5,217.843835
3.95,5,217.845517
5.91,9,217.848443
5.91,9,217.851355
1.97,3,217.852395
3.95,5,217.854061
1.97,3,217.855117
3.95,5,217.857336
1.97,3,217.858486
1.97,3,217.859562
1.95,5,218.055887
13.91,9,218.058907
5.93,7,218.061985
1.96,4,218.063681
3.95,5,218.065566
1.95,5,218.067236
3.93,7,218.069836
3.94,6,218.071875
3.95,5,218.073605
3.95,5,218.075322
1.96,4,218.076981
5.93,7,218.079324
3.95,5,218.080997
3.95,5,218.082661
3.95,5,218.084306
1.95,5,218.086185
1.97,3,218.087331
1.95,5,218.089038
3.93,7,218.091382
3.94,6,218.093584
1.95,5,218.095325
1.97,3,218.096481
13.91,9,218.099423
1.97,3,218.291223
1.97,3,218.292375
1.95,5,218.294058
5.93,7,218.29634
1.97,3,218.297371
5.93,7,218.299626
1.97,3,218.300667
1.97,3,218.301686
13.89,11,218.305168
1.95,5,218.306795
3.93,7,218.309044
1.97,3,218.310069
1.97,3,218.311084
3.95,5,218.312713
3.95,5,218.314339
3.95,5,218.31638
1.96,4,218.317831
1.97,3,218.318918
3.93,7,218.321221
1.95,5,218.322905
5.93,7,218.325194
3.93,7,218.328184
1.95,5,218.329951
1.97,3,218.330985
3.95,5,218.332629
5.91,9,218.56043
5.93,7,218.5631
1.97,3,218.5642
1.95,5,218.565929
1.96,4,218.567282
5.93,7,218.570143
3.93,7,218.572586
5.93,7,218.575416
1.97,3,218.576576
1.97,3,218.577783
3.95,5,218.579901
1.97,3,218.581093
1.97,3,218.582176
5.91,9,218.585553
3.95,5,218.587407
1.97,3,218.588546
1.95,5,218.590298
5.93,7,218.59268
1.97,3,218.593836
1.97,3,218.594897
3.95,5,218.596789
1.95,5,218.598679
3.95,5,218.600629
5.93,7,218.603614
5.93,7,218.606103
3.95,5,218.800819
1.95,5,218.804578
1.95,5,218.806629
1.95,5,218.808389
3.93,7,218.810957
3.95,5,218.812735
5.93,7,218.815058
1.97,3,218.81645
3.95,5,218.81859
5.93,7,218.82099
5.93,7,218.823324
3.93,7,218.825814
1.97,3,218.827071
1.97,3,218.828171
5.91,9,218.831088
1.97,3,218.83213
3.93,7,218.834532
1.97,3,218.83566
1.97,3,218.836747
1.95,5,218.838434
5.93,7,218.840757
3.95,5,218.842497
1.97,3,218.843607
1.95,5,218.845274
3.95,5,218.847068
1.95,5,219.043963
5.93,7,219.046427
3.95,5,219.048119
1.95,5,219.049793
1.95,5,219.0515
3.94,6,219.053488
5.93,7,219.055983
5.93,7,219.058419
3.95,5,219.060936
3.93,7,219.063411
1.97,3,219.064495
3.95,5,219.066539
5.92,8,219.069482
3.95,5,219.071254
1.97,3,219.072297
1.97,3,219.073378
3.94,6,219.07543
5.93,7,219.078123
13.89,11,219.081771
1.97,3,219.082823
3.93,7,219.085491
1.95,5,219.08738
1.97,3,219.088462
1.97,3,219.309424
3.95,5,219.311698
3.94,6,219.313853
1.95,5,219.315567
1.97,3,219.316638
1.97,3,219.317698
13.91,9,219.321209
3.93,7,219.323648
1.96,4,219.325037
5.93,7,219.327458
1.95,5,219.329211
1.95,5,219.330906
3.95,5,219.332607
1.95,5,219.33439
1.97,3,219.335638
1.95,5,219.337427
5.93,7,219.339739
3.95,5,219.341406
13.91,9,219.344517
3.95,5,219.346226
1.97,3,219.34726
3.93,7,219.349518
1.96,4,219.35101
3.93,7,219.353527
3.95,5,219.548667
1.97,3,219.54985
1.97,3,219.550981
3.93,7,219.553288
3.95,5,219.554935
3.95,5,219.556587
1.97,3,219.557801
1.95,5,219.560005
1.96,4,219.561444
1.97,3,219.562536
1.97,3,219.563601
5.91,9,219.566526
13.89,11,219.570471
13.91,9,219.573455
1.97,3,219.574483
1.97,3,219.575525
1.97,3,219.576841
5.93,7,219.579271
3.93,7,219.581621
1.95,5,219.583313
1.97,3,219.584408
3.93,7,219.586736
3.95,5,219.588417
1.95,5,219.590098
1.97,3,219.591148
13.91,9,219.819248
1.95,5,219.821035
1.97,3,219.822076
1.97,3,219.823139
3.93,7,219.825439
3.93,7,219.827756
3.95,5,219.829405
1.95,5,219.831048
1.96,4,219.832379
1.97,3,219.833405
1.95,5,219.835041
3.95,5,219.836682
13.91,9,219.840132
1.97,3,219.841246
1.95,5,219.842932
1.97,3,219.843977
3.93,7,219.84627
5.91,9,219.849185
3.93,7,219.851478
1.95,5,219.85313
1.95,5,219.8548
1.97,3,219.856318
3.95,5,219.858136
1.95,5,219.859881
1.95,5,219.861603
1.95,5,220.05778
3.94,6,220.059854
5.9,10,220.063422
3.95,5,220.065167
3.95,5,220.067373
1.95,5,220.069331
3.92,8,220.071952
5.92,8,220.074557
3.95,5,220.076376
-0.04,4,220.078087
1.97,3,220.079272
1.94,6,220.081286
1.97,3,220.082345
3.95,5,220.084034
3.95,5,220.0861
3.92,8,220.088823
3.95,5,220.090498
1.97,3,220.091543
5.91,9,220.094442
3.95,5,220.096115
1.97,3,220.097148
1.95,5,220.09882
1.97,3,220.099853
1.97,3,220.100888
1.97,3,220.305276
5.91,9,220.308402
-0.04,4,220.309764
1.95,5,220.311418
3.94,6,220.313385
5.9,10,220.317342
1.96,4,220.318774
1.97,3,220.319829
1.97,3,220.320862
3.93,7,220.323122
-0.04,4,220.324766
1.97,3,220.326102
1.94,6,220.328063
3.93,7,220.330327
1.95,5,220.331964
1.97,3,220.332986
1.96,4,220.334602
3.95,5,220.336722
5.91,9,220.340026
3.93,7,220.342338
3.95,5,220.343984
13.91,9,220.347502
3.95,5,220.349174
5.91,9,220.560888
5.93,7,220.563262
3.95,5,220.564931
3.93,7,220.567209
1.95,5,220.568924
1.97,3,220.569968
1.95,5,220.57161
5.93,7,220.573946
1.95,5,220.575602
1.95,5,220.577262
3.95,5,220.579411
3.95,5,220.581317
1.95,5,220.583058
3.95,5,220.584778
5.91,9,220.587723
1.95,5,220.589429
5.93,7,220.591731
3.94,6,220.593905
3.94,6,220.596
1.96,4,220.59736
1.95,5,220.599019
1.95,5,220.600668
1.97,3,220.601699
5.93,7,220.792702
5.93,7,220.795147
1.95,5,220.796851
1.95,5,220.798528
1.97,3,220.799565
1.97,3,220.800603
3.93,7,220.802888
5.93,7,220.805157
3.95,5,220.806813
3.95,5,220.808459
1.96,4,220.809793
1.95,5,220.811439
1.97,3,220.812784
3.95,5,220.814551
1.95,5,220.816225
1.97,3,220.81727
1.97,3,220.818308
3.95,5,220.819961
5.92,8,220.822928
3.95,5,220.824715
1.97,3,220.825946
3.95,5,220.827858
1.97,3,220.828986
1.95,5,220.830699
3.95,5,220.832388
3.93,7,220.834689
1.97,3,220.835735
3.93,7,221.013227
3.95,5,221.015001
3.95,5,221.016679
3.95,5,221.018333
1.97,3,221.019364
5.91,9,221.022645
1.95,5,221.024569
1.95,5,221.026308
3.95,5,221.027976
1.97,3,221.02902
13.91,9,221.031924
5.93,7,221.034825
1.97,3,221.035871
1.97,3,221.036897
1.96,4,221.038234
3.95,5,221.039873
1.97,3,221.040896
1.95,5,221.042793
5.93,7,221.045118
1.97,3,221.046143
13.91,9,221.049037
1.96,4,221.050381
1.95,5,221.052023
-0.03,3,221.053454
1.97,3,221.054638
1.97,3,221.055732
1.97,3,221.248988
1.97,3,221.250166
1.97,3,221.251255
3.94,6,221.253432
3.95,5,221.255135
1.95,5,221.257215
1.95,5,221.259407
1.95,5,221.261196
1.96,4,221.26261
5.91,9,221.265575
3.95,5,221.267272
1.97,3,221.268699
1.95,5,221.270424
5.93,7,221.272713
3.95,5,221.274373
3.95,5,221.276003
1.95,5,221.277889
3.95,5,221.279813
1.95,5,221.281522
1.97,3,221.282586
1.97,3,221.283645
3.95,5,221.285327
3.95,5,221.287005
1.95,5,221.288661
5.93,7,221.290971
3.93,7,221.293266
5.91,9,221.483001
3.95,5,221.484829
5.93,7,221.487151
1.96,4,221.488492
-0.02,2,221.489432
1.97,3,221.4908
5.93,7,221.493439
1.96,4,221.494865
3.94,6,221.49709
3.95,5,221.498809
1.97,3,221.499862
13.91,9,221.502773
1.97,3,221.503807
1.97,3,221.504843
13.91,9,221.507714
5.93,7,221.509957
1.97,3,221.510977
3.95,5,221.512629
3.95,5,221.514264
3.95,5,221.515894
1.97,3,221.516912
5.93,7,221.519155
5.93,7,221.521665
1.97,3,221.522798
1.97,3,221.523858
13.89,11,221.722331
1.97,3,221.723537
1.97,3,221.72462
1.97,3,221.725698
3.94,6,221.727753
1.97,3,221.728841
13.91,9,221.732518
1.95,5,221.734336
1.95,5,221.736175
1.95,5,221.737955
1.96,4,221.739304
3.95,5,221.741414
5.93,7,221.744216
1.97,3,221.745461
1.95,5,221.747416
1.95,5,221.74913
1.95,5,221.750885
1.97,3,221.752164
1.97,3,221.753335
5.91,9,221.756351
3.95,5,221.758024
1.96,4,221.759367
13.9,10,221.762571
5.93,7,221.764824
3.93,7,221.975517
3.95,5,221.977302
3.95,5,221.979023
3.93,7,221.981744
1.95,5,221.983756
1.95,5,221.985917
1.96,4,221.987358
1.97,3,221.988426
5.93,7,221.990778
1.96,4,221.992148
3.95,5,221.994048
3.95,5,221.995753
5.91,9,221.998664
3.95,5,222.000316
1.97,3,222.001351
5.93,7,222.003627
5.93,7,222.005875
3.94,6,222.007807
3.93,7,222.010049
5.93,7,222.01234
5.93,7,222.01462
1.97,3,222.015641
1.95,5,222.017277
1.97,3,222.199924
3.93,7,222.202518
1.95,5,222.204247
1.97,3,222.205295
3.93,7,222.207595
3.93,7,222.209898
3.95,5,222.211567
5.92,8,222.214151
1.97,3,222.215183
5.92,8,222.217753
5.93,7,222.220027
1.97,3,222.221052
3.93,7,222.223312
1.95,5,222.224958
3.93,7,222.227221
1.97,3,222.228242
3.93,7,222.23108
3.93,7,222.233552
5.91,9,222.236545
1.95,5,222.238229
1.97,3,222.239263
5.93,7,222.242086
1.97,3,222.243474
5.91,9,222.435324
1.95,5,222.437057
1.97,3,222.438096
1.97,3,222.439204
3.95,5,222.440902
1.97,3,222.441948
3.95,5,222.444111
1.97,3,222.44523
3.94,6,222.447233
5.93,7,222.449533
1.97,3,222.450567
1.97,3,222.451605
3.94,6,222.453961
13.9,10,222.457553
1.95,5,222.459367
3.94,6,222.461453
1.97,3,222.462501
4.92,8,222.465065
13.89,11,222.468716
1.97,3,222.469801
3.93,7,222.472146
5.93,7,222.474471
13.89,11,222.693037
3.95,5,222.694835
1.97,3,222.695891
1.95,5,222.697567
13.89,11,222.701093
5.93,7,222.703982
3.95,5,222.705947
3.93,7,222.708415
1.95,5,222.71022
5.93,7,222.712539
13.89,11,222.716042
13.91,9,222.719121
1.95,5,222.720808
3.93,7,222.723089
13.91,9,222.726261
3.94,6,222.728898
3.95,5,222.730772
13.91,9,222.733824
3.95,5,222.735671
1.95,5,222.946352
5.93,7,222.948965
1.95,5,222.951042
13.89,11,222.954879
3.93,7,222.957468
1.97,3,222.958574
3.94,6,222.96089
1.95,5,222.962797
3.95,5,222.964485
3.93,7,222.967137
3.95,5,222.969219
3.93,7,222.971556
5.91,9,222.974469
1.97,3,222.975741
1.97,3,222.976892
5.92,8,222.979789
1.97,3,222.981115
3.94,6,222.983201
5.93,7,222.986145
3.95,5,222.98789
1.97,3,222.988949
1.95,5,222.990644
1.95,5,222.992292
1.97,3,223.211047
1.95,5,223.212969
1.96,4,223.21434
1.97,3,223.215386
3.94,6,223.217351
3.95,5,223.218998
3.94,6,223.221458
1.95,5,223.223253
1.95,5,223.224976
3.95,5,223.226667
3.95,5,223.228344
3.94,6,223.230427
1.97,3,223.231756
5.92,8,223.234471
3.93,7,223.236789
1.97,3,223.237822
3.93,7,223.240107
1.97,3,223.24158
1.97,3,223.242945
1.95,5,223.244741
3.95,5,223.246574
1.97,3,223.247649
1.95,5,223.24934
1.97,3,223.250391
5.93,7,223.252771
1.96,4,223.254128
1.97,3,223.255161
5.91,9,223.433863
3.95,5,223.43561
5.93,7,223.437897
1.97,3,223.438939
3.93,7,223.4419
3.95,5,223.444277
1.95,5,223.446288
3.94,6,223.448282
5.91,9,223.451539
3.93,7,223.453836
1.95,5,223.455477
1.97,3,223.456502
1.97,3,223.457521
1.97,3,223.458541
1.95,5,223.460184
1.97,3,223.461677
5.92,8,223.464561
1.97,3,223.465639
3.95,5,223.467346
1.95,5,223.469053
5.91,9,223.472044
1.96,4,223.473412
3.93,7,223.475735
1.97,3,223.47678
5.91,9,223.672137
1.95,5,223.673899
3.95,5,223.675564
1.95,5,223.677482
1.95,5,223.679214
3.95,5,223.680885
1.97,3,223.68192
1.95,5,223.68357
1.95,5,223.68523
1.95,5,223.68708
5.93,7,223.689821
5.91,9,223.693332
1.95,5,223.695083
1.95,5,223.696777
13.91,9,223.700226
1.95,5,223.702113
1.95,5,223.703812
1.97,3,223.704864
1.97,3,223.705914
1.97,3,223.707044
1.96,4,223.708567
1.97,3,223.709663
1.96,4,223.711052
1.95,5,223.712764
1.95,5,223.714461
3.95,5,223.909064
1.97,3,223.910393
1.95,5,223.912143
1.97,3,223.913194
1.96,4,223.914554
5.91,9,223.917456
1.95,5,223.919121
1.97,3,223.92016
3.93,7,223.922426
13.89,11,223.925924
1.97,3,223.926952
3.94,6,223.928911
1.97,3,223.929955
1.97,3,223.930981
1.97,3,223.932013
1.95,5,223.933654
5.93,7,223.935919
1.96,4,223.937263
1.96,4,223.939261
5.93,7,223.941738
1.97,3,223.942835
1.95,5,223.944501
1.97,3,223.945516
3.93,7,223.947956
1.97,3,223.949213
5.93,7,223.95167
1.97,3,223.952724
1.97,3,224.179178
5.91,9,224.18218
1.95,5,224.183834
1.97,3,224.184862
3.93,7,224.18718
3.95,5,224.189638
1.95,5,224.19148
3.95,5,224.193235
5.91,9,224.196187
5.91,9,224.199493
3.95,5,224.201495
1.96,4,224.202888
5.93,7,224.205213
5.93,7,224.207736
13.91,9,224.210775
3.95,5,224.212442
1.97,3,224.213499
3.94,6,224.215463
3.95,5,224.217114
1.97,3,224.218482
1.96,4,224.22009
5.93,7,224.222518
1.95,5,224.409546
5.93,7,224.411964
3.95,5,224.41362
1.95,5,224.415247
1.97,3,224.416271
1.95,5,224.417894
5.91,9,224.42135
3.93,7,224.423784
1.95,5,224.425485
3.95,5,224.427193
1.96,4,224.428578
5.93,7,224.430918
5.91,9,224.433879
3.95,5,224.435565
1.96,4,224.436925
1.95,5,224.438592
1.96,4,224.440395
3.93,7,224.443057
1.97,3,224.444198
1.96,4,224.445524
3.93,7,224.44778
5.91,9,224.451096
1.97,3,224.452235
3.93,7,224.64647
5.91,9,224.649495
1.95,5,224.651164
1.95,5,224.652867
5.93,7,224.655616
3.95,5,224.657473
1.95,5,224.6593
1.95,5,224.66115
5.91,9,224.66408
1.95,5,224.665746
1.97,3,224.666768
3.95,5,224.668418
3.95,5,224.670076
3.95,5,224.671743
3.93,7,224.673999
3.93,7,224.676247
1.95,5,224.677884
1.97,3,224.678903
1.97,3,224.679926
3.93,7,224.68217
3.93,7,224.684413
3.94,6,224.686346
1.96,4,224.688267
1.97,3,224.68947
1.95,5,224.904599
5.91,9,224.907986
13.91,9,224.911458
3.95,5,224.913697
3.95,5,224.915584
5.91,9,224.918873
3.95,5,224.92077
1.95,5,224.922553
1.95,5,224.924272
3.95,5,224.92635
1.96,4,224.927784
1.96,4,224.92927
1.97,3,224.930437
3.93,7,224.932946
1.97,3,224.934195
13.91,9,224.938009
3.94,6,224.940247
13.91,9,224.943439
1.96,4,224.944899
1.97,3,224.946031
1.95,5,224.947748
1.95,5,224.949575
1.95,5,225.141369
5.92,8,225.144185
3.95,5,225.145865
3.95,5,225.147529
1.97,3,225.148561
3.95,5,225.150435
5.93,7,225.152993
1.95,5,225.154674
5.91,9,225.157581
5.92,8,225.160196
13.9,10,225.163829
3.95,5,225.165558
3.93,7,225.167883
1.96,4,225.169247
1.95,5,225.170922
1.95,5,225.172603
1.95,5,225.174275
3.94,6,225.176272
1.95,5,225.177947
13.89,11,225.181505
1.96,4,225.18285
3.93,7,225.404096
1.95,5,225.405925
3.95,5,225.407642
1.95,5,225.409743
1.95,5,225.411654
3.94,6,225.41402
3.94,6,225.416311
1.95,5,225.418037
3.95,5,225.41974
1.95,5,225.421441
3.93,7,225.423744
3.95,5,225.42542
3.93,7,225.427712
1.97,3,225.428764
5.91,9,225.431695
5.91,9,225.434599
5.91,9,225.437497
3.95,5,225.43925
3.93,7,225.441643
5.91,9,225.444935
1.95,5,225.446644
1.97,3,225.447708
1.97,3,225.636872
1.95,5,225.638651
1.95,5,225.640306
3.93,7,225.642587
1.95,5,225.644209
1.95,5,225.646284
1.95,5,225.648148
1.97,3,225.649275
1.97,3,225.650371
1.96,4,225.652186
3.95,5,225.65397
1.95,5,225.655906
1.95,5,225.657841
3.95,5,225.659573
1.95,5,225.661288
5.91,9,225.6642
3.95,5,225.666044
3.93,7,225.668452
13.91,9,225.671411
3.93,7,225.673726
1.96,4,225.675087
5.91,9,225.677998
3.95,5,225.679672
1.95,5,225.870776
3.95,5,225.872668
3.93,7,225.875027
1.97,3,225.876261
1.96,4,225.877709
5.91,9,225.880641
3.93,7,225.88292
3.93,7,225.885198
1.95,5,225.886841
5.93,7,225.889103
3.93,7,225.891367
1.95,5,225.893004
1.95,5,225.89463
3.93,7,225.896864
3.93,7,225.911383
1.95,5,225.913732
5.91,9,225.91967
1.95,5,225.92177
3.94,6,225.923789
1.95,5,225.925565
1.95,5,225.927712
5.93,7,225.930397
1.97,3,226.12328
13.91,9,226.12631
1.95,5,226.127973
3.93,7,226.130239
3.93,7,226.132511
13.89,11,226.135993
1.96,4,226.137323
1.95,5,226.138962
13.91,9,226.141841
-0.03,3,226.142847
3.95,5,226.144475
3.93,7,226.147142
1.97,3,226.148283
1.95,5,226.149972
3.95,5,226.151631
1.95,5,226.153278
1.95,5,226.154929
1.95,5,226.157088
1.97,3,226.158318
-0.03,3,226.159406
1.95,5,226.161164
3.95,5,226.162886
1.97,3,226.163965
5.92,8,226.383823
3.93,7,226.386311
1.96,4,226.387709
1.95,5,226.389401
1.95,5,226.391102
1.97,3,226.39217
3.93,7,226.394498
1.95,5,226.396184
5.93,7,226.399011
1.95,5,226.400823
-0.03,3,226.402242
3.93,7,226.404593
3.94,6,226.406588
13.91,9,226.410018
1.96,4,226.411472
1.95,5,226.413178
3.93,7,226.41554
1.97,3,226.416601
1.95,5,226.418301
1.95,5,226.419978
3.95,5,226.421651
5.93,7,226.423953
1.95,5,226.425636
1.97,3,226.426696
1.95,5,226.614877
3.95,5,226.616778
3.95,5,226.618471
3.95,5,226.620145
3.93,7,226.622425
5.93,7,226.624684
5.92,8,226.627245
1.95,5,226.628877
1.95,5,226.630518
1.95,5,226.632155
1.95,5,226.63379
1.97,3,226.634803
1.96,4,226.636113
3.93,7,226.638359
3.93,7,226.640604
3.93,7,226.64285
13.91,9,226.645704
1.97,3,226.646722
3.93,7,226.649142
3.93,7,226.651877
1.97,3,226.653038
3.95,5,226.65469
3.95,5,226.656338
3.95,5,226.847026
3.95,5,226.848827
-0.03,3,226.850018
3.93,7,226.852795
3.95,5,226.854504
3.93,7,226.857306
3.95,5,226.859091
1.97,3,226.860243
13.89,11,226.8638
3.94,6,226.86592
3.95,5,226.867714
5.93,7,226.870135
1.97,3,226.871187
1.95,5,226.872833
3.93,7,226.875115
1.97,3,226.876278
3.93,7,226.87869
3.94,6,226.880672
-0.03,3,226.881694
5.91,9,226.884555
3.95,5,226.886186
1.95,5,226.887813
1.95,5,226.889454
3.93,7,227.105493
3.93,7,227.108011
1.97,3,227.1091
1.97,3,227.110159
-0.03,3,227.111228
5.91,9,227.114561
5.91,9,227.117776
1.96,4,227.119187
1.95,5,227.120875
1.95,5,227.122563
5.93,7,227.124855
3.93,7,227.12714
1.95,5,227.128811
1.95,5,227.130485
1.97,3,227.131528
1.95,5,227.133179
1.96,4,227.13453
13.89,11,227.138088
1.95,5,227.139741
3.93,7,227.142007
3.95,5,227.143668
1.97,3,227.144693
3.94,6,227.146649
1.95,5,227.36169
3.93,7,227.364265
5.91,9,227.367245
5.91,9,227.370766
1.95,5,227.372576
1.95,5,227.374302
5.92,8,227.37697
5.91,9,227.379923
1.97,3,227.380974
1.95,5,227.382641
13.9,10,227.385891
3.93,7,227.38819
-0.03,3,227.38923
3.95,5,227.390906
5.93,7,227.393208
3.93,7,227.395514
3.95,5,227.39747
3.95,5,227.399266
5.93,7,227.401598
3.95,5,227.403275
1.97,3,227.404303
5.91,9,227.606306
1.96,4,227.60776
1.97,3,227.608806
1.97,3,227.610164
1.95,5,227.611932
3.93,7,227.614216
1.97,3,227.615244
1.95,5,227.617336
1.94,6,227.619386
3.94,6,227.621358
5.93,7,227.623633
1.96,4,227.624972
1.95,5,227.626943
1.97,3,227.628054
1.94,6,227.630028
5.92,8,227.632597
1.95,5,227.634402
3.95,5,227.636397
1.96,4,227.637889
1.95,5,227.639622
1.95,5,227.641329
1.95,5,227.643399
1.95,5,227.645285
1.95,5,227.647238
1.95,5,227.64898
1.95,5,227.831001
3.93,7,227.833402
13.89,11,227.836907
1.97,3,227.83793
1.97,3,227.83896
1.96,4,227.840826
1.97,3,227.842021
3.95,5,227.84375
13.89,11,227.847378
1.95,5,227.849077
1.95,5,227.850751
5.93,7,227.853064
1.95,5,227.854731
-0.03,3,227.85579
1.97,3,227.857323
1.97,3,227.858504
1.97,3,227.859635
1.95,5,227.861358
1.97,3,227.862412
5.93,7,227.864709
5.91,9,227.868187
3.93,7,227.870628
3.95,5,227.872299
13.89,11,228.099942
3.95,5,228.101807
13.89,11,228.105411
3.95,5,228.107692
1.95,5,228.109599
5.91,9,228.112712
1.95,5,228.114409
5.91,9,228.117365
5.91,9,228.120364
3.93,7,228.122664
1.97,3,228.123706
3.94,6,228.125815
3.93,7,228.128273
1.95,5,228.129936
1.95,5,228.1316
1.95,5,228.133246
3.93,7,228.135638
1.95,5,228.137305
5.92,8,228.139872
3.93,7,228.142113
1.95,5,228.356912
1.96,4,228.358934
1.97,3,228.360087
1.97,3,228.361161
1.97,3,228.362215
3.93,7,228.364501
1.97,3,228.365837
5.91,9,228.369333
5.91,9,228.372307
1.95,5,228.373975
1.96,4,228.375358
1.96,4,228.377202
3.95,5,228.379041
5.93,7,228.381546
3.95,5,228.383258
1.95,5,228.384914
1.96,4,228.386758
1.96,4,228.388239
1.95,5,228.389968
3.94,6,228.392004
5.93,7,228.395379
3.95,5,228.397548
13.9,10,228.401069
1.97,3,228.402136
1.95,5,228.40379
3.94,6,228.617072
1.95,5,228.618862
3.95,5,228.62053
-0.03,3,228.621571
1.97,3,228.622603
1.95,5,228.62425
5.91,9,228.627153
1.96,4,228.628484
3.93,7,228.630735
1.95,5,228.632358
1.97,3,228.633376
1.95,5,228.635016
5.92,8,228.63756
1.97,3,228.638576
1.95,5,228.640203
3.93,7,228.642426
1.95,5,228.644042
5.93,7,228.646285
1.97,3,228.647305
5.91,9,228.650211
3.93,7,228.652984
1.95,5,228.654745
1.97,3,228.655779
5.91,9,228.845672
5.93,7,228.848148
1.95,5,228.849847
5.92,8,228.852447
3.93,7,228.854739
1.95,5,228.85698
1.95,5,228.858795
1.97,3,228.859887
3.93,7,228.862214
1.97,3,228.863265
1.95,5,228.864916
1.97,3,228.866302
1.95,5,228.86825
1.95,5,228.870006
1.97,3,228.87106
1.97,3,228.872089
1.94,6,228.874037
1.95,5,228.875757
1.97,3,228.877033
3.93,7,228.879377
1.97,3,228.880422
5.91,9,228.883333
1.97,3,228.884364
1.96,4,228.885707
3.94,6,228.887644
1.96,4,228.888977
3.95,5,229.085441
3.94,6,229.087576
3.95,5,229.089298
3.95,5,229.090995
1.95,5,229.092675
3.93,7,229.094987
3.95,5,229.096692
1.95,5,229.098369
3.93,7,229.100677
1.95,5,229.102339
1.95,5,229.104011
13.91,9,229.107487
1.96,4,229.10899
1.96,4,229.110446
13.89,11,229.113988
1.97,3,229.115018
3.95,5,229.117049
5.91,9,229.120165
1.97,3,229.121239
1.95,5,229.122914
1.95,5,229.12458
1.95,5,229.12655
3.95,5,229.128494
1.97,3,229.336955
1.95,5,229.338862
3.93,7,229.341207
1.95,5,229.342888
1.97,3,229.343951
13.91,9,229.346897
5.93,7,229.349199
1.97,3,229.350261
1.95,5,229.351931
1.95,5,229.353596
1.96,4,229.354937
3.93,7,229.357788
1.95,5,229.359629
1.97,3,229.360709
1.96,4,229.362087
1.95,5,229.363746
3.93,7,229.366074
3.94,6,229.368751
3.93,7,229.371159
1.95,5,229.372832
13.91,9,229.375753
1.97,3,229.37704
1.97,3,229.378188
1.95,5,229.380086
13.91,9,229.577489
3.95,5,229.57932
1.95,5,229.581094
1.95,5,229.582799
13.91,9,229.585947
3.93,7,229.588288
1.95,5,229.589944
5.93,7,229.592226
5.91,9,229.595307
3.94,6,229.597496
1.95,5,229.599203
3.95,5,229.601319
3.95,5,229.603767
1.95,5,229.605502
3.93,7,229.607807
3.93,7,229.61051
3.93,7,229.613067
5.91,9,229.616455
1.95,5,229.618237
1.96,4,229.619722
3.93,7,229.622067
3.95,5,229.810645
1.97,3,229.811798
13.91,9,229.814777
1.95,5,229.816451
1.96,4,229.818007
3.94,6,229.820431
3.93,7,229.822834
1.96,4,229.824229
1.97,3,229.825341
3.95,5,229.827059
1.96,4,229.828445
3.93,7,229.830777
3.93,7,229.833101
1.95,5,229.834843
1.95,5,229.836534
1.95,5,229.838229
1.97,3,229.83928
3.95,5,229.840958
3.95,5,229.842673
1.96,4,229.844051
3.93,7,229.846385
13.89,11,229.849979
1.95,5,229.851653
5.91,9,230.076629
3.95,5,230.078386
1.95,5,230.080045
1.95,5,230.081693
1.95,5,230.083334
1.95,5,230.085506
3.95,5,230.087388
3.94,6,230.089576
3.94,6,230.091827
5.91,9,230.094971
1.95,5,230.096865
3.93,7,230.099303
3.95,5,230.101027
3.95,5,230.102742
1.95,5,230.104487
3.93,7,230.107102
1.97,3,230.108198
3.93,7,230.110613
3.93,7,230.112987
1.96,4,230.114326
1.95,5,230.116401
3.95,5,230.118428
3.95,5,230.120258
1.95,5,230.308238
3.93,7,230.310655
3.95,5,230.312393
1.97,3,230.313958
3.93,7,230.316579
1.96,4,230.318231
5.91,9,230.321247
1.95,5,230.32293
1.95,5,230.324587
3.93,7,230.326867
3.93,7,230.329154
3.93,7,230.331395
3.93,7,230.333648
5.91,9,230.336515
1.97,3,230.337535
5.92,8,230.340105
3.95,5,230.341741
5.91,9,230.344615
1.96,4,230.345945
1.95,5,230.347583
3.95,5,230.349209
1.95,5,230.539024
1.97,3,230.540479
1.95,5,230.542356
5.92,8,230.545561
3.94,6,230.54773
5.93,7,230.550422
1.95,5,230.552404
3.93,7,230.554906
3.93,7,230.557432
3.95,5,230.55945
1.95,5,230.561213
1.97,3,230.562316
5.91,9,230.565247
1.95,5,230.566909
3.93,7,230.569793
1.96,4,230.571335
3.93,7,230.573718
1.97,3,230.574775
3.94,6,230.577087
3.95,5,230.578853
1.95,5,230.580835
1.95,5,230.582548
1.97,3,230.583604
1.95,5,230.58526
1.95,5,230.783746
1.96,4,230.785199
1.95,5,230.78684
1.97,3,230.787869
3.93,7,230.790121
3.95,5,230.793464
3.93,7,230.79584
1.95,5,230.797505
5.91,9,230.800408
1.95,5,230.80206
1.97,3,230.803365
13.89,11,230.807099
5.91,9,230.810044
5.91,9,230.813101
1.97,3,230.814138
1.95,5,230.815786
3.94,6,230.817758
1.95,5,230.819419
1.97,3,230.820449
3.93,7,230.823056
3.93,7,230.82552
1.97,3,230.826801
1.96,4,230.828216
1.97,3,231.044024
3.92,8,231.047028
1.95,5,231.048848
1.97,3,231.049948
1.95,5,231.051716
1.95,5,231.053388
1.95,5,231.05503
3.95,5,231.056677
3.94,6,231.058627
1.97,3,231.059654
3.94,6,231.061592
5.91,9,231.065001
1.97,3,231.066192
1.97,3,231.067297
3.93,7,231.069594
1.95,5,231.071243
1.95,5,231.072914
3.93,7,231.076299
1.95,5,231.078036
5.91,9,231.080947
1.96,4,231.082286
5.92,8,231.085211
3.93,7,231.087615
1.95,5,231.279761
5.91,9,231.282802
1.97,3,231.283857
3.95,5,231.285535
3.95,5,231.287186
3.94,6,231.289673
1.95,5,231.291513
1.96,4,231.293092
1.97,3,231.294246
1.97,3,231.295317
3.93,7,231.297603
1.95,5,231.299281
1.95,5,231.300941
1.95,5,231.302572
3.93,7,231.304845
5.91,9,231.307698
1.95,5,231.309339
5.93,7,231.311587
1.97,3,231.312615
1.95,5,231.314256
1.95,5,231.315946
1.95,5,231.318019
1.95,5,231.319778
3.95,5,231.321433
1.97,3,231.322467
3.93,7,231.521717
3.93,7,231.524135
1.97,3,231.525191
1.97,3,231.526455
3.93,7,231.528903
1.95,5,231.530592
3.93,7,231.532921
3.93,7,231.535261
1.96,4,231.536623
5.93,7,231.538938
5.91,9,231.541861
1.97,3,231.542908
3.95,5,231.544571
1.95,5,231.546263
3.94,6,231.548237
1.97,3,231.549279
5.92,8,231.551875
1.96,4,231.553226
3.95,5,231.554876
3.95,5,231.556534
1.97,3,231.557564
1.95,5,231.559222
1.95,5,231.560872
1.95,5,231.562546
1.97,3,231.755952
1.97,3,231.757167
13.89,11,231.760994
3.95,5,231.762757
1.95,5,231.76445
1.97,3,231.765504
1.96,4,231.76687
1.95,5,231.769399
3.93,7,231.771838
1.95,5,231.773535
5.93,7,231.776132
1.95,5,231.778235
5.91,9,231.781314
3.93,7,231.78395
1.95,5,231.785755
3.94,6,231.787889
1.97,3,231.789103
3.93,7,231.791462
1.96,4,231.792964
1.95,5,231.794677
1.95,5,231.796482
1.95,5,231.798177
1.95,5,231.799839
3.93,7,232.025151
3.93,7,232.028241
5.91,9,232.031469
1.95,5,232.033275
1.95,5,232.035714
1.95,5,232.037572
5.91,9,232.040677
1.95,5,232.042697
3.91,9,232.045891
1.95,5,232.047653
1.95,5,232.049405
3.93,7,232.052022
5.93,7,232.054678
3.93,7,232.057384
1.96,4,232.05887
1.95,5,232.060962
3.93,7,232.06333
1.95,5,232.065453
1.95,5,232.0674
1.97,3,232.068481
13.89,11,232.072003
3.95,5,232.28989
1.95,5,232.291684
1.97,3,232.292912
13.91,9,232.296055
3.94,6,232.298223
1.97,3,232.299284
1.95,5,232.301003
3.95,5,232.302706
3.94,6,232.304679
1.95,5,232.3064
3.93,7,232.308676
1.96,4,232.310615
5.91,9,232.314321
3.95,5,232.316119
1.96,4,232.317485
13.89,11,232.32119
3.95,5,232.322962
1.97,3,232.324016
3.94,6,232.325979
1.95,5,232.327696
1.95,5,232.329358
1.95,5,232.331329
1.95,5,232.333271
5.93,7,232.55934
1.95,5,232.561479
1.95,5,232.563192
-0.02,2,232.563921
1.95,5,232.565569
1.97,3,232.566599
3.93,7,232.56941
1.95,5,232.5711
1.96,4,232.572441
1.95,5,232.574192
1.97,3,232.575245
3.94,6,232.577434
3.93,7,232.579912
3.93,7,232.582326
3.95,5,232.584018
1.95,5,232.586021
1.95,5,232.58774
-0.03,3,232.588781
1.95,5,232.590467
5.92,8,232.593265
3.95,5,232.595184
1.95,5,232.596945
1.95,5,232.598672
1.95,5,232.600341
3.95,5,232.602009
3.94,6,232.784309
3.93,7,232.786805
3.93,7,232.789122
13.89,11,232.792796
13.89,11,232.796935
5.93,7,232.799307
1.97,3,232.800375
1.95,5,232.802051
5.91,9,232.804982
1.97,3,232.806036
1.97,3,232.807073
5.91,9,232.810011
1.95,5,232.811667
1.95,5,232.813893
5.91,9,232.817049
1.97,3,232.818199
1.97,3,232.819295
1.97,3,232.820329
3.95,5,232.822
1.95,5,232.824112
1.96,4,232.825564
1.95,5,232.827534
3.95,5,233.046618
1.95,5,233.048581
1.95,5,233.050348
1.96,4,233.052084
1.95,5,233.053915
1.95,5,233.055753
1.95,5,233.057629
1.97,3,233.058728
1.97,3,233.060493
13.91,9,233.063578
5.92,8,233.066563
5.91,9,233.069837
3.95,5,233.071618
1.97,3,233.072676
13.91,9,233.075599
3.95,5,233.077642
3.95,5,233.079395
5.91,9,233.082392
5.91,9,233.085255
3.95,5,233.087323
3.93,7,233.089705
3.93,7,233.092046
1.95,5,233.283515
13.91,9,233.286973
3.93,7,233.28973
1.97,3,233.290839
1.97,3,233.292032
1.96,4,233.29364
1.96,4,233.295095
-0.03,3,233.296136
1.95,5,233.297788
-0.03,3,233.298827
5.91,9,233.301698
1.95,5,233.303334
13.89,11,233.306811
3.95,5,233.308458
3.95,5,233.310114
5.93,7,233.312357
1.97,3,233.313396
1.97,3,233.31474
1.95,5,233.316597
3.95,5,233.318373
3.95,5,233.320093
3.93,7,233.322392
1.97,3,233.323476
1.95,5,233.325526
3.93,7,233.563226
3.95,5,233.565626
3.95,5,233.56743
1.97,3,233.568488
1.95,5,233.570171
1.95,5,233.571845
1.95,5,233.57397
3.95,5,233.575805
1.95,5,233.577572
5.91,9,233.580577
1.97,3,233.581629
5.93,7,233.583974
5.92,8,233.586915
1.95,5,233.588657
3.95,5,233.590522
1.97,3,233.591602
1.97,3,233.592715
1.95,5,233.594427
1.95,5,233.596151
1.97,3,233.597184
1.95,5,233.598852
3.95,5,233.600507
1.97,3,233.601922
1.95,5,233.603805
1.97,3,233.604895
3.94,6,233.607031
1.97,3,233.6081
1.97,3,233.609199
3.93,7,233.811487
3.93,7,233.81392
3.95,5,233.815667
1.95,5,233.817377
1.97,3,233.818954
1.96,4,233.820471
5.91,9,233.823506
1.96,4,233.824945
1.95,5,233.82697
1.95,5,233.828946
-0.02,2,233.829744
1.97,3,233.830819
3.95,5,233.832525
1.97,3,233.833585
1.95,5,233.835474
13.91,9,233.838589
3.93,7,233.840903
5.91,9,233.843931
5.91,9,233.84705
3.93,7,233.8495
-0.02,2,233.850365
3.93,7,233.853599
1.95,5,233.855326
1.97,3,234.055642
1.97,3,234.057091
5.91,9,234.060374
3.95,5,234.062159
1.97,3,234.063235
3.93,7,234.066088
1.95,5,234.06809
3.94,6,234.070169
3.93,7,234.072483
3.93,7,234.075076
1.95,5,234.077187
3.93,7,234.079651
1.95,5,234.081377
1.97,3,234.082502
1.95,5,234.084244
3.93,7,234.08665
13.89,11,234.090208
3.93,7,234.092552
1.97,3,234.09362
1.95,5,234.095351
1.95,5,234.097147
1.95,5,234.098824
3.95,5,234.10049
1.97,3,234.320567
1.97,3,234.321742
5.91,9,234.324744
1.95,5,234.326559
3.95,5,234.328245
3.93,7,234.330506
5.91,9,234.333385
1.95,5,234.335024
3.95,5,234.336664
3.95,5,234.338294
13.89,11,234.341856
1.95,5,234.343492
13.89,11,234.346979
3.95,5,234.348681
3.93,7,234.350924
3.95,5,234.352558
1.95,5,234.354194
3.95,5,234.356008
5.92,8,234.359175
1.95,5,234.360937
1.97,3,234.362014
1.95,5,234.580281
1.95,5,234.582133
3.94,6,234.584164
3.94,6,234.586166
1.95,5,234.587841
1.95,5,234.589533
3.93,7,234.591842
1.95,5,234.593561
1.97,3,234.594604
1.97,3,234.595678
1.95,5,234.597338
1.97,3,234.598375
1.97,3,234.599409
3.95,5,234.601077
1.96,4,234.602431
1.95,5,234.604084
5.93,7,234.606907
1.95,5,234.608729
13.89,11,234.612618
5.91,9,234.615575
1.95,5,234.617786
5.91,9,234.620784
3.95,5,234.622467
1.95,5,234.624129
1.96,4,234.844115
3.93,7,234.846499
1.95,5,234.848201
3.94,6,234.850174
3.93,7,234.852463
3.93,7,234.854724
3.95,5,234.856433
1.95,5,234.858762
3.93,7,234.861207
1.96,4,234.862599
5.91,9,234.865543
1.95,5,234.867824
3.93,7,234.870355
5.93,7,234.872736
1.95,5,234.874444
5.91,9,234.877888
13.89,11,234.881571
1.95,5,234.883277
3.93,7,234.885802
3.94,6,234.887889
1.95,5,235.102761
5.93,7,235.105525
5.91,9,235.108973
3.93,7,235.111564
3.93,7,235.113953
3.93,7,235.116266
1.95,5,235.117907
1.95,5,235.119556
3.93,7,235.122307
3.95,5,235.124244
1.95,5,235.126
5.93,7,235.128277
5.91,9,235.131481
1.95,5,235.133274
5.91,9,235.136526
5.93,7,235.138899
-0.03,3,235.139968
5.93,7,235.142296
3.93,7,235.144793
1.97,3,235.145918
5.91,9,235.352997
1.95,5,235.354928
5.91,9,235.357964
1.95,5,235.36009
1.96,4,235.361677
1.95,5,235.363514
3.94,6,235.365548
1.96,4,235.366936
1.97,3,235.36804
3.95,5,235.369764
1.97,3,235.370853
1.95,5,235.372676
1.95,5,235.374473
1.95,5,235.376439
1.97,3,235.377566
1.95,5,235.382099
1.97,3,235.385045
1.97,3,235.387319
1.97,3,235.388805
1.95,5,235.392037
1.95,5,235.400246
1.97,3,235.406003
1.97,3,235.40742
3.93,7,235.410165
1.97,3,235.411362
3.93,7,235.413715
1.95,5,235.415934
1.96,4,235.627066
5.93,7,235.62963
1.95,5,235.631324
13.91,9,235.634288
1.95,5,235.636479
1.95,5,235.63836
5.92,8,235.641013
1.95,5,235.64294
1.97,3,235.644137
1.95,5,235.646181
3.94,6,235.648337
1.97,3,235.649406
1.96,4,235.650875
5.91,9,235.653908
1.97,3,235.654948
1.97,3,235.656213
-0.02,2,235.657085
1.95,5,235.65886
3.95,5,235.660673
3.95,5,235.662478
3.93,7,235.664838
5.91,9,235.667856
3.95,5,235.669584
3.93,7,235.671884
13.91,9,235.872199
1.96,4,235.873697
3.93,7,235.876329
5.91,9,235.879785
1.95,5,235.881472
3.93,7,235.884056
13.91,9,235.887375
1.95,5,235.889331
1.97,3,235.890678
3.93,7,235.893263
1.95,5,235.896062
1.97,3,235.897441
5.91,9,235.90055
3.93,7,235.903124
3.93,7,235.905465
1.95,5,235.907166
1.97,3,235.908233
1.97,3,235.909321
5.91,9,235.912277
1.95,5,235.913947
3.93,7,235.916423
5.91,9,236.107197
5.93,7,236.109578
3.93,7,236.111915
1.95,5,236.113578
3.93,7,236.116542
1.95,5,236.118558
1.97,3,236.119679
1.95,5,236.121362
5.91,9,236.124288
1.95,5,236.126111
1.95,5,236.12794
1.97,3,236.129031
3.92,8,236.131648
1.97,3,236.132704
5.91,9,236.135776
1.95,5,236.137482
3.95,5,236.139172
1.95,5,236.140846
1.95,5,236.142727
3.95,5,236.144806
1.95,5,236.146666
5.91,9,236.149623
13.89,11,236.3389
-0.03,3,236.339997
3.93,7,236.342263
1.96,4,236.343584
1.97,3,236.344905
3.95,5,236.346888
3.93,7,236.349272
3.93,7,236.351609
3.94,6,236.3536
1.95,5,236.355256
5.93,7,236.358057
13.9,10,236.361529
1.97,3,236.362629
3.93,7,236.364964
3.93,7,236.367768
13.89,11,236.371541
1.95,5,236.373229
3.93,7,236.375523
1.95,5,236.377214
1.97,3,236.37825
1.97,3,236.3793
1.96,4,236.595668
1.96,4,236.597169
1.95,5,236.598866
1.96,4,236.600247
5.93,7,236.602541
1.95,5,236.604271
3.94,6,236.606912
3.93,7,236.609389
3.94,6,236.611481
3.93,7,236.613805
13.89,11,236.618149
1.97,3,236.619271
1.95,5,236.620946
5.91,9,236.623856
1.97,3,236.624897
3.93,7,236.627399
13.91,9,236.63039
1.97,3,236.631468
5.91,9,236.634378
1.95,5,236.636259
1.95,5,236.638087
1.97,3,236.639165
1.97,3,236.640242
1.95,5,236.874615
5.93,7,236.876999
1.95,5,236.87866
13.91,9,236.881965
3.93,7,236.884982
1.95,5,236.886805
1.97,3,236.887968
1.97,3,236.889108
1.96,4,236.890577
-0.03,3,236.891705
3.93,7,236.894283
3.93,7,236.896664
-0.03,3,236.897697
1.95,5,236.899322
1.97,3,236.90035
-0.03,3,236.901369
1.97,3,236.902839
5.91,9,236.906009
3.94,6,236.90824
1.95,5,236.910204
1.96,4,236.911699
5.91,9,236.914692
3.93,7,236.917109
5.91,9,237.116544
3.95,5,237.118317
3.93,7,237.120607
1.95,5,237.122248
1.97,3,237.123272
3.93,7,237.126219
-0.03,3,237.127381
1.97,3,237.128449
1.95,5,237.13015
1.96,4,237.131507
1.95,5,237.133178
1.95,5,237.135002
3.93,7,237.137584
1.97,3,237.13867
3.93,7,237.141034
13.89,11,237.145364
1.95,5,237.147171
3.94,6,237.149174
1.95,5,237.150831
5.91,9,237.153714
3.93,7,237.156478
1.95,5,237.158284
3.93,7,237.160776
1.95,5,237.381588
1.96,4,237.383078
1.97,3,237.384141
3.93,7,237.386445
3.93,7,237.388719
1.95,5,237.390867
3.94,6,237.393406
1.95,5,237.395563
1.95,5,237.397283
1.95,5,237.398966
1.97,3,237.40003
5.92,8,237.403097
1.95,5,237.404835
3.93,7,237.40714
1.97,3,237.408186
1.95,5,237.409839
1.97,3,237.411093
3.93,7,237.413599
3.95,5,237.415304
-0.03,3,237.416353
1.95,5,237.418236
1.95,5,237.419996
1.95,5,237.421712
1.97,3,237.422763
1.97,3,237.423804
1.96,4,237.425141
1.95,5,237.606262
1.95,5,237.608036
3.93,7,237.610403
1.97,3,237.611466
1.95,5,237.613127
1.95,5,237.614959
1.95,5,237.617157
1.95,5,237.618863
3.93,7,237.621139
3.93,7,237.623411
3.93,7,237.626122
3.93,7,237.628586
-0.03,3,237.629682
3.93,7,237.631965
13.91,9,237.634855
-0.03,3,237.635902
-0.03,3,237.636923
3.95,5,237.638558
1.95,5,237.640193
1.95,5,237.641845
5.91,9,237.645707
5.93,7,237.648068
1.97,3,237.649096
13.89,11,237.844489
1.97,3,237.845652
3.93,7,237.848026
1.95,5,237.849708
1.97,3,237.85076
13.89,11,237.854326
1.97,3,237.855398
3.93,7,237.858178
1.95,5,237.860002
3.95,5,237.861729
1.95,5,237.863417
1.97,3,237.86447
3.95,5,237.866523
1.97,3,237.867895
1.95,5,237.869745
3.95,5,237.871463
1.97,3,237.872515
3.93,7,237.874817
1.95,5,237.876619
1.97,3,237.877702
3.93,7,237.880013
1.97,3,237.881049
1.95,5,237.882704
3.93,7,237.885253
1.95,5,237.887228
1.95,5,238.108175
5.91,9,238.111566
1.95,5,238.11332
3.94,6,238.115364
5.91,9,238.118314
5.91,9,238.121251
3.93,7,238.123535
5.91,9,238.126666
3.95,5,238.128447
3.95,5,238.130127
1.95,5,238.131794
5.91,9,238.134814
1.95,5,238.136617
1.95,5,238.138318
1.95,5,238.139993
3.93,7,238.142292
3.94,6,238.145002
3.93,7,238.1478
3.93,7,238.150196
1.95,5,238.338203
1.96,4,238.33976
1.95,5,238.34144
1.95,5,238.343103
3.93,7,238.345371
1.95,5,238.347006
1.97,3,238.348052
1.96,4,238.349391
1.95,5,238.35102
5.92,8,238.353567
3.95,5,238.355201
1.97,3,238.356235
5.93,7,238.359158
5.93,7,238.361933
3.93,7,238.364302
1.97,3,238.365371
1.95,5,238.367187
3.93,7,238.369883
3.93,7,238.372235
1.95,5,238.373933
1.95,5,238.375628
3.94,6,238.377754
1.95,5,238.379478
1.96,4,238.381081
-0.03,3,238.382274
1.95,5,238.559727
5.91,9,238.56277
3.93,7,238.565421
3.95,5,238.567123
1.95,5,238.569289
1.95,5,238.571079
13.89,11,238.574694
1.95,5,238.576671
1.97,3,238.577809
1.95,5,238.57974
5.93,7,238.5821
1.95,5,238.583786
5.93,7,238.586079
1.95,5,238.587736
3.95,5,238.589404
3.93,7,238.59168
13.9,10,238.59487
1.97,3,238.595904
3.95,5,238.597546
1.97,3,238.598573
3.95,5,238.600207
1.95,5,238.601842
1.95,5,238.817613
1.95,5,238.819427
3.93,7,238.821719
3.93,7,238.824006
1.97,3,238.825038
5.91,9,238.82848
3.94,6,238.830611
3.95,5,238.832312
1.97,3,238.833357
5.92,8,238.83598
5.91,9,238.838887
3.93,7,238.841179
5.91,9,238.844079
1.95,5,238.845746
1.95,5,238.84742
13.88,12,238.85127
3.94,6,238.853249
-0.03,3,238.854274
5.91,9,238.857786
3.95,5,238.859654
5.92,8,239.078915
3.93,7,239.081571
3.95,5,239.083406
1.96,4,239.084852
1.94,6,239.086866
1.95,5,239.088548
3.95,5,239.090226
3.95,5,239.091911
1.95,5,239.093588
3.93,7,239.095899
1.96,4,239.097267
1.95,5,239.09894
1.95,5,239.100609
3.93,7,239.102903
1.95,5,239.10458
5.9,10,239.108564
5.92,8,239.111412
3.93,7,239.113741
1.97,3,239.1148
1.97,3,239.116308
1.95,5,239.118292
3.93,7,239.120628
1.96,4,239.121976
3.93,7,239.328414
3.93,7,239.330756
3.93,7,239.333033
1.96,4,239.33436
3.94,6,239.336781
1.96,4,239.338291
-0.04,4,239.33969
3.93,7,239.342019
3.95,5,239.343718
-0.03,3,239.344767
1.95,5,239.346445
1.95,5,239.348106
3.93,7,239.350407
1.97,3,239.351465
1.97,3,239.352511
3.93,7,239.355077
1.95,5,239.356721
5.93,7,239.358958
1.95,5,239.360622
5.91,9,239.363468
1.97,3,239.364778
3.94,6,239.367107
3.93,7,239.369464
3.93,7,239.560448
5.91,9,239.563685
1.95,5,239.565471
1.95,5,239.567516
5.93,7,239.569924
3.93,7,239.572231
5.91,9,239.575205
5.91,9,239.578633
1.97,3,239.579771
1.96,4,239.581149
3.93,7,239.583451
1.95,5,239.585099
3.93,7,239.587663
1.95,5,239.589386
5.91,9,239.592297
3.93,7,239.594588
1.95,5,239.596296
3.93,7,239.598584
1.95,5,239.600225
5.92,8,239.602798
1.95,5,239.792526
5.91,9,239.795956
1.95,5,239.797646
1.95,5,239.799296
1.95,5,239.801332
1.96,4,239.802894
1.95,5,239.804598
1.95,5,239.806261
1.95,5,239.807941
5.92,8,239.810999
3.93,7,239.813295
-0.03,3,239.814332
3.93,7,239.816594
1.95,5,239.818246
1.95,5,239.819894
-0.03,3,239.821366
3.94,6,239.823507
3.94,6,239.8256
1.95,5,239.827451
3.93,7,239.829792
-0.03,3,239.830839
1.95,5,239.832473
1.96,4,239.833798
5.91,9,240.025191
3.94,6,240.027716
1.95,5,240.029455
1.95,5,240.031124
1.95,5,240.032784
1.95,5,240.034982
1.95,5,240.036712
3.94,6,240.038695
3.93,7,240.040978
1.95,5,240.04263
1.94,6,240.045102
1.95,5,240.046948
1.94,6,240.04899
1.95,5,240.050696
3.93,7,240.053003
5.91,9,240.056352
1.95,5,240.05819
-0.03,3,240.059354
1.95,5,240.061196
13.91,9,240.0642
3.93,7,240.066556
1.95,5,240.068485
1.95,5,240.070183
3.93,7,240.261585
5.91,9,240.264572
-0.03,3,240.2656
1.95,5,240.267229
1.95,5,240.269245
1.95,5,240.271136
1.94,6,240.273525
1.95,5,240.27546
1.95,5,240.277225
1.95,5,240.279138
1.95,5,240.280914
1.95,5,240.282662
3.93,7,240.285275
1.97,3,240.286519
1.95,5,240.288228
3.94,6,240.290243
1.96,4,240.291617
1.97,3,240.292722
1.95,5,240.294441
3.93,7,240.296779
-0.03,3,240.297829
5.91,9,240.300777
3.93,7,240.303078
-0.03,3,240.304121
1.95,5,240.495516
1.97,3,240.496641
5.91,9,240.499573
1.95,5,240.501227
1.95,5,240.502878
1.96,4,240.50469
13.89,11,240.508414
1.97,3,240.509718
1.95,5,240.511527
3.95,5,240.513238
5.93,7,240.515794
1.97,3,240.516898
3.95,5,240.518733
1.95,5,240.520676
3.95,5,240.522399
3.93,7,240.525163
1.97,3,240.526573
3.95,5,240.528291
5.93,7,240.530576
3.93,7,240.532848
13.91,9,240.536096
5.91,9,240.539123
5.92,8,240.754455
3.93,7,240.756832
1.95,5,240.758501
3.93,7,240.760781
1.95,5,240.762891
1.97,3,240.764055
1.95,5,240.76577
3.93,7,240.768073
1.95,5,240.769738
3.94,6,240.771728
3.94,6,240.774083
3.95,5,240.775756
5.91,9,240.778654
3.92,8,240.781264
13.89,11,240.785435
3.93,7,240.787857
1.95,5,240.789516
5.93,7,240.791815
3.95,5,240.793692
3.95,5,240.795396
5.91,9,241.006709
3.95,5,241.00853
1.95,5,241.01026
1.95,5,241.011951
3.93,7,241.014286
3.93,7,241.016592
3.95,5,241.018276
1.95,5,241.019942
3.94,6,241.021914
3.94,6,241.02438
3.93,7,241.026876
1.95,5,241.028604
3.93,7,241.030917
3.95,5,241.032601
1.95,5,241.034736
3.93,7,241.037068
1.97,3,241.038104
1.97,3,241.039134
3.93,7,241.041394
1.95,5,241.043051
3.95,5,241.044961
1.95,5,241.046779
1.95,5,241.048488
1.96,4,241.210911
3.93,7,241.213489
1.97,3,241.21456
1.95,5,241.216256
3.95,5,241.217949
1.95,5,241.219644
1.95,5,241.221345
1.96,4,241.222707
1.95,5,241.224373
1.95,5,241.226042
3.93,7,241.228337
1.97,3,241.22938
5.91,9,241.233004
5.91,9,241.236085
3.93,7,241.238408
1.95,5,241.240288
3.94,6,241.24254
5.91,9,241.245699
1.95,5,241.247386
3.95,5,241.249484
1.97,3,241.250605
3.93,7,241.252935
1.96,4,241.254314
1.95,5,241.446905
3.93,7,241.449471
3.93,7,241.451828
3.94,6,241.453839
1.95,5,241.455509
1.97,3,241.456557
1.95,5,241.458235
3.95,5,241.460021
1.97,3,241.461166
1.95,5,241.462977
3.93,7,241.465527
1.95,5,241.467363
3.93,7,241.469753
1.95,5,241.471455
1.95,5,241.473162
3.94,6,241.475177
1.95,5,241.476867
5.91,9,241.479824
3.93,7,241.482377
3.93,7,241.485282
1.96,4,241.486745
1.95,5,241.488402
3.95,5,241.490151
3.93,7,241.683747
3.94,6,241.686549
3.95,5,241.688298
1.97,3,241.68935
5.93,7,241.691666
1.95,5,241.694004
-0.02,2,241.694823
1.97,3,241.695974
3.93,7,241.69844
3.95,5,241.700175
1.95,5,241.702082
1.96,4,241.703484
1.95,5,241.705149
1.97,3,241.706178
5.92,8,241.708745
3.93,7,241.711071
1.96,4,241.712417
5.91,9,241.715297
1.95,5,241.717093
1.95,5,241.718895
1.97,3,241.719971
5.93,7,241.722307
3.95,5,241.723995
3.93,7,241.726623
3.94,6,241.919284
3.93,7,241.921789
1.95,5,241.923462
3.95,5,241.925141
1.95,5,241.926799
3.92,8,241.929902
1.96,4,241.931386
1.95,5,241.933094
3.92,8,241.935734
3.95,5,241.937395
1.97,3,241.938596
1.94,6,241.940575
3.93,7,241.942855
3.95,5,241.944529
1.95,5,241.946176
1.97,3,241.947212
3.92,8,241.950242
13.9,10,241.953733
5.93,7,241.956062
1.94,6,241.958016
1.95,5,241.9599
1.97,3,241.960991
1.96,4,241.962375
5.91,9,242.168823
-0.04,4,242.170267
3.95,5,242.17193
-0.04,4,242.173261
1.95,5,242.174908
3.92,8,242.178027
1.97,3,242.179225
1.97,3,242.180313
1.97,3,242.181399
3.95,5,242.183137
3.95,5,242.184838
1.96,4,242.186221
5.93,7,242.188858
1.97,3,242.190072
-0.04,4,242.19146
3.92,8,242.194174
3.93,7,242.196497
-0.04,4,242.197842
-0.04,4,242.199181
1.97,3,242.200216
1.97,3,242.201398
3.95,5,242.203199
1.94,6,242.205193
13.91,9,242.208224
1.96,4,242.210114
3.92,8,242.40581
1.97,3,242.407011
1.95,5,242.40875
3.95,5,242.410679
3.92,8,242.41332
1.95,5,242.414976
1.97,3,242.416093
3.93,7,242.418876
1.97,3,242.420029
1.97,3,242.421088
1.97,3,242.422126
1.97,3,242.423165
1.96,4,242.424507
3.95,5,242.426391
1.97,3,242.427683
3.94,6,242.42979
1.96,4,242.431184
1.97,3,242.432447
3.92,8,242.435997
5.91,9,242.439536
1.97,3,242.440648
5.91,9,242.443597
1.97,3,242.444646
1.94,6,242.447239
1.94,6,242.449759
1.97,3,242.450879
1.96,4,242.452813
1.95,5,242.721576
3.93,7,242.724108
3.93,7,242.727209
3.93,7,242.729733
3.93,7,242.732481
1.97,3,242.733567
13.89,11,242.737463
13.9,10,242.741051
3.94,6,242.743218
5.93,7,242.745542
1.94,6,242.74753
1.97,3,242.74858
1.97,3,242.749639
3.95,5,242.751454
1.97,3,242.752679
1.94,6,242.754758
5.91,9,242.757696
5.91,9,242.760693
1.96,4,242.762041
3.93,7,242.764301
5.91,9,242.982604
1.95,5,242.984374
1.95,5,242.986056
3.95,5,242.987715
3.93,7,242.989984
1.97,3,242.991458
5.92,8,242.994459
5.9,10,242.998013
3.94,6,243.000052
3.93,7,243.002391
13.89,11,243.006003
1.96,4,243.00739
1.97,3,243.008423
3.94,6,243.010447
1.95,5,243.012109
1.97,3,243.013134
1.97,3,243.014159
1.97,3,243.015172
1.95,5,243.017068
1.94,6,243.019841
13.88,12,243.023788
13.91,9,243.258853
13.89,11,243.262651
5.93,7,243.264995
3.93,7,243.267501
1.95,5,243.269246
1.97,3,243.27029
3.94,6,243.272579
1.95,5,243.2746
5.93,7,243.276959
-0.04,4,243.278307
1.96,4,243.279647
13.89,11,243.283621
1.95,5,243.285665
1.95,5,243.287415
3.94,6,243.289436
1.95,5,243.291087
1.97,3,243.292129
1.95,5,243.294
13.89,11,243.297622
1.95,5,243.299298
1.96,4,243.300647
1.95,5,243.302285
1.94,6,243.541193
3.94,6,243.543521
3.92,8,243.546411
13.89,11,243.550072
5.93,7,243.552481
3.95,5,243.554161
3.95,5,243.555822
1.97,3,243.556851
1.97,3,243.557874
3.95,5,243.559965
1.93,7,243.56276
3.93,7,243.565111
3.94,6,243.567197
3.94,6,243.569678
3.95,5,243.571409
3.93,7,243.573695
5.93,7,243.575984
1.95,5,243.577934
1.96,4,243.579471
3.93,7,243.581752
1.96,4,243.58309
3.95,5,243.584735
3.95,5,243.80933
3.94,6,243.811843
3.93,7,243.814175
1.95,5,243.815859
13.88,12,243.8204
1.97,3,243.82155
5.9,10,243.824801
1.95,5,243.826735
1.97,3,243.828099
1.95,5,243.829933
5.92,8,243.832626
1.97,3,243.833695
1.95,5,243.835679
5.93,7,243.838385
5.92,8,243.841111
1.95,5,243.842901
5.91,9,243.846092
5.91,9,243.849334
1.95,5,243.851115
1.95,5,243.852789
3.95,5,244.085478
1.95,5,244.087337
13.91,9,244.090273
1.94,6,244.092231
5.91,9,244.095615
1.95,5,244.097482
3.93,7,244.099883
5.93,7,244.10224
5.91,9,244.105197
1.95,5,244.107306
5.91,9,244.110682
1.97,3,244.111814
3.92,8,244.114429
5.93,7,244.117061
1.95,5,244.119036
3.92,8,244.12173
5.93,7,244.12404
13.89,11,244.127565
1.97,3,244.128593
1.95,5,244.339292
3.95,5,244.341181
3.92,8,244.344011
1.97,3,244.345106
1.97,3,244.34618
1.95,5,244.347854
1.97,3,244.348908
3.95,5,244.350575
3.92,8,244.353169
3.94,6,244.355146
1.95,5,244.356846
3.93,7,244.359375
3.93,7,244.361984
1.97,3,244.363063
5.92,8,244.365643
3.95,5,244.367308
1.94,6,244.369483
5.91,9,244.372584
5.91,9,244.375528
1.97,3,244.376568
3.95,5,244.378239
1.94,6,244.380248
1.94,6,244.382225
3.92,8,244.577028
13.89,11,244.580707
1.97,3,244.581762
1.96,4,244.583103
1.97,3,244.584368
1.94,6,244.586699
1.97,3,244.587803
1.96,4,244.589195
5.93,7,244.591498
1.95,5,244.593307
3.95,5,244.59504
3.94,6,244.59718
1.97,3,244.598251
3.93,7,244.600563
5.91,9,244.603514
3.93,7,244.605916
3.92,8,244.608778
13.88,12,244.613079
3.92,8,244.615757
3.94,6,244.617832
1.95,5,244.619484
3.93,7,244.848544
3.95,5,244.850294
3.94,6,244.852264
3.95,5,244.853919
1.97,3,244.854949
1.96,4,244.856596
3.95,5,244.85842
1.97,3,244.860001
1.97,3,244.861173
1.95,5,244.862931
3.93,7,244.865258
13.88,12,244.869499
1.97,3,244.870598
3.95,5,244.872296
1.96,4,244.873658
1.97,3,244.874703
1.94,6,244.876693
3.95,5,244.878358
5.93,7,244.880653
1.95,5,244.882319
3.95,5,244.883972
1.94,6,244.885947
3.93,7,244.888242
5.93,7,244.890495
1.97,3,245.124324
3.92,8,245.127065
1.95,5,245.128745
1.95,5,245.130414
1.94,6,245.132375
1.95,5,245.134022
3.93,7,245.136284
1.96,4,245.137621
1.97,3,245.13865
3.95,5,245.140301
1.97,3,245.141325
3.92,8,245.143877
1.95,5,245.145515
1.97,3,245.146544
3.93,7,245.149406
5.92,8,245.152613
3.93,7,245.155069
3.93,7,245.157398
13.91,9,245.160953
1.97,3,245.162083
1.96,4,245.163457
1.94,6,245.165421
1.97,3,245.16645
3.93,7,245.35754
13.89,11,245.361266
1.95,5,245.362934
1.95,5,245.364587
3.93,7,245.367065
3.93,7,245.36941
3.95,5,245.371084
1.95,5,245.372739
1.97,3,245.373772
1.96,4,245.375122
1.96,4,245.376988
3.95,5,245.378836
3.93,7,245.381212
1.97,3,245.382291
1.95,5,245.383989
1.97,3,245.385038
5.92,8,245.387668
13.89,11,245.391265
1.95,5,245.392944
1.97,3,245.393991
1.97,3,245.395036
1.95,5,245.396717
3.94,6,245.39904
3.93,7,245.623201
3.94,6,245.625347
1.95,5,245.627088
1.97,3,245.628139
13.91,9,245.631069
5.93,7,245.63334
3.94,6,245.635566
1.94,6,245.6376
1.97,3,245.638652
1.96,4,245.639995
5.93,7,245.642363
1.94,6,245.645049
3.93,7,245.647636
1.96,4,245.649032
3.95,5,245.650726
3.95,5,245.652421
1.95,5,245.65408
1.95,5,245.656093
1.95,5,245.657912
1.94,6,245.659984
1.95,5,245.66169
3.94,6,245.66367
1.95,5,245.665333
1.94,6,245.66749
1.94,6,245.853327
1.95,5,245.855069
3.93,7,245.857867
1.96,4,245.859592
1.97,3,245.860868
3.94,6,245.863199
1.97,3,245.864571
3.92,8,245.867288
1.97,3,245.868333
5.91,9,245.8715
3.95,5,245.873307
5.93,7,245.875664
1.96,4,245.877031
3.94,6,245.879014
3.93,7,245.881309
3.92,8,245.883866
1.95,5,245.885517
3.93,7,245.88776
-0.04,4,245.889099
1.95,5,245.890762
1.95,5,245.892399
1.97,3,245.893428
1.94,6,245.895366
3.95,5,246.089919
1.95,5,246.091768
1.97,3,246.092847
1.94,6,246.094841
1.95,5,246.096513
1.95,5,246.098175
3.93,7,246.100466
1.97,3,246.101503
3.93,7,246.103779
1.97,3,246.104813
1.96,4,246.106499
1.95,5,246.108266
1.97,3,246.109326
1.97,3,246.110376
5.91,9,246.113262
1.97,3,246.114301
1.95,5,246.116349
3.94,6,246.118666
1.95,5,246.120369
3.93,7,246.122664
5.91,9,246.125886
1.97,3,246.127085
5.91,9,246.130218
5.9,10,246.133626
5.93,7,246.341102
1.94,6,246.343172
1.95,5,246.344838
3.92,8,246.34743
5.93,7,246.349717
1.97,3,246.350764
1.94,6,246.352711
1.97,3,246.353738
1.96,4,246.355066
3.92,8,246.357938
13.9,10,246.361438
1.95,5,246.363105
1.95,5,246.364749
1.97,3,246.365859
1.96,4,246.367317
3.92,8,246.370469
5.9,10,246.373771
1.97,3,246.374824
5.9,10,246.37833
1.94,6,246.380434
1.94,6,246.382478
5.92,8,246.587907
1.95,5,246.589693
3.94,6,246.591707
1.95,5,246.593387
5.91,9,246.596337
1.97,3,246.597395
3.93,7,246.599691
5.91,9,246.602589
5.91,9,246.606028
3.93,7,246.608513
1.95,5,246.610225
1.95,5,246.611916
3.94,6,246.613894
5.91,9,246.617266
1.95,5,246.619085
1.97,3,246.620137
1.97,3,246.62119
1.95,5,246.622874
1.95,5,246.624554
5.91,9,246.627889
3.93,7,246.813516
5.92,8,246.816476
1.95,5,246.818637
1.95,5,246.820449
3.93,7,246.82308
1.97,3,246.824277
3.93,7,246.826892
3.94,6,246.82895
3.93,7,246.831258
5.91,9,246.834288
5.91,9,246.837511
3.95,5,246.839232
1.97,3,246.840291
1.95,5,246.841968
1.95,5,246.843645
5.93,7,246.845938
1.97,3,246.846971
1.95,5,246.848613
1.96,4,246.849946
5.91,9,246.852811
3.95,5,246.854456
3.93,7,246.856886
5.92,8,247.047301
1.95,5,247.049061
3.95,5,247.050728
1.96,4,247.052076
1.97,3,247.0531
3.93,7,247.055795
3.95,5,247.057641
1.96,4,247.059427
13.89,11,247.063437
1.95,5,247.065508
3.95,5,247.067501
5.9,10,247.070779
1.95,5,247.072449
1.95,5,247.0741
1.94,6,247.076543
1.96,4,247.078073
1.97,3,247.079169
1.95,5,247.080858
1.97,3,247.081903
3.92,8,247.084545
5.93,7,247.086844
3.93,7,247.089098
1.95,5,247.090743
5.91,9,247.309217
1.97,3,247.310493
1.97,3,247.311602
3.93,7,247.313946
5.91,9,247.317429
5.91,9,247.32066
1.94,6,247.322665
1.95,5,247.324348
5.92,8,247.327395
1.94,6,247.329549
1.96,4,247.330955
1.95,5,247.33266
5.92,8,247.335546
1.97,3,247.336634
1.95,5,247.338306
5.93,7,247.340588
1.94,6,247.34254
3.95,5,247.344206
1.94,6,247.346152
1.95,5,247.347801
1.97,3,247.34886
5.9,10,247.537429
3.95,5,247.539272
3.93,7,247.541638
5.9,10,247.545337
3.95,5,247.547298
1.95,5,247.54907
1.97,3,247.550147
3.93,7,247.552597
1.95,5,247.554312
1.97,3,247.555361
1.95,5,247.557041
1.95,5,247.558726
5.93,7,247.561359
1.97,3,247.562435
1.96,4,247.563773
1.94,6,247.565716
1.97,3,247.566744
3.93,7,247.568998
1.95,5,247.571169
3.94,6,247.573277
5.91,9,247.576461
3.95,5,247.578266
3.95,5,247.57994
1.95,5,247.581608
13.91,9,247.789979
1.96,4,247.791428
3.93,7,247.793749
1.97,3,247.794798
3.93,7,247.797348
3.95,5,247.799087
3.95,5,247.800801
1.97,3,247.801884
5.9,10,247.805124
13.89,11,247.808686
1.94,6,247.811406
1.95,5,247.813158
1.97,3,247.814202
1.95,5,247.815868
5.93,7,247.818178
1.95,5,247.820304
1.96,4,247.82179
1.97,3,247.822881
1.96,4,247.824268
1.95,5,247.8261
5.92,8,247.828962
3.94,6,247.831192
1.97,3,247.832293
3.95,5,248.048927
1.97,3,248.050074
3.93,7,248.052465
5.91,9,248.055436
1.95,5,248.057367
3.95,5,248.059478
1.96,4,248.061032
1.96,4,248.062448
1.95,5,248.064149
1.97,3,248.065195
3.93,7,248.067469
1.97,3,248.068514
5.91,9,248.071965
1.95,5,248.073715
3.93,7,248.076883
1.97,3,248.078026
3.95,5,248.07975
1.95,5,248.081463
3.93,7,248.083801
3.92,8,248.086578
3.93,7,248.088903
5.91,9,248.091773
1.97,3,248.092872
1.95,5,248.278234
1.96,4,248.279716
1.97,3,248.280771
1.96,4,248.282136
1.95,5,248.283787
3.94,6,248.28619
1.95,5,248.288079
1.96,4,248.289473
3.95,5,248.291162
1.95,5,248.292974
1.97,3,248.2941
1.95,5,248.295776
1.95,5,248.297454
3.92,8,248.300036
1.97,3,248.30114
1.96,4,248.302536
1.95,5,248.304212
13.91,9,248.307256
3.93,7,248.309864
1.95,5,248.312163
1.95,5,248.313889
1.95,5,248.315548
1.97,3,248.316589
1.96,4,248.318259
3.95,5,248.31996
1.95,5,248.321808
1.95,5,248.519491
3.93,7,248.521876
1.97,3,248.522926
3.92,8,248.525575
1.95,5,248.527318
1.96,4,248.52915
3.95,5,248.53089
3.92,8,248.533528
1.97,3,248.534754
3.95,5,248.536554
3.93,7,248.538893
3.95,5,248.54057
3.92,8,248.543183
1.95,5,248.544871
3.93,7,248.547264
13.9,10,248.550528
3.93,7,248.552928
3.93,7,248.555261
1.96,4,248.556638
1.97,3,248.557695
1.95,5,248.5596
13.91,9,248.763084
1.97,3,248.764311
3.94,6,248.766322
1.97,3,248.767362
3.94,6,248.769334
1.97,3,248.770363
13.9,10,248.774145
1.95,5,248.775904
1.95,5,248.777603
5.91,9,248.780554
5.91,9,248.783948
3.93,7,248.786411
5.93,7,248.78869
3.93,7,248.790945
1.96,4,248.79228
1.95,5,248.794191
3.92,8,248.796788
1.94,6,248.798737
3.95,5,248.800378
3.93,7,248.802857
5.91,9,248.806057
3.91,9,249.00801
3.92,8,249.010701
1.97,3,249.011742
5.93,7,249.014022
-0.05,5,249.0157
13.9,10,249.018882
1.94,6,249.020821
1.95,5,249.022765
1.95,5,249.024775
1.97,3,249.025898
1.95,5,249.027629
3.94,6,249.029648
1.94,6,249.031641
3.95,5,249.033821
-0.04,4,249.035394
1.95,5,249.03726
5.9,10,249.04048
1.96,4,249.041821
3.95,5,249.043633
3.95,5,249.045361
1.95,5,249.047076
13.87,13,249.253911
3.95,5,249.255722
1.95,5,249.257413
1.97,3,249.258461
1.95,5,249.260119
1.97,3,249.261156
1.94,6,249.263135
1.96,4,249.264482
3.93,7,249.266745
1.96,4,249.268088
1.97,3,249.269111
1.95,5,249.270748
1.97,3,249.271773
1.95,5,249.274067
3.95,5,249.275847
5.93,7,249.278394
1.95,5,249.280105
1.95,5,249.281774
1.95,5,249.283443
3.93,7,249.285797
1.95,5,249.287483
1.95,5,249.28914
1.97,3,249.29018
3.92,8,249.292827
3.95,5,249.294543
3.95,5,249.296196
5.93,7,249.47451
5.93,7,249.476899
5.93,7,249.479171
3.95,5,249.480821
1.95,5,249.482896
3.93,7,249.485645
1.95,5,249.487355
3.93,7,249.489635
5.92,8,249.492361
3.94,6,249.494699
1.97,3,249.495783
1.95,5,249.497468
5.91,9,249.500387
1.95,5,249.502072
3.95,5,249.503752
3.94,6,249.505728
5.91,9,249.508641
5.91,9,249.511544
5.91,9,249.514461
3.93,7,249.704384
3.93,7,249.706923
3.95,5,249.708616
5.93,7,249.710921
1.94,6,249.712911
1.97,3,249.713957
13.89,11,249.717481
1.95,5,249.719142
1.94,6,249.721109
5.93,7,249.72337
5.91,9,249.726284
1.97,3,249.72731
1.96,4,249.728651
1.97,3,249.729675
1.96,4,249.731524
1.95,5,249.73337
3.95,5,249.735577
1.95,5,249.737559
1.95,5,249.739297
3.95,5,249.741035
1.95,5,249.742765
1.97,3,249.743875
1.94,6,249.74588
1.95,5,249.747555
1.97,3,249.748599
1.97,3,249.970244
-0.04,4,249.971698
5.9,10,249.974937
3.92,8,249.977518
1.96,4,249.979744
5.91,9,249.983153
1.95,5,249.984902
3.92,8,249.987506
3.92,8,249.990577
5.93,7,249.993054
5.92,8,249.995735
1.95,5,249.997437
1.95,5,249.999169
1.97,3,250.000229
3.95,5,250.001928
1.96,4,250.00329
1.95,5,250.00497
1.95,5,250.006646
3.95,5,250.008327
13.88,12,250.012231
1.95,5,250.013923
1.95,5,250.243598
1.95,5,250.245388
5.92,8,250.248477
3.93,7,250.250931
3.94,6,250.253159
5.92,8,250.255862
1.97,3,250.256931
1.95,5,250.258631
1.97,3,250.259708
13.89,11,250.263327
5.93,7,250.265662
1.95,5,250.267348
1.95,5,250.26902
1.95,5,250.27073
3.95,5,250.272936
1.95,5,250.274655
1.95,5,250.276505
5.92,8,250.279224
1.97,3,250.280288
1.95,5,250.281958
1.95,5,250.283634
3.95,5,250.285643
3.95,5,250.501269
3.95,5,250.503157
3.92,8,250.505793
3.95,5,250.507448
5.91,9,250.510341
3.93,7,250.512638
1.94,6,250.514609
3.93,7,250.516868
1.97,3,250.517905
1.95,5,250.519554
1.95,5,250.521199
1.97,3,250.522233
1.95,5,250.524227
1.97,3,250.525566
1.95,5,250.527301
5.92,8,250.529969
1.96,4,250.531365
1.95,5,250.533023
1.95,5,250.535097
1.95,5,250.536829
1.95,5,250.538483
3.93,7,250.540785
1.96,4,250.542137
1.95,5,250.544042
3.93,7,250.73678
3.95,5,250.73854
5.93,7,250.740844
3.92,8,250.743418
-0.03,3,250.744597
3.95,5,250.74671
3.93,7,250.749069
3.93,7,250.751401
3.94,6,250.753421
5.92,8,250.756034
5.9,10,250.759255
1.94,6,250.761249
1.94,6,250.763236
3.93,7,250.765519
3.93,7,250.767804
1.97,3,250.768843
3.95,5,250.770507
3.95,5,250.772201
1.95,5,250.774358
1.95,5,250.776159
1.95,5,250.777908
1.95,5,250.981745
5.9,10,250.985265
1.95,5,250.986961
1.96,4,250.988336
3.95,5,250.990008
1.94,6,250.991981
3.95,5,250.993637
1.95,5,250.99529
3.93,7,250.997569
1.94,6,250.999533
1.97,3,251.000575
5.93,7,251.002849
3.93,7,251.005133
1.94,6,251.0071
1.95,5,251.008762
1.95,5,251.010422
1.96,4,251.01178
1.95,5,251.013447
1.95,5,251.015094
3.95,5,251.016748
13.88,12,251.020572
5.9,10,251.024447
3.95,5,251.256189
1.94,6,251.258244
1.94,6,251.260227
5.9,10,251.263459
-0.04,4,251.264818
5.91,9,251.267705
3.93,7,251.269965
1.94,6,251.271928
1.95,5,251.274515
1.94,6,251.276593
3.94,6,251.278556
1.95,5,251.280193
1.97,3,251.281223
3.95,5,251.283293
1.95,5,251.285435
3.9,10,251.288782
1.94,6,251.29076
13.89,11,251.294653
5.91,9,251.297799
1.95,5,251.508365
1.95,5,251.510228
1.95,5,251.511907
1.95,5,251.513577
1.94,6,251.515537
1.96,4,251.516878
5.92,8,251.520026
3.95,5,251.521809
1.95,5,251.52389
1.95,5,251.525609
1.95,5,251.527505
3.94,6,251.529665
1.95,5,251.531365
3.95,5,251.533054
5.92,8,251.536069
3.95,5,251.537806
1.97,3,251.538846
1.97,3,251.539884
1.94,6,251.541833
3.93,7,251.544182
3.93,7,251.546514
1.95,5,251.548157
-0.04,4,251.549495
3.92,8,251.552047
1.96,4,251.731538
5.92,8,251.734627
1.97,3,251.735906
3.92,8,251.738578
1.95,5,251.740476
1.94,6,251.742721
1.97,3,251.743991
5.93,7,251.746579
1.94,6,251.748656
5.9,10,251.752062
1.95,5,251.753784
3.94,6,251.755749
3.93,7,251.758022
5.91,9,251.761447
1.97,3,251.762623
1.97,3,251.763684
1.95,5,251.765365
3.92,8,251.767999
5.9,10,251.771234
3.95,5,251.772951
-0.04,4,251.77465
3.93,7,251.979141
3.93,7,251.982114
1.95,5,251.983935
3.95,5,251.985783
1.95,5,251.987786
1.95,5,251.989723
1.97,3,251.990856
13.91,9,251.994212
1.94,6,251.996612
3.95,5,251.998446
3.93,7,252.000892
1.97,3,252.001939
3.95,5,252.003788
3.95,5,252.005523
1.96,4,252.00701
1.96,4,252.008416
1.96,4,252.009781
1.97,3,252.010824
1.97,3,252.011859
1.94,6,252.013842
13.91,9,252.016776
5.9,10,252.020012
1.94,6,252.022057
1.94,6,252.024573
3.92,8,252.234353
1.97,3,252.235492
3.93,7,252.237792
3.95,5,252.23945
1.94,6,252.24197
5.9,10,252.245659
1.97,3,252.246806
3.92,8,252.249577
1.94,6,252.251668
5.92,8,252.254436
5.9,10,252.257792
5.91,9,252.26089
3.91,9,252.263841
1.94,6,252.265798
5.89,11,252.269286
1.95,5,252.270921
5.91,9,252.274152
1.97,3,252.275228
3.95,5,252.489677
-0.05,5,252.491532
3.93,7,252.494316
1.95,5,252.496063
1.95,5,252.497743
5.93,7,252.500291
1.95,5,252.502039
-0.04,4,252.503415
3.93,7,252.505716
3.95,5,252.507389
1.94,6,252.509382
5.9,10,252.512687
3.95,5,252.514372
1.94,6,252.516366
-0.05,5,252.518023
5.93,7,252.52035
1.97,3,252.521629
1.97,3,252.522772
1.95,5,252.524487
3.92,8,252.527164
3.92,8,252.529786
1.97,3,252.530823
1.96,4,252.532541
1.95,5,252.734928
3.94,6,252.73707
1.95,5,252.738745
5.9,10,252.741981
1.95,5,252.74372
1.94,6,252.745691
1.97,3,252.746744
1.94,6,252.748675
1.97,3,252.749704
13.89,11,252.753179
5.9,10,252.756337
5.93,7,252.758589
1.95,5,252.760205
1.96,4,252.761521
1.95,5,252.763154
1.95,5,252.764777
3.92,8,252.767318
3.95,5,252.768932
1.97,3,252.769977
5.91,9,252.77281
1.97,3,252.774499
1.97,3,252.775747
3.94,6,252.988116
1.95,5,252.989948
1.95,5,252.991646
5.93,7,252.99395
1.96,4,252.995287
3.92,8,252.998374
1.97,3,252.999529
3.95,5,253.00127
3.95,5,253.002987
1.97,3,253.004053
3.92,8,253.006678
3.93,7,253.009
1.95,5,253.01068
1.97,3,253.011746
1.96,4,253.013124
5.91,9,253.016032
1.94,6,253.018019
-0.04,4,253.019373
1.95,5,253.021042
1.97,3,253.022348
3.93,7,253.02488
1.95,5,253.027226
1.96,4,253.02868
1.95,5,253.030375
1.96,4,253.031847
3.95,5,253.224988
1.95,5,253.226734
5.93,7,253.228994
1.97,3,253.230067
3.92,8,253.232701
5.93,7,253.235708
1.95,5,253.237448
3.93,7,253.239737
3.92,8,253.242343
1.96,4,253.243978
1.96,4,253.245499
5.91,9,253.248486
1.95,5,253.250168
1.95,5,253.251841
1.97,3,253.252891
5.93,7,253.25519
1.95,5,253.25684
3.92,8,253.259441
1.95,5,253.261101
1.95,5,253.262775
3.94,6,253.264747
1.97,3,253.265774
1.94,6,253.267726
3.93,7,253.461092
1.93,7,253.463487
13.89,11,253.467011
1.97,3,253.468053
1.97,3,253.469071
1.94,6,253.471029
3.95,5,253.472663
1.97,3,253.473676
1.95,5,253.475309
3.93,7,253.477553
-0.04,4,253.478871
1.97,3,253.47989
1.95,5,253.481825
3.94,6,253.483896
-0.05,5,253.486071
1.95,5,253.487817
1.97,3,253.488863
1.95,5,253.490735
13.89,11,253.494655
3.93,7,253.496973
3.94,6,253.498954
1.97,3,253.500003
13.89,11,253.724939
1.95,5,253.727381
13.89,11,253.731139
1.97,3,253.732212
5.9,10,253.736019
1.97,3,253.737158
1.97,3,253.738208
1.95,5,253.73991
1.95,5,253.741609
1.97,3,253.742869
1.96,4,253.744366
5.92,8,253.747094
3.94,6,253.749274
1.96,4,253.750714
3.93,7,253.753072
3.93,7,253.755372
1.96,4,253.756741
3.95,5,253.758377
1.95,5,253.760126
1.95,5,253.761828
3.94,6,253.76382
1.95,5,253.76549
3.95,5,253.767239
1.95,5,253.769493
1.97,3,253.987659
1.97,3,253.988808
1.96,4,253.990197
3.93,7,253.99247
1.95,5,253.994113
3.93,7,253.996736
5.93,7,253.999285
3.95,5,254.001016
3.95,5,254.002732
1.95,5,254.004421
1.97,3,254.005485
1.97,3,254.006562
5.93,7,254.008887
3.95,5,254.010578
1.95,5,254.01227
5.9,10,254.015551
1.95,5,254.017225
1.97,3,254.018266
1.95,5,254.019925
5.91,9,254.023419
1.95,5,254.025259
1.95,5,254.027265
5.93,7,254.029594
1.95,5,254.031227
3.92,8,254.244057
1.94,6,254.246102
1.95,5,254.247781
1.97,3,254.248824
1.94,6,254.250786
1.97,3,254.252313
1.95,5,254.254079
5.92,8,254.256971
3.89,11,254.260642
3.95,5,254.262343
1.97,3,254.263405
5.9,10,254.266653
3.95,5,254.268309
5.93,7,254.270576
5.92,8,254.273548
1.94,6,254.27563
1.97,3,254.276725
5.93,7,254.279005
1.94,6,254.280959
1.97,3,254.28233
-0.05,5,254.284222
1.93,7,254.503181
3.93,7,254.505682
-0.05,5,254.507342
3.93,7,254.509603
1.97,3,254.510631
1.94,6,254.512596
1.94,6,254.514735
1.97,3,254.515817
3.95,5,254.517463
3.95,5,254.519111
1.97,3,254.520135
1.95,5,254.52176
1.97,3,254.523195
1.95,5,254.525135
3.94,6,254.527217
3.95,5,254.528951
1.95,5,254.530621
1.94,6,254.532577
1.97,3,254.53414
1.96,4,254.535578
5.93,7,254.537919
1.95,5,254.539551
3.94,6,254.541503
-0.03,3,254.542726
3.93,7,254.545124
3.93,7,254.547428
1.94,6,254.715636
5.93,7,254.718073
1.97,3,254.71912
1.97,3,254.720162
1.97,3,254.721216
3.95,5,254.722871
3.94,6,254.724829
3.95,5,254.726645
1.95,5,254.728397
5.93,7,254.730732
3.94,6,254.733074
3.95,5,254.734832
13.89,11,254.738987
1.95,5,254.740715
1.97,3,254.741761
5.93,7,254.744076
1.97,3,254.745108
1.97,3,254.746202
5.89,11,254.749703
1.95,5,254.751351
1.97,3,254.752374
3.92,8,254.754928
1.95,5,254.756792
3.92,8,255.000506
1.96,4,255.001969
3.94,6,255.003967
13.89,11,255.007492
1.96,4,255.009479
3.95,5,255.011424
5.93,7,255.01378
1.95,5,255.015449
1.95,5,255.017098
1.97,3,255.018548
5.92,8,255.021434
5.9,10,255.024818
1.96,4,255.026222
3.95,5,255.028036
5.93,7,255.030848
3.95,5,255.032687
3.95,5,255.034659
1.97,3,255.035859
1.95,5,255.038028
3.95,5,255.039965
5.91,9,255.043707
1.95,5,255.045389
5.91,9,255.268394
1.97,3,255.269564
13.91,9,255.273099
3.95,5,255.274859
1.97,3,255.276577
1.95,5,255.278477
3.94,6,255.280882
13.91,9,255.283913
3.92,8,255.287195
5.91,9,255.290362
3.95,5,255.292288
5.9,10,255.296017
3.93,7,255.298773
3.95,5,255.300641
1.95,5,255.302537
1.97,3,255.303621
3.93,7,255.306164
3.95,5,255.307944
1.96,4,255.309339
13.89,11,255.313222
5.93,7,255.529666
3.93,7,255.53212
1.97,3,255.533178
1.96,4,255.534561
-0.03,3,255.535617
13.89,11,255.539165
1.95,5,255.540851
1.97,3,255.541928
5.93,7,255.544215
1.97,3,255.545252
-0.04,4,255.5466
1.96,4,255.54794
1.96,4,255.54928
3.93,7,255.551564
1.97,3,255.552602
1.96,4,255.553948
1.96,4,255.555296
1.95,5,255.556934
1.97,3,255.557958
13.89,11,255.561482
1.94,6,255.563453
1.97,3,255.564521
1.95,5,255.566444
1.95,5,255.568669
1.97,3,255.56984
5.93,7,255.794217
1.95,5,255.79628
3.93,7,255.798666
3.95,5,255.800355
1.96,4,255.801746
1.95,5,255.80341
1.96,4,255.80475
3.94,6,255.806694
5.93,7,255.808951
1.96,4,255.810928
3.93,7,255.813292
1.97,3,255.814332
3.95,5,255.815985
3.93,7,255.818261
1.95,5,255.820439
3.93,7,255.822912
5.93,7,255.825285
3.95,5,255.827142
1.96,4,255.828553
1.97,3,255.829608
5.91,9,255.832509
5.93,7,255.834783
1.96,4,255.836126
1.95,5,255.837754
5.93,7,256.026951
1.97,3,256.028107
1.97,3,256.029156
5.93,7,256.031427
1.95,5,256.033075
1.95,5,256.035229
1.97,3,256.03641
1.97,3,256.037484
3.93,7,256.03978
1.95,5,256.041431
1.97,3,256.042472
1.95,5,256.044399
5.92,8,256.047053
1.95,5,256.048747
1.96,4,256.050102
1.94,6,256.052178
3.95,5,256.053844
1.97,3,256.05488
1.97,3,256.05595
1.97,3,256.057137
13.91,9,256.06006
1.95,5,256.061894
1.97,3,256.062923
1.97,3,256.063933
3.93,7,256.066151
1.95,5,256.067773
13.91,9,256.269553
1.95,5,256.271287
1.96,4,256.272625
3.95,5,256.274989
3.95,5,256.276788
1.96,4,256.27825
1.97,3,256.279361
3.95,5,256.281369
3.95,5,256.283205
3.93,7,256.286086
1.96,4,256.287555
5.93,7,256.290188
3.93,7,256.293035
1.97,3,256.294148
1.97,3,256.295234
3.95,5,256.296975
3.95,5,256.298653
3.95,5,256.300802
3.95,5,256.302696
13.89,11,256.306224
3.93,7,256.308502
1.97,3,256.309535
1.97,3,256.31097
1.96,4,256.312734
3.95,5,256.314626
3.95,5,256.552365
1.97,3,256.553625
3.95,5,256.555336
1.97,3,256.556377
1.96,4,256.557721
1.97,3,256.558756
1.95,5,256.560938
1.95,5,256.563301
3.92,8,256.566369
3.94,6,256.568902
5.93,7,256.571377
1.97,3,256.572428
3.95,5,256.574119
13.91,9,256.577267
1.95,5,256.578976
5.93,7,256.581306
3.93,7,256.583599
3.95,5,256.585258
1.96,4,256.586919
1.97,3,256.588013
1.95,5,256.589738
1.97,3,256.590794
3.93,7,256.593123
3.93,7,256.595465
1.97,3,256.596534
3.95,5,256.598195
1.95,5,256.791552
1.95,5,256.793572
5.93,7,256.796016
3.94,6,256.798089
1.95,5,256.799808
3.95,5,256.8015
3.93,7,256.803803
3.95,5,256.805492
3.93,7,256.807791
1.97,3,256.808855
3.95,5,256.810538
1.96,4,256.811886
1.95,5,256.813559
1.95,5,256.81562
3.95,5,256.817412
3.93,7,256.819778
3.93,7,256.822092
5.91,9,256.825364
13.91,9,256.828638
1.96,4,256.830034
3.95,5,256.831705
3.94,6,256.83366
3.93,7,257.024477
3.95,5,257.026236
3.93,7,257.028549
3.94,6,257.030505
5.93,7,257.0334
13.87,13,257.037954
5.91,9,257.040883
3.93,7,257.043157
1.95,5,257.044794
1.95,5,257.046432
1.95,5,257.048072
13.91,9,257.050944
1.95,5,257.05258
3.94,6,257.054528
3.95,5,257.056149
1.97,3,257.057173
3.93,7,257.059416
1.97,3,257.060427
5.92,8,257.062974
1.95,5,257.065169
1.97,3,257.066319
1.97,3,257.305328
3.93,7,257.307736
1.95,5,257.309401
1.95,5,257.311056
3.93,7,257.313809
3.93,7,257.316187
1.97,3,257.317234
1.97,3,257.318583
1.97,3,257.319676
1.97,3,257.320714
1.97,3,257.321737
1.94,6,257.323731
1.96,4,257.32509
5.93,7,257.327378
1.97,3,257.328802
1.97,3,257.329951
13.91,9,257.332936
3.93,7,257.335253
5.92,8,257.337853
1.97,3,257.338895
5.91,9,257.341804
1.95,5,257.343462
1.97,3,257.344482
3.94,6,257.346454
5.91,9,257.542883
3.95,5,257.544792
1.97,3,257.545963
1.95,5,257.54773
1.95,5,257.549459
1.95,5,257.551194
3.95,5,257.552895
5.91,9,257.555805
5.91,9,257.559084
5.92,8,257.561923
1.95,5,257.563714
3.92,8,257.566338
3.93,7,257.569042
3.95,5,257.570917
3.93,7,257.573267
1.97,3,257.574336
1.97,3,257.57538
1.95,5,257.577254
1.95,5,257.579075
1.97,3,257.58016
3.93,7,257.582465
5.93,7,257.584748
3.95,5,257.586408
5.92,8,257.779835
1.95,5,257.781605
1.97,3,257.782679
1.95,5,257.784469
3.94,6,257.786687
1.97,3,257.787775
5.93,7,257.79011
3.95,5,257.791807
1.96,4,257.793296
1.95,5,257.79504
1.97,3,257.796102
3.93,7,257.79842
3.93,7,257.800725
1.97,3,257.801984
1.96,4,257.803409
3.95,5,257.805078
5.93,7,257.807454
1.96,4,257.808823
1.96,4,257.810936
3.94,6,257.813274
1.95,5,257.815027
1.97,3,257.816201
13.91,9,257.819475
3.93,7,257.821809
1.97,3,257.822856
5.91,9,258.019754
3.93,7,258.022109
3.95,5,258.023799
1.97,3,258.024892
3.95,5,258.027016
5.93,7,258.029513
3.95,5,258.031215
13.9,10,258.034635
1.95,5,258.036823
5.91,9,258.039864
3.93,7,258.042329
5.93,7,258.04479
3.93,7,258.047134
1.95,5,258.048887
3.93,7,258.051278
3.93,7,258.053582
5.93,7,258.055934
1.97,3,258.057173
3.95,5,258.05888
1.96,4,258.060574
13.89,11,258.258815
1.97,3,258.259966
5.93,7,258.262291
3.95,5,258.263962
1.95,5,258.265636
5.93,7,258.267916
3.95,5,258.269578
1.97,3,258.270609
1.96,4,258.271941
1.96,4,258.273578
5.93,7,258.276342
3.95,5,258.278075
1.97,3,258.279144
5.93,7,258.28146
1.97,3,258.28251
1.95,5,258.284556
3.93,7,258.287017
1.97,3,258.288192
1.95,5,258.290032
1.97,3,258.291217
1.95,5,258.293229
1.95,5,258.295173
5.93,7,258.297588
5.93,7,258.299996
5.93,7,258.302443
1.96,4,258.471813
1.96,4,258.473288
1.97,3,258.474363
3.93,7,258.477168
3.94,6,258.479321
3.95,5,258.481493
1.97,3,258.482678
5.93,7,258.485193
3.94,6,258.487274
1.97,3,258.488328
3.93,7,258.49067
13.91,9,258.493644
1.97,3,258.494722
1.97,3,258.495757
1.97,3,258.496795
1.97,3,258.497848
3.93,7,258.500115
1.97,3,258.501151
13.9,10,258.504358
1.97,3,258.505394
1.95,5,258.507041
1.95,5,258.508696
3.93,7,258.510968
1.95,5,258.512623
3.95,5,258.514279
1.97,3,258.72393
1.97,3,258.72514
5.93,7,258.727689
3.95,5,258.729404
3.95,5,258.731064
5.93,7,258.73384
1.97,3,258.73511
3.95,5,258.736788
5.93,7,258.739032
3.93,7,258.741338
1.95,5,258.743164
5.92,8,258.746101
3.95,5,258.7479
1.97,3,258.748961
1.97,3,258.750013
1.97,3,258.751126
1.96,4,258.752543
-0.04,4,258.753921
5.93,7,258.756231
1.97,3,258.757271
3.93,7,258.759623
1.95,5,258.761309
1.95,5,258.762978
1.97,3,258.764012
3.94,6,258.766067
3.94,6,258.768308
-0.04,4,258.948874
13.9,10,258.952162
3.93,7,258.954413
-0.03,3,258.955427
3.93,7,258.958175
3.93,7,258.960731
1.95,5,258.962808
13.91,9,258.965847
1.95,5,258.967777
3.95,5,258.969737
5.93,7,258.972092
1.97,3,258.973139
3.93,7,258.975447
1.97,3,258.976916
3.95,5,258.978675
1.97,3,258.979713
3.93,7,258.982013
5.93,7,258.98448
1.97,3,258.985734
3.94,6,258.987731
1.96,4,258.989077
3.95,5,258.990741
3.95,5,258.992387
1.97,3,259.200659
5.93,7,259.203361
3.95,5,259.205081
1.96,4,259.20647
1.97,3,259.207525
1.96,4,259.208868
1.97,3,259.210078
5.91,9,259.213087
3.95,5,259.214762
3.95,5,259.216432
1.97,3,259.217517
2.93,7,259.220004
1.95,5,259.221698
1.97,3,259.222742
1.97,3,259.223768
1.97,3,259.224787
5.93,7,259.227654
1.97,3,259.228806
3.93,7,259.231092
13.89,11,259.234578
1.95,5,259.23669
1.97,3,259.237887
1.95,5,259.239598
3.93,7,259.241947
5.92,8,259.244759
1.97,3,259.469386
1.95,5,259.471261
3.93,7,259.473579
3.93,7,259.476098
5.93,7,259.479193
1.97,3,259.480344
1.95,5,259.482035
3.95,5,259.483715
3.95,5,259.485813
1.97,3,259.486944
3.95,5,259.48881
5.93,7,259.491186
5.93,7,259.493506
3.95,5,259.495239
1.95,5,259.496897
5.93,7,259.499217
1.97,3,259.50039
1.97,3,259.501636
5.93,7,259.504041
1.97,3,259.505088
13.91,9,259.508123
1.95,5,259.50995
1.97,3,259.511039
5.91,9,259.513971
13.91,9,259.7086
1.97,3,259.709939
1.97,3,259.711065
1.97,3,259.712132
3.95,5,259.713812
5.93,7,259.716117
1.95,5,259.717861
1.97,3,259.718912
3.94,6,259.720868
1.96,4,259.722201
1.97,3,259.723226
1.97,3,259.724245
1.96,4,259.725574
5.92,8,259.728934
1.95,5,259.730663
3.95,5,259.732313
1.96,4,259.733647
1.95,5,259.735454
1.97,3,259.736524
5.93,7,259.738849
1.97,3,259.739958
1.96,4,259.74131
3.95,5,259.743027
5.93,7,259.745314
1.95,5,259.747072
3.95,5,259.748903
1.95,5,259.750709
5.93,7,259.935874
1.97,3,259.937001
3.95,5,259.938686
3.93,7,259.940965
5.93,7,259.943833
1.95,5,259.945807
3.95,5,259.947535
1.97,3,259.94859
1.97,3,259.949643
3.92,8,259.952516
1.95,5,259.954265
1.97,3,259.955321
13.91,9,259.958327
1.97,3,259.959445
3.94,6,259.961657
1.95,5,259.963416
3.94,6,259.965416
5.91,9,259.968687
1.95,5,259.970454
1.95,5,259.972122
1.97,3,259.973155
3.95,5,259.974808
1.97,3,259.975842
3.93,7,259.978957
3.95,5,260.17389
3.95,5,260.175681
1.97,3,260.176738
1.97,3,260.17777
3.95,5,260.179443
3.95,5,260.181089
1.95,5,260.183246
3.94,6,260.185881
1.97,3,260.187046
5.92,8,260.189737
3.93,7,260.192056
1.97,3,260.193109
3.93,7,260.195364
3.95,5,260.196995
1.97,3,260.198012
5.93,7,260.200241
1.97,3,260.201269
1.97,3,260.202651
1.95,5,260.204468
1.97,3,260.205525
1.97,3,260.20658
3.93,7,260.208879
5.93,7,260.211476
3.93,7,260.21406
1.97,3,260.215153
1.97,3,260.216348
1.95,5,260.218171
3.93,7,260.400777
1.95,5,260.402553
1.97,3,260.40362
13.89,11,260.407201
1.97,3,260.408678
1.95,5,260.410749
1.96,4,260.412196
1.97,3,260.413247
1.97,3,260.414305
1.96,4,260.415656
3.93,7,260.418081
3.95,5,260.41987
3.95,5,260.421621
1.97,3,260.42299
1.97,3,260.42419
1.97,3,260.425249
1.95,5,260.427138
1.95,5,260.428866
1.97,3,260.429934
3.95,5,260.431621
1.96,4,260.433361
3.95,5,260.435792
1.96,4,260.437319
3.95,5,260.43902
3.93,7,260.441365
1.97,3,260.442408
3.95,5,260.444254
1.97,3,260.445326
3.95,5,260.690512
3.93,7,260.693455
13.9,10,260.696846
5.93,7,260.699538
13.91,9,260.702798
1.95,5,260.70453
3.94,6,260.706713
1.97,3,260.707798
1.95,5,260.709569
5.91,9,260.712542
1.95,5,260.714251
1.96,4,260.71561
5.91,9,260.718678
1.97,3,260.719984
3.93,7,260.722383
3.93,7,260.724703
3.93,7,260.727371
1.95,5,260.729144
1.95,5,260.731182
3.95,5,260.732909
5.92,8,260.935858
3.95,5,260.937858
3.95,5,260.939538
5.93,7,260.94178
5.91,9,260.945165
1.97,3,260.946294
3.95,5,260.947976
3.95,5,260.94963
5.93,7,260.952154
1.95,5,260.953882
3.95,5,260.955564
1.97,3,260.956746
1.95,5,260.958473
1.97,3,260.959619
3.95,5,260.961408
1.96,4,260.962816
5.93,7,260.965096
5.91,9,260.968276
1.95,5,260.970076
1.95,5,260.971772
1.96,4,260.973125
1.95,5,260.974786
1.95,5,260.976622
1.95,5,260.978488
1.95,5,260.980206
13.91,9,261.180585
1.95,5,261.182336
1.97,3,261.18341
3.95,5,261.18575
13.91,9,261.189406
1.96,4,261.190877
1.96,4,261.192238
1.97,3,261.193544
5.93,7,261.195916
1.95,5,261.197601
1.97,3,261.198652
1.95,5,261.200302
1.96,4,261.201687
5.93,7,261.203954
3.93,7,261.206219
3.95,5,261.207868
3.95,5,261.209591
13.89,11,261.213089
1.97,3,261.214105
1.97,3,261.215127
1.97,3,261.216224
1.96,4,261.217701
3.95,5,261.219424
1.96,4,261.220787
1.97,3,261.221849
5.92,8,261.448686
1.96,4,261.450153
3.95,5,261.451838
1.97,3,261.452886
1.96,4,261.454248
13.89,11,261.458326
1.95,5,261.460148
5.93,7,261.46251
3.93,7,261.464879
3.95,5,261.466713
5.93,7,261.46911
13.91,9,261.472031
1.95,5,261.473703
3.95,5,261.475365
5.92,8,261.478812
5.92,8,261.481614
3.94,6,261.483731
1.95,5,261.485821
13.9,10,261.489881
1.97,3,261.490954
1.96,4,261.492316
1.95,5,261.707003
1.95,5,261.708923
3.95,5,261.710747
1.97,3,261.711835
5.92,8,261.714488
1.97,3,261.715551
1.97,3,261.716597
1.95,5,261.718482
1.96,4,261.719964
13.9,10,261.72328
5.91,9,261.726695
1.97,3,261.728052
5.93,7,261.730377
1.95,5,261.732042
3.93,7,261.734463
1.95,5,261.736256
1.96,4,261.737634
3.95,5,261.739311
1.95,5,261.741017
3.95,5,261.742729
3.95,5,261.744458
3.93,7,261.746855
1.97,3,261.747915
1.97,3,261.748951
3.94,6,261.952684
5.91,9,261.955905
3.93,7,261.958277
1.97,3,261.959379
1.95,5,261.961207
1.95,5,261.963005
5.91,9,261.966073
1.96,4,261.967518
1.95,5,261.969586
3.93,7,261.972163
1.97,3,261.973227
5.93,7,261.975518
3.93,7,261.978133
1.96,4,261.979772
5.91,9,261.983092
3.95,5,261.984858
1.96,4,261.986472
1.95,5,261.98824
1.97,3,261.989302
3.93,7,261.991573
13.91,9,261.994471
3.95,5,261.996351
1.95,5,261.998167
3.93,7,262.188578
13.91,9,262.191644
1.95,5,262.19333
3.94,6,262.195658
1.97,3,262.197069
1.97,3,262.198186
5.93,7,262.200604
1.96,4,262.202112
1.97,3,262.203196
3.95,5,262.205068
3.95,5,262.206821
1.97,3,262.207893
1.95,5,262.209666
1.95,5,262.211357
1.97,3,262.212392
1.97,3,262.213436
3.95,5,262.215072
1.95,5,262.21671
1.96,4,262.218054
1.97,3,262.219078
13.91,9,262.221971
5.92,8,262.22453
1.95,5,262.22616
3.95,5,262.227782
1.97,3,262.228802
1.97,3,262.229821
13.89,11,262.429164
3.94,6,262.431269
3.95,5,262.432939
1.97,3,262.433969
1.97,3,262.435062
1.96,4,262.436469
-0.02,2,262.437222
3.94,6,262.439238
1.97,3,262.440312
1.97,3,262.44135
3.95,5,262.443016
1.96,4,262.444357
1.96,4,262.446139
1.96,4,262.447646
1.95,5,262.449339
13.91,9,262.452623
1.97,3,262.4537
1.96,4,262.455054
-0.02,2,262.455839
3.94,6,262.457889
5.93,7,262.460231
1.97,3,262.461279
-0.02,2,262.461992
13.91,9,262.464908
1.96,4,262.466252
3.93,7,262.468498
3.93,7,262.666445
1.96,4,262.668428
5.93,7,262.670917
1.97,3,262.671977
3.95,5,262.673648
1.97,3,262.674689
3.93,7,262.677385
1.97,3,262.678504
3.94,6,262.680526
1.97,3,262.68157
5.93,7,262.684065
3.95,5,262.68607
1.95,5,262.687825
5.93,7,262.690191
1.97,3,262.691244
5.93,7,262.693508
1.96,4,262.69485
3.95,5,262.696952
1.95,5,262.698756
1.97,3,262.699792
3.95,5,262.701677
1.97,3,262.702833
1.96,4,262.704231
13.91,9,262.70717
3.95,5,262.708855
3.94,6,262.710859
3.92,8,262.910192
1.97,3,262.91135
1.97,3,262.912398
5.92,8,262.914995
3.94,6,262.916968
3.93,7,262.91977
3.94,6,262.921921
5.91,9,262.924896
3.95,5,262.926897
1.97,3,262.928199
1.96,4,262.9297
3.94,6,262.931744
5.91,9,262.934687
1.97,3,262.935721
-0.04,4,262.937282
-0.02,2,262.93832
13.91,9,262.941345
1.97,3,262.942419
1.95,5,262.944541
1.97,3,262.945659
1.97,3,262.94671
1.97,3,262.947818
3.94,6,262.950034
3.94,6,262.952214
5.93,7,262.954545
3.95,5,263.147086
3.95,5,263.149439
1.97,3,263.150652
13.91,9,263.153661
13.9,10,263.157387
1.97,3,263.158478
3.93,7,263.161088
1.96,4,263.162502
1.94,6,263.164462
5.93,7,263.167092
1.97,3,263.168431
1.96,4,263.169878
1.97,3,263.170934
3.95,5,263.172644
3.95,5,263.174316
1.97,3,263.175369
1.97,3,263.17661
1.97,3,263.17766
3.93,7,263.179942
3.95,5,263.181589
1.96,4,263.182921
1.96,4,263.184235
5.93,7,263.187261
1.94,6,263.189282
3.95,5,263.19095
5.93,7,263.398403
13.89,11,263.402678
3.93,7,263.405094
13.91,9,263.408578
1.97,3,263.409916
1.97,3,263.411302
3.93,7,263.413744
1.97,3,263.414806
3.95,5,263.416727
5.93,7,263.419248
1.97,3,263.42032
5.93,7,263.422628
1.97,3,263.423671
13.89,11,263.42745
3.95,5,263.429187
1.95,5,263.43089
3.95,5,263.432573
1.97,3,263.433909
3.95,5,263.436163
1.96,4,263.437571
3.95,5,263.439242
1.97,3,263.440309
1.95,5,263.441979
1.95,5,263.668006
3.95,5,263.669952
-0.04,4,263.67136
1.97,3,263.672391
5.93,7,263.674686
1.96,4,263.67617
3.94,6,263.678318
1.97,3,263.679418
5.91,9,263.682378
1.97,3,263.683438
5.93,7,263.686535
1.95,5,263.688349
3.93,7,263.690754
1.95,5,263.692455
3.95,5,263.694388
5.93,7,263.696935
1.97,3,263.698028
3.95,5,263.699722
3.95,5,263.701504
3.95,5,263.703191
3.93,7,263.705492
1.96,4,263.706972
3.95,5,263.708668
1.97,3,263.709864
1.97,3,263.710972
5.93,7,263.7133
3.93,7,263.91455
1.97,3,263.915645
1.95,5,263.917283
1.97,3,263.918323
1.96,4,263.919658
1.97,3,263.920674
3.94,6,263.923203
1.97,3,263.924374
5.92,8,263.927264
3.95,5,263.928993
1.97,3,263.930057
3.95,5,263.932017
3.94,6,263.934189
1.95,5,263.935892
5.93,7,263.938219
13.9,10,263.941935
3.95,5,263.943854
3.95,5,263.945553
1.96,4,263.947144
1.97,3,263.948275
1.97,3,263.949349
1.95,5,263.951095
1.96,4,263.952503
1.97,3,263.953553
3.93,7,263.955856
3.93,7,264.166538
3.95,5,264.168842
3.93,7,264.17128
1.95,5,264.172977
3.95,5,264.174649
3.95,5,264.176556
5.92,8,264.17917
1.95,5,264.180848
1.97,3,264.181895
3.95,5,264.183559
1.95,5,264.18564
13.91,9,264.188601
1.97,3,264.189628
3.95,5,264.191252
5.93,7,264.193528
5.93,7,264.196259
3.95,5,264.198104
1.97,3,264.199195
1.97,3,264.200271
3.93,7,264.202599
1.97,3,264.203653
5.93,7,264.205978
3.93,7,264.208284
3.95,5,264.209972
3.92,8,264.402617
3.95,5,264.404436
1.97,3,264.405494
1.96,4,264.406861
1.95,5,264.408538
1.96,4,264.409996
1.97,3,264.411508
1.97,3,264.41276
3.95,5,264.414477
1.95,5,264.416139
1.95,5,264.417793
1.96,4,264.419135
1.97,3,264.420373
1.95,5,264.422185
1.97,3,264.423262
1.97,3,264.424327
3.93,7,264.426818
3.95,5,264.428579
1.95,5,264.430272
5.93,7,264.432573
1.97,3,264.433617
3.95,5,264.435266
3.95,5,264.436913
3.95,5,264.438936
3.95,5,264.4407
1.97,3,264.441753
5.93,7,264.444417
1.97,3,264.445562
3.94,6,264.61585
1.97,3,264.617034
5.93,7,264.619335
1.97,3,264.620373
5.93,7,264.622636
1.97,3,264.623674
1.96,4,264.625511
3.95,5,264.627622
3.94,6,264.629643
3.95,5,264.631322
1.96,4,264.632675
3.95,5,264.634565
3.93,7,264.637025
1.97,3,264.638114
13.91,9,264.641138
5.93,7,264.643482
3.93,7,264.645805
5.93,7,264.648551
1.94,6,264.650593
13.91,9,264.653984
5.93,7,264.656347
3.95,5,264.658039
3.95,5,264.659745
1.97,3,264.848962
3.93,7,264.851431
3.94,6,264.853437
1.97,3,264.854498
-0.01,1,264.855157
3.93,7,264.85798
5.93,7,264.860562
1.97,3,264.861667
5.92,8,264.864283
3.95,5,264.865978
1.97,3,264.867254
1.97,3,264.868443
1.95,5,264.870173
1.96,4,264.87154
1.96,4,264.872896
1.97,3,264.873937
1.97,3,264.874978
-0.01,1,264.875387
5.93,7,264.877682
13.91,9,264.880605
1.97,3,264.881651
3.94,6,264.883626
1.97,3,264.884665
1.97,3,264.885709
1.95,5,264.887364
1.97,3,264.888393
3.94,6,264.890534
1.96,4,264.892007
3.93,7,265.086495
1.97,3,265.087626
3.93,7,265.089904
-0.01,1,265.090314
3.95,5,265.091948
3.95,5,265.093573
13.91,9,265.097006
1.97,3,265.098145
1.97,3,265.099221
1.96,4,265.10061
3.93,7,265.102916
3.94,6,265.104942
1.95,5,265.107088
5.93,7,265.109559
3.95,5,265.111306
1.97,3,265.112368
1.95,5,265.114034
1.96,4,265.115449
3.95,5,265.117628
1.97,3,265.118912
1.97,3,265.120012
1.96,4,265.121415
1.95,5,265.123084
1.95,5,265.124742
1.97,3,265.126042
1.97,3,265.127181
3.95,5,265.128886
1.97,3,265.129939
5.92,8,265.328482
1.95,5,265.330286
3.93,7,265.332594
1.97,3,265.33363
1.96,4,265.335188
-0.02,2,265.336048
-0.02,2,265.33684
3.94,6,265.338877
1.97,3,265.339941
1.97,3,265.341002
1.95,5,265.342708
3.95,5,265.344385
5.93,7,265.34673
-0.02,2,265.347472
-0.02,2,265.348197
1.97,3,265.34925
1.96,4,265.350607
1.97,3,265.351653
5.93,7,265.353942
3.93,7,265.35664
-0.02,2,265.35743
5.92,8,265.360396
1.97,3,265.361514
3.95,5,265.363195
-0.02,2,265.363926
3.94,6,265.366037
5.92,8,265.369214
3.93,7,265.37158
-0.02,2,265.372306
1.97,3,265.561089
1.97,3,265.56224
13.9,10,265.566294
1.97,3,265.567476
1.96,4,265.569132
1.96,4,265.570527
3.93,7,265.572834
3.93,7,265.575165
1.97,3,265.576195
1.97,3,265.577232
1.95,5,265.579204
1.97,3,265.580353
1.96,4,265.581765
1.96,4,265.583144
5.92,8,265.586035
1.97,3,265.587284
1.95,5,265.589013
3.94,6,265.591015
1.96,4,265.592428
5.93,7,265.59483
5.92,8,265.597481
3.95,5,265.599176
1.97,3,265.600232
1.97,3,265.601347
1.97,3,265.60241
5.93,7,265.604663
1.97,3,265.605685
1.96,4,265.816766
3.94,6,265.819453
1.97,3,265.820608
3.95,5,265.822281
1.96,4,265.823672
1.97,3,265.824792
3.94,6,265.827389
13.9,10,265.830782
1.97,3,265.831842
1.97,3,265.832896
3.94,6,265.835013
3.95,5,265.836891
3.95,5,265.838648
1.96,4,265.840044
3.94,6,265.842081
3.95,5,265.843934
3.95,5,265.845683
1.96,4,265.84732
1.96,4,265.848725
5.92,8,265.851657
1.96,4,265.853183
1.97,3,265.854245
1.96,4,265.855589
1.96,4,265.857434
5.93,7,265.860185
3.95,5,265.861902
3.95,5,266.072746
3.94,6,266.074959
1.97,3,266.076404
1.97,3,266.077602
3.95,5,266.0793
1.97,3,266.080341
1.97,3,266.081692
3.94,6,266.084285
1.96,4,266.085819
1.97,3,266.086898
13.91,9,266.089822
3.94,6,266.091838
1.97,3,266.09299
3.95,5,266.0948
1.97,3,266.095955
3.95,5,266.097709
5.91,9,266.10062
1.96,4,266.102358
1.96,4,266.104249
3.95,5,266.106091
5.93,7,266.108537
1.97,3,266.109764
3.94,6,266.111864
1.97,3,266.113047
1.96,4,266.114574
1.97,3,266.115644
1.96,4,266.117041
5.92,8,266.315413
5.93,7,266.318245
1.97,3,266.319356
1.96,4,266.320727
1.97,3,266.321763
1.96,4,266.323133
1.97,3,266.32417
1.96,4,266.32553
3.95,5,266.327315
1.97,3,266.328405
3.95,5,266.330059
5.92,8,266.332648
1.97,3,266.333688
1.96,4,266.335454
3.94,6,266.337725
5.92,8,266.340413
1.96,4,266.341779
3.95,5,266.343562
1.96,4,266.344991
1.97,3,266.346032
3.95,5,266.347675
3.95,5,266.34933
1.96,4,266.350658
3.95,5,266.352533
3.95,5,266.354224
3.95,5,266.355883
1.96,4,266.357264
-0.02,2,266.357982
1.97,3,266.35903
1.97,3,266.360079
5.92,8,266.561185
3.94,6,266.563392
1.97,3,266.564489
1.96,4,266.565868
1.97,3,266.566918
3.95,5,266.569254
3.95,5,266.571091
3.95,5,266.572806
1.96,4,266.574198
1.96,4,266.575554
-0.02,2,266.576589
3.94,6,266.578908
5.93,7,266.581304
3.94,6,266.583333
3.95,5,266.585077
3.95,5,266.586935
1.97,3,266.588009
3.95,5,266.589685
3.94,6,266.591685
3.94,6,266.593769
3.95,5,266.595451
5.92,8,266.598075
1.97,3,266.599119
5.93,7,266.601417
1.97,3,266.60246
3.94,6,266.787224
3.95,5,266.789089
3.94,6,266.791151
1.96,4,266.792688
1.97,3,266.794151
3.95,5,266.796296
1.97,3,266.797473
5.93,7,266.799821
3.95,5,266.80172
1.97,3,266.802848
1.96,4,266.804197
1.97,3,266.805239
13.91,9,266.80838
1.97,3,266.809786
13.91,9,266.812913
1.97,3,266.813976
1.97,3,266.815006
1.96,4,266.816654
1.97,3,266.817945
1.97,3,266.819226
1.97,3,266.820334
3.95,5,266.822042
3.95,5,266.823726
1.97,3,266.824771
13.91,9,266.828081
1.96,4,266.829495
1.96,4,266.830848
5.91,9,267.044078
1.96,4,267.045651
1.97,3,267.046714
1.96,4,267.048056
1.96,4,267.049384
13.9,10,267.05256
3.95,5,267.054759
1.97,3,267.056015
1.96,4,267.057466
3.94,6,267.059655
5.93,7,267.062491
3.95,5,267.064259
1.95,5,267.065931
-0.02,2,267.066667
1.97,3,267.06804
3.95,5,267.069925
1.97,3,267.070987
5.93,7,267.073328
1.97,3,267.074365
5.92,8,267.077051
1.96,4,267.078834
3.95,5,267.080685
3.95,5,267.08264
1.96,4,267.084138
1.97,3,267.085375
1.97,3,267.086669
1.97,3,267.087868
3.95,5,267.089745
1.96,4,267.091152
1.96,4,267.303102
1.97,3,267.304244
3.95,5,267.305959
1.97,3,267.307016
5.93,7,267.309807
1.97,3,267.311543
1.97,3,267.312855
1.95,5,267.314723
3.94,6,267.317267
1.96,4,267.318707
13.9,10,267.321941
3.95,5,267.324222
3.95,5,267.326199
1.97,3,267.327369
3.94,6,267.329614
5.93,7,267.332173
3.94,6,267.334747
1.97,3,267.335912
1.96,4,267.33738
1.97,3,267.338444
3.95,5,267.340099
1.97,3,267.341135
1.96,4,267.342532
3.95,5,267.344258
5.93,7,267.346571
1.96,4,267.347923
1.97,3,267.34896
1.97,3,267.557171
1.97,3,267.5584
1.97,3,267.559471
1.97,3,267.560512
3.94,6,267.56247
1.97,3,267.563535
3.95,5,267.565225
13.91,9,267.568776
3.94,6,267.57077
1.96,4,267.572107
1.97,3,267.573153
3.95,5,267.574842
3.95,5,267.576827
3.93,7,267.579348
3.95,5,267.581041
5.93,7,267.58333
1.97,3,267.584381
1.96,4,267.585724
13.91,9,267.58862
1.96,4,267.589962
5.92,8,267.592525
13.91,9,267.595414
1.97,3,267.596456
1.97,3,267.597482
3.94,6,267.599434
1.97,3,267.600454
3.95,5,267.795684
3.95,5,267.79746
5.92,8,267.800067
3.95,5,267.80171
1.97,3,267.802736
1.97,3,267.80377
1.96,4,267.805089
1.97,3,267.806105
1.96,4,267.807428
13.91,9,267.810292
3.95,5,267.811929
3.94,6,267.814078
1.97,3,267.815336
1.97,3,267.8164
3.95,5,267.81807
5.92,8,267.820647
5.92,8,267.823228
13.91,9,267.826857
1.97,3,267.828002
13.91,9,267.8309
1.97,3,267.831921
5.92,8,267.834476
1.97,3,267.835493
1.97,3,267.836516
1.97,3,267.837545
1.97,3,268.029383
1.97,3,268.030585
3.94,6,268.03262
3.94,6,268.034615
1.97,3,268.035648
5.92,8,268.038616
3.95,5,268.040462
1.96,4,268.041842
3.95,5,268.043746
1.96,4,268.045157
3.95,5,268.047083
3.95,5,268.048817
3.94,6,268.0508
3.95,5,268.052462
1.96,4,268.053796
1.97,3,268.054822
1.97,3,268.055843
1.96,4,268.057175
3.94,6,268.059113
3.95,5,268.060741
1.97,3,268.061756
3.94,6,268.063696
1.97,3,268.064795
3.95,5,268.066582
3.95,5,268.06884
3.94,6,268.07098
1.97,3,268.072042
3.95,5,268.073709
5.93,7,268.258687
5.93,7,268.261076
5.93,7,268.263416
3.95,5,268.265109
3.95,5,268.266797
3.95,5,268.268445
3.95,5,268.270104
13.91,9,268.273551
3.94,6,268.275704
1.97,3,268.276785
3.95,5,268.278516
1.97,3,268.27957
3.95,5,268.281226
5.93,7,268.2839
13.91,9,268.287122
1.96,4,268.288526
5.92,8,268.291122
1.96,4,268.292477
-0.02,2,268.293203
3.95,5,268.294855
3.95,5,268.296497
13.91,9,268.299388
3.94,6,268.547086
1.97,3,268.548246
1.96,4,268.549638
3.95,5,268.551314
1.96,4,268.552665
1.97,3,268.553705
1.97,3,268.55475
3.95,5,268.557239
5.93,7,268.559846
3.95,5,268.561524
3.95,5,268.563173
3.95,5,268.564836
3.95,5,268.567561
5.93,7,268.570185
1.97,3,268.571271
-0.02,2,268.571987
3.95,5,268.573642
5.93,7,268.576342
1.97,3,268.57738
1.97,3,268.578403
3.95,5,268.580052
1.97,3,268.581088
1.97,3,268.582187
3.94,6,268.584154
1.97,3,268.585542
3.94,6,268.587612
1.97,3,268.588646
1.97,3,268.589677
1.97,3,268.590703
1.97,3,268.59172
3.95,5,268.776903
3.94,6,268.779096
1.97,3,268.780175
1.97,3,268.781223
3.95,5,268.782891
3.94,6,268.784868
1.97,3,268.786516
3.94,6,268.78873
3.94,6,268.790792
1.96,4,268.792204
1.97,3,268.793405
5.93,7,268.795918
13.91,9,268.798878
1.96,4,268.800249
1.96,4,268.802185
1.97,3,268.80341
1.97,3,268.804475
5.93,7,268.80679
5.92,8,268.809585
1.96,4,268.811361
1.96,4,268.813095
3.94,6,268.815367
3.95,5,268.817236
1.97,3,268.818696
1.97,3,268.819817
13.91,9,268.823246
1.96,4,269.028522
1.96,4,269.030012
5.93,7,269.032377
3.94,6,269.034369
3.95,5,269.03604
-0.02,2,269.036763
3.94,6,269.038994
1.97,3,269.040068
1.97,3,269.041112
1.97,3,269.042199
3.94,6,269.044209
3.94,6,269.046211
3.95,5,269.048346
1.97,3,269.049414
1.96,4,269.05078
3.95,5,269.05248
13.9,10,269.055863
1.97,3,269.056979
3.94,6,269.06026
1.97,3,269.074221
1.96,4,269.07923
5.93,7,269.082324
1.97,3,269.083432
1.97,3,269.084491
1.96,4,269.085832
1.96,4,269.087176
3.95,5,269.088829
5.92,8,269.306564
1.97,3,269.307783
5.93,7,269.310159
3.95,5,269.311844
3.95,5,269.313542
1.96,4,269.315531
3.95,5,269.317257
1.97,3,269.318699
3.95,5,269.320532
5.93,7,269.322847
1.96,4,269.324235
3.95,5,269.326506
3.94,6,269.328651
3.95,5,269.33037
5.93,7,269.332686
1.97,3,269.333729
3.94,6,269.335977
3.95,5,269.337759
1.97,3,269.33884
1.97,3,269.339928
5.93,7,269.342266
5.93,7,269.344607
1.96,4,269.345976
3.95,5,269.347651
1.96,4,269.349023
5.93,7,269.351312
3.95,5,269.518487
1.97,3,269.519639
3.94,6,269.522009
5.93,7,269.524408
3.94,6,269.526725
1.97,3,269.528058
13.9,10,269.531561
1.96,4,269.532981
1.97,3,269.534034
1.97,3,269.535075
13.9,10,269.538521
1.96,4,269.539938
3.95,5,269.541694
1.96,4,269.543075
5.93,7,269.54542
13.9,10,269.548691
1.97,3,269.549757
1.96,4,269.551114
1.97,3,269.55216
3.95,5,269.553854
1.97,3,269.554901
1.97,3,269.555945
1.96,4,269.557307
5.93,7,269.559622
1.97,3,269.560664
1.97,3,269.561697
5.93,7,269.771109
1.97,3,269.772234
3.94,6,269.774213
5.93,7,269.776516
3.95,5,269.778193
3.94,6,269.780749
3.95,5,269.782498
1.97,3,269.783572
3.95,5,269.785294
1.97,3,269.78654
1.97,3,269.787674
3.95,5,269.789401
3.94,6,269.791411
1.97,3,269.792462
5.93,7,269.794886
3.95,5,269.796578
5.93,7,269.79887
1.96,4,269.800207
5.92,8,269.802806
3.95,5,269.804463
1.97,3,269.805498
3.95,5,269.80715
13.9,10,269.810352
1.97,3,269.811375
5.93,7,270.016319
1.96,4,270.017838
3.95,5,270.021307
1.96,4,270.022707
1.96,4,270.024132
3.95,5,270.026409
1.96,4,270.027964
13.91,9,270.03097
-0.02,2,270.031735
3.94,6,270.033802
1.97,3,270.035301
5.93,7,270.03776
3.94,6,270.039753
13.91,9,270.042655
1.97,3,270.043689
1.97,3,270.04497
1.96,4,270.046859
1.97,3,270.047962
3.94,6,270.049981
1.96,4,270.051391
1.97,3,270.052457
1.97,3,270.053488
3.94,6,270.055484
5.93,7,270.057763
1.97,3,270.058803
-0.01,1,270.059349
5.92,8,270.062187
5.93,7,270.264564
3.93,7,270.26698
1.96,4,270.268338
3.94,6,270.270306
1.97,3,270.271343
-0.01,1,270.271758
1.97,3,270.273065
3.95,5,270.274998
13.9,10,270.278706
3.94,6,270.280764
3.95,5,270.282418
3.95,5,270.28441
-0.01,1,270.284954
3.95,5,270.286942
1.97,3,270.28804
1.96,4,270.289416
3.94,6,270.291418
1.96,4,270.292788
1.97,3,270.293838
1.96,4,270.295192
1.97,3,270.296251
1.97,3,270.297287
1.96,4,270.298638
1.97,3,270.299682
3.95,5,270.301333
3.94,6,270.303307
1.97,3,270.304348
1.96,4,270.305694
1.97,3,270.306728
3.95,5,270.308387
3.94,6,270.524328
13.9,10,270.528217
3.95,5,270.529987
1.97,3,270.531027
1.97,3,270.532387
3.95,5,270.534352
5.93,7,270.537029
3.94,6,270.539133
1.97,3,270.540234
1.97,3,270.541288
1.97,3,270.542353
1.97,3,270.543399
1.96,4,270.544743
1.96,4,270.546118
13.91,9,270.549006
3.95,5,270.550668
3.93,7,270.552956
1.97,3,270.553991
1.96,4,270.555344
5.93,7,270.557618
3.95,5,270.559258
1.96,4,270.560588
1.97,3,270.561611
1.97,3,270.562634
3.94,6,270.565204
1.96,4,270.566701
3.94,6,270.778966
1.96,4,270.780463
1.96,4,270.781843
3.95,5,270.78351
1.97,3,270.784545
1.96,4,270.785878
13.91,9,270.789312
1.96,4,270.790792
5.93,7,270.793142
3.95,5,270.794827
1.96,4,270.796187
1.97,3,270.797245
1.96,4,270.798611
3.95,5,270.800289
3.95,5,270.80197
1.97,3,270.803012
3.95,5,270.804684
1.97,3,270.80572
1.97,3,270.806753
1.96,4,270.808115
1.96,4,270.809471
1.97,3,270.810502
1.96,4,270.811851
1.97,3,270.812925
-0.02,2,270.813966
1.97,3,270.815102
1.97,3,270.81619
5.93,7,270.818522
1.97,3,270.819586
1.97,3,270.820622
1.96,4,270.821959
3.94,6,271.06326
3.95,5,271.06504
1.97,3,271.066312
1.96,4,271.06782
3.95,5,271.069549
3.94,6,271.071843
1.96,4,271.073471
1.97,3,271.074566
3.94,6,271.076788
1.97,3,271.077889
1.97,3,271.078943
1.97,3,271.079982
3.95,5,271.081708
3.94,6,271.084019
1.97,3,271.085216
1.97,3,271.086268
3.95,5,271.087921
-0.02,2,271.08864
1.97,3,271.089671
1.96,4,271.09101
13.91,9,271.094207
1.96,4,271.095661
-0.02,2,271.096422
3.94,6,271.099117
5.93,7,271.102045
1.97,3,271.103557
5.93,7,271.105989
13.9,10,271.109485
3.95,5,271.321784
1.97,3,271.322932
1.96,4,271.324321
3.94,6,271.326286
3.94,6,271.328248
1.97,3,271.329283
3.93,7,271.332103
1.96,4,271.333555
1.97,3,271.33462
3.95,5,271.336298
5.92,8,271.338908
13.9,10,271.342156
3.95,5,271.343819
1.97,3,271.344854
3.95,5,271.346522
1.97,3,271.347569
13.9,10,271.350805
3.95,5,271.352463
3.94,6,271.354436
3.95,5,271.356335
5.92,8,271.359132
1.96,4,271.360887
1.96,4,271.362276
3.95,5,271.363934
3.94,6,271.574065
3.95,5,271.575928
1.97,3,271.577132
1.96,4,271.578536
1.96,4,271.579892
13.9,10,271.583163
5.93,7,271.585467
1.97,3,271.586506
3.95,5,271.588175
1.96,4,271.589535
3.95,5,271.591204
3.94,6,271.593182
1.97,3,271.594215
5.93,7,271.596493
1.97,3,271.597526
13.91,9,271.600435
5.93,7,271.602709
1.97,3,271.603744
5.93,7,271.606366
3.94,6,271.608615
1.96,4,271.610039
3.95,5,271.611756
3.95,5,271.613439
1.96,4,271.614788
3.95,5,271.6167
1.96,4,271.822846
3.94,6,271.824936
3.95,5,271.826834
3.95,5,271.828598
1.97,3,271.829655
3.95,5,271.831331
1.97,3,271.83236
1.97,3,271.833395
1.96,4,271.834792
1.96,4,271.836273
1.96,4,271.837612
5.92,8,271.840189
1.97,3,271.841223
3.95,5,271.843017
3.95,5,271.844815
1.97,3,271.845894
1.97,3,271.846964
1.96,4,271.848333
1.97,3,271.849384
1.96,4,271.850767
1.96,4,271.852805
1.97,3,271.853962
5.92,8,271.856624
5.92,8,271.859237
1.96,4,271.860591
5.93,7,271.863349
1.97,3,271.864479
3.95,5,271.866175
3.94,6,272.051717
3.95,5,272.053637
5.93,7,272.056014
1.97,3,272.057234
5.92,8,272.060295
3.95,5,272.06206
3.95,5,272.063757
3.94,6,272.065834
3.94,6,272.067815
1.97,3,272.068855
13.91,9,272.072172
3.95,5,272.07405
1.97,3,272.075193
13.9,10,272.07879
3.95,5,272.080508
1.97,3,272.081556
3.95,5,272.083334
5.93,7,272.08617
1.96,4,272.087578
1.97,3,272.088621
1.97,3,272.089671
1.97,3,272.090701
1.97,3,272.091735
13.9,10,272.095603
1.96,4,272.30487
5.92,8,272.307768
1.97,3,272.308833
13.91,9,272.312294
3.95,5,272.314457
3.95,5,272.316299
3.95,5,272.318198
5.92,8,272.320901
1.96,4,272.322269
1.97,3,272.323342
5.93,7,272.326058
13.91,9,272.329141
5.93,7,272.331453
3.95,5,272.333126
1.97,3,272.33441
1.97,3,272.335706
1.97,3,272.336793
13.91,9,272.339753
1.97,3,272.340803
13.91,9,272.343847
1.97,3,272.344911
1.97,3,272.345973
1.97,3,272.347123
-0.02,2,272.347865
3.95,5,272.349567
1.96,4,272.546633
1.96,4,272.548223
1.97,3,272.549323
1.96,4,272.5507
1.96,4,272.552064
5.92,8,272.554671
3.95,5,272.556337
1.97,3,272.557371
1.97,3,272.558403
3.94,6,272.560381
1.97,3,272.561405
5.93,7,272.563669
1.96,4,272.565088
3.95,5,272.567328
5.93,7,272.569757
3.95,5,272.571476
1.97,3,272.57253
1.97,3,272.573569
1.96,4,272.574902
3.95,5,272.577115
1.97,3,272.578256
1.97,3,272.579323
1.96,4,272.580676
3.94,6,272.58265
3.95,5,272.584364
1.96,4,272.585782
3.95,5,272.587628
3.94,6,272.589805
1.96,4,272.591198
3.95,5,272.776388
5.93,7,272.779265
3.94,6,272.781421
5.93,7,272.78395
1.96,4,272.786053
1.96,4,272.787579
3.94,6,272.789848
3.95,5,272.791713
3.94,6,272.793927
1.97,3,272.79511
1.97,3,272.796279
1.96,4,272.797814
1.97,3,272.798988
1.96,4,272.800494
1.96,4,272.802331
13.91,9,272.80563
1.97,3,272.807023
3.95,5,272.808865
3.95,5,272.810619
3.95,5,272.812352
5.93,7,272.814671
3.95,5,272.817041
1.97,3,272.818211
1.97,3,272.819275
3.94,6,272.82126
3.95,5,272.822923
3.95,5,273.019581
1.97,3,273.020732
1.97,3,273.021906
1.97,3,273.023279
3.94,6,273.025306
5.93,7,273.027639
13.91,9,273.031094
1.97,3,273.032278
1.96,4,273.033653
13.9,10,273.037203
3.95,5,273.038901
5.93,7,273.041189
1.97,3,273.042223
5.92,8,273.044811
1.97,3,273.045838
3.94,6,273.047825
1.97,3,273.048851
3.95,5,273.050501
1.96,4,273.051832
1.97,3,273.05286
13.9,10,273.056054
5.92,8,273.058619
1.97,3,273.059663
5.93,7,273.061922
3.95,5,273.268324
3.94,6,273.271024
3.94,6,273.27324
5.93,7,273.275638
1.97,3,273.276915
3.95,5,273.278876
1.97,3,273.279964
1.96,4,273.281341
1.97,3,273.282398
1.96,4,273.283771
1.97,3,273.284885
1.96,4,273.286477
1.96,4,273.287952
13.91,9,273.29092
3.93,7,273.293208
1.97,3,273.294248
5.93,7,273.296533
1.96,4,273.297869
1.97,3,273.298893
1.96,4,273.300228
1.96,4,273.301563
3.95,5,273.3032
1.97,3,273.304229
1.97,3,273.305249
3.95,5,273.306885
1.96,4,273.308206
1.96,4,273.309523
1.97,3,273.310541
1.96,4,273.311858
3.94,6,273.517911
1.97,3,273.51982
5.93,7,273.522309
1.97,3,273.523383
3.95,5,273.525054
1.97,3,273.526999
1.96,4,273.528782
1.97,3,273.529879
5.92,8,273.532484
1.97,3,273.533529
5.93,7,273.536586
5.93,7,273.539134
1.97,3,273.540294
5.92,8,273.543453
3.95,5,273.545221
3.95,5,273.547514
5.93,7,273.549931
3.94,6,273.552308
1.97,3,273.553369
3.94,6,273.555538
3.95,5,273.55757
3.95,5,273.559418
1.96,4,273.560831
3.95,5,273.562896
1.96,4,273.564304
1.96,4,273.566034
1.97,3,273.756673
3.95,5,273.758502
1.96,4,273.760147
1.97,3,273.761693
1.97,3,273.762878
1.97,3,273.763938
1.97,3,273.765264
1.96,4,273.766921
1.96,4,273.768703
13.91,9,273.771676
3.95,5,273.773322
3.95,5,273.775337
1.97,3,273.776811
1.96,4,273.778271
1.96,4,273.779633
5.92,8,273.78223
3.95,5,273.783896
5.93,7,273.786539
1.96,4,273.787997
1.96,4,273.789379
1.97,3,273.790429
3.94,6,273.792602
3.95,5,273.79439
1.97,3,273.795446
1.97,3,273.796486
1.96,4,273.797825
1.96,4,273.799156
3.95,5,273.80083
1.96,4,273.802203
5.93,7,274.00637
1.97,3,274.007502
1.96,4,274.008871
13.91,9,274.011801
13.9,10,274.015585
5.92,8,274.018899
1.97,3,274.019946
5.93,7,274.022219
3.95,5,274.024022
1.97,3,274.025107
13.91,9,274.028053
5.92,8,274.030651
3.95,5,274.032328
1.97,3,274.033384
1.97,3,274.034858
3.94,6,274.037171
1.97,3,274.038271
1.96,4,274.039647
5.93,7,274.04193
3.95,5,274.043691
5.93,7,274.04606
1.97,3,274.04712
3.94,6,274.049109
3.95,5,274.25555
13.91,9,274.259007
5.93,7,274.261826
1.97,3,274.262963
5.93,7,274.265628
3.95,5,274.267563
1.97,3,274.270271
1.97,3,274.271564
1.95,5,274.274591
3.95,5,274.28026
5.93,7,274.287456
1.97,3,274.288717
3.95,5,274.290542
3.94,6,274.293912
13.9,10,274.299419
3.95,5,274.305184
5.92,8,274.311095
1.96,4,274.313487
1.97,3,274.314713
3.93,7,274.317366
3.94,6,274.320126
5.93,7,274.322529
1.96,4,274.323901
5.93,7,274.540865
1.96,4,274.542315
3.94,6,274.544653
3.95,5,274.546398
1.97,3,274.547453
1.96,4,274.549309
-0.02,2,274.550172
1.97,3,274.551496
5.93,7,274.554678
1.97,3,274.555857
3.94,6,274.557856
3.95,5,274.560217
3.94,6,274.562231
1.97,3,274.563271
1.97,3,274.564306
13.91,9,274.567202
3.94,6,274.569816
5.93,7,274.572388
3.95,5,274.574329
5.93,7,274.576907
5.92,8,274.579615
1.96,4,274.580971
1.97,3,274.582009
1.97,3,274.583064
1.96,4,274.584414
1.97,3,274.585445
3.94,6,274.790062
1.97,3,274.791379
1.96,4,274.792923
1.97,3,274.79417
1.97,3,274.79529
3.95,5,274.797097
1.97,3,274.798202
1.97,3,274.799282
1.97,3,274.800652
1.97,3,274.802055
1.96,4,274.803585
3.94,6,274.805656
1.97,3,274.806756
1.96,4,274.808132
5.92,8,274.820697
1.97,3,274.822402
1.97,3,274.824494
1.97,3,274.827924
1.97,3,274.829218
3.94,6,274.831464
1.96,4,274.832914
3.95,5,274.834878
3.95,5,274.836691
1.97,3,274.837849
1.97,3,274.838948
1.95,5,274.84081
1.97,3,274.841904
3.95,5,274.844208
1.96,4,274.845707
5.93,7,274.848107
3.95,5,274.850253
1.96,4,274.851944
3.95,5,275.082152
1.97,3,275.083276
1.97,3,275.084391
5.93,7,275.087154
3.94,6,275.089238
1.97,3,275.090569
3.94,6,275.093221
3.95,5,275.095427
1.96,4,275.09687
1.97,3,275.097937
1.97,3,275.098973
1.97,3,275.100403
5.92,8,275.103397
1.96,4,275.10481
3.95,5,275.106487
5.92,8,275.109108
3.94,6,275.111473
1.97,3,275.112594
3.94,6,275.114596
1.97,3,275.115665
3.94,6,275.117657
1.97,3,275.118712
-0.01,1,275.11916
3.95,5,275.120821
1.97,3,275.121847
3.95,5,275.123506
1.96,4,275.124829
1.97,3,275.125963
1.96,4,275.127621
1.96,4,275.313589
1.96,4,275.315067
1.96,4,275.316641
1.96,4,275.318456
1.97,3,275.319613
5.92,8,275.322649
1.97,3,275.323783
3.95,5,275.325472
1.96,4,275.326946
1.96,4,275.328341
13.9,10,275.331693
3.95,5,275.33339
1.96,4,275.334976
3.95,5,275.336697
3.94,6,275.33869
1.97,3,275.33973
3.95,5,275.34139
5.93,7,275.343783
1.97,3,275.345287
5.93,7,275.347835
1.97,3,275.348905
3.95,5,275.350596
1.97,3,275.351974
1.96,4,275.353364
1.96,4,275.354901
1.96,4,275.356604
1.97,3,275.357699
1.96,4,275.359084
1.96,4,275.571665
5.92,8,275.574398
13.91,9,275.577369
3.95,5,275.579056
1.96,4,275.580421
1.97,3,275.581469
5.91,9,275.5844
1.97,3,275.585437
1.97,3,275.58647
3.95,5,275.588137
3.95,5,275.589791
1.96,4,275.59113
13.9,10,275.594342
3.94,6,275.596464
5.92,8,275.599459
5.93,7,275.601784
3.95,5,275.603463
1.96,4,275.604814
5.92,8,275.607777
1.96,4,275.609202
5.93,7,275.611529
3.94,6,275.613502
1.97,3,275.816748
1.97,3,275.818285
3.95,5,275.820158
1.96,4,275.821536
1.97,3,275.822597
3.93,7,275.824886
5.92,8,275.82787
-0.02,2,275.828664
1.96,4,275.830089
3.95,5,275.831814
3.94,6,275.833818
1.96,4,275.8352
3.95,5,275.8369
3.95,5,275.83859
1.97,3,275.839649
3.94,6,275.841634
3.94,6,275.843626
3.94,6,275.845609
3.94,6,275.847749
3.94,6,275.849728
3.95,5,275.851385
5.93,7,275.853672
1.96,4,275.854995
1.97,3,275.856017
3.95,5,275.858152
3.95,5,275.859934
-0.02,2,275.86068
1.97,3,276.040245
5.93,7,276.042681
1.97,3,276.043724
1.96,4,276.045064
1.97,3,276.046118
3.95,5,276.047755
1.97,3,276.048787
5.93,7,276.051031
1.96,4,276.052356
5.93,7,276.054595
3.95,5,276.056542
1.96,4,276.058206
1.97,3,276.059312
1.97,3,276.060389
3.94,6,276.062355
-0.02,2,276.063067
1.97,3,276.064093
3.94,6,276.066034
1.97,3,276.067277
1.96,4,276.068681
13.91,9,276.071594
3.94,6,276.073567
5.91,9,276.076809
1.96,4,276.078472
1.97,3,276.07961
1.96,4,276.08101
3.94,6,276.083005
1.96,4,276.281401
3.93,7,276.283921
3.95,5,276.285594
5.92,8,276.288179
3.94,6,276.290259
3.94,6,276.292687
1.97,3,276.293769
1.95,5,276.29545
1.96,4,276.296818
1.97,3,276.297861
5.91,9,276.300793
3.95,5,276.302446
3.95,5,276.304098
3.95,5,276.305743
1.96,4,276.307387
1.95,5,276.309371
1.96,4,276.310894
1.97,3,276.311969
1.96,4,276.313325
5.93,7,276.315588
1.96,4,276.316908
1.97,3,276.318555
1.96,4,276.320025
1.96,4,276.321412
1.97,3,276.322453
3.95,5,276.324123
1.97,3,276.32518
1.97,3,276.326417
1.96,4,276.522669
3.94,6,276.524696
1.97,3,276.525727
1.97,3,276.526747
3.95,5,276.528376
3.94,6,276.5303
5.93,7,276.533181
1.94,6,276.535274
1.96,4,276.536757
1.97,3,276.537896
1.95,5,276.539696
5.93,7,276.542226
1.95,5,276.544058
3.95,5,276.545866
1.97,3,276.547017
3.94,6,276.549008
1.97,3,276.550131
5.93,7,276.55251
1.97,3,276.553588
-0.01,1,276.554037
3.95,5,276.556005
-0.01,1,276.556434
5.92,8,276.559035
5.93,7,276.561401
1.97,3,276.562426
3.95,5,276.564036
5.92,8,276.749817
5.92,8,276.752673
1.97,3,276.753728
3.95,5,276.755395
1.97,3,276.756425
3.95,5,276.758083
5.92,8,276.760671
1.96,4,276.761998
1.97,3,276.763022
3.94,6,276.765166
3.93,7,276.767876
3.95,5,276.769928
1.97,3,276.77099
3.94,6,276.772975
1.97,3,276.774025
5.93,7,276.776751
3.95,5,276.77845
5.93,7,276.780753
1.97,3,276.781801
3.95,5,276.783471
1.97,3,276.784696
3.95,5,276.786502
3.95,5,276.788219
3.95,5,276.789933
-0.02,2,276.790668
1.97,3,276.791735
13.9,10,276.97538
3.95,5,276.977673
1.96,4,276.97915
1.97,3,276.980218
1.96,4,276.981587
3.95,5,276.983252
5.93,7,276.986066
1.96,4,276.987489
3.94,6,276.989503
1.97,3,276.990559
5.91,9,276.993454
1.96,4,276.99513
1.97,3,276.996302
1.97,3,276.997407
1.96,4,276.998798
5.93,7,277.001348
1.97,3,277.002458
1.97,3,277.003523
1.97,3,277.004751
3.94,6,277.007004
5.93,7,277.009642
1.96,4,277.01118
3.95,5,277.012853
3.95,5,277.014907
3.95,5,277.016769
1.97,3,277.018056
1.96,4,277.019473
3.94,6,277.021467
1.97,3,277.217432
1.96,4,277.218919
5.92,8,277.221539
1.96,4,277.222937
13.9,10,277.22665
3.95,5,277.228512
1.95,5,277.230209
5.93,7,277.2325
3.95,5,277.234157
1.97,3,277.235182
1.97,3,277.236581
13.89,11,277.240449
5.93,7,277.242946
1.97,3,277.244168
3.94,6,277.246242
1.97,3,277.24731
3.95,5,277.248992
3.95,5,277.250665
1.97,3,277.251717
5.92,8,277.254309
1.96,4,277.255654
1.96,4,277.257006
5.93,7,277.259285
1.97,3,277.260324
3.95,5,277.480428
5.93,7,277.482867
1.97,3,277.48392
3.95,5,277.485901
1.97,3,277.487008
1.96,4,277.488408
1.97,3,277.489474
13.9,10,277.492845
1.97,3,277.494016
1.97,3,277.495085
5.92,8,277.498167
1.97,3,277.499306
3.95,5,277.500997
1.97,3,277.502046
1.97,3,277.503357
1.97,3,277.504475
1.97,3,277.505557
1.96,4,277.506934
3.95,5,277.508622
-0.01,1,277.509043
5.93,7,277.51215
1.97,3,277.513432
3.94,6,277.515502
1.97,3,277.516723
1.97,3,277.518012
3.94,6,277.520172
5.92,8,277.522979
1.96,4,277.524477
13.9,10,277.739485
1.97,3,277.740637
1.96,4,277.742001
1.96,4,277.743343
1.97,3,277.744375
3.95,5,277.746008
3.95,5,277.747647
5.93,7,277.749898
1.97,3,277.750915
1.95,5,277.752543
5.93,7,277.75477
1.97,3,277.755782
5.93,7,277.758028
5.93,7,277.76027
5.93,7,277.76251
1.96,4,277.764371
1.97,3,277.765578
1.97,3,277.766673
3.95,5,277.768375
5.93,7,277.770681
3.95,5,277.772343
1.97,3,277.773659
1.97,3,277.774871
1.96,4,277.776446
1.97,3,277.777604
3.94,6,277.779907
5.92,8,277.782569
1.97,3,277.966975
3.95,5,277.968784
3.94,6,277.971317
5.92,8,277.974206
1.96,4,277.975907
5.92,8,277.978854
-0.01,1,277.979315
1.97,3,277.980355
3.94,6,277.982331
3.95,5,277.983968
1.97,3,277.985283
5.93,7,277.988115
1.97,3,277.989231
3.95,5,277.99094
5.93,7,277.993277
3.94,6,277.995295
1.97,3,277.996385
3.94,6,277.998364
1.97,3,277.999417
1.96,4,278.000773
1.97,3,278.001812
1.97,3,278.002863
3.95,5,278.00453
3.94,6,278.006515
3.95,5,278.008194
1.97,3,278.009239
3.95,5,278.010892
1.97,3,278.011929
1.96,4,278.212695
13.9,10,278.216051
3.95,5,278.21778
3.95,5,278.220348
1.97,3,278.221565
5.93,7,278.22399
13.9,10,278.227758
1.97,3,278.228909
3.95,5,278.230812
1.96,4,278.232243
1.96,4,278.233634
5.93,7,278.236216
13.91,9,278.239411
13.9,10,278.242794
1.97,3,278.243907
5.93,7,278.246214
1.97,3,278.247256
13.9,10,278.250501
5.93,7,278.252972
5.91,9,278.256013
3.95,5,278.460739
1.97,3,278.461881
3.95,5,278.463567
5.93,7,278.46586
3.95,5,278.467512
1.96,4,278.468848
3.95,5,278.470992
-0.02,2,278.471848
1.97,3,278.473013
1.97,3,278.474177
5.92,8,278.477227
1.97,3,278.478342
5.93,7,278.480939
1.97,3,278.482096
1.96,4,278.483505
1.97,3,278.484677
3.95,5,278.486417
1.96,4,278.487797
1.97,3,278.48884
1.96,4,278.490417
3.95,5,278.492192
5.92,8,278.494888
3.95,5,278.496592
5.91,9,278.499576
5.93,7,278.501892
3.95,5,278.503571
-0.02,2,278.504317
3.92,8,278.701601
1.96,4,278.703061
1.97,3,278.704123
1.96,4,278.705483
3.95,5,278.707125
3.95,5,278.708771
5.93,7,278.711052
1.96,4,278.71239
3.95,5,278.714052
3.94,6,278.715995
1.97,3,278.717013
1.96,4,278.718335
1.97,3,278.719356
1.97,3,278.720371
5.93,7,278.722793
1.96,4,278.72432
5.93,7,278.72722
1.97,3,278.728349
1.97,3,278.729421
13.9,10,278.73283
5.92,8,278.735745
1.97,3,278.736811
3.94,6,278.738769
3.94,6,278.740743
-0.02,2,278.741465
1.97,3,278.742492
1.97,3,278.743696
5.93,7,278.956576
3.94,6,278.958922
1.96,4,278.960295
1.97,3,278.961329
3.95,5,278.962987
3.95,5,278.965061
1.97,3,278.966411
3.94,6,278.969162
1.97,3,278.970364
1.96,4,278.971741
3.95,5,278.973411
3.95,5,278.975453
1.96,4,278.977085
1.97,3,278.978175
3.94,6,278.980153
1.97,3,278.981204
3.95,5,278.982871
3.95,5,278.984849
5.93,7,278.987459
5.92,8,278.990106
1.96,4,278.991458
3.95,5,278.993128
1.97,3,278.994207
1.96,4,278.99555
1.97,3,278.996604
1.97,3,278.997638
1.97,3,278.998672
1.97,3,278.999706
1.97,3,279.000764
3.95,5,279.194602
3.95,5,279.196406
3.94,6,279.198441
1.97,3,279.199474
1.96,4,279.200814
3.95,5,279.202488
1.97,3,279.203994
3.94,6,279.20621
5.93,7,279.208598
1.96,4,279.210251
1.97,3,279.211371
1.97,3,279.212439
13.91,9,279.215375
1.96,4,279.216981
1.97,3,279.218457
1.97,3,279.219653
1.97,3,279.220777
1.96,4,279.222167
1.97,3,279.223234
1.97,3,279.224301
3.95,5,279.225959
1.97,3,279.227522
1.97,3,279.22865
1.97,3,279.229717
1.96,4,279.231076
3.94,6,279.233058
5.93,7,279.235564
1.96,4,279.23698
5.92,8,279.239619
3.95,5,279.44851
1.97,3,279.449672
1.97,3,279.45073
1.97,3,279.451777
1.96,4,279.453125
1.97,3,279.454169
3.94,6,279.456128
1.97,3,279.457654
1.96,4,279.459208
1.97,3,279.460447
1.97,3,279.461532
5.93,7,279.463824
1.97,3,279.464864
3.95,5,279.466529
3.95,5,279.46931
1.97,3,279.470711
1.95,5,279.472471
5.92,8,279.475091
3.95,5,279.47694
5.92,8,279.480221
1.97,3,279.481319
1.96,4,279.482705
1.96,4,279.484073
5.93,7,279.486681
-0.01,1,279.487409
1.96,4,279.488938
3.95,5,279.490652
1.97,3,279.491713
1.96,4,279.493199
1.96,4,279.494564
1.96,4,279.702928
5.93,7,279.705316
3.94,6,279.707263
3.95,5,279.708889
1.97,3,279.709912
1.96,4,279.71123
1.97,3,279.71279
1.96,4,279.714316
3.93,7,279.716648
3.94,6,279.719061
1.97,3,279.720187
1.96,4,279.721746
1.96,4,279.723434
5.92,8,279.726286
3.95,5,279.728125
1.97,3,279.729199
1.97,3,279.730242
1.97,3,279.731276
3.95,5,279.732933
5.92,8,279.735606
1.96,4,279.737069
13.91,9,279.739991
1.97,3,279.741027
1.97,3,279.742046
1.97,3,279.743123
3.95,5,279.744755
5.93,7,279.747045
3.95,5,279.946055
5.92,8,279.948772
1.96,4,279.950134
3.95,5,279.951801
1.96,4,279.953157
5.92,8,279.956294
3.95,5,279.958087
3.94,6,279.960181
5.92,8,279.962841
1.96,4,279.964206
13.91,9,279.967433
1.97,3,279.969137
3.94,6,279.971359
1.97,3,279.972467
1.96,4,279.973856
1.97,3,279.974903
5.92,8,279.977994
1.97,3,279.979125
1.97,3,279.980206
1.96,4,279.981579
1.97,3,279.982638
1.97,3,279.983695
3.95,5,279.985644
1.97,3,279.986834
5.93,7,279.989206
3.95,5,279.990903
3.92,8,280.187017
1.97,3,280.188121
1.97,3,280.189148
3.95,5,280.190775
1.96,4,280.192121
3.94,6,280.194545
3.95,5,280.196391
1.96,4,280.197789
3.94,6,280.199804
3.95,5,280.20157
3.94,6,280.203598
-0.01,1,280.204019
3.95,5,280.205695
1.96,4,280.20735
3.93,7,280.209843
1.96,4,280.211227
1.96,4,280.212578
1.96,4,280.213937
1.97,3,280.21497
1.97,3,280.215995
1.97,3,280.21702
3.95,5,280.218674
1.96,4,280.219999
1.96,4,280.221334
1.97,3,280.222367
1.97,3,280.223414
1.96,4,280.224784
1.97,3,280.226065
1.97,3,280.227382
1.97,3,280.228479
1.97,3,280.229546
5.92,8,280.427448
13.9,10,280.430752
3.94,6,280.432771
1.97,3,280.433858
3.95,5,280.436115
1.97,3,280.437326
1.97,3,280.438405
1.97,3,280.439456
3.95,5,280.441132
3.95,5,280.442927
1.97,3,280.444119
5.93,7,280.446454
1.96,4,280.447812
3.94,6,280.449774
3.95,5,280.451472
13.89,11,280.454988
1.97,3,280.456059
1.97,3,280.457179
5.92,8,280.459825
1.97,3,280.460872
1.97,3,280.461924
1.97,3,280.462976
1.97,3,280.46401
1.96,4,280.46536
13.91,9,280.468252
-0.02,2,280.46897
13.9,10,280.691866
5.93,7,280.694475
1.97,3,280.695642
3.95,5,280.697569
1.97,3,280.698653
3.95,5,280.700318
3.95,5,280.702079
1.97,3,280.703152
3.95,5,280.704849
1.97,3,280.705907
1.95,5,280.707595
1.97,3,280.708651
1.96,4,280.710036
3.95,5,280.711743
1.96,4,280.713172
13.9,10,280.717361
-0.02,2,280.718453
5.92,8,280.721129
3.95,5,280.722798
1.97,3,280.724214
5.91,9,280.727418
5.93,7,280.729728
1.96,4,280.731315
3.95,5,280.733294
3.95,5,280.735503
3.95,5,280.944786
3.93,7,280.947167
3.95,5,280.948845
3.95,5,280.950501
1.97,3,280.951532
1.97,3,280.953023
3.95,5,280.954913
5.92,8,280.958271
1.97,3,280.959385
1.96,4,280.960777
1.96,4,280.962124
1.96,4,280.963466
1.97,3,280.964496
1.96,4,280.965827
1.96,4,280.967337
5.93,7,280.970184
1.96,4,280.971596
1.96,4,280.972964
-0.02,2,280.973705
1.97,3,280.974761
1.97,3,280.975827
1.97,3,280.977263
3.94,6,280.979321
3.94,6,280.981313
3.95,5,280.982951
1.97,3,280.984028
3.95,5,280.986016
1.96,4,280.987452
1.96,4,280.988791
1.97,3,281.17346
5.93,7,281.176081
3.95,5,281.178336
3.95,5,281.180195
13.91,9,281.183521
1.97,3,281.184701
5.93,7,281.187217
3.95,5,281.18894
1.97,3,281.19002
1.97,3,281.19107
5.92,8,281.193876
13.91,9,281.196859
1.97,3,281.197911
3.95,5,281.199586
3.95,5,281.201315
1.97,3,281.202439
3.95,5,281.204146
1.97,3,281.205192
5.93,7,281.207669
1.97,3,281.208729
1.97,3,281.209782
3.95,5,281.211473
1.97,3,281.212532
3.95,5,281.214191
1.96,4,281.215546
3.94,6,281.217508
1.96,4,281.416893
3.95,5,281.418971
1.97,3,281.420058
3.95,5,281.42174
1.97,3,281.422786
1.97,3,281.423828
5.92,8,281.426835
3.94,6,281.429384
1.97,3,281.430517
1.97,3,281.431605
-0.01,1,281.432036
1.96,4,281.433435
3.95,5,281.435142
1.97,3,281.436614
1.96,4,281.438117
5.93,7,281.440472
1.97,3,281.441535
3.94,6,281.443708
1.97,3,281.44483
5.93,7,281.447182
1.97,3,281.448234
1.97,3,281.44928
1.95,5,281.451084
5.92,8,281.45399
1.97,3,281.455048
13.91,9,281.457986
1.97,3,281.459024
3.95,5,281.4607
1.96,4,281.46241
1.96,4,281.665526
5.92,8,281.668357
3.94,6,281.67043
3.95,5,281.672128
1.97,3,281.673176
3.95,5,281.674869
1.96,4,281.676629
5.92,8,281.679793
1.97,3,281.680894
3.95,5,281.682556
1.97,3,281.683601
1.96,4,281.685063
3.94,6,281.687037
5.92,8,281.689619
1.97,3,281.690658
1.96,4,281.692001
3.95,5,281.693797
13.91,9,281.696793
13.91,9,281.69969
1.97,3,281.700718
3.94,6,281.702869
1.97,3,281.703945
1.97,3,281.705
3.94,6,281.706992
1.97,3,281.708039
1.97,3,281.70912
3.94,6,281.910501
1.96,4,281.91197
1.95,5,281.91365
1.96,4,281.914993
1.97,3,281.916019
1.97,3,281.917034
5.92,8,281.919692
13.91,9,281.922581
3.95,5,281.924225
1.97,3,281.925247
13.91,9,281.929101
3.95,5,281.930937
3.93,7,281.933314
1.96,4,281.935016
1.96,4,281.936506
3.94,6,281.938715
5.93,7,281.941124
3.95,5,281.942932
3.94,6,281.945058
3.95,5,281.946896
3.94,6,281.948994
5.93,7,281.951537
1.96,4,281.952952
1.96,4,281.954331
-0.02,2,282.150526
3.95,5,282.15233
3.95,5,282.154004
5.92,8,282.156617
1.97,3,282.157646
1.97,3,282.158667
3.94,6,282.161256
1.96,4,282.162705
1.97,3,282.163774
1.97,3,282.164824
3.94,6,282.16702
1.97,3,282.168215
1.97,3,282.16927
3.94,6,282.171223
5.93,7,282.173482
3.95,5,282.175114
1.96,4,282.176877
3.94,6,282.178958
1.97,3,282.180154
3.95,5,282.181816
1.97,3,282.182849
1.97,3,282.183875
5.92,8,282.186979
1.96,4,282.188392
1.96,4,282.18973
1.97,3,282.190779
5.93,7,282.193348
1.97,3,282.194496
1.97,3,282.195581
3.94,6,282.380097
1.97,3,282.381588
1.97,3,282.382784
1.97,3,282.383895
3.94,6,282.386818
5.93,7,282.389976
1.96,4,282.392764
1.97,3,282.395807
3.93,7,282.402027
3.94,6,282.404092
1.96,4,282.407103
1.95,5,282.408863
3.95,5,282.410659
1.97,3,282.411752
5.92,8,282.414403
1.97,3,282.415448
3.94,6,282.417517
1.97,3,282.418668
1.96,4,282.420048
-0.01,1,282.42047
3.94,6,282.422458
1.97,3,282.423504
1.97,3,282.424543
1.97,3,282.425587
3.94,6,282.427923
3.94,6,282.430017
1.96,4,282.431403
5.93,7,282.433709
1.96,4,282.613388
3.94,6,282.615449
1.97,3,282.616507
3.94,6,282.61849
3.94,6,282.620451
1.97,3,282.62192
1.97,3,282.623146
1.96,4,282.624543
3.95,5,282.626448
13.9,10,282.629819
1.94,6,282.631824
3.95,5,282.633493
1.97,3,282.634527
1.97,3,282.635554
3.94,6,282.637508
-0.02,2,282.638518
-0.02,2,282.639262
5.93,7,282.641531
1.96,4,282.642872
1.95,5,282.644522
3.95,5,282.64617
1.96,4,282.647504
1.94,6,282.64996
3.94,6,282.652276
1.96,4,282.653701
1.97,3,282.654763
3.95,5,282.656426
5.92,8,282.863488
1.97,3,282.864653
1.97,3,282.86573
3.95,5,282.867693
1.96,4,282.869242
3.94,6,282.871273
3.95,5,282.873034
3.94,6,282.875077
1.97,3,282.876213
3.94,6,282.878287
1.96,4,282.87966
3.94,6,282.881629
1.96,4,282.882972
1.96,4,282.884308
3.95,5,282.88594
1.97,3,282.886959
1.97,3,282.887981
3.94,6,282.890075
1.96,4,282.891496
1.97,3,282.892701
1.96,4,282.894511
13.9,10,282.897803
3.95,5,282.899912
3.95,5,282.90182
5.93,7,282.904283
1.97,3,282.905329
1.96,4,282.906795
3.95,5,283.138981
3.94,6,283.141178
1.96,4,283.142806
3.95,5,283.144935
1.97,3,283.146073
5.93,7,283.149082
1.96,4,283.150595
1.97,3,283.151824
3.94,6,283.153931
3.95,5,283.155671
5.93,7,283.15889
3.95,5,283.160763
3.94,6,283.162762
3.95,5,283.164422
1.96,4,283.165763
3.95,5,283.168056
1.97,3,283.169234
1.96,4,283.170624
1.96,4,283.171989
1.96,4,283.173325
3.94,6,283.175277
1.97,3,283.176327
13.9,10,283.179731
1.97,3,283.180777
1.97,3,283.181816
3.95,5,283.183491
3.95,5,283.422034
1.97,3,283.42342
1.97,3,283.42471
1.97,3,283.42623
1.96,4,283.427759
1.97,3,283.428843
-0.01,1,283.429277
5.93,7,283.431951
1.96,4,283.433606
1.96,4,283.435039
3.95,5,283.436725
5.92,8,283.439355
1.97,3,283.440425
1.97,3,283.441742
13.89,11,283.445706
1.96,4,283.44733
3.95,5,283.44905
5.93,7,283.451408
1.97,3,283.45245
3.95,5,283.454123
3.93,7,283.456397
1.97,3,283.457445
5.92,8,283.460727
1.97,3,283.462108
3.94,6,283.464299
1.96,4,283.465797
3.95,5,283.467778
1.97,3,283.46893
5.92,8,283.70672
1.97,3,283.707858
1.97,3,283.708911
1.97,3,283.710179
3.95,5,283.71209
3.95,5,283.713859
5.91,9,283.717377
3.94,6,283.71962
5.93,7,283.722021
1.96,4,283.723444
1.97,3,283.724879
1.96,4,283.726557
1.96,4,283.727974
5.93,7,283.730274
1.95,5,283.731943
1.96,4,283.733286
13.9,10,283.736742
3.95,5,283.738411
1.96,4,283.739744
1.97,3,283.740774
13.9,10,283.744052
1.97,3,283.74536
5.91,9,283.748542
5.9,10,283.956521
5.93,7,283.959403
1.97,3,283.960503
1.97,3,283.961537
1.97,3,283.962568
1.97,3,283.963589
1.97,3,283.965017
1.95,5,283.966806
1.97,3,283.968072
1.97,3,283.969238
3.95,5,283.970931
1.97,3,283.971972
13.9,10,283.975641
3.95,5,283.977739
3.95,5,283.979523
3.91,9,283.98245
3.95,5,283.984116
1.97,3,283.98516
1.95,5,283.986806
1.96,4,283.988132
3.93,7,283.990396
13.91,9,283.993268
1.97,3,283.994296
1.97,3,283.99531
3.94,6,283.997256
3.93,7,283.999484
1.96,4,284.208536
1.96,4,284.210097
1.96,4,284.211506
1.97,3,284.213047
1.96,4,284.214627
1.97,3,284.215733
1.97,3,284.216783
1.97,3,284.218246
5.93,7,284.220762
3.94,6,284.222796
1.97,3,284.223896
1.97,3,284.224944
1.97,3,284.225981
1.96,4,284.22734
1.97,3,284.228374
13.87,13,284.232466
1.97,3,284.233483
1.97,3,284.234501
1.97,3,284.23552
3.94,6,284.237471
1.96,4,284.238796
1.97,3,284.239811
3.94,6,284.241758
1.97,3,284.242774
1.96,4,284.244106
3.94,6,284.246058
3.95,5,284.247693
1.97,3,284.248714
1.97,3,284.249737
1.95,5,284.251372
1.96,4,284.526606
3.95,5,284.528499
3.95,5,284.530176
3.94,6,284.532146
1.97,3,284.533179
5.91,9,284.536519
1.97,3,284.537741
3.95,5,284.539496
1.97,3,284.540569
3.94,6,284.542594
3.94,6,284.544602
1.97,3,284.545666
5.93,7,284.548514
1.95,5,284.550315
3.93,7,284.552665
1.97,3,284.553719
3.95,5,284.555368
1.97,3,284.556407
3.94,6,284.558915
5.93,7,284.561504
1.97,3,284.56258
1.96,4,284.563963
3.95,5,284.565625
1.97,3,284.566669
1.95,5,284.568472
3.95,5,284.570183
3.95,5,284.571843
1.97,3,284.765892
1.97,3,284.767211
5.91,9,284.770778
1.95,5,284.77254
1.97,3,284.77358
1.96,4,284.7752
3.95,5,284.776995
3.95,5,284.778695
3.94,6,284.780712
1.97,3,284.781761
-0.01,1,284.782193
1.97,3,284.783255
1.97,3,284.784301
1.97,3,284.785336
1.96,4,284.786689
3.95,5,284.78836
1.95,5,284.790031
3.95,5,284.791698
1.97,3,284.792722
5.9,10,284.795924
3.95,5,284.797733
5.9,10,284.801416
-0.02,2,284.802227
1.97,3,284.803295
1.96,4,284.804638
3.95,5,284.806273
5.91,9,284.809591
1.97,3,285.024396
1.97,3,285.02564
3.93,7,285.028414
1.94,6,285.030488
1.97,3,285.031542
3.95,5,285.033285
5.92,8,285.036202
3.94,6,285.03825
-0.02,2,285.039003
1.97,3,285.040073
1.97,3,285.041146
3.95,5,285.042847
3.95,5,285.044536
3.93,7,285.047209
1.97,3,285.048326
3.95,5,285.050007
13.91,9,285.052937
1.97,3,285.053967
1.95,5,285.055612
-0.01,1,285.056254
13.91,9,285.059647
1.97,3,285.060741
3.95,5,285.062459
1.97,3,285.063534
1.97,3,285.064614
5.93,7,285.067179
3.95,5,285.069051
1.96,4,285.265676
1.96,4,285.26726
1.97,3,285.268346
1.96,4,285.269704
3.95,5,285.271385
5.93,7,285.273678
1.95,5,285.275346
1.97,3,285.276377
-0.01,1,285.276787
3.95,5,285.278448
3.95,5,285.280118
-0.01,1,285.280528
3.94,6,285.282497
3.95,5,285.284149
5.93,7,285.286412
3.94,6,285.288368
1.97,3,285.289404
3.93,7,285.291672
3.95,5,285.293312
-0.01,1,285.293715
1.96,4,285.295039
3.94,6,285.297338
1.97,3,285.298501
3.92,8,285.301121
1.97,3,285.302203
5.92,8,285.304804
3.95,5,285.306747
3.95,5,285.308787
13.91,9,285.495135
3.95,5,285.496897
3.94,6,285.49888
5.93,7,285.501141
3.95,5,285.502778
1.96,4,285.504125
3.94,6,285.506235
5.91,9,285.509595
3.95,5,285.511345
-0.01,1,285.511769
5.93,7,285.514041
3.95,5,285.515691
-0.01,1,285.516109
3.94,6,285.518275
1.97,3,285.51931
3.95,5,285.520963
-0.02,2,285.521668
1.97,3,285.522683
1.97,3,285.523694
1.97,3,285.524704
1.97,3,285.525874
1.97,3,285.527056
1.96,4,285.528461
3.94,6,285.530441
3.93,7,285.532709
5.93,7,285.534983
1.96,4,285.536306
1.97,3,285.733982
5.92,8,285.736703
3.94,6,285.738657
13.89,11,285.74214
1.96,4,285.74382
5.91,9,285.746795
5.93,7,285.749072
5.93,7,285.751713
1.97,3,285.753263
1.97,3,285.754657
5.92,8,285.757471
1.97,3,285.758524
1.97,3,285.759711
3.94,6,285.761728
1.96,4,285.763061
1.97,3,285.76408
3.93,7,285.766424
3.95,5,285.768178
1.96,4,285.769569
3.94,6,285.771587
3.93,7,285.773911
1.97,3,285.774962
3.94,6,285.77696
1.97,3,285.778013
5.93,7,285.995298
1.97,3,285.996442
3.94,6,285.998428
1.96,4,285.999786
1.97,3,286.000829
1.97,3,286.001866
1.96,4,286.00321
1.97,3,286.004239
1.97,3,286.005307
13.9,10,286.008943
5.9,10,286.012222
3.94,6,286.014216
1.96,4,286.015956
1.96,4,286.017451
1.95,5,286.019171
1.97,3,286.020245
3.95,5,286.021901
1.97,3,286.02294
5.93,7,286.025215
1.97,3,286.026253
1.97,3,286.027277
5.93,7,286.029584
1.97,3,286.03062
1.95,5,286.032262
3.95,5,286.03392
1.96,4,286.035263
13.91,9,286.247922
1.96,4,286.249414
1.96,4,286.250818
3.95,5,286.25251
1.95,5,286.254194
1.97,3,286.255237
5.91,9,286.258604
3.92,8,286.261341
3.95,5,286.263021
1.97,3,286.26405
5.92,8,286.267141
1.97,3,286.268455
1.97,3,286.269593
5.93,7,286.27193
5.92,8,286.274506
13.91,9,286.277535
1.96,4,286.27891
1.96,4,286.28031
1.96,4,286.281681
1.97,3,286.282731
1.97,3,286.283779
3.95,5,286.285575
3.92,8,286.288277
5.91,9,286.291177
5.92,8,286.483898
3.93,7,286.486686
3.93,7,286.489059
3.94,6,286.49149
1.97,3,286.492846
1.97,3,286.49396
1.96,4,286.495393
1.97,3,286.49656
3.94,6,286.498685
5.91,9,286.501766
3.95,5,286.503504
3.95,5,286.505211
1.96,4,286.506612
1.97,3,286.507831
1.97,3,286.508895
1.97,3,286.509977
3.94,6,286.512102
3.95,5,286.513817
3.94,6,286.515843
3.94,6,286.518373
3.95,5,286.520096
1.96,4,286.521449
1.97,3,286.522482
3.94,6,286.524434
1.97,3,286.525461
5.93,7,286.721407
1.97,3,286.722753
1.97,3,286.724031
3.94,6,286.726609
3.95,5,286.72851
5.9,10,286.73209
3.94,6,286.734214
1.97,3,286.735311
3.95,5,286.737079
1.97,3,286.738164
1.95,5,286.739874
1.95,5,286.741577
5.91,9,286.744552
3.95,5,286.746292
3.92,8,286.748943
5.93,7,286.751283
1.96,4,286.75265
1.97,3,286.753698
3.95,5,286.755367
3.94,6,286.757786
1.97,3,286.759181
5.89,11,286.762872
1.97,3,286.763934
1.97,3,286.764975
1.96,4,286.766335
5.92,8,287.015077
3.94,6,287.017145
1.97,3,287.018383
1.94,6,287.020424
1.95,5,287.022091
3.93,7,287.024364
3.93,7,287.027041
3.94,6,287.029154
3.92,8,287.031782
-0.05,5,287.033443
1.94,6,287.03542
5.9,10,287.039098
5.92,8,287.041826
1.97,3,287.043154
3.94,6,287.045524
5.92,8,287.04814
1.95,5,287.049774
1.95,5,287.051413
3.95,5,287.053052
1.95,5,287.054685
4.93,7,287.057358
1.96,4,287.262661
3.93,7,287.265034
5.9,10,287.268532
3.93,7,287.270821
1.94,6,287.272765
5.91,9,287.275622
3.95,5,287.277377
5.9,10,287.280612
1.97,3,287.281664
5.93,7,287.283996
1.97,3,287.285031
13.87,13,287.289107
3.93,7,287.291365
3.94,6,287.293294
1.92,8,287.295823
5.92,8,287.298829
1.96,4,287.300226
3.95,5,287.30187
1.96,4,287.303192
1.96,4,287.539497
1.96,4,287.540992
3.94,6,287.542976
5.93,7,287.545232
3.92,8,287.547825
1.97,3,287.549278
4.9,10,287.55294
1.93,7,287.555263
5.86,14,287.559823
3.93,7,287.562189
13.86,14,287.56667
3.95,5,287.568331
1.96,4,287.569676
1.96,4,287.571029
1.97,3,287.572061
5.9,10,287.575248
5.92,8,287.577813
1.96,4,287.579149
1.95,5,287.580815
3.92,8,287.837148
3.95,5,287.83929
1.97,3,287.840442
3.91,9,287.843426
5.9,10,287.84725
1.95,5,287.84908
3.94,6,287.851185
3.95,5,287.852897
1.97,3,287.853949
1.95,5,287.855635
1.95,5,287.857317
5.93,7,287.859629
1.97,3,287.860675
5.89,11,287.86427
1.95,5,287.86594
1.96,4,287.8673
1.96,4,287.868657
3.94,6,287.870644
1.95,5,287.872308
5.92,8,287.874919
3.94,6,287.876915
3.93,7,287.879207
5.91,9,288.096227
5.92,8,288.098865
1.97,3,288.099892
5.92,8,288.103139
1.96,4,288.104597
3.89,11,288.108132
-0.03,3,288.109162
3.95,5,288.110894
5.92,8,288.114202
3.94,6,288.116627
-0.04,4,288.118043
1.97,3,288.119122
1.95,5,288.120806
3.94,6,288.123021
3.91,9,288.126366
5.89,11,288.130538
1.97,3,288.13166
1.96,4,288.133545
-0.03,3,288.13491
3.92,8,288.137619
1.96,4,288.138987
-0.03,3,288.140028
5.9,10,288.374354
3.94,6,288.376625
3.95,5,288.379034
1.96,4,288.381073
5.92,8,288.383781
1.96,4,288.385295
3.95,5,288.38704
1.96,4,288.390824
1.96,4,288.395265
1.97,3,288.400344
3.94,6,288.402359
3.95,5,288.405822
1.97,3,288.406953
1.96,4,288.40837
5.92,8,288.411037
3.94,6,288.413055
3.94,6,288.415073
1.96,4,288.416451
1.96,4,288.417821
1.95,5,288.419594
1.97,3,288.421291
5.92,8,288.424009
3.89,11,288.427674
5.93,7,288.645444
1.94,6,288.647501
3.94,6,288.649456
1.96,4,288.650791
3.94,6,288.652721
1.95,5,288.654881
1.97,3,288.656032
1.95,5,288.657761
3.92,8,288.66043
1.92,8,288.66308
1.97,3,288.664157
5.86,14,288.668683
3.92,8,288.671294
-0.05,5,288.673432
1.96,4,288.674913
1.92,8,288.677634
5.91,9,288.680537
3.94,6,288.682855
3.94,6,288.68503
3.93,7,288.687369
-0.04,4,288.942379
3.91,9,288.94551
3.91,9,288.948424
5.9,10,288.951626
1.96,4,288.952957
1.97,3,288.953976
3.94,6,288.95591
1.97,3,288.956952
1.95,5,288.95859
1.97,3,288.959604
1.96,4,288.960923
1.97,3,288.961936
1.95,5,288.963558
3.93,7,288.965863
1.94,6,288.968186
3.94,6,288.970381
3.92,8,288.972969
1.96,4,288.974332
1.95,5,288.975981
1.96,4,288.977319
1.96,4,288.979083
3.95,5,288.98091
1.93,7,288.983264
3.94,6,288.98532
1.93,7,289.190604
1.97,3,289.191813
1.95,5,289.193759
3.88,12,289.19848
1.92,8,289.201591
1.95,5,289.203323
1.93,7,289.205595
1.94,6,289.207693
3.93,7,289.211155
5.91,9,289.214254
1.95,5,289.215945
1.95,5,289.217601
5.9,10,289.221201
1.93,7,289.223529
3.93,7,289.225797
3.93,7,289.228058
3.91,9,289.23093
1.97,3,289.231947
1.95,5,289.233573
13.91,9,289.463143
-0.05,5,289.46502
3.95,5,289.467134
3.91,9,289.470509
-0.05,5,289.47237
5.89,11,289.476236
1.94,6,289.478253
3.94,6,289.480521
1.96,4,289.482001
1.92,8,289.484836
3.93,7,289.487109
5.88,12,289.491302
1.96,4,289.492873
5.9,10,289.496079
5.88,12,289.500328
1.94,6,289.503132
5.91,9,289.506189
3.94,6,289.746191
1.96,4,289.747649
1.96,4,289.749001
3.94,6,289.751131
3.92,8,289.754775
3.93,7,289.757553
3.93,7,289.760178
1.96,4,289.761638
1.94,6,289.763608
3.91,9,289.766487
1.91,9,289.769408
3.94,6,289.771355
1.91,9,289.774205
3.93,7,289.776633
3.94,6,289.778966
5.91,9,289.782037
1.95,5,289.783917
1.95,5,289.785628
1.95,5,289.787294
1.92,8,289.790181
1.94,6,289.980094
1.94,6,289.982123
13.89,11,289.985623
5.91,9,289.989106
1.95,5,289.990958
1.94,6,289.993175
3.94,6,289.995279
1.94,6,289.99729
3.94,6,289.999271
3.93,7,290.001539
1.95,5,290.003189
3.92,8,290.00584
1.96,4,290.007279
3.94,6,290.009439
5.91,9,290.012745
5.91,9,290.015787
1.97,3,290.017038
3.93,7,290.019657
3.93,7,290.021998
1.95,5,290.235469
3.93,7,290.237948
1.96,4,290.239325
1.96,4,290.240695
1.96,4,290.24205
3.93,7,290.244752
13.89,11,290.249382
3.94,6,290.251728
1.96,4,290.253159
3.95,5,290.255286
3.94,6,290.257795
3.94,6,290.259936
3.94,6,290.261919
5.92,8,290.264908
5.92,8,290.267527
1.97,3,290.26866
3.92,8,290.271256
3.92,8,290.274321
5.9,10,290.277939
1.94,6,290.279976
3.93,7,290.493514
1.97,3,290.494676
1.96,4,290.496097
1.97,3,290.497169
3.93,7,290.499486
13.89,11,290.503081
-0.03,3,290.504126
1.97,3,290.505193
3.93,7,290.50804
1.95,5,290.509808
3.95,5,290.511477
3.93,7,290.513782
5.91,9,290.517004
3.95,5,290.518884
1.95,5,290.520583
5.89,11,290.524155
3.93,7,290.526471
5.9,10,290.529729
1.96,4,290.531086
3.93,7,290.533382
5.9,10,290.747906
1.96,4,290.749453
1.96,4,290.750813
5.91,9,290.753692
1.97,3,290.754717
1.96,4,290.756073
1.95,5,290.758211
1.96,4,290.759921
3.93,7,290.762276
3.93,7,290.764549
1.94,6,290.766479
1.96,4,290.768342
3.94,6,290.770486
5.91,9,290.773446
1.94,6,290.775437
3.95,5,290.777113
3.92,8,290.779705
1.96,4,290.781057
3.94,6,290.783032
1.93,7,290.785291
3.93,7,290.787569
3.93,7,290.789849
13.9,10,290.980366
5.92,8,290.983137
3.94,6,290.98515
3.94,6,290.987163
-0.01,1,290.987589
1.96,4,290.988963
13.9,10,290.992218
5.91,9,290.995139
5.91,9,290.998076
3.95,5,290.999771
3.94,6,291.001756
1.97,3,291.002798
1.96,4,291.004172
3.94,6,291.00663
1.97,3,291.007821
1.96,4,291.009218
3.94,6,291.011253
1.96,4,291.012607
1.96,4,291.014237
1.94,6,291.01651
1.97,3,291.017631
1.93,7,291.020005
5.91,9,291.022957
5.93,7,291.232373
1.95,5,291.234467
3.94,6,291.236782
1.97,3,291.237873
3.94,6,291.240321
1.96,4,291.241901
1.95,5,291.24398
3.95,5,291.245838
5.92,8,291.248588
1.96,4,291.250241
1.95,5,291.253012
1.95,5,291.254765
1.97,3,291.255819
1.97,3,291.256939
1.96,4,291.258327
1.96,4,291.260167
3.93,7,291.262631
1.96,4,291.264013
1.96,4,291.26536
1.96,4,291.266725
3.94,6,291.268719
1.96,4,291.270591
5.91,9,291.273994
1.95,5,291.275872
5.91,9,291.482945
1.96,4,291.486758
3.93,7,291.489937
1.95,5,291.492537
1.96,4,291.495022
1.96,4,291.496431
1.96,4,291.497794
2.93,7,291.500067
1.97,3,291.501278
3.95,5,291.503241
3.94,6,291.507745
5.9,10,291.512674
3.94,6,291.515059
3.95,5,291.517486
1.95,5,291.519297
1.95,5,291.521269
1.97,3,291.522608
3.95,5,291.52559
3.93,7,291.528207
3.94,6,291.530337
3.94,6,291.533423
5.92,8,291.538762
5.91,9,291.546843
1.96,4,291.776316
3.95,5,291.778271
1.96,4,291.779651
3.94,6,291.781655
3.95,5,291.783351
3.94,6,291.785781
1.95,5,291.787875
1.95,5,291.789761
1.96,4,291.791154
3.94,6,291.793496
3.95,5,291.795762
1.95,5,291.79755
1.96,4,291.798934
1.95,5,291.800624
5.92,8,291.803486
3.94,6,291.805766
1.95,5,291.807611
3.94,6,291.809604
3.94,6,291.811548
5.92,8,291.814101
3.94,6,291.816385
3.93,7,291.819085
13.9,10,291.822334
1.96,4,292.022984
1.97,3,292.024121
3.94,6,292.02615
1.95,5,292.028053
3.94,6,292.030148
1.97,3,292.031219
5.92,8,292.034145
1.95,5,292.035943
1.95,5,292.037628
-0.04,4,292.038995
5.92,8,292.041618
5.91,9,292.045504
5.92,8,292.048249
3.94,6,292.050251
3.94,6,292.052227
1.97,3,292.053665
1.97,3,292.054831
3.94,6,292.056855
5.9,10,292.060127
13.91,9,292.063178
1.96,4,292.064536
3.94,6,292.066639
3.95,5,292.271864
1.96,4,292.273356
3.94,6,292.275381
3.94,6,292.277382
3.94,6,292.279359
3.94,6,292.281348
3.93,7,292.28364
3.95,5,292.28531
13.9,10,292.288546
3.95,5,292.290205
1.96,4,292.291561
3.92,8,292.294153
1.95,5,292.295811
3.94,6,292.29814
1.96,4,292.299748
1.95,5,292.301916
1.96,4,292.303392
1.96,4,292.304768
1.96,4,292.306125
1.96,4,292.307461
1.96,4,292.309083
1.96,4,292.310678
1.96,4,292.312129
5.9,10,292.51893
13.91,9,292.522068
1.96,4,292.52344
1.96,4,292.524784
1.96,4,292.52612
3.92,8,292.528682
5.93,7,292.530938
1.96,4,292.532275
1.95,5,292.533901
1.95,5,292.535524
1.95,5,292.537154
3.93,7,292.539389
1.95,5,292.54101
1.97,3,292.542023
5.93,7,292.544263
13.9,10,292.547418
13.9,10,292.551191
3.94,6,292.553295
3.94,6,292.555276
5.91,9,292.558407
13.89,11,292.759841
1.95,5,292.761766
3.94,6,292.763785
1.96,4,292.765145
3.94,6,292.767095
5.92,8,292.770131
1.95,5,292.772134
1.95,5,292.773873
3.94,6,292.775869
5.92,8,292.778761
5.91,9,292.781753
1.95,5,292.78344
5.92,8,292.786057
3.94,6,292.788052
1.96,4,292.789403
1.97,3,292.790445
3.94,6,292.792419
1.97,3,292.793454
1.96,4,292.794797
3.94,6,292.796799
5.93,7,292.799124
3.93,7,292.801551
1.96,4,292.80305
3.94,6,292.991045
3.95,5,292.992788
1.96,4,292.99413
1.96,4,292.995463
1.96,4,292.996787
5.93,7,292.999499
3.94,6,293.002467
1.97,3,293.00359
5.92,8,293.006211
13.91,9,293.009674
1.97,3,293.01076
3.94,6,293.012737
1.97,3,293.013775
1.96,4,293.015123
3.93,7,293.017394
-0.03,3,293.018421
5.92,8,293.021423
3.94,6,293.023413
3.93,7,293.025689
3.95,5,293.027338
1.96,4,293.028765
1.95,5,293.030812
5.92,8,293.033792
1.96,4,293.035196
1.97,3,293.230981
-0.01,1,293.231519
3.94,6,293.233603
1.95,5,293.235537
1.97,3,293.236711
-0.01,1,293.237151
5.93,7,293.239491
1.95,5,293.241156
1.96,4,293.242533
5.91,9,293.24549
1.96,4,293.246869
1.96,4,293.24821
1.96,4,293.249554
1.97,3,293.250583
3.95,5,293.252225
1.97,3,293.253259
3.94,6,293.255221
3.94,6,293.257613
1.97,3,293.258719
-0.01,1,293.259148
1.97,3,293.260213
3.94,6,293.262177
1.97,3,293.263207
1.95,5,293.264861
1.97,3,293.265886
1.96,4,293.267733
5.91,9,293.27064
1.95,5,293.272284
1.97,3,293.273313
3.94,6,293.471054
13.9,10,293.474417
5.9,10,293.477915
1.97,3,293.479327
13.89,11,293.483524
1.96,4,293.48499
3.93,7,293.487306
3.91,9,293.490257
5.92,8,293.492873
5.93,7,293.495158
1.95,5,293.496841
1.95,5,293.498495
5.92,8,293.501078
1.96,4,293.502417
3.93,7,293.504677
3.95,5,293.506392
13.9,10,293.510048
1.95,5,293.511819
1.95,5,293.513472
1.96,4,293.725637
1.97,3,293.727272
1.95,5,293.729048
1.97,3,293.730104
5.91,9,293.733015
1.95,5,293.73507
3.93,7,293.737509
1.95,5,293.739179
1.95,5,293.740833
1.96,4,293.742165
5.93,7,293.744731
1.97,3,293.745825
3.95,5,293.747684
1.97,3,293.748765
1.95,5,293.750426
3.94,6,293.752464
5.92,8,293.755106
3.94,6,293.757658
1.96,4,293.759181
1.95,5,293.760974
5.91,9,293.763872
3.93,7,293.766155
1.96,4,293.767631
1.96,4,293.769033
3.95,5,293.770724
13.89,11,293.966852
5.92,8,293.970075
3.94,6,293.97215
5.92,8,293.97505
5.91,9,293.978249
1.95,5,293.97995
1.96,4,293.98131
5.92,8,293.983892
1.97,3,293.985174
3.95,5,293.987015
3.94,6,293.988998
3.95,5,293.990644
3.93,7,293.992895
5.92,8,293.996009
3.95,5,293.997921
1.97,3,293.998984
3.93,7,294.001272
5.91,9,294.00423
1.95,5,294.006675
3.94,6,294.008816
1.97,3,294.214565
5.92,8,294.217841
1.97,3,294.21895
1.97,3,294.219983
3.93,7,294.222245
5.92,8,294.225487
1.97,3,294.226887
3.94,6,294.228936
3.94,6,294.230926
3.94,6,294.233114
1.96,4,294.234718
1.96,4,294.236334
1.97,3,294.237421
3.94,6,294.239406
13.89,11,294.243229
1.95,5,294.245097
1.96,4,294.246488
3.95,5,294.248162
5.93,7,294.250431
1.97,3,294.251808
1.97,3,294.253147
1.96,4,294.254648
1.97,3,294.255703
3.95,5,294.25751
13.89,11,294.480096
1.95,5,294.481871
1.96,4,294.483226
3.93,7,294.485498
3.94,6,294.487457
13.9,10,294.491266
5.93,7,294.493909
1.96,4,294.495369
1.95,5,294.497221
3.94,6,294.499279
1.95,5,294.500996
1.95,5,294.503129
1.97,3,294.504273
1.97,3,294.505354
1.96,4,294.506745
3.93,7,294.509053
3.94,6,294.511162
3.94,6,294.513566
1.95,5,294.515283
1.97,3,294.516465
5.91,9,294.519632
5.91,9,294.522749
3.93,7,294.730191
13.9,10,294.733667
5.93,7,294.736574
1.97,3,294.737686
1.95,5,294.739839
1.96,4,294.741394
1.96,4,294.742954
3.95,5,294.7449
3.95,5,294.74662
1.96,4,294.748004
3.93,7,294.750921
3.95,5,294.753712
1.96,4,294.755235
3.94,6,294.757317
1.96,4,294.758721
1.96,4,294.760723
1.97,3,294.761833
3.94,6,294.763821
3.93,7,294.766092
1.95,5,294.767741
1.96,4,294.76911
1.96,4,294.771149
3.95,5,294.772976
3.94,6,294.775023
5.92,8,294.777967
5.92,8,294.985508
1.97,3,294.987068
1.96,4,294.98856
1.96,4,294.989931
3.95,5,294.991595
1.97,3,294.992892
1.97,3,294.994173
3.94,6,294.996296
3.93,7,294.998618
13.9,10,295.002337
1.96,4,295.004118
1.96,4,295.005534
1.96,4,295.007142
1.95,5,295.009094
1.97,3,295.010213
1.95,5,295.011877
1.95,5,295.013763
3.93,7,295.016257
1.95,5,295.017961
3.94,6,295.019936
5.91,9,295.023044
1.95,5,295.024837
1.95,5,295.026736
3.93,7,295.029359
13.9,10,295.239098
1.93,7,295.24152
5.91,9,295.244938
1.95,5,295.246885
1.95,5,295.248568
1.97,3,295.249602
1.95,5,295.251254
3.93,7,295.253582
3.95,5,295.255287
5.91,9,295.258718
1.96,4,295.260417
5.91,9,295.263388
1.96,4,295.264733
1.96,4,295.26628
3.93,7,295.268936
1.95,5,295.270654
1.96,4,295.271991
5.91,9,295.274902
5.91,9,295.277813
3.94,6,295.280035
1.96,4,295.281464
1.96,4,295.52354
3.93,7,295.525988
3.94,6,295.528001
3.94,6,295.529977
1.96,4,295.531333
1.95,5,295.533553
3.94,6,295.536119
13.89,11,295.53978
1.96,4,295.541278
1.95,5,295.544893
5.92,8,295.548125
3.95,5,295.550043
3.94,6,295.553019
3.94,6,295.555359
1.95,5,295.55709
3.93,7,295.559495
13.9,10,295.563154
1.96,4,295.564614
5.91,9,295.567769
1.95,5,295.569565
1.97,3,295.570645
1.96,4,295.794036
1.97,3,295.795314
1.96,4,295.796745
3.93,7,295.799048
3.93,7,295.80133
1.96,4,295.802808
1.96,4,295.804611
1.96,4,295.806042
3.94,6,295.808054
1.96,4,295.809695
3.94,6,295.811781
1.96,4,295.813179
5.92,8,295.81577
5.92,8,295.818813
3.94,6,295.820851
3.95,5,295.822524
3.94,6,295.824498
1.95,5,295.826155
3.94,6,295.828581
5.92,8,295.831315
3.94,6,295.833314
1.96,4,295.834907
1.96,4,295.836789
5.93,7,295.839276
3.94,6,296.018963
5.92,8,296.02166
3.94,6,296.023616
1.97,3,296.024632
3.95,5,296.026252
1.96,4,296.028088
3.95,5,296.029864
5.91,9,296.0329
3.94,6,296.035179
1.96,4,296.036589
1.96,4,296.037972
13.9,10,296.041271
1.96,4,296.042811
3.94,6,296.045021
3.94,6,296.047017
5.93,7,296.049295
1.95,5,296.050942
1.96,4,296.052284
3.94,6,296.054758
1.96,4,296.056349
13.89,11,296.060294
3.94,6,296.06236
3.94,6,296.280914
1.96,4,296.282367
3.94,6,296.284369
3.94,6,296.286354
3.95,5,296.288023
1.96,4,296.289368
5.91,9,296.292273
1.96,4,296.29362
5.91,9,296.296936
3.95,5,296.298814
1.96,4,296.300218
3.94,6,296.302198
1.96,4,296.303535
5.92,8,296.306098
13.9,10,296.309292
1.96,4,296.310623
1.95,5,296.312256
1.95,5,296.313892
3.94,6,296.31583
1.95,5,296.317871
3.93,7,296.320256
1.95,5,296.321941
1.96,4,296.52581
3.94,6,296.527885
1.96,4,296.529224
5.91,9,296.532078
3.95,5,296.533711
13.89,11,296.53778
1.96,4,296.539222
3.95,5,296.540913
3.94,6,296.542901
3.95,5,296.544574
5.91,9,296.54778
5.92,8,296.550456
1.95,5,296.552127
1.95,5,296.553779
1.95,5,296.555427
3.93,7,296.558201
1.96,4,296.559807
1.96,4,296.561304
1.96,4,296.562691
1.95,5,296.56437
1.96,4,296.565716
5.93,7,296.568007
1.96,4,296.780458
3.93,7,296.783009
5.92,8,296.785672
3.93,7,296.787974
1.96,4,296.789329
5.93,7,296.791609
5.92,8,296.794205
3.93,7,296.796477
1.96,4,296.798458
5.92,8,296.801175
1.96,4,296.802561
5.92,8,296.805158
1.95,5,296.806823
1.96,4,296.808183
3.93,7,296.810491
5.92,8,296.813135
5.93,7,296.81544
3.93,7,296.817987
3.94,6,296.820044
1.96,4,296.821434
1.96,4,296.822806
5.91,9,297.003531
1.96,4,297.00505
5.92,8,297.007946
1.95,5,297.01008
1.96,4,297.011591
3.93,7,297.013951
-0.02,2,297.014676
1.96,4,297.016022
-0.03,3,297.017051
1.96,4,297.018411
3.94,6,297.020687
13.9,10,297.024051
3.94,6,297.026168
1.96,4,297.027737
3.93,7,297.030143
3.95,5,297.031843
1.97,3,297.032968
13.89,11,297.036661
3.95,5,297.038377
1.97,3,297.03942
1.97,3,297.040454
13.89,11,297.044466
3.93,7,297.046796
5.92,8,297.268306
3.94,6,297.270506
1.95,5,297.272238
1.97,3,297.273301
1.96,4,297.274671
-0.03,3,297.275714
1.96,4,297.277063
1.95,5,297.278741
1.97,3,297.279806
3.94,6,297.28179
1.96,4,297.283149
13.9,10,297.286379
5.92,8,297.288983
5.92,8,297.291578
1.96,4,297.292925
1.96,4,297.294274
3.94,6,297.296521
1.95,5,297.298456
3.95,5,297.300151
5.92,8,297.302759
5.91,9,297.305667
1.95,5,297.30774
3.93,7,297.513434
1.95,5,297.515214
1.96,4,297.516563
3.95,5,297.518216
3.95,5,297.519852
1.95,5,297.521472
1.95,5,297.523587
3.95,5,297.52541
3.94,6,297.527421
1.95,5,297.529126
3.94,6,297.53116
3.94,6,297.53318
1.95,5,297.534842
3.93,7,297.537121
3.94,6,297.539089
3.93,7,297.541378
3.93,7,297.543666
1.96,4,297.544998
1.97,3,297.546024
3.93,7,297.548589
5.91,9,297.551548
3.93,7,297.553825
1.97,3,297.554862
5.92,8,297.750091
1.97,3,297.751743
1.96,4,297.753432
1.95,5,297.755184
5.91,9,297.758615
3.94,6,297.76104
1.96,4,297.762458
3.95,5,297.764133
3.94,6,297.766099
3.94,6,297.768409
1.97,3,297.769792
5.92,8,297.772686
5.91,9,297.775871
3.95,5,297.777744
1.96,4,297.779639
13.9,10,297.783001
3.94,6,297.785056
3.95,5,297.786719
1.97,3,297.787752
3.94,6,297.789709
1.95,5,297.791355
13.9,10,297.7951
5.93,7,298.004085
1.96,4,298.005564
1.97,3,298.006692
1.95,5,298.008415
1.95,5,298.010814
1.95,5,298.012612
3.94,6,298.014593
1.97,3,298.015628
3.94,6,298.017679
3.95,5,298.019538
3.94,6,298.021563
3.94,6,298.023554
1.97,3,298.024609
1.97,3,298.025657
3.93,7,298.028162
5.92,8,298.030836
3.93,7,298.033148
3.93,7,298.035428
1.95,5,298.03737
3.94,6,298.039425
5.92,8,298.042032
3.94,6,298.044274
3.93,7,298.046599
13.9,10,298.225665
5.92,8,298.228889
3.94,6,298.230951
1.95,5,298.232953
1.95,5,298.234837
3.94,6,298.236927
1.96,4,298.238324
1.95,5,298.240054
3.94,6,298.242071
3.94,6,298.244308
1.95,5,298.246008
3.94,6,298.248131
1.96,4,298.249506
1.97,3,298.25055
5.91,9,298.254304
3.94,6,298.256616
5.92,8,298.259294
1.95,5,298.261103
1.95,5,298.262764
1.95,5,298.264398
3.95,5,298.266036
5.92,8,298.26881
13.89,11,298.457689
1.96,4,298.459141
1.97,3,298.4602
1.97,3,298.461249
5.91,9,298.464672
13.91,9,298.467795
3.94,6,298.469844
3.95,5,298.47156
5.91,9,298.475011
3.95,5,298.47691
1.95,5,298.478628
3.93,7,298.48092
5.93,7,298.483183
5.92,8,298.486108
1.95,5,298.487919
5.91,9,298.490875
3.93,7,298.493235
3.95,5,298.494909
3.94,6,298.496894
3.95,5,298.498553
1.95,5,298.717428
1.96,4,298.718897
1.96,4,298.720264
5.93,7,298.722534
1.95,5,298.724225
-0.02,2,298.724997
5.92,8,298.727559
1.96,4,298.728922
1.96,4,298.73033
3.94,6,298.73234
1.96,4,298.733684
1.96,4,298.735469
1.95,5,298.737754
1.96,4,298.739296
1.97,3,298.740459
3.94,6,298.742553
1.97,3,298.743832
13.89,11,298.747596
1.96,4,298.749233
1.97,3,298.750431
5.92,8,298.75369
1.96,4,298.755572
3.94,6,298.772158
1.96,4,298.776626
1.96,4,298.778259
5.92,8,299.008842
1.97,3,299.010477
5.93,7,299.01297
1.97,3,299.014037
3.95,5,299.015699
1.97,3,299.016733
1.96,4,299.018594
3.95,5,299.020419
5.92,8,299.02307
3.94,6,299.025059
1.97,3,299.026212
3.94,6,299.028565
1.96,4,299.030086
3.95,5,299.031816
1.97,3,299.03312
-0.02,2,299.033904
1.97,3,299.034948
1.95,5,299.036603
1.97,3,299.037862
1.96,4,299.039303
1.96,4,299.040702
1.97,3,299.041767
5.93,7,299.044388
-0.02,2,299.045205
5.92,8,299.048173
5.92,8,299.050853
13.89,11,299.054537
1.96,4,299.275177
1.95,5,299.277419
3.94,6,299.279518
5.93,7,299.281823
1.96,4,299.283173
1.95,5,299.285121
1.96,4,299.286596
5.92,8,299.289261
3.94,6,299.291251
5.92,8,299.293853
1.96,4,299.29522
3.94,6,299.297226
5.91,9,299.300613
1.96,4,299.302157
3.94,6,299.304117
3.94,6,299.306067
1.96,4,299.307412
3.93,7,299.310055
5.92,8,299.312876
1.96,4,299.314445
3.94,6,299.316592
1.97,3,299.317675
3.93,7,299.526028
1.96,4,299.527768
1.95,5,299.529575
1.97,3,299.53073
1.97,3,299.531813
3.94,6,299.533786
1.96,4,299.535924
3.95,5,299.538219
1.96,4,299.541946
13.9,10,299.547281
5.92,8,299.550459
5.92,8,299.553492
1.96,4,299.554891
3.94,6,299.557007
3.94,6,299.559014
1.96,4,299.560361
1.97,3,299.561942
1.95,5,299.563855
1.97,3,299.564946
1.97,3,299.566021
1.96,4,299.567407
3.95,5,299.56954
1.97,3,299.570688
1.96,4,299.572509
5.93,7,299.57495
1.97,3,299.576047
1.96,4,299.577572
5.92,8,299.814053
1.96,4,299.815478
1.96,4,299.816814
1.97,3,299.817843
3.95,5,299.819533
1.97,3,299.820591
5.92,8,299.827466
3.93,7,299.831647
5.92,8,299.835041
3.95,5,299.837294
1.95,5,299.839078
13.89,11,299.8428
3.94,6,299.844882
1.96,4,299.846926
13.91,9,299.84985
3.94,6,299.851806
1.96,4,299.85314
3.94,6,299.855285
3.94,6,299.857607
1.95,5,299.859453
3.94,6,299.86144
3.94,6,299.863388
1.95,5,300.102066
1.95,5,300.103858
3.95,5,300.105532
1.96,4,300.106884
1.95,5,300.108525
1.96,4,300.11029
1.95,5,300.112313
3.94,6,300.114636
1.97,3,300.115687
3.95,5,300.117325
1.96,4,300.118666
3.94,6,300.121124
3.94,6,300.123302
1.96,4,300.124778
13.9,10,300.129039
13.9,10,300.132488
13.89,11,300.136425
1.96,4,300.137808
1.96,4,300.139154
1.96,4,300.140485
5.92,8,300.143052
3.94,6,300.145497
3.94,6,300.385464
3.94,6,300.388198
5.93,7,300.390727
1.96,4,300.392208
1.95,5,300.394166
3.94,6,300.396546
3.95,5,300.398408
1.96,4,300.399856
3.94,6,300.402035
3.94,6,300.404092
3.94,6,300.406697
3.94,6,300.408662
3.93,7,300.410933
1.95,5,300.412577
13.89,11,300.41666
5.93,7,300.419923
1.97,3,300.421055
3.95,5,300.422758
13.9,10,300.426254
13.89,11,300.43064
1.96,4,300.432192
3.93,7,300.65802
1.97,3,300.659179
1.95,5,300.660874
3.94,6,300.662891
5.91,9,300.666036
1.97,3,300.667298
1.96,4,300.669348
5.92,8,300.672357
3.95,5,300.674111
5.93,7,300.676776
3.93,7,300.679203
1.96,4,300.680579
1.96,4,300.682025
3.94,6,300.684037
5.93,7,300.686575
13.89,11,300.690162
3.95,5,300.691825
1.96,4,300.693229
5.91,9,300.696159
1.95,5,300.697824
3.94,6,300.699793
1.95,5,300.701625
1.96,4,300.921824
1.96,4,300.923398
3.94,6,300.925478
1.95,5,300.927189
1.95,5,300.928868
1.96,4,300.930674
5.92,8,300.933507
3.95,5,300.935219
5.92,8,300.93813
13.89,11,300.941713
1.97,3,300.942755
1.96,4,300.944095
1.96,4,300.945431
1.96,4,300.946787
3.93,7,300.94905
5.93,7,300.951312
1.96,4,300.952635
3.94,6,300.954573
1.96,4,300.955888
1.95,5,300.957512
3.94,6,300.959446
13.91,9,300.962301
5.91,9,301.183474
1.96,4,301.185166
-0.03,3,301.186294
1.96,4,301.187677
1.96,4,301.189058
3.93,7,301.191348
1.96,4,301.192706
1.95,5,301.194345
1.96,4,301.195678
3.93,7,301.197949
13.91,9,301.200857
1.97,3,301.201892
1.97,3,301.202916
3.93,7,301.205166
3.94,6,301.207126
1.96,4,301.208456
1.95,5,301.21008
5.92,8,301.212637
1.95,5,301.214282
1.96,4,301.215652
1.97,3,301.2171
1.97,3,301.218261
1.95,5,301.219955
5.92,8,301.222568
3.94,6,301.224573
1.97,3,301.225622
1.96,4,301.413662
3.94,6,301.415757
5.92,8,301.418348
3.95,5,301.420007
1.96,4,301.421338
1.96,4,301.423238
3.93,7,301.425623
3.93,7,301.428051
3.95,5,301.429716
1.96,4,301.431058
1.97,3,301.432546
1.96,4,301.434281
1.96,4,301.435761
3.94,6,301.437794
3.94,6,301.439802
3.95,5,301.441482
1.96,4,301.442838
1.96,4,301.444172
3.93,7,301.446437
3.94,6,301.448393
1.94,6,301.450349
1.96,4,301.451684
1.96,4,301.453022
3.94,6,301.454973
5.91,9,301.634286
3.94,6,301.636566
1.97,3,301.637629
1.97,3,301.638665
5.92,8,301.641238
1.95,5,301.643618
3.93,7,301.646004
1.96,4,301.647361
3.93,7,301.649657
-0.03,3,301.650696
3.94,6,301.652986
3.95,5,301.654845
3.93,7,301.657218
1.96,4,301.658681
5.92,8,301.661536
1.96,4,301.663032
3.93,7,301.665441
1.97,3,301.666498
3.93,7,301.668854
3.93,7,301.67128
1.95,5,301.673123
5.91,9,301.676547
1.97,3,301.677693
1.97,3,301.67875
1.96,4,301.875886
1.97,3,301.877022
3.93,7,301.879318
3.93,7,301.881999
3.94,6,301.88438
1.96,4,301.88587
1.96,4,301.887241
5.9,10,301.890458
1.95,5,301.892107
3.94,6,301.894279
3.94,6,301.896662
1.96,4,301.898169
3.93,7,301.900509
1.95,5,301.902182
1.96,4,301.903538
1.95,5,301.905201
1.95,5,301.90685
3.93,7,301.909127
3.94,6,301.911086
1.95,5,301.912723
3.94,6,301.91469
1.95,5,301.916348
1.97,3,301.917379
1.96,4,301.918722
3.95,5,302.129648
3.95,5,302.131452
1.95,5,302.133142
3.93,7,302.135478
5.92,8,302.138702
1.96,4,302.140378
3.93,7,302.142703
5.92,8,302.145349
3.93,7,302.147681
5.92,8,302.150989
1.95,5,302.152692
1.95,5,302.154331
1.95,5,302.155961
3.94,6,302.157908
1.96,4,302.159613
5.92,8,302.1622
13.9,10,302.165374
1.97,3,302.166392
1.97,3,302.167414
5.92,8,302.171686
13.9,10,302.377636
5.91,9,302.380847
3.95,5,302.382543
3.94,6,302.384508
1.95,5,302.386689
3.94,6,302.388894
3.93,7,302.391217
1.97,3,302.392517
5.91,9,302.39556
1.95,5,302.397576
5.91,9,302.400671
1.95,5,302.402617
3.95,5,302.404355
3.95,5,302.406163
3.94,6,302.408269
3.95,5,302.41003
-0.03,3,302.411094
1.97,3,302.412131
1.97,3,302.413161
3.94,6,302.415122
1.95,5,302.416791
5.91,9,302.420357
1.96,4,302.421821
1.95,5,302.614467
3.93,7,302.617008
3.94,6,302.619091
1.94,6,302.621141
1.95,5,302.622837
1.96,4,302.624188
1.95,5,302.625865
5.93,7,302.629285
1.96,4,302.630727
3.94,6,302.632708
3.94,6,302.63499
1.96,4,302.636643
3.94,6,302.638783
3.93,7,302.641166
3.94,6,302.643205
3.94,6,302.645244
1.96,4,302.646634
5.91,9,302.649576
5.92,8,302.652236
3.93,7,302.654537
5.91,9,302.657464
5.92,8,302.846489
1.96,4,302.847963
5.9,10,302.851294
3.94,6,302.853407
1.97,3,302.854454
3.94,6,302.856488
3.92,8,302.859071
5.93,7,302.861834
1.95,5,302.863601
1.96,4,302.864968
3.94,6,302.867254
5.92,8,302.870066
1.95,5,302.871746
1.96,4,302.873076
5.92,8,302.875646
1.95,5,302.878073
1.95,5,302.879797
3.95,5,302.881447
3.94,6,302.883424
1.95,5,302.885419
5.92,8,302.888396
1.95,5,302.890203
3.95,5,303.092456
5.92,8,303.095596
3.94,6,303.097625
1.95,5,303.099311
3.93,7,303.10209
1.97,3,303.103241
3.94,6,303.105227
13.89,11,303.108784
5.92,8,303.111372
5.92,8,303.113972
5.92,8,303.116897
1.94,6,303.118998
3.94,6,303.120962
1.95,5,303.122616
3.94,6,303.124589
1.97,3,303.125636
1.95,5,303.127601
1.96,4,303.129072
3.94,6,303.131589
1.96,4,303.1331
3.94,6,303.135166
3.94,6,303.352756
3.91,9,303.355788
1.94,6,303.357761
5.93,7,303.360037
13.89,11,303.364133
5.9,10,303.367514
5.92,8,303.370155
3.91,9,303.373095
1.95,5,303.374768
13.91,9,303.377698
3.93,7,303.379963
1.95,5,303.382267
1.96,4,303.383675
1.97,3,303.384728
3.95,5,303.386391
1.95,5,303.388046
1.96,4,303.389383
1.96,4,303.391236
1.95,5,303.393136
3.94,6,303.395149
-0.04,4,303.609526
3.94,6,303.611762
1.96,4,303.613167
1.96,4,303.614536
1.95,5,303.616234
3.92,8,303.619042
5.91,9,303.622021
1.96,4,303.623372
1.95,5,303.625023
1.97,3,303.626061
1.96,4,303.627404
3.91,9,303.630304
1.96,4,303.632168
1.96,4,303.633688
1.95,5,303.635416
3.94,6,303.637372
1.96,4,303.6387
3.94,6,303.640662
3.91,9,303.644182
1.96,4,303.645661
1.96,4,303.647077
5.92,8,303.649677
3.95,5,303.651352
1.95,5,303.652987
3.93,7,303.847597
3.93,7,303.850034
3.94,6,303.852203
3.94,6,303.854223
3.94,6,303.856224
3.93,7,303.85852
1.95,5,303.86018
3.94,6,303.862157
3.95,5,303.863821
1.97,3,303.864861
1.95,5,303.866523
1.96,4,303.867874
3.94,6,303.869848
5.91,9,303.872906
3.93,7,303.875394
3.94,6,303.877549
1.96,4,303.878984
13.89,11,303.883018
3.95,5,303.884819
1.96,4,303.886194
1.95,5,303.887828
3.95,5,303.889459
1.97,3,304.104177
5.91,9,304.108014
1.96,4,304.10947
3.94,6,304.111459
1.96,4,304.113324
1.94,6,304.115455
3.94,6,304.11745
1.95,5,304.11911
1.96,4,304.120452
1.96,4,304.121787
3.94,6,304.124408
5.92,8,304.12805
1.96,4,304.12952
1.96,4,304.130926
5.91,9,304.134513
3.95,5,304.136699
3.94,6,304.138857
1.96,4,304.140239
1.97,3,304.1416
1.94,6,304.143611
5.93,7,304.145924
1.96,4,304.147275
1.95,5,304.148928
3.94,6,304.150904
3.94,6,304.36129
1.95,5,304.363099
3.93,7,304.365398
3.93,7,304.367689
3.94,6,304.370115
3.93,7,304.372604
3.92,8,304.3753
3.93,7,304.377645
5.9,10,304.381354
3.93,7,304.384013
3.94,6,304.386057
13.89,11,304.389761
3.91,9,304.392953
13.89,11,304.396777
3.94,6,304.398769
3.95,5,304.400714
1.96,4,304.402445
1.96,4,304.403853
1.95,5,304.615314
5.92,8,304.618197
1.94,6,304.620238
3.94,6,304.62224
1.93,7,304.624543
3.94,6,304.626527
3.94,6,304.628498
5.88,12,304.632368
3.94,6,304.634792
5.89,11,304.638456
1.95,5,304.640157
-0.04,4,304.641519
13.89,11,304.645506
1.97,3,304.646776
1.95,5,304.648502
1.95,5,304.650213
1.96,4,304.651591
3.91,9,304.654508
3.94,6,304.656505
3.94,6,304.658488
3.94,6,304.891342
1.95,5,304.89306
1.94,6,304.895036
1.97,3,304.896064
3.93,7,304.898453
5.88,12,304.903151
5.89,11,304.9067
5.91,9,304.909851
5.89,11,304.913587
5.92,8,304.916302
3.91,9,304.919223
1.96,4,304.920605
-0.04,4,304.921981
3.94,6,304.924386
3.93,7,304.927123
5.87,13,304.931373
3.92,8,305.192259
1.95,5,305.194301
5.9,10,305.197548
1.97,3,305.198589
13.87,13,305.202712
1.96,4,305.204049
1.94,6,305.205984
1.96,4,305.20733
3.95,5,305.20897
13.88,12,305.213334
13.89,11,305.216916
3.91,9,305.22035
3.94,6,305.222545
-0.05,5,305.224262
3.92,8,305.227384
1.95,5,305.229167
1.96,4,305.230747
1.93,7,305.233134
1.95,5,305.234894
1.94,6,305.476373
3.94,6,305.478668
1.97,3,305.479757
1.92,8,305.482361
1.97,3,305.4834
3.92,8,305.486094
13.9,10,305.489398
3.94,6,305.491381
1.96,4,305.492734
1.96,4,305.494068
5.88,12,305.497852
1.91,9,305.500705
3.93,7,305.502955
3.94,6,305.504891
1.97,3,305.505924
3.93,7,305.508277
5.92,8,305.511064
3.93,7,305.513324
1.97,3,305.514346
3.92,8,305.516899
1.95,5,305.518735
3.94,6,305.749418
3.92,8,305.752879
3.94,6,305.755082
3.9,10,305.758901
3.94,6,305.761333
1.97,3,305.762443
1.95,5,305.764126
3.92,8,305.766722
13.89,11,305.770459
3.94,6,305.772491
3.94,6,305.774538
13.91,9,305.777723
5.92,8,305.780444
3.94,6,305.782453
5.92,8,305.785172
3.92,8,305.787807
1.97,3,305.788865
5.9,10,305.792124
5.92,8,306.00582
1.96,4,306.007327
1.95,5,306.009027
5.9,10,306.012291
3.94,6,306.01483
3.95,5,306.016737
3.94,6,306.01896
3.93,7,306.021334
3.93,7,306.023644
1.95,5,306.025302
3.94,6,306.027273
3.94,6,306.029232
3.94,6,306.031216
3.93,7,306.033478
1.96,4,306.0348
5.91,9,306.03765
1.95,5,306.039285
1.97,3,306.0403
3.94,6,306.042236
3.94,6,306.044179
3.93,7,306.046416
1.95,5,306.249744
3.95,5,306.251528
1.97,3,306.252579
3.92,8,306.255465
5.92,8,306.258614
5.9,10,306.262368
1.94,6,306.264411
3.94,6,306.266391
13.9,10,306.269992
3.94,6,306.272081
3.95,5,306.273786
-0.04,4,306.275157
3.91,9,306.278102
5.91,9,306.281049
5.92,8,306.283677
3.95,5,306.285336
1.95,5,306.286994
3.93,7,306.28928
13.9,10,306.29251
3.92,8,306.490188
1.96,4,306.491659
5.92,8,306.494331
1.96,4,306.495721
3.94,6,306.497745
5.92,8,306.500496
1.96,4,306.501996
3.94,6,306.504344
1.95,5,306.506593
3.94,6,306.508797
3.93,7,306.511237
3.92,8,306.514269
3.91,9,306.517429
1.96,4,306.518914
3.91,9,306.52185
5.89,11,306.525716
3.94,6,306.528098
1.96,4,306.529517
5.92,8,306.532105
3.95,5,306.743069
3.93,7,306.745613
13.87,13,306.74982
1.95,5,306.752017
1.94,6,306.754207
3.93,7,306.756612
5.92,8,306.75927
3.93,7,306.761842
3.92,8,306.764683
1.94,6,306.766862
1.96,4,306.768444
1.96,4,306.769837
5.9,10,306.773314
3.95,5,306.775047
1.96,4,306.776533
1.95,5,306.778318
5.9,10,306.78159
13.89,11,306.785245
3.93,7,307.025861
1.96,4,307.027844
3.94,6,307.029951
1.95,5,307.031631
3.95,5,307.033328
1.94,6,307.03566
3.94,6,307.037963
1.97,3,307.039054
3.92,8,307.041702
3.94,6,307.043704
3.93,7,307.046017
1.95,5,307.048109
1.97,3,307.049189
3.93,7,307.051489
1.96,4,307.052855
1.94,6,307.054821
3.93,7,307.057747
1.95,5,307.059641
1.96,4,307.061081
5.92,8,307.063662
1.96,4,307.065005
3.93,7,307.067262
5.9,10,307.07042
3.93,7,307.278401
1.96,4,307.279882
1.95,5,307.281536
5.92,8,307.284131
5.9,10,307.287796
5.91,9,307.290861
1.96,4,307.292243
1.96,4,307.293618
1.97,3,307.294658
3.93,7,307.296988
3.94,6,307.299436
3.94,6,307.301816
3.94,6,307.303906
3.94,6,307.305867
5.91,9,307.309129
1.94,6,307.311272
5.92,8,307.313928
3.93,7,307.316279
1.97,3,307.317333
3.93,7,307.319644
1.96,4,307.32101
3.95,5,307.519898
5.91,9,307.522927
1.94,6,307.524899
1.94,6,307.526857
1.96,4,307.528661
5.92,8,307.531436
13.9,10,307.534727
3.93,7,307.537041
3.94,6,307.539035
3.94,6,307.541028
1.96,4,307.542383
3.93,7,307.544668
5.89,11,307.548682
3.93,7,307.551018
13.89,11,307.554527
1.94,6,307.556477
1.95,5,307.5586
1.94,6,307.560876
3.93,7,307.774975
1.95,5,307.776733
13.9,10,307.779935
5.91,9,307.782771
5.9,10,307.786894
1.96,4,307.78851
1.95,5,307.790397
1.96,4,307.791817
13.89,11,307.795404
5.92,8,307.797941
5.91,9,307.800775
5.92,8,307.803774
1.95,5,307.805628
3.94,6,307.807775
3.94,6,307.809841
1.96,4,307.811239
1.93,7,307.813536
3.94,6,307.815519
1.95,5,307.817185
1.96,4,308.029498
1.96,4,308.031081
3.95,5,308.032826
1.95,5,308.034526
1.97,3,308.035575
5.92,8,308.038199
1.95,5,308.039897
1.95,5,308.041582
5.91,9,308.044506
3.94,6,308.046812
3.93,7,308.049348
1.95,5,308.051031
1.93,7,308.053336
5.91,9,308.056226
3.93,7,308.059087
13.89,11,308.063089
1.97,3,308.064191
3.93,7,308.066665
13.88,12,308.070768
5.9,10,308.292718
1.95,5,308.294564
1.97,3,308.295609
1.95,5,308.297267
3.91,9,308.300363
1.95,5,308.302589
3.93,7,308.305119
1.95,5,308.306839
13.87,13,308.311394
1.94,6,308.313455
5.92,8,308.316109
1.95,5,308.317988
1.95,5,308.319696
1.97,3,308.320735
1.95,5,308.322397
1.96,4,308.323758
1.95,5,308.325413
1.97,3,308.326666
1.97,3,308.327789
1.96,4,308.329166
5.91,9,308.332195
5.91,9,308.335532
1.97,3,308.336661
5.9,10,308.587971
5.9,10,308.591284
1.97,3,308.592365
1.96,4,308.594287
1.94,6,308.596729
5.91,9,308.59984
1.95,5,308.601783
13.89,11,308.605615
1.95,5,308.6074
5.92,8,308.610027
13.89,11,308.613545
1.97,3,308.614575
3.94,6,308.616561
3.94,6,308.618518
5.92,8,308.621106
5.89,11,308.624604
1.96,4,308.625963
3.94,6,308.627904
1.96,4,308.629229
3.93,7,308.840863
3.94,6,308.842949
3.93,7,308.845293
1.97,3,308.846351
3.94,6,308.848774
3.94,6,308.850972
3.93,7,308.853363
1.95,5,308.855067
3.94,6,308.857318
3.93,7,308.859763
5.91,9,308.862743
1.96,4,308.864114
13.89,11,308.867758
5.9,10,308.871101
13.87,13,308.875285
1.96,4,308.877434
3.93,7,308.879879
5.92,8,308.88299
1.96,4,309.118161
5.88,12,309.122146
3.92,8,309.124696
3.94,6,309.126621
1.97,3,309.128104
5.9,10,309.131684
3.93,7,309.134379
3.93,7,309.136817
3.92,8,309.139751
3.94,6,309.141857
1.94,6,309.143856
5.9,10,309.147114
3.94,6,309.149097
1.94,6,309.151114
5.92,8,309.15374
1.95,5,309.155405
3.93,7,309.157702
5.92,8,309.160314
5.88,12,309.390277
1.96,4,309.391902
3.93,7,309.394655
3.94,6,309.396848
1.94,6,309.39913
1.94,6,309.401311
3.93,7,309.40367
1.96,4,309.405029
5.87,13,309.409339
1.94,6,309.411465
5.9,10,309.41466
1.96,4,309.415992
3.92,8,309.418549
1.96,4,309.419878
13.88,12,309.424195
1.96,4,309.42565
3.93,7,309.428089
3.94,6,309.43006
3.93,7,309.658536
1.96,4,309.660085
1.96,4,309.661451
3.92,8,309.664044
1.96,4,309.665376
5.92,8,309.668603
3.94,6,309.671208
1.96,4,309.672698
1.95,5,309.674376
5.92,8,309.676987
1.95,5,309.678995
3.92,8,309.681716
3.95,5,309.683394
1.94,6,309.685378
5.91,9,309.688545
3.92,8,309.691171
3.95,5,309.692874
1.96,4,309.694303
3.91,9,309.697208
3.94,6,309.699148
3.93,7,309.701391
5.9,10,309.891943
5.92,8,309.894909
5.89,11,309.898472
5.92,8,309.901072
5.9,10,309.904273
1.96,4,309.905613
1.94,6,309.907559
1.95,5,309.909203
1.96,4,309.910526
3.92,8,309.913083
3.95,5,309.914726
3.95,5,309.916366
3.92,8,309.918906
5.87,13,309.922965
1.97,3,309.924015
3.94,6,309.926333
3.94,6,309.92847
1.96,4,309.929836
1.96,4,309.931197
3.93,7,310.172298
1.96,4,310.173878
5.9,10,310.177609
1.95,5,310.179401
1.95,5,310.181438
13.89,11,310.185234
1.96,4,310.186642
1.95,5,310.188325
1.95,5,310.190009
5.9,10,310.193263
1.95,5,310.194937
5.89,11,310.198515
5.91,9,310.201447
1.95,5,310.203106
1.96,4,310.204489
3.94,6,310.20646
1.96,4,310.207821
3.94,6,310.209803
1.96,4,310.211168
3.93,7,310.213859
5.92,8,310.42773
3.93,7,310.430124
1.95,5,310.431773
1.95,5,310.433408
13.87,13,310.438017
1.97,3,310.439139
1.95,5,310.440843
1.96,4,310.442205
3.94,6,310.444176
3.94,6,310.446155
1.97,3,310.44719
5.92,8,310.449777
3.94,6,310.451733
1.95,5,310.453369
3.93,7,310.455628
3.94,6,310.457605
5.91,9,310.460485
3.94,6,310.462442
1.96,4,310.463778
3.92,8,310.466338
1.95,5,310.468062
13.9,10,310.718512
1.94,6,310.720587
3.94,6,310.72259
1.95,5,310.724269
-0.01,1,310.724684
3.93,7,310.727474
3.93,7,310.729851
3.93,7,310.732184
5.92,8,310.734855
5.9,10,310.738734
3.94,6,310.741028
3.93,7,310.743841
5.9,10,310.74752
5.9,10,310.750881
1.95,5,310.753119
5.92,8,310.755772
1.95,5,310.757512
1.96,4,310.758886
5.88,12,310.963274
-0.07,7,310.965693
13.89,11,310.969236
3.94,6,310.971202
3.94,6,310.973815
3.94,6,310.975919
5.91,9,310.978889
-0.04,4,310.980287
5.92,8,310.982911
3.93,7,310.985192
3.93,7,310.987487
1.96,4,310.988844
3.94,6,310.990813
5.91,9,310.993697
5.91,9,310.996593
5.9,10,310.999785
1.95,5,311.001448
-0.04,4,311.002783
3.93,7,311.005476
1.96,4,311.217867
1.93,7,311.220385
3.95,5,311.222105
3.94,6,311.224148
1.96,4,311.226051
-0.05,5,311.227896
5.92,8,311.230543
1.95,5,311.23221
1.94,6,311.234192
3.94,6,311.236469
3.94,6,311.238479
13.88,12,311.242307
3.94,6,311.244277
1.95,5,311.245927
3.93,7,311.248195
5.92,8,311.250763
1.96,4,311.252091
3.94,6,311.254032
3.93,7,311.25653
13.87,13,311.483493
3.93,7,311.48599
3.94,6,311.487979
5.91,9,311.490875
3.92,8,311.493926
5.91,9,311.497025
5.9,10,311.500297
5.9,10,311.503529
1.94,6,311.505493
1.97,3,311.506788
1.96,4,311.508256
3.92,8,311.511427
3.93,7,311.513771
1.97,3,311.51481
3.94,6,311.517304
1.97,3,311.518522
1.96,4,311.519912
1.96,4,311.521264
1.95,5,311.522918
1.95,5,311.524562
1.94,6,311.526547
3.93,7,311.729525
1.95,5,311.731298
1.95,5,311.732983
1.96,4,311.73434
1.95,5,311.73599
1.95,5,311.737791
3.93,7,311.740595
1.95,5,311.742381
1.96,4,311.743997
1.95,5,311.745735
1.96,4,311.747123
1.94,6,311.749098
5.92,8,311.751988
5.9,10,311.755329
1.95,5,311.757064
3.94,6,311.759038
1.96,4,311.760409
5.91,9,311.763973
1.97,3,311.765122
5.91,9,311.768306
1.97,3,311.769399
1.96,4,311.77077
3.91,9,311.774006
1.96,4,311.97852
1.95,5,311.980377
3.94,6,311.982485
1.96,4,311.98387
3.94,6,311.986275
1.94,6,311.988545
1.96,4,311.989935
1.96,4,311.991299
1.96,4,311.992695
3.91,9,311.995602
3.9,10,311.998817
1.96,4,312.000196
13.86,14,312.004689
1.96,4,312.006134
1.96,4,312.007719
1.96,4,312.009507
1.93,7,312.011942
1.94,6,312.013905
3.92,8,312.016759
5.92,8,312.019543
-0.04,4,312.020926
1.96,4,312.277824
1.96,4,312.279378
3.94,6,312.281389
3.92,8,312.283988
1.96,4,312.285321
1.95,5,312.286969
1.94,6,312.288909
3.92,8,312.291452
3.93,7,312.293691
1.96,4,312.295009
1.96,4,312.296638
1.95,5,312.298601
3.94,6,312.300719
5.89,11,312.304313
5.92,8,312.307413
3.94,6,312.309589
3.94,6,312.311637
3.93,7,312.313946
1.96,4,312.315283
1.96,4,312.316644
1.96,4,312.317972
13.89,11,312.534285
1.95,5,312.536183
5.91,9,312.539152
1.95,5,312.540856
3.93,7,312.543169
3.93,7,312.545484
3.93,7,312.548223
3.93,7,312.550726
3.93,7,312.553093
3.9,10,312.556303
5.9,10,312.559943
1.96,4,312.561389
3.94,6,312.563415
3.92,8,312.566031
5.91,9,312.56896
5.9,10,312.572196
13.88,12,312.576061
3.94,6,312.795451
1.95,5,312.797274
13.89,11,312.801024
1.95,5,312.802733
3.94,6,312.805192
1.94,6,312.807307
3.93,7,312.809705
1.96,4,312.811111
5.91,9,312.814065
3.94,6,312.816039
1.95,5,312.817683
3.91,9,312.820644
3.93,7,312.822939
3.93,7,312.825224
1.95,5,312.826864
5.91,9,312.829767
5.9,10,312.832947
3.91,9,312.835829
3.93,7,313.046303
5.89,11,313.05026
1.95,5,313.052553
5.91,9,313.05581
3.93,7,313.058382
3.92,8,313.061427
1.94,6,313.063509
5.91,9,313.06689
1.95,5,313.068698
5.91,9,313.071694
1.93,7,313.074012
1.94,6,313.076005
3.92,8,313.078614
13.88,12,313.082511
3.91,9,313.085428
1.94,6,313.087402
1.94,6,313.089669
5.9,10,313.311767
3.93,7,313.314187
3.93,7,313.316515
3.92,8,313.319143
5.91,9,313.322085
5.9,10,313.325325
3.93,7,313.327597
1.96,4,313.32895
1.96,4,313.33031
3.93,7,313.33259
1.94,6,313.334552
1.92,8,313.337114
13.89,11,313.341244
3.93,7,313.344161
3.93,7,313.346608
1.95,5,313.348279
3.91,9,313.351599
1.96,4,313.353027
3.93,7,313.564762
3.93,7,313.56714
3.93,7,313.569406
3.92,8,313.571949
5.91,9,313.575396
13.89,11,313.579155
1.94,6,313.581181
1.96,4,313.582567
5.91,9,313.585504
1.96,4,313.586845
3.93,7,313.589293
1.96,4,313.591222
1.96,4,313.59265
5.89,11,313.596797
1.96,4,313.598208
3.93,7,313.600811
5.92,8,313.603654
1.95,5,313.60534
3.9,10,313.821734
3.9,10,313.825051
3.94,6,313.827008
1.95,5,313.828638
1.96,4,313.829975
1.95,5,313.832153
3.93,7,313.834575
3.93,7,313.836916
1.96,4,313.838278
3.94,6,313.840637
1.96,4,313.842038
-0.04,4,313.843425
1.96,4,313.844794
3.92,8,313.84736
1.96,4,313.848677
3.93,7,313.851427
3.93,7,313.853936
3.91,9,313.856882
3.94,6,313.858886
3.93,7,313.861475
1.95,5,313.863193
3.93,7,313.865481
3.93,7,314.069379
3.94,6,314.071443
1.95,5,314.0731
3.93,7,314.075355
1.95,5,314.077026
13.89,11,314.080515
1.96,4,314.081835
3.94,6,314.083773
3.94,6,314.085707
5.89,11,314.08973
3.94,6,314.091865
1.96,4,314.093273
5.9,10,314.096527
1.97,3,314.098015
5.91,9,314.101249
1.95,5,314.103138
3.94,6,314.105197
3.93,7,314.107506
1.93,7,314.10985
3.93,7,314.326061
1.95,5,314.32782
1.97,3,314.328862
3.91,9,314.331802
3.94,6,314.333779
3.91,9,314.336651
3.92,8,314.33953
13.9,10,314.343515
5.91,9,314.346679
1.96,4,314.348091
3.94,6,314.350395
1.96,4,314.352017
3.94,6,314.354022
3.92,8,314.356709
3.94,6,314.358805
3.94,6,314.36093
1.96,4,314.362304
1.96,4,314.363663
3.95,5,314.36533
1.96,4,314.366683
3.94,6,314.368632
3.92,8,314.572414
3.94,6,314.574489
13.88,12,314.578321
1.96,4,314.579999
3.91,9,314.583238
3.91,9,314.586188
5.88,12,314.590548
1.96,4,314.591984
5.91,9,314.5949
1.96,4,314.596248
3.94,6,314.598195
1.96,4,314.599527
1.96,4,314.601443
1.96,4,314.602906
3.94,6,314.604902
1.95,5,314.606574
5.9,10,314.609978
1.95,5,314.611781
1.95,5,314.613481
3.93,7,314.839322
5.91,9,314.842777
5.91,9,314.845782
1.96,4,314.847128
3.93,7,314.849801
3.94,6,314.851878
3.92,8,314.854729
3.93,7,314.857059
3.94,6,314.859035
5.89,11,314.862555
1.96,4,314.8639
13.9,10,314.867096
1.96,4,314.868444
3.9,10,314.871615
1.96,4,314.872945
3.94,6,314.874893
3.93,7,314.87713
5.92,8,314.879684
3.94,6,315.092672
1.94,6,315.094869
3.94,6,315.096851
3.93,7,315.099105
3.93,7,315.10135
1.96,4,315.103225
3.93,7,315.105627
1.96,4,315.107003
5.9,10,315.110239
5.9,10,315.11356
5.88,12,315.117406
3.93,7,315.119691
1.92,8,315.122308
3.93,7,315.124585
13.88,12,315.128941
5.92,8,315.131999
3.92,8,315.134843
3.94,6,315.360086
2.94,6,315.362279
3.91,9,315.365237
5.9,10,315.368625
5.91,9,315.371803
3.93,7,315.374118
1.96,4,315.375482
1.96,4,315.376826
1.96,4,315.378167
1.96,4,315.379516
3.92,8,315.382801
3.93,7,315.38563
3.92,8,315.38836
5.9,10,315.393215
1.94,6,315.395668
3.93,7,315.399882
5.92,8,315.405408
1.95,5,315.407232
1.96,4,315.408607
1.96,4,315.410228
5.87,13,315.614374
3.9,10,315.617725
1.96,4,315.619104
5.9,10,315.622361
1.96,4,315.62372
1.96,4,315.625072
5.9,10,315.628307
13.89,11,315.632246
5.91,9,315.635205
5.91,9,315.638096
1.96,4,315.639429
5.9,10,315.643375
13.86,14,315.648098
1.96,4,315.649502
1.96,4,315.650867
3.9,10,315.654091
3.93,7,315.912039
13.87,13,315.916393
1.96,4,315.918308
5.91,9,315.921765
13.86,14,315.926398
1.94,6,315.928491
1.95,5,315.930193
3.94,6,315.932174
3.93,7,315.934603
1.96,4,315.935978
3.91,9,315.939064
3.93,7,315.941407
3.93,7,315.943773
3.93,7,315.946107
1.96,4,315.947469
1.96,4,315.948833
13.88,12,315.952792
3.94,6,316.201826
1.95,5,316.203601
3.91,9,316.206496
3.93,7,316.208752
3.92,8,316.211329
1.94,6,316.213763
1.93,7,316.216255
3.94,6,316.218317
3.94,6,316.220302
5.92,8,316.223049
1.96,4,316.22488
1.95,5,316.226703
1.94,6,316.228953
1.96,4,316.230385
1.96,4,316.231766
1.96,4,316.233134
13.89,11,316.23669
3.94,6,316.23865
5.9,10,316.241847
3.94,6,316.243821
13.88,12,316.460322
5.9,10,316.464257
5.91,9,316.467675
3.92,8,316.470505
5.91,9,316.473453
3.92,8,316.47618
1.95,5,316.478288
13.87,13,316.482652
5.91,9,316.485651
3.93,7,316.488003
5.91,9,316.490972
5.91,9,316.493941
3.93,7,316.496271
1.95,5,316.497967
1.96,4,316.499344
3.93,7,316.501664
3.93,7,316.733513
3.91,9,316.736492
1.96,4,316.737828
3.93,7,316.740096
3.93,7,316.743019
3.93,7,316.745549
5.91,9,316.748594
1.94,6,316.750621
5.87,13,316.754874
3.91,9,316.758097
3.93,7,316.760888
3.93,7,316.763268
3.94,6,316.765253
5.89,11,316.76902
3.93,7,316.771425
1.96,4,316.772793
1.95,5,316.774449
5.89,11,317.013306
3.94,6,317.015333
5.91,9,317.018202
3.93,7,317.020956
5.91,9,317.024048
1.96,4,317.025428
5.9,10,317.028657
1.95,5,317.03033
1.96,4,317.03169
1.96,4,317.03304
3.91,9,317.035919
1.96,4,317.037256
1.94,6,317.039208
1.96,4,317.04056
1.96,4,317.04191
1.96,4,317.043246
3.93,7,317.045511
1.96,4,317.047069
3.93,7,317.049579
3.93,7,317.052212
5.91,9,317.254561
3.92,8,317.257834
3.93,7,317.260271
3.94,6,317.262293
3.91,9,317.265775
3.93,7,317.268197
3.89,11,317.27177
3.92,8,317.274441
1.94,6,317.276425
3.94,6,317.278407
3.93,7,317.280728
1.97,3,317.281766
5.9,10,317.284993
3.93,7,317.287276
5.91,9,317.29018
3.93,7,317.292484
1.96,4,317.293842
1.93,7,317.296117
1.96,4,317.504549
5.91,9,317.507673
5.91,9,317.510834
3.93,7,317.513953
1.92,8,317.51691
3.93,7,317.519446
3.93,7,317.521765
3.93,7,317.524035
1.96,4,317.525366
1.96,4,317.526702
3.93,7,317.528959
3.93,7,317.531231
5.87,13,317.535326
1.96,4,317.536642
5.87,13,317.540714
1.96,4,317.542049
5.92,8,317.545069
5.9,10,317.786536
3.92,8,317.789346
3.94,6,317.791334
13.89,11,317.794807
5.9,10,317.798697
3.93,7,317.801028
5.9,10,317.804246
5.9,10,317.807908
1.96,4,317.809383
1.94,6,317.811639
3.92,8,317.814302
3.93,7,317.816582
5.91,9,317.819502
1.96,4,317.820836
3.93,7,317.823097
3.91,9,317.825978
3.93,7,317.828268
1.95,5,318.035954
13.88,12,318.040067
3.93,7,318.042342
-0.01,1,318.042755
1.96,4,318.044099
1.96,4,318.04543
5.87,13,318.049563
-0.01,1,318.050035
1.96,4,318.051597
1.93,7,318.054058
5.91,9,318.05702
13.88,12,318.06147
-0.01,1,318.061995
3.91,9,318.065022
3.93,7,318.067335
1.96,4,318.068695
3.93,7,318.07101
-0.01,1,318.071438
5.9,10,318.074661
1.96,4,318.076039
1.95,5,318.077745
1.93,7,318.329023
-0.04,4,318.331251
-0.01,1,318.331709
3.93,7,318.334002
3.93,7,318.336266
13.88,12,318.340577
1.96,4,318.342193
1.94,6,318.344422
3.93,7,318.346743
1.94,6,318.348684
3.92,8,318.351871
-0.01,1,318.352371
3.94,6,318.354372
3.94,6,318.356377
3.93,7,318.35865
13.89,11,318.3625
3.93,7,318.364889
3.93,7,318.367244
3.93,7,318.369761
3.93,7,318.372127
-0.05,5,318.37381
1.96,4,318.598759
5.91,9,318.601982
13.86,14,318.607056
13.89,11,318.610782
5.92,8,318.613409
3.93,7,318.61568
1.96,4,318.617303
13.89,11,318.621032
1.94,6,318.623094
13.87,13,318.627337
5.92,8,318.629992
5.91,9,318.633223
5.91,9,318.63667
1.94,6,318.638784
-0.01,1,318.639217
1.97,3,318.640292
1.95,5,318.642299
3.94,6,318.886532
1.95,5,318.888317
13.89,11,318.891886
1.96,4,318.893235
3.94,6,318.895716
5.9,10,318.899095
3.93,7,318.901457
5.91,9,318.904424
13.9,10,318.907673
3.94,6,318.90966
3.94,6,318.911641
3.94,6,318.913637
1.96,4,318.914997
3.93,7,318.917317
1.94,6,318.919463
1.95,5,318.921218
-0.01,1,318.921649
1.96,4,318.923402
5.9,10,318.926854
-0.01,1,318.927332
1.96,4,318.928922
1.96,4,319.144541
13.88,12,319.148716
1.96,4,319.150194
1.96,4,319.151628
5.9,10,319.155079
3.92,8,319.157823
5.9,10,319.161236
-0.01,1,319.161704
1.96,4,319.163194
1.94,6,319.165245
3.94,6,319.167209
5.88,12,319.171021
5.91,9,319.17454
1.94,6,319.176751
3.91,9,319.179778
1.95,5,319.181461
3.94,6,319.183416
1.96,4,319.185448
3.94,6,319.187582
1.94,6,319.417531
3.94,6,319.419617
3.93,7,319.42191
1.97,3,319.423225
-0.01,1,319.423663
1.96,4,319.425017
-0.01,1,319.425428
-0.01,1,319.425841
3.91,9,319.429124
1.96,4,319.430512
5.92,8,319.433106
5.91,9,319.436094
13.88,12,319.440247
1.96,4,319.441652
13.9,10,319.444973
-0.01,1,319.445403
3.94,6,319.447397
1.96,4,319.448754
-0.01,1,319.44917
3.94,6,319.451162
3.91,9,319.454075
1.96,4,319.455428
1.94,6,319.457413
-0.04,4,319.458772
1.94,6,319.696037
3.93,7,319.698482
5.92,8,319.70113
5.89,11,319.704951
13.87,13,319.709486
3.94,6,319.712048
1.96,4,319.713514
3.93,7,319.715842
5.91,9,319.718751
1.96,4,319.720472
13.86,14,319.725276
1.97,3,319.726419
3.93,7,319.72875
1.93,7,319.731033
3.94,6,319.733001
-0.01,1,319.733436
3.94,6,319.735545
3.94,6,319.737652
3.93,7,319.73997
13.88,12,319.991042
3.91,9,319.993984
1.94,6,319.995928
3.94,6,319.997903
3.93,7,320.000144
3.93,7,320.002378
5.91,9,320.00523
1.96,4,320.007118
3.93,7,320.009579
3.93,7,320.011931
3.93,7,320.014202
1.93,7,320.016864
5.9,10,320.020338
13.87,13,320.024523
3.94,6,320.026826
1.96,4,320.028317
13.88,12,320.26482
1.96,4,320.266276
3.94,6,320.268235
1.96,4,320.269573
5.88,12,320.273816
3.92,8,320.276589
-0.01,1,320.277019
3.93,7,320.279351
3.92,8,320.282025
-0.04,4,320.2834
1.94,6,320.285387
1.96,4,320.286741
1.93,7,320.289054
3.93,7,320.291342
3.94,6,320.293318
1.96,4,320.294664
3.94,6,320.296627
3.94,6,320.298888
3.94,6,320.300939
-0.04,4,320.302334
3.93,7,320.304623
3.92,8,320.531858
1.95,5,320.533696
3.92,8,320.536354
3.93,7,320.538648
1.95,5,320.540334
3.91,9,320.543234
1.95,5,320.544891
5.92,8,320.548053
5.92,8,320.550718
1.95,5,320.552391
3.94,6,320.554361
5.92,8,320.557359
3.93,7,320.55974
3.91,9,320.56267
1.96,4,320.564025
1.94,6,320.56599
1.96,4,320.567347
3.94,6,320.569335
3.94,6,320.571316
3.94,6,320.573307
5.91,9,320.761136
3.94,6,320.76326
13.89,11,320.766805
1.96,4,320.768304
1.94,6,320.770726
13.9,10,320.774009
1.95,5,320.775671
5.9,10,320.778886
1.96,4,320.780247
3.94,6,320.782196
3.93,7,320.784454
5.9,10,320.787605
3.93,7,320.789869
3.94,6,320.791819
5.9,10,320.794983
3.92,8,320.797525
3.95,5,320.799194
13.87,13,321.00761
3.93,7,321.009966
3.93,7,321.01227
1.95,5,321.013905
1.95,5,321.015974
3.92,8,321.018773
3.92,8,321.02145
3.91,9,321.02439
1.94,6,321.026397
5.92,8,321.029018
1.94,6,321.031018
3.94,6,321.033008
3.95,5,321.034694
3.93,7,321.036981
3.93,7,321.039273
5.92,8,321.041896
13.89,11,321.04542
13.89,11,321.25798
5.89,11,321.262099
1.96,4,321.263492
5.88,12,321.267307
3.93,7,321.269573
3.94,6,321.27152
3.92,8,321.274096
1.96,4,321.275426
5.92,8,321.277986
3.89,11,321.281479
3.93,7,321.283736
1.94,6,321.285669
1.96,4,321.286996
3.93,7,321.289235
1.93,7,321.291469
1.96,4,321.292794
1.95,5,321.294411
1.93,7,321.297254
1.96,4,321.298822
1.94,6,321.52462
1.95,5,321.526623
3.93,7,321.529035
1.95,5,321.530773
3.94,6,321.532795
5.91,9,321.535766
1.95,5,321.537473
3.94,6,321.539478
3.93,7,321.542166
3.93,7,321.544712
3.94,6,321.546812
1.95,5,321.548764
1.94,6,321.550838
1.96,4,321.552737
3.93,7,321.555134
5.87,13,321.559294
3.94,6,321.561523
3.93,7,321.563954
3.92,8,321.566624
3.94,6,321.568623
3.93,7,321.811432
3.94,6,321.813536
1.93,7,321.815859
-0.04,4,321.817239
1.96,4,321.81861
5.91,9,321.821546
3.94,6,321.823528
3.92,8,321.826128
3.93,7,321.828403
5.91,9,321.831334
-0.04,4,321.832696
5.91,9,321.835607
1.96,4,321.836958
1.94,6,321.839308
5.92,8,321.842095
3.94,6,321.84417
1.97,3,321.845194
5.9,10,321.848345
1.95,5,321.85059
5.91,9,322.048287
1.95,5,322.05023
3.94,6,322.052572
3.89,11,322.056225
1.94,6,322.058432
5.92,8,322.061219
3.93,7,322.063552
1.95,5,322.065237
13.88,12,322.069156
3.94,6,322.071165
3.94,6,322.073168
5.92,8,322.075798
3.94,6,322.077794
3.93,7,322.080129
5.91,9,322.083061
3.93,7,322.085497
-0.04,4,322.087581
5.9,10,322.090888
5.89,11,322.319085
3.91,9,322.322102
-0.04,4,322.323473
3.92,8,322.32608
3.93,7,322.328387
-0.04,4,322.329758
5.93,7,322.332065
1.95,5,322.333713
1.96,4,322.33506
1.95,5,322.336722
3.93,7,322.339262
3.9,10,322.342506
5.88,12,322.346908
1.94,6,322.349108
3.93,7,322.351689
5.91,9,322.354795
3.94,6,322.356864
5.91,9,322.359909
1.97,3,322.576379
3.93,7,322.57893
1.95,5,322.580655
1.94,6,322.582672
3.9,10,322.585898
5.92,8,322.588493
3.93,7,322.591178
5.91,9,322.594345
1.94,6,322.596344
1.95,5,322.598002
1.96,4,322.599384
1.96,4,322.600797
1.97,3,322.601928
-0.04,4,322.603323
1.97,3,322.604371
1.93,7,322.606633
5.89,11,322.610223
1.96,4,322.611608
1.95,5,322.613287
5.89,11,322.616827
1.95,5,322.618493
3.94,6,322.82951
5.89,11,322.833241
1.96,4,322.834625
3.9,10,322.837893
3.91,9,322.841414
1.96,4,322.84295
1.94,6,322.845027
1.96,4,322.846392
5.89,11,322.850201
1.96,4,322.851916
1.95,5,322.853726
3.91,9,322.856685
5.89,11,322.860479
3.93,7,322.862938
3.95,5,322.864668
3.94,6,322.866684
5.89,11,322.870257
5.9,10,323.079987
1.93,7,323.082469
3.93,7,323.084838
5.91,9,323.096241
1.96,4,323.100596
13.89,11,323.108117
1.94,6,323.110743
3.89,11,323.114453
1.93,7,323.116741
3.93,7,323.119543
3.9,10,323.122911
3.93,7,323.125198
1.96,4,323.126748
1.96,4,323.128138
13.89,11,323.132297
3.93,7,323.135013
3.95,5,323.136751
1.96,4,323.138107
5.9,10,323.351954
1.95,5,323.353716
3.93,7,323.356015
5.91,9,323.358933
3.93,7,323.361428
3.93,7,323.363729
3.94,6,323.365692
3.95,5,323.36735
3.92,8,323.370391
3.94,6,323.37253
1.96,4,323.373916
5.91,9,323.376845
1.96,4,323.378203
3.91,9,323.381237
3.92,8,323.383909
3.94,6,323.385893
3.91,9,323.388757
1.96,4,323.390085
5.9,10,323.393932
3.93,7,323.59993
1.94,6,323.602466
3.93,7,323.604909
3.91,9,323.608157
1.94,6,323.610534
3.93,7,323.61287
13.89,11,323.616375
1.94,6,323.619022
5.91,9,323.622264
3.94,6,323.624313
1.96,4,323.625675
3.9,10,323.628995
1.93,7,323.631347
1.93,7,323.634039
3.95,5,323.636237
5.88,12,323.64021
3.95,5,323.642234
1.96,4,323.643979
3.94,6,323.870845
3.93,7,323.873187
1.95,5,323.874833
1.96,4,323.876161
3.92,8,323.879454
1.96,4,323.880877
1.96,4,323.882261
1.96,4,323.883617
3.93,7,323.885892
5.88,12,323.89006
5.9,10,323.893667
1.94,6,323.89575
3.93,7,323.898334
3.93,7,323.900693
3.93,7,323.903117
1.96,4,323.904503
3.94,6,323.906485
1.92,8,323.909053
5.92,8,323.911683
5.89,11,324.141317
5.9,10,324.144673
1.96,4,324.146031
1.94,6,324.148306
5.91,9,324.151686
1.96,4,324.153084
3.93,7,324.155348
5.9,10,324.158767
1.93,7,324.161401
3.93,7,324.163796
1.94,6,324.165779
3.93,7,324.168553
3.91,9,324.172242
3.91,9,324.175286
3.93,7,324.177627
3.94,6,324.179914
5.9,10,324.183199
3.94,6,324.378935
5.92,8,324.382963
13.88,12,324.387485
5.88,12,324.391499
5.9,10,324.395239
1.96,4,324.396682
13.88,12,324.400523
1.96,4,324.401883
3.92,8,324.404796
3.93,7,324.40734
1.95,5,324.40904
1.94,6,324.411199
13.88,12,324.415159
1.93,7,324.417479
13.86,14,324.422252
3.9,10,324.672777
1.96,4,324.674245
3.93,7,324.67701
1.96,4,324.678551
1.96,4,324.680047
3.9,10,324.683605
3.91,9,324.686835
3.91,9,324.689836
1.97,3,324.690889
1.94,6,324.693134
3.92,8,324.695881
5.9,10,324.699119
1.96,4,324.700459
3.94,6,324.702558
3.91,9,324.705461
3.93,7,324.707879
3.93,7,324.710354
13.89,11,324.714521
3.93,7,324.929974
3.94,6,324.932085
5.88,12,324.936211
3.93,7,324.938767
1.96,4,324.940155
1.93,7,324.942437
1.94,6,324.944548
3.93,7,324.946917
3.93,7,324.949219
5.89,11,324.952812
5.92,8,324.955439
3.93,7,324.957831
5.91,9,324.961763
1.94,6,324.963927
3.94,6,324.965966
5.89,11,324.970056
13.89,11,324.973677
3.92,8,325.201534
5.91,9,325.204659
3.91,9,325.207746
1.96,4,325.20925
5.9,10,325.21328
1.96,4,325.21475
1.95,5,325.216458
-0.04,4,325.217822
5.9,10,325.221567
1.94,6,325.223674
3.91,9,325.22675
3.94,6,325.228778
3.93,7,325.231103
5.91,9,325.23405
1.96,4,325.235461
3.91,9,325.238548
1.96,4,325.239919
3.93,7,325.242184
-0.01,1,325.242599
-0.04,4,325.447728
-0.04,4,325.449665
13.91,9,325.452677
3.94,6,325.454654
3.93,7,325.457299
5.9,10,325.461229
1.96,4,325.462693
1.93,7,325.464966
1.93,7,325.467648
13.88,12,325.471799
3.91,9,325.474755
3.93,7,325.477199
3.93,7,325.479536
3.93,7,325.481843
3.93,7,325.484128
3.92,8,325.48698
1.96,4,325.488373
5.91,9,325.491296
3.93,7,325.714578
-0.05,5,325.716754
3.91,9,325.720116
1.94,6,325.722152
3.93,7,325.724479
3.93,7,325.726943
5.89,11,325.730508
5.91,9,325.733401
5.9,10,325.73675
3.93,7,325.739054
5.89,11,325.742571
5.87,13,325.747063
3.91,9,325.750106
1.95,5,325.752249
1.95,5,325.754331
5.91,9,325.757913
1.97,3,325.991849
3.93,7,325.994299
3.93,7,325.996606
-0.05,5,325.998273
5.92,8,326.001298
1.96,4,326.002815
1.95,5,326.004647
3.93,7,326.006945
3.93,7,326.009192
3.93,7,326.01204
5.91,9,326.015076
3.93,7,326.017416
5.91,9,326.02063
5.91,9,326.023591
3.91,9,326.026704
13.88,12,326.030733
1.92,8,326.033469
1.96,4,326.034944
1.95,5,326.254891
-0.04,4,326.256445
3.92,8,326.259097
1.96,4,326.26049
3.93,7,326.262937
-0.01,1,326.263536
3.94,6,326.265674
5.91,9,326.268882
1.96,4,326.270306
5.9,10,326.273536
1.96,4,326.274889
3.94,6,326.277047
3.94,6,326.279068
1.96,4,326.280457
3.94,6,326.282437
3.93,7,326.284794
3.93,7,326.287157
-0.01,1,326.287581
1.96,4,326.288933
3.92,8,326.291487
1.94,6,326.294082
5.91,9,326.297145
3.94,6,326.505614
3.93,7,326.508124
3.92,8,326.511409
3.93,7,326.51384
1.96,4,326.515468
3.93,7,326.518137
1.95,5,326.519809
3.93,7,326.522076
1.96,4,326.523423
3.94,6,326.525891
13.88,12,326.529835
13.85,15,326.534758
1.94,6,326.536724
5.9,10,326.539892
3.93,7,326.54215
3.93,7,326.545162
1.96,4,326.546669
3.93,7,326.549049
5.92,8,326.819353
3.93,7,326.821742
3.93,7,326.824038
1.96,4,326.825388
-0.01,1,326.825816
3.93,7,326.82823
1.96,4,326.829595
13.86,14,326.834064
1.94,6,326.836985
13.85,15,326.842097
3.93,7,326.844791
1.96,4,326.846313
3.91,9,326.84928
13.89,11,326.853071
3.9,10,326.856342
1.96,4,326.857843
13.88,12,326.861865
1.96,4,327.129734
-0.01,1,327.130277
1.96,4,327.131698
13.87,13,327.135913
3.92,8,327.13908
3.91,9,327.142606
-0.04,4,327.144002
3.93,7,327.146296
5.92,8,327.149282
1.96,4,327.150745
1.94,6,327.152906
1.96,4,327.154303
3.93,7,327.156762
3.94,6,327.158915
1.94,6,327.161067
1.96,4,327.162506
1.93,7,327.164811
-0.01,1,327.165233
-0.04,4,327.166586
3.93,7,327.169698
1.93,7,327.17246
-0.01,1,327.172924
3.91,9,327.408747
5.87,13,327.413107
3.93,7,327.415398
5.91,9,327.418997
1.96,4,327.420567
3.93,7,327.422861
1.96,4,327.424207
-0.04,4,327.425558
3.93,7,327.428349
5.89,11,327.432107
5.91,9,327.435272
3.93,7,327.437737
1.96,4,327.439126
1.93,7,327.44144
3.94,6,327.443641
3.94,6,327.445691
1.93,7,327.447962
1.96,4,327.449303
3.92,8,327.451914
5.9,10,327.695246
5.9,10,327.698526
3.93,7,327.700777
5.88,12,327.705189
3.93,7,327.707692
1.96,4,327.709074
5.9,10,327.713137
5.91,9,327.716169
13.88,12,327.720085
1.94,6,327.722382
3.93,7,327.72521
1.95,5,327.727001
3.93,7,327.729334
3.92,8,327.731932
3.93,7,327.734214
1.94,6,327.736459
1.94,6,327.960166
5.9,10,327.964198
-0.01,1,327.964704
3.94,6,327.966732
1.93,7,327.969449
1.94,6,327.971611
-0.01,1,327.972048
3.94,6,327.974068
3.93,7,327.976539
1.96,4,327.977985
1.96,4,327.979375
3.93,7,327.981688
1.96,4,327.983032
1.94,6,327.985151
1.96,4,327.98671
3.93,7,327.989162
3.92,8,327.991763
5.9,10,327.995096
1.96,4,327.996471
3.93,7,327.998736
3.93,7,328.001027
1.93,7,328.003647
3.93,7,328.211389
13.88,12,328.215404
3.93,7,328.217751
3.93,7,328.220653
1.96,4,328.222103
3.93,7,328.224658
3.93,7,328.227549
5.9,10,328.230893
3.93,7,328.233179
3.94,6,328.235154
3.93,7,328.237974
3.93,7,328.240428
5.87,13,328.244922
5.9,10,328.248496
3.9,10,328.2521
1.93,7,328.254537
3.93,7,328.49734
5.9,10,328.500738
3.93,7,328.503721
13.88,12,328.508186
3.9,10,328.511718
3.93,7,328.514066
1.93,7,328.516668
1.96,4,328.518262
1.96,4,328.519769
1.96,4,328.521185
5.9,10,328.524467
3.93,7,328.52696
3.93,7,328.529392
1.96,4,328.530838
5.9,10,328.534097
5.9,10,328.537351
5.9,10,328.540605
3.91,9,328.767775
3.93,7,328.770165
13.89,11,328.773648
5.87,13,328.779148
-0.04,4,328.780686
5.9,10,328.784126
1.93,7,328.786639
5.9,10,328.790078
1.96,4,328.791598
3.93,7,328.794777
3.93,7,328.79747
3.93,7,328.79989
13.85,15,328.805605
-0.04,4,328.807136
5.9,10,328.81082
3.93,7,329.094357
1.94,6,329.09646
5.9,10,329.099701
3.93,7,329.102137
1.96,4,329.103966
1.93,7,329.106342
13.87,13,329.110853
-0.04,4,329.112293
3.93,7,329.114596
3.93,7,329.116931
3.9,10,329.12034
1.96,4,329.121737
1.93,7,329.124047
1.96,4,329.125413
1.94,6,329.127405
3.93,7,329.130148
5.91,9,329.133165
1.94,6,329.135309
3.93,7,329.372681
-0.04,4,329.374207
3.91,9,329.377108
3.93,7,329.379355
3.93,7,329.381843
3.9,10,329.385938
5.9,10,329.389353
3.91,9,329.3926
1.94,6,329.39466
1.93,7,329.396992
1.93,7,329.399294
1.93,7,329.401792
3.93,7,329.404435
13.87,13,329.408779
3.93,7,329.411285
1.93,7,329.413649
-0.04,4,329.415014
5.9,10,329.652381
5.9,10,329.655745
3.93,7,329.658346
3.93,7,329.660762
3.93,7,329.663092
3.93,7,329.665408
1.94,6,329.667397
3.93,7,329.670248
3.93,7,329.672666
1.93,7,329.675012
1.96,4,329.676377
5.9,10,329.680092
3.9,10,329.683467
3.94,6,329.685595
1.96,4,329.686976
1.96,4,329.688345
1.94,6,329.690334
3.93,7,329.692627
1.96,4,329.694082
5.9,10,329.899102
3.93,7,329.901488
3.91,9,329.9044
1.93,7,329.906679
3.9,10,329.909836
5.9,10,329.913037
1.94,6,329.914963
3.93,7,329.9172
3.93,7,329.919428
1.96,4,329.92074
3.9,10,329.92459
3.93,7,329.927033
13.86,14,329.931505
1.94,6,329.933953
1.96,4,329.935418
3.93,7,329.937747
1.96,4,329.939126
3.93,7,330.191305
3.93,7,330.193745
13.87,13,330.197935
1.96,4,330.199303
5.9,10,330.202522
13.86,14,330.206985
3.91,9,330.209891
5.9,10,330.213097
3.93,7,330.215915
5.92,8,330.218736
3.93,7,330.221058
5.91,9,330.224379
1.96,4,330.225921
5.9,10,330.229515
3.93,7,330.231855
1.96,4,330.233211
5.9,10,330.483615
3.93,7,330.485957
3.93,7,330.488227
5.9,10,330.491939
13.87,13,330.497622
13.87,13,330.503141
13.87,13,330.507882
1.96,4,330.509286
13.87,13,330.514181
3.9,10,330.517529
1.94,6,330.519694
1.93,7,330.522009
3.91,9,330.524903
5.9,10,330.750926
13.85,15,330.75575
1.96,4,330.757146
3.93,7,330.759876
13.85,15,330.764941
3.91,9,330.768104
3.93,7,330.77044
5.88,12,330.774242
3.92,8,330.7768
3.93,7,330.779045
1.92,8,330.781594
3.9,10,330.784746
3.9,10,330.787889
1.96,4,330.789212
1.96,4,330.790534
1.94,6,331.051751
1.96,4,331.053315
3.93,7,331.055624
3.93,7,331.05794
1.94,6,331.059913
5.87,13,331.064677
13.87,13,331.068982
3.89,11,331.072552
1.96,4,331.073911
1.96,4,331.075285
3.92,8,331.077919
3.93,7,331.080233
1.93,7,331.082523
3.93,7,331.084803
5.9,10,331.088615
3.91,9,331.091567
13.88,12,331.326526
3.94,6,331.328678
1.93,7,331.331044
5.89,11,331.334655
3.93,7,331.336986
1.93,7,331.339299
13.88,12,331.343862
1.94,6,331.345951
5.88,12,331.35004
1.94,6,331.352383
5.9,10,331.355674
1.94,6,331.357861
3.91,9,331.360913
1.95,5,331.362579
5.9,10,331.365778
5.9,10,331.368947
1.93,7,331.592344
3.93,7,331.594764
1.93,7,331.597074
3.93,7,331.59937
1.94,6,331.602169
1.96,4,331.603643
1.96,4,331.605026
1.94,6,331.607007
3.93,7,331.609282
3.93,7,331.611763
1.94,6,331.61383
1.96,4,331.615209
3.93,7,331.617679
5.9,10,331.621102
1.94,6,331.62308
3.91,9,331.625953
1.94,6,331.628381
3.93,7,331.630843
5.9,10,331.634091
1.94,6,331.835278
13.88,12,331.839253
1.96,4,331.840719
3.93,7,331.843051
3.93,7,331.845998
5.88,12,331.850142
5.9,10,331.853431
1.94,6,331.855415
3.93,7,331.857732
3.93,7,331.860031
3.93,7,331.862328
5.9,10,331.865576
3.93,7,331.86786
3.93,7,331.870144
5.9,10,331.873356
3.93,7,331.875654
3.93,7,332.101246
1.96,4,332.102712
3.93,7,332.105016
13.88,12,332.108854
1.96,4,332.110712
1.96,4,332.112311
5.9,10,332.115636
3.93,7,332.117965
13.85,15,332.122837
1.94,6,332.124838
3.93,7,332.12715
3.93,7,332.129453
5.91,9,332.132514
5.9,10,332.136104
1.94,6,332.138142
1.96,4,332.139511
5.88,12,332.143543
13.88,12,332.41062
13.87,13,332.414833
3.93,7,332.417097
5.9,10,332.420267
3.93,7,332.422513
-0.03,3,332.423555
3.93,7,332.42585
3.93,7,332.428619
1.96,4,332.430038
5.9,10,332.433268
1.94,6,332.435247
1.94,6,332.437676
13.88,12,332.441679
3.93,7,332.443993
1.96,4,332.445363
1.94,6,332.447368
3.93,7,332.449666
5.9,10,332.693007
3.93,7,332.695367
1.96,4,332.696729
3.93,7,332.698995
5.87,13,332.703759
1.96,4,332.705239
3.93,7,332.707565
3.93,7,332.709919
1.96,4,332.711283
3.93,7,332.713602
5.91,9,332.716659
5.9,10,332.719893
1.94,6,332.721858
1.94,6,332.723835
5.89,11,332.728131
3.91,9,332.731126
5.9,10,332.959605
3.91,9,332.962708
3.93,7,332.965682
5.9,10,332.969473
1.94,6,332.971613
1.96,4,332.972999
1.94,6,332.975024
13.87,13,332.979978
1.94,6,332.982074
5.89,11,332.985627
1.96,4,332.986989
1.94,6,332.988954
3.93,7,332.991239
1.96,4,332.99258
3.93,7,332.994841
3.93,7,332.997115
3.93,7,332.99939
3.93,7,333.001654
5.9,10,333.239959
3.93,7,333.242379
3.93,7,333.244666
3.93,7,333.246963
5.9,10,333.250158
1.96,4,333.251495
3.91,9,333.254338
3.94,6,333.256286
5.88,12,333.260604
3.92,8,333.263421
1.94,6,333.265412
1.96,4,333.266749
3.93,7,333.269004
3.93,7,333.271611
1.96,4,333.273018
5.84,16,333.278309
5.9,10,333.281606
3.9,10,333.556025
5.9,10,333.559303
-0.05,5,333.560964
1.94,6,333.563444
3.93,7,333.565922
3.93,7,333.568265
3.93,7,333.570802
3.93,7,333.573149
1.94,6,333.575133
1.93,7,333.577418
13.88,12,333.58126
3.93,7,333.583537
3.89,11,333.587027
3.9,10,333.590218
3.93,7,333.592539
-0.06,6,333.594981
1.94,6,333.819251
3.94,6,333.821365
13.87,13,333.825503
1.94,6,333.827557
3.91,9,333.830469
3.93,7,333.832734
3.93,7,333.835854
3.93,7,333.838378
3.93,7,333.840734
13.87,13,333.845137
3.91,9,333.84845
5.84,16,333.853755
1.96,4,333.855139
5.9,10,333.858472
-0.04,4,333.860067
-0.04,4,333.861566
5.9,10,334.133162
3.93,7,334.135612
1.96,4,334.137015
3.93,7,334.139283
13.87,13,334.14416
5.88,12,334.14802
1.94,6,334.150374
3.93,7,334.153014
5.9,10,334.156267
3.89,11,334.159922
3.93,7,334.162413
1.96,4,334.163838
3.88,12,334.167731
13.87,13,334.171899
-0.01,1,334.172329
1.93,7,334.174693
3.93,7,334.413514
5.88,12,334.417437
5.9,10,334.421038
5.87,13,334.42573
5.9,10,334.42903
1.96,4,334.430634
1.93,7,334.433156
3.93,7,334.43548
5.9,10,334.438702
5.9,10,334.441932
5.9,10,334.445141
3.93,7,334.447432
3.93,7,334.449698
1.95,5,334.451351
3.93,7,334.453628
1.94,6,334.683729
1.94,6,334.685842
13.88,12,334.689684
3.9,10,334.693425
13.87,13,334.697747
1.94,6,334.699771
1.94,6,334.701784
5.87,13,334.70595
1.94,6,334.707923
3.93,7,334.710203
3.93,7,334.71248
3.93,7,334.714806
3.93,7,334.717539
3.91,9,334.7206
3.91,9,334.7235
3.93,7,334.954204
3.93,7,334.95688
3.93,7,334.959242
5.88,12,334.96346
1.93,7,334.965995
3.9,10,334.969944
3.93,7,334.972331
3.91,9,334.975661
1.94,6,334.977705
3.93,7,334.980034
1.94,6,334.982027
5.81,19,334.988407
3.93,7,334.99084
1.96,4,334.992228
3.92,8,334.994873
13.88,12,335.321765
1.94,6,335.323956
1.96,4,335.325322
1.94,6,335.327291
5.87,13,335.331405
5.91,9,335.334273
3.91,9,335.337119
5.88,12,335.34118
3.9,10,335.34494
1.93,7,335.34733
3.93,7,335.349937
3.94,6,335.352185
5.9,10,335.355483
3.93,7,335.357776
5.9,10,335.361126
1.94,6,335.363091
13.88,12,335.597433
5.9,10,335.600725
1.94,6,335.60294
3.87,13,335.607413
5.83,17,335.6134
1.94,6,335.615475
13.88,12,335.619619
3.91,9,335.62263
1.94,6,335.624647
3.93,7,335.626954
3.93,7,335.629251
5.88,12,335.633237
1.96,4,335.634799
3.93,7,335.637176
5.9,10,335.913174
1.96,4,335.914609
1.94,6,335.91659
3.93,7,335.918853
13.88,12,335.922963
3.93,7,335.925386
3.93,7,335.927677
5.9,10,335.930871
1.94,6,335.933265
1.94,6,335.93553
3.93,7,335.937834
5.86,14,335.94226
1.92,8,335.944815
3.93,7,335.947076
5.9,10,335.950236
3.89,11,335.953688
1.96,4,336.199507
3.9,10,336.202834
1.96,4,336.204188
1.94,6,336.206143
5.9,10,336.209905
1.93,7,336.212338
1.94,6,336.214686
3.93,7,336.217085
1.94,6,336.219282
13.88,12,336.22317
3.91,9,336.226068
1.94,6,336.228298
3.93,7,336.23072
3.93,7,336.233059
3.89,11,336.236614
1.96,4,336.237971
1.94,6,336.239941
3.93,7,336.24223
1.94,6,336.464631
1.96,4,336.46616
5.84,16,336.472028
3.93,7,336.474487
-0.06,6,336.476784
3.93,7,336.479278
1.86,14,336.483737
1.91,9,336.486612
1.94,6,336.48856
5.9,10,336.491728
1.89,11,336.495191
3.91,9,336.498039
3.9,10,336.501199
3.91,9,336.504035
1.96,4,336.505354
5.9,10,336.769716
3.89,11,336.773396
13.87,13,336.778007
3.93,7,336.780459
-0.06,6,336.782473
5.9,10,336.785752
13.88,12,336.78964
5.9,10,336.792891
3.91,9,336.79579
3.93,7,336.798674
1.92,8,336.801504
3.91,9,336.804451
1.96,4,336.805799
5.85,15,337.035009
3.93,7,337.03743
1.93,7,337.03971
5.86,14,337.044156
3.89,11,337.047644
5.9,10,337.051332
13.84,16,337.056545
3.93,7,337.058878
1.96,4,337.060361
3.93,7,337.06309
1.96,4,337.064496
5.89,11,337.068062
13.87,13,337.072215
1.94,6,337.074194
3.86,14,337.347206
-0.05,5,337.348938
5.9,10,337.352451
5.9,10,337.355743
1.87,13,337.360011
3.88,12,337.36388
1.96,4,337.365217
3.93,7,337.367473
1.94,6,337.36956
3.93,7,337.371835
13.81,19,337.378929
3.9,10,337.382499
3.93,7,337.385129
1.89,11,337.389015
3.93,7,337.689036
3.93,7,337.691407
3.93,7,337.693684
1.92,8,337.696276
-0.06,6,337.698218
3.93,7,337.700481
1.93,7,337.702744
5.84,16,337.707735
3.93,7,337.709972
1.93,7,337.712205
3.89,11,337.71622
1.96,4,337.717675
13.88,12,337.721581
1.93,7,337.723899
3.93,7,337.726929
3.93,7,337.72929
1.88,12,338.00898
13.85,15,338.013857
1.93,7,338.016827
1.89,11,338.020652
1.95,5,338.022333
5.85,15,338.02715
5.9,10,338.030393
1.96,4,338.031741
5.9,10,338.034925
5.9,10,338.0381
1.96,4,338.039449
5.9,10,338.042656
1.96,4,338.043998
-0.07,7,338.04624
-0.07,7,338.302398
5.85,15,338.30737
1.96,4,338.308726
3.93,7,338.311016
3.91,9,338.314548
1.94,6,338.316659
1.93,7,338.318976
3.93,7,338.3213
1.96,4,338.322666
1.96,4,338.324025
3.93,7,338.326343
3.93,7,338.328651
3.93,7,338.330975
1.91,9,338.333899
1.96,4,338.335262
3.93,7,338.337554
3.93,7,338.339858
3.93,7,338.342324
13.87,13,338.612044
13.88,12,338.616015
1.96,4,338.61756
3.93,7,338.619923
1.96,4,338.621283
5.9,10,338.624469
1.93,7,338.626715
5.88,12,338.63048
1.96,4,338.632437
3.93,7,338.634968
5.9,10,338.638276
5.9,10,338.641793
1.95,5,338.643794
1.93,7,338.64616
3.9,10,338.649366
3.93,7,338.651768
1.94,6,338.653787
1.94,6,338.874421
3.93,7,338.876796
3.93,7,338.879058
1.96,4,338.880385
1.93,7,338.883141
1.96,4,338.884671
1.93,7,338.887063
3.91,9,338.89006
5.82,18,338.896415
3.93,7,338.898815
5.88,12,338.902954
5.9,10,338.906199
3.83,17,338.911884
3.93,7,338.914194
13.68,32,339.218078
3.93,7,339.221115
5.86,14,339.226341
3.91,9,339.22973
3.93,7,339.232464
0.0,100,339.936976
1.68,32,339.947409
3.87,13,339.951555
13.87,13,339.955716
1.96,4,339.95707
3.9,10,339.960269
3.9,10,339.963461
3.92,8,339.966178
1.77,23,340.440472
1.96,4,340.441908
1.87,13,340.446697
3.93,7,340.449051
1.93,7,340.451327
4.57,43,340.464801
-0.05,5,340.466538
5.66,34,341.045253
1.92,8,341.048275
5.67,33,341.059278
3.93,7,341.06161
5.77,23,341.068906
13.7,30,341.078576
1.88,12,341.082399
3.8,20,341.545751
1.85,15,341.552013
13.35,65,341.573367
13.72,28,341.582306
3.89,11,341.585833
1.96,4,342.124439
1.96,4,342.125899
1.85,15,342.131252
1.88,12,342.13593
5.87,13,342.14014
13.44,56,342.159786
5.86,14,342.164621
1.94,6,342.1667
3.75,25,342.86101
3.93,7,342.863801
1.96,4,342.865336
1.88,12,342.869488
1.88,12,342.873422
5.78,22,342.881314
3.89,11,342.885236
3.78,22,342.892405
1.96,4,342.893974
3.91,9,342.897285
13.84,16,343.24302
3.93,7,343.245566
1.94,6,343.247734
13.55,45,343.262977
1.96,4,343.264452
1.96,4,343.265856
5.9,10,343.269607
1.94,6,343.271869
1.88,12,343.275898
1.89,11,343.279573
5.85,15,343.799365
3.91,9,343.802482
5.87,13,343.80681
5.88,12,343.811488
3.78,22,343.818846
3.7,30,343.828588
5.7,30,343.839013
1.96,4,343.840457
1.82,18,344.272526
1.96,4,344.27394
1.96,4,344.275293
1.86,14,344.2801
3.82,18,344.28599
3.92,8,344.288669
3.78,22,344.296719
3.89,11,344.300288
1.96,4,344.301788
5.9,10,344.30509
3.91,9,344.308126
1.89,11,344.311812
5.81,19,344.657043
5.75,25,344.665586
1.96,4,344.667241
3.89,11,344.671822
1.91,9,344.674767
1.86,14,344.679772
5.9,10,344.683318
1.96,4,344.684832
3.93,7,344.687272
5.9,10,344.690528
3.84,16,345.069986
1.96,4,345.071524
3.88,12,345.075387
5.86,14,345.080474
1.87,13,345.085141
3.84,16,345.090843
1.87,13,345.095406
3.9,10,345.098655
3.91,9,345.101949
3.76,24,345.110027
1.93,7,345.112565
1.94,6,345.480966
5.88,12,345.485053
3.9,10,345.488273
1.96,4,345.489988
3.89,11,345.494087
1.91,9,345.497097
5.9,10,345.50033
5.79,21,345.507344
3.88,12,345.511355
3.92,8,345.514442
3.9,10,345.517683
3.9,10,345.521204
3.92,8,345.523842
13.88,12,345.837765
3.9,10,345.841192
1.89,11,345.844902
1.94,6,345.847051
1.88,12,345.850964
5.9,10,345.854297
3.91,9,345.857306
3.92,8,345.859991
3.91,9,345.862929
3.93,7,345.865261
1.96,4,345.866711
5.9,10,345.870237
5.74,26,346.210644
1.96,4,346.212113
3.91,9,346.215053
3.93,7,346.217574
3.93,7,346.220378
5.86,14,346.224939
1.96,4,346.226286
-0.05,5,346.227908
3.89,11,346.232015
3.9,10,346.235346
3.93,7,346.23767
3.9,10,346.240897
3.93,7,346.243193
5.86,14,346.247659
1.96,4,346.249005
5.81,19,346.502063
5.87,13,346.506273
3.93,7,346.509402
3.86,14,346.514228
5.87,13,346.518401
13.88,12,346.522707
3.93,7,346.525036
3.89,11,346.528645
1.9,10,346.531988
3.9,10,346.535567
3.93,7,346.538139
3.93,7,346.540431
1.93,7,346.542695
13.87,13,346.785006
13.88,12,346.788899
3.89,11,346.793055
1.96,4,346.794516
3.89,11,346.798185
13.88,12,346.802513
5.86,14,346.807407
1.93,7,346.80989
13.82,18,346.815643
5.88,12,346.819849
5.9,10,346.823137
13.79,21,347.120535
1.96,4,347.12196
3.93,7,347.124223
1.96,4,347.125568
5.81,19,347.132528
3.93,7,347.135008
3.91,9,347.137943
3.93,7,347.140203
3.81,19,347.146238
3.89,11,347.1501
3.84,16,347.15558
5.87,13,347.460379
5.83,17,347.465789
13.85,15,347.471097
3.9,10,347.474418
5.88,12,347.47853
3.88,12,347.482369
1.94,6,347.484337
3.93,7,347.486619
5.9,10,347.489813
5.86,14,347.494225
1.94,6,347.496164
3.93,7,347.498426
3.93,7,347.500685
3.93,7,347.774377
3.89,11,347.778279
5.88,12,347.782237
3.84,16,347.78753
-0.08,8,347.790187
5.9,10,347.793796
5.9,10,347.797508
1.94,6,347.799578
3.91,9,347.802665
5.9,10,347.806128
5.84,16,347.811573
1.86,14,347.816085
5.9,10,348.08397
1.86,14,348.0893
5.9,10,348.093429
1.96,4,348.094856
13.78,22,348.102293
3.93,7,348.104708
3.9,10,348.108126
5.9,10,348.111433
1.96,4,348.112797
5.87,13,348.116904
3.91,9,348.120068
1.94,6,348.122063
3.93,7,348.124337
1.89,11,348.483358
5.85,15,348.488529
1.96,4,348.489932
1.96,4,348.491316
1.96,4,348.492692
5.87,13,348.496949
5.86,14,348.501846
1.94,6,348.504329
5.9,10,348.50826
1.82,18,348.51436
5.9,10,348.51782
5.7,30,348.866999
5.9,10,348.870425
3.89,11,348.87397
3.89,11,348.877909
5.75,25,348.88686
1.96,4,348.888301
3.85,15,348.893447
1.94,6,348.895527
3.88,12,348.899779
1.96,4,348.90123
3.9,10,348.90477
1.96,4,348.906165
3.93,7,348.908463
1.96,4,349.297118
1.93,7,349.299509
3.93,7,349.302339
3.93,7,349.304815
13.76,24,349.313097
1.94,6,349.31514
5.9,10,349.318549
1.96,4,349.319931
3.93,7,349.322212
5.9,10,349.325412
3.9,10,349.32894
1.96,4,349.330386
1.96,4,349.331767
1.96,4,349.333121
3.93,7,349.335966
1.96,4,349.337514
5.9,10,349.340861
1.96,4,349.729888
3.88,12,349.734056
13.86,14,349.738572
1.86,14,349.743436
5.76,24,349.751756
3.93,7,349.754336
3.91,9,349.757346
13.58,42,349.771216
1.96,4,350.328754
1.96,4,350.330287
1.86,14,350.334954
5.86,14,350.340386
1.94,6,350.342451
13.77,23,350.350867
3.93,7,350.353322
3.88,12,350.357156
3.81,19,350.36331
3.88,12,350.367301
1.94,6,350.369482
3.93,7,350.37206
1.96,4,350.72252
3.92,8,350.72531
3.88,12,350.729571
1.96,4,350.731332
1.96,4,350.73301
3.55,45,350.747746
3.91,9,350.750625
1.96,4,350.752443
3.87,13,350.756899
3.87,13,350.761799
3.93,7,350.764238
3.91,9,351.384233
5.29,71,351.407717
1.91,9,351.410844
13.75,25,351.419216
1.96,4,351.420716
1.94,6,351.422749
1.93,7,351.42509
5.73,27,352.244184
5.86,14,352.249063
3.93,7,352.25177
3.72,28,352.261518
5.77,23,352.269081
1.94,6,352.271114
1.96,4,352.272459
5.86,14,352.276936
3.87,13,352.679314
3.86,14,352.683934
3.91,9,352.686921
1.96,4,352.688269
3.88,12,352.692146
1.96,4,352.69392
3.65,35,352.705778
13.4,60,353.320934
3.91,9,353.323988
3.6,40,353.33714
1.94,6,353.33961
5.32,68,353.935749
3.68,32,353.946694
13.88,12,353.950757
13.74,26,353.959153
13.84,16,353.964851
1.96,4,353.966343
1.96,4,353.967703
3.88,12,353.971502
3.79,21,354.416854
1.93,7,354.419227
3.89,11,354.422723
3.9,10,354.426768
5.9,10,354.430038
1.96,4,354.431386
3.89,11,354.435422
1.96,4,354.436969
5.83,17,354.442519
5.88,12,354.446434
3.93,7,354.448734
5.9,10,354.45199
3.87,13,354.456152
5.59,41,354.744135
3.91,9,354.747149
1.88,12,354.751
3.76,24,354.758601
5.74,26,354.766918
5.86,14,354.771365
1.94,6,354.773333
3.93,7,355.141473
3.93,7,355.144016
0.0,100,355.175949
0.0,100,355.902552
5.21,79,356.651737
0.0,100,357.370276
1.88,12,357.37452
1.8,20,357.380899
3.88,12,357.384771
5.43,57,357.402946
1.96,4,357.404385
3.88,12,357.408379
3.89,11,358.081832
1.81,19,358.087927
3.88,12,358.091712
0.0,100,358.807368
3.93,7,358.809937
3.93,7,358.812235
1.93,7,358.814558
3.93,7,358.817549
5.89,11,358.821251
3.91,9,358.824153
3.89,11,358.82792
3.92,8,358.830574
3.91,9,358.833488
5.9,10,358.836852
3.89,11,358.840624
5.89,11,358.844277
3.89,11,359.036063
13.8,20,359.042724
3.89,11,359.046282
3.9,10,359.049507
1.96,4,359.050852
3.93,7,359.053125
5.87,13,359.057278
5.76,24,359.065461
3.9,10,359.06878
5.56,44,359.459434
3.86,14,359.46447
3.9,10,359.467975
3.93,7,359.470514
5.9,10,359.473848
1.96,4,359.475208
1.93,7,359.477513
5.75,25,359.485907
3.9,10,359.489141
1.93,7,359.491852
3.92,8,359.494776
3.9,10,359.856814
5.81,19,359.863145
3.86,14,359.868671
5.9,10,359.87195
1.94,6,359.873911
3.92,8,359.877037
1.94,6,359.879305
5.9,10,359.882717
1.93,7,359.885219
5.89,11,359.889323
1.94,6,359.891447
5.89,11,359.895181
5.9,10,359.899002
3.9,10,360.215329
13.87,13,360.219672
3.91,9,360.222567
5.5,50,360.238656
1.96,4,360.240103
3.93,7,360.242417
3.92,8,360.245361
3.92,8,360.248388
1.96,4,360.249788
1.93,7,360.252087
1.91,9,360.255278
3.93,7,360.257716
3.9,10,360.947904
5.79,21,360.955156
3.9,10,360.958537
3.93,7,360.960853
1.93,7,360.963175
1.94,6,360.9652
1.94,6,360.967175
1.96,4,360.968528
3.89,11,360.972049
1.96,4,360.973424
1.94,6,360.975386
13.72,28,360.984349
3.92,8,360.986974
13.87,13,361.392413
3.93,7,361.394826
3.92,8,361.398025
13.88,12,361.402047
3.92,8,361.404657
5.88,12,361.409059
3.93,7,361.411502
-0.01,1,361.411945
3.93,7,361.414261
3.9,10,361.417556
3.92,8,361.420157
3.9,10,361.423387
1.94,6,361.42535
-0.02,2,361.426064
5.71,29,361.715866
5.87,13,361.720449
3.89,11,361.724293
13.82,18,361.730283
13.88,12,361.734921
3.91,9,361.738069
1.93,7,361.740414
-0.01,1,361.740849
1.9,10,361.744117
5.9,10,361.747782
5.82,18,361.75399
13.7,30,362.054592
3.89,11,362.058305
3.93,7,362.06061
1.96,4,362.061964
3.9,10,362.065227
1.96,4,362.066646
13.88,12,362.070929
3.93,7,362.073263
3.93,7,362.07554
5.87,13,362.080149
5.9,10,362.083615
13.84,16,362.088783
1.96,4,362.09015
5.9,10,362.442133
3.93,7,362.444625
3.86,14,362.44947
1.94,6,362.451789
3.9,10,362.455149
3.93,7,362.457721
13.81,19,362.464255
3.93,7,362.466604
3.88,12,362.470454
3.92,8,362.473075
13.88,12,362.476961
5.9,10,362.480165
13.84,16,362.784838
3.91,9,362.789018
3.93,7,362.791463
3.93,7,362.793954
1.88,12,362.798156
3.92,8,362.800896
3.83,17,362.806526
5.9,10,362.810602
5.81,19,362.816909
1.9,10,362.820342
3.88,12,362.824221
3.93,7,362.826639
1.96,4,363.133128
3.84,16,363.138413
1.94,6,363.140464
5.7,30,363.150247
3.9,10,363.154046
13.72,28,363.163421
3.91,9,363.166462
3.87,13,363.170822
3.89,11,363.174711
13.83,17,363.628719
1.94,6,363.630807
3.89,11,363.634378
13.88,12,363.638199
3.88,12,363.642018
1.96,4,363.643366
13.78,22,363.650866
13.85,15,363.655815
5.8,20,363.662998
3.89,11,363.998628
3.88,12,364.002781
1.96,4,364.004171
1.96,4,364.00556
5.82,18,364.011373
3.9,10,364.01463
5.83,17,364.020168
3.91,9,364.02323
1.94,6,364.025848
3.76,24,364.034072
3.93,7,364.036414
3.91,9,364.039284
3.88,12,364.407275
3.93,7,364.409896
1.96,4,364.411604
3.91,9,364.414715
5.84,16,364.420077
13.8,20,364.426689
5.86,14,364.431283
5.84,16,364.436421
3.91,9,364.439411
5.66,34,364.835206
5.78,22,364.842558
0.0,100,364.875862
3.93,7,365.68042
3.93,7,365.682803
1.96,4,365.684143
1.89,11,365.688127
-0.01,1,365.688632
3.87,13,365.693182
1.96,4,365.694824
-0.01,1,365.695278
-0.01,1,365.695712
3.93,7,365.698263
3.88,12,365.702325
3.9,10,365.705595
1.93,7,365.707911
13.88,12,365.711786
1.94,6,365.713782
3.91,9,365.716679
1.96,4,365.718035
3.93,7,365.720301
3.75,25,365.968409
3.93,7,365.970823
3.89,11,365.974393
13.43,57,365.992814
3.7,30,366.002249
5.9,10,366.542041
5.56,44,366.556995
3.87,13,366.561392
3.88,12,366.566016
5.72,28,366.57543
1.96,4,366.577249
3.93,7,366.579774
1.93,7,366.582073
3.7,30,367.177851
1.94,6,367.180435
5.82,18,367.187238
1.9,10,367.190967
3.93,7,367.193609
3.88,12,367.197871
1.96,4,367.199601
1.93,7,367.202115
3.8,20,367.20846
3.93,7,367.210993
3.86,14,367.577721
1.96,4,367.579311
13.78,22,367.586686
3.88,12,367.590811
3.9,10,367.594489
3.93,7,367.597078
1.9,10,367.600523
3.85,15,367.606447
1.94,6,367.608719
5.9,10,367.61223
3.93,7,367.614541
1.94,6,367.616506
13.77,23,367.962303
1.96,4,367.963782
1.96,4,367.965152
1.93,7,367.967426
5.9,10,367.971164
1.96,4,367.97266
1.93,7,367.974996
5.8,20,367.982546
3.93,7,367.985099
1.96,4,367.986524
5.87,13,367.990894
1.88,12,367.99487
1.93,7,367.997179
5.86,14,368.001769
3.89,11,368.318575
3.93,7,368.321143
3.78,22,368.328289
1.89,11,368.331799
1.96,4,368.333143
3.93,7,368.33546
1.92,8,368.33803
1.83,17,368.343485
3.74,26,368.35242
5.75,25,368.361189
5.9,10,368.750312
5.79,21,368.757533
3.93,7,368.760198
5.88,12,368.76416
5.81,19,368.770603
5.8,20,368.777169
3.88,12,368.781573
5.86,14,368.786417
1.96,4,368.787839
1.96,4,368.789242
3.88,12,369.116486
5.83,17,369.122243
1.94,6,369.124259
5.81,19,369.130496
1.91,9,369.133499
1.89,11,369.137427
3.89,11,369.140962
3.91,9,369.1444
3.93,7,369.147015
3.91,9,369.150139
5.55,45,369.505754
5.74,26,369.514909
5.88,12,369.519376
1.96,4,369.521311
3.9,10,369.525188
5.9,10,369.529009
1.93,7,369.531783
3.93,7,369.534197
1.96,4,369.535584
1.96,4,369.53695
13.03,97,369.938648
1.96,4,369.940115
5.47,53,370.560065
5.88,12,370.564597
1.96,4,370.566008
1.96,4,370.567888
1.96,4,370.569503
3.88,12,370.573719
3.89,11,370.577653
5.67,33,370.588679
5.82,18,370.594569
1.94,6,370.596609
5.69,31,371.06149
1.96,4,371.063042
3.93,7,371.065361
3.9,10,371.069444
5.86,14,371.073949
3.88,12,371.078271
5.88,12,371.082407
3.88,12,371.087063
13.88,12,371.091195
3.93,7,371.093719
1.94,6,371.095783
13.88,12,371.099642
3.91,9,371.103086
3.91,9,371.346498
5.9,10,371.349803
3.93,7,371.3521
3.93,7,371.354853
3.93,7,371.357261
1.94,6,371.359485
3.9,10,371.363385
1.88,12,371.3673
5.9,10,371.37058
1.94,6,371.372556
5.9,10,371.375766
5.86,14,371.380221
5.89,11,371.383743
1.94,6,371.385682
5.83,17,371.636662
3.94,6,371.638734
3.93,7,371.641035
3.87,13,371.645209
1.94,6,371.647196
3.93,7,371.649722
1.96,4,371.651145
3.92,8,371.654303
13.78,22,371.661743
5.87,13,371.665943
1.93,7,371.668264
1.96,4,371.669645
1.96,4,371.670992
3.93,7,371.673289
5.89,11,372.013176
1.93,7,372.015843
1.96,4,372.017306
5.9,10,372.020609
1.93,7,372.022884
3.93,7,372.025828
3.93,7,372.028289
3.92,8,372.030989
1.96,4,372.032449
1.96,4,372.034312
5.89,11,372.038259
3.91,9,372.041344
1.93,7,372.043821
3.9,10,372.047304
3.88,12,372.051425
1.92,8,372.054201
13.88,12,372.27941
3.93,7,372.281809
5.9,10,372.285193
5.89,11,372.288907
5.8,20,372.295205
3.88,12,372.299034
3.91,9,372.301938
1.94,6,372.303907
3.93,7,372.306174
5.89,11,372.309685
5.88,12,372.313466
1.96,4,372.314902
13.88,12,372.319204
3.91,9,372.632599
1.93,7,372.634993
3.93,7,372.637289
1.94,6,372.639241
13.86,14,372.644288
1.93,7,372.646671
1.96,4,372.648428
5.86,14,372.653443
1.93,7,372.655817
5.87,13,372.660556
5.85,15,372.665509
5.85,15,372.670365
3.93,7,372.672671
3.93,7,372.926142
1.94,6,372.928362
1.93,7,372.930715
5.88,12,372.934588
3.91,9,372.937491
13.88,12,372.941634
5.86,14,372.946712
5.88,12,372.950879
3.92,8,372.95357
5.87,13,372.957737
1.93,7,372.960034
3.91,9,372.962952
1.93,7,372.965254
3.91,9,372.968165
1.94,6,373.210221
3.93,7,373.212635
5.9,10,373.215887
5.9,10,373.219584
3.93,7,373.222032
3.93,7,373.224338
5.89,11,373.227856
3.93,7,373.230127
1.96,4,373.231552
3.91,9,373.234561
5.87,13,373.239121
1.96,4,373.240569
3.86,14,373.245351
3.89,11,373.248958
3.92,8,373.251534
5.88,12,373.503209
5.9,10,373.506485
1.94,6,373.508444
1.96,4,373.509781
1.94,6,373.511715
3.91,9,373.514569
5.9,10,373.517724
5.88,12,373.522011
5.89,11,373.525634
5.88,12,373.529479
1.94,6,373.531998
1.96,4,373.533481
3.91,9,373.536494
13.88,12,373.540503
3.89,11,373.759913
3.93,7,373.762449
5.87,13,373.766582
3.92,8,373.770061
13.88,12,373.774103
3.93,7,373.776386
5.88,12,373.780851
3.9,10,373.784244
3.91,9,373.787298
5.65,35,373.798713
5.85,15,374.285396
3.9,10,374.289013
1.93,7,374.291375
3.93,7,374.294212
1.96,4,374.295843
5.71,29,374.305327
3.93,7,374.307689
3.93,7,374.310018
5.9,10,374.31324
5.85,15,374.318648
1.96,4,374.320131
3.91,9,374.32306
1.94,6,374.325334
3.9,10,374.711615
1.93,7,374.714127
3.93,7,374.716431
5.47,53,374.734982
5.9,10,374.738294
3.91,9,374.741787
5.71,29,374.75129
13.87,13,375.369936
0.0,100,375.403388
3.89,11,375.407535
1.94,6,375.410006
1.94,6,375.412191
5.79,21,376.271753
5.67,33,376.283127
1.94,6,376.28516
5.84,16,376.290189
0.0,100,376.83257
5.61,39,376.845619
1.94,6,376.847642
3.93,7,376.849918
1.96,4,376.851254
1.96,4,376.852589
1.94,6,376.854526
1.96,4,376.856053
3.93,7,376.858514
1.94,6,376.860954
1.96,4,377.455245
3.88,12,377.459162
1.96,4,377.460503
13.82,18,377.46687
5.9,10,377.470247
3.89,11,377.473905
3.92,8,377.476535
1.94,6,377.478517
5.9,10,377.481778
3.91,9,377.484919
3.93,7,377.487219
1.94,6,377.489151
1.93,7,377.491379
1.96,4,377.492696
1.96,4,377.494017
3.93,7,377.496615
1.93,7,377.796238
5.74,26,377.80513
5.84,16,377.810449
3.89,11,377.813983
3.92,8,377.816697
1.96,4,377.818282
1.96,4,377.819932
1.94,6,377.821977
1.96,4,377.823365
5.88,12,377.827203
13.88,12,377.831451
1.93,7,377.833836
3.93,7,377.836148
1.93,7,378.199483
3.93,7,378.202031
3.93,7,378.204341
1.93,7,378.206625
13.86,14,378.211667
3.9,10,378.215032
3.93,7,378.217317
5.75,25,378.225201
3.93,7,378.227474
3.89,11,378.231516
1.96,4,378.232927
5.82,18,378.238614
1.94,6,378.241087
1.96,4,378.242513
1.96,4,378.612899
5.84,16,378.618049
1.96,4,378.619405
3.92,8,378.62249
1.92,8,378.625303
3.88,12,378.629175
3.93,7,378.631517
5.47,53,378.648269
0.0,100,379.279811
5.38,62,379.943255
1.96,4,379.944821
1.94,6,379.947424
1.94,6,379.949617
5.79,21,379.957208
5.78,22,379.964686
3.9,10,379.967945
1.91,9,379.970852
3.88,12,379.974751
1.9,10,379.977942
1.96,4,379.979291
3.89,11,380.327293
5.84,16,380.332554
3.93,7,380.335357
1.95,5,380.337394
3.93,7,380.339845
13.85,15,380.344641
1.96,4,380.345992
3.89,11,380.349492
5.89,11,380.352969
3.89,11,380.356425
5.89,11,380.360096
13.86,14,380.364639
1.96,4,380.365991
3.88,12,380.633859
1.95,5,380.635638
5.89,11,380.639176
5.74,26,380.647285
3.92,8,380.650143
3.91,9,380.653458
1.94,6,380.655543
3.92,8,380.658268
5.79,21,380.665074
1.96,4,380.666448
1.94,6,380.668423
3.93,7,380.670718
1.96,4,380.672063
13.8,20,381.05926
3.89,11,381.062861
3.9,10,381.066494
1.94,6,381.068529
3.92,8,381.07116
1.96,4,381.072514
1.94,6,381.074884
1.95,5,381.076841
5.85,15,381.081893
1.96,4,381.08333
1.93,7,381.086035
5.72,28,381.095197
5.9,10,381.098429
3.9,10,381.49238
3.91,9,381.49551
1.94,6,381.497542
5.83,17,381.503012
1.94,6,381.505009
1.96,4,381.506374
3.93,7,381.508655
3.91,9,381.511577
3.93,7,381.513881
1.96,4,381.515236
5.88,12,381.519059
1.95,5,381.520719
3.91,9,381.52409
3.93,7,381.526434
3.92,8,381.529047
1.94,6,381.530982
3.92,8,381.828403
3.93,7,381.830838
1.94,6,381.832849
3.88,12,381.837211
3.93,7,381.839742
1.94,6,381.84178
1.96,4,381.843153
5.76,24,381.850826
3.89,11,381.854366
1.96,4,381.855875
1.93,7,381.858243
1.96,4,381.859605
1.96,4,381.860982
1.94,6,381.862986
3.89,11,381.866904
1.94,6,381.86936
3.92,8,382.240857
5.42,58,382.259411
5.57,43,382.273232
3.91,9,382.2765
3.91,9,382.279483
1.93,7,382.855549
5.89,11,382.860366
1.96,4,382.861868
13.72,28,382.872165
1.94,6,382.874685
5.86,14,382.880072
3.89,11,382.884262
3.92,8,382.887029
3.93,7,382.88954
1.94,6,382.891965
5.88,12,382.895973
3.93,7,382.898411
3.93,7,382.900895
5.9,10,383.324964
1.94,6,383.327993
5.82,18,383.333773
3.93,7,383.336043
3.89,11,383.340264
3.81,19,383.346655
1.93,7,383.34894
3.89,11,383.352464
5.89,11,383.355936
5.75,25,383.365026
3.89,11,383.723026
3.88,12,383.727092
5.92,8,383.729683
3.94,6,383.732153
5.86,14,383.736959
1.95,5,383.738702
1.91,9,383.742113
3.87,13,383.74676
5.91,9,383.74979
3.89,11,383.753409
1.94,6,383.755418
1.92,8,383.758104
3.89,11,383.761674
5.57,43,384.016215
1.96,4,384.017685
5.89,11,384.021265
3.93,7,384.023639
5.81,19,384.030376
3.91,9,384.033376
13.87,13,384.038193
1.96,4,384.039628
1.96,4,384.040997
1.96,4,384.042344
1.96,4,384.043918
3.88,12,384.047913
1.95,5,384.049618
1.94,6,384.468803
5.9,10,384.472207
3.93,7,384.474535
13.87,13,384.478672
1.96,4,384.480003
1.94,6,384.482562
1.96,4,384.484002
5.84,16,384.489278
3.9,10,384.492515
5.85,15,384.497324
3.93,7,384.499609
3.91,9,384.502489
1.93,7,384.504742
5.87,13,384.508827
5.89,11,384.777209
1.96,4,384.778751
1.96,4,384.78013
1.96,4,384.781532
13.87,13,384.785959
13.87,13,384.790166
5.78,22,384.797976
5.9,10,384.801509
3.91,9,384.804862
3.9,10,384.808071
1.96,4,384.809407
3.94,6,384.811355
5.83,17,384.817836
13.87,13,385.156663
5.9,10,385.159961
1.96,4,385.161338
3.89,11,385.165438
1.96,4,385.166982
3.9,10,385.17063
1.94,6,385.172651
1.93,7,385.174953
3.9,10,385.178146
3.93,7,385.180428
5.9,10,385.183622
3.94,6,385.185564
1.95,5,385.18719
3.9,10,385.190978
1.96,4,385.192519
3.91,9,385.195778
5.9,10,385.408524
3.89,11,385.413587
13.88,12,385.418616
1.93,7,385.421107
3.9,10,385.424324
3.93,7,385.426596
5.88,12,385.430955
1.96,4,385.432302
1.96,4,385.433647
1.94,6,385.436012
1.94,6,385.438676
3.92,8,385.441567
1.93,7,385.444346
13.87,13,385.448972
3.93,7,385.451538
13.83,17,385.698086
3.93,7,385.700487
3.93,7,385.70286
3.93,7,385.705136
1.94,6,385.707098
5.91,9,385.709987
5.91,9,385.712857
1.93,7,385.715098
5.88,12,385.718871
1.93,7,385.721107
1.93,7,385.723334
5.9,10,385.727289
3.92,8,385.730044
3.92,8,385.732707
1.94,6,385.734658
5.89,11,385.738955
1.96,4,385.965057
13.89,11,385.968745
3.9,10,385.971929
3.94,6,385.973878
13.89,11,385.977339
3.94,6,385.979267
3.91,9,385.982507
3.93,7,385.985117
1.96,4,385.986545
1.96,4,385.987914
1.94,6,385.989914
3.93,7,385.992449
3.94,6,385.994966
3.89,11,385.998671
3.93,7,386.000968
1.94,6,386.003548
3.93,7,386.00611
3.93,7,386.008451
5.91,9,386.223746
1.94,6,386.2258
13.85,15,386.230578
1.94,6,386.232728
3.93,7,386.235465
3.91,9,386.238562
1.93,7,386.241133
3.92,8,386.244131
5.9,10,386.247424
3.93,7,386.249698
1.94,6,386.252139
3.9,10,386.255395
3.93,7,386.257653
13.87,13,386.26176
3.92,8,386.264342
13.86,14,386.516098
3.91,9,386.519143
13.89,11,386.522726
3.93,7,386.525376
3.93,7,386.527731
13.87,13,386.531904
5.91,9,386.535381
3.91,9,386.53835
1.95,5,386.540013
5.89,11,386.543802
3.91,9,386.546851
3.92,8,386.549498
1.93,7,386.551827
5.89,11,386.793501
3.92,8,386.796263
5.88,12,386.800139
3.91,9,386.803559
1.96,4,386.805054
5.9,10,386.808395
1.93,7,386.810711
3.9,10,386.813954
1.93,7,386.816638
1.96,4,386.818141
3.92,8,386.820848
5.89,11,386.824419
5.91,9,386.827969
5.89,11,386.831658
1.94,6,386.833661
3.93,7,386.835973
5.91,9,387.05739
3.93,7,387.059826
3.93,7,387.062158
3.93,7,387.065121
1.93,7,387.067486
3.91,9,387.070658
1.94,6,387.07271
3.93,7,387.075037
3.92,8,387.077826
5.91,9,387.080798
3.9,10,387.084191
1.96,4,387.085912
1.93,7,387.088869
1.94,6,387.090909
3.93,7,387.093195
1.94,6,387.095159
5.91,9,387.098477
1.94,6,387.100613
3.93,7,387.298162
3.93,7,387.300626
1.96,4,387.30213
5.9,10,387.305418
1.93,7,387.307707
3.93,7,387.310469
5.89,11,387.314264
3.93,7,387.316572
3.93,7,387.318871
3.93,7,387.321661
1.93,7,387.32407
5.9,10,387.327361
5.91,9,387.330343
1.95,5,387.332052
-0.04,4,387.333403
1.96,4,387.334761
3.91,9,387.337682
5.9,10,387.547606
1.96,4,387.549052
5.89,11,387.552567
1.93,7,387.554812
3.91,9,387.558296
5.89,11,387.561996
1.94,6,387.564008
3.93,7,387.566527
3.93,7,387.56919
3.93,7,387.571562
3.93,7,387.573871
13.87,13,387.578019
1.94,6,387.580447
3.92,8,387.583165
13.88,12,387.587313
5.91,9,387.590266
3.92,8,387.826878
3.93,7,387.8292
3.94,6,387.831151
3.93,7,387.833684
3.93,7,387.836392
3.93,7,387.838775
3.94,6,387.840808
3.93,7,387.843248
5.91,9,387.846333
1.94,6,387.848375
3.92,8,387.850973
3.91,9,387.854234
1.96,4,387.855594
5.91,9,387.858439
13.89,11,387.862402
5.91,9,387.865512
1.94,6,387.867873
3.92,8,388.082214
3.93,7,388.08462
3.93,7,388.086902
5.91,9,388.090255
3.93,7,388.092732
3.94,6,388.094754
3.91,9,388.097677
1.96,4,388.099029
3.92,8,388.101634
3.94,6,388.103598
1.95,5,388.105424
1.94,6,388.107682
3.94,6,388.109811
1.96,4,388.111456
1.96,4,388.112835
3.93,7,388.115181
5.91,9,388.1184
5.91,9,388.12136
3.93,7,388.123652
1.93,7,388.310577
3.93,7,388.312956
1.96,4,388.314715
1.94,6,388.317052
5.89,11,388.321041
5.89,11,388.324736
1.95,5,388.326569
13.86,14,388.331177
3.91,9,388.334146
3.92,8,388.336759
5.9,10,388.339984
1.95,5,388.341652
5.89,11,388.345161
3.91,9,388.348071
1.93,7,388.350349
3.91,9,388.585368
1.96,4,388.586863
1.93,7,388.58922
3.9,10,388.592477
1.94,6,388.59466
3.93,7,388.597034
3.93,7,388.599402
1.96,4,388.600773
5.91,9,388.604321
3.92,8,388.607077
3.93,7,388.609877
1.93,7,388.612277
5.9,10,388.615504
1.94,6,388.617708
3.91,9,388.620806
3.93,7,388.623094
3.93,7,388.625368
3.93,7,388.627638
5.91,9,388.826989
3.93,7,388.829442
5.91,9,388.832363
5.91,9,388.835223
5.88,12,388.838989
3.93,7,388.841232
1.94,6,388.843155
5.91,9,388.846014
3.93,7,388.848262
3.93,7,388.850489
5.9,10,388.853618
3.93,7,388.856023
3.89,11,388.859961
3.93,7,388.862487
1.93,7,388.864783
1.96,4,388.866118
3.91,9,389.09111
5.91,9,389.094191
5.91,9,389.097154
5.9,10,389.100421
1.96,4,389.101776
5.89,11,389.105332
1.94,6,389.107684
5.91,9,389.110693
3.93,7,389.113001
5.91,9,389.116396
5.91,9,389.119551
3.93,7,389.121874
3.92,8,389.124491
1.93,7,389.126781
1.94,6,389.128746
3.93,7,389.131048
5.89,11,389.339982
3.93,7,389.342375
5.92,8,389.344988
1.94,6,389.347246
3.93,7,389.349806
1.95,5,389.351523
13.87,13,389.355754
3.92,8,389.358562
1.93,7,389.361205
3.93,7,389.36354
1.94,6,389.36553
1.96,4,389.366886
5.91,9,389.370059
3.92,8,389.372785
5.91,9,389.375746
3.9,10,389.378987
5.91,9,389.613392
3.93,7,389.615858
3.93,7,389.618176
5.91,9,389.621095
3.93,7,389.623381
3.9,10,389.626583
5.9,10,389.629826
3.93,7,389.632123
5.91,9,389.635018
3.92,8,389.637601
3.93,7,389.639881
3.93,7,389.64217
5.88,12,389.645986
5.91,9,389.649334
5.91,9,389.652321
3.92,8,389.654907
13.89,11,389.872917
3.9,10,389.876176
5.9,10,389.879835
3.93,7,389.882203
3.93,7,389.884544
3.92,8,389.887612
3.93,7,389.889985
5.89,11,389.893722
1.94,6,389.896401
5.91,9,389.899735
13.86,14,389.904345
3.93,7,389.906665
13.87,13,389.910846
5.91,9,390.155535
3.89,11,390.159282
1.93,7,390.161596
3.93,7,390.163876
1.94,6,390.166383
1.96,4,390.167843
3.92,8,390.170677
3.91,9,390.173647
1.96,4,390.175026
5.91,9,390.178321
1.95,5,390.180076
1.94,6,390.182094
13.89,11,390.186007
5.91,9,390.189604
3.93,7,390.19205
3.93,7,390.194544
3.92,8,390.19785
5.92,8,390.200715
5.89,11,390.419277
3.9,10,390.422698
1.96,4,390.424075
5.92,8,390.426732
1.94,6,390.428766
3.93,7,390.431056
1.96,4,390.432397
3.93,7,390.434702
1.96,4,390.436713
1.96,4,390.438579
3.92,8,390.441344
1.95,5,390.443066
3.9,10,390.446332
1.95,5,390.448376
5.88,12,390.452536
1.94,6,390.454559
5.91,9,390.457575
3.93,7,390.460002
13.88,12,390.685423
3.93,7,390.687793
3.92,8,390.69038
3.92,8,390.693376
3.92,8,390.696092
1.94,6,390.698118
3.92,8,390.700742
3.92,8,390.703895
1.94,6,390.705985
1.96,4,390.707568
1.94,6,390.709681
1.95,5,390.711603
3.91,9,390.714578
3.91,9,390.717466
1.93,7,390.719983
5.91,9,390.722944
1.94,6,390.724908
5.91,9,390.924281
3.93,7,390.926738
1.96,4,390.928133
13.88,12,390.932074
1.96,4,390.933456
1.93,7,390.935754
5.91,9,390.938684
1.94,6,390.940688
1.96,4,390.942459
3.93,7,390.945027
3.93,7,390.947384
13.86,14,390.952229
1.94,6,390.954501
3.93,7,390.956835
5.91,9,390.959844
1.96,4,390.96135
5.92,8,390.964048
5.91,9,391.217344
1.95,5,391.219224
3.92,8,391.221835
1.95,5,391.223485
3.93,7,391.225735
13.9,10,391.22995
3.94,6,391.231977
3.93,7,391.23428
3.91,9,391.237721
3.93,7,391.24017
13.88,12,391.24431
5.92,8,391.247384
1.94,6,391.249554
1.95,5,391.251259
1.93,7,391.253612
5.89,11,391.257174
3.91,9,391.26025
3.93,7,391.491003
3.93,7,391.493874
1.95,5,391.495727
3.92,8,391.49838
5.9,10,391.502105
3.92,8,391.504938
5.91,9,391.507885
13.9,10,391.511327
3.91,9,391.514291
3.92,8,391.516966
5.9,10,391.521103
3.93,7,391.523663
1.94,6,391.525707
3.93,7,391.528213
3.92,8,391.531116
13.89,11,391.534911
3.93,7,391.74657
1.96,4,391.748024
3.93,7,391.750307
3.91,9,391.753374
5.91,9,391.756279
13.89,11,391.760118
3.93,7,391.762418
1.96,4,391.763775
13.88,12,391.767566
5.9,10,391.770742
13.89,11,391.774501
13.87,13,391.779186
1.94,6,391.781262
3.93,7,391.784034
3.92,8,391.786919
3.91,9,392.024675
3.93,7,392.02715
3.92,8,392.029886
5.9,10,392.033784
1.96,4,392.035613
5.9,10,392.039026
3.94,6,392.041062
3.9,10,392.044862
1.96,4,392.046405
3.92,8,392.049266
3.92,8,392.051955
3.93,7,392.054749
3.92,8,392.057646
13.87,13,392.062217
1.96,4,392.063936
1.95,5,392.065675
5.9,10,392.069092
3.92,8,392.305502
1.95,5,392.30727
1.96,4,392.308624
1.96,4,392.310052
1.94,6,392.312242
1.96,4,392.313769
3.92,8,392.316427
5.91,9,392.319387
1.96,4,392.320749
3.91,9,392.32417
1.94,6,392.32633
3.93,7,392.329139
3.89,11,392.332769
5.86,14,392.337877
3.91,9,392.340876
5.91,9,392.34394
13.86,14,392.348608
1.93,7,392.60294
1.94,6,392.605235
1.93,7,392.607597
3.93,7,392.610526
13.89,11,392.614246
1.93,7,392.616763
1.93,7,392.619234
1.96,4,392.62065
5.91,9,392.623571
3.92,8,392.62618
3.93,7,392.628687
5.87,13,392.632861
5.9,10,392.636228
1.96,4,392.637637
-0.01,1,392.63806
3.93,7,392.640368
5.91,9,392.643634
5.91,9,392.885302
1.93,7,392.887684
1.96,4,392.889044
3.91,9,392.891931
3.92,8,392.89571
1.92,8,392.898432
3.93,7,392.900931
5.91,9,392.90444
3.93,7,392.906809
3.93,7,392.909317
13.87,13,392.913866
13.86,14,392.918659
3.91,9,392.9216
13.89,11,392.925129
3.93,7,392.927617
3.93,7,393.180048
5.9,10,393.183378
5.89,11,393.186958
13.88,12,393.191857
1.93,7,393.194242
13.89,11,393.197994
1.93,7,393.200599
3.9,10,393.204212
5.88,12,393.20839
5.91,9,393.211587
5.9,10,393.214831
3.91,9,393.217734
13.88,12,393.22195
5.86,14,393.443306
3.93,7,393.445772
3.93,7,393.448101
1.96,4,393.449847
5.91,9,393.45304
1.93,7,393.455389
3.93,7,393.457986
5.91,9,393.461123
3.93,7,393.463474
3.88,12,393.467324
13.86,14,393.471993
3.91,9,393.47497
13.89,11,393.478928
5.89,11,393.482454
13.86,14,393.725299
3.92,8,393.728809
1.93,7,393.731268
1.96,4,393.733179
1.92,8,393.736145
3.93,7,393.738648
5.87,13,393.742943
3.92,8,393.745709
3.93,7,393.748108
5.9,10,393.751453
13.82,18,393.757338
3.9,10,393.760738
5.9,10,393.764014
3.93,7,393.766284
3.92,8,394.055057
3.9,10,394.058524
5.91,9,394.06226
3.93,7,394.065003
3.9,10,394.068385
3.88,12,394.072516
3.93,7,394.074976
1.94,6,394.077312
3.92,8,394.080005
1.94,6,394.082326
3.91,9,394.085892
1.96,4,394.087373
1.95,5,394.089065
5.87,13,394.093549
1.94,6,394.095607
1.96,4,394.097042
3.93,7,394.337623
5.91,9,394.340738
5.87,13,394.34517
1.96,4,394.346591
3.89,11,394.350164
5.91,9,394.353642
5.89,11,394.357358
3.89,11,394.36107
1.91,9,394.363996
1.96,4,394.365411
3.93,7,394.367756
1.96,4,394.369144
1.94,6,394.37111
1.95,5,394.372764
3.89,11,394.376277
5.91,9,394.37972
5.9,10,394.622375
5.91,9,394.625448
1.93,7,394.627987
3.92,8,394.63072
1.96,4,394.632111
3.93,7,394.634371
3.93,7,394.636762
3.9,10,394.640042
1.96,4,394.641382
3.91,9,394.645513
3.88,12,394.649596
3.93,7,394.652125
1.94,6,394.654154
5.88,12,394.658224
1.95,5,394.659938
3.93,7,394.662228
1.96,4,394.663565
5.84,16,394.897485
1.96,4,394.898955
1.96,4,394.900325
1.96,4,394.901799
3.9,10,394.905109
5.89,11,394.90864
5.86,14,394.913692
3.93,7,394.915995
3.92,8,394.918572
1.96,4,394.919951
5.9,10,394.92353
1.92,8,394.926258
1.96,4,394.92789
3.91,9,394.930899
5.86,14,394.935756
3.89,11,395.193837
5.89,11,395.197487
13.89,11,395.201491
1.94,6,395.203815
3.92,8,395.20679
5.91,9,395.210419
13.89,11,395.214028
3.9,10,395.217438
5.89,11,395.221279
3.9,10,395.224502
3.91,9,395.228372
3.93,7,395.230908
5.91,9,395.233925
5.9,10,395.439573
3.91,9,395.442671
3.93,7,395.445462
-0.04,4,395.446898
5.85,15,395.45253
5.89,11,395.456184
3.9,10,395.459437
13.83,17,395.465077
13.84,16,395.470413
1.96,4,395.471791
5.87,13,395.475879
5.89,11,395.479746
1.94,6,395.481745
5.9,10,395.76285
3.93,7,395.76527
1.95,5,395.766961
3.93,7,395.769254
3.9,10,395.77313
5.88,12,395.777922
5.85,15,395.782806
5.87,13,395.787066
1.96,4,395.788446
13.84,16,395.793569
1.93,7,395.795976
3.91,9,395.798951
3.9,10,395.802251
13.88,12,396.072178
3.93,7,396.074585
1.93,7,396.076866
3.92,8,396.079784
13.85,15,396.085338
13.86,14,396.090392
3.93,7,396.092861
3.9,10,396.096222
3.91,9,396.099212
5.89,11,396.10305
3.91,9,396.105989
3.9,10,396.109166
3.92,8,396.112259
1.93,7,396.114766
1.95,5,396.376383
3.92,8,396.379069
5.87,13,396.383267
3.93,7,396.386286
3.93,7,396.388748
3.9,10,396.391984
3.87,13,396.396766
1.94,6,396.39876
5.9,10,396.402095
5.9,10,396.405281
1.96,4,396.406605
3.93,7,396.409141
3.91,9,396.412209
1.96,4,396.413623
1.96,4,396.414985
5.9,10,396.418194
1.96,4,396.659667
5.85,15,396.665157
3.91,9,396.668454
3.93,7,396.670958
3.91,9,396.673894
3.92,8,396.676569
5.91,9,396.679545
3.91,9,396.682454
3.9,10,396.685824
13.89,11,396.689942
3.88,12,396.694031
5.86,14,396.698742
3.92,8,396.701561
5.9,10,396.956897
3.89,11,396.96081
1.93,7,396.963137
3.89,11,396.966667
5.88,12,396.970559
3.9,10,396.973737
3.91,9,396.977155
3.91,9,396.980607
13.88,12,396.984479
3.93,7,396.987264
3.9,10,396.990919
3.88,12,396.995104
1.96,4,396.996496
5.86,14,397.215117
1.96,4,397.216574
3.93,7,397.218857
1.94,6,397.220814
5.89,11,397.224303
3.89,11,397.227766
3.93,7,397.230011
3.89,11,397.234218
1.93,7,397.23666
13.88,12,397.240544
1.93,7,397.243548
13.88,12,397.247728
3.9,10,397.251011
13.86,14,397.255525
5.91,9,397.491817
3.92,8,397.49459
5.87,13,397.499009
1.96,4,397.50093
5.91,9,397.504046
3.92,8,397.50663
1.96,4,397.507968
3.93,7,397.510813
1.95,5,397.512488
3.89,11,397.515997
-0.04,4,397.517347
13.84,16,397.523354
3.93,7,397.525935
1.93,7,397.528494
3.93,7,397.531176
3.9,10,397.534533
5.89,11,397.812641
3.9,10,397.815926
5.88,12,397.820431
5.91,9,397.823494
1.96,4,397.824878
13.88,12,397.828755
1.96,4,397.830124
5.87,13,397.834289
1.93,7,397.836565
1.96,4,397.837922
3.91,9,397.840816
5.88,12,397.844626
3.92,8,397.847197
3.89,11,397.850701
3.93,7,398.078126
1.96,4,398.079617
1.94,6,398.081589
3.93,7,398.083843
3.9,10,398.087218
5.9,10,398.090427
3.92,8,398.093003
5.91,9,398.095883
5.89,11,398.099946
1.96,4,398.101423
5.9,10,398.10472
5.91,9,398.108121
3.93,7,398.110803
3.88,12,398.115044
3.93,7,398.117549
1.96,4,398.119005
3.93,7,398.121448
3.93,7,398.348125
5.86,14,398.352623
3.89,11,398.357001
3.93,7,398.359469
3.93,7,398.361798
3.89,11,398.36549
3.88,12,398.369923
13.84,16,398.375007
5.87,13,398.379496
1.96,4,398.380944
3.93,7,398.383263
3.91,9,398.386413
-0.01,1,398.386929
5.91,9,398.390022
1.92,8,398.660519
5.88,12,398.664427
1.96,4,398.665765
3.92,8,398.668803
3.91,9,398.67188
5.83,17,398.67733
1.96,4,398.678691
1.94,6,398.680693
1.93,7,398.683003
1.96,4,398.68436
5.82,18,398.690131
5.85,15,398.69545
3.9,10,398.698736
1.93,7,398.701049
3.93,7,398.993657
5.88,12,398.997635
5.9,10,399.000906
3.91,9,399.003854
3.91,9,399.006775
3.89,11,399.010334
3.93,7,399.012628
5.91,9,399.01555
3.89,11,399.019088
5.87,13,399.023257
1.96,4,399.025186
1.93,7,399.027678
13.88,12,399.03158
1.94,6,399.033579
3.91,9,399.262728
5.9,10,399.266045
1.93,7,399.268325
3.91,9,399.271198
1.94,6,399.273759
3.89,11,399.277576
5.91,9,399.280532
3.93,7,399.283197
1.92,8,399.285986
5.85,15,399.290846
3.92,8,399.293481
3.92,8,399.296092
1.96,4,399.297444
5.88,12,399.301307
1.92,8,399.553698
1.96,4,399.555193
3.9,10,399.558425
3.91,9,399.56132
13.88,12,399.566127
1.96,4,399.567588
5.88,12,399.571548
1.92,8,399.574599
3.93,7,399.577266
3.92,8,399.579987
1.93,7,399.582363
13.85,15,399.587563
13.88,12,399.591525
5.86,14,399.59598
3.89,11,399.848234
1.93,7,399.850631
13.88,12,399.85452
3.86,14,399.859423
5.9,10,399.862829
1.96,4,399.864245
-0.04,4,399.865613
3.9,10,399.869113
1.96,4,399.870699
3.93,7,399.873067
3.9,10,399.876499
5.9,10,399.879945
13.77,23,399.887237
1.96,4,399.888585
5.88,12,400.222529
1.93,7,400.224901
1.93,7,400.227164
5.88,12,400.230945
3.86,14,400.2365
1.96,4,400.237966
3.9,10,400.241235
5.9,10,400.245232
3.88,12,400.249343
5.91,9,400.252556
1.93,7,400.254973
3.94,6,400.257001
1.96,4,400.258378
3.88,12,400.262312
1.93,7,400.50507
13.84,16,400.510268
1.96,4,400.511605
1.96,4,400.512945
3.93,7,400.515843
3.93,7,400.518264
1.96,4,400.519644
5.91,9,400.522567
1.96,4,400.524
3.88,12,400.528337
-0.01,1,400.528801
3.88,12,400.532688
3.93,7,400.53521
1.92,8,400.538118
1.93,7,400.540471
3.93,7,400.542798
-0.01,1,400.543225
5.9,10,400.546472
3.87,13,400.82654
1.96,4,400.828039
3.91,9,400.831029
13.88,12,400.835257
3.93,7,400.837748
5.9,10,400.840978
3.91,9,400.843907
1.96,4,400.845544
3.91,9,400.848587
5.81,19,400.854744
1.96,4,400.85633
-0.01,1,400.856782
3.87,13,400.8615
3.9,10,400.865001
1.93,7,400.867588
1.93,7,401.180069
3.93,7,401.182518
1.96,4,401.183914
5.84,16,401.189022
3.93,7,401.191804
5.89,11,401.195553
3.93,7,401.197925
1.93,7,401.200227
1.96,4,401.202068
13.86,14,401.206762
5.76,24,401.215656
1.95,5,401.217634
-0.01,1,401.218184
3.88,12,401.222378
5.86,14,401.573624
5.83,17,401.579117
3.91,9,401.582695
1.96,4,401.584169
1.96,4,401.58574
13.87,13,401.590455
3.8,20,401.597054
5.81,19,401.603133
1.94,6,401.605604
3.91,9,401.60863
1.96,4,401.610029
3.93,7,401.612336
3.88,12,401.930038
3.93,7,401.932469
1.94,6,401.934483
3.91,9,401.937421
5.87,13,401.942167
5.87,13,401.946474
5.89,11,401.950015
5.86,14,401.95512
3.9,10,401.958404
1.93,7,401.960765
1.96,4,401.962115
3.93,7,401.964405
3.9,10,401.967607
1.93,7,401.970059
3.92,8,402.217195
1.94,6,402.21927
5.89,11,402.222799
3.93,7,402.225326
5.86,14,402.230252
3.78,22,402.237624
5.9,10,402.2409
1.93,7,402.243469
13.89,11,402.247777
3.94,6,402.249837
3.92,8,402.252467
3.92,8,402.255194
3.88,12,402.259349
13.87,13,402.598582
5.89,11,402.60216
13.85,15,402.607582
3.88,12,402.612019
3.93,7,402.614596
3.88,12,402.618944
5.85,15,402.62377
5.86,14,402.628593
1.93,7,402.631023
3.88,12,402.634963
3.93,7,402.637288
13.88,12,402.892395
1.93,7,402.894744
3.9,10,402.897905
5.89,11,402.902327
1.93,7,402.904744
1.96,4,402.906115
3.88,12,402.910352
5.87,13,402.914941
3.87,13,402.919166
3.93,7,402.921463
1.96,4,402.922824
13.87,13,402.926944
3.86,14,402.931385
1.95,5,402.933027
3.89,11,403.179397
3.9,10,403.182685
3.93,7,403.184946
3.93,7,403.187724
5.89,11,403.191833
3.89,11,403.195691
5.9,10,403.199339
1.96,4,403.200761
13.84,16,403.206131
3.93,7,403.208566
5.9,10,403.211945
3.9,10,403.215356
5.9,10,403.219074
3.89,11,403.483636
3.91,9,403.486981
1.96,4,403.488598
3.93,7,403.490985
1.94,6,403.492999
1.96,4,403.494503
1.96,4,403.495907
3.92,8,403.498493
3.92,8,403.501065
3.93,7,403.503335
5.88,12,403.507104
3.92,8,403.509653
3.87,13,403.513743
1.96,4,403.515064
5.91,9,403.517942
1.94,6,403.519876
1.93,7,403.522117
13.86,14,403.759787
3.93,7,403.762136
1.94,6,403.764097
1.93,7,403.766537
1.92,8,403.76949
3.92,8,403.772137
5.88,12,403.776166
13.88,12,403.780439
3.92,8,403.783064
1.96,4,403.784423
5.89,11,403.788373
1.96,4,403.789747
1.93,7,403.79203
13.89,11,403.795525
3.88,12,403.799329
3.93,7,404.021536
3.92,8,404.024377
1.94,6,404.027017
3.9,10,404.03066
1.94,6,404.032907
1.96,4,404.034323
3.93,7,404.036812
13.89,11,404.040355
3.93,7,404.042632
3.9,10,404.04584
5.9,10,404.049041
1.96,4,404.050381
3.93,7,404.052647
3.9,10,404.055851
1.96,4,404.057215
3.9,10,404.060394
13.88,12,404.273588
3.9,10,404.277513
5.87,13,404.282031
3.91,9,404.285363
3.93,7,404.287759
1.95,5,404.289464
3.93,7,404.291768
3.93,7,404.294257
5.91,9,404.297296
5.88,12,404.301207
5.91,9,404.304312
3.93,7,404.306606
5.89,11,404.310443
5.9,10,404.313892
1.96,4,404.315332
5.9,10,404.552335
5.89,11,404.55593
5.91,9,404.558812
5.91,9,404.562201
1.94,6,404.564312
1.96,4,404.566063
1.96,4,404.567499
3.92,8,404.570355
3.93,7,404.573008
13.86,14,404.577817
1.95,5,404.579506
3.93,7,404.58181
3.93,7,404.584088
3.93,7,404.586343
5.87,13,404.59045
3.92,8,404.592996
1.94,6,404.842252
3.9,10,404.845699
3.92,8,404.848306
1.96,4,404.849662
13.84,16,404.85468
3.91,9,404.857949
13.89,11,404.861636
3.92,8,404.864239
5.91,9,404.867457
1.96,4,404.868975
3.93,7,404.871514
3.93,7,404.873826
5.91,9,404.87671
3.9,10,404.879899
5.88,12,404.883679
3.91,9,405.177216
1.94,6,405.179283
1.96,4,405.180664
3.92,8,405.183232
1.94,6,405.185193
3.93,7,405.187441
5.91,9,405.190728
1.94,6,405.192772
5.87,13,405.197038
1.95,5,405.198697
3.92,8,405.201962
5.91,9,405.205262
3.93,7,405.207628
1.94,6,405.20961
13.88,12,405.213547
1.96,4,405.215117
1.96,4,405.21664
1.95,5,405.218395
1.94,6,405.456962
3.93,7,405.459371
13.88,12,405.463211
1.96,4,405.464562
3.9,10,405.468686
3.93,7,405.471157
1.96,4,405.472533
3.92,8,405.475177
1.96,4,405.476703
13.88,12,405.481261
5.87,13,405.485571
1.96,4,405.487179
5.86,14,405.4918
5.91,9,405.494791
3.93,7,405.497098
3.91,9,405.499987
5.91,9,405.747624
13.89,11,405.751241
3.93,7,405.754105
3.92,8,405.757058
1.94,6,405.759121
5.91,9,405.762156
5.89,11,405.76578
5.91,9,405.768749
3.92,8,405.771388
3.89,11,405.775172
5.9,10,405.778772
5.9,10,405.78209
1.95,5,405.783773
3.93,7,405.786052
3.93,7,405.788716
3.91,9,405.996404
3.9,10,405.999715
1.95,5,406.001389
3.93,7,406.003645
3.9,10,406.006804
3.93,7,406.009051
3.93,7,406.011301
5.88,12,406.015079
5.91,9,406.017934
1.96,4,406.019259
5.86,14,406.023668
1.96,4,406.025057
3.93,7,406.027915
1.96,4,406.029394
1.95,5,406.031101
1.95,5,406.032793
3.91,9,406.035703
3.9,10,406.286473
3.9,10,406.290053
1.96,4,406.291446
3.92,8,406.294189
3.92,8,406.296774
3.93,7,406.299028
3.93,7,406.301285
5.91,9,406.304275
3.87,13,406.308513
1.95,5,406.310679
3.92,8,406.313458
3.88,12,406.317497
3.91,9,406.320774
3.93,7,406.323099
1.93,7,406.325415
1.96,4,406.326766
5.91,9,406.570952
5.91,9,406.573918
1.96,4,406.575261
5.91,9,406.578609
5.9,10,406.582047
3.92,8,406.585337
3.92,8,406.588589
5.9,10,406.592113
3.93,7,406.594696
3.93,7,406.597095
3.93,7,406.599396
3.93,7,406.602024
5.9,10,406.605743
3.92,8,406.608411
13.89,11,406.61228
13.88,12,406.823489
3.92,8,406.826204
5.88,12,406.830429
5.91,9,406.833428
1.96,4,406.83487
3.92,8,406.837638
5.9,10,406.840867
3.91,9,406.843775
1.96,4,406.845125
3.93,7,406.847432
3.94,6,406.849379
1.95,5,406.851015
3.94,6,406.852962
3.92,8,406.85559
13.89,11,406.859457
5.91,9,406.86259
1.94,6,407.087581
3.92,8,407.0905
13.87,13,407.095729
5.86,14,407.100269
3.93,7,407.102538
5.91,9,407.106276
3.92,8,407.109015
3.92,8,407.111688
3.91,9,407.115057
3.89,11,407.119125
1.94,6,407.121154
3.9,10,407.124396
3.92,8,407.127028
1.94,6,407.129011
1.95,5,407.130706
5.89,11,407.38579
5.9,10,407.3891
3.9,10,407.392278
3.93,7,407.39454
5.89,11,407.398
5.9,10,407.401223
13.86,14,407.406252
1.95,5,407.408036
1.94,6,407.410017
3.88,12,407.41439
5.88,12,407.418365
3.92,8,407.421013
5.88,12,407.42488
3.89,11,407.667856
1.96,4,407.669285
3.9,10,407.67247
1.93,7,407.674723
1.96,4,407.676608
13.85,15,407.681658
5.9,10,407.684953
1.96,4,407.686329
3.93,7,407.689219
3.9,10,407.692502
3.92,8,407.695107
3.9,10,407.698713
1.94,6,407.700817
13.85,15,407.70592
3.9,10,407.709193
5.9,10,407.975851
3.9,10,407.979143
5.9,10,407.982744
5.89,11,407.986929
3.9,10,407.990221
1.96,4,407.991593
3.93,7,407.994422
1.95,5,407.99624
3.91,9,407.999256
1.93,7,408.001577
1.96,4,408.002948
3.9,10,408.006165
3.93,7,408.008437
1.94,6,408.010403
1.93,7,408.012683
3.93,7,408.014976
13.89,11,408.226012
3.93,7,408.22914
1.96,4,408.230591
13.88,12,408.234462
5.91,9,408.237555
1.96,4,408.238907
1.96,4,408.240264
1.96,4,408.241603
1.96,4,408.242947
3.92,8,408.245788
1.94,6,408.2478
5.9,10,408.250994
1.96,4,408.252339
5.86,14,408.256741
13.89,11,408.260235
3.92,8,408.262808
1.96,4,408.264146
1.95,5,408.265785
3.92,8,408.522119
5.9,10,408.525973
3.91,9,408.529
1.96,4,408.530899
3.91,9,408.534644
5.89,11,408.538449
13.86,14,408.543765
5.9,10,408.547108
1.94,6,408.549537
3.93,7,408.552361
3.93,7,408.555785
3.93,7,408.558247
1.95,5,408.561188
3.9,10,408.569928
1.96,4,408.571892
1.94,6,408.57414
1.96,4,408.576134
3.9,10,408.856628
5.88,12,408.862235
3.91,9,408.865148
1.95,5,408.866784
5.91,9,408.869643
3.92,8,408.872862
3.92,8,408.875498
5.88,12,408.879332
5.89,11,408.883492
1.96,4,408.885058
5.91,9,408.887956
1.96,4,408.889289
1.95,5,408.891468
1.96,4,408.893038
5.88,12,408.897454
1.94,6,408.899446
5.89,11,409.145225
5.89,11,409.14916
1.93,7,409.152274
1.96,4,409.153649
1.95,5,409.155299
3.93,7,409.157556
1.96,4,409.158888
5.9,10,409.16269
3.92,8,409.165512
13.89,11,409.169226
3.91,9,409.172679
13.87,13,409.177387
3.93,7,409.179651
3.93,7,409.182341
3.92,8,409.18529
5.9,10,409.446963
3.92,8,409.449711
1.96,4,409.451088
5.89,11,409.454648
3.91,9,409.45804
5.89,11,409.461712
3.9,10,409.464936
5.91,9,409.468418
3.93,7,409.470708
1.95,5,409.472359
3.91,9,409.475222
1.94,6,409.477757
3.92,8,409.481051
1.94,6,409.483156
13.89,11,409.486801
3.93,7,409.489628
5.9,10,409.719601
3.92,8,409.722381
1.94,6,409.724389
1.96,4,409.725737
3.92,8,409.729006
1.96,4,409.730492
1.94,6,409.732531
3.92,8,409.735165
5.9,10,409.739054
3.92,8,409.741897
3.91,9,409.745217
5.9,10,409.748795
1.94,6,409.750921
1.96,4,409.752515
3.92,8,409.755216
3.9,10,409.758733
1.93,7,409.761217
1.96,4,409.762612
3.93,7,409.964139
1.96,4,409.965612
1.96,4,409.966972
3.93,7,409.969678
1.96,4,409.971159
5.87,13,409.97581
3.9,10,409.979593
3.93,7,409.982191
3.92,8,409.985227
5.9,10,409.988498
3.91,9,409.99149
5.91,9,409.994529
3.93,7,409.996836
5.89,11,410.000646
1.94,6,410.00272
5.88,12,410.006566
1.96,4,410.242694
1.94,6,410.244942
1.96,4,410.24635
5.88,12,410.250371
5.89,11,410.254409
3.9,10,410.257704
3.92,8,410.260273
1.96,4,410.26161
3.9,10,410.265541
1.94,6,410.267685
5.85,15,410.272857
3.93,7,410.275846
1.95,5,410.277929
1.96,4,410.279307
3.92,8,410.281896
3.93,7,410.284164
3.93,7,410.287292
5.88,12,410.557543
13.86,14,410.562289
5.86,14,410.56782
1.94,6,410.570129
1.94,6,410.572164
1.96,4,410.573554
13.86,14,410.578957
5.89,11,410.582581
3.91,9,410.585945
5.88,12,410.590001
3.92,8,410.592676
3.92,8,410.595829
5.86,14,410.871057
1.95,5,410.87296
3.93,7,410.875307
3.91,9,410.87828
1.94,6,410.880832
3.93,7,410.883348
3.9,10,410.886887
1.94,6,410.888908
1.94,6,410.891212
1.96,4,410.892663
3.92,8,410.896218
3.93,7,410.89854
13.85,15,410.903905
1.94,6,410.905871
1.95,5,410.907516
1.95,5,410.909163
5.83,17,410.915311
3.93,7,411.205746
-0.03,3,411.206919
3.89,11,411.210781
3.93,7,411.213178
5.87,13,411.217365
3.93,7,411.219947
1.95,5,411.221774
1.96,4,411.223265
3.93,7,411.225957
5.84,16,411.23205
3.92,8,411.234928
13.84,16,411.240519
5.8,20,411.24739
3.92,8,411.250313
1.96,4,411.560076
1.95,5,411.561827
3.93,7,411.56411
1.94,6,411.56612
5.9,10,411.570012
5.9,10,411.573414
1.96,4,411.574905
5.89,11,411.579266
3.93,7,411.581736
1.94,6,411.583811
5.91,9,411.586876
1.93,7,411.589653
13.88,12,411.594203
-0.03,3,411.595322
3.93,7,411.598122
1.94,6,411.600727
3.91,9,411.603941
1.96,4,411.605386
3.91,9,411.835982
3.93,7,411.838377
1.94,6,411.840357
1.95,5,411.842028
3.91,9,411.844923
1.96,4,411.846268
1.95,5,411.847937
3.89,11,411.851422
5.9,10,411.854597
3.93,7,411.857254
3.89,11,411.860832
3.92,8,411.863412
3.9,10,411.867203
3.93,7,411.869559
1.96,4,411.87092
1.96,4,411.872265
1.94,6,411.874213
1.94,6,411.876498
1.93,7,412.090453
1.94,6,412.092501
13.88,12,412.096291
13.87,13,412.101033
5.88,12,412.105017
5.9,10,412.108273
3.92,8,412.111195
13.89,11,412.114744
3.93,7,412.116996
3.9,10,412.120424
5.87,13,412.124726
1.96,4,412.126157
13.88,12,412.130349
13.88,12,412.364072
1.96,4,412.3655
1.95,5,412.367159
5.87,13,412.371742
1.96,4,412.373211
3.91,9,412.37637
3.88,12,412.380637
1.95,5,412.382359
1.94,6,412.384334
3.87,13,412.388927
3.91,9,412.391887
1.96,4,412.39326
1.96,4,412.3946
3.93,7,412.397238
3.92,8,412.399996
1.95,5,412.401844
1.96,4,412.403204
3.9,10,412.648277
3.92,8,412.651006
3.92,8,412.653623
13.88,12,412.658132
3.91,9,412.661309
3.93,7,412.663656
13.86,14,412.668203
3.9,10,412.671732
3.92,8,412.674383
5.89,11,412.678065
1.96,4,412.679465
5.9,10,412.682755
13.88,12,412.686605
1.93,7,412.688902
5.89,11,412.931944
5.87,13,412.936211
1.95,5,412.937872
5.87,13,412.942411
5.88,12,412.946884
3.93,7,412.949265
5.88,12,412.953775
5.87,13,412.958308
3.91,9,412.961544
3.9,10,412.964833
5.89,11,412.968348
1.96,4,412.969706
13.88,12,412.973487
3.9,10,413.202882
5.9,10,413.206287
3.93,7,413.208745
3.93,7,413.211465
3.92,8,413.214099
1.94,6,413.216066
3.93,7,413.21835
3.93,7,413.221061
3.92,8,413.223827
5.9,10,413.227965
1.95,5,413.230316
3.93,7,413.232897
3.92,8,413.23603
3.92,8,413.238675
3.93,7,413.241241
1.94,6,413.243304
1.96,4,413.244681
1.94,6,413.446179
3.93,7,413.44891
3.9,10,413.452306
-0.03,3,413.453379
1.96,4,413.454777
1.96,4,413.456135
1.95,5,413.4578
13.89,11,413.461504
3.93,7,413.463867
3.92,8,413.466477
1.94,6,413.468447
1.96,4,413.469799
3.93,7,413.472075
1.96,4,413.473426
1.96,4,413.47477
1.94,6,413.476735
13.88,12,413.48108
5.88,12,413.485345
5.9,10,413.488642
5.87,13,413.720635
1.96,4,413.722066
3.92,8,413.724636
1.96,4,413.725979
-0.03,3,413.727511
5.9,10,413.730819
3.93,7,413.73313
-0.01,1,413.733546
1.96,4,413.734874
3.93,7,413.737671
1.95,5,413.739523
1.95,5,413.741267
13.88,12,413.745222
1.94,6,413.747241
1.96,4,413.748624
5.9,10,413.75189
3.93,7,413.75421
3.93,7,413.756519
3.91,9,413.759451
5.91,9,413.989454
1.96,4,413.990957
1.96,4,413.992345
13.89,11,413.996215
1.96,4,413.997607
1.94,6,413.999583
3.93,7,414.002059
1.96,4,414.003529
1.96,4,414.0049
1.96,4,414.006236
5.9,10,414.00943
1.95,5,414.011063
13.89,11,414.014554
3.94,6,414.016488
1.96,4,414.0178
3.93,7,414.020037
3.93,7,414.022273
3.92,8,414.025573
1.96,4,414.027063
3.91,9,414.030014
5.9,10,414.249955
1.96,4,414.251414
3.91,9,414.254351
1.95,5,414.256013
13.88,12,414.259877
1.96,4,414.261239
3.93,7,414.263512
1.96,4,414.264866
1.94,6,414.266896
5.9,10,414.270238
1.96,4,414.271656
5.9,10,414.275687
-0.03,3,414.276938
1.96,4,414.278451
1.96,4,414.279916
3.92,8,414.282643
13.88,12,414.287219
1.94,6,414.289352
1.96,4,414.290809
5.88,12,414.517039
13.89,11,414.520639
5.91,9,414.523585
1.96,4,414.525405
3.92,8,414.528454
1.94,6,414.530505
3.92,8,414.533158
1.96,4,414.53453
3.93,7,414.537076
3.9,10,414.540457
5.9,10,414.543818
13.88,12,414.547705
-0.03,3,414.548741
3.92,8,414.551309
3.93,7,414.55356
1.96,4,414.554906
1.94,6,414.556858
3.92,8,414.78307
3.91,9,414.786086
1.95,5,414.787735
5.9,10,414.790906
13.88,12,414.795369
3.93,7,414.797752
5.9,10,414.801
13.87,13,414.805214
3.92,8,414.807808
3.92,8,414.810401
1.96,4,414.811754
13.88,12,414.815914
3.93,7,414.818239
1.96,4,414.819609
1.95,5,414.82129
3.94,6,414.823263
3.92,8,415.064104
13.88,12,415.068618
1.96,4,415.07021
5.87,13,415.074839
5.91,9,415.077924
3.93,7,415.080286
3.9,10,415.083578
3.92,8,415.086299
1.94,6,415.088409
5.86,14,415.092911
3.89,11,415.096449
1.93,7,415.098737
1.96,4,415.100091
5.86,14,415.104549
3.92,8,415.352616
5.89,11,415.356855
3.92,8,415.35965
5.9,10,415.363454
13.88,12,415.36764
3.93,7,415.370203
3.93,7,415.372556
1.96,4,415.373902
1.95,5,415.375556
3.93,7,415.377801
3.92,8,415.380388
5.88,12,415.38591
1.96,4,415.391858
3.9,10,415.403999
1.95,5,415.405802
1.96,4,415.407176
1.96,4,415.408553
3.93,7,415.41147
1.96,4,415.664457
13.89,11,415.669431
3.93,7,415.671844
5.89,11,415.675385
1.95,5,415.677192
3.91,9,415.68021
1.95,5,415.681922
1.95,5,415.683613
5.91,9,415.686998
3.93,7,415.689454
1.95,5,415.691215
3.91,9,415.694151
3.91,9,415.69761
1.96,4,415.699066
13.85,15,415.703939
3.93,7,415.706241
5.9,10,415.966667
1.96,4,415.968155
5.89,11,415.971722
1.95,5,415.973393
3.92,8,415.975996
1.95,5,415.977656
5.9,10,415.980839
3.93,7,415.983381
1.94,6,415.985943
1.96,4,415.987424
1.94,6,415.989411
5.88,12,415.9937
13.89,11,415.997345
13.88,12,416.001225
1.96,4,416.002579
5.9,10,416.005802
3.91,9,416.008702
3.92,8,416.234354
1.93,7,416.237242
1.95,5,416.238988
5.89,11,416.24284
3.9,10,416.246561
3.93,7,416.248863
1.94,6,416.250846
3.92,8,416.254014
3.9,10,416.257238
3.92,8,416.259814
3.92,8,416.262652
1.96,4,416.264109
1.96,4,416.265496
13.88,12,416.269331
5.86,14,416.274367
1.94,6,416.276451
5.89,11,416.528135
3.92,8,416.530921
3.92,8,416.533667
3.92,8,416.536568
5.91,9,416.539537
1.95,5,416.541229
3.92,8,416.543873
1.96,4,416.545262
1.96,4,416.546684
1.96,4,416.548057
3.92,8,416.550667
1.94,6,416.552657
1.95,5,416.554332
5.9,10,416.557602
1.95,5,416.559298
3.93,7,416.561605
5.91,9,416.564509
1.96,4,416.566302
3.92,8,416.770132
5.91,9,416.773446
3.93,7,416.775848
5.89,11,416.779786
3.93,7,416.782112
5.9,10,416.78541
1.93,7,416.787704
1.95,5,416.789362
1.96,4,416.790706
3.93,7,416.792987
5.9,10,416.796189
13.88,12,416.800045
3.91,9,416.802932
1.94,6,416.804891
3.93,7,416.807145
3.93,7,416.809402
5.89,11,417.035105
13.87,13,417.039432
1.96,4,417.040797
1.96,4,417.042131
5.9,10,417.045886
3.91,9,417.048914
1.93,7,417.051248
1.96,4,417.052606
5.9,10,417.055844
5.89,11,417.059735
5.89,11,417.063546
3.92,8,417.066243
-0.01,1,417.066678
1.95,5,417.068324
3.93,7,417.071113
13.89,11,417.074766
5.9,10,417.078441
3.93,7,417.317493
3.92,8,417.320677
13.88,12,417.32502
3.92,8,417.327729
5.9,10,417.330969
1.96,4,417.332317
3.92,8,417.335168
3.89,11,417.338915
1.96,4,417.340316
-0.01,1,417.340746
3.92,8,417.34338
3.93,7,417.345698
1.96,4,417.34708
1.96,4,417.348433
1.93,7,417.35073
5.89,11,417.354292
3.93,7,417.357133
1.94,6,417.359243
1.96,4,417.589872
1.96,4,417.591357
1.95,5,417.59304
3.92,8,417.595666
1.95,5,417.597344
3.92,8,417.599901
5.9,10,417.603057
5.9,10,417.606225
-0.01,1,417.606628
3.93,7,417.609227
1.96,4,417.610764
13.87,13,417.614895
-0.01,1,417.615302
1.96,4,417.616627
3.92,8,417.61933
3.91,9,417.622301
-0.01,1,417.622727
3.92,8,417.625337
5.88,12,417.629173
5.87,13,417.875297
5.86,14,417.879898
3.92,8,417.882807
5.86,14,417.887646
1.95,5,417.889352
13.88,12,417.893234
1.94,6,417.895228
1.95,5,417.896902
5.9,10,417.900304
3.9,10,417.903784
3.93,7,417.906108
3.93,7,417.908418
3.91,9,417.911518
3.93,7,417.91394
3.93,7,417.916288
1.94,6,418.16449
13.85,15,418.169364
5.89,11,418.172862
1.96,4,418.174203
3.92,8,418.176754
3.91,9,418.179599
1.95,5,418.181247
1.94,6,418.183189
3.91,9,418.186045
3.91,9,418.188893
5.86,14,418.194361
1.94,6,418.19742
1.94,6,418.199494
5.87,13,418.204269
1.96,4,418.205679
3.93,7,418.465999
5.9,10,418.469395
3.91,9,418.472327
1.96,4,418.47368
5.9,10,418.476902
3.92,8,418.479471
3.93,7,418.48214
1.96,4,418.483587
1.96,4,418.484946
3.91,9,418.487863
1.96,4,418.48922
1.96,4,418.490559
1.95,5,418.492772
5.88,12,418.496843
1.96,4,418.498233
1.94,6,418.500248
1.94,6,418.50226
1.94,6,418.504285
3.93,7,418.506584
5.9,10,418.737167
1.95,5,418.738933
1.96,4,418.740296
5.86,14,418.744731
5.89,11,418.748935
1.94,6,418.750979
1.96,4,418.752348
13.87,13,418.756647
5.9,10,418.760037
1.93,7,418.762303
1.95,5,418.763953
1.96,4,418.765284
1.94,6,418.767229
3.92,8,418.77042
1.94,6,418.772527
3.92,8,418.775201
3.89,11,418.779434
1.94,6,419.031017
5.89,11,419.034692
5.89,11,419.038226
3.93,7,419.041073
3.89,11,419.044816
3.92,8,419.047483
5.88,12,419.051405
3.91,9,419.054353
3.9,10,419.057602
1.94,6,419.059577
3.91,9,419.062508
3.93,7,419.064926
5.84,16,419.070644
3.92,8,419.329872
1.96,4,419.331403
1.96,4,419.332769
3.91,9,419.335648
1.96,4,419.336988
5.86,14,419.342143
3.92,8,419.34497
3.93,7,419.347383
5.89,11,419.351134
5.86,14,419.355863
3.91,9,419.359067
1.94,6,419.361065
13.88,12,419.364849
13.84,16,419.371038
3.91,9,419.374048
5.89,11,419.645776
5.88,12,419.650356
3.91,9,419.653925
1.95,5,419.65566
3.9,10,419.658936
1.95,5,419.660614
3.9,10,419.664335
5.84,16,419.669564
5.89,11,419.673132
5.84,16,419.678202
1.96,4,419.679554
3.93,7,419.68183
3.92,8,419.684418
5.85,15,419.952428
13.8,20,419.959301
3.93,7,419.961857
13.86,14,419.966473
1.96,4,419.967854
1.96,4,419.969222
5.85,15,419.974082
1.96,4,419.975457
3.91,9,419.978361
3.89,11,419.981865
13.82,18,419.988064
3.93,7,419.990402
5.85,15,420.305528
1.94,6,420.307571
3.92,8,420.310478
1.94,6,420.313185
5.8,20,420.319663
-0.01,1,420.320102
3.9,10,420.323914
3.88,12,420.328105
3.88,12,420.332012
13.77,23,420.339269
3.9,10,420.342474
3.93,7,420.34476
1.96,4,420.695589
13.87,13,420.699974
5.81,19,420.706895
3.89,11,420.710912
3.93,7,420.713299
3.9,10,420.716507
1.94,6,420.718471
3.88,12,420.722255
5.87,13,420.726339
3.92,8,420.728868
1.96,4,420.730239
1.95,5,420.732266
1.96,4,420.733673
1.94,6,420.735642
-0.03,3,420.736671
5.9,10,421.05174
3.93,7,421.054092
3.91,9,421.056973
13.79,21,421.063479
1.95,5,421.065107
5.85,15,421.070533
1.95,5,421.112447
3.89,11,421.116188
1.94,6,421.118257
5.9,10,421.121851
5.89,11,421.125506
3.91,9,421.129008
5.88,12,421.133052
3.91,9,421.459936
13.87,13,421.464238
1.94,6,421.466238
1.96,4,421.468085
3.93,7,421.470488
5.87,13,421.474724
3.9,10,421.477966
1.96,4,421.479323
1.96,4,421.480766
3.89,11,421.484459
1.95,5,421.486248
3.92,8,421.48892
3.92,8,421.491537
3.91,9,421.494531
3.93,7,421.496826
1.95,5,421.498631
3.93,7,421.500944
3.89,11,421.741622
3.9,10,421.744906
1.96,4,421.746267
3.9,10,421.750316
3.93,7,421.752827
3.91,9,421.755829
3.92,8,421.758493
3.93,7,421.760801
3.93,7,421.763113
3.92,8,421.765738
1.94,6,421.767708
13.83,17,421.773383
13.87,13,421.777695
3.93,7,421.780014
1.96,4,421.781366
3.93,7,422.061951
3.93,7,422.065422
3.9,10,422.069174
5.9,10,422.072503
1.96,4,422.07387
1.95,5,422.075901
5.9,10,422.079608
3.91,9,422.082977
3.93,7,422.085495
3.9,10,422.089081
3.92,8,422.091741
1.93,7,422.09401
5.9,10,422.097432
5.89,11,422.10114
5.9,10,422.104385
3.91,9,422.31869
3.92,8,422.321404
1.96,4,422.322749
1.96,4,422.324085
1.96,4,422.325417
5.87,13,422.33065
13.87,13,422.335362
3.93,7,422.337764
1.95,5,422.339563
3.91,9,422.342535
5.9,10,422.345779
1.97,3,422.346839
3.93,7,422.349138
1.96,4,422.350499
5.89,11,422.354046
3.91,9,422.35748
3.93,7,422.359954
13.87,13,422.608641
13.87,13,422.613633
1.95,5,422.615439
3.93,7,422.617933
3.93,7,422.620719
13.85,15,422.626084
1.96,4,422.627762
3.92,8,422.630458
3.93,7,422.632779
5.89,11,422.63647
13.84,16,422.64156
3.92,8,422.644146
1.95,5,422.645796
3.9,10,422.649608
-0.01,1,422.650142
13.87,13,422.928162
1.96,4,422.929628
3.92,8,422.932254
1.96,4,422.933619
1.96,4,422.934965
1.96,4,422.936316
1.96,4,422.937665
5.87,13,422.941814
5.89,11,422.945964
3.92,8,422.948653
1.93,7,422.950918
3.89,11,422.95471
5.91,9,422.957675
5.88,12,422.961559
3.93,7,422.964414
1.96,4,422.966104
3.93,7,422.968608
5.88,12,423.212335
1.96,4,423.213749
3.91,9,423.216649
3.93,7,423.219497
3.92,8,423.222664
5.87,13,423.226923
3.92,8,423.230935
5.89,11,423.234962
1.96,4,423.236894
1.96,4,423.238388
5.89,11,423.242579
3.92,8,423.24594
3.9,10,423.249306
1.93,7,423.251636
3.88,12,423.255925
5.9,10,423.490931
5.86,14,423.495462
3.9,10,423.499321
13.85,15,423.504149
3.93,7,423.506416
3.89,11,423.510557
5.9,10,423.513907
13.83,17,423.519375
1.94,6,423.522265
-0.01,1,423.522762
13.86,14,423.527408
5.9,10,423.53062
5.86,14,423.800143
1.95,5,423.801882
3.92,8,423.804466
5.89,11,423.808555
1.96,4,423.810011
3.93,7,423.812362
3.89,11,423.81598
5.89,11,423.820166
13.87,13,423.824395
1.94,6,423.826362
5.9,10,423.829897
3.9,10,423.833212
3.92,8,423.835818
3.89,11,423.839349
5.84,16,424.07802
13.88,12,424.08195
1.95,5,424.084157
3.92,8,424.087024
3.93,7,424.089606
1.95,5,424.09131
3.93,7,424.093828
1.93,7,424.096227
3.92,8,424.098869
3.92,8,424.101484
5.89,11,424.105457
3.93,7,424.107896
3.93,7,424.110237
3.92,8,424.112818
3.93,7,424.115514
5.85,15,424.365008
1.96,4,424.366481
1.96,4,424.367871
1.96,4,424.369631
5.84,16,424.375068
3.93,7,424.377773
5.87,13,424.382268
1.96,4,424.383717
5.89,11,424.387481
3.93,7,424.389799
1.96,4,424.391146
1.96,4,424.392738
3.9,10,424.39632
1.96,4,424.397752
3.91,9,424.40066
3.88,12,424.404718
3.92,8,424.682529
3.93,7,424.685078
3.92,8,424.6877
5.89,11,424.69154
3.93,7,424.694479
5.89,11,424.698117
1.93,7,424.700374
3.93,7,424.702612
1.94,6,424.705011
-0.01,1,424.705512
5.85,15,424.710466
1.95,5,424.712155
5.82,18,424.718051
3.93,7,424.720721
1.94,6,424.722755
3.93,7,424.725056
1.94,6,425.033404
1.96,4,425.034987
1.93,7,425.037319
1.96,4,425.038683
3.92,8,425.041264
3.93,7,425.044106
5.8,20,425.050492
3.93,7,425.052789
13.8,20,425.059001
3.93,7,425.061266
1.93,7,425.064107
3.92,8,425.066784
3.93,7,425.06944
3.93,7,425.071931
3.92,8,425.074688
3.93,7,425.440003
1.96,4,425.441608
13.77,23,425.450493
5.88,12,425.454802
3.93,7,425.45715
3.93,7,425.459461
5.9,10,425.462862
3.9,10,425.466236
5.89,11,425.46979
5.84,16,425.474883
3.93,7,425.477176
3.92,8,425.479751
3.93,7,425.482839
5.81,19,425.823755
13.81,19,425.830522
1.95,5,425.832517
3.91,9,425.8355
1.95,5,425.837191
3.91,9,425.840434
1.96,4,425.841904
3.91,9,425.844879
1.96,4,425.846253
1.96,4,425.847622
1.96,4,425.848993
1.96,4,425.850352
1.96,4,425.851723
3.92,8,425.854326
3.93,7,425.857061
13.88,12,425.861119
3.93,7,426.170281
3.91,9,426.173461
1.96,4,426.17484
5.82,18,426.180488
1.96,4,426.18183
1.96,4,426.18317
3.9,10,426.18633
13.8,20,426.192651
3.89,11,426.19673
1.96,4,426.198173
1.96,4,426.199514
3.93,7,426.20178
3.93,7,426.204598
3.93,7,426.207047
3.93,7,426.209394
3.91,9,426.212359
13.79,21,426.547648
1.96,4,426.549094
3.93,7,426.551871
3.92,8,426.554694
3.9,10,426.55799
5.85,15,426.562843
5.89,11,426.566491
1.96,4,426.568195
1.93,7,426.570654
1.96,4,426.572013
3.9,10,426.575221
3.93,7,426.577738
1.96,4,426.579232
5.84,16,426.58489
3.88,12,426.889804
3.87,13,426.894871
1.96,4,426.896488
5.87,13,426.900774
3.9,10,426.904079
1.96,4,426.905465
5.67,33,426.91593
13.8,20,426.922318
3.8,20,426.928732
1.96,4,427.400364
5.83,17,427.405908
1.96,4,427.407272
3.91,9,427.410803
3.9,10,427.414255
1.95,5,427.415994
13.88,12,427.419938
5.85,15,427.424757
3.93,7,427.427064
3.91,9,427.430012
13.87,13,427.434216
3.92,8,427.436835
1.95,5,427.438501
5.88,12,427.718386
5.88,12,427.722458
13.87,13,427.726699
3.92,8,427.729798
-0.03,3,427.730949
5.75,25,427.739624
3.93,7,427.741992
3.93,7,427.744438
13.75,25,427.752404
5.84,16,427.757539
3.93,7,427.759823
13.87,13,428.143567
5.83,17,428.148965
3.91,9,428.152767
1.95,5,428.154616
5.82,18,428.160398
3.91,9,428.163307
5.86,14,428.167815
5.78,22,428.174776
13.78,22,428.181722
1.96,4,428.529601
1.94,6,428.531845
1.94,6,428.533861
1.93,7,428.53619
1.95,5,428.537904
3.93,7,428.540217
3.92,8,428.542789
1.93,7,428.545323
1.96,4,428.546746
1.96,4,428.548131
5.85,15,428.552918
5.84,16,428.558005
5.86,14,428.56245
5.83,17,428.568575
1.94,6,428.570661
3.91,9,428.861559
5.86,14,428.866146
3.91,9,428.869055
1.96,4,428.870999
3.89,11,428.874734
1.96,4,428.876126
1.95,5,428.878137
3.89,11,428.88185
1.95,5,428.883541
1.96,4,428.884913
13.77,23,428.892263
3.92,8,428.894862
3.89,11,428.898389
3.93,7,428.901021
1.95,5,428.902741
3.92,8,429.273306
1.96,4,429.274818
1.94,6,429.277115
3.9,10,429.280557
1.96,4,429.282466
5.88,12,429.286692
1.96,4,429.288112
1.94,6,429.290126
13.83,17,429.29577
5.83,17,429.301291
5.83,17,429.307394
1.96,4,429.308821
5.82,18,429.315227
1.96,4,429.316696
3.89,11,429.611186
3.92,8,429.613945
1.96,4,429.615342
1.95,5,429.617545
5.83,17,429.623325
3.89,11,429.626972
3.92,8,429.629571
3.9,10,429.632801
5.85,15,429.637572
3.9,10,429.640839
3.91,9,429.643737
3.93,7,429.645998
1.95,5,429.647738
3.91,9,429.923896
3.92,8,429.926753
5.83,17,429.932214
5.9,10,429.93547
3.9,10,429.938685
3.92,8,429.941329
5.85,15,429.946385
3.91,9,429.949364
1.94,6,429.951351
1.94,6,429.953434
1.96,4,429.954792
3.88,12,429.958623
1.96,4,429.959987
5.86,14,429.964433
5.85,15,430.244504
5.86,14,430.249142
3.92,8,430.252559
3.93,7,430.254888
13.82,18,430.261054
13.83,17,430.26678
5.85,15,430.271995
1.95,5,430.27383
13.78,22,430.280872
5.8,20,430.598925
5.8,20,430.605379
3.93,7,430.608213
1.96,4,430.609699
3.91,9,430.612697
3.93,7,430.615001
5.85,15,430.620491
1.94,6,430.622585
5.85,15,430.627397
1.94,6,430.629385
13.83,17,430.635
5.82,18,430.947233
3.91,9,430.950211
1.95,5,430.951884
13.87,13,430.956596
3.92,8,430.959387
3.92,8,430.962083
5.85,15,430.966949
5.84,16,430.972085
3.92,8,430.974731
3.9,10,430.977977
3.92,8,430.980593
1.94,6,430.983071
1.94,6,430.985249
3.9,10,430.988552
5.86,14,431.260883
5.86,14,431.265479
5.86,14,431.269946
3.89,11,431.274063
1.95,5,431.275893
3.93,7,431.278253
3.91,9,431.281185
1.96,4,431.282543
3.92,8,431.285793
13.87,13,431.290487
1.96,4,431.292123
1.96,4,431.293862
1.93,7,431.296196
3.89,11,431.299728
5.86,14,431.542089
1.94,6,431.544493
5.8,20,431.550805
1.94,6,431.552776
1.96,4,431.554107
1.95,5,431.555748
1.94,6,431.557682
3.91,9,431.560529
1.96,4,431.56185
1.93,7,431.564083
5.85,15,431.569394
1.94,6,431.571527
1.96,4,431.572916
1.96,4,431.574302
3.93,7,431.577053
13.84,16,431.898282
3.93,7,431.900779
1.93,7,431.903113
1.96,4,431.90449
5.89,11,431.908663
3.9,10,431.912266
5.89,11,431.915858
5.9,10,431.919069
3.91,9,431.921953
1.93,7,431.924202
1.96,4,431.925532
3.91,9,431.928386
3.93,7,431.930725
5.89,11,431.934421
1.96,4,431.93574
5.87,13,431.940069
3.93,7,432.181089
3.93,7,432.183517
3.93,7,432.185803
3.92,8,432.188381
13.88,12,432.193066
13.85,15,432.198027
3.93,7,432.200879
3.92,8,432.203896
1.94,6,432.20592
1.96,4,432.207313
3.91,9,432.210721
1.94,6,432.212794
3.93,7,432.21512
5.89,11,432.218668
1.96,4,432.220129
13.88,12,432.224259
13.82,18,432.501166
1.96,4,432.50271
1.94,6,432.504829
1.96,4,432.506208
1.94,6,432.5082
5.9,10,432.511633
3.93,7,432.514
1.96,4,432.515374
3.93,7,432.517697
3.89,11,432.522304
3.93,7,432.524734
1.93,7,432.527283
5.8,20,432.534218
1.95,5,432.536115
13.85,15,432.849495
3.92,8,432.852242
3.93,7,432.854539
3.92,8,432.857147
13.86,14,432.862432
3.92,8,432.865093
13.87,13,432.869554
1.96,4,432.871041
1.94,6,432.873084
5.89,11,432.876678
3.93,7,432.87901
13.86,14,432.883574
3.92,8,432.886233
3.92,8,432.888881
3.93,7,432.891206
13.88,12,433.141987
3.92,8,433.145283
3.92,8,433.147965
5.9,10,433.151974
5.9,10,433.155396
3.9,10,433.158661
3.91,9,433.16155
3.92,8,433.164122
3.93,7,433.166375
5.89,11,433.16983
1.96,4,433.171166
5.89,11,433.174617
1.94,6,433.176539
3.92,8,433.179076
5.89,11,433.384143
1.92,8,433.386879
3.93,7,433.389171
3.93,7,433.391451
1.94,6,433.393864
3.93,7,433.396308
5.9,10,433.400078
5.91,9,433.403283
13.89,11,433.406975
13.88,12,433.410868
1.96,4,433.412239
1.94,6,433.414205
1.96,4,433.415548
1.96,4,433.4169
5.91,9,433.419798
1.96,4,433.421143
5.9,10,433.424322
3.93,7,433.426582
3.92,8,433.652243
3.92,8,433.655081
3.9,10,433.658309
3.92,8,433.661295
3.9,10,433.66469
1.96,4,433.666078
5.88,12,433.669968
1.95,5,433.671659
3.9,10,433.674912
13.89,11,433.678483
3.93,7,433.680767
1.94,6,433.682737
1.94,6,433.684706
1.94,6,433.687105
5.87,13,433.691381
13.89,11,433.924455
13.88,12,433.928416
3.93,7,433.930708
1.96,4,433.932051
13.89,11,433.935524
13.88,12,433.939284
1.95,5,433.940936
3.91,9,433.944128
5.9,10,433.947714
5.91,9,433.950634
3.92,8,433.953199
3.91,9,433.956042
5.9,10,433.959203
5.89,11,433.962644
5.91,9,434.190387
1.96,4,434.19185
3.92,8,434.195273
5.91,9,434.198752
5.9,10,434.202408
13.89,11,434.206373
5.88,12,434.210793
1.95,5,434.212715
3.93,7,434.215036
3.92,8,434.217626
1.94,6,434.219599
3.93,7,434.222522
5.91,9,434.225542
3.92,8,434.228732
1.96,4,434.230203
3.93,7,434.233109
3.9,10,434.474332
3.9,10,434.479031
3.93,7,434.481487
1.96,4,434.482919
3.92,8,434.486681
13.89,11,434.490401
5.91,9,434.493458
1.96,4,434.495311
3.92,8,434.497946
5.9,10,434.501138
1.94,6,434.503121
1.96,4,434.505028
5.91,9,434.508236
3.91,9,434.51132
5.91,9,434.514627
3.94,6,434.516738
1.94,6,434.518949
3.93,7,434.521541
3.94,6,434.749113
3.93,7,434.751751
1.95,5,434.754011
3.93,7,434.75669
3.93,7,434.759182
3.92,8,434.762134
1.96,4,434.763522
3.91,9,434.766747
1.96,4,434.768522
13.89,11,434.773004
1.95,5,434.774759
3.93,7,434.77712
1.96,4,434.779049
1.96,4,434.780505
5.91,9,434.783408
3.92,8,434.786005
13.89,11,434.790098
3.91,9,434.793082
13.88,12,435.021037
5.9,10,435.024424
3.93,7,435.027035
1.94,6,435.029502
3.9,10,435.032759
1.96,4,435.034548
3.93,7,435.038162
3.93,7,435.055257
1.96,4,435.056715
5.91,9,435.059647
1.96,4,435.06112
1.94,6,435.064273
5.86,14,435.070029
1.95,5,435.071776
3.93,7,435.074062
3.9,10,435.078218
3.91,9,435.081547
3.93,7,435.342886
1.96,4,435.344901
1.94,6,435.347058
1.94,6,435.349059
5.88,12,435.353989
5.88,12,435.35801
5.9,10,435.362145
5.9,10,435.365406
5.88,12,435.36924
13.89,11,435.373401
3.92,8,435.376325
13.89,11,435.380424
13.88,12,435.384381
3.93,7,435.386971
5.89,11,435.612582
13.87,13,435.616833
1.96,4,435.618879
3.92,8,435.621798
3.91,9,435.624705
1.96,4,435.626047
3.9,10,435.629557
3.92,8,435.632654
13.89,11,435.636597
1.96,4,435.637968
3.92,8,435.640948
5.89,11,435.645627
3.89,11,435.649573
1.96,4,435.651268
5.91,9,435.65465
5.91,9,435.903687
3.92,8,435.906403
1.96,4,435.907781
1.94,6,435.909739
3.93,7,435.912502
5.91,9,435.915425
1.96,4,435.916776
5.9,10,435.920001
13.85,15,435.925492
3.92,8,435.928677
5.9,10,435.932278
3.92,8,435.93573
5.9,10,435.939199
1.95,5,435.941258
1.95,5,435.943103
5.9,10,435.946656
5.91,9,436.228111
13.88,12,436.232531
5.91,9,436.235719
1.94,6,436.23772
3.91,9,436.240631
1.96,4,436.241962
3.93,7,436.244278
1.95,5,436.246218
5.91,9,436.249198
1.94,6,436.251175
3.93,7,436.253559
13.88,12,436.258379
3.92,8,436.260995
3.93,7,436.263283
3.93,7,436.266113
13.89,11,436.270827
3.92,8,436.506913
3.92,8,436.509826
1.96,4,436.511613
3.92,8,436.514491
3.93,7,436.51712
1.94,6,436.519858
3.92,8,436.522666
3.9,10,436.526412
3.93,7,436.530203
13.89,11,436.53386
5.89,11,436.538115
1.94,6,436.540215
1.96,4,436.541596
13.89,11,436.545945
1.96,4,436.54743
5.91,9,436.550412
1.94,6,436.552817
1.96,4,436.775396
13.89,11,436.77992
3.92,8,436.782604
3.92,8,436.785602
3.89,11,436.789139
1.96,4,436.790473
1.94,6,436.792418
1.94,6,436.794616
5.9,10,436.797822
1.96,4,436.799154
3.92,8,436.801721
3.92,8,436.804578
13.89,11,436.808743
1.95,5,436.811022
3.9,10,436.815065
1.96,4,436.816584
3.93,7,436.819305
5.91,9,437.045063
3.93,7,437.047482
5.87,13,437.051611
3.9,10,437.055464
13.89,11,437.059333
3.93,7,437.06233
3.93,7,437.065211
1.94,6,437.067397
5.88,12,437.071337
3.92,8,437.074388
5.88,12,437.078773
3.92,8,437.081379
13.89,11,437.085498
5.91,9,437.088818
5.91,9,437.33106
3.89,11,437.334752
5.88,12,437.339079
3.93,7,437.341626
13.88,12,437.346427
3.92,8,437.349363
3.91,9,437.352374
5.91,9,437.35599
3.93,7,437.35833
3.9,10,437.36213
1.96,4,437.363582
3.92,8,437.366196
3.91,9,437.369162
3.93,7,437.372089
5.91,9,437.375151
3.93,7,437.615526
-0.01,1,437.61602
5.91,9,437.618953
3.92,8,437.621572
1.94,6,437.624112
3.9,10,437.627769
1.94,6,437.629792
3.93,7,437.632079
5.9,10,437.636905
5.86,14,437.641764
3.92,8,437.645755
5.9,10,437.649155
3.92,8,437.651783
5.88,12,437.656477
3.91,9,437.659991
3.92,8,437.918913
5.88,12,437.922993
1.94,6,437.925007
5.84,16,437.930881
3.92,8,437.933638
1.96,4,437.935003
3.93,7,437.937949
1.96,4,437.939486
3.92,8,437.942152
3.92,8,437.945088
5.91,9,437.948411
1.95,5,437.950173
1.96,4,437.951577
5.88,12,437.95546
5.9,10,437.958773
3.92,8,437.961377
3.93,7,438.250723
5.89,11,438.255079
3.92,8,438.25774
1.96,4,438.259609
1.94,6,438.261811
3.92,8,438.264417
1.95,5,438.266065
5.9,10,438.269689
5.87,13,438.274393
3.92,8,438.277078
1.96,4,438.27875
1.95,5,438.28066
5.89,11,438.284277
3.93,7,438.286813
13.87,13,438.291442
3.9,10,438.29477
1.94,6,438.547923
3.93,7,438.551208
3.92,8,438.553908
3.9,10,438.557846
1.94,6,438.560167
1.93,7,438.563288
13.87,13,438.568198
1.96,4,438.569571
1.94,6,438.57157
3.93,7,438.573878
3.92,8,438.577076
5.85,15,438.582204
3.91,9,438.585105
3.93,7,438.588013
3.93,7,438.590595
3.9,10,438.866903
5.85,15,438.871942
3.93,7,438.874242
5.91,9,438.877756
3.91,9,438.881202
3.93,7,438.883596
5.9,10,438.887112
5.91,9,438.890185
1.94,6,438.892221
3.93,7,438.894538
13.88,12,438.898752
13.88,12,438.903143
1.94,6,438.905223
3.92,8,438.908062
1.94,6,438.91029
13.88,12,439.180562
3.93,7,439.182979
3.93,7,439.185258
5.87,13,439.190422
3.93,7,439.192834
3.93,7,439.19571
3.91,9,439.199276
5.91,9,439.2035
3.92,8,439.206599
3.93,7,439.209401
3.93,7,439.211984
1.96,4,439.213372
1.96,4,439.214737
3.93,7,439.217019
5.88,12,439.221401
5.9,10,439.224612
5.9,10,439.47377
13.85,15,439.478978
3.93,7,439.481957
1.96,4,439.483452
1.96,4,439.484858
3.93,7,439.487596
5.87,13,439.492054
3.92,8,439.494781
1.94,6,439.496762
3.93,7,439.499465
5.9,10,439.503289
5.91,9,439.506266
13.88,12,439.510092
3.92,8,439.512976
5.89,11,439.784098
5.85,15,439.789393
1.94,6,439.791428
3.93,7,439.794158
3.93,7,439.796454
3.91,9,439.79933
13.88,12,439.803653
3.91,9,439.806806
1.96,4,439.808197
3.93,7,439.811488
5.86,14,439.816917
1.94,6,439.81905
1.96,4,439.820432
5.9,10,439.82404
3.9,10,439.827444
5.9,10,440.099429
3.93,7,440.102425
5.9,10,440.106435
3.92,8,440.109131
1.96,4,440.11049
1.95,5,440.112148
1.95,5,440.114356
5.9,10,440.117796
5.88,12,440.121902
1.96,4,440.123351
1.94,6,440.125406
5.91,9,440.128324
5.9,10,440.13185
3.91,9,440.13481
3.9,10,440.138024
5.88,12,440.14206
3.92,8,440.376865
1.94,6,440.379335
5.89,11,440.383025
13.88,12,440.387741
3.92,8,440.3904
1.94,6,440.392382
1.96,4,440.393699
3.91,9,440.396868
3.93,7,440.399265
1.96,4,440.400645
3.93,7,440.402949
5.89,11,440.407205
3.93,7,440.409627
1.96,4,440.411048
1.94,6,440.413034
3.91,9,440.416463
13.86,14,440.659411
1.96,4,440.660984
3.92,8,440.663661
1.96,4,440.665022
3.93,7,440.667296
5.88,12,440.671709
1.94,6,440.673803
3.9,10,440.677061
1.96,4,440.678464
3.93,7,440.680911
1.96,4,440.68239
1.95,5,440.68422
13.87,13,440.688679
13.88,12,440.694004
1.94,6,440.696267
5.87,13,440.700938
5.88,12,440.705655
13.89,11,440.960901
5.9,10,440.964385
3.93,7,440.967181
3.93,7,440.970204
5.91,9,440.973243
-0.04,4,440.9746
3.93,7,440.977609
1.96,4,440.979073
3.93,7,440.981377
13.87,13,440.985519
3.93,7,440.988296
1.96,4,440.98978
1.95,5,440.991502
3.93,7,440.993834
5.9,10,440.997109
3.93,7,440.999432
1.96,4,441.000832
1.96,4,441.002184
3.91,9,441.30424
3.91,9,441.307265
1.95,5,441.308943
3.92,8,441.312117
1.96,4,441.313618
3.93,7,441.315995
1.95,5,441.318045
1.95,5,441.320145
5.91,9,441.323488
3.92,8,441.326188
3.93,7,441.328778
1.96,4,441.330196
1.96,4,441.33157
13.89,11,441.335188
3.92,8,441.337832
1.95,5,441.339824
3.93,7,441.342233
3.93,7,441.344799
1.95,5,441.34656
1.96,4,441.596435
3.92,8,441.599887
5.89,11,441.604486
3.9,10,441.608739
1.95,5,441.611295
5.9,10,441.61483
3.94,6,441.61747
3.92,8,441.621136
1.95,5,441.622926
5.89,11,441.627004
3.92,8,441.630138
1.95,5,441.63185
1.95,5,441.633526
1.96,4,441.634882
1.95,5,441.637357
1.95,5,441.639421
3.93,7,441.642256
3.92,8,441.645485
3.92,8,441.877884
1.95,5,441.879789
13.86,14,441.884279
3.93,7,441.88701
3.93,7,441.889391
3.92,8,441.891984
1.95,5,441.893792
3.93,7,441.896781
3.92,8,441.899749
3.92,8,441.902809
3.93,7,441.905214
1.94,6,441.907845
5.91,9,441.911142
3.91,9,441.914129
13.87,13,441.919264
13.88,12,441.923181
3.92,8,442.200695
1.96,4,442.202915
5.89,11,442.206582
13.86,14,442.211383
5.89,11,442.215678
3.92,8,442.218323
1.96,4,442.220049
3.91,9,442.223744
3.9,10,442.227898
3.93,7,442.230348
3.9,10,442.234168
13.85,15,442.239574
1.96,4,442.240975
3.92,8,442.244527
3.92,8,442.518253
1.95,5,442.521315
1.95,5,442.52369
1.96,4,442.525243
13.89,11,442.529488
13.87,13,442.534199
5.91,9,442.53783
1.95,5,442.539851
5.9,10,442.54344
3.92,8,442.546945
1.96,4,442.548354
3.93,7,442.550622
1.95,5,442.553111
5.87,13,442.559045
5.9,10,442.56309
5.89,11,442.566593
5.88,12,442.901103
3.92,8,442.904143
5.88,12,442.908686
3.93,7,442.911346
1.95,5,442.913449
1.95,5,442.915181
3.93,7,442.917626
5.91,9,442.920849
5.9,10,442.924267
5.89,11,442.928498
3.92,8,442.931682
1.95,5,442.933375
1.96,4,442.934731
1.95,5,442.936461
5.89,11,442.940866
3.93,7,442.943518
1.95,5,442.94526
3.91,9,443.159622
13.89,11,443.163282
1.96,4,443.164636
5.9,10,443.168394
3.93,7,443.170738
3.92,8,443.173316
3.93,7,443.175562
5.86,14,443.180375
1.95,5,443.182047
3.93,7,443.184328
3.92,8,443.187369
3.91,9,443.190488
1.96,4,443.192165
3.92,8,443.194989
3.92,8,443.198344
3.92,8,443.201322
1.95,5,443.436171
1.95,5,443.438062
5.91,9,443.441292
3.92,8,443.444
3.91,9,443.446933
1.95,5,443.448587
3.93,7,443.450879
3.91,9,443.453755
5.89,11,443.457239
3.92,8,443.459814
3.92,8,443.462365
3.92,8,443.464916
5.9,10,443.468068
1.96,4,443.469419
3.92,8,443.471971
3.93,7,443.474249
3.93,7,443.476541
3.91,9,443.684454
5.91,9,443.688022
3.91,9,443.691094
3.92,8,443.694259
1.96,4,443.69572
3.92,8,443.698393
13.86,14,443.702951
5.89,11,443.706558
3.92,8,443.723351
3.94,6,443.726583
1.95,5,443.732465
5.9,10,443.736566
13.87,13,443.741114
1.95,5,443.742824
3.93,7,443.745618
3.92,8,443.997
3.92,8,443.999761
3.91,9,444.002725
-0.03,3,444.003764
13.89,11,444.00831
3.92,8,444.011174
3.92,8,444.013847
3.92,8,444.01648
5.91,9,444.019418
3.92,8,444.022022
1.95,5,444.023673
3.91,9,444.026592
1.95,5,444.028264
3.91,9,444.031166
1.95,5,444.032846
3.92,8,444.035647
3.92,8,444.038467
3.92,8,444.250042
1.95,5,444.25182
1.95,5,444.253488
3.92,8,444.256064
13.88,12,444.260871
3.93,7,444.263716
1.96,4,444.265131
3.92,8,444.26773
5.86,14,444.273082
1.94,6,444.275114
1.95,5,444.276776
3.92,8,444.279864
1.96,4,444.281335
5.91,9,444.28466
3.92,8,444.287572
1.95,5,444.289659
1.95,5,444.29167
1.95,5,444.293588
1.95,5,444.29526
5.9,10,444.551362
1.96,4,444.552821
13.89,11,444.556386
1.96,4,444.558118
1.95,5,444.559997
1.96,4,444.561391
1.96,4,444.562771
3.94,6,444.56478
5.86,14,444.569243
3.93,7,444.57152
5.86,14,444.576
3.92,8,444.578579
3.93,7,444.580831
3.92,8,444.583404
3.92,8,444.585969
1.95,5,444.587615
3.92,8,444.590182
5.9,10,444.834154
1.95,5,444.835963
5.89,11,444.839568
5.88,12,444.84349
13.88,12,444.847398
3.93,7,444.849753
3.9,10,444.85303
1.95,5,444.854704
3.92,8,444.857386
3.93,7,444.859748
1.96,4,444.861114
13.88,12,444.865009
3.91,9,444.867981
1.96,4,444.869347
3.92,8,444.871984
1.95,5,444.873652
5.92,8,445.115164
1.96,4,445.116777
1.95,5,445.118749
3.92,8,445.121936
3.92,8,445.124786
3.94,6,445.126804
5.92,8,445.130004
1.95,5,445.13184
3.92,8,445.134742
3.94,6,445.13713
3.94,6,445.139379
1.95,5,445.141103
1.95,5,445.142778
1.95,5,445.145197
1.96,4,445.146677
5.92,8,445.149818
3.93,7,445.152188
1.96,4,445.153561
3.94,6,445.155571
5.92,8,445.158254
1.96,4,445.160344
5.91,9,445.334202
1.95,5,445.335932
3.91,9,445.338816
5.9,10,445.342727
3.92,8,445.345523
13.9,10,445.348726
1.96,4,445.35007
5.92,8,445.353236
1.95,5,445.355008
3.91,9,445.358322
3.92,8,445.361249
1.95,5,445.363191
13.88,12,445.367359
1.95,5,445.369463
3.94,6,445.371807
3.93,7,445.374155
1.95,5,445.377306
1.95,5,445.626726
3.94,6,445.62909
1.95,5,445.630809
1.95,5,445.632498
3.92,8,445.6356
1.95,5,445.637691
1.95,5,445.639469
3.92,8,445.642184
1.96,4,445.643837
1.95,5,445.645906
5.92,8,445.648787
3.94,6,445.650831
3.9,10,445.65432
1.95,5,445.656214
1.95,5,445.658013
1.95,5,445.659752
1.96,4,445.661337
5.91,9,445.664326
3.93,7,445.666666
1.95,5,445.66842
1.95,5,445.670219
3.94,6,445.672233
1.95,5,445.874767
5.92,8,445.877742
5.92,8,445.880544
1.95,5,445.882238
5.92,8,445.884895
1.96,4,445.886365
3.94,6,445.888364
5.89,11,445.891894
3.94,6,445.894389
5.9,10,445.898109
1.95,5,445.899852
1.95,5,445.901591
1.95,5,445.903579
1.95,5,445.905325
1.95,5,445.906998
5.91,9,445.90993
5.89,11,445.913413
1.95,5,445.915042
1.96,4,445.916363
5.91,9,446.13122
3.91,9,446.134266
1.96,4,446.135633
3.94,6,446.137627
3.93,7,446.139924
3.9,10,446.143146
13.9,10,446.146854
1.96,4,446.148388
1.96,4,446.149795
3.94,6,446.151781
1.95,5,446.153432
1.95,5,446.155099
1.95,5,446.157033
5.92,8,446.159731
3.92,8,446.162363
1.96,4,446.163762
13.9,10,446.167022
1.95,5,446.168684
5.89,11,446.172215
1.96,4,446.380931
3.94,6,446.383091
3.94,6,446.385115
3.92,8,446.387751
3.91,9,446.391219
5.89,11,446.395416
1.95,5,446.397144
1.95,5,446.398826
5.92,8,446.402023
1.96,4,446.40346
3.93,7,446.405801
5.92,8,446.408445
1.95,5,446.410672
3.91,9,446.413871
1.95,5,446.41575
3.92,8,446.418381
1.95,5,446.42026
3.93,7,446.422697
3.92,8,446.42547
1.95,5,446.642573
13.84,16,446.648076
5.91,9,446.65146
3.94,6,446.653744
1.95,5,446.655481
1.96,4,446.656833
3.91,9,446.659778
5.88,12,446.664015
1.95,5,446.665925
1.95,5,446.667631
5.92,8,446.670679
5.91,9,446.673692
1.96,4,446.675077
3.94,6,446.677273
5.9,10,446.680575
3.94,6,446.682879
3.93,7,446.685293
3.92,8,446.968451
5.88,12,446.972402
3.91,9,446.975283
3.94,6,446.97774
13.87,13,446.982127
13.9,10,446.985413
5.92,8,446.98806
3.94,6,446.990087
1.96,4,446.991462
1.95,5,446.993197
1.95,5,446.994883
1.95,5,446.996565
5.86,14,447.001061
1.95,5,447.002736
5.89,11,447.00629
1.95,5,447.007992
1.96,4,447.009359
5.9,10,447.259496
3.92,8,447.262158
1.95,5,447.263793
5.87,13,447.268753
3.92,8,447.271657
3.92,8,447.274293
5.86,14,447.27876
3.93,7,447.281009
3.92,8,447.283577
3.94,6,447.285506
3.94,6,447.287439
3.92,8,447.28997
5.89,11,447.293448
1.95,5,447.295076
3.9,10,447.298242
3.91,9,447.546761
5.84,16,447.55201
1.95,5,447.553713
1.95,5,447.555394
1.95,5,447.557059
1.95,5,447.558731
3.92,8,447.56133
3.91,9,447.564231
3.91,9,447.567145
3.92,8,447.570289
3.91,9,447.573369
1.95,5,447.575092
3.91,9,447.578013
3.9,10,447.581583
13.83,17,447.587051
3.91,9,447.877276
5.86,14,447.881859
3.93,7,447.884142
5.9,10,447.887338
3.92,8,447.889912
3.9,10,447.893078
3.91,9,447.895953
13.81,19,447.901913
1.95,5,447.903557
1.95,5,447.9052
3.94,6,447.907144
1.95,5,447.908806
1.95,5,447.910554
1.95,5,447.912284
13.87,13,447.916532
1.95,5,448.224503
5.81,19,448.230643
1.95,5,448.232334
3.91,9,448.235237
5.89,11,448.238773
5.84,16,448.243816
13.88,12,448.248101
5.82,18,448.253857
13.77,23,448.261435
3.92,8,448.264105
3.91,9,448.604787
5.81,19,448.610941
3.91,9,448.613851
3.91,9,448.616704
3.91,9,448.619565
3.9,10,448.622731
3.9,10,448.625885
13.87,13,448.629974
5.87,13,448.636424
1.95,5,448.638099
3.92,8,448.640659
3.94,6,448.642625
1.95,5,448.644771
3.93,7,448.959458
3.9,10,448.963101
3.93,7,448.965857
1.96,4,448.96737
1.95,5,448.969363
1.95,5,448.971236
1.95,5,448.972972
3.87,13,448.977439
5.8,20,448.984895
1.95,5,448.986936
1.96,4,448.988539
5.84,16,448.993857
5.91,9,448.996767
5.88,12,449.000984
1.96,4,449.00264
3.94,6,449.00467
1.95,5,449.338818
5.9,10,449.34218
1.96,4,449.343557
1.95,5,449.345228
13.82,18,449.35174
3.92,8,449.354609
1.96,4,449.356011
1.96,4,449.357747
1.95,5,449.3595
1.95,5,449.361447
1.95,5,449.363169
1.95,5,449.364848
13.9,10,449.368088
5.88,12,449.372149
1.95,5,449.373831
3.9,10,449.377413
3.89,11,449.381003
3.89,11,449.691693
3.93,7,449.694565
3.94,6,449.696627
3.94,6,449.699005
3.93,7,449.701478
13.9,10,449.704864
13.89,11,449.708466
3.9,10,449.711969
5.87,13,449.716434
3.94,6,449.718494
5.85,15,449.723376
1.95,5,449.725059
1.95,5,449.726909
1.96,4,449.728657
3.94,6,449.730847
1.96,4,449.73228
3.93,7,450.007394
1.95,5,450.009227
1.95,5,450.011123
1.95,5,450.012853
3.83,17,450.019008
1.95,5,450.020849
3.9,10,450.024169
5.89,11,450.028145
3.91,9,450.031235
5.86,14,450.036124
1.95,5,450.037842
13.74,26,450.046128
3.86,14,450.050606
5.81,19,450.437988
3.94,6,450.440517
3.85,15,450.445815
1.95,5,450.447592
1.96,4,450.448952
1.96,4,450.45057
3.94,6,450.452779
3.94,6,450.454812
5.86,14,450.459263
1.95,5,450.461205
3.94,6,450.46329
1.96,4,450.464687
1.95,5,450.466367
3.75,25,450.47476
5.83,17,450.868142
5.83,17,450.874085
1.96,4,450.875606
1.95,5,450.877541
1.95,5,450.879328
1.95,5,450.88104
1.96,4,450.8824
1.95,5,450.884062
13.74,26,450.892623
13.88,12,450.897223
3.83,17,450.903226
5.85,15,450.90804
3.82,18,451.270127
5.82,18,451.276691
5.9,10,451.280242
1.95,5,451.281915
3.94,6,451.283895
13.89,11,451.287472
3.88,12,451.291314
3.93,7,451.293963
5.75,25,451.302289
1.95,5,451.304104
1.96,4,451.305466
1.96,4,451.306818
5.92,8,451.676127
3.94,6,451.678224
1.96,4,451.679618
3.91,9,451.68254
3.94,6,451.685203
5.91,9,451.688839
5.84,16,451.694419
3.9,10,451.697995
1.95,5,451.699742
3.84,16,451.705024
1.96,4,451.706408
13.89,11,451.710123
3.9,10,451.713591
1.95,5,451.715396
3.92,8,451.718039
5.82,18,452.000353
3.91,9,452.003397
5.89,11,452.006915
5.89,11,452.010904
5.85,15,452.015822
1.95,5,452.017499
3.93,7,452.020524
13.89,11,452.024161
1.95,5,452.025826
1.95,5,452.027957
5.84,16,452.033551
3.91,9,452.036748
5.85,15,452.307425
5.88,12,452.311407
1.96,4,452.312778
13.78,22,452.32104
13.81,19,452.327535
1.95,5,452.329295
1.95,5,452.331011
5.82,18,452.337318
3.9,10,452.340642
13.88,12,452.344432
5.85,15,452.349676
1.96,4,452.683768
3.92,8,452.687113
3.9,10,452.690547
1.96,4,452.69194
3.91,9,452.695397
13.88,12,452.69938
5.79,21,452.706281
3.84,16,452.711554
13.79,21,452.718257
13.83,17,452.723889
3.9,10,453.048956
1.95,5,453.050832
3.93,7,453.053697
3.92,8,453.056422
3.88,12,453.061056
1.96,4,453.062488
13.87,13,453.066632
5.9,10,453.070495
3.89,11,453.07406
3.92,8,453.076639
1.95,5,453.078665
1.96,4,453.080158
1.95,5,453.081876
3.91,9,453.085029
1.96,4,453.086476
5.9,10,453.090033
5.83,17,453.330793
3.94,6,453.332879
1.96,4,453.334242
3.94,6,453.33622
1.95,5,453.338319
1.95,5,453.340171
3.88,12,453.344292
1.96,4,453.345931
1.96,4,453.347383
1.95,5,453.349078
1.95,5,453.350749
13.89,11,453.354712
1.95,5,453.356464
5.83,17,453.36221
5.85,15,453.367353
5.9,10,453.370785
1.95,5,453.372544
5.84,16,453.65939
1.96,4,453.660825
3.91,9,453.66371
5.83,17,453.670035
5.82,18,453.67583
1.95,5,453.677544
1.95,5,453.679209
3.94,6,453.681172
5.85,15,453.685859
3.94,6,453.688274
5.9,10,453.691745
1.95,5,453.693459
13.9,10,453.696899
1.96,4,453.698647
3.94,6,453.993442
-0.01,1,453.994042
3.93,7,453.996488
3.94,6,453.998521
5.83,17,454.004137
1.95,5,454.006009
3.94,6,454.008019
1.95,5,454.009677
13.87,13,454.013879
1.96,4,454.015226
3.94,6,454.017163
5.76,24,454.025508
5.82,18,454.03173
5.8,20,454.394438
1.96,4,454.39585
3.93,7,454.398163
3.91,9,454.401715
5.9,10,454.4051
1.95,5,454.406746
1.95,5,454.408426
5.83,17,454.414272
3.84,16,454.419309
1.96,4,454.420931
13.79,21,454.427827
3.89,11,454.43141
1.95,5,454.433086
1.96,4,454.434447
3.86,14,454.763966
3.86,14,454.769409
5.83,17,454.774944
1.95,5,454.776912
3.93,7,454.779446
1.95,5,454.781179
3.93,7,454.783463
1.95,5,454.785123
13.82,18,454.791249
1.95,5,454.793006
1.96,4,454.794581
1.95,5,454.796279
3.92,8,454.798868
3.92,8,454.801617
3.9,10,455.093121
1.95,5,455.094898
1.96,4,455.096263
1.96,4,455.097638
5.82,18,455.103293
5.85,15,455.108566
1.95,5,455.110459
1.96,4,455.111885
3.81,19,455.118364
3.85,15,455.123468
5.84,16,455.128714
3.94,6,455.130738
5.77,23,455.45504
5.9,10,455.459307
3.86,14,455.467106
13.79,21,455.474957
5.84,16,455.481163
1.96,4,455.482719
1.95,5,455.484479
3.85,15,455.489648
-0.01,1,455.490204
1.95,5,455.4922
1.95,5,455.494159
5.89,11,455.497721
3.92,8,455.50033
5.69,31,455.842402
3.93,7,455.84482
13.88,12,455.848721
5.9,10,455.851972
3.94,6,455.853959
1.95,5,455.855633
13.84,16,455.861133
1.95,5,455.862845
1.95,5,455.864487
3.93,7,455.867359
3.87,13,455.872136
5.91,9,455.875298
-0.01,1,455.875943
5.84,16,456.256728
1.95,5,456.258485
3.92,8,456.261341
3.93,7,456.263758
13.72,28,456.273162
1.95,5,456.275209
3.94,6,456.277609
3.76,24,456.286171
3.94,6,456.288269
13.12,88,456.723599
1.96,4,456.725039
5.81,19,456.731085
1.95,5,456.73331
1.95,5,456.735118
3.66,34,456.746795
1.95,5,457.280447
5.79,21,457.2876
3.9,10,457.291118
-0.01,1,457.291571
13.7,30,457.301101
5.65,35,457.312081
3.91,9,457.315296
1.95,5,457.317016
-0.01,1,457.317439
1.94,6,457.319615
13.78,22,457.807033
5.74,26,457.816107
3.84,16,457.82223
5.81,19,457.828839
3.94,6,457.830907
3.93,7,457.833212
1.93,7,457.835584
-0.01,1,457.836016
1.96,4,457.837373
3.94,6,457.839326
5.7,30,458.217373
3.91,9,458.220442
5.83,17,458.22611
1.96,4,458.228112
1.96,4,458.229677
13.73,27,458.238313
5.74,26,458.247115
13.73,27,458.25606
3.89,11,458.654414
3.88,12,458.658331
3.88,12,458.662707
3.87,13,458.66703
5.87,13,458.671276
13.76,24,458.678903
1.95,5,458.680579
5.71,29,458.689972
3.83,17,459.11249
1.96,4,459.113977
1.96,4,459.115357
1.95,5,459.117032
3.63,37,459.129695
3.77,23,459.137379
3.91,9,459.140324
13.79,21,459.147803
5.84,16,459.153432
3.84,16,459.633099
3.92,8,459.636303
1.96,4,459.639208
5.81,19,459.645537
3.86,14,459.650706
5.81,19,459.657008
5.89,11,459.661055
5.86,14,459.665631
13.89,11,459.669353
1.95,5,459.67103
3.91,9,459.67392
3.91,9,459.97243
3.86,14,459.976887
1.95,5,459.978518
1.96,4,459.980371
3.87,13,459.984828
3.93,7,459.987576
1.96,4,459.98902
5.82,18,459.995636
3.91,9,459.998637
3.86,14,460.003616
3.91,9,460.006584
5.84,16,460.011851
3.9,10,460.298154
13.76,24,460.305874
3.79,21,460.312455
3.94,6,460.314422
3.91,9,460.318245
3.92,8,460.321186
3.93,7,460.323611
1.95,5,460.325345
3.87,13,460.329848
1.96,4,460.331312
1.95,5,460.332976
5.75,25,460.709692
3.93,7,460.712782
5.81,19,460.718961
5.82,18,460.724943
1.95,5,460.726652
3.9,10,460.729835
1.95,5,460.731476
13.88,12,460.736333
5.75,25,460.744587
3.93,7,460.747108
3.85,15,460.752012
3.9,10,461.123111
1.96,4,461.124664
3.9,10,461.128303
1.96,4,461.12972
3.88,12,461.133836
13.9,10,461.13708
3.94,6,461.139036
3.9,10,461.142798
3.91,9,461.145844
3.94,6,461.147866
3.91,9,461.151234
3.94,6,461.153291
3.92,8,461.155935
3.91,9,461.158961
5.92,8,461.161882
1.96,4,461.163291
1.95,5,461.164944
3.91,9,461.38553
3.9,10,461.388902
3.93,7,461.391206
3.89,11,461.396039
3.94,6,461.39815
3.94,6,461.40015
1.95,5,461.401814
3.91,9,461.405397
5.89,11,461.409153
1.95,5,461.411121
3.92,8,461.413995
13.9,10,461.417351
3.94,6,461.419415
13.87,13,461.423612
3.94,6,461.425606
5.92,8,461.428222
3.89,11,461.665768
3.91,9,461.66874
5.89,11,461.672754
1.96,4,461.674152
5.9,10,461.677379
3.92,8,461.67996
3.91,9,461.683226
3.93,7,461.685723
3.91,9,461.688977
1.95,5,461.690815
5.9,10,461.694795
3.89,11,461.69835
1.95,5,461.700019
-0.01,1,461.700441
3.88,12,461.704666
1.95,5,461.70641
5.84,16,461.933244
5.92,8,461.936028
1.95,5,461.93874
3.91,9,461.941985
3.94,6,461.94453
1.95,5,461.946267
3.91,9,461.949615
-0.01,1,461.95011
3.93,7,461.95281
3.89,11,461.956809
3.94,6,461.958963
13.89,11,461.962776
5.83,17,461.968449
5.92,8,461.971106
3.94,6,461.973126
3.91,9,462.251868
13.77,23,462.259098
-0.01,1,462.259865
3.89,11,462.26378
3.87,13,462.26805
13.77,23,462.275737
3.93,7,462.278431
5.79,21,462.285353
1.96,4,462.286856
3.89,11,462.290706
3.88,12,462.646048
3.9,10,462.649822
5.71,29,462.659774
3.79,21,462.666862
-0.01,1,462.66732
13.8,20,462.67369
3.9,10,462.676895
13.81,19,462.682883
3.9,10,462.686072
-0.01,1,462.686484
5.75,25,463.127256
3.94,6,463.129271
3.94,6,463.131855
1.95,5,463.133665
3.85,15,463.13853
13.81,19,463.14462
3.91,9,463.147624
1.96,4,463.149062
13.89,11,463.153078
13.83,17,463.15863
-0.01,1,463.159081
1.96,4,463.16043
5.84,16,463.494598
1.95,5,463.4965
1.95,5,463.498277
1.95,5,463.50002
5.46,54,463.518616
3.93,7,463.521284
5.9,10,463.52496
3.89,11,463.529011
-0.01,1,463.529485
5.8,20,463.538186
3.93,7,464.294817
1.95,5,464.296693
5.8,20,464.303742
1.95,5,464.305834
3.88,12,464.309799
5.84,16,464.31543
3.94,6,464.317598
3.86,14,464.322818
1.95,5,464.324854
3.94,6,464.326923
13.87,13,464.331077
1.96,4,464.332424
3.94,6,464.335263
13.77,23,464.686226
1.95,5,464.688074
13.78,22,464.696398
3.94,6,464.698526
5.77,23,464.706498
5.78,22,464.713957
13.79,21,464.720971
1.94,6,464.722996
1.96,4,464.724352
13.9,10,465.072058
3.87,13,465.07644
1.96,4,465.077847
-0.01,1,465.078283
3.87,13,465.08303
13.78,22,465.090268
5.85,15,465.095093
3.87,13,465.099289
3.89,11,465.102816
3.85,15,465.1076
3.84,16,465.112698
5.82,18,465.453701
3.88,12,465.457908
1.95,5,465.459641
1.96,4,465.461094
3.88,12,465.465001
1.95,5,465.466736
1.95,5,465.468477
5.9,10,465.472598
1.95,5,465.474529
13.86,14,465.479258
3.78,22,465.487151
13.88,12,465.491474
3.87,13,465.821082
5.84,16,465.827498
1.96,4,465.82898
3.94,6,465.831
1.95,5,465.8327
3.94,6,465.834754
1.95,5,465.836558
13.87,13,465.840861
1.96,4,465.842315
1.96,4,465.843893
3.9,10,465.847345
5.92,8,465.849974
3.94,6,465.852077
3.84,16,465.857297
1.96,4,465.858664
1.96,4,465.860022
1.95,5,465.861677
3.94,6,465.863663
5.79,21,466.155477
13.77,23,466.163709
5.83,17,466.169483
1.96,4,466.170838
1.96,4,466.172177
5.84,16,466.177175
1.96,4,466.178959
1.95,5,466.180812
1.95,5,466.182543
5.81,19,466.18911
3.85,15,466.533893
13.9,10,466.538328
1.96,4,466.53973
5.73,27,466.548921
3.85,15,466.553767
3.91,9,466.556654
3.94,6,466.558622
1.96,4,466.560053
3.94,6,466.562188
5.9,10,466.565604
5.8,20,466.573002
5.73,27,466.971645
3.91,9,466.974696
1.95,5,466.97639
3.89,11,466.979962
5.84,16,466.985097
3.94,6,466.98708
1.95,5,466.988757
3.86,14,466.993999
3.91,9,466.997095
13.77,23,467.005055
3.84,16,467.01036
1.95,5,467.36883
-0.01,1,467.369496
5.82,18,467.375322
3.84,16,467.381099
3.94,6,467.383211
3.79,21,467.390803
1.96,4,467.392212
3.94,6,467.394412
-0.01,1,467.394904
3.94,6,467.397123
3.94,6,467.399301
3.85,15,467.404425
1.96,4,467.405855
3.94,6,467.407958
3.69,31,467.748313
5.82,18,467.754427
13.78,22,467.761429
3.86,14,467.765971
1.95,5,467.767689
3.86,14,467.77269
3.84,16,467.778495
1.95,5,467.780286
3.86,14,467.784778
3.89,11,468.115744
-0.01,1,468.116224
1.96,4,468.117569
3.8,20,468.124464
1.96,4,468.126199
5.9,10,468.129608
5.88,12,468.133781
5.71,29,468.14344
3.93,7,468.146054
5.86,14,468.150628
3.85,15,468.156228
-0.01,1,468.156702
13.88,12,468.584653
3.92,8,468.587876
1.95,5,468.590272
3.86,14,468.596275
13.79,21,468.603386
3.92,8,468.606023
3.86,14,468.610483
5.82,18,468.616126
5.84,16,468.621643
-0.01,1,468.622149
3.88,12,468.626185
5.75,25,468.950693
5.78,22,468.958585
5.83,17,468.964247
13.77,23,468.971813
3.92,8,468.974422
5.83,17,468.980646
5.83,17,468.986383
3.91,9,469.275106
3.91,9,469.278675
5.83,17,469.284648
1.96,4,469.286375
3.94,6,469.288458
3.85,15,469.293756
1.93,7,469.29606
1.95,5,469.29771
1.95,5,469.299358
1.95,5,469.301016
3.92,8,469.304285
-0.01,1,469.304751
1.96,4,469.306251
3.91,9,469.30933
1.96,4,469.310765
1.96,4,469.312204
13.78,22,469.608591
3.86,14,469.613129
5.82,18,469.619581
3.87,13,469.623872
3.86,14,469.628936
1.95,5,469.630662
3.86,14,469.635069
5.79,21,469.642118
3.94,6,469.644427
5.83,17,469.649973
3.85,15,469.970011
1.96,4,469.971425
5.84,16,469.97705
5.74,26,469.985435
1.95,5,469.987125
5.84,16,469.992616
1.96,4,469.994077
5.83,17,469.999539
3.94,6,470.002074
1.95,5,470.003853
3.94,6,470.006041
1.95,5,470.007777
5.82,18,470.371073
3.93,7,470.373436
3.89,11,470.377823
5.88,12,470.381864
1.96,4,470.383302
1.95,5,470.385156
3.94,6,470.387318
3.9,10,470.390529
3.87,13,470.394643
3.85,15,470.399732
3.84,16,470.405481
3.82,18,470.673366
1.96,4,470.67484
3.87,13,470.678999
5.82,18,470.685627
5.82,18,470.691622
3.92,8,470.694386
5.73,27,470.703566
1.96,4,470.704969
3.69,31,470.714929
1.95,5,471.162921
3.94,6,471.165008
13.81,19,471.171871
5.84,16,471.177324
3.83,17,471.183135
5.8,20,471.189651
5.83,17,471.195055
5.8,20,471.202416
1.96,4,471.203935
1.95,5,471.205684
3.94,6,471.523098
3.93,7,471.525465
3.88,12,471.529657
1.96,4,471.531661
5.83,17,471.537416
1.95,5,471.539121
3.88,12,471.543568
3.87,13,471.547867
1.96,4,471.549264
3.92,8,471.551893
5.82,18,471.557605
1.95,5,471.559278
1.96,4,471.560634
5.9,10,471.563854
1.96,4,471.854479
5.81,19,471.860995
3.84,16,471.866591
3.82,18,471.872607
1.95,5,471.874342
1.95,5,471.876165
1.95,5,471.878261
1.96,4,471.879679
5.82,18,471.885639
5.9,10,471.888991
3.86,14,471.893702
3.87,13,471.898074
5.82,18,472.206783
5.85,15,472.212232
5.83,17,472.21831
3.85,15,472.223538
1.96,4,472.225008
3.88,12,472.229175
1.96,4,472.230814
13.72,28,472.240426
3.94,6,472.242486
3.87,13,472.653616
3.86,14,472.658374
3.86,14,472.663673
1.96,4,472.665221
1.96,4,472.666759
5.74,26,472.675316
1.96,4,472.676694
5.84,16,472.682166
3.87,13,472.686608
1.96,4,472.688162
1.96,4,472.689665
5.82,18,472.695887
3.85,15,473.085369
1.93,7,473.087772
5.8,20,473.09413
3.94,6,473.096116
3.93,7,473.098438
3.94,6,473.100435
5.81,19,473.106431
3.91,9,473.109371
1.95,5,473.111048
5.8,20,473.118049
13.81,19,473.436177
3.87,13,473.441941
13.83,17,473.447429
1.96,4,473.448779
1.96,4,473.450151
5.83,17,473.455984
1.95,5,473.457746
3.9,10,473.460966
3.83,17,473.466869
3.9,10,473.470212
3.86,14,473.474714
3.91,9,473.477615
1.94,6,473.479592
1.96,4,473.752304
13.79,21,473.759518
5.82,18,473.765307
3.91,9,473.768186
1.95,5,473.769824
3.9,10,473.772988
3.88,12,473.77674
1.94,6,473.778674
1.96,4,473.779998
1.96,4,473.781835
3.9,10,473.78516
5.78,22,473.79262
13.72,28,474.142666
5.79,21,474.149311
13.77,23,474.156491
3.94,6,474.158529
3.86,14,474.163124
3.84,16,474.168725
3.92,8,474.171818
1.96,4,474.173295
5.82,18,474.539751
3.9,10,474.543155
3.94,6,474.54552
3.92,8,474.548201
3.94,6,474.550203
1.96,4,474.551576
1.96,4,474.55294
3.87,13,474.557145
5.8,20,474.563517
5.78,22,474.570505
13.77,23,474.578331
1.95,5,474.580059
13.73,27,474.941652
3.87,13,474.946637
1.96,4,474.948082
1.95,5,474.949775
3.94,6,474.951732
5.82,18,474.958161
13.82,18,474.964481
3.94,6,474.966527
5.9,10,474.969791
1.95,5,474.971463
3.92,8,474.9741
3.86,14,475.371155
1.93,7,475.373587
5.74,26,475.388483
3.75,25,475.423739
1.96,4,475.426924
1.96,4,475.431174
13.79,21,475.438206
3.85,15,475.444658
3.94,6,475.447025
3.93,7,475.450054
3.94,6,475.475301
3.87,13,475.881062
1.96,4,475.882517
1.95,5,475.884216
3.87,13,475.88941
1.96,4,475.89094
3.89,11,475.894962
3.94,6,475.897076
13.89,11,475.900771
13.86,14,475.905926
3.87,13,475.911021
5.91,9,475.914063
5.92,8,475.917227
5.92,8,475.920075
13.81,19,476.159211
3.88,12,476.163181
1.94,6,476.165625
5.92,8,476.168574
1.94,6,476.17067
3.94,6,476.172648
3.91,9,476.175824
3.85,15,476.180898
5.83,17,476.186358
1.94,6,476.188352
1.96,4,476.189732
5.9,10,476.192976
1.94,6,476.194964
1.95,5,476.196633
1.94,6,476.198669
1.94,6,476.488602
1.96,4,476.490673
1.95,5,476.492582
5.83,17,476.498449
1.95,5,476.50023
3.85,15,476.505357
5.76,24,476.513271
5.82,18,476.519123
13.88,12,476.522974
13.88,12,476.52678
1.94,6,476.528724
13.88,12,476.877561
1.95,5,476.879843
3.88,12,476.883832
3.93,7,476.88667
3.94,6,476.888779
1.95,5,476.890487
5.84,16,476.895684
3.92,8,476.898334
5.85,15,476.90317
5.85,15,476.90843
5.9,10,476.911871
13.8,20,476.91863
3.85,15,477.238045
5.8,20,477.245607
3.91,9,477.248649
1.94,6,477.250836
1.95,5,477.252678
1.95,5,477.254398
1.96,4,477.255939
5.8,20,477.262516
3.86,14,477.266978
1.96,4,477.26835
1.96,4,477.269682
5.84,16,477.274674
3.85,15,477.589812
5.83,17,477.595275
5.84,16,477.600285
3.94,6,477.602236
1.96,4,477.603557
5.84,16,477.608537
1.94,6,477.610921
5.78,22,477.618122
1.96,4,477.619553
1.96,4,477.621459
1.96,4,477.622974
13.81,19,477.629391
13.9,10,477.966388
1.95,5,477.96814
1.95,5,477.969807
5.9,10,477.973009
1.95,5,477.975271
5.82,18,477.981607
5.84,16,477.987209
3.92,8,477.989877
3.84,16,477.995377
5.84,16,478.000722
3.83,17,478.006192
1.96,4,478.007542
3.89,11,478.299689
5.76,24,478.307944
3.85,15,478.312695
5.79,21,478.319237
1.96,4,478.320564
1.93,7,478.323452
3.94,6,478.325561
5.84,16,478.330657
3.94,6,478.333122
5.82,18,478.339196
1.95,5,478.693332
1.96,4,478.695316
3.94,6,478.697453
13.88,12,478.701297
3.89,11,478.705213
3.94,6,478.707292
3.9,10,478.710558
3.88,12,478.714433
1.95,5,478.716117
5.76,24,478.723684
3.85,15,478.728446
3.86,14,478.733067
1.96,4,478.734424
5.83,17,479.106116
1.95,5,479.107881
3.9,10,479.111131
1.94,6,479.113117
5.85,15,479.118226
1.95,5,479.120042
5.83,17,479.125463
5.91,9,479.128618
3.94,6,479.130626
1.94,6,479.132576
1.95,5,479.134217
13.88,12,479.138026
5.9,10,479.141192
3.85,15,479.420187
3.94,6,479.422316
5.77,23,479.429691
1.94,6,479.431678
1.96,4,479.43305
3.91,9,479.435991
3.94,6,479.437992
1.95,5,479.43966
3.9,10,479.442878
13.8,20,479.45006
1.96,4,479.45148
5.79,21,479.458443
5.84,16,479.832954
1.95,5,479.834728
1.95,5,479.836423
1.95,5,479.838103
3.94,6,479.840596
5.84,16,479.846304
3.94,6,479.848532
3.94,6,479.850721
3.94,6,479.852901
5.84,16,479.85836
1.95,5,479.860792
1.95,5,479.863036
5.82,18,479.868872
13.82,18,479.875637
5.79,21,480.184782
1.95,5,480.186534
3.94,6,480.188549
3.87,13,480.192715
5.89,11,480.196242
1.95,5,480.198398
3.88,12,480.202407
3.89,11,480.205935
3.84,16,480.211822
13.89,11,480.21544
3.89,11,480.218946
3.94,6,480.220915
5.91,9,480.513084
1.96,4,480.514586
1.95,5,480.516557
1.96,4,480.518
3.89,11,480.521696
5.86,14,480.526254
1.94,6,480.528242
5.84,16,480.536027
1.95,5,480.539479
5.89,11,480.543663
1.95,5,480.545425
3.94,6,480.547389
5.87,13,480.552325
1.95,5,480.554634
1.94,6,480.556677
5.92,8,480.559761
3.91,9,480.893411
1.95,5,480.895264
3.94,6,480.897281
5.92,8,480.900162
1.95,5,480.902399
1.96,4,480.903933
3.91,9,480.906872
1.94,6,480.909413
3.94,6,480.911869
5.89,11,480.915511
1.95,5,480.917222
13.81,19,480.923659
1.94,6,480.925666
1.96,4,480.927012
1.96,4,480.928368
5.89,11,480.963581
5.83,17,481.308995
5.9,10,481.312326
3.86,14,481.316802
1.96,4,481.318151
3.88,12,481.322376
1.95,5,481.324688
1.95,5,481.326587
1.96,4,481.328139
5.79,21,481.335303
3.94,6,481.337389
5.83,17,481.343458
1.96,4,481.344895
5.9,10,481.34814
3.94,6,481.350116
3.94,6,481.688715
5.92,8,481.691523
1.96,4,481.692866
3.9,10,481.696041
1.94,6,481.698552
1.96,4,481.700164
13.77,23,481.708327
5.75,25,481.716679
1.96,4,481.718105
1.95,5,481.719825
3.87,13,481.72407
1.94,6,481.726081
1.96,4,481.727468
3.94,6,481.729479
3.92,8,481.732123
3.85,15,482.158214
1.95,5,482.159979
1.95,5,482.161676
5.75,25,482.170504
5.82,18,482.176392
5.83,17,482.181862
5.82,18,482.187584
1.95,5,482.189272
5.83,17,482.194683
5.79,21,482.558819
1.96,4,482.560295
1.94,6,482.56231
3.87,13,482.566494
5.88,12,482.570341
13.81,19,482.57653
5.82,18,482.582853
3.88,12,482.586895
3.86,14,482.591596
13.79,21,482.91657
1.96,4,482.91803
3.87,13,482.922212
5.84,16,482.928648
5.86,14,482.933298
3.91,9,482.936268
1.96,4,482.937652
13.77,23,482.945414
3.83,17,482.95255
3.91,9,482.955602
3.88,12,483.31293
3.84,16,483.318588
1.96,4,483.320014
5.81,19,483.327103
3.91,9,483.330136
13.8,20,483.336997
13.78,22,483.344203
3.91,9,483.347233
13.86,14,483.351893
1.91,9,483.354849
5.81,19,483.687301
5.79,21,483.694895
1.95,5,483.696737
3.93,7,483.699072
1.95,5,483.70074
13.78,22,483.708419
3.83,17,483.713977
13.85,15,483.718815
3.91,9,483.72173
13.78,22,484.062685
1.96,4,484.064137
1.95,5,484.065786
3.89,11,484.069732
3.9,10,484.073237
3.93,7,484.075827
1.95,5,484.077887
3.89,11,484.081571
1.96,4,484.083217
1.96,4,484.084712
3.89,11,484.088279
5.82,18,484.094267
3.94,6,484.096675
5.86,14,484.101243
3.94,6,484.103254
5.83,17,484.394015
3.84,16,484.399614
13.83,17,484.405317
5.91,9,484.408766
3.91,9,484.412245
1.95,5,484.414015
3.93,7,484.416411
1.95,5,484.420751
3.89,11,484.425999
3.93,7,484.428371
13.87,13,484.43448
13.88,12,484.43896
5.83,17,484.739314
3.91,9,484.742348
3.94,6,484.744809
3.87,13,484.749515
3.89,11,484.753203
13.89,11,484.756918
5.92,8,484.759578
3.94,6,484.761678
3.84,16,484.766863
5.86,14,484.771448
3.93,7,484.773758
3.91,9,484.776692
3.89,11,485.060443
1.96,4,485.061913
2.94,6,485.063952
13.86,14,485.068473
3.88,12,485.072529
1.93,7,485.075473
5.84,16,485.081197
3.87,13,485.085689
3.92,8,485.088404
13.78,22,485.095456
13.81,19,485.101544
5.92,8,485.439006
3.87,13,485.443312
5.9,10,485.446579
3.94,6,485.44858
3.91,9,485.452274
3.86,14,485.457072
5.85,15,485.462791
13.89,11,485.46671
5.92,8,485.469582
5.88,12,485.473569
13.89,11,485.477338
1.96,4,485.478788
5.83,17,485.825103
5.76,24,485.834634
3.93,7,485.837643
13.86,14,485.842677
3.86,14,485.847561
13.83,17,485.854117
3.9,10,485.857497
3.94,6,485.859524
1.95,5,485.862849
1.96,4,485.86436
1.96,4,485.865766
3.94,6,485.86795
3.79,21,486.266324
1.96,4,486.267759
5.9,10,486.272326
3.88,12,486.277205
5.78,22,486.286901
3.86,14,486.291959
5.84,16,486.298119
5.77,23,486.305964
3.87,13,486.310275
1.96,4,486.67749
1.94,6,486.680204
5.81,19,486.68695
3.94,6,486.689047
3.87,13,486.694004
1.95,5,486.696469
3.86,14,486.701154
5.79,21,486.70864
5.92,8,486.712076
1.95,5,486.713874
3.94,6,486.716088
13.81,19,486.722641
1.92,8,487.152491
3.87,13,487.157803
3.85,15,487.162927
1.96,4,487.164919
3.91,9,487.168073
3.83,17,487.174634
3.94,6,487.177057
3.87,13,487.181414
5.84,16,487.187655
5.82,18,487.193477
3.9,10,487.197422
5.79,21,487.503403
1.96,4,487.504872
5.83,17,487.511222
3.87,13,487.515671
5.82,18,487.522233
3.9,10,487.525447
13.73,27,487.534581
5.81,19,487.54067
1.96,4,488.010265
13.78,22,488.018361
5.9,10,488.022469
13.83,17,488.029421
5.81,19,488.035797
5.83,17,488.042186
3.87,13,488.046629
3.87,13,488.051418
3.75,25,488.408607
1.93,7,488.411295
5.81,19,488.418433
3.87,13,488.423378
5.84,16,488.430353
5.83,17,488.436572
5.82,18,488.442328
5.78,22,488.450323
3.85,15,488.796829
3.83,17,488.802482
3.85,15,488.80787
3.68,32,488.818689
13.78,22,488.826097
1.95,5,488.828004
1.96,4,488.829413
1.95,5,488.83109
5.71,29,489.266832
3.94,6,489.269052
1.96,4,489.270532
3.89,11,489.274349
5.9,10,489.27777
1.96,4,489.279197
1.96,4,489.280613
5.75,25,489.288544
3.93,7,489.29083
3.94,6,489.2928
3.85,15,489.297536
1.96,4,489.298904
3.92,8,489.301491
5.83,17,489.673381
5.92,8,489.676099
5.81,19,489.682089
1.93,7,489.684363
5.8,20,489.690598
3.94,6,489.692569
13.59,41,489.705157
1.96,4,489.706497
5.78,22,490.170016
13.82,18,490.175832
3.91,9,490.179446
5.79,21,490.186573
3.85,15,490.191682
5.81,19,490.197915
1.95,5,490.199729
3.76,24,490.207354
3.82,18,490.559774
3.67,33,490.570827
1.96,4,490.57233
5.74,26,490.580672
5.81,19,490.586733
1.96,4,490.588113
1.96,4,490.589468
3.92,8,490.592084
5.63,37,491.048717
5.76,24,491.056726
3.88,12,491.0607
3.92,8,491.063316
13.39,61,491.082458
1.92,8,491.085072
13.38,62,491.807297
13.81,19,491.814977
5.24,76,492.450423
3.94,6,492.453413
5.4,60,492.474437
5.77,23,492.48259
0.0,100,493.091107
3.88,12,493.096037
1.95,5,493.097901
5.79,21,493.105592
5.47,53,493.93154
13.72,28,493.942176
3.78,22,493.950731
1.94,6,493.953933
1.93,7,493.956437
3.89,11,493.960608
3.9,10,494.506997
3.77,23,494.515312
3.86,14,494.520219
1.95,5,494.523904
3.94,6,494.526175
3.84,16,494.532389
1.96,4,494.533827
1.95,5,494.535597
1.96,4,494.537702
1.94,6,494.539869
1.94,6,494.541897
3.84,16,494.547669
3.94,6,494.549724
3.85,15,494.903979
5.3,70,494.929196
3.88,12,494.933616
1.93,7,494.936383
5.35,65,495.578773
13.67,33,495.589943
3.89,11,495.593426
1.95,5,495.595096
3.84,16,495.600932
1.95,5,495.602914
3.92,8,495.606038
3.9,10,495.609401
3.77,23,496.112333
13.81,19,496.119355
3.94,6,496.121488
3.94,6,496.123472
3.87,13,496.128665
1.93,7,496.131104
5.42,58,496.150816
3.77,23,496.92548
3.83,17,496.931962
13.66,34,496.943723
5.74,26,496.95386
1.92,8,496.957478
5.38,62,497.351752
1.95,5,497.354287
5.58,42,497.368472
5.76,24,497.376976
1.95,5,497.378702
3.94,6,497.380675
0.0,100,497.949599
3.75,25,497.95865
1.9,10,497.962937
-1.0,100,498.773157
0.0,100,499.55001
-2.0,100,500.254563
1.95,5,500.256812
0.0,100,501.143052
0.0,100,501.181515
1.95,5,501.183475
3.9,10,502.129657
3.86,14,502.134255
5.76,24,502.143512
1.96,4,502.14585
1.95,5,502.147677
1.96,4,502.149065
1.95,5,502.150746
3.78,22,502.158594
1.96,4,502.16
3.89,11,502.164634
3.56,44,502.624683
5.29,71,502.649072
3.69,31,502.659786
3.6,40,503.370367
5.81,19,503.376417
5.69,31,503.387724
1.96,4,503.389135
1.95,5,503.391192
3.73,27,503.400677
3.83,17,503.779675
3.91,9,503.782819
3.59,41,503.797617
1.95,5,503.799696
1.96,4,503.801141
13.32,68,504.451198
3.9,10,504.456021
-2.0,100,504.497708
2.0,100,505.339742
1.96,4,505.342258
1.94,6,505.34525
3.66,34,505.357525
5.44,56,506.054786
5.32,68,506.078527
1.94,6,506.740541
1.96,4,506.742039
1.96,4,506.743419
3.9,10,506.746946
1.94,6,506.74954
1.96,4,506.751053
1.94,6,506.753537
3.9,10,506.756863
1.94,6,506.759154
3.88,12,506.763459
1.94,6,506.765429
3.91,9,506.768674
0.0,100,507.47341
3.87,13,507.478444
3.92,8,507.481379
1.96,4,507.483062
1.95,5,507.484835
3.92,8,507.488403
5.51,49,508.131352
5.73,27,508.145344
1.92,8,508.148339
5.79,21,508.15706
3.71,29,508.170472
0.0,100,508.697909
13.56,44,508.716436
3.88,12,508.721817
5.54,46,509.469437
3.67,33,509.481933
-2.0,100,510.040741
3.94,6,510.04326
5.63,37,510.056207
1.96,4,510.057769
1.95,5,510.059508
3.92,8,510.062124
3.89,11,510.065798
3.86,14,510.688593
1.96,4,510.690226
5.84,16,510.696622
3.51,49,510.715139
5.68,32,510.727686
5.8,20,510.734369
1.96,4,510.736315
1.94,6,511.240857
1.94,6,511.242955
3.9,10,511.246794
1.91,9,511.249894
3.94,6,511.251889
13.81,19,511.258468
1.96,4,511.259878
-0.04,4,511.261227
1.96,4,511.262572
3.89,11,511.266431
1.94,6,511.268405
1.96,4,511.269742
3.9,10,511.273366
1.94,6,511.275409
5.85,15,511.280514
3.94,6,511.28255
3.86,14,511.607617
1.95,5,511.609588
1.95,5,511.612282
13.46,54,511.630807
3.85,15,511.636859
1.96,4,511.638255
3.94,6,511.64022
3.87,13,511.644802
3.86,14,511.649672
3.86,14,512.353274
5.9,10,512.356939
1.95,5,512.358637
3.87,13,512.363187
5.56,44,512.377771
1.96,4,512.379937
1.95,5,512.381915
3.85,15,512.386814
0.0,100,513.039576
5.61,39,513.053933
3.88,12,513.691818
3.94,6,513.694289
3.85,15,513.699747
5.24,76,513.725178
1.94,6,513.728
3.71,29,514.48843
1.95,5,514.490381
1.96,4,514.491825
1.94,6,514.494613
1.96,4,514.496303
3.94,6,514.499515
1.95,5,514.503213
3.88,12,514.507655
5.92,8,514.510849
1.95,5,514.513948
3.94,6,514.516286
3.94,6,514.518365
5.92,8,514.522478
5.77,23,514.531308
3.87,13,514.536183
13.43,57,514.946182
5.55,45,514.963352
5.43,57,515.510691
1.96,4,515.512885
5.71,29,515.523025
3.87,13,515.527268
1.94,6,515.530175
1.96,4,515.531846
3.94,6,515.534238
3.94,6,515.537088
3.79,21,515.545496
5.81,19,516.018055
3.94,6,516.020589
3.94,6,516.023373
1.95,5,516.026149
3.94,6,516.0298
13.77,23,516.040651
5.43,57,516.075319
1.94,6,516.079149
5.66,34,516.847923
13.76,24,516.859022
1.94,6,516.862312
1.96,4,516.864034
3.88,12,516.868403
5.76,24,516.885222
1.95,5,516.888454
3.93,7,516.891008
3.86,14,516.900018
3.86,14,516.906003
1.94,6,517.340452
1.96,4,517.342324
1.95,5,517.34495
5.8,20,517.353459
5.92,8,517.356194
5.92,8,517.359137
3.94,6,517.363016
1.96,4,517.364534
3.94,6,517.366664
1.94,6,517.36937
5.8,20,517.376384
3.86,14,517.382464
3.85,15,517.388008
5.79,21,517.74373
5.82,18,517.750536
1.95,5,517.752705
3.94,6,517.754969
3.94,6,517.756968
1.96,4,517.758663
3.87,13,517.763248
3.83,17,517.76934
1.95,5,517.771494
3.86,14,517.775967
1.94,6,517.778062
1.96,4,517.779427
3.87,13,517.784143
1.96,4,518.086131
3.94,6,518.088462
1.96,4,518.090417
1.94,6,518.093546
1.95,5,518.095532
5.75,25,518.103947
3.85,15,518.10985
1.95,5,518.111592
5.39,61,518.71905
3.94,6,518.721318
3.86,14,518.726171
3.94,6,518.728275
3.93,7,518.730655
13.86,14,518.735237
1.95,5,518.736962
5.11,89,519.714124
1.95,5,519.715882
3.85,15,519.72162
3.88,12,519.725807
3.94,6,519.728299
1.94,6,519.730588
1.95,5,519.732514
3.89,11,519.736418
5.46,54,519.754149
3.79,21,520.493629
1.96,4,520.495049
5.57,43,520.511156
5.81,19,520.517247
-0.01,1,520.517755
1.96,4,520.519392
-0.01,1,520.519845
5.74,26,520.528652
3.87,13,521.055334
13.82,18,521.06236
1.95,5,521.064107
3.85,15,521.069032
1.95,5,521.070739
3.87,13,521.074912
5.9,10,521.078443
5.52,48,521.09394
3.9,10,521.097245
5.83,17,521.730708
3.8,20,521.737059
5.65,35,521.748185
5.8,20,521.755584
5.78,22,521.76317
1.96,4,521.764714
1.96,4,521.766127
3.85,15,522.209161
3.84,16,522.214364
1.95,5,522.216492
5.88,12,522.220535
1.92,8,522.223157
5.85,15,522.227934
1.96,4,522.229294
1.96,4,522.230645
5.82,18,522.23632
5.83,17,522.241682
1.95,5,522.243418
5.89,11,522.246919
3.94,6,522.530196
5.64,36,522.54213
1.96,4,522.543589
1.95,5,522.545277
3.88,12,522.549126
3.85,15,522.553862
5.78,22,522.560726
3.87,13,522.564832
1.96,4,522.566178
3.93,7,522.56845
1.96,4,522.569796
5.53,47,523.09145
5.78,22,523.098483
3.83,17,523.103823
5.76,24,523.111704
1.95,5,523.113465
1.95,5,523.115126
1.96,4,523.116464
13.79,21,523.657547
3.85,15,523.662354
1.96,4,523.663698
3.92,8,523.666248
13.82,18,523.67181
3.86,14,523.676161
5.75,25,523.683832
5.89,11,523.687269
3.92,8,523.689803
5.84,16,524.04442
3.86,14,524.048947
3.88,12,524.05272
1.95,5,524.054348
5.81,19,524.060323
5.81,19,524.06653
3.94,6,524.068632
3.94,6,524.070828
5.82,18,524.076948
5.82,18,524.082864
5.82,18,524.391247
1.95,5,524.393038
3.91,9,524.39627
3.84,16,524.401334
3.94,6,524.403441
3.85,15,524.408145
3.87,13,524.412651
5.81,19,524.420016
1.95,5,524.421746
5.83,17,524.427897
5.77,23,524.721487
13.8,20,524.727873
1.96,4,524.729211
3.94,6,524.731149
5.77,23,524.738243
3.86,14,524.742645
1.96,4,524.743977
3.88,12,524.747722
1.95,5,524.749345
3.93,7,524.751569
3.88,12,524.755288
3.88,12,525.186816
1.96,4,525.188417
1.95,5,525.19012
3.91,9,525.193035
13.9,10,525.196843
3.86,14,525.201292
1.95,5,525.203403
1.96,4,525.205329
3.94,6,525.207623
3.84,16,525.213581
5.9,10,525.2173
1.95,5,525.219457
1.95,5,525.221317
3.94,6,525.223352
1.95,5,525.225321
13.8,20,525.232225
3.93,7,525.569911
1.95,5,525.571772
3.89,11,525.575341
5.82,18,525.581576
1.95,5,525.583266
1.96,4,525.584611
5.82,18,525.59132
1.96,4,525.592779
5.8,20,525.600417
5.9,10,525.603754
1.95,5,525.605431
13.85,15,525.611038
5.88,12,525.938836
1.95,5,525.940642
1.96,4,525.942016
3.94,6,525.944331
1.95,5,525.946066
5.84,16,525.952485
3.94,6,525.954654
3.94,6,525.956893
3.94,6,525.959019
1.96,4,525.960405
3.94,6,525.962977
5.82,18,525.96935
5.81,19,525.976222
5.8,20,525.983655
3.94,6,526.318947
1.95,5,526.320799
1.96,4,526.322176
5.84,16,526.328031
3.85,15,526.333592
3.87,13,526.337845
5.84,16,526.343501
1.96,4,526.345434
1.96,4,526.346844
3.94,6,526.348809
5.8,20,526.356305
3.94,6,526.358317
1.95,5,526.360485
1.96,4,526.362079
1.95,5,526.363768
5.85,15,526.787945
3.94,6,526.790603
5.83,17,526.796916
1.95,5,526.798749
3.94,6,526.80137
3.94,6,526.804588
5.8,20,526.812376
3.94,6,526.814458
1.96,4,526.815801
5.82,18,526.822423
1.96,4,526.823831
1.96,4,526.82519
3.94,6,526.827197
3.88,12,526.831917
3.94,6,527.178903
13.88,12,527.182888
3.86,14,527.187895
1.95,5,527.189654
3.94,6,527.191654
3.91,9,527.194946
1.96,4,527.197
1.96,4,527.198507
5.82,18,527.204805
5.9,10,527.208981
3.94,6,527.211522
3.94,6,527.213582
1.96,4,527.214929
1.95,5,527.217015
1.95,5,527.21883
1.96,4,527.220189
3.94,6,527.222171
1.96,4,527.223525
1.95,5,527.556208
1.96,4,527.557643
3.94,6,527.55962
3.86,14,527.564457
5.83,17,527.570154
5.81,19,527.57667
3.94,6,527.578712
3.94,6,527.580692
5.81,19,527.588018
5.81,19,527.594289
3.87,13,527.598802
1.92,8,527.93987
5.88,12,527.943742
13.8,20,527.951237
3.88,12,527.955942
1.96,4,527.957432
3.85,15,527.962625
1.96,4,527.96404
3.86,14,527.968409
3.82,18,527.975084
5.92,8,527.978002
3.94,6,527.980024
3.86,14,528.373893
3.9,10,528.378661
13.78,22,528.387577
1.93,7,528.389975
3.9,10,528.393623
13.78,22,528.400964
13.86,14,528.406113
1.93,7,528.408528
1.96,4,528.409893
5.82,18,528.416711
13.83,17,528.781259
3.87,13,528.785431
3.9,10,528.789175
3.85,15,528.794794
5.92,8,528.797806
5.82,18,528.804144
5.88,12,528.80834
13.84,16,528.813911
1.95,5,528.815714
5.84,16,528.821593
3.91,9,529.131644
5.78,22,529.139416
3.91,9,529.142762
3.91,9,529.145704
13.78,22,529.153298
3.93,7,529.155684
3.91,9,529.158563
1.95,5,529.1602
3.87,13,529.165415
1.96,4,529.166857
5.79,21,529.174697
13.79,21,529.539519
1.96,4,529.541651
13.76,24,529.549548
5.82,18,529.556129
3.85,15,529.560851
1.93,7,529.563633
13.78,22,529.57193
5.79,21,529.579196
3.94,6,529.95316
3.94,6,529.955388
5.89,11,529.959096
5.84,16,529.965247
1.96,4,529.966661
5.85,15,529.972108
5.79,21,529.978817
1.96,4,529.980644
13.79,21,529.988041
3.91,9,529.991434
13.81,19,530.339923
5.83,17,530.34627
3.89,11,530.350178
5.9,10,530.354193
1.93,7,530.356773
5.89,11,530.360738
3.86,14,530.365309
13.83,17,530.371696
13.81,19,530.378287
1.95,5,530.380045
3.86,14,530.690303
3.94,6,530.692534
3.91,9,530.695993
5.82,18,530.702326
3.94,6,530.704407
1.95,5,530.706115
3.86,14,530.711222
3.91,9,530.714254
1.93,7,530.716555
1.91,9,530.719446
5.8,20,530.726528
3.94,6,530.72873
5.83,17,530.734698
3.94,6,531.08
5.82,18,531.086312
1.93,7,531.089546
5.88,12,531.093551
5.79,21,531.102243
1.96,4,531.10392
13.87,13,531.108422
1.96,4,531.109864
13.8,20,531.116729
3.9,10,531.120943
13.77,23,531.475224
3.91,9,531.479113
3.94,6,531.481636
3.9,10,531.485382
3.88,12,531.48987
1.95,5,531.491958
13.81,19,531.498392
3.94,6,531.500403
13.88,12,531.504871
3.91,9,531.50779
1.95,5,531.509447
3.91,9,531.512974
13.77,23,531.844934
13.78,22,531.852542
1.96,4,531.854027
1.96,4,531.855426
13.86,14,531.860256
13.88,12,531.864609
5.89,11,531.868155
5.88,12,531.872743
1.93,7,531.875192
3.94,6,531.877515
3.92,8,531.880227
3.88,12,531.884647
1.93,7,531.887211
5.9,10,532.238195
1.95,5,532.240019
3.94,6,532.242027
1.96,4,532.243388
3.94,6,532.24595
5.88,12,532.249898
3.9,10,532.253482
3.91,9,532.25701
3.94,6,532.259146
3.89,11,532.262738
5.83,17,532.268454
13.79,21,532.275756
5.85,15,532.628304
5.85,15,532.63334
1.96,4,532.634701
3.88,12,532.639834
13.89,11,532.644132
5.84,16,532.64979
3.87,13,532.654058
1.96,4,532.655431
5.82,18,532.661931
5.9,10,532.6652
3.94,6,532.667361
13.88,12,532.672005
1.95,5,532.673714
5.83,17,532.987146
5.91,9,532.990149
3.91,9,532.993604
13.89,11,532.997914
3.87,13,533.003281
3.94,6,533.00552
3.87,13,533.009755
13.77,23,533.017515
3.85,15,533.023538
13.81,19,533.388491
1.96,4,533.390129
5.8,20,533.397241
3.86,14,533.402572
3.91,9,533.405708
5.9,10,533.410276
5.77,23,533.419546
3.86,14,533.424504
3.9,10,533.42896
13.78,22,533.802762
5.72,28,533.812587
3.94,6,533.81468
5.84,16,533.820254
1.95,5,533.822489
1.95,5,533.824222
5.81,19,533.831406
5.85,15,533.836854
1.95,5,533.838598
3.9,10,533.842175
5.82,18,534.271262
5.73,27,534.280416
1.96,4,534.281956
1.95,5,534.28376
5.92,8,534.286845
5.83,17,534.292749
13.77,23,534.300747
3.86,14,534.305719
5.84,16,534.311534
3.88,12,534.772826
3.91,9,534.776032
1.93,7,534.779392
3.91,9,534.782824
13.76,24,534.791232
1.96,4,534.792977
13.79,21,534.800244
13.8,20,534.807428
1.91,9,534.81037
3.88,12,534.814958
1.93,7,534.817344
5.75,25,535.220756
3.87,13,535.225379
3.87,13,535.230255
1.96,4,535.231702
3.87,13,535.236718
1.96,4,535.238133
3.94,6,535.240118
3.92,8,535.242889
5.81,19,535.249607
3.88,12,535.253958
13.88,12,535.257942
3.94,6,535.723275
5.8,20,535.732828
3.84,16,535.740178
5.85,15,535.74595
3.94,6,535.747983
3.84,16,535.753556
3.87,13,535.758961
5.75,25,535.767324
1.96,4,535.768759
3.89,11,535.773256
3.91,9,536.182887
1.95,5,536.185246
3.94,6,536.188052
1.93,7,536.190621
1.95,5,536.192307
1.96,4,536.19366
1.96,4,536.195327
5.8,20,536.202678
1.96,4,536.204128
13.78,22,536.212629
3.88,12,536.216731
1.93,7,536.219214
3.9,10,536.223395
1.93,7,536.225798
5.84,16,536.601684
1.96,4,536.60374
1.95,5,536.605522
5.82,18,536.612755
3.86,14,536.617477
3.88,12,536.622746
13.88,12,536.626738
1.96,4,536.628242
1.95,5,536.629939
3.85,15,536.634733
1.95,5,536.636878
5.91,9,536.640504
5.84,16,536.955575
13.78,22,536.963593
13.88,12,536.968187
1.96,4,536.97
1.96,4,536.971436
5.82,18,536.97806
3.92,8,536.980873
5.85,15,536.986586
1.96,4,536.988034
5.84,16,536.993083
3.88,12,536.997253
1.96,4,536.998638
5.82,18,537.348009
1.96,4,537.349429
3.89,11,537.353481
5.84,16,537.359188
1.95,5,537.361401
1.95,5,537.363221
3.88,12,537.367523
5.84,16,537.372721
3.9,10,537.376634
3.91,9,537.379892
5.74,26,537.390767
3.87,13,537.794463
13.81,19,537.801282
3.94,6,537.803625
1.95,5,537.805338
13.88,12,537.809223
1.93,7,537.812112
5.83,17,537.817504
5.81,19,537.824662
5.81,19,537.831982
5.89,11,537.836782
1.95,5,538.166912
13.88,12,538.170973
5.81,19,538.178472
13.82,18,538.185118
1.96,4,538.186937
5.79,21,538.193636
3.88,12,538.198398
1.96,4,538.199824
1.93,7,538.202092
5.9,10,538.205534
3.93,7,538.208641
3.93,7,538.211704
5.83,17,538.565771
5.85,15,538.570646
3.94,6,538.573785
3.89,11,538.577679
13.79,21,538.585147
3.88,12,538.589899
5.92,8,538.592682
3.91,9,538.596502
3.88,12,538.60043
1.96,4,538.601824
3.86,14,538.606907
5.84,16,538.962913
1.96,4,538.96437
5.83,17,538.970929
5.84,16,538.976129
5.92,8,538.979039
5.9,10,538.983087
3.94,6,538.985305
1.96,4,538.987157
-0.01,1,538.98763
3.87,13,538.99245
-0.01,1,538.992955
3.86,14,538.997449
5.91,9,539.000421
3.84,16,539.302359
3.88,12,539.306835
13.88,12,539.311013
13.82,18,539.317241
5.83,17,539.323663
3.84,16,539.329526
3.87,13,539.334255
1.95,5,539.336017
3.84,16,539.341499
1.95,5,539.343246
1.94,6,539.345238
5.81,19,539.694274
5.84,16,539.70003
3.85,15,539.705183
1.96,4,539.706606
3.93,7,539.709045
5.84,16,539.715028
1.95,5,539.716832
3.94,6,539.71895
5.84,16,539.724344
5.83,17,539.730802
1.95,5,539.732985
13.78,22,540.023401
1.95,5,540.025149
1.96,4,540.026513
1.94,6,540.028934
5.8,20,540.035345
13.78,22,540.043328
3.89,11,540.047505
3.9,10,540.051222
3.88,12,540.055384
3.9,10,540.059062
13.76,24,540.428523
3.91,9,540.431868
3.94,6,540.4341
3.84,16,540.439619
3.89,11,540.443288
3.86,14,540.44775
5.83,17,540.453193
3.89,11,540.457129
3.88,12,540.461243
1.95,5,540.462967
1.96,4,540.46482
13.85,15,540.759175
1.95,5,540.761492
3.86,14,540.766127
3.92,8,540.769723
3.87,13,540.774057
1.95,5,540.775713
1.94,6,540.777949
1.94,6,540.780084
5.81,19,540.787035
3.87,13,540.791652
3.87,13,540.796294
5.79,21,540.804157
5.82,18,541.149916
5.85,15,541.155764
3.94,6,541.157862
13.87,13,541.162655
3.9,10,541.166362
5.91,9,541.169876
13.79,21,541.177033
3.94,6,541.179405
3.94,6,541.181424
3.9,10,541.184643
5.82,18,541.515752
3.94,6,541.517929
3.87,13,541.522202
13.87,13,541.527371
5.79,21,541.53414
3.93,7,541.537217
3.88,12,541.54106
3.94,6,541.543023
3.92,8,541.545843
1.96,4,541.547242
3.84,16,541.55229
1.96,4,541.553756
1.93,7,541.556046
3.92,8,541.558605
5.81,19,541.912082
5.8,20,541.919473
5.88,12,541.923655
3.92,8,541.926644
1.96,4,541.928299
1.95,5,541.929971
5.79,21,541.936956
3.94,6,541.938955
5.83,17,541.944273
5.86,14,541.949525
5.81,19,542.287873
3.94,6,542.289932
5.81,19,542.296531
3.9,10,542.299921
13.81,19,542.306199
3.94,6,542.308209
1.96,4,542.309544
3.92,8,542.312835
5.83,17,542.318393
5.85,15,542.324115
13.88,12,542.667277
3.93,7,542.670979
3.9,10,542.674338
5.9,10,542.677604
1.95,5,542.679659
3.91,9,542.682816
13.9,10,542.68666
3.88,12,542.69093
5.92,8,542.693672
1.96,4,542.695037
3.94,6,542.697018
13.81,19,542.70338
3.86,14,542.708298
5.92,8,542.711271
13.88,12,543.037926
3.89,11,543.041556
3.91,9,543.045092
5.91,9,543.04815
3.9,10,543.051497
13.88,12,543.056709
1.96,4,543.058357
13.89,11,543.062452
3.94,6,543.064928
3.94,6,543.066978
3.89,11,543.071176
13.88,12,543.075422
3.91,9,543.079045
3.9,10,543.305188
13.89,11,543.308884
3.9,10,543.312942
5.79,21,543.320116
3.86,14,543.324573
3.89,11,543.328023
3.9,10,543.33183
3.9,10,543.335499
3.94,6,543.338081
5.81,19,543.345704
1.95,5,543.347408
3.89,11,543.695336
3.94,6,543.697899
3.87,13,543.702708
5.8,20,543.710804
3.94,6,543.713029
1.93,7,543.716019
13.78,22,543.724174
3.94,6,543.726404
5.84,16,543.732394
5.83,17,543.738313
1.96,4,543.740277
13.87,13,544.098075
3.85,15,544.103717
1.94,6,544.105767
13.79,21,544.113861
3.89,11,544.118219
3.93,7,544.121423
3.94,6,544.123483
5.83,17,544.129857
1.96,4,544.131252
5.89,11,544.13514
1.95,5,544.137578
3.93,7,544.140512
1.96,4,544.142005
5.83,17,544.548775
3.94,6,544.55088
3.91,9,544.554731
1.96,4,544.556499
1.95,5,544.558351
13.87,13,544.562992
5.81,19,544.569981
5.8,20,544.576726
1.96,4,544.578891
13.81,19,544.584941
1.95,5,544.586978
1.96,4,544.588485
5.83,17,544.919834
5.85,15,544.924743
3.94,6,544.926725
1.96,4,544.92912
5.92,8,544.931922
5.9,10,544.935152
3.85,15,544.94162
1.96,4,544.943184
1.95,5,544.944905
3.86,14,544.949651
3.83,17,544.95594
1.96,4,544.957369
1.96,4,544.958723
5.91,9,544.963133
13.78,22,545.271447
1.95,5,545.273228
13.81,19,545.279954
1.96,4,545.281392
3.91,9,545.284284
5.92,8,545.287113
1.95,5,545.28929
3.9,10,545.292548
5.9,10,545.295705
3.9,10,545.299418
3.91,9,545.30247
5.92,8,545.305094
1.93,7,545.308145
5.83,17,545.633121
5.81,19,545.640142
3.91,9,545.643613
3.91,9,545.647448
5.91,9,545.650895
3.9,10,545.655459
5.84,16,545.66115
5.9,10,545.665249
5.82,18,545.672251
13.77,23,545.680283
1.95,5,546.045939
3.86,14,546.050616
3.91,9,546.053903
5.78,22,546.061218
5.83,17,546.06739
3.91,9,546.070384
5.83,17,546.075717
13.77,23,546.083761
13.9,10,546.087972
1.95,5,546.44914
3.9,10,546.453146
1.95,5,546.455515
1.95,5,546.457582
3.92,8,546.46022
1.95,5,546.461879
1.95,5,546.463536
5.82,18,546.470868
3.94,6,546.472931
13.8,20,546.479977
3.94,6,546.48198
5.83,17,546.488384
3.9,10,546.492413
1.95,5,546.494967
13.9,10,546.837077
3.89,11,546.841177
13.9,10,546.845235
3.85,15,546.850094
3.93,7,546.852527
5.91,9,546.85617
5.87,13,546.860753
3.94,6,546.862926
3.87,13,546.867547
1.96,4,546.869157
3.93,7,546.871557
13.9,10,546.875089
1.96,4,546.876592
1.95,5,546.878825
3.9,10,547.149637
1.95,5,547.151497
3.89,11,547.156133
1.96,4,547.157518
3.91,9,547.161534
1.94,6,547.163797
3.88,12,547.167653
1.96,4,547.169515
3.89,11,547.173413
3.94,6,547.175467
13.88,12,547.180584
1.96,4,547.18208
3.9,10,547.185509
1.96,4,547.187193
1.96,4,547.188598
1.96,4,547.190531
3.94,6,547.193086
3.9,10,547.197326
3.88,12,547.44181
3.94,6,547.444496
3.9,10,547.448246
3.93,7,547.451017
1.96,4,547.452751
1.96,4,547.454273
1.94,6,547.456273
5.84,16,547.46217
3.94,6,547.464257
1.95,5,547.465925
5.9,10,547.469802
1.96,4,547.471234
3.94,6,547.473206
13.9,10,547.476393
3.88,12,547.480945
3.88,12,547.484938
5.91,9,547.778137
1.96,4,547.781722
3.94,6,547.786328
3.86,14,547.792034
3.87,13,547.799824
5.82,18,547.806726
3.85,15,547.812258
3.93,7,547.815132
3.94,6,547.817292
1.96,4,547.818728
3.9,10,547.822501
5.92,8,547.825402
3.9,10,547.829046
13.8,20,548.133014
5.83,17,548.139593
3.94,6,548.141723
5.92,8,548.144902
3.87,13,548.149456
3.91,9,548.152828
1.95,5,548.154606
3.9,10,548.157832
13.89,11,548.162012
1.96,4,548.163394
3.9,10,548.166624
1.96,4,548.167974
1.94,6,548.170294
13.8,20,548.467022
1.96,4,548.468457
3.89,11,548.47244
1.94,6,548.474981
3.86,14,548.479775
1.96,4,548.481313
1.96,4,548.482717
5.81,19,548.489447
13.88,12,548.493307
13.88,12,548.498014
3.93,7,548.500341
1.94,6,548.502518
3.91,9,548.506564
3.89,11,548.510402
3.86,14,548.830321
1.95,5,548.833507
1.95,5,548.835801
3.88,12,548.840097
13.8,20,548.847371
3.91,9,548.850392
13.83,17,548.856778
3.95,5,548.858616
3.94,6,548.861017
1.95,5,548.862928
5.9,10,548.866521
3.94,6,548.868731
1.94,6,548.871021
5.84,16,549.208364
1.96,4,549.209805
1.96,4,549.211705
13.85,15,549.217139
3.9,10,549.221028
1.95,5,549.222749
5.91,9,549.226004
3.88,12,549.230811
3.85,15,549.236121
3.91,9,549.239243
3.94,6,549.241214
3.9,10,549.244752
3.87,13,549.249382
3.94,6,549.251466
5.9,10,549.51878
13.89,11,549.523001
5.84,16,549.528865
1.96,4,549.530766
3.94,6,549.532874
13.81,19,549.539888
1.96,4,549.541436
1.95,5,549.543157
3.91,9,549.54648
3.94,6,549.548519
3.87,13,549.553673
13.89,11,549.557244
1.94,6,549.559212
1.96,4,549.56095
3.89,11,549.891742
13.87,13,549.896112
5.91,9,549.89905
5.85,15,549.904667
5.86,14,549.909257
5.84,16,549.915237
3.88,12,549.91909
13.8,20,549.925798
3.89,11,549.929362
5.8,20,550.262925
5.86,14,550.267447
3.94,6,550.270174
1.95,5,550.272071
13.88,12,550.276048
5.78,22,550.284092
1.96,4,550.285803
3.89,11,550.290187
13.79,21,550.297572
5.83,17,550.30397
3.9,10,550.307232
5.84,16,550.661514
5.89,11,550.665725
13.82,18,550.67248
1.95,5,550.674213
1.96,4,550.67588
5.8,20,550.682962
3.93,7,550.685723
5.83,17,550.691283
13.78,22,550.699268
1.96,4,550.700738
1.96,4,550.702119
3.91,9,551.053101
5.81,19,551.059645
5.84,16,551.065649
1.95,5,551.067344
3.94,6,551.069969
13.81,19,551.076002
1.94,6,551.077951
1.94,6,551.080439
5.91,9,551.084348
3.87,13,551.089514
13.78,22,551.429616
3.9,10,551.433249
1.95,5,551.43498
3.89,11,551.439485
13.78,22,551.447027
3.86,14,551.452003
3.93,7,551.454343
1.96,4,551.455802
3.94,6,551.458363
1.95,5,551.460138
13.9,10,551.464008
1.96,4,551.465468
3.91,9,551.468738
3.91,9,551.47211
5.91,9,551.475035
3.9,10,551.843343
1.93,7,551.846653
1.96,4,551.848123
13.9,10,551.851379
1.96,4,551.853418
3.93,7,551.855891
5.77,23,551.864375
3.89,11,551.868057
3.9,10,551.871267
3.94,6,551.873389
1.96,4,551.874822
3.89,11,551.879105
5.82,18,551.885202
3.86,14,552.318292
3.9,10,552.331088
13.78,22,552.340181
13.87,13,552.344972
1.96,4,552.346717
1.96,4,552.348189
1.96,4,552.349561
3.9,10,552.353339
3.88,12,552.357483
13.87,13,552.361746
3.89,11,552.365423
13.89,11,552.368987
3.94,6,552.729549
3.94,6,552.73238
1.94,6,552.734408
3.87,13,552.73857
3.91,9,552.742047
5.92,8,552.745258
13.88,12,552.7496
5.9,10,552.753381
5.84,16,552.758726
5.92,8,552.761336
5.89,11,552.76539
1.95,5,552.767194
5.83,17,552.772984
3.87,13,553.062135
13.78,22,553.069805
5.9,10,553.073575
3.9,10,553.076897
5.83,17,553.082442
1.96,4,553.083845
3.89,11,553.08739
3.94,6,553.090148
3.9,10,553.09375
3.94,6,553.096397
13.76,24,553.104974
5.82,18,553.486687
13.85,15,553.492422
13.78,22,553.50047
1.96,4,553.501967
5.83,17,553.507838
5.83,17,553.513713
3.9,10,553.51692
5.82,18,553.523185
1.96,4,553.524551
3.88,12,553.875861
5.83,17,553.881402
5.85,15,553.887498
3.9,10,553.890786
1.96,4,553.892336
3.86,14,553.897717
13.82,18,553.904128
13.78,22,553.911005
3.94,6,553.913261
1.96,4,553.914626
5.79,21,554.260368
1.95,5,554.262171
3.89,11,554.266326
3.9,10,554.270205
5.82,18,554.276476
3.93,7,554.279485
5.82,18,554.285214
3.9,10,554.288509
5.83,17,554.293881
3.94,6,554.296697
3.92,8,554.299501
13.77,23,554.60698
5.82,18,554.613639
5.83,17,554.619065
3.89,11,554.623099
1.96,4,554.624467
3.89,11,554.627933
1.95,5,554.629811
5.8,20,554.636754
5.91,9,554.639955
5.82,18,554.965681
1.94,6,554.967822
3.93,7,554.97072
5.83,17,554.976735
5.84,16,554.982445
1.94,6,554.984773
5.91,9,554.988601
3.9,10,554.991895
3.89,11,554.996073
5.8,20,555.002339
5.83,17,555.007837
5.81,19,555.333259
1.96,4,555.334728
3.91,9,555.337705
3.93,7,555.340604
13.8,20,555.347655
3.9,10,555.351278
5.83,17,555.357602
5.8,20,555.364606
3.94,6,555.366576
5.87,13,555.371584
5.82,18,555.703799
3.88,12,555.70803
5.84,16,555.714223
3.94,6,555.716259
3.9,10,555.719488
1.95,5,555.721497
3.93,7,555.723787
5.82,18,555.729459
3.9,10,555.733255
5.81,19,555.740194
1.96,4,555.741768
3.9,10,555.745285
3.91,9,556.06043
13.78,22,556.068831
3.91,9,556.0723
5.81,19,556.079024
13.81,19,556.085025
3.94,6,556.086996
3.87,13,556.091705
3.94,6,556.093852
13.77,23,556.10206
1.96,4,556.103855
5.81,19,556.476238
1.95,5,556.477979
5.9,10,556.481908
3.89,11,556.486069
3.86,14,556.491233
13.8,20,556.498509
13.88,12,556.503177
1.96,4,556.504604
5.82,18,556.51067
5.8,20,556.845259
5.91,9,556.84838
1.96,4,556.849786
13.84,16,556.854911
3.88,12,556.858751
3.9,10,556.861977
5.79,21,556.869559
3.9,10,556.872975
3.89,11,556.877163
5.91,9,556.8803
3.94,6,556.882295
3.89,11,556.886779
1.96,4,556.88821
3.89,11,557.227064
3.89,11,557.230685
3.88,12,557.235213
1.93,7,557.237922
1.96,4,557.239346
5.84,16,557.244967
3.94,6,557.247275
3.88,12,557.251141
1.96,4,557.252492
5.84,16,557.257911
5.81,19,557.264521
3.94,6,557.26662
1.96,4,557.268115
3.86,14,557.591268
13.81,19,557.597396
3.94,6,557.599387
1.94,6,557.601345
3.88,12,557.605188
5.91,9,557.608729
3.92,8,557.611807
5.79,21,557.619266
3.89,11,557.623286
5.78,22,557.631343
5.85,15,558.008679
1.95,5,558.010427
5.84,16,558.01658
5.85,15,558.022156
3.93,7,558.024936
5.92,8,558.028159
13.81,19,558.034875
5.83,17,558.040817
1.95,5,558.042531
1.95,5,558.044801
3.94,6,558.046898
3.88,12,558.367306
3.94,6,558.369511
3.88,12,558.373438
5.84,16,558.379464
3.94,6,558.381495
13.8,20,558.388201
5.83,17,558.394135
3.91,9,558.397428
3.94,6,558.399427
3.89,11,558.403163
5.84,16,558.408794
5.84,16,558.736933
5.83,17,558.742503
5.83,17,558.748726
3.9,10,558.751929
13.84,16,558.757426
1.94,6,558.759393
3.9,10,558.763564
3.88,12,558.767642
5.81,19,558.774759
3.88,12,558.778654
13.82,18,559.091086
5.77,23,559.099344
3.89,11,559.102932
3.92,8,559.105932
3.92,8,559.109673
5.84,16,559.115889
3.91,9,559.119207
1.94,6,559.12172
1.93,7,559.124084
13.81,19,559.131949
1.96,4,559.133454
13.77,23,559.493402
3.9,10,559.497067
1.96,4,559.498454
5.8,20,559.505565
13.78,22,559.513285
1.96,4,559.515004
13.78,22,559.522465
5.83,17,559.528761
3.92,8,559.883433
3.9,10,559.886901
3.89,11,559.891033
5.88,12,559.895632
3.92,8,559.898363
1.96,4,559.899737
1.95,5,559.901393
13.81,19,559.907901
5.81,19,559.914225
3.9,10,559.917861
1.95,5,559.919973
1.95,5,559.921865
1.95,5,559.923782
5.84,16,560.254079
1.96,4,560.255566
1.93,7,560.259087
5.87,13,560.264419
5.84,16,560.270135
13.79,21,560.277659
1.95,5,560.280018
3.93,7,560.282625
3.88,12,560.287092
3.91,9,560.290159
3.94,6,560.292169
3.88,12,560.296839
3.92,8,560.299559
3.91,9,560.645572
5.9,10,560.649034
1.93,7,560.65261
1.93,7,560.65511
3.88,12,560.65898
3.9,10,560.662998
1.94,6,560.665158
5.92,8,560.667795
1.94,6,560.670152
5.78,22,560.678443
13.78,22,560.686143
13.82,18,561.04922
1.96,4,561.050971
5.81,19,561.057955
3.94,6,561.060124
5.87,13,561.06464
5.9,10,561.068487
3.93,7,561.071222
1.96,4,561.072655
1.96,4,561.073991
3.94,6,561.07598
5.83,17,561.081938
1.96,4,561.083309
3.94,6,561.085235
3.91,9,561.08922
3.92,8,561.092005
13.8,20,561.439767
3.9,10,561.443809
3.89,11,561.447427
5.85,15,561.452448
5.91,9,561.455416
3.91,9,561.458575
5.89,11,561.462515
5.85,15,561.467445
1.94,6,561.469672
13.81,19,561.476112
1.95,5,561.478015
5.82,18,561.791409
1.96,4,561.792858
1.94,6,561.795224
3.92,8,561.798089
13.8,20,561.804801
3.9,10,561.808772
5.9,10,561.812569
5.89,11,561.816494
5.8,20,561.822957
3.9,10,561.826901
3.94,6,561.828983
5.82,18,562.183967
3.93,7,562.186332
3.94,6,562.188763
1.96,4,562.190198
3.89,11,562.194849
3.91,9,562.197873
3.87,13,562.202831
13.79,21,562.209746
5.9,10,562.213472
1.95,5,562.215291
5.84,16,562.221275
1.95,5,562.223049
1.93,7,562.225345
3.94,6,562.227569
1.96,4,562.57405
3.9,10,562.577421
1.96,4,562.578777
1.96,4,562.580123
5.83,17,562.586492
3.88,12,562.5905
13.82,18,562.596889
13.8,20,562.603683
3.94,6,562.605703
5.91,9,562.608632
5.91,9,562.611921
1.96,4,562.613809
1.95,5,562.615647
3.88,12,562.952331
1.96,4,562.953764
1.94,6,562.955735
1.96,4,562.957137
13.82,18,562.963962
3.91,9,562.966895
13.8,20,562.973617
3.89,11,562.977512
5.86,14,562.982583
1.94,6,562.984708
3.94,6,562.986721
1.94,6,562.988717
3.9,10,562.992749
5.81,19,563.322498
3.94,6,563.324569
1.96,4,563.325934
3.9,10,563.329805
5.8,20,563.33672
1.96,4,563.338643
13.81,19,563.345516
3.86,14,563.350548
13.81,19,563.357258
1.94,6,563.359615
1.96,4,563.361501
3.88,12,563.698187
1.94,6,563.700392
1.94,6,563.702401
5.84,16,563.70827
3.94,6,563.710779
3.91,9,563.714168
3.87,13,563.719469
13.78,22,563.729245
5.81,19,563.735441
5.8,20,563.742739
1.94,6,563.745387
5.82,18,564.109302
13.79,21,564.117668
3.94,6,564.120629
1.94,6,564.123053
1.94,6,564.125152
1.93,7,564.127595
1.94,6,564.129683
5.91,9,564.132651
3.91,9,564.136083
1.96,4,564.137673
5.83,17,564.143559
3.93,7,564.146469
3.89,11,564.150012
3.94,6,564.509005
3.84,16,564.514982
3.86,14,564.520534
5.84,16,564.525648
1.96,4,564.526985
3.93,7,564.529613
3.93,7,564.53194
5.82,18,564.537649
5.79,21,564.544949
5.82,18,564.550931
5.81,19,564.897827
1.94,6,564.899899
1.95,5,564.901573
5.79,21,564.909191
1.96,4,564.910603
1.93,7,564.914049
3.88,12,564.918296
13.71,29,564.929365
3.94,6,564.93141
1.96,4,564.933076
13.78,22,565.347418
5.76,24,565.355194
5.83,17,565.361348
1.96,4,565.362856
1.95,5,565.364539
3.94,6,565.366491
3.91,9,565.370439
1.96,4,565.371893
3.88,12,565.375743
3.89,11,565.380002
5.82,18,565.387747
3.85,15,565.393152
3.86,14,565.795023
3.93,7,565.797513
5.73,27,565.806997
3.92,8,565.809954
1.94,6,565.812687
5.81,19,565.818867
5.83,17,565.824496
13.82,18,565.831407
5.83,17,566.227652
3.86,14,566.232443
5.84,16,566.238366
5.81,19,566.244676
5.83,17,566.250767
3.93,7,566.253694
1.94,6,566.256123
1.96,4,566.257571
3.9,10,566.261107
3.9,10,566.264483
5.76,24,566.636479
13.8,20,566.643091
5.82,18,566.649418
1.94,6,566.651481
1.94,6,566.653923
3.91,9,566.657799
5.8,20,566.665249
3.91,9,566.668732
3.86,14,566.673316
3.89,11,566.677808
5.85,15,567.032436
1.94,6,567.034593
1.92,8,567.037863
3.92,8,567.040566
1.96,4,567.042545
3.89,11,567.046891
3.87,13,567.051356
3.82,18,567.057914
5.75,25,567.066272
1.91,9,567.069464
1.96,4,567.07106
5.82,18,567.077778
13.81,19,567.473714
5.83,17,567.480134
1.94,6,567.482191
1.96,4,567.483559
3.85,15,567.489054
3.85,15,567.493978
5.83,17,567.499367
5.74,26,567.508054
1.94,6,567.510139
3.93,7,567.894366
1.96,4,567.896177
3.91,9,567.899165
3.9,10,567.902781
5.8,20,567.909333
1.94,6,567.911481
5.81,19,567.918312
5.83,17,567.924446
5.75,25,567.933074
5.79,21,568.329322
3.83,17,568.334731
3.9,10,568.338813
3.88,12,568.342831
3.93,7,568.345138
5.82,18,568.351073
3.92,8,568.354157
3.91,9,568.357179
1.95,5,568.359091
3.91,9,568.362318
13.77,23,568.370344
3.93,7,568.733374
5.9,10,568.736758
1.93,7,568.73959
1.96,4,568.741037
1.96,4,568.742883
13.77,23,568.750753
3.85,15,568.75609
3.91,9,568.759063
3.87,13,568.763762
13.78,22,568.770877
5.87,13,568.775459
1.96,4,568.776878
3.89,11,569.144454
5.82,18,569.151205
5.81,19,569.157708
1.94,6,569.159766
1.96,4,569.161126
5.79,21,569.168405
3.9,10,569.172196
3.88,12,569.176443
5.82,18,569.182502
13.8,20,569.536606
3.92,8,569.539428
3.89,11,569.543331
3.89,11,569.547611
3.84,16,569.553227
5.84,16,569.558513
1.94,6,569.560489
1.94,6,569.563129
13.8,20,569.570181
1.96,4,569.571735
1.95,5,569.573455
3.9,10,569.576708
1.94,6,569.578695
1.94,6,569.911792
1.96,4,569.913663
3.91,9,569.916679
3.83,17,569.922884
1.94,6,569.924856
3.92,8,569.927405
5.86,14,569.932448
5.78,22,569.93979
5.83,17,569.945369
5.84,16,569.951173
3.84,16,570.306657
3.92,8,570.309334
5.82,18,570.315652
13.85,15,570.320962
1.96,4,570.322326
13.77,23,570.330586
1.94,6,570.332575
1.94,6,570.334945
3.92,8,570.337952
3.89,11,570.341552
5.86,14,570.346821
1.93,7,570.349136
3.94,6,570.706222
3.94,6,570.708281
5.8,20,570.715163
13.85,15,570.72048
3.91,9,570.723794
1.95,5,570.725613
3.86,14,570.730688
3.86,14,570.735744
3.9,10,570.739401
3.94,6,570.741373
1.96,4,570.742741
1.94,6,570.745015
13.71,29,571.083119
3.87,13,571.087391
1.93,7,571.089669
1.96,4,571.091007
1.93,7,571.093283
5.88,12,571.097421
5.9,10,571.101014
3.87,13,571.105556
3.92,8,571.108482
5.8,20,571.115462
3.9,10,571.119106
13.74,26,571.425947
3.93,7,571.430189
3.86,14,571.435377
13.8,20,571.442566
3.92,8,571.445669
3.92,8,571.448767
3.88,12,571.453259
1.94,6,571.455829
1.96,4,571.457804
1.94,6,571.460144
1.96,4,571.462086
3.92,8,571.465903
3.92,8,571.468957
1.96,4,571.471021
3.92,8,571.808104
13.87,13,571.81285
3.88,12,571.81731
1.96,4,571.818717
3.92,8,571.821321
1.96,4,571.822689
5.9,10,571.826428
3.91,9,571.830178
13.79,21,571.837485
3.88,12,571.841328
1.96,4,571.842669
3.9,10,571.846388
1.96,4,571.847831
3.91,9,571.850749
13.83,17,572.260803
1.94,6,572.263206
3.87,13,572.268391
3.94,6,572.270532
3.92,8,572.273165
1.96,4,572.27451
5.84,16,572.281257
5.77,23,572.289527
3.93,7,572.291886
1.96,4,572.293244
3.89,11,572.298029
1.95,5,572.300005
3.91,9,572.303576
3.92,8,572.68897
3.92,8,572.69162
3.88,12,572.696541
3.88,12,572.700667
3.92,8,572.703714
3.93,7,572.706094
1.93,7,572.708403
5.88,12,572.712964
5.76,24,572.720816
1.94,6,572.723194
5.77,23,572.731371
3.9,10,573.135791
3.93,7,573.138414
13.79,21,573.146399
1.95,5,573.148116
5.83,17,573.153947
1.93,7,573.156474
3.93,7,573.158891
1.96,4,573.160294
1.93,7,573.163444
3.85,15,573.168272
1.94,6,573.170883
1.94,6,573.173299
3.9,10,573.176809
3.92,8,573.179925
3.92,8,573.521008
1.94,6,573.523096
1.96,4,573.524447
3.92,8,573.527564
5.81,19,573.533643
5.86,14,573.539026
5.82,18,573.545734
1.96,4,573.547442
3.92,8,573.550228
1.94,6,573.552579
3.89,11,573.556278
1.93,7,573.559008
1.96,4,573.560625
1.96,4,573.562411
5.8,20,573.895903
13.79,21,573.903146
1.93,7,573.905524
1.96,4,573.906879
1.94,6,573.908973
3.94,6,573.911828
3.92,8,573.914518
1.94,6,573.916473
3.88,12,573.920567
13.82,18,573.92627
3.9,10,573.930074
1.94,6,573.932578
5.84,16,574.287548
1.94,6,574.289654
1.96,4,574.291027
3.94,6,574.293125
1.94,6,574.296041
1.96,4,574.297493
1.94,6,574.299486
1.96,4,574.300836
13.78,22,574.309479
1.96,4,574.312254
1.95,5,574.314245
3.92,8,574.317331
1.94,6,574.320229
13.8,20,574.327376
3.9,10,574.331155
3.83,17,574.730836
3.89,11,574.734456
5.8,20,574.741983
1.94,6,574.744547
1.96,4,574.746273
1.94,6,574.748544
3.87,13,574.753376
13.83,17,574.759163
3.92,8,574.762228
3.94,6,574.764232
13.8,20,574.771223
1.94,6,574.773226
1.94,6,574.775203
5.83,17,575.123255
1.93,7,575.12561
1.96,4,575.127676
5.84,16,575.133055
5.89,11,575.136956
3.92,8,575.14
1.95,5,575.142071
3.94,6,575.144279
1.96,4,575.14581
1.93,7,575.148126
3.93,7,575.1504
13.8,20,575.157493
5.76,24,575.498953
3.88,12,575.502896
5.83,17,575.509089
5.83,17,575.515592
13.8,20,575.522882
3.84,16,575.528859
3.93,7,575.531209
3.92,8,575.53376
3.87,13,575.538628
5.83,17,575.879662
3.92,8,575.882411
3.94,6,575.884403
13.8,20,575.891346
3.94,6,575.893383
3.9,10,575.897558
3.9,10,575.900983
3.91,9,575.904525
3.92,8,575.907541
3.88,12,575.912012
3.93,7,575.914388
5.8,20,575.921509
5.73,27,576.27284
5.85,15,576.279119
5.85,15,576.284417
5.81,19,576.291481
3.92,8,576.294563
3.92,8,576.297593
3.93,7,576.299957
1.96,4,576.301315
3.87,13,576.306551
3.91,9,576.309565
5.84,16,576.667117
3.94,6,576.669802
1.96,4,576.671483
1.96,4,576.672894
3.92,8,576.675774
3.91,9,576.678781
5.85,15,576.684134
13.8,20,576.690978
5.84,16,576.696773
3.92,8,576.699997
3.87,13,576.705328
1.94,6,576.707432
5.85,15,577.048789
13.87,13,577.053706
1.93,7,577.056152
3.92,8,577.059349
3.91,9,577.063103
5.84,16,577.069628
5.86,14,577.074433
3.92,8,577.077452
3.91,9,577.080681
3.92,8,577.083888
1.96,4,577.085305
3.92,8,577.08883
3.91,9,577.092021
5.79,21,577.384299
1.96,4,577.386152
3.88,12,577.390312
5.84,16,577.396521
3.87,13,577.401226
1.94,6,577.40397
3.92,8,577.406663
1.96,4,577.408013
1.96,4,577.409361
1.96,4,577.411262
5.84,16,577.416455
3.87,13,577.421171
1.96,4,577.422704
3.92,8,577.425346
5.84,16,577.716058
1.96,4,577.717498
3.94,6,577.719766
5.82,18,577.726281
3.87,13,577.730969
1.96,4,577.732704
5.88,12,577.736711
3.94,6,577.738699
5.85,15,577.744488
13.81,19,577.750607
1.96,4,577.752148
3.92,8,577.755016
3.92,8,577.757655
5.82,18,578.088274
3.91,9,578.091647
3.89,11,578.09596
1.93,7,578.098363
5.85,15,578.103542
3.87,13,578.107748
3.9,10,578.111895
5.84,16,578.117234
5.85,15,578.122846
1.93,7,578.125202
1.96,4,578.126603
3.88,12,578.413867
5.82,18,578.42012
1.95,5,578.421938
1.96,4,578.423335
1.93,7,578.425668
5.82,18,578.43217
3.92,8,578.435005
5.82,18,578.441108
1.96,4,578.44251
5.88,12,578.446578
5.86,14,578.451561
3.91,9,578.455172
3.92,8,578.754629
3.93,7,578.757049
5.86,14,578.761835
3.88,12,578.765631
3.93,7,578.767867
5.89,11,578.771612
1.93,7,578.774153
1.94,6,578.776317
3.88,12,578.780257
3.86,14,578.785147
3.92,8,578.78781
3.94,6,578.789793
1.96,4,578.791144
1.94,6,578.79367
3.92,8,578.796759
13.83,17,579.073425
5.9,10,579.076828
1.96,4,579.078768
3.89,11,579.082452
3.92,8,579.085188
3.9,10,579.089318
5.85,15,579.095121
3.94,6,579.097481
3.87,13,579.10198
3.91,9,579.105354
1.93,7,579.107993
5.84,16,579.113877
3.91,9,579.464463
3.91,9,579.467539
1.96,4,579.469637
3.88,12,579.474229
5.81,19,579.481664
5.84,16,579.48763
1.96,4,579.489125
3.94,6,579.49139
3.92,8,579.494741
13.81,19,579.501439
13.81,19,579.50801
3.92,8,579.838711
3.91,9,579.841839
5.83,17,579.848459
3.92,8,579.851217
1.96,4,579.853519
3.9,10,579.857034
1.92,8,579.859653
3.94,6,579.862056
3.88,12,579.865982
3.91,9,579.868871
5.85,15,579.874569
1.94,6,579.876709
5.84,16,579.883355
3.87,13,580.205685
5.84,16,580.211793
5.85,15,580.216758
5.83,17,580.223569
3.9,10,580.227131
1.95,5,580.229663
5.79,21,580.238865
1.96,4,580.240335
5.84,16,580.247238
1.96,4,580.248657
13.78,22,580.622966
1.96,4,580.624486
3.87,13,580.629724
3.89,11,580.633686
3.93,7,580.637389
3.94,6,580.640165
3.91,9,580.64393
5.85,15,580.650767
13.82,18,580.658322
3.94,6,580.661285
3.88,12,580.665584
3.94,6,580.667642
13.81,19,580.994989
5.81,19,581.004512
3.91,9,581.008078
5.84,16,581.015209
1.94,6,581.018097
13.9,10,581.022909
3.94,6,581.025069
3.92,8,581.028771
1.96,4,581.030212
1.96,4,581.031589
3.93,7,581.03388
3.91,9,581.037383
13.89,11,581.041199
3.92,8,581.043798
3.94,6,581.386087
13.84,16,581.391494
1.95,5,581.393219
5.86,14,581.398535
5.86,14,581.403501
5.87,13,581.407886
5.85,15,581.413717
5.89,11,581.417642
5.89,11,581.421265
1.94,6,581.423736
1.95,5,581.425584
5.91,9,581.429007
1.96,4,581.430441
5.87,13,581.743175
1.93,7,581.746248
5.86,14,581.750904
1.96,4,581.75233
1.95,5,581.754342
3.89,11,581.758016
1.96,4,581.759954
1.96,4,581.762015
5.82,18,581.767886
3.9,10,581.771803
3.92,8,581.77452
5.87,13,581.779803
3.92,8,581.783531
3.88,12,581.788348
1.96,4,582.109252
5.83,17,582.11598
13.82,18,582.122083
13.88,12,582.125988
3.91,9,582.129699
3.94,6,582.13218
3.94,6,582.134604
1.96,4,582.136599
3.94,6,582.138747
13.88,12,582.14321
3.94,6,582.146
1.96,4,582.147482
5.9,10,582.151116
1.96,4,582.153183
5.9,10,582.156536
13.81,19,582.515501
1.96,4,582.516911
3.9,10,582.521124
3.94,6,582.523184
1.96,4,582.524541
13.83,17,582.531354
5.85,15,582.537728
5.85,15,582.543104
1.95,5,582.545083
3.92,8,582.547732
3.94,6,582.55037
1.93,7,582.553311
3.91,9,582.556295
3.92,8,582.906078
1.96,4,582.909061
1.94,6,582.911735
5.82,18,582.917703
1.95,5,582.920343
13.88,12,582.9243
5.9,10,582.927897
3.93,7,582.930479
1.95,5,582.932171
5.9,10,582.935383
1.96,4,582.936718
5.87,13,582.94152
5.85,15,582.946439
13.87,13,582.951244
3.93,7,583.262017
3.94,6,583.264103
5.83,17,583.270208
3.91,9,583.273237
3.91,9,583.276162
3.94,6,583.278715
3.91,9,583.282161
5.85,15,583.287647
13.8,20,583.294389
5.85,15,583.29969
1.95,5,583.301488
3.94,6,583.303974
5.84,16,583.633996
3.89,11,583.638425
1.95,5,583.640734
5.8,20,583.647896
1.94,6,583.650435
3.92,8,583.653992
5.85,15,583.658764
5.84,16,583.665613
3.9,10,583.668925
5.85,15,583.675114
1.95,5,583.676873
3.91,9,584.005386
5.83,17,584.01243
5.85,15,584.017871
5.87,13,584.022875
5.84,16,584.028787
1.94,6,584.030837
5.83,17,584.036339
5.85,15,584.04198
1.96,4,584.043396
1.96,4,584.045006
5.84,16,584.050709
1.94,6,584.344541
3.89,11,584.348359
13.81,19,584.355552
5.9,10,584.358905
5.8,20,584.366161
1.94,6,584.368222
1.94,6,584.370926
5.91,9,584.373895
1.92,8,584.37651
1.96,4,584.378519
1.96,4,584.380044
3.94,6,584.382058
3.92,8,584.384681
3.89,11,584.389438
5.9,10,584.746894
1.96,4,584.74831
13.83,17,584.754103
1.94,6,584.75635
5.87,13,584.762681
3.91,9,584.766341
5.85,15,584.772582
3.92,8,584.77614
5.9,10,584.780667
13.89,11,584.785288
13.89,11,584.791372
3.91,9,584.795091
1.94,6,584.798017
3.88,12,585.105819
1.94,6,585.108161
5.84,16,585.114315
3.91,9,585.117258
1.96,4,585.118593
1.94,6,585.121412
13.89,11,585.126741
5.9,10,585.130899
3.9,10,585.134714
1.96,4,585.136947
5.86,14,585.141701
13.88,12,585.146719
5.8,20,585.445819
3.94,6,585.447936
3.94,6,585.449931
1.93,7,585.45222
5.92,8,585.455182
5.89,11,585.458705
1.96,4,585.460044
1.96,4,585.461375
1.94,6,585.463828
3.94,6,585.46619
1.94,6,585.468382
3.94,6,585.471152
5.84,16,585.476816
3.94,6,585.478879
1.96,4,585.480251
5.87,13,585.485279
3.9,10,585.488933
3.92,8,585.79295
3.94,6,585.796549
5.84,16,585.803204
1.94,6,585.805946
3.91,9,585.809953
3.9,10,585.814816
3.89,11,585.818954
1.96,4,585.821009
3.92,8,585.823686
1.95,5,585.826044
13.89,11,585.830654
5.82,18,585.836965
5.92,8,585.839922
1.95,5,585.842244
3.92,8,586.159249
13.81,19,586.165582
3.88,12,586.170463
5.86,14,586.175043
13.81,19,586.181433
1.96,4,586.182832
5.83,17,586.188583
1.93,7,586.19113
13.81,19,586.19787
5.83,17,586.52896
1.93,7,586.531476
1.96,4,586.532831
1.92,8,586.53575
3.87,13,586.54062
5.85,15,586.54585
5.85,15,586.551005
5.88,12,586.555278
5.87,13,586.559848
1.96,4,586.561628
5.88,12,586.565551
13.87,13,586.57037
3.92,8,586.573043
1.94,6,586.868575
3.92,8,586.871615
3.94,6,586.873635
13.81,19,586.881111
3.91,9,586.884096
3.94,6,586.886478
5.86,14,586.891619
3.88,12,586.896049
1.94,6,586.898634
13.81,19,586.905528
1.94,6,586.907982
13.83,17,586.914287
1.96,4,587.238817
1.96,4,587.240359
1.96,4,587.241734
13.79,21,587.249377
5.86,14,587.254608
5.89,11,587.258483
1.96,4,587.259954
3.87,13,587.264514
5.84,16,587.270001
13.78,22,587.277319
1.96,4,587.279088
1.96,4,587.280535
3.88,12,587.642256
1.96,4,587.643745
3.9,10,587.647552
1.96,4,587.648949
1.94,6,587.651513
3.92,8,587.654351
13.8,20,587.661079
3.88,12,587.665189
3.92,8,587.667783
3.9,10,587.671985
1.96,4,587.673631
1.96,4,587.675051
3.93,7,587.677478
1.96,4,587.679708
13.81,19,587.686883
3.93,7,588.034001
1.96,4,588.035734
1.96,4,588.037665
1.96,4,588.039088
3.89,11,588.042849
3.9,10,588.046923
3.93,7,588.049251
5.84,16,588.054647
5.83,17,588.060517
3.91,9,588.063995
3.9,10,588.06733
1.94,6,588.069301
5.8,20,588.075948
3.88,12,588.405657
3.92,8,588.408964
5.82,18,588.415382
5.83,17,588.420744
5.8,20,588.427613
13.8,20,588.43385
1.96,4,588.435897
3.93,7,588.438512
13.8,20,588.445256
3.88,12,588.77224
3.86,14,588.777022
3.86,14,588.782689
1.96,4,588.784133
3.94,6,588.786121
3.9,10,588.78932
1.96,4,588.790976
3.84,16,588.796803
3.87,13,588.801025
3.94,6,588.803514
5.76,24,588.812219
1.95,5,588.81423
5.91,9,588.817301
13.82,18,589.193594
3.88,12,589.19791
5.81,19,589.204145
3.89,11,589.20831
3.85,15,589.213118
5.75,25,589.22147
1.94,6,589.223505
1.96,4,589.224858
1.94,6,589.226809
3.86,14,589.231648
5.84,16,589.627749
3.91,9,589.631007
5.92,8,589.634231
3.94,6,589.636911
5.9,10,589.640177
1.93,7,589.643069
3.86,14,589.648531
3.84,16,589.655225
5.92,8,589.658106
5.84,16,589.663906
3.83,17,589.669366
3.94,6,589.957737
13.87,13,589.961938
1.94,6,589.963868
3.86,14,589.968887
1.96,4,589.970889
3.9,10,589.974288
1.96,4,589.975683
1.95,5,589.977467
1.96,4,589.979151
13.77,23,589.986547
3.94,6,589.989122
5.9,10,589.992504
5.82,18,589.998954
5.84,16,590.372608
3.94,6,590.375195
3.89,11,590.379513
1.95,5,590.381246
1.96,4,590.382592
3.94,6,590.384611
3.92,8,590.388218
5.8,20,590.395466
3.87,13,590.400015
1.96,4,590.401491
3.94,6,590.403971
3.94,6,590.406002
13.89,11,590.409774
5.84,16,590.415721
1.96,4,590.78776
3.94,6,590.790258
1.96,4,590.791861
1.96,4,590.793426
3.94,6,590.7963
1.96,4,590.798222
3.92,8,590.805017
3.88,12,590.809277
3.87,13,590.814628
1.96,4,590.816074
1.93,7,590.819059
5.82,18,590.834227
3.83,17,590.841131
5.85,15,590.847564
5.89,11,591.158439
3.94,6,591.160665
3.94,6,591.163385
3.86,14,591.167929
5.83,17,591.174138
1.94,6,591.176204
13.8,20,591.183532
5.81,19,591.190053
1.96,4,591.191791
5.77,23,591.199949
5.82,18,591.571993
5.84,16,591.577596
3.84,16,591.583158
5.81,19,591.590108
1.96,4,591.591548
13.89,11,591.595106
5.76,24,591.603922
3.84,16,591.609129
3.83,17,591.989006
5.92,8,591.991751
13.81,19,591.998774
1.95,5,592.000575
3.94,6,592.003043
5.78,22,592.010573
13.81,19,592.0176
5.92,8,592.0204
13.81,19,592.026429
1.95,5,592.028094
5.81,19,592.37471
5.92,8,592.37755
13.9,10,592.381878
5.86,14,592.387377
3.94,6,592.38946
3.94,6,592.391495
5.84,16,592.397911
3.94,6,592.4
3.88,12,592.404608
1.94,6,592.407233
3.94,6,592.409749
3.85,15,592.415372
1.96,4,592.417133
5.85,15,592.694836
3.88,12,592.698955
3.94,6,592.70095
13.82,18,592.707102
1.96,4,592.708493
1.96,4,592.709829
1.95,5,592.712113
1.95,5,592.714263
1.95,5,592.716141
3.94,6,592.718193
5.92,8,592.721622
13.88,12,592.726432
13.79,21,592.737244
5.81,19,592.74362
5.86,14,593.096235
3.94,6,593.098265
1.95,5,593.100122
3.93,7,593.10341
1.96,4,593.104941
3.86,14,593.109485
5.91,9,593.112962
3.94,6,593.115071
1.95,5,593.116751
3.88,12,593.12094
1.95,5,593.122651
1.96,4,593.123987
3.94,6,593.125938
1.95,5,593.128085
3.94,6,593.130414
5.92,8,593.133041
1.95,5,593.134687
5.92,8,593.137377
1.95,5,593.408931
1.96,4,593.41047
1.95,5,593.413029
3.94,6,593.415145
1.96,4,593.416508
3.91,9,593.420378
3.94,6,593.422419
1.96,4,593.423748
1.96,4,593.425075
3.94,6,593.427412
1.95,5,593.429376
3.94,6,593.43138
1.96,4,593.432721
1.96,4,593.434062
3.94,6,593.436413
1.95,5,593.438679
1.95,5,593.44089
3.94,6,593.443015
13.88,12,593.447998
1.95,5,593.449792
3.94,6,593.451814
1.96,4,593.453355
13.83,17,593.708494
13.9,10,593.712463
13.9,10,593.716264
3.94,6,593.718394
5.82,18,593.725005
3.85,15,593.730472
1.96,4,593.731887
3.91,9,593.735212
1.96,4,593.737008
5.81,19,593.743118
1.95,5,593.745486
13.9,10,593.74891
5.75,25,594.078027
3.88,12,594.081932
3.84,16,594.08775
3.86,14,594.092218
3.86,14,594.096848
3.94,6,594.098822
3.87,13,594.102952
3.86,14,594.108415
5.82,18,594.115259
13.77,23,594.416409
1.96,4,594.417859
3.88,12,594.422377
1.95,5,594.424092
1.96,4,594.425482
1.95,5,594.427112
5.85,15,594.432151
13.8,20,594.439094
1.93,7,594.441733
5.85,15,594.446524
3.94,6,594.449033
3.85,15,594.454541
5.81,19,594.797037
3.88,12,594.801457
5.83,17,594.807367
3.91,9,594.810809
1.96,4,594.812664
5.82,18,594.818389
13.8,20,594.82508
3.94,6,594.827085
1.95,5,594.828717
1.96,4,594.830265
13.7,30,595.157016
13.81,19,595.163534
3.94,6,595.165847
5.83,17,595.172204
3.91,9,595.175267
1.96,4,595.176643
5.84,16,595.182845
5.81,19,595.190105
3.85,15,595.196453
1.93,7,595.198989
3.89,11,595.621755
3.94,6,595.624661
3.94,6,595.629255
1.94,6,595.635917
1.96,4,595.637429
3.94,6,595.639474
3.89,11,595.64306
3.94,6,595.646417
3.85,15,595.652185
3.9,10,595.656465
5.92,8,595.659288
5.86,14,595.665412
5.91,9,595.668681
3.9,10,595.672982
5.82,18,595.984519
3.91,9,595.989121
5.83,17,595.996636
5.89,11,596.00053
1.96,4,596.00213
13.89,11,596.006519
5.9,10,596.009781
3.86,14,596.015343
13.82,18,596.022064
1.96,4,596.023579
5.83,17,596.030185
3.87,13,596.367624
13.8,20,596.375173
1.95,5,596.376938
5.82,18,596.383869
3.88,12,596.388723
3.91,9,596.391859
3.94,6,596.393909
3.94,6,596.396892
5.82,18,596.404399
3.94,6,596.406539
3.94,6,596.408953
1.96,4,596.410568
13.73,27,596.767771
1.96,4,596.770118
1.94,6,596.77227
5.9,10,596.775524
5.91,9,596.780013
1.94,6,596.782512
5.9,10,596.786416
3.84,16,596.792532
3.92,8,596.79608
1.96,4,596.797492
3.86,14,596.80284
5.85,15,596.808659
13.76,24,597.122909
3.87,13,597.12806
13.81,19,597.134204
5.85,15,597.139426
13.8,20,597.146494
13.88,12,597.150576
5.8,20,597.156987
3.88,12,597.161321
3.94,6,597.479026
3.88,12,597.483042
3.86,14,597.488411
1.95,5,597.490165
3.91,9,597.493105
13.82,18,597.499597
1.94,6,597.501711
13.88,12,597.506458
5.92,8,597.50919
3.94,6,597.511483
3.86,14,597.516315
13.78,22,597.82861
1.96,4,597.830311
1.96,4,597.831719
5.77,23,597.839593
5.9,10,597.84325
3.86,14,597.848784
5.82,18,597.855527
5.9,10,597.859247
3.91,9,597.86269
5.9,10,597.865957
13.88,12,597.87042
13.83,17,598.221796
3.91,9,598.224812
3.94,6,598.226778
3.93,7,598.229767
1.96,4,598.23121
3.88,12,598.235002
5.84,16,598.24114
5.81,19,598.248382
13.74,26,598.259219
1.93,7,598.26244
3.89,11,598.266041
3.87,13,598.693624
3.9,10,598.697686
3.88,12,598.702509
13.8,20,598.70921
13.78,22,598.717748
3.92,8,598.720771
3.94,6,598.722871
3.89,11,598.726425
13.87,13,598.731303
13.76,24,599.09973
3.94,6,599.101821
3.88,12,599.106071
5.91,9,599.109565
13.8,20,599.116392
1.95,5,599.118103
3.94,6,599.120822
3.94,6,599.123156
3.85,15,599.128126
13.82,18,599.134657
5.75,25,599.517536
1.95,5,599.519445
1.96,4,599.52082
1.95,5,599.522466
3.84,16,599.528442
3.91,9,599.531745
5.84,16,599.53832
13.78,22,599.545491
3.94,6,599.548109
1.96,4,599.549597
3.84,16,599.555516
5.82,18,599.561553
3.94,6,599.563612
3.94,6,599.93481
5.85,15,599.939665
3.87,13,599.944451
5.81,19,599.950813
1.96,4,599.952474
3.94,6,599.954573
5.82,18,599.960397
13.8,20,599.96708
3.94,6,599.96907
1.96,4,599.970403
1.96,4,599.971979
5.89,11,599.97596
5.81,19,600.311914
5.81,19,600.318636
5.81,19,600.32534
1.96,4,600.32685
3.94,6,600.328868
1.94,6,600.330869
13.89,11,600.33482
3.94,6,600.337315
1.96,4,600.338758
1.95,5,600.340408
1.95,5,600.34205
13.75,25,600.350322
3.94,6,600.755204
5.92,8,600.75795
3.94,6,600.759945
5.92,8,600.76341
5.91,9,600.766553
1.96,4,600.767933
3.93,7,600.770828
3.94,6,600.77324
5.84,16,600.778958
3.84,16,600.784434
5.89,11,600.788506
3.94,6,600.790578
1.96,4,600.791958
3.94,6,600.794662
1.96,4,600.796113
3.87,13,601.09303
3.91,9,601.096779
3.84,16,601.102228
1.96,4,601.104071
1.96,4,601.10547
5.8,20,601.112609
1.95,5,601.114482
1.95,5,601.116197
3.94,6,601.118208
3.94,6,601.120661
5.85,15,601.125974
5.92,8,601.129397
1.93,7,601.131822
1.95,5,601.133769
5.92,8,601.136924
13.9,10,601.47633
3.94,6,601.478566
5.83,17,601.484463
5.75,25,601.493075
13.8,20,601.500501
5.9,10,601.503824
3.94,6,601.505803
1.95,5,601.507471
3.94,6,601.509663
1.96,4,601.511427
3.94,6,601.513628
5.8,20,601.520842
13.78,22,601.91274
1.96,4,601.91422
5.81,19,601.921461
13.89,11,601.92536
1.94,6,601.92776
5.92,8,601.930802
1.95,5,601.932544
3.86,14,601.937306
3.94,6,601.939808
3.94,6,601.941937
3.69,31,602.349769
3.94,6,602.352481
1.95,5,602.355391
3.94,6,602.35748
5.81,19,602.365183
3.94,6,602.367261
3.94,6,602.369257
3.94,6,602.371343
3.87,13,602.37587
5.83,17,602.38153
3.88,12,602.385803
3.94,6,602.38888
1.95,5,602.390652
1.93,7,602.393365
1.95,5,602.395826
13.9,10,602.735138
3.87,13,602.740374
3.94,6,602.742462
1.96,4,602.743812
1.95,5,602.746617
1.95,5,602.74859
1.96,4,602.750102
1.96,4,602.751518
13.9,10,602.754762
3.94,6,602.756903
3.84,16,602.76296
1.96,4,602.764404
5.9,10,602.768234
1.95,5,602.770235
3.93,7,602.772854
3.91,9,602.776013
1.96,4,602.777852
3.92,8,602.780522
5.8,20,603.106391
5.92,8,603.109276
3.94,6,603.111933
3.83,17,603.117399
3.94,6,603.119558
1.95,5,603.12186
1.95,5,603.123698
5.84,16,603.129256
5.77,23,603.137541
13.88,12,603.141771
1.96,4,603.14329
3.93,7,603.146146
3.88,12,603.500209
3.94,6,603.50292
3.88,12,603.507359
5.86,14,603.51256
3.91,9,603.515548
3.94,6,603.517911
3.94,6,603.520468
1.96,4,603.521878
5.91,9,603.524786
1.96,4,603.526142
5.9,10,603.530092
3.94,6,603.532157
3.94,6,603.534135
1.95,5,603.535796
3.89,11,603.539956
13.89,11,603.543635
1.94,6,603.813376
13.76,24,603.821428
3.94,6,603.824175
3.87,13,603.828627
5.79,21,603.836137
3.87,13,603.840685
3.94,6,603.843071
3.87,13,603.847631
5.79,21,603.855145
3.88,12,604.262098
3.85,15,604.267561
3.94,6,604.270088
3.86,14,604.274643
13.82,18,604.280993
1.93,7,604.283416
5.8,20,604.290261
1.96,4,604.291675
5.92,8,604.295032
5.92,8,604.298124
5.81,19,604.304996
1.96,4,604.63392
3.92,8,604.637087
5.72,28,604.646647
3.94,6,604.648777
3.91,9,604.651896
1.93,7,604.654913
3.91,9,604.65791
3.84,16,604.663706
3.91,9,604.666732
3.91,9,604.670076
3.84,16,604.675626
1.95,5,604.677696
5.76,24,605.083799
5.92,8,605.086646
5.8,20,605.093897
3.94,6,605.096497
3.87,13,605.101216
5.82,18,605.107642
13.9,10,605.11138
3.86,14,605.115889
3.94,6,605.118289
1.96,4,605.120129
3.94,6,605.122204
3.94,6,605.449689
13.87,13,605.454707
1.95,5,605.456485
1.96,4,605.458054
3.94,6,605.460397
5.84,16,605.466056
3.94,6,605.468294
1.95,5,605.470422
3.91,9,605.473432
3.94,6,605.475433
5.84,16,605.481122
13.9,10,605.484645
1.95,5,605.486311
1.95,5,605.488032
3.88,12,605.492229
13.81,19,605.787513
1.96,4,605.788946
3.94,6,605.790937
5.8,20,605.798286
1.96,4,605.799746
5.92,8,605.802741
13.87,13,605.807534
3.94,6,605.809563
5.76,24,605.817797
1.96,4,605.819412
3.94,6,605.821493
5.92,8,605.824531
13.78,22,606.217093
5.92,8,606.220773
3.94,6,606.222947
3.94,6,606.225423
3.85,15,606.231132
3.94,6,606.233208
3.94,6,606.235589
13.81,19,606.241861
3.94,6,606.244411
13.9,10,606.248193
5.83,17,606.253939
1.95,5,606.255709
1.96,4,606.257066
5.91,9,606.259975
1.96,4,606.587289
3.94,6,606.589541
1.95,5,606.591205
3.9,10,606.594645
3.94,6,606.597287
1.96,4,606.598795
3.94,6,606.600822
5.64,36,606.613043
3.94,6,606.615067
3.77,23,606.623106
5.9,10,606.626358
1.95,5,606.628574
13.9,10,606.631846
5.9,10,607.12492
3.68,32,607.135891
3.9,10,607.139177
1.92,8,607.141775
13.9,10,607.146002
1.96,4,607.147426
5.63,37,607.159427
3.86,14,607.165077
3.94,6,607.718492
3.29,71,607.742654
1.93,7,607.74554
5.67,33,607.757331
13.88,12,607.761866
3.94,6,608.422173
1.95,5,608.423983
1.96,4,608.42537
5.92,8,608.429218
5.72,28,608.439387
3.84,16,608.445327
3.89,11,608.448871
3.88,12,608.453075
3.94,6,608.45529
1.96,4,608.456644
3.94,6,608.458592
1.96,4,608.459957
1.95,5,608.462457
5.74,26,608.841661
3.84,16,608.847472
1.96,4,608.848997
3.9,10,608.852256
3.9,10,608.85546
1.94,6,608.857851
1.96,4,608.859327
1.96,4,608.860712
3.84,16,608.866263
3.86,14,608.871036
3.94,6,608.873216
5.92,8,608.87589
3.85,15,608.881424
3.87,13,609.165991
5.9,10,609.169534
3.91,9,609.173209
3.94,6,609.175385
3.7,30,609.185939
5.81,19,609.192897
5.9,10,609.196274
3.9,10,609.199508
1.95,5,609.201215
5.91,9,609.20415
5.84,16,609.634264
3.88,12,609.63827
3.85,15,609.644171
3.91,9,609.647659
13.9,10,609.65096
3.94,6,609.653414
1.93,7,609.656127
3.91,9,609.659083
1.92,8,609.661935
3.94,6,609.664272
5.91,9,609.667445
3.84,16,609.673081
5.92,8,609.675748
13.78,22,609.956457
5.71,29,609.965933
3.94,6,609.967926
3.94,6,609.969885
3.91,9,609.973352
3.85,15,609.978854
1.92,8,609.981839
1.94,6,609.983965
1.95,5,609.985817
1.95,5,609.987936
3.85,15,609.993178
3.88,12,610.448901
5.92,8,610.451662
3.85,15,610.456798
13.88,12,610.461777
13.89,11,610.465647
3.85,15,610.471082
3.85,15,610.475991
3.94,6,610.478465
3.91,9,610.482016
13.8,20,610.49008
3.91,9,610.49312
3.92,8,610.828428
5.84,16,610.833751
1.95,5,610.835433
1.96,4,610.837577
3.94,6,610.839809
3.84,16,610.845641
1.95,5,610.847894
3.94,6,610.850014
13.81,19,610.856198
1.95,5,610.858339
3.94,6,610.860353
5.9,10,610.864092
3.94,6,610.866103
3.88,12,610.87109
5.91,9,610.87405
3.92,8,611.207049
3.94,6,611.209142
13.78,22,611.216873
13.9,10,611.220865
1.95,5,611.222653
13.81,19,611.229382
1.95,5,611.231409
5.72,28,611.240369
5.9,10,611.243737
3.85,15,611.249046
1.96,4,611.697603
3.83,17,611.703925
3.87,13,611.708707
3.94,6,611.710708
3.9,10,611.714652
5.83,17,611.722026
13.77,23,611.730537
3.87,13,611.734836
1.93,7,611.737611
1.95,5,611.739351
5.75,25,612.115188
13.78,22,612.123279
3.94,6,612.12539
3.88,12,612.129966
1.93,7,612.132652
5.91,9,612.136004
3.94,6,612.138166
3.91,9,612.141475
1.96,4,612.142965
3.94,6,612.14538
3.91,9,612.148321
3.84,16,612.154307
5.9,10,612.157628
3.87,13,612.523021
3.91,9,612.526659
13.77,23,612.535855
3.94,6,612.538788
1.96,4,612.540576
1.96,4,612.542153
1.94,6,612.544622
5.81,19,612.55167
3.94,6,612.554763
5.74,26,612.564299
5.91,9,612.5673
3.94,6,612.998003
3.94,6,613.008223
3.91,9,613.012272
3.87,13,613.016674
3.93,7,613.018998
3.94,6,613.021918
3.84,16,613.027414
1.95,5,613.029489
5.91,9,613.032895
3.93,7,613.03534
3.84,16,613.040754
3.88,12,613.045774
13.73,27,613.383721
1.95,5,613.385487
3.86,14,613.39129
1.95,5,613.393143
3.91,9,613.396637
1.95,5,613.398388
3.94,6,613.400607
3.94,6,613.4033
1.95,5,613.405101
1.95,5,613.406774
3.94,6,613.408735
13.81,19,613.415572
3.87,13,613.419925
1.95,5,613.422182
3.87,13,613.426505
1.96,4,613.428247
1.95,5,613.781874
3.94,6,613.78399
1.95,5,613.785909
3.94,6,613.788298
3.91,9,613.791844
3.87,13,613.796867
1.95,5,613.798622
1.95,5,613.80066
3.9,10,613.804039
3.9,10,613.807481
1.95,5,613.809197
5.71,29,613.818879
1.95,5,613.821036
13.79,21,614.274409
3.94,6,614.27662
1.95,5,614.278693
5.83,17,614.284853
1.95,5,614.287469
5.74,26,614.296432
5.88,12,614.300332
1.96,4,614.301679
1.96,4,614.303006
13.81,19,614.309699
3.91,9,614.312998
3.83,17,614.721575
3.86,14,614.726237
3.93,7,614.729229
5.83,17,614.735307
3.86,14,614.740415
3.87,13,614.745078
5.9,10,614.748357
1.95,5,614.750454
3.94,6,614.753001
1.96,4,614.7545
3.94,6,614.75649
1.95,5,614.758117
1.95,5,614.759741
1.95,5,614.761734
3.86,14,614.766575
13.77,23,615.076659
1.96,4,615.078242
5.8,20,615.085357
5.92,8,615.088583
3.92,8,615.091526
3.86,14,615.096692
13.78,22,615.104747
5.82,18,615.110981
1.95,5,615.112753
1.96,4,615.114124
3.94,6,615.466443
5.75,25,615.475438
3.94,6,615.478113
5.92,8,615.481011
3.94,6,615.483028
1.93,7,615.485776
3.88,12,615.490761
1.96,4,615.492222
5.7,30,615.504354
3.93,7,615.507183
3.86,14,615.511738
13.83,17,615.954544
13.8,20,615.961899
1.95,5,615.963664
13.9,10,615.9669
3.86,14,615.97176
1.96,4,615.973239
1.95,5,615.975273
3.85,15,615.980878
3.88,12,615.984945
1.95,5,615.986923
1.96,4,615.988338
5.85,15,615.993521
5.86,14,616.325791
1.96,4,616.327348
1.94,6,616.330273
3.87,13,616.334902
5.82,18,616.341467
3.91,9,616.3451
13.84,16,616.350229
3.94,6,616.352196
3.85,15,616.357844
1.96,4,616.359345
1.96,4,616.36084
3.87,13,616.36562
3.85,15,616.370533
5.76,24,616.683808
3.94,6,616.685874
13.87,13,616.689999
5.85,15,616.695407
5.84,16,616.700607
3.92,8,616.704277
5.85,15,616.709147
1.93,7,616.711978
13.78,22,616.719397
5.92,8,617.106277
3.92,8,617.108968
13.68,32,617.120302
3.93,7,617.12284
1.95,5,617.124759
3.94,6,617.126796
1.95,5,617.128469
13.84,16,617.133897
13.9,10,617.13781
3.85,15,617.142768
1.95,5,617.145006
1.95,5,617.146742
3.87,13,617.566483
3.87,13,617.570795
13.88,12,617.575209
5.75,25,617.583974
5.9,10,617.587628
3.89,11,617.591184
3.87,13,617.59626
1.96,4,617.597708
1.96,4,617.599074
13.79,21,617.606272
3.86,14,618.003053
5.81,19,618.009127
3.87,13,618.013889
1.96,4,618.015237
3.86,14,618.02063
5.89,11,618.024579
5.91,9,618.027542
1.96,4,618.028922
1.96,4,618.030292
3.85,15,618.035239
13.81,19,618.042333
3.83,17,618.367742
3.88,12,618.372431
3.94,6,618.374477
1.96,4,618.376352
3.91,9,618.3799
3.87,13,618.38438
3.88,12,618.389828
5.83,17,618.395385
5.74,26,618.404857
5.76,24,618.413669
3.88,12,618.818784
1.96,4,618.820875
1.95,5,618.822644
5.91,9,618.826118
5.73,27,618.836039
1.96,4,618.837504
3.9,10,618.840758
5.74,26,618.849825
5.83,17,618.855916
5.82,18,619.28153
5.75,25,619.291457
3.93,7,619.293841
1.91,9,619.297143
1.93,7,619.299842
1.94,6,619.302093
5.75,25,619.311163
1.95,5,619.312957
5.77,23,619.320534
3.87,13,619.324757
13.76,24,619.726553
3.88,12,619.731572
3.87,13,619.736135
1.96,4,619.737631
3.94,6,619.740001
1.94,6,619.742115
3.85,15,619.747322
1.96,4,619.748716
3.94,6,619.751083
1.94,6,619.753163
3.86,14,619.75763
3.94,6,619.760122
3.89,11,619.763967
5.73,27,620.101687
1.94,6,620.104651
5.82,18,620.110516
3.94,6,620.114122
3.86,14,620.119125
1.96,4,620.121598
3.89,11,620.125549
5.84,16,620.131655
13.77,23,620.140052
13.83,17,620.513898
5.82,18,620.520029
3.89,11,620.523568
5.81,19,620.529566
1.93,7,620.532229
3.91,9,620.535415
3.87,13,620.540248
1.95,5,620.542024
5.9,10,620.545276
5.92,8,620.547888
3.86,14,620.553332
3.89,11,620.888233
13.78,22,620.896061
3.94,6,620.898264
1.92,8,620.900956
1.96,4,620.902452
3.91,9,620.905454
1.96,4,620.906828
1.96,4,620.908198
5.84,16,620.91397
1.96,4,620.915418
3.89,11,620.918989
13.79,21,620.92662
5.69,31,621.292199
1.95,5,621.293977
5.74,26,621.302665
3.87,13,621.307251
3.93,7,621.310022
13.81,19,621.316752
3.94,6,621.318773
5.79,21,621.325785
3.86,14,621.723996
1.94,6,621.726294
1.95,5,621.728104
1.96,4,621.72956
13.8,20,621.737397
5.81,19,621.743677
5.9,10,621.748004
3.87,13,621.752986
5.81,19,621.759869
3.94,6,621.762401
1.93,7,621.764781
3.91,9,621.768057
1.94,6,621.770697
3.92,8,622.108208
13.83,17,622.114409
3.92,8,622.117733
3.89,11,622.122117
13.82,18,622.129064
13.88,12,622.133125
3.91,9,622.136436
1.96,4,622.137939
5.76,24,622.145792
3.84,16,622.151493
1.96,4,622.153387
13.78,22,622.532857
13.82,18,622.539494
3.93,7,622.541809
13.89,11,622.546033
3.86,14,622.550556
1.92,8,622.553524
3.89,11,622.558071
5.82,18,622.564112
13.82,18,622.570901
3.89,11,622.912499
1.93,7,622.9149
3.85,15,622.920772
1.92,8,622.92346
4.85,15,622.928555
1.93,7,622.930996
4.86,14,622.935649
4.92,8,622.938987
13.82,18,622.945565
1.92,8,622.948371
4.87,13,622.952728
3.92,8,623.248855
1.96,4,623.250323
3.91,9,623.253221
1.93,7,623.255494
3.93,7,623.258256
13.8,20,623.26526
3.94,6,623.267555
5.83,17,623.273791
3.87,13,623.27858
1.96,4,623.280012
1.93,7,623.282272
1.93,7,623.28451
5.8,20,623.291714
3.87,13,623.632986
1.93,7,623.63533
1.96,4,623.636664
1.96,4,623.63807
3.87,13,623.642957
3.86,14,623.647719
3.85,15,623.653431
5.8,20,623.659711
1.96,4,623.661033
1.92,8,623.66418
1.92,8,623.66686
1.93,7,623.669148
1.91,9,623.672576
1.91,9,624.010084
3.89,11,624.014444
5.83,17,624.020961
1.96,4,624.022379
13.79,21,624.0295
3.89,11,624.033093
1.93,7,624.035362
1.93,7,624.037622
5.81,19,624.044802
5.85,15,624.050181
1.93,7,624.052961
3.92,8,624.389878
3.88,12,624.393949
3.92,8,624.397253
13.82,18,624.403313
13.74,26,624.412418
5.82,18,624.418766
13.76,24,624.427261
3.92,8,624.430429
1.96,4,624.43185
3.92,8,624.434576
1.92,8,624.834154
3.89,11,624.838481
3.92,8,624.841609
13.82,18,624.847607
1.93,7,624.850178
1.96,4,624.851859
3.94,6,624.854152
13.78,22,624.861392
5.84,16,624.866856
3.89,11,624.870947
1.9,10,624.874731
1.96,4,624.876263
5.76,24,625.234057
5.76,24,625.242914
3.88,12,625.246819
3.91,9,625.250161
5.8,20,625.256828
13.73,27,625.266228
3.92,8,625.26883
2.94,6,625.271558
2.93,7,625.828844
1.93,7,625.832435
13.82,18,625.839224
1.92,8,625.842432
1.9,10,625.846773
3.92,8,625.849637
3.87,13,625.855072
1.9,10,625.858523
3.87,13,625.863253
1.93,7,625.865712
1.89,11,625.869838
3.89,11,625.873973
13.86,14,626.198405
1.91,9,626.201451
3.9,10,626.205834
1.96,4,626.20736
1.92,8,626.21002
3.88,12,626.214402
3.84,16,626.220728
3.93,7,626.223158
1.93,7,626.225881
3.92,8,626.229455
1.96,4,626.230868
1.96,4,626.232204
1.93,7,626.234444
1.93,7,626.237543
3.91,9,626.240569
1.93,7,626.242865
1.93,7,626.53245
1.93,7,626.534832
1.96,4,626.536348
5.83,17,626.542716
5.82,18,626.548951
1.95,5,626.551043
5.88,12,626.555538
1.93,7,626.557886
1.93,7,626.560458
1.93,7,626.563492
13.84,16,626.568639
13.8,20,626.575103
1.96,4,626.927439
1.96,4,626.92993
3.89,11,626.93371
1.93,7,626.937265
5.84,16,626.942624
1.93,7,626.945588
1.96,4,626.947576
5.84,16,626.953657
3.9,10,626.957309
5.88,12,626.961673
3.92,8,626.964585
3.94,6,626.967036
1.93,7,626.970038
13.86,14,626.974619
3.87,13,627.269492
1.96,4,627.270959
1.93,7,627.273305
-0.03,3,627.274799
1.93,7,627.277525
3.92,8,627.280434
2.91,9,627.283417
1.93,7,627.285934
3.91,9,627.288999
2.94,6,627.291124
5.8,20,627.29847
3.92,8,627.301168
1.96,4,627.302543
3.92,8,627.305145
3.92,8,627.308043
-0.03,3,627.309234
3.91,9,627.668712
1.93,7,627.671981
3.9,10,627.675376
2.94,6,627.677465
1.96,4,627.679173
3.89,11,627.683291
3.88,12,627.687323
1.96,4,627.688923
1.94,6,627.691133
3.92,8,627.693808
1.93,7,627.696114
3.92,8,627.69911
1.96,4,627.700575
1.93,7,627.702928
1.96,4,627.704302
3.88,12,627.708755
1.96,4,627.710201
3.91,9,627.713512
3.89,11,627.962682
3.92,8,627.965421
3.92,8,627.968011
4.9,10,627.971934
1.93,7,627.9743
13.83,17,627.980453
3.94,6,627.982584
13.87,13,627.987455
3.94,6,627.989937
1.96,4,627.991462
1.96,4,627.992916
3.92,8,627.996332
3.89,11,628.000317
2.94,6,628.002696
13.87,13,628.008156
2.94,6,628.301536
3.94,6,628.303637
1.95,5,628.305335
1.96,4,628.306707
5.89,11,628.310546
3.89,11,628.314675
3.92,8,628.317335
1.96,4,628.31897
2.91,9,628.322022
5.84,16,628.327373
1.93,7,628.330274
5.83,17,628.336016
1.94,6,628.338327
3.92,8,628.341846
1.92,8,628.344948
3.92,8,628.658685
13.8,20,628.666708
3.9,10,628.671202
1.93,7,628.674252
1.93,7,628.677033
5.84,16,628.682514
3.92,8,628.685136
2.94,6,628.687285
3.91,9,628.690208
3.89,11,628.693766
1.91,9,628.697543
3.92,8,628.700336
2.94,6,628.702449
3.88,12,629.043257
5.85,15,629.048108
1.93,7,629.050831
1.93,7,629.053353
1.96,4,629.055003
3.91,9,629.058135
3.93,7,629.060974
5.87,13,629.065224
1.93,7,629.067479
1.96,4,629.068822
3.92,8,629.071773
3.88,12,629.075705
5.82,18,629.082049
3.92,8,629.084679
3.92,8,629.394154
1.93,7,629.397422
3.94,6,629.399473
3.91,9,629.402986
5.87,13,629.407179
1.96,4,629.408523
5.87,13,629.413236
1.95,5,629.414944
1.93,7,629.417196
3.9,10,629.4206
5.84,16,629.426392
3.92,8,629.429138
3.88,12,629.433625
1.96,4,629.435068
3.91,9,629.725671
1.96,4,629.727279
3.91,9,629.730753
1.93,7,629.733075
1.93,7,629.736164
4.85,15,629.741399
1.93,7,629.743713
5.88,12,629.747999
13.83,17,629.755167
3.91,9,629.758431
3.91,9,629.761862
1.96,4,629.763374
5.88,12,629.767613
4.85,15,629.772935
1.95,5,630.115767
1.96,4,630.117208
5.88,12,630.12139
3.92,8,630.12457
3.9,10,630.128284
1.92,8,630.130974
1.96,4,630.132327
1.96,4,630.134061
13.87,13,630.138834
1.93,7,630.141169
2.94,6,630.143234
3.89,11,630.147623
3.92,8,630.150306
5.89,11,630.154194
5.88,12,630.158298
5.9,10,630.41261
1.93,7,630.415024
5.88,12,630.41886
3.92,8,630.421584
5.86,14,630.426009
5.84,16,630.431549
3.92,8,630.434356
1.96,4,630.435725
3.89,11,630.439794
5.85,15,630.445378
5.88,12,630.449334
1.96,4,630.45101
1.92,8,630.454081
1.93,7,630.732068
3.88,12,630.738022
3.92,8,630.741615
3.91,9,630.745269
3.92,8,630.748347
3.91,9,630.751303
3.92,8,630.754556
3.89,11,630.75815
3.92,8,630.760723
1.93,7,630.763689
5.89,11,630.767276
1.93,7,630.769521
-0.03,3,630.770544
1.93,7,630.773329
1.93,7,630.77564
4.9,10,630.778811
1.93,7,631.015495
3.89,11,631.019209
3.88,12,631.024111
3.89,11,631.028198
1.96,4,631.029842
5.89,11,631.033881
5.89,11,631.038188
5.88,12,631.042228
3.89,11,631.04654
3.89,11,631.050147
3.93,7,631.052816
5.89,11,631.056735
5.88,12,631.282892
1.96,4,631.284387
3.89,11,631.2889
5.84,16,631.295078
5.81,19,631.301384
5.85,15,631.306497
5.83,17,631.313011
5.89,11,631.316549
3.87,13,631.320928
3.92,8,631.324022
1.93,7,631.326439
3.9,10,631.640955
3.91,9,631.644961
1.96,4,631.646537
1.93,7,631.649358
1.9,10,631.653192
3.89,11,631.656932
5.88,12,631.661635
3.89,11,631.665361
1.94,6,631.667345
5.88,12,631.672094
1.96,4,631.673544
3.91,9,631.67649
13.77,23,631.684007
1.93,7,632.065475
3.93,7,632.067895
3.92,8,632.070913
13.86,14,632.076242
5.89,11,632.080588
3.92,8,632.08339
3.91,9,632.087205
1.96,4,632.088664
5.83,17,632.094681
1.93,7,632.09714
1.93,7,632.099397
1.96,4,632.100718
5.88,12,632.105293
5.89,11,632.108947
-0.01,1,632.109379
1.93,7,632.417553
1.94,6,632.42014
1.93,7,632.422772
3.92,8,632.42536
13.86,14,632.430631
5.88,12,632.434431
3.91,9,632.437663
13.86,14,632.442357
5.88,12,632.446932
3.92,8,632.449658
3.92,8,632.452549
1.94,6,632.455499
1.96,4,632.457113
5.85,15,632.462614
5.84,16,632.740973
3.91,9,632.744194
3.83,17,632.750416
3.89,11,632.755089
3.92,8,632.758401
3.89,11,632.762416
3.89,11,632.766183
1.93,7,632.768829
5.85,15,632.77414
1.96,4,632.775556
3.9,10,632.779638
1.96,4,632.78102
1.93,7,632.783266
3.9,10,633.089452
5.88,12,633.093979
3.92,8,633.097876
3.91,9,633.100895
3.89,11,633.104414
5.86,14,633.109518
1.96,4,633.110991
3.92,8,633.11359
3.91,9,633.117059
3.92,8,633.120235
1.94,6,633.122283
5.85,15,633.127706
1.94,6,633.12993
1.96,4,633.13131
2.91,9,633.404836
13.82,18,633.41339
3.91,9,633.4164
1.93,7,633.418947
3.92,8,633.422356
5.88,12,633.426309
13.78,22,633.434538
1.96,4,633.435959
1.94,6,633.43819
13.81,19,633.444297
5.82,18,633.450779
3.93,7,633.906116
5.8,20,633.918524
3.93,7,633.923656
3.89,11,633.930431
1.93,7,633.932984
3.89,11,633.939599
1.96,4,633.941054
5.85,15,633.947032
1.96,4,633.948581
13.8,20,633.956303
5.89,11,633.960539
3.92,8,633.964996
5.89,11,634.3261
5.87,13,634.330782
5.83,17,634.337591
1.96,4,634.339026
5.84,16,634.345014
1.96,4,634.346541
3.91,9,634.349492
13.86,14,634.354697
5.85,15,634.359498
5.85,15,634.365423
5.89,11,634.369137
1.93,7,634.663122
1.92,8,634.665906
3.93,7,634.668332
3.9,10,634.672432
3.89,11,634.676117
13.82,18,634.681913
5.88,12,634.686165
3.91,9,634.689231
1.96,4,634.690592
13.83,17,634.696942
13.87,13,634.70117
5.84,16,635.365988
5.87,13,635.373604
1.96,4,635.375124
3.85,15,635.391795
5.85,15,635.398965
13.87,13,635.404473
5.89,11,635.408093
1.96,4,635.409856
1.93,7,635.413073
5.88,12,635.416932
1.96,4,635.418272
1.93,7,635.421712
1.96,4,635.423135
3.89,11,635.428404
1.96,4,635.43031
3.92,8,635.732432
13.81,19,635.738815
1.96,4,635.740749
5.84,16,635.747154
1.93,7,635.749564
1.96,4,635.751233
13.78,22,635.758631
3.89,11,635.76309
3.92,8,635.765753
3.92,8,635.76832
3.92,8,635.772053
3.91,9,635.775126
5.87,13,636.132031
13.85,15,636.137225
3.9,10,636.141128
13.82,18,636.147566
5.86,14,636.153019
1.93,7,636.155413
1.93,7,636.157722
1.93,7,636.160461
5.81,19,636.166887
1.93,7,636.16926
13.86,14,636.174206
3.9,10,636.480352
13.87,13,636.48461
3.92,8,636.487972
3.92,8,636.49082
3.89,11,636.494806
1.96,4,636.496343
3.92,8,636.499306
3.89,11,636.502965
3.9,10,636.506203
3.83,17,636.512642
3.91,9,636.515754
3.92,8,636.518751
-0.01,1,636.519341
5.88,12,636.523663
5.89,11,636.842108
1.96,4,636.84358
5.88,12,636.848705
5.86,14,636.854027
3.91,9,636.857114
1.96,4,636.85894
3.91,9,636.862786
1.96,4,636.864234
13.82,18,636.870629
3.91,9,636.873579
5.87,13,636.877712
13.86,14,636.882243
3.92,8,636.884804
5.88,12,637.198219
3.9,10,637.201477
1.96,4,637.203077
3.84,16,637.208516
5.76,24,637.21707
3.88,12,637.221443
3.92,8,637.224477
5.88,12,637.228976
1.96,4,637.230457
5.82,18,637.238279
3.89,11,637.630482
3.86,14,637.635221
3.87,13,637.640571
1.96,4,637.642013
1.96,4,637.643404
3.83,17,637.649852
5.87,13,637.654727
1.96,4,637.656171
3.87,13,637.660394
1.96,4,637.662705
3.92,8,637.665395
3.92,8,637.668001
3.89,11,637.672292
1.93,7,637.675088
3.91,9,638.079226
3.91,9,638.082372
13.82,18,638.089822
3.92,8,638.092573
3.92,8,638.096229
3.91,9,638.099802
5.84,16,638.106095
5.85,15,638.112261
3.88,12,638.116401
3.88,12,638.121442
5.88,12,638.125431
5.87,13,638.432518
1.96,4,638.433956
3.84,16,638.440028
1.93,7,638.442632
3.85,15,638.448097
1.96,4,638.449945
3.92,8,638.452872
3.89,11,638.456518
3.89,11,638.46036
13.83,17,638.466097
1.96,4,638.467476
5.81,19,638.473552
3.87,13,638.790028
5.85,15,638.795119
3.92,8,638.798437
3.9,10,638.801836
3.89,11,638.807068
13.81,19,638.81488
5.8,20,638.823146
1.93,7,638.825709
3.84,16,638.832164
5.73,27,639.17554
3.85,15,639.181958
3.89,11,639.185925
5.88,12,639.190222
3.92,8,639.193525
1.96,4,639.194996
3.87,13,639.199208
13.8,20,639.206702
5.85,15,639.213304
13.82,18,639.540815
1.96,4,639.542412
13.78,22,639.550534
3.92,8,639.553889
5.83,17,639.559349
1.96,4,639.561528
1.93,7,639.564532
3.84,16,639.569847
3.85,15,639.575741
1.96,4,639.577317
3.85,15,639.582906
5.81,19,639.945757
3.91,9,639.948957
3.92,8,639.951612
3.89,11,639.955772
1.95,5,639.957597
3.92,8,639.960195
3.92,8,639.963083
3.89,11,639.966604
1.96,4,639.96794
1.91,9,639.972004
1.93,7,639.97479
1.96,4,639.976332
1.96,4,639.978049
1.96,4,639.980059
1.96,4,639.981528
1.96,4,639.982897
3.86,14,639.988196
3.92,8,639.990958
13.77,23,640.255695
13.87,13,640.260556
3.89,11,640.264546
1.92,8,640.267304
3.86,14,640.272945
5.75,25,640.281375
5.76,24,640.289736
1.96,4,640.291204
3.87,13,640.679571
3.92,8,640.682276
5.85,15,640.687727
3.92,8,640.690383
1.96,4,640.691739
3.83,17,640.698265
5.88,12,640.702416
5.79,21,640.709902
3.85,15,640.715656
3.88,12,640.720298
5.87,13,641.047194
3.86,14,641.054154
1.93,7,641.056984
3.86,14,641.062205
1.93,7,641.064628
13.8,20,641.072027
13.79,21,641.079715
3.89,11,641.083287
1.96,4,641.084635
5.88,12,641.088593
13.82,18,641.432397
3.92,8,641.435155
3.93,7,641.438288
5.89,11,641.442028
5.8,20,641.449267
5.84,16,641.455269
13.86,14,641.459771
3.86,14,641.465356
1.93,7,641.467903
3.86,14,641.47309
3.89,11,641.477075
1.93,7,641.805793
5.8,20,641.813108
3.85,15,641.818526
3.87,13,641.823248
13.79,21,641.830927
13.82,18,641.83754
5.81,19,641.843593
1.96,4,641.846126
3.89,11,641.849875
13.83,17,642.240121
13.81,19,642.24789
3.89,11,642.251952
1.96,4,642.253824
5.81,19,642.259819
3.89,11,642.264027
3.87,13,642.268301
1.93,7,642.27162
13.83,17,642.277903
3.88,12,642.282814
3.86,14,642.606831
3.91,9,642.609868
3.89,11,642.614635
1.96,4,642.616292
1.96,4,642.617785
1.96,4,642.619566
3.93,7,642.62292
5.83,17,642.629237
13.79,21,642.636832
1.96,4,642.638296
1.91,9,642.641557
13.77,23,642.649655
1.94,6,643.031518
3.89,11,643.035839
3.92,8,643.039404
1.96,4,643.040956
3.92,8,643.04404
5.89,11,643.049282
5.84,16,643.054426
5.81,19,643.062186
3.93,7,643.064664
5.83,17,643.07109
1.96,4,643.073606
13.78,22,643.41617
3.88,12,643.42024
1.93,7,643.422773
5.86,14,643.42947
1.96,4,643.430957
5.81,19,643.438117
5.83,17,643.443647
3.87,13,643.448116
5.85,15,643.453641
1.96,4,643.455043
1.96,4,643.456414
3.84,16,643.461659
3.92,8,643.77527
13.78,22,643.783578
13.83,17,643.789841
3.9,10,643.793581
13.82,18,643.799976
1.93,7,643.802757
3.92,8,643.805679
5.78,22,643.812995
13.82,18,644.173564
1.96,4,644.175205
5.85,15,644.181284
13.73,27,644.191024
5.77,23,644.19965
5.81,19,644.207405
3.92,8,644.211496
3.93,7,644.21417
3.89,11,644.218059
3.82,18,644.674462
1.96,4,644.675958
13.86,14,644.681422
1.96,4,644.683307
13.72,28,644.693824
3.87,13,644.698827
3.92,8,644.701652
1.96,4,644.7043
3.95,5,644.706195
3.91,9,644.709252
3.91,9,644.713098
5.82,18,644.719016
5.81,19,645.170579
13.77,23,645.179548
3.86,14,645.184192
1.96,4,645.185588
1.96,4,645.187763
13.78,22,645.1951
13.81,19,645.201962
4.87,13,645.206912
3.91,9,645.210198
1.96,4,645.211929
1.93,7,645.587253
13.82,18,645.593076
3.92,8,645.596331
1.94,6,645.598363
5.84,16,645.603816
5.86,14,645.608997
1.96,4,645.6105
1.93,7,645.61383
1.96,4,645.615539
5.83,17,645.621934
5.79,21,645.630261
13.8,20,645.989845
5.83,17,645.996129
5.84,16,646.001759
5.75,25,646.010355
3.92,8,646.014421
3.9,10,646.0184
13.8,20,646.026009
3.84,16,646.032292
5.86,14,646.420971
1.96,4,646.422487
3.92,8,646.425286
3.88,12,646.430556
5.75,25,646.438979
1.96,4,646.440411
5.88,12,646.444491
13.76,24,646.454188
1.96,4,646.456031
3.92,8,646.458774
5.75,25,646.916987
3.93,7,646.919394
1.96,4,646.921712
13.82,18,646.929097
1.96,4,646.930771
5.83,17,646.937597
3.89,11,646.941808
13.84,16,646.948046
1.96,4,646.949494
3.92,8,646.952092
1.96,4,646.954428
1.96,4,646.956127
5.82,18,646.963263
5.82,18,647.287159
13.81,19,647.296369
3.84,16,647.303549
13.82,18,647.309826
3.92,8,647.313553
5.82,18,647.319925
5.83,17,647.326064
3.86,14,647.331199
5.89,11,647.66315
13.72,28,647.673202
1.96,4,647.674706
1.96,4,647.676406
5.9,10,647.680963
1.96,4,647.682401
3.83,17,647.688363
5.85,15,647.693229
1.96,4,647.69459
1.95,5,647.696762
-0.01,1,647.697274
5.77,23,647.707616
1.96,4,647.709123
5.82,18,648.167702
5.79,21,648.175493
5.88,12,648.180461
3.92,8,648.183642
3.86,14,648.18923
3.86,14,648.194307
13.82,18,648.200839
3.93,7,648.203958
3.92,8,648.206766
1.96,4,648.208131
2.94,6,648.210106
5.79,21,648.568605
1.96,4,648.570129
13.86,14,648.576003
3.92,8,648.579901
3.85,15,648.585195
3.85,15,648.591247
1.96,4,648.592938
3.89,11,648.597561
3.87,13,648.601731
3.92,8,648.605979
3.93,7,648.608381
5.82,18,648.923722
1.96,4,648.925984
3.85,15,648.932269
3.83,17,648.939864
3.92,8,648.943035
1.93,7,648.9467
1.96,4,648.948159
13.79,21,648.956196
13.8,20,648.963651
1.94,6,648.96589
1.93,7,648.968511
5.85,15,649.343887
5.77,23,649.353376
5.79,21,649.362912
13.82,18,649.371006
3.85,15,649.376436
13.72,28,649.386854
13.82,18,649.393353
3.89,11,649.95942
5.81,19,649.966772
5.84,16,649.975029
5.8,20,649.983106
3.84,16,649.991021
13.83,17,649.998669
3.91,9,650.001963
3.87,13,650.007812
5.83,17,650.442808
3.92,8,650.447311
5.88,12,650.452034
13.8,20,650.459395
13.79,21,650.467542
3.92,8,650.471316
1.96,4,650.472871
13.81,19,650.48167
3.86,14,650.488082
3.89,11,650.493078
1.96,4,650.838367
1.93,7,650.840869
5.88,12,650.845019
5.88,12,650.849677
3.92,8,650.852476
3.85,15,650.857668
3.92,8,650.860327
5.81,19,650.867312
5.88,12,650.871901
13.82,18,650.87834
5.82,18,651.266336
3.93,7,651.268811
3.92,8,651.272188
3.88,12,651.276708
3.91,9,651.280619
5.82,18,651.287451
5.86,14,651.292041
5.8,20,651.299658
3.91,9,651.302629
3.9,10,651.306926
13.81,19,651.313556
1.96,4,651.649725
1.96,4,651.651189
5.83,17,651.658159
3.92,8,651.661268
5.83,17,651.668137
1.96,4,651.669592
5.89,11,651.673225
13.79,21,651.681071
1.96,4,651.682528
3.92,8,651.685628
1.95,5,651.688187
3.84,16,651.693335
1.96,4,651.695009
5.79,21,652.033634
5.86,14,652.039248
5.83,17,652.044898
5.84,16,652.050959
3.92,8,652.054485
5.84,16,652.060182
13.81,19,652.067344
3.88,12,652.071842
5.85,15,652.380161
13.81,19,652.386462
1.96,4,652.388365
1.96,4,652.389872
5.78,22,652.398114
1.94,6,652.400331
13.8,20,652.407644
5.84,16,652.413752
3.9,10,652.417424
13.8,20,652.424949
1.93,7,652.788353
3.88,12,652.792309
3.92,8,652.794893
1.93,7,652.797664
1.93,7,652.800337
3.85,15,652.805714
3.93,7,652.808377
1.93,7,652.810908
3.92,8,652.814043
1.96,4,652.815452
13.82,18,652.822434
1.94,6,652.824733
1.94,6,652.826797
13.82,18,652.833577
1.96,4,653.154963
5.88,12,653.158877
13.8,20,653.166198
3.9,10,653.169596
13.86,14,653.174085
1.93,7,653.176377
3.88,12,653.180893
13.72,28,653.189993
3.86,14,653.19466
1.96,4,653.196174
1.96,4,653.620749
5.87,13,653.625146
5.83,17,653.631651
3.86,14,653.636569
5.85,15,653.641975
3.88,12,653.647049
13.82,18,653.653895
1.96,4,653.655365
3.93,7,653.657715
1.96,4,653.659093
1.96,4,653.661335
13.82,18,653.667819
5.81,19,653.987921
1.96,4,653.989443
5.87,13,653.994239
3.92,8,653.997304
5.86,14,654.002301
1.96,4,654.004303
5.81,19,654.010457
5.88,12,654.016143
5.86,14,654.021898
13.8,20,654.029862
1.96,4,654.357587
3.92,8,654.360343
4.84,16,654.370442
3.87,13,654.379635
3.9,10,654.384237
5.85,15,654.392286
1.93,7,654.396079
5.88,12,654.401303
1.93,7,654.405513
5.79,21,654.414622
5.81,19,654.820349
5.73,27,654.830313
1.96,4,654.831784
3.89,11,654.836411
1.96,4,654.837985
3.87,13,654.842627
1.96,4,654.844319
3.88,12,654.849659
13.83,17,654.85621
1.96,4,654.857625
2.94,6,654.859618
3.92,8,654.864227
1.93,7,654.866692
3.92,8,654.86975
5.83,17,655.30002
13.8,20,655.308243
5.85,15,655.314342
1.94,6,655.316446
1.96,4,655.317812
2.94,6,655.320758
3.92,8,655.32368
3.85,15,655.329529
5.88,12,655.333882
13.83,17,655.340395
5.88,12,655.849705
3.91,9,655.85409
5.84,16,655.859998
1.96,4,655.861855
3.85,15,655.867049
3.89,11,655.871623
1.96,4,655.873098
3.92,8,655.875734
5.84,16,655.881221
5.82,18,655.887194
3.92,8,655.890778
5.81,19,656.200516
5.77,23,656.208958
3.91,9,656.212736
5.83,17,656.218272
13.78,22,656.226269
1.96,4,656.227832
3.87,13,656.232521
13.74,26,656.24181
5.79,21,656.645228
3.89,11,656.648827
3.93,7,656.651622
1.96,4,656.653586
1.93,7,656.656029
3.89,11,656.659569
1.96,4,656.661456
13.78,22,656.668725
5.82,18,656.674871
1.93,7,656.677997
3.93,7,656.680493
1.96,4,656.682131
5.88,12,656.686653
1.96,4,656.688299
1.96,4,657.02737
3.92,8,657.030845
13.8,20,657.038988
5.89,11,657.042589
3.88,12,657.04769
13.79,21,657.055386
4.83,17,657.060797
5.85,15,657.065464
3.87,13,657.069737
4.9,10,657.412761
3.89,11,657.416462
5.82,18,657.423642
3.92,8,657.426294
5.78,22,657.434146
5.89,11,657.43783
13.83,17,657.44341
1.96,4,657.445143
2.94,6,657.4472
1.94,6,657.449269
1.94,6,657.451222
13.77,23,657.807623
3.83,17,657.81324
1.93,7,657.815627
5.84,16,657.820698
1.96,4,657.82208
1.96,4,657.823449
13.78,22,657.831126
5.84,16,657.837774
13.83,17,657.843258
3.87,13,657.848271
5.83,17,658.212063
13.81,19,658.218833
3.92,8,658.222055
5.8,20,658.22923
13.82,18,658.234974
3.92,8,658.237842
3.92,8,658.240533
1.94,6,658.242533
3.9,10,658.245751
3.86,14,658.250916
3.87,13,658.586972
5.84,16,658.592203
3.87,13,658.596942
3.89,11,658.600999
13.79,21,658.608359
3.86,14,658.613503
3.9,10,658.616998
3.88,12,658.621429
3.89,11,658.625771
5.8,20,658.958886
13.81,19,658.965077
3.84,16,658.970921
5.88,12,658.976089
1.96,4,658.977656
1.96,4,658.979683
1.96,4,658.981087
13.82,18,658.987274
3.92,8,658.990412
1.96,4,658.991871
3.91,9,658.99524
1.96,4,658.996704
1.96,4,658.998364
5.83,17,659.328962
13.77,23,659.337213
13.83,17,659.34327
3.84,16,659.350512
5.86,14,659.356078
3.88,12,659.36074
13.81,19,659.368647
1.95,5,659.371324
1.94,6,659.373425
1.93,7,659.375743
3.91,9,659.739439
5.85,15,659.745284
5.8,20,659.752262
5.84,16,659.757452
5.83,17,659.763472
3.89,11,659.76709
13.84,16,659.77293
5.76,24,659.780815
3.85,15,660.166978
3.89,11,660.171398
5.83,17,660.17737
13.78,22,660.185026
1.96,4,660.186483
1.95,5,660.188697
1.93,7,660.191131
3.89,11,660.195259
3.89,11,660.199435
13.77,23,660.207407
5.79,21,660.568844
13.87,13,660.573788
1.94,6,660.575808
5.81,19,660.58281
13.83,17,660.588473
3.87,13,660.592837
13.79,21,660.600034
5.81,19,660.607041
3.85,15,660.938396
1.93,7,660.941314
5.83,17,660.947498
1.96,4,660.948946
5.82,18,660.955276
1.93,7,660.957926
5.84,16,660.963518
1.96,4,660.965079
1.96,4,660.966703
3.92,8,660.969718
1.96,4,660.971301
13.81,19,660.97796
1.96,4,660.979761
13.79,21,661.296348
5.81,19,661.303358
5.82,18,661.309248
3.91,9,661.313059
-0.01,1,661.313527
3.89,11,661.31707
-0.01,1,661.317485
3.92,8,661.320062
13.87,13,661.324688
5.85,15,661.331071
13.78,22,661.664504
1.96,4,661.665984
-0.01,1,661.666406
3.92,8,661.668978
3.93,7,661.671897
5.84,16,661.677556
13.8,20,661.68446
1.95,5,661.687376
13.77,23,661.695879
5.84,16,661.701531
5.86,14,661.708854
5.85,15,662.091462
3.92,8,662.094191
3.93,7,662.096982
1.96,4,662.098372
3.93,7,662.101183
13.76,24,662.109788
3.89,11,662.114667
3.92,8,662.117545
3.91,9,662.121211
3.91,9,662.124212
3.91,9,662.127144
13.82,18,662.133863
3.91,9,662.137417
1.96,4,662.540252
1.96,4,662.54175
3.9,10,662.546569
1.96,4,662.548481
1.96,4,662.550875
3.92,8,662.555564
1.93,7,662.557987
1.93,7,662.560758
3.93,7,662.563902
13.8,20,662.570633
13.81,19,662.577701
3.93,7,662.581526
5.84,16,662.589916
3.92,8,662.592772
3.93,7,662.971165
3.92,8,662.974074
3.88,12,662.986893
5.9,10,662.991941
1.93,7,662.995329
3.88,12,663.000007
3.91,9,663.003396
1.96,4,663.004954
3.89,11,663.009359
3.86,14,663.015317
1.92,8,663.0185
13.83,17,663.025114
3.92,8,663.029083
3.92,8,663.381158
5.79,21,663.392277
13.82,18,663.399043
5.84,16,663.405618
13.82,18,663.412293
3.94,6,663.414385
1.96,4,663.415759
3.9,10,663.418951
5.84,16,663.425901
1.96,4,663.427495
1.96,4,663.429988
1.97,3,663.431144
3.93,7,663.832662
13.84,16,663.838957
5.79,21,663.846698
13.81,19,663.853296
1.96,4,663.854698
3.9,10,663.857865
13.81,19,663.864449
1.96,4,663.865853
1.96,4,663.867213
3.93,7,663.869621
1.93,7,663.87261
1.96,4,663.874121
13.81,19,664.240809
3.92,8,664.243456
13.83,17,664.25026
3.87,13,664.255237
3.9,10,664.258899
1.93,7,664.261618
3.92,8,664.264529
1.93,7,664.266866
3.9,10,664.270383
3.86,14,664.275183
3.89,11,664.278778
3.89,11,664.28305
3.92,8,664.574673
5.83,17,664.581254
3.88,12,664.585863
3.9,10,664.589701
13.81,19,664.596675
5.83,17,664.602087
3.92,8,664.605154
5.84,16,664.611376
5.84,16,664.617177
3.88,12,664.945021
3.92,8,664.94796
3.93,7,664.950294
5.81,19,664.956661
5.82,18,664.962391
3.93,7,664.965315
13.83,17,664.970683
3.88,12,664.975298
13.82,18,664.981955
13.78,22,665.320473
3.91,9,665.323644
13.82,18,665.330612
3.89,11,665.33442
5.84,16,665.34082
1.95,5,665.342564
5.81,19,665.349473
1.96,4,665.350892
5.86,14,665.35679
3.92,8,665.359599
3.88,12,665.364545
13.8,20,665.744027
3.93,7,665.747079
13.79,21,665.754125
3.91,9,665.757641
5.82,18,665.764305
3.88,12,665.76858
3.92,8,665.771679
1.93,7,665.774027
13.8,20,665.781354
3.89,11,665.785045
5.8,20,666.143336
13.83,17,666.150389
3.92,8,666.15442
3.93,7,666.156894
5.83,17,666.164125
13.81,19,666.170944
13.76,24,666.178996
1.95,5,666.181229
3.93,7,666.183669
13.82,18,666.556201
3.92,8,666.558911
13.8,20,666.566297
1.93,7,666.568627
13.82,18,666.575662
3.92,8,666.578851
1.93,7,666.581339
13.8,20,666.589059
1.96,4,666.590462
13.8,20,666.597238
3.92,8,666.926328
5.82,18,666.932908
3.88,12,666.937289
13.77,23,666.945555
3.89,11,666.949199
13.81,19,666.95599
1.95,5,666.957803
5.84,16,666.963899
1.96,4,666.965412
1.93,7,666.968043
2.93,7,666.971449
13.8,20,667.333065
3.92,8,667.33573
3.9,10,667.33962
3.9,10,667.342947
3.89,11,667.346872
3.9,10,667.35018
13.77,23,667.358288
3.92,8,667.361005
3.89,11,667.364576
3.92,8,667.367645
1.93,7,667.37048
1.96,4,667.371901
3.91,9,667.738579
1.93,7,667.741609
5.84,16,667.74771
13.81,19,667.754338
3.89,11,667.75834
13.74,26,667.767645
3.89,11,667.77201
1.96,4,667.773471
3.9,10,667.776762
1.93,7,667.779618
1.96,4,667.781052
3.86,14,668.197318
1.96,4,668.198812
1.93,7,668.201137
5.85,15,668.206404
5.82,18,668.213029
13.82,18,668.219947
1.94,6,668.22209
1.93,7,668.224456
3.9,10,668.22847
1.96,4,668.230002
1.96,4,668.231387
3.9,10,668.234584
13.81,19,668.552912
1.93,7,668.556243
1.96,4,668.55776
3.93,7,668.560079
13.8,20,668.568155
1.96,4,668.569804
3.93,7,668.572215
1.96,4,668.57386
13.8,20,668.581174
1.96,4,668.582599
3.9,10,668.587179
5.83,17,668.592646
5.84,16,668.598211
4.89,11,668.936009
1.96,4,668.937848
1.96,4,668.939298
3.91,9,668.942195
1.96,4,668.943715
1.93,7,668.946864
3.88,12,668.950792
13.8,20,668.958153
3.91,9,668.961214
13.83,17,668.966957
1.96,4,668.968344
1.96,4,668.969859
1.93,7,668.97228
5.86,14,668.97751
1.94,6,668.980094
3.92,8,669.315897
3.91,9,669.318982
1.96,4,669.320366
1.96,4,669.32173
5.83,17,669.32838
5.83,17,669.334195
5.81,19,669.341281
3.91,9,669.344899
3.92,8,669.347731
13.81,19,669.353841
13.8,20,669.679866
3.92,8,669.682619
1.93,7,669.684917
5.84,16,669.691432
3.91,9,669.694644
3.92,8,669.697593
1.96,4,669.699494
13.8,20,669.706781
3.92,8,669.709435
5.86,14,669.715068
3.92,8,669.717722
1.94,6,669.71986
5.85,15,669.724668
3.92,8,670.060177
5.83,17,670.066573
5.82,18,670.073286
13.79,21,670.0803
1.96,4,670.081687
13.79,21,670.089166
1.96,4,670.091064
3.92,8,670.093745
3.94,6,670.096036
3.92,8,670.099148
5.83,17,670.459713
1.96,4,670.461576
3.88,12,670.466203
3.91,9,670.470142
3.88,12,670.474357
1.96,4,670.475744
13.77,23,670.485014
3.92,8,670.489153
3.92,8,670.492021
5.87,13,670.497673
5.81,19,670.50549
13.83,17,670.898524
13.83,17,670.904545
1.96,4,670.905985
5.82,18,670.913308
3.92,8,670.916115
1.93,7,670.918949
13.8,20,670.925849
1.96,4,670.927877
3.91,9,670.931013
1.94,6,670.932994
1.93,7,670.935217
1.96,4,670.936728
13.82,18,670.943428
5.83,17,671.305222
5.84,16,671.312476
3.91,9,671.316393
3.92,8,671.320145
3.92,8,671.323748
3.91,9,671.326833
1.93,7,671.330396
1.96,4,671.33199
13.82,18,671.339105
1.96,4,671.341048
1.93,7,671.343748
3.9,10,671.348496
1.96,4,671.349899
1.96,4,671.351777
3.92,8,671.67572
13.83,17,671.6823
3.92,8,671.685434
3.87,13,671.690987
1.93,7,671.693405
13.82,18,671.701489
1.96,4,671.70393
3.92,8,671.70672
5.85,15,671.714214
1.96,4,671.715991
3.87,13,671.721886
5.82,18,671.730171
13.82,18,672.054671
13.87,13,672.059396
5.89,11,672.063824
13.81,19,672.071013
3.92,8,672.073809
3.92,8,672.076477
13.79,21,672.08358
3.91,9,672.086723
1.96,4,672.088609
13.77,23,672.475352
1.96,4,672.476816
3.92,8,672.480277
5.8,20,672.48794
1.96,4,672.489404
5.81,19,672.496531
1.96,4,672.497999
3.92,8,672.500615
5.84,16,672.506015
13.81,19,672.512195
5.82,18,672.518617
1.96,4,672.845947
1.93,7,672.848487
3.92,8,672.851081
13.78,22,672.858829
5.83,17,672.864339
1.96,4,672.866104
1.96,4,672.867613
1.96,4,672.869039
3.92,8,672.871906
1.93,7,672.874233
13.78,22,672.881804
3.9,10,672.885207
-0.01,1,672.885771
13.81,19,673.268295
3.92,8,673.271146
3.92,8,673.273734
1.96,4,673.275066
1.96,4,673.277032
3.89,11,673.281289
-0.01,1,673.281776
1.93,7,673.284104
3.92,8,673.287403
3.92,8,673.290124
3.92,8,673.292739
13.76,24,673.301195
1.93,7,673.303597
1.96,4,673.30496
3.91,9,673.307883
3.92,8,673.311073
1.93,7,673.715348
3.92,8,673.71814
3.93,7,673.721195
5.85,15,673.726922
5.85,15,673.732302
1.94,6,673.734857
3.87,13,673.739656
3.92,8,673.742313
3.92,8,673.745622
1.93,7,673.747894
3.91,9,673.750766
1.96,4,673.752102
3.92,8,673.755296
3.92,8,673.75798
1.93,7,673.760276
3.9,10,674.050165
1.93,7,674.052531
5.85,15,674.058404
1.96,4,674.059888
1.96,4,674.061277
3.91,9,674.064214
1.96,4,674.065582
1.96,4,674.067063
1.94,6,674.069484
1.94,6,674.071562
1.93,7,674.073847
5.84,16,674.079885
3.92,8,674.082585
1.93,7,674.084878
5.84,16,674.090521
3.9,10,674.395725
3.9,10,674.400315
1.94,6,674.402952
3.93,7,674.40587
3.89,11,674.410049
3.92,8,674.413539
1.96,4,674.415207
3.92,8,674.418481
3.91,9,674.422469
1.96,4,674.423908
13.79,21,674.43171
1.94,6,674.433743
13.81,19,674.440206
1.96,4,674.441645
13.78,22,674.808365
3.92,8,674.811069
3.92,8,674.814778
1.93,7,674.817754
1.93,7,674.820726
3.93,7,674.823687
1.96,4,674.825176
5.85,15,674.830652
3.92,8,674.833846
1.96,4,674.835595
13.82,18,674.841308
5.84,16,674.847239
13.83,17,675.149424
13.8,20,675.156971
13.81,19,675.164299
1.93,7,675.166885
1.93,7,675.169516
1.93,7,675.17201
3.89,11,675.176031
3.88,12,675.180956
1.93,7,675.183589
-0.01,1,675.184046
1.93,7,675.186346
1.93,7,675.188605
3.89,11,675.192605
13.78,22,675.532761
3.92,8,675.535436
1.96,4,675.537103
5.84,16,675.542874
3.93,7,675.546032
13.83,17,675.5523
3.92,8,675.555859
-0.01,1,675.556512
1.93,7,675.559393
-0.01,1,675.559859
1.96,4,675.561589
5.84,16,675.567151
1.96,4,675.568744
1.96,4,675.570136
1.96,4,675.571509
13.82,18,675.890038
5.86,14,675.894564
5.87,13,675.899119
5.89,11,675.902746
-0.01,1,675.903607
5.89,11,675.907786
3.9,10,675.911815
3.91,9,675.915225
3.92,8,675.918403
13.81,19,675.92506
5.83,17,675.931735
3.92,8,675.934409
5.8,20,676.260751
3.9,10,676.265142
13.7,30,676.276105
1.93,7,676.278498
3.93,7,676.280806
5.75,25,676.289475
5.8,20,676.296584
13.81,19,676.773621
5.81,19,676.780974
1.93,7,676.783449
5.83,17,676.790183
5.82,18,676.796616
3.87,13,676.801313
1.96,4,676.803194
1.93,7,676.805761
3.9,10,676.809014
1.96,4,676.810782
13.84,16,676.816267
1.96,4,677.139256
13.8,20,677.146486
5.84,16,677.152556
5.82,18,677.159181
3.93,7,677.161989
1.94,6,677.16407
13.8,20,677.171049
5.85,15,677.175852
1.96,4,677.177208
5.85,15,677.182323
1.93,7,677.514864
5.85,15,677.520996
-0.01,1,677.521591
3.89,11,677.525338
5.84,16,677.532185
3.92,8,677.53547
3.91,9,677.539452
13.82,18,677.546622
5.89,11,677.550213
3.88,12,677.55401
3.93,7,677.557331
3.9,10,677.560606
5.83,17,677.878469
13.83,17,677.884071
3.92,8,677.887239
3.92,8,677.890096
3.92,8,677.892769
3.91,9,677.895895
3.92,8,677.898754
3.92,8,677.901373
3.92,8,677.904318
3.92,8,677.907402
3.92,8,677.910104
13.81,19,677.916579
1.96,4,677.918012
2.94,6,677.921105
3.92,8,678.256307
3.92,8,678.258994
1.94,6,678.260969
13.81,19,678.267892
5.84,16,678.273983
1.96,4,678.27552
5.82,18,678.281816
1.96,4,678.283579
3.89,11,678.28767
3.91,9,678.29061
13.82,18,678.297737
5.82,18,678.623659
5.82,18,678.62978
3.89,11,678.633849
5.88,12,678.63807
1.96,4,678.639884
3.92,8,678.64306
5.82,18,678.649223
3.91,9,678.652715
4.88,12,678.657029
3.88,12,678.661472
1.96,4,678.662987
1.93,7,678.665314
13.82,18,678.976701
1.96,4,678.978756
3.91,9,678.982385
5.84,16,678.988584
5.82,18,678.99543
3.89,11,678.998996
3.92,8,679.001902
3.92,8,679.005264
3.92,8,679.007982
13.81,19,679.01459
3.92,8,679.017208
5.83,17,679.333115
3.89,11,679.337738
1.93,7,679.340697
3.92,8,679.343468
1.96,4,679.345192
3.92,8,679.34793
5.85,15,679.353662
1.96,4,679.355142
13.8,20,679.362561
3.9,10,679.365839
3.92,8,679.368659
3.91,9,679.371986
3.93,7,679.374293
13.81,19,679.725738
3.93,7,679.729623
3.93,7,679.732282
13.83,17,679.739324
5.85,15,679.746816
3.92,8,679.749661
13.82,18,679.757405
5.8,20,679.765012
3.92,8,679.767703
5.85,15,680.12693
1.96,4,680.129135
3.84,16,680.134329
3.92,8,680.138853
3.93,7,680.141642
1.93,7,680.144049
3.93,7,680.146792
1.93,7,680.149096
13.84,16,680.154886
1.94,6,680.156888
3.93,7,680.159129
3.92,8,680.161914
1.93,7,680.164861
1.96,4,680.166377
3.89,11,680.171678
13.81,19,680.50344
1.94,6,680.506724
1.96,4,680.508932
3.92,8,680.513529
1.96,4,680.516013
5.89,11,680.5201
5.8,20,680.528485
13.73,27,680.541185
5.84,16,680.547276
3.92,8,680.550924
1.96,4,680.55236
1.94,6,680.556916
3.9,10,680.996808
1.93,7,680.99945
1.93,7,681.001778
3.93,7,681.004962
3.9,10,681.008357
5.84,16,681.014016
5.84,16,681.019214
3.92,8,681.022322
13.77,23,681.031223
13.8,20,681.03908
1.93,7,681.041487
3.92,8,681.491223
3.92,8,681.494312
3.93,7,681.497687
13.78,22,681.506744
5.75,25,681.516798
5.77,23,681.525554
3.85,15,681.531314
1.93,7,681.533676
5.83,17,681.953787
5.84,16,681.960154
3.93,7,681.963547
3.89,11,681.967158
1.96,4,681.96852
3.92,8,681.971455
5.84,16,681.977271
3.92,8,681.98031
3.89,11,681.984242
13.79,21,681.991751
3.92,8,681.995214
1.96,4,681.996717
3.9,10,681.999959
3.88,12,682.364878
5.81,19,682.37153
1.96,4,682.373144
5.81,19,682.379504
3.88,12,682.384141
3.9,10,682.388827
3.91,9,682.392688
13.81,19,682.399396
1.93,7,682.402373
1.94,6,682.405206
3.87,13,682.409511
5.89,11,682.755717
3.92,8,682.758706
5.8,20,682.765925
3.91,9,682.768912
3.91,9,682.772732
1.93,7,682.775192
3.93,7,682.777643
3.92,8,682.780642
3.93,7,682.782992
1.96,4,682.784358
5.81,19,682.792955
5.82,18,682.800526
3.87,13,683.195737
3.93,7,683.199121
1.93,7,683.202338
13.8,20,683.211129
13.81,19,683.218925
3.91,9,683.222693
5.83,17,683.228929
3.92,8,683.232474
3.92,8,683.235361
13.82,18,683.242985
13.79,21,683.606327
5.79,21,683.616886
3.87,13,683.622341
13.72,28,683.633739
3.92,8,683.638017
3.86,14,683.643612
5.84,16,683.64959
1.93,7,683.652552
3.91,9,684.09266
1.93,7,684.095321
1.93,7,684.097685
3.89,11,684.10191
3.92,8,684.105447
1.93,7,684.107887
3.89,11,684.113363
3.89,11,684.117014
1.93,7,684.119337
3.87,13,684.124172
3.92,8,684.126849
1.93,7,684.130211
1.96,4,684.132451
13.69,31,684.531844
1.96,4,684.533297
1.93,7,684.535598
3.91,9,684.539217
1.96,4,684.540603
5.83,17,684.547629
5.84,16,684.55439
3.89,11,684.559318
13.73,27,684.571397
5.85,15,684.576355
1.93,7,684.579725
3.87,13,685.058956
13.77,23,685.068249
1.93,7,685.071475
3.87,13,685.076315
13.83,17,685.082683
3.92,8,685.085392
3.93,7,685.089015
3.86,14,685.093586
5.83,17,685.10022
3.92,8,685.103482
1.93,7,685.537057
5.81,19,685.544513
5.85,15,685.552312
13.81,19,685.560241
1.93,7,685.563251
3.86,14,685.568456
3.84,16,685.574577
3.92,8,685.577268
1.96,4,685.579743
3.9,10,685.583248
1.93,7,685.585631
1.93,7,685.930956
5.84,16,685.936303
1.96,4,685.937948
1.96,4,685.939706
1.96,4,685.941665
1.96,4,685.943174
3.89,11,685.94713
3.88,12,685.951516
3.9,10,685.955182
5.77,23,685.963143
5.8,20,685.970327
13.83,17,685.976191
3.85,15,686.379383
13.79,21,686.387716
3.84,16,686.393135
3.87,13,686.398282
5.83,17,686.404028
13.7,30,686.415081
5.85,15,686.421884
3.87,13,686.893762
1.96,4,686.895818
1.93,7,686.898341
1.94,6,686.900886
1.94,6,686.903579
3.93,7,686.90623
3.89,11,686.91029
13.84,16,686.915932
5.83,17,686.922187
5.89,11,686.925901
13.83,17,686.932459
3.86,14,686.93841
1.96,4,687.250232
1.96,4,687.251712
3.87,13,687.256363
3.89,11,687.260674
5.89,11,687.264817
3.92,8,687.267495
3.92,8,687.270868
1.96,4,687.272273
5.84,16,687.277374
1.94,6,687.279669
1.96,4,687.281043
5.83,17,687.286395
13.78,22,687.294089
5.81,19,687.683727
1.93,7,687.686791
13.86,14,687.691663
1.93,7,687.694413
1.93,7,687.696889
1.94,6,687.698875
5.82,18,687.704937
3.89,11,687.709104
1.93,7,687.711998
1.96,4,687.713451
13.78,22,687.720257
1.94,6,687.722786
1.96,4,688.09533
5.89,11,688.099052
3.89,11,688.102934
3.9,10,688.106932
1.96,4,688.108357
1.96,4,688.109775
1.96,4,688.111591
13.8,20,688.118743
13.8,20,688.126025
13.81,19,688.132703
1.93,7,688.135652
1.96,4,688.137089
1.93,7,688.139379
1.94,6,688.481222
5.84,16,688.486566
1.96,4,688.487987
13.78,22,688.496315
1.96,4,688.497809
13.82,18,688.504471
1.93,7,688.507173
5.84,16,688.513285
1.93,7,688.515614
13.78,22,688.523138
5.83,17,688.90412
3.92,8,688.90688
1.93,7,688.909137
1.96,4,688.910904
1.96,4,688.912764
1.96,4,688.914183
1.93,7,688.916477
3.9,10,688.919674
3.9,10,688.923475
1.96,4,688.924939
1.94,6,688.927386
3.92,8,688.930274
5.81,19,688.937454
3.93,7,688.939953
5.83,17,688.946221
3.93,7,689.284104
3.92,8,689.28699
13.79,21,689.296632
1.93,7,689.2992
1.93,7,689.301598
3.89,11,689.306385
13.83,17,689.312681
5.77,23,689.320637
1.96,4,689.322086
3.91,9,689.324977
1.93,7,689.327231
1.94,6,689.329863
3.89,11,689.720278
1.93,7,689.72376
1.95,5,689.725577
1.95,5,689.72732
3.92,8,689.730936
13.79,21,689.73904
3.92,8,689.741876
1.94,6,689.743976
3.93,7,689.746331
5.83,17,689.752285
3.91,9,689.755957
3.89,11,689.759848
3.93,7,689.763283
1.94,6,689.765398
3.92,8,690.134265
3.91,9,690.138168
5.84,16,690.14393
1.93,7,690.146817
3.87,13,690.150987
3.82,18,690.157193
1.93,7,690.159922
1.96,4,690.161739
5.77,23,690.170168
1.96,4,690.171733
3.93,7,690.174448
1.94,6,690.176631
1.96,4,690.178595
3.92,8,690.181319
5.85,15,690.566469
13.81,19,690.573239
13.78,22,690.581265
3.93,7,690.584032
5.75,25,690.593395
1.94,6,690.595888
5.82,18,690.601756
3.88,12,690.606682
1.93,7,690.987339
1.96,4,690.988874
3.86,14,690.993335
3.89,11,690.9975
3.9,10,691.000752
3.88,12,691.004605
5.83,17,691.010712
5.85,15,691.016607
1.96,4,691.018101
1.94,6,691.020127
1.95,5,691.021807
3.93,7,691.02438
13.81,19,691.031383
1.93,7,691.355968
3.83,17,691.361469
5.82,18,691.368003
3.86,14,691.372931
5.81,19,691.380099
13.79,21,691.387258
5.82,18,691.393262
5.82,18,691.744828
5.81,19,691.751337
1.96,4,691.75325
3.93,7,691.755919
1.93,7,691.758251
3.82,18,691.764785
5.76,24,691.774071
1.96,4,691.775517
3.87,13,691.780984
5.77,23,691.790032
0.0,100,692.217452
5.67,33,692.229042
1.96,4,693.029751
3.92,8,693.03265
3.92,8,693.035296
3.93,7,693.038252
3.87,13,693.042421
1.96,4,693.043808
3.88,12,693.047668
0.0,100,693.993045
0.0,100,694.025971
3.83,17,694.817469
1.96,4,694.818914
5.2,80,694.847607
1.93,7,694.850052
13.56,44,695.618724
1.96,4,695.621167
0.0,100,695.658723
1.93,7,696.543728
3.93,7,696.547167
3.9,10,696.550567
3.92,8,696.553753
3.92,8,696.556491
1.96,4,696.557858
1.93,7,696.56051
1.96,4,696.562571
1.93,7,696.564952
1.93,7,696.567237
5.83,17,696.573477
1.96,4,696.574922
1.93,7,696.577282
3.93,7,696.580387
1.96,4,696.58182
3.8,20,696.588788
5.66,34,696.961729
3.85,15,696.966773
1.93,7,696.969318
3.87,13,696.97378
5.81,19,696.980629
1.96,4,696.982144
1.96,4,696.983554
3.85,15,696.988833
3.84,16,696.994853
5.65,35,697.50275
3.92,8,697.505457
3.89,11,697.509762
3.9,10,697.514044
3.92,8,697.516741
13.83,17,697.522807
3.87,13,697.527052
5.82,18,697.533785
1.94,6,697.535912
1.94,6,697.989654
3.86,14,697.994571
3.93,7,697.9975
13.81,19,698.004173
13.83,17,698.010008
5.75,25,698.01825
1.93,7,698.021051
1.96,4,698.022461
1.94,6,698.024491
1.94,6,698.026644
13.81,19,698.032861
13.78,22,698.431676
5.85,15,698.43741
5.82,18,698.443203
13.79,21,698.450871
3.92,8,698.454102
3.93,7,698.456823
13.8,20,698.4641
3.93,7,698.466709
1.96,4,698.468103
3.93,7,698.471244
1.96,4,698.813069
3.93,7,698.815781
13.79,21,698.823274
5.84,16,698.828774
5.78,22,698.836147
1.96,4,698.837668
3.93,7,698.840709
3.93,7,698.84341
13.79,21,698.851283
5.84,16,698.857426
13.81,19,699.222657
13.8,20,699.229731
3.86,14,699.234176
3.88,12,699.238903
3.83,17,699.244994
3.86,14,699.250205
3.93,7,699.252878
5.8,20,699.259621
1.96,4,699.261016
13.78,22,699.59058
13.74,26,699.599819
13.78,22,699.607162
3.93,7,699.609471
3.86,14,699.614657
3.92,8,699.617475
3.92,8,699.620487
3.86,14,699.625438
1.96,4,699.626896
5.88,12,700.044913
3.91,9,700.048144
5.82,18,700.054775
5.84,16,700.059942
1.93,7,700.062736
3.89,11,700.066698
1.96,4,700.068091
5.8,20,700.075797
3.91,9,700.079676
5.81,19,700.086309
5.83,17,700.418164
3.93,7,700.42075
5.89,11,700.424266
1.93,7,700.427116
5.85,15,700.432252
3.9,10,700.435996
13.77,23,700.444007
1.93,7,700.447042
13.79,21,700.453596
13.78,22,700.461536
3.85,15,700.828434
13.78,22,700.836191
1.96,4,700.837662
13.78,22,700.845593
3.9,10,700.84895
5.85,15,700.854464
3.92,8,700.857081
1.93,7,700.859336
3.85,15,700.865301
1.95,5,700.867038
5.81,19,701.235199
5.8,20,701.242244
1.96,4,701.243704
3.9,10,701.247314
3.91,9,701.25062
3.93,7,701.253382
1.96,4,701.254779
1.93,7,701.257033
1.96,4,701.258368
1.96,4,701.260068
13.81,19,701.266909
13.82,18,701.274138
13.73,27,701.619425
13.82,18,701.626248
3.88,12,701.630147
5.76,24,701.637615
3.9,10,701.641022
3.92,8,701.643643
1.94,6,701.645594
1.96,4,701.646961
3.92,8,701.650143
5.81,19,701.656728
5.84,16,702.07536
3.89,11,702.079728
13.83,17,702.08537
3.89,11,702.090191
1.94,6,702.092364
3.89,11,702.096493
3.86,14,702.101509
3.92,8,702.104578
3.92,8,702.107283
5.8,20,702.114872
1.96,4,702.116262
1.94,6,702.445546
3.92,8,702.448294
3.92,8,702.45094
1.96,4,702.452331
5.83,17,702.458396
5.8,20,702.46514
1.96,4,702.466582
13.78,22,702.474667
3.89,11,702.478289
1.92,8,702.481337
3.92,8,702.484332
3.93,7,702.487131
3.89,11,702.910907
1.93,7,702.914261
1.93,7,702.916845
1.93,7,702.919198
3.87,13,702.924785
13.78,22,702.932939
5.83,17,702.938771
3.92,8,702.941942
5.83,17,702.947355
1.95,5,702.949036
3.93,7,702.951839
1.93,7,702.954863
3.87,13,703.340207
13.82,18,703.346936
1.93,7,703.349349
13.73,27,703.359118
1.94,6,703.362969
1.93,7,703.365409
13.81,19,703.372673
3.89,11,703.376227
3.92,8,703.380075
1.94,6,703.382363
3.91,9,703.385574
1.94,6,703.814112
1.96,4,703.815615
3.85,15,703.820738
13.8,20,703.828279
5.85,15,703.833601
1.93,7,703.836087
13.81,19,703.84299
13.76,24,703.851015
13.82,18,703.857111
3.93,7,704.232503
13.8,20,704.241829
5.83,17,704.248152
1.94,6,704.250215
3.89,11,704.255041
1.93,7,704.257518
5.85,15,704.262965
1.96,4,704.264373
1.93,7,704.266656
13.79,21,704.274106
3.9,10,704.27734
3.89,11,704.623334
3.92,8,704.626446
13.81,19,704.633239
3.85,15,704.638183
5.82,18,704.645229
3.9,10,704.648655
5.84,16,704.656392
3.89,11,704.660091
1.93,7,704.663343
1.96,4,704.664852
1.96,4,704.666243
3.87,13,704.993436
13.8,20,705.000649
3.89,11,705.004652
1.96,4,705.00608
3.93,7,705.008528
13.78,22,705.016351
5.83,17,705.021733
1.96,4,705.023495
1.96,4,705.024992
3.92,8,705.027616
1.93,7,705.029883
5.83,17,705.035652
1.93,7,705.403393
3.92,8,705.406438
5.75,25,705.414799
1.94,6,705.416857
13.8,20,705.424139
3.92,8,705.426847
3.85,15,705.431596
1.96,4,705.433
5.84,16,705.438878
1.93,7,705.441271
1.93,7,705.443789
3.9,10,705.447265
1.96,4,705.83573
3.92,8,705.838436
5.82,18,705.844796
3.93,7,705.847311
1.94,6,705.849295
13.77,23,705.856984
3.93,7,705.859394
1.94,6,705.861892
3.92,8,705.865067
3.92,8,705.86782
3.93,7,705.87051
1.96,4,705.871939
5.8,20,705.879529
3.91,9,706.252119
3.86,14,706.257112
3.89,11,706.261304
3.88,12,706.265258
1.96,4,706.266756
5.79,21,706.274243
13.79,21,706.281667
1.96,4,706.283141
5.86,14,706.288773
1.96,4,706.290754
3.88,12,706.295451
1.96,4,706.297084
5.84,16,706.657898
5.85,15,706.663306
3.92,8,706.665942
5.83,17,706.67184
1.93,7,706.674569
3.9,10,706.678241
13.75,25,706.687274
3.84,16,706.692728
5.82,18,707.065866
3.9,10,707.069228
3.88,12,707.073116
5.81,19,707.079812
3.9,10,707.083475
1.96,4,707.08518
1.96,4,707.086594
5.81,19,707.09289
5.76,24,707.101246
1.96,4,707.102621
5.75,25,707.478478
3.93,7,707.481146
1.93,7,707.483468
5.84,16,707.48944
5.8,20,707.496092
1.93,7,707.498486
1.94,6,707.500814
3.93,7,707.503301
5.84,16,707.508878
5.74,26,707.518072
1.94,6,707.520732
1.96,4,707.522725
13.79,21,707.920542
5.64,36,707.934662
1.96,4,707.936141
3.92,8,707.939448
5.85,15,707.946341
3.92,8,707.949094
3.89,11,707.953474
3.88,12,707.957862
13.79,21,708.49462
13.72,28,708.507966
3.82,18,708.514953
3.9,10,708.518241
1.96,4,708.520283
3.88,12,708.525475
1.93,7,708.527929
3.92,8,708.532136
3.84,16,708.538975
13.81,19,709.068987
3.93,7,709.07267
13.77,23,709.081604
1.96,4,709.083066
3.84,16,709.08961
1.96,4,709.091235
3.91,9,709.094267
1.96,4,709.096611
1.96,4,709.098045
1.94,6,709.100015
3.89,11,709.104533
3.93,7,709.106927
13.82,18,709.113926
1.96,4,709.115402
3.92,8,709.11805
13.82,18,709.566052
3.93,7,709.57861
3.92,8,709.584739
3.93,7,709.588318
1.93,7,709.591403
13.83,17,709.599325
13.78,22,709.609006
13.83,17,709.61593
1.96,4,709.617369
3.91,9,709.621735
13.8,20,709.999063
1.96,4,710.000523
1.95,5,710.002223
1.96,4,710.004566
3.93,7,710.007387
3.9,10,710.010721
1.95,5,710.013084
3.93,7,710.015561
13.79,21,710.023782
1.96,4,710.025158
1.96,4,710.02689
1.96,4,710.028695
1.96,4,710.030113
5.81,19,710.036271
5.75,25,710.514405
5.8,20,710.521914
3.83,17,710.528406
13.82,18,710.534727
13.82,18,710.541168
13.69,31,710.55245
5.81,19,710.559512
1.93,7,711.040343
1.93,7,711.042758
5.82,18,711.048494
3.91,9,711.05211
3.93,7,711.054908
1.96,4,711.056358
1.93,7,711.058694
1.96,4,711.060665
3.86,14,711.066221
3.92,8,711.068892
1.95,5,711.071584
5.81,19,711.077735
3.93,7,711.081359
3.85,15,711.086889
1.95,5,711.434679
3.92,8,711.437758
5.83,17,711.443756
3.92,8,711.447379
13.82,18,711.45407
3.9,10,711.457337
1.94,6,711.459306
1.93,7,711.461884
13.82,18,711.46821
3.85,15,711.474162
5.79,21,711.785479
13.78,22,711.793201
1.96,4,711.795435
1.96,4,711.796895
3.85,15,711.8017
5.74,26,711.810492
5.83,17,711.817286
13.82,18,711.823942
1.96,4,711.825408
1.96,4,711.826845
13.79,21,712.241629
3.88,12,712.245653
3.91,9,712.249143
13.78,22,712.256692
1.96,4,712.25816
1.96,4,712.259576
3.89,11,712.263079
3.93,7,712.265793
13.73,27,712.274973
3.9,10,712.278549
3.93,7,712.281039
3.93,7,712.68414
5.82,18,712.690057
3.93,7,712.693003
5.86,14,712.698071
1.95,5,712.699807
1.93,7,712.702087
1.93,7,712.704339
3.93,7,712.706972
3.92,8,712.709744
3.86,14,712.714192
1.94,6,712.716507
3.88,12,712.721416
5.85,15,712.726374
3.93,7,713.036797
5.9,10,713.040451
3.88,12,713.044322
3.93,7,713.047396
13.79,21,713.055152
13.8,20,713.063396
-0.01,1,713.063909
1.94,6,713.06622
3.88,12,713.070666
3.93,7,713.073018
1.96,4,713.074374
1.93,7,713.077129
1.96,4,713.079658
1.94,6,713.081723
3.88,12,713.47272
3.9,10,713.476077
13.73,27,713.485712
1.94,6,713.488413
3.92,8,713.491171
5.85,15,713.497521
1.93,7,713.500019
3.85,15,713.505279
1.96,4,713.506844
5.77,23,713.515462
1.93,7,713.518265
3.9,10,713.953774
1.96,4,713.955361
1.96,4,713.956755
3.93,7,713.959038
3.92,8,713.961612
5.85,15,713.966865
5.82,18,713.972805
13.69,31,713.98382
1.93,7,713.986578
13.79,21,713.993947
5.89,11,714.46116
1.96,4,714.46351
1.96,4,714.465025
1.93,7,714.467316
3.85,15,714.472833
1.93,7,714.475307
3.9,10,714.4786
1.96,4,714.479971
3.9,10,714.48319
3.86,14,714.488843
13.78,22,714.496618
3.89,11,714.500172
3.92,8,714.502762
3.88,12,714.866083
1.93,7,714.86894
5.8,20,714.87645
5.84,16,714.88247
1.93,7,714.885591
3.85,15,714.891737
3.86,14,714.898057
1.95,5,714.899947
3.89,11,714.904816
13.81,19,714.911668
1.96,4,714.913524
3.89,11,715.248881
5.8,20,715.255276
3.87,13,715.259615
1.96,4,715.260976
3.9,10,715.264143
1.93,7,715.266971
5.82,18,715.273036
3.83,17,715.278721
1.93,7,715.28108
1.96,4,715.283216
3.89,11,715.28731
5.8,20,715.67564
1.96,4,715.677114
1.96,4,715.678924
5.89,11,715.683355
3.92,8,715.686432
3.93,7,715.689113
4.85,15,715.694907
13.78,22,715.702712
1.96,4,715.708133
1.93,7,715.714262
5.82,18,715.722322
1.96,4,715.723757
1.93,7,715.726034
3.92,8,716.074118
1.93,7,716.076619
3.92,8,716.080165
1.96,4,716.081563
1.96,4,716.083262
13.79,21,716.092722
5.81,19,716.099491
3.88,12,716.103912
1.93,7,716.106689
5.81,19,716.114437
3.9,10,716.117817
1.93,7,716.120559
3.87,13,716.477121
3.9,10,716.48046
13.82,18,716.486967
5.78,22,716.494157
3.87,13,716.499244
13.78,22,716.507261
5.88,12,716.511299
3.92,8,716.513911
5.83,17,716.52004
3.9,10,716.880731
3.9,10,716.884042
1.94,6,716.886026
1.95,5,716.888283
1.93,7,716.890655
5.84,16,716.895728
1.96,4,716.897481
3.89,11,716.901314
13.75,25,716.910145
13.78,22,716.917704
1.94,6,716.919973
3.85,15,717.32377
13.82,18,717.329755
1.96,4,717.331728
13.76,24,717.340489
3.93,7,717.343137
1.93,7,717.345756
1.94,6,717.3487
1.96,4,717.350178
1.96,4,717.351575
1.93,7,717.354308
3.92,8,717.357411
13.78,22,717.364815
1.96,4,717.366249
13.79,21,717.759137
3.92,8,717.761788
3.88,12,717.765991
3.86,14,717.770508
1.96,4,717.771901
13.76,24,717.781048
3.92,8,717.78404
3.88,12,717.788579
5.75,25,717.79689
13.7,30,718.199684
3.92,8,718.203216
13.76,24,718.212293
3.9,10,718.21591
5.89,11,718.219494
13.78,22,718.226947
5.89,11,718.231109
3.83,17,718.237401
5.82,18,718.652324
5.83,17,718.658927
1.94,6,718.661523
1.94,6,718.663646
3.92,8,718.666582
3.91,9,718.670378
3.83,17,718.676187
13.7,30,718.686728
1.96,4,718.68821
3.92,8,718.690857
5.77,23,719.164895
5.84,16,719.171121
5.76,24,719.179421
3.87,13,719.183636
13.8,20,719.190555
5.84,16,719.196011
3.88,12,719.20043
1.93,7,719.203083
13.78,22,719.597412
5.85,15,719.605088
5.81,19,719.613162
13.78,22,719.621046
13.82,18,719.62679
3.89,11,719.631355
3.89,11,719.635577
1.94,6,719.637675
1.96,4,719.639098
1.96,4,720.026355
3.92,8,720.02984
3.9,10,720.033131
5.82,18,720.039578
3.85,15,720.044307
3.82,18,720.050117
3.78,22,720.058347
5.84,16,720.066182
13.82,18,720.073437
3.9,10,720.43325
5.83,17,720.440364
5.82,18,720.447096
3.86,14,720.452157
3.93,7,720.455321
5.81,19,720.462405
5.84,16,720.467696
3.89,11,720.471957
5.89,11,720.475742
5.73,27,720.794958
1.94,6,720.7975
3.9,10,720.800816
5.81,19,720.807743
5.82,18,720.814174
3.85,15,720.819178
3.86,14,720.824727
3.92,8,720.827432
1.93,7,720.830436
1.95,5,720.832201
1.96,4,720.833791
3.91,9,721.162674
5.77,23,721.171198
3.88,12,721.175951
3.92,8,721.178658
13.79,21,721.185707
3.7,30,721.196239
1.96,4,721.197677
3.76,24,721.617512
3.93,7,721.620114
3.84,16,721.625411
1.93,7,721.62869
5.75,25,721.637141
3.89,11,721.640899
3.88,12,721.644882
3.85,15,721.650478
5.81,19,721.657857
5.75,25,722.03713
1.93,7,722.03952
1.93,7,722.042396
5.64,36,722.055138
3.86,14,722.059703
13.71,29,722.071678
3.9,10,722.075403
3.86,14,722.080732
1.96,4,722.604978
5.74,26,722.614247
13.8,20,722.621464
13.82,18,722.628293
3.9,10,722.631696
5.83,17,722.637995
3.73,27,722.646993
1.96,4,722.648439
3.92,8,723.067016
13.81,19,723.074002
1.96,4,723.076048
1.94,6,723.078468
5.73,27,723.088198
3.92,8,723.091104
3.87,13,723.095243
1.96,4,723.096595
3.84,16,723.102081
3.9,10,723.105679
1.93,7,723.107955
3.9,10,723.502588
1.96,4,723.505633
1.94,6,723.508212
3.85,15,723.513947
3.9,10,723.517417
3.93,7,723.519988
13.72,28,723.530481
3.9,10,723.534187
3.89,11,723.53893
3.92,8,723.541628
5.83,17,723.548176
3.93,7,723.550517
1.93,7,723.993922
1.96,4,723.996475
3.89,11,724.000309
5.83,17,724.006595
1.93,7,724.008925
3.89,11,724.012857
3.86,14,724.017426
3.92,8,724.020401
3.92,8,724.023151
1.94,6,724.025137
3.86,14,724.030501
3.92,8,724.033334
1.96,4,724.034713
1.94,6,724.0373
1.96,4,724.038801
5.8,20,724.353767
5.82,18,724.359943
1.93,7,724.362491
13.79,21,724.369977
3.89,11,724.373871
13.8,20,724.380595
1.93,7,724.383133
5.84,16,724.388633
5.79,21,724.733713
3.85,15,724.738521
1.94,6,724.740995
1.93,7,724.74371
3.88,12,724.74812
1.96,4,724.749679
3.89,11,724.754066
1.93,7,724.756511
3.92,8,724.759117
1.96,4,724.760857
3.93,7,724.763628
13.79,21,724.770445
5.74,26,725.120642
1.93,7,725.123585
5.8,20,725.131379
3.76,24,725.140056
13.72,28,725.150133
3.92,8,725.153089
3.67,33,725.528812
13.81,19,725.535094
3.86,14,725.54003
3.87,13,725.5442
3.89,11,725.549082
13.81,19,725.556174
1.96,4,725.557632
3.89,11,725.561147
3.89,11,725.565241
3.88,12,725.569128
3.9,10,725.573015
13.7,30,725.895484
13.81,19,725.903095
3.92,8,725.905734
13.77,23,725.913721
5.65,35,725.925087
13.79,21,726.338941
3.85,15,726.343836
13.73,27,726.353045
13.68,32,726.365401
1.93,7,726.368041
1.93,7,726.370759
5.83,17,726.37681
1.93,7,726.379126
3.89,11,726.793993
3.93,7,726.797816
5.76,24,726.80698
13.77,23,726.814688
5.8,20,726.821689
3.86,14,726.826171
3.84,16,726.831877
13.71,29,727.212097
13.78,22,727.22019
3.92,8,727.223014
3.9,10,727.226339
5.85,15,727.231508
13.79,21,727.238095
3.93,7,727.240642
1.94,6,727.242656
1.94,6,727.244608
3.92,8,727.247161
13.8,20,727.60917
3.93,7,727.611923
13.78,22,727.621537
3.84,16,727.627215
3.93,7,727.63047
5.84,16,727.635757
3.9,10,727.639778
3.93,7,727.642112
13.85,15,727.647398
13.69,31,728.090498
5.81,19,728.09739
1.93,7,728.100686
5.84,16,728.10806
3.92,8,728.111124
3.92,8,728.114485
3.92,8,728.117103
1.96,4,728.118444
13.76,24,728.126998
1.94,6,728.129639
5.82,18,728.135964
13.77,23,728.510912
1.94,6,728.513594
3.87,13,728.518342
5.81,19,728.525408
3.84,16,728.53134
1.94,6,728.533385
13.79,21,728.540801
13.76,24,728.549098
5.85,15,728.918485
3.92,8,728.923318
3.92,8,728.926032
1.93,7,728.929196
13.78,22,728.937683
3.92,8,728.940699
1.93,7,728.943412
3.92,8,728.94607
3.89,11,728.949742
3.84,16,728.955333
1.93,7,728.95771
13.77,23,729.312661
13.77,23,729.321028
1.93,7,729.323439
1.93,7,729.32573
1.93,7,729.32813
3.87,13,729.333054
13.79,21,729.340768
3.89,11,729.344554
3.92,8,729.347546
5.84,16,729.353393
13.8,20,729.717389
1.96,4,729.718801
3.9,10,729.7224
3.92,8,729.725664
3.92,8,729.72908
1.96,4,729.730597
3.93,7,729.733013
5.72,28,729.742355
3.92,8,729.745966
3.92,8,729.748598
5.77,23,729.756271
3.92,8,729.758973
1.96,4,730.171487
3.93,7,730.174275
3.89,11,730.178017
13.77,23,730.185534
3.88,12,730.189935
1.93,7,730.19256
3.92,8,730.195216
5.84,16,730.200833
1.96,4,730.202285
3.92,8,730.205366
13.76,24,730.213632
1.96,4,730.215086
1.93,7,730.598392
1.93,7,730.600765
5.82,18,730.607303
13.77,23,730.615267
3.91,9,730.618799
3.9,10,730.622499
3.89,11,730.626433
3.9,10,730.630244
3.9,10,730.633526
3.92,8,730.636771
13.79,21,730.996532
3.77,23,731.004414
3.92,8,731.007059
1.96,4,731.008398
1.96,4,731.009734
3.93,7,731.012212
3.92,8,731.015501
1.94,6,731.017643
1.96,4,731.019037
1.96,4,731.020791
3.86,14,731.025891
1.96,4,731.027357
3.92,8,731.030635
3.85,15,731.035898
1.96,4,731.038046
3.89,11,731.434678
1.96,4,731.436865
5.81,19,731.44319
13.77,23,731.451052
1.96,4,731.452469
1.96,4,731.453828
1.96,4,731.455342
3.9,10,731.458671
3.89,11,731.462544
13.79,21,731.470317
1.93,7,731.472895
3.84,16,731.478407
3.93,7,731.852812
1.94,6,731.85501
5.75,25,731.863882
3.93,7,731.866227
13.81,19,731.872592
3.93,7,731.874879
1.93,7,731.877118
3.89,11,731.880567
3.9,10,731.884452
13.78,22,731.893483
3.86,14,732.287279
3.92,8,732.28998
3.93,7,732.292259
3.92,8,732.295487
5.89,11,732.29949
13.79,21,732.307299
3.93,7,732.309689
1.93,7,732.311981
3.92,8,732.31457
13.79,21,732.322765
3.92,8,732.325891
1.96,4,732.327458
3.92,8,732.330169
1.96,4,732.331594
13.86,14,732.683618
1.96,4,732.685073
1.93,7,732.688155
1.96,4,732.689905
5.88,12,732.693779
3.92,8,732.697828
3.9,10,732.701199
-0.01,1,732.701626
1.96,4,732.702974
1.96,4,732.70437
13.8,20,732.710947
3.85,15,732.716199
5.89,11,732.719889
13.81,19,733.105192
13.75,25,733.11431
1.96,4,733.115753
3.9,10,733.119023
1.96,4,733.121047
3.92,8,733.124121
1.94,6,733.126177
3.92,8,733.129335
13.76,24,733.137803
3.91,9,733.140782
3.89,11,733.145289
3.93,7,733.147694
3.9,10,733.150876
3.93,7,733.57028
3.93,7,733.573157
3.93,7,733.575531
3.92,8,733.579627
5.84,16,733.585874
1.93,7,733.589454
5.85,15,733.595575
1.96,4,733.597065
1.93,7,733.599781
3.92,8,733.602663
5.84,16,733.608803
5.89,11,733.612376
3.92,8,733.614936
3.9,10,733.896926
1.96,4,733.898499
-0.01,1,733.898943
13.77,23,733.907968
5.82,18,733.915313
5.82,18,733.921595
1.93,7,733.923998
3.92,8,733.926599
13.81,19,733.933529
1.95,5,733.935308
3.92,8,733.937926
1.96,4,733.939294
1.93,7,733.941592
1.96,4,734.310993
1.94,6,734.313732
5.83,17,734.319243
1.96,4,734.321044
3.89,11,734.324634
3.93,7,734.326962
1.96,4,734.328307
13.78,22,734.33585
1.93,7,734.338539
3.92,8,734.34163
3.89,11,734.345726
1.96,4,734.347116
3.93,7,734.349377
3.92,8,734.352664
3.93,7,734.355141
1.94,6,734.732779
3.93,7,734.735193
3.92,8,734.737782
13.78,22,734.746173
5.8,20,734.753192
3.91,9,734.756643
3.89,11,734.760214
5.84,16,734.765779
13.79,21,734.77252
1.93,7,734.774877
3.93,7,735.13
13.81,19,735.136358
1.96,4,735.138455
3.85,15,735.143477
1.96,4,735.145405
13.79,21,735.152676
3.92,8,735.155914
13.78,22,735.164224
3.93,7,735.16668
13.79,21,735.175098
3.88,12,735.528816
3.89,11,735.532409
1.93,7,735.534686
1.96,4,735.536049
1.96,4,735.537981
1.94,6,735.540052
3.92,8,735.54264
1.94,6,735.544572
1.93,7,735.54721
3.92,8,735.550068
13.79,21,735.557619
13.72,28,735.567415
13.82,18,735.999202
1.94,6,736.001743
3.93,7,736.004263
13.75,25,736.013932
13.78,22,736.021946
1.96,4,736.023374
3.92,8,736.026377
3.84,16,736.032405
1.96,4,736.033841
1.93,7,736.03633
3.92,8,736.039404
1.94,6,736.041429
3.89,11,736.434089
3.92,8,736.437071
5.81,19,736.443801
1.96,4,736.44527
1.94,6,736.447318
13.8,20,736.454188
1.93,7,736.456728
1.96,4,736.458144
1.96,4,736.459479
3.84,16,736.464901
5.84,16,736.470114
3.92,8,736.472906
1.96,4,736.474383
3.92,8,736.476955
13.8,20,736.822049
3.93,7,736.825405
3.93,7,736.827894
1.93,7,736.830852
13.79,21,736.838326
1.96,4,736.839752
1.96,4,736.841105
1.93,7,736.84341
1.94,6,736.845672
13.77,23,736.853496
13.8,20,736.86035
3.92,8,737.228721
1.94,6,737.231341
3.93,7,737.233683
5.85,15,737.238541
5.88,12,737.243016
3.91,9,737.246543
3.89,11,737.2505
13.83,17,737.256049
1.93,7,737.258358
1.94,6,737.260538
5.89,11,737.264819
3.93,7,737.267144
3.92,8,737.26969
3.93,7,737.272667
1.94,6,737.568356
1.96,4,737.569935
3.93,7,737.572289
3.93,7,737.574605
5.83,17,737.581218
3.92,8,737.583947
1.96,4,737.585321
3.92,8,737.588309
3.92,8,737.590963
13.87,13,737.59559
5.83,17,737.601253
1.96,4,737.602626
3.89,11,737.60612
5.82,18,737.9086
3.92,8,737.911336
1.93,7,737.914068
3.93,7,737.916945
13.77,23,737.925184
1.96,4,737.926742
3.93,7,737.92988
1.93,7,737.932239
1.96,4,737.933579
3.92,8,737.93674
1.96,4,737.938614
1.94,6,737.940628
3.9,10,737.943864
1.93,7,737.946627
1.93,7,737.948977
1.93,7,737.951231
5.83,17,738.351305
3.92,8,738.355487
3.92,8,738.358847
3.92,8,738.362557
13.84,16,738.368674
3.92,8,738.372316
1.93,7,738.374715
1.93,7,738.376984
1.96,4,738.378916
3.93,7,738.381679
3.93,7,738.384222
5.89,11,738.389597
5.84,16,738.395853
13.77,23,738.697365
3.88,12,738.70207
1.96,4,738.704422
5.83,17,738.70989
3.92,8,738.712934
13.86,14,738.717865
3.89,11,738.721947
5.83,17,738.728177
13.75,25,738.736732
13.86,14,739.113912
1.93,7,739.11633
5.82,18,739.122708
3.92,8,739.125467
1.96,4,739.126833
3.92,8,739.130102
3.93,7,739.132864
1.93,7,739.135392
1.93,7,739.13839
13.76,24,739.148009
3.92,8,739.150691
13.77,23,739.160808
5.85,15,739.552479
1.93,7,739.555479
3.93,7,739.558202
3.93,7,739.560592
1.96,4,739.562622
5.81,19,739.56898
-0.01,1,739.569631
3.92,8,739.572662
-0.01,1,739.573127
3.92,8,739.575743
13.82,18,739.582393
1.94,6,739.58445
1.94,6,739.586621
1.94,6,739.589156
-0.01,1,739.589669
13.82,18,739.970285
3.92,8,739.973182
1.96,4,739.974574
3.92,8,739.977168
3.85,15,739.982032
1.94,6,739.984007
3.92,8,739.987236
13.81,19,739.994288
5.82,18,740.000514
13.78,22,740.008339
1.96,4,740.010353
3.88,12,740.014784
1.93,7,740.363024
1.93,7,740.365917
1.93,7,740.368308
13.79,21,740.375381
3.89,11,740.378949
1.94,6,740.381101
1.96,4,740.38303
5.84,16,740.389876
1.96,4,740.39179
5.82,18,740.398748
3.92,8,740.401913
3.93,7,740.404842
3.92,8,740.407616
13.82,18,740.757515
1.93,7,740.759954
3.93,7,740.762827
1.93,7,740.765208
3.92,8,740.767845
13.82,18,740.774762
1.96,4,740.776248
3.92,8,740.778848
1.94,6,740.780816
3.93,7,740.783266
3.84,16,740.788311
13.81,19,740.795145
1.93,7,740.797791
5.81,19,741.124294
3.91,9,741.12754
1.94,6,741.130075
1.94,6,741.132097
1.93,7,741.13436
1.93,7,741.136586
13.87,13,741.141154
1.96,4,741.142824
1.96,4,741.144226
3.89,11,741.148336
3.89,11,741.151907
3.92,8,741.154479
1.94,6,741.156565
5.86,14,741.161789
5.82,18,741.460437
1.96,4,741.461864
1.93,7,741.464614
3.93,7,741.46709
1.94,6,741.469069
1.93,7,741.471341
5.81,19,741.47753
13.82,18,741.483986
13.78,22,741.491998
3.92,8,741.495052
1.96,4,741.497029
1.93,7,741.499349
13.78,22,741.860795
1.93,7,741.863205
3.91,9,741.866758
1.93,7,741.869174
13.8,20,741.876541
1.94,6,741.878623
1.93,7,741.881333
1.96,4,741.882801
1.93,7,741.885414
3.93,7,741.887802
5.84,16,741.893159
1.94,6,741.895446
3.93,7,741.897743
1.93,7,741.900027
1.94,6,742.232271
1.93,7,742.234653
5.85,15,742.239328
13.79,21,742.247674
5.82,18,742.253477
1.93,7,742.255749
5.83,17,742.261559
1.94,6,742.26366
5.83,17,742.269496
3.92,8,742.272211
13.8,20,742.611448
3.92,8,742.614135
3.92,8,742.617199
1.93,7,742.619987
1.96,4,742.621719
1.96,4,742.623124
5.8,20,742.630325
1.94,6,742.632405
1.94,6,742.634406
1.93,7,742.636936
3.9,10,742.640274
3.93,7,742.642552
3.93,7,742.645043
13.78,22,742.653202
13.83,17,743.022778
1.93,7,743.025182
1.94,6,743.027605
3.91,9,743.030587
3.88,12,743.034759
3.85,15,743.040286
1.94,6,743.042283
5.81,19,743.048594
-0.01,1,743.049052
3.92,8,743.051613
3.92,8,743.05435
5.84,16,743.060179
13.78,22,743.381227
1.93,7,743.383576
1.94,6,743.386274
1.94,6,743.38879
5.82,18,743.395304
1.94,6,743.397363
1.94,6,743.399311
1.96,4,743.400635
5.79,21,743.407704
1.94,6,743.410237
3.92,8,743.413546
1.94,6,743.416005
5.81,19,743.774465
13.79,21,743.781141
13.81,19,743.787951
5.81,19,743.794952
1.96,4,743.796383
1.96,4,743.797722
5.82,18,743.80421
1.93,7,743.80669
1.94,6,743.808694
1.96,4,743.810094
1.93,7,743.812373
5.82,18,744.1619
13.79,21,744.168765
1.94,6,744.171237
13.77,23,744.179548
3.93,7,744.182285
1.96,4,744.183752
3.93,7,744.186065
13.83,17,744.191984
5.84,16,744.197437
5.89,11,744.201257
3.93,7,744.203591
3.92,8,744.571262
5.84,16,744.576625
5.83,17,744.582885
1.93,7,744.585356
13.81,19,744.592382
1.96,4,744.593844
1.94,6,744.59621
5.82,18,744.602362
3.93,7,744.605106
13.83,17,744.610949
13.77,23,744.937286
1.93,7,744.93982
3.92,8,744.94242
13.83,17,744.948634
3.93,7,744.950912
1.94,6,744.952842
1.94,6,744.955319
3.87,13,744.959575
1.93,7,744.96227
3.79,21,744.969703
3.93,7,744.972241
5.82,18,744.978966
1.93,7,745.321351
1.93,7,745.323771
1.94,6,745.325803
1.93,7,745.328081
5.83,17,745.334392
3.92,8,745.337185
5.86,14,745.342371
1.93,7,745.344733
5.89,11,745.348254
5.83,17,745.354068
3.93,7,745.356598
3.93,7,745.358966
1.96,4,745.360595
3.84,16,745.666415
3.86,14,745.671086
3.83,17,745.677404
3.92,8,745.680093
5.83,17,745.685701
5.84,16,745.691342
13.79,21,745.699027
5.82,18,745.705535
5.83,17,746.085119
13.76,24,746.094048
3.93,7,746.097296
1.94,6,746.099371
1.96,4,746.100746
3.92,8,746.103868
1.96,4,746.10529
5.89,11,746.108767
1.93,7,746.111005
1.96,4,746.112943
1.96,4,746.114809
1.94,6,746.117091
3.85,15,746.122977
1.94,6,746.12539
1.94,6,746.127522
3.92,8,746.130579
3.93,7,746.546316
3.92,8,746.549184
1.96,4,746.55057
1.94,6,746.552562
1.96,4,746.554804
3.93,7,746.557746
1.96,4,746.559347
13.81,19,746.56669
13.81,19,746.572972
3.93,7,746.576337
1.94,6,746.579621
3.93,7,746.582023
1.93,7,746.584683
13.78,22,746.592288
13.77,23,746.9563
3.93,7,746.95872
13.75,25,746.967851
5.73,27,746.977031
5.83,17,746.983267
1.93,7,746.985688
1.96,4,746.987379
1.96,4,746.988793
1.96,4,746.990473
1.96,4,746.991916
3.92,8,746.994648
1.93,7,747.421646
13.79,21,747.428652
3.91,9,747.432289
13.8,20,747.439221
1.93,7,747.442035
3.88,12,747.447893
1.93,7,747.450448
5.82,18,747.456828
1.96,4,747.458241
3.87,13,747.462362
3.93,7,747.465337
13.8,20,747.821082
1.94,6,747.823512
1.94,6,747.825857
5.78,22,747.833178
5.84,16,747.838988
3.84,16,747.844059
5.89,11,747.847963
1.93,7,747.850726
5.76,24,747.859249
1.94,6,747.861282
13.82,18,748.257901
1.96,4,748.259779
1.96,4,748.261391
5.81,19,748.268514
1.96,4,748.27026
5.81,19,748.276872
1.93,7,748.279718
1.94,6,748.281917
1.93,7,748.284511
1.96,4,748.285908
3.93,7,748.288532
1.96,4,748.289909
1.94,6,748.292002
3.93,7,748.294876
1.96,4,748.296642
5.84,16,748.63956
1.94,6,748.641621
3.9,10,748.645039
3.9,10,748.649019
5.72,28,748.659252
13.81,19,748.665851
3.91,9,748.669191
3.92,8,748.672116
1.93,7,748.674434
3.92,8,748.677408
1.94,6,748.679872
3.89,11,749.075759
3.9,10,749.080021
3.83,17,749.085683
5.83,17,749.093297
5.85,15,749.099289
1.93,7,749.10168
3.92,8,749.10506
3.93,7,749.107888
5.82,18,749.113617
1.93,7,749.115873
1.93,7,749.118483
3.92,8,749.121354
3.9,10,749.420956
3.86,14,749.425606
1.96,4,749.426971
1.93,7,749.429541
1.93,7,749.431838
3.85,15,749.436738
1.96,4,749.438469
1.94,6,749.441186
1.93,7,749.443607
1.93,7,749.446773
3.9,10,749.45052
1.96,4,749.452002
3.92,8,749.45462
5.82,18,749.461383
1.96,4,749.462837
3.93,7,749.465114
1.94,6,749.784879
3.93,7,749.787779
3.93,7,749.790274
1.93,7,749.793132
5.75,25,749.801718
3.92,8,749.805051
5.83,17,749.810446
3.93,7,749.813476
13.79,21,749.8206
1.96,4,749.821993
3.92,8,749.825128
1.93,7,749.827526
13.54,46,750.241215
1.96,4,750.242638
3.87,13,750.247328
3.93,7,750.249643
3.93,7,750.251916
3.87,13,750.257021
13.74,26,750.266146
5.83,17,750.271709
1.93,7,750.840438
1.93,7,750.842818
5.8,20,750.850202
13.71,29,750.860315
1.96,4,750.86235
1.93,7,750.864819
3.9,10,750.868361
1.93,7,750.871266
1.94,6,750.873334
3.93,7,750.875609
3.92,8,750.878953
13.75,25,751.335052
1.96,4,751.336649
3.87,13,751.340843
1.94,6,751.343367
5.82,18,751.350053
1.94,6,751.352341
13.8,20,751.359234
1.96,4,751.360629
1.94,6,751.362955
5.89,11,751.366672
3.9,10,751.369905
13.82,18,751.376025
1.96,4,751.377387
1.94,6,751.709275
1.93,7,751.712267
5.81,19,751.718924
3.93,7,751.722047
1.93,7,751.724368
1.96,4,751.725732
13.76,24,751.734224
5.85,15,751.739518
3.93,7,751.742044
13.74,26,751.751152
1.96,4,751.752626
5.29,71,752.231791
1.93,7,752.23421
0.0,100,752.903166
1.93,7,752.906179
3.93,7,752.908584
0.0,100,753.576139
3.89,11,753.581031
1.93,7,753.583709
3.86,14,753.589513
1.94,6,753.591776
3.9,10,753.59595
13.54,46,753.613366
1.96,4,754.108691
13.73,27,754.118501
13.33,67,754.142744
13.14,86,754.767885
3.91,9,754.771825
13.78,22,754.779851
3.86,14,754.784418
3.85,15,754.789123
13.44,56,755.297069
3.92,8,755.299754
1.96,4,755.301108
1.93,7,755.303698
1.94,6,755.305746
1.93,7,755.307993
1.96,4,755.309317
5.66,34,755.321544
1.93,7,755.323947
1.96,4,755.325327
5.53,47,755.899436
5.81,19,755.906815
3.93,7,755.909399
13.8,20,755.915942
3.92,8,755.918573
5.8,20,755.925802
3.9,10,755.929146
5.81,19,756.477049
3.92,8,756.480382
5.82,18,756.486058
1.94,6,756.488995
3.87,13,756.493707
13.58,42,756.508782
3.88,12,756.513364
3.93,7,756.515684
1.93,7,757.075368
3.93,7,757.077783
1.96,4,757.080061
5.89,11,757.08406
1.94,6,757.086223
3.89,11,757.090495
3.92,8,757.093183
3.92,8,757.095761
13.87,13,757.100727
5.84,16,757.105881
3.92,8,757.109125
3.87,13,757.113339
13.79,21,757.442955
3.88,12,757.448165
3.93,7,757.450558
13.33,67,757.474152
5.69,31,757.485023
1.96,4,757.487196
3.78,22,758.11826
1.96,4,758.120058
1.93,7,758.123149
3.86,14,758.127844
3.93,7,758.130164
1.96,4,758.131754
3.93,7,758.134305
3.9,10,758.137902
3.9,10,758.14122
3.93,7,758.143927
1.96,4,758.145347
5.84,16,758.150699
5.63,37,758.507868
1.96,4,758.5093
13.47,53,758.528361
1.96,4,758.529923
3.9,10,758.534397
1.93,7,758.536839
1.93,7,758.539165
3.92,8,758.541818
3.9,10,758.545855
3.86,14,759.260949
3.91,9,759.264797
3.9,10,759.268595
1.93,7,759.271662
1.93,7,759.274059
1.95,5,759.275721
5.75,25,759.284382
3.93,7,759.286743
1.93,7,759.289385
1.96,4,759.290839
3.93,7,759.293439
1.96,4,759.295374
1.0,100,759.837823
1.96,4,759.839472
3.93,7,759.841779
13.81,19,759.849523
3.9,10,759.853295
1.93,7,759.855951
1.96,4,759.857355
5.75,25,760.751994
3.91,9,760.755743
3.89,11,760.759478
0.0,100,761.523719
1.93,7,761.526688
5.74,26,761.536354
3.93,7,761.539238
1.96,4,761.540688
1.94,6,761.542724
13.68,32,761.554504
1.96,4,761.555947
0.0,100,762.087857
1.96,4,762.089515
3.93,7,762.091834
0.0,100,762.793941
1.96,4,762.795992
0.0,100,763.604973
3.92,8,763.608382
1.93,7,763.610709
1.93,7,763.613858
0.0,100,764.457816
1.9,10,764.463347
1.96,4,764.464907
1.96,4,764.466403
3.93,7,764.468804
1.96,4,764.470925
5.73,27,764.481243
0.0,100,765.191686
3.93,7,765.194532
1.96,4,765.195999
3.9,10,765.199301
1.96,4,765.200977
0.0,100,765.817427
1.96,4,765.819054
3.85,15,765.824195
13.09,91,766.449752
1.96,4,766.451199
1.93,7,766.454279
1.96,4,766.455738
1.96,4,766.457163
3.84,16,766.463708
0.0,100,767.177537
3.79,21,767.185167
1.96,4,767.186614
3.93,7,767.189119
1.94,6,767.191219
5.67,33,767.202255
1.96,4,767.203725
1.88,12,767.208036
1.93,7,767.210669
5.53,47,767.733127
13.58,42,767.749682
5.75,25,767.759536
13.51,49,768.323288
1.93,7,768.326098
1.94,6,768.329576
3.92,8,768.333226
3.93,7,768.336855
3.93,7,768.340124
5.67,33,768.353919
5.37,63,768.853604
3.91,9,768.856996
5.17,83,769.583499
3.91,9,769.587094
5.77,23,769.594611
5.81,19,769.601756
13.77,23,769.610474
1.93,7,769.613652
5.79,21,769.620318
3.93,7,769.622587
1.96,4,769.624201
1.93,7,769.626714
3.9,10,769.996388
5.89,11,770.00025
1.93,7,770.002542
5.73,27,770.012089
3.93,7,770.014711
1.93,7,770.017001
13.83,17,770.023191
1.96,4,770.024764
5.85,15,770.030346
13.87,13,770.034984
5.81,19,770.453449
5.82,18,770.459848
5.81,19,770.467176
3.9,10,770.471082
1.96,4,770.472627
5.83,17,770.478429
3.9,10,770.481972
1.96,4,770.483363
1.96,4,770.484697
1.96,4,770.48602
3.93,7,770.489241
1.94,6,770.491645
1.93,7,770.494008
13.81,19,770.821262
3.92,8,770.824548
3.91,9,770.827609
1.96,4,770.829348
1.96,4,770.830817
1.93,7,770.833108
13.79,21,770.840531
5.85,15,770.845813
1.96,4,770.847326
5.83,17,770.853681
3.9,10,770.857156
3.93,7,770.859774
1.94,6,770.86226
1.96,4,770.863704
3.9,10,771.216336
3.93,7,771.218753
5.83,17,771.225527
13.81,19,771.232108
3.93,7,771.234419
1.96,4,771.235928
3.92,8,771.23876
1.96,4,771.240159
3.92,8,771.242777
1.96,4,771.24412
3.93,7,771.247029
13.78,22,771.25504
1.96,4,771.256506
3.93,7,771.258802
5.86,14,771.638622
1.96,4,771.64008
13.79,21,771.647494
1.96,4,771.648896
1.96,4,771.650249
1.94,6,771.652239
1.96,4,771.65393
13.79,21,771.661818
13.8,20,771.668699
1.94,6,771.671332
1.94,6,771.673431
3.9,10,771.677257
1.93,7,771.680529
1.93,7,771.682905
13.79,21,772.043982
3.92,8,772.047281
1.94,6,772.049507
13.79,21,772.057689
5.83,17,772.063494
5.85,15,772.068307
3.93,7,772.071275
3.93,7,772.073819
13.88,12,772.07784
1.94,6,772.079867
1.94,6,772.082079
1.96,4,772.08349
5.82,18,772.426393
1.96,4,772.427799
1.96,4,772.429848
1.93,7,772.43247
1.94,6,772.434497
1.96,4,772.436041
3.92,8,772.439363
1.96,4,772.440999
3.93,7,772.443388
3.93,7,772.446374
13.78,22,772.454246
3.93,7,772.456591
3.93,7,772.458863
1.94,6,772.461142
1.96,4,772.46257
5.89,11,772.466269
1.94,6,772.849124
3.93,7,772.851539
1.96,4,772.852929
1.94,6,772.855542
3.93,7,772.858389
1.96,4,772.859883
1.96,4,772.861346
3.93,7,772.864056
1.96,4,772.865475
3.93,7,772.86818
3.93,7,772.870875
13.79,21,772.878006
3.93,7,772.880932
1.96,4,772.88235
3.93,7,772.884653
1.96,4,772.885998
1.96,4,772.887484
3.93,7,772.889829
5.84,16,773.248303
3.91,9,773.251563
3.93,7,773.255103
1.96,4,773.256845
3.91,9,773.260106
3.9,10,773.264323
1.96,4,773.265757
1.96,4,773.267522
1.94,6,773.269907
1.94,6,773.272404
3.93,7,773.274763
3.87,13,773.279855
1.96,4,773.281273
3.91,9,773.284124
3.86,14,773.289097
1.94,6,773.29113
3.91,9,773.294048
13.79,21,773.568938
1.96,4,773.57151
5.89,11,773.575855
5.83,17,773.582947
1.94,6,773.585393
1.94,6,773.588179
1.94,6,773.59023
3.93,7,773.59277
1.96,4,773.594289
1.94,6,773.597013
1.96,4,773.598436
1.94,6,773.600416
13.83,17,773.606959
3.93,7,773.609342
3.93,7,773.612088
1.96,4,773.929356
1.94,6,773.931572
3.9,10,773.934797
1.95,5,773.936551
1.94,6,773.939289
3.93,7,773.941751
1.95,5,773.943488
1.96,4,773.945394
1.94,6,773.947726
1.96,4,773.949121
1.96,4,773.950481
3.91,9,773.953398
1.96,4,773.954983
3.91,9,773.958321
1.96,4,773.959699
1.96,4,773.961031
13.88,12,773.96528
3.92,8,773.968152
1.96,4,773.96978
1.96,4,773.9712
3.93,7,773.97351
5.86,14,774.257595
3.91,9,774.2606
1.96,4,774.26272
13.81,19,774.269641
1.94,6,774.272172
5.89,11,774.276169
3.93,7,774.279061
1.95,5,774.280808
1.96,4,774.282175
3.91,9,774.286182
1.94,6,774.288677
1.94,6,774.290691
1.96,4,774.292063
1.96,4,774.293384
1.96,4,774.295598
1.96,4,774.297203
1.95,5,774.298906
5.9,10,774.302155
5.82,18,774.650028
3.93,7,774.652413
3.91,9,774.656093
1.94,6,774.658231
3.92,8,774.660916
1.96,4,774.663788
13.77,23,774.672288
13.82,18,774.679101
3.93,7,774.682817
5.82,18,774.690643
13.72,28,775.067218
1.94,6,775.069297
1.96,4,775.070978
1.96,4,775.072682
1.95,5,775.074376
1.96,4,775.075746
3.9,10,775.0789
1.94,6,775.081584
5.82,18,775.088105
3.91,9,775.091417
5.76,24,775.100385
1.96,4,775.102138
1.94,6,775.105457
3.93,7,775.108253
1.91,9,775.548033
3.93,7,775.550472
3.93,7,775.552777
3.91,9,775.556445
13.82,18,775.563244
13.8,20,775.570595
13.73,27,775.580363
3.9,10,775.583918
3.92,8,775.587023
13.76,24,776.014798
1.96,4,776.016258
1.96,4,776.017619
3.92,8,776.02041
3.86,14,776.025671
1.94,6,776.027818
3.92,8,776.031114
13.83,17,776.037358
1.96,4,776.038843
1.96,4,776.040248
3.93,7,776.042934
3.88,12,776.047781
3.91,9,776.050814
1.96,4,776.05243
13.79,21,776.059274
13.81,19,776.421276
1.96,4,776.422739
1.96,4,776.424514
13.83,17,776.431872
1.91,9,776.435275
3.93,7,776.438427
1.96,4,776.439823
1.96,4,776.441212
13.79,21,776.448857
3.93,7,776.451258
1.96,4,776.452632
1.93,7,776.455929
1.96,4,776.457628
5.84,16,776.463103
1.96,4,776.82215
1.96,4,776.823655
1.93,7,776.825978
1.96,4,776.827326
3.91,9,776.831322
3.9,10,776.834913
1.93,7,776.838177
1.96,4,776.839656
1.95,5,776.841615
1.96,4,776.843043
1.96,4,776.844398
1.96,4,776.846632
1.96,4,776.848186
1.93,7,776.850818
1.96,4,776.852403
3.93,7,776.85491
1.96,4,776.856289
3.9,10,776.860232
3.89,11,776.864871
5.84,16,776.870054
3.93,7,777.175089
1.93,7,777.177759
1.96,4,777.179561
1.96,4,777.180992
3.9,10,777.184711
3.93,7,777.187145
13.87,13,777.191468
1.93,7,777.194037
1.96,4,777.195833
1.96,4,777.197236
3.93,7,777.199495
1.96,4,777.200828
1.93,7,777.203515
1.94,6,777.205574
1.96,4,777.20693
3.93,7,777.209657
1.93,7,777.212549
3.93,7,777.214876
1.96,4,777.21621
1.96,4,777.217526
13.86,14,777.481182
1.96,4,777.482646
5.85,15,777.488154
1.94,6,777.490293
1.96,4,777.491661
1.96,4,777.493049
3.93,7,777.495693
3.93,7,777.498742
3.93,7,777.501239
1.96,4,777.502627
1.93,7,777.505085
1.96,4,777.506662
1.96,4,777.508062
3.92,8,777.510711
13.82,18,777.517146
1.96,4,777.518569
1.93,7,777.520826
1.96,4,777.522159
5.83,17,777.855432
5.83,17,777.861906
3.92,8,777.86505
13.79,21,777.872295
1.91,9,777.875292
1.96,4,777.876696
1.95,5,777.878562
1.96,4,777.8806
5.8,20,777.887713
1.93,7,777.890374
5.81,19,777.897212
13.77,23,778.247306
1.96,4,778.248727
13.81,19,778.255927
13.81,19,778.262475
3.85,15,778.267668
3.93,7,778.270613
1.96,4,778.272133
1.96,4,778.27352
1.93,7,778.275802
3.93,7,778.278054
1.93,7,778.280587
1.96,4,778.28201
5.82,18,778.647213
1.96,4,778.648657
13.81,19,778.654858
1.96,4,778.656228
1.96,4,778.657567
13.8,20,778.66492
1.96,4,778.666422
5.9,10,778.670021
3.93,7,778.672305
3.93,7,778.674965
13.83,17,778.681216
1.96,4,778.682637
1.95,5,778.684695
3.93,7,778.687426
13.68,32,779.073406
3.91,9,779.076927
3.91,9,779.080591
1.96,4,779.082063
3.93,7,779.084727
-0.01,1,779.085229
1.96,4,779.086948
1.93,7,779.089353
1.96,4,779.090743
13.82,18,779.097365
1.96,4,779.098775
5.75,25,779.107637
3.89,11,779.1112
1.96,4,779.518678
5.83,17,779.525331
3.91,9,779.528736
1.93,7,779.531287
13.77,23,779.539146
1.96,4,779.540613
1.96,4,779.542145
1.96,4,779.543712
5.81,19,779.550121
5.83,17,779.555593
3.91,9,779.559057
1.96,4,779.560513
5.81,19,779.926412
5.84,16,779.932687
5.83,17,779.938803
1.96,4,779.940243
3.93,7,779.942971
13.8,20,779.94982
1.96,4,779.951214
3.93,7,779.953537
-0.01,1,779.953958
1.96,4,779.955307
1.95,5,779.957033
1.96,4,779.958439
1.96,4,779.959793
1.96,4,779.961136
-0.01,1,779.961546
3.92,8,779.96452
1.96,4,779.965938
3.92,8,780.326986
1.96,4,780.328473
1.94,6,780.330451
3.93,7,780.332714
3.87,13,780.337715
3.84,16,780.342918
-0.01,1,780.343343
3.93,7,780.346014
13.63,37,780.358516
1.96,4,780.359912
3.88,12,780.364047
-0.01,1,780.364502
1.96,4,780.366315
1.96,4,780.367819
-0.01,1,780.36826
5.83,17,780.913436
1.93,7,780.915797
5.57,43,780.930388
3.92,8,780.933179
1.96,4,780.934551
5.79,21,780.942388
1.89,11,780.946483
5.69,31,781.459118
5.72,28,781.47047
1.96,4,781.472151
13.82,18,781.478452
3.92,8,781.481853
1.96,4,781.483293
3.85,15,781.489472
3.9,10,781.493143
1.94,6,781.496071
13.8,20,781.503015
3.88,12,782.065229
3.93,7,782.068287
13.81,19,782.075086
3.93,7,782.077475
1.96,4,782.079581
13.82,18,782.085851
13.78,22,782.093955
5.82,18,782.100388
3.93,7,782.102909
3.87,13,782.107642
1.94,6,782.109729
3.84,16,782.440665
3.9,10,782.444018
3.89,11,782.448022
3.88,12,782.451851
1.96,4,782.45319
1.96,4,782.454526
3.93,7,782.457407
1.93,7,782.459865
5.83,17,782.466548
1.93,7,782.469097
1.96,4,782.471501
3.93,7,782.473946
5.83,17,782.480589
3.93,7,782.482923
1.93,7,782.776098
3.91,9,782.779802
1.93,7,782.782166
1.96,4,782.783551
13.82,18,782.791102
1.95,5,782.792814
13.8,20,782.800004
1.96,4,782.80143
1.95,5,782.803137
13.82,18,782.809897
1.96,4,782.811638
13.73,27,782.821016
1.96,4,783.261788
1.93,7,783.264622
1.96,4,783.266046
5.82,18,783.272375
1.96,4,783.273812
1.96,4,783.275163
13.78,22,783.283097
1.96,4,783.284561
13.82,18,783.291059
1.94,6,783.293215
3.93,7,783.295787
13.81,19,783.302403
1.96,4,783.30449
5.7,30,783.676726
1.96,4,783.678364
13.83,17,783.68456
3.9,10,783.688448
13.8,20,783.696455
1.96,4,783.697886
1.96,4,783.699517
1.96,4,783.701282
1.96,4,783.702798
13.79,21,783.710793
3.93,7,783.713429
5.81,19,784.066074
13.8,20,784.072522
3.92,8,784.07584
5.75,25,784.084589
5.81,19,784.091346
3.89,11,784.095539
3.93,7,784.097897
13.8,20,784.104645
3.92,8,784.107239
1.93,7,784.471738
13.78,22,784.479027
1.96,4,784.480991
1.96,4,784.482478
1.93,7,784.484789
13.8,20,784.492005
13.8,20,784.498714
1.93,7,784.501537
1.96,4,784.503135
3.89,11,784.507069
1.94,6,784.509136
13.79,21,784.869054
3.93,7,784.872263
3.93,7,784.874633
13.83,17,784.88113
5.82,18,784.88737
1.96,4,784.889271
3.93,7,784.892214
3.91,9,784.895698
13.81,19,784.902301
1.94,6,784.905109
1.94,6,784.907331
1.96,4,784.908979
1.96,4,784.91042
3.91,9,784.913345
1.93,7,784.915812
1.94,6,785.253164
3.89,11,785.257395
3.91,9,785.260362
1.96,4,785.262192
1.96,4,785.263691
3.93,7,785.266152
3.91,9,785.269102
1.93,7,785.27222
1.93,7,785.274676
1.96,4,785.276069
1.94,6,785.278174
3.93,7,785.280832
1.96,4,785.282233
3.93,7,785.28451
1.96,4,785.285843
13.81,19,785.292552
1.96,4,785.293993
13.8,20,785.643891
13.8,20,785.651842
1.93,7,785.654776
1.94,6,785.656836
1.94,6,785.658808
1.93,7,785.661689
1.96,4,785.663397
3.91,9,785.666374
1.95,5,785.668032
1.96,4,785.669381
13.8,20,785.676496
1.96,4,785.677904
1.96,4,785.679511
1.96,4,785.681218
1.96,4,785.682858
13.81,19,786.066346
1.96,4,786.067945
1.96,4,786.069437
3.9,10,786.073662
13.82,18,786.081196
1.93,7,786.083616
5.79,21,786.091399
3.92,8,786.094056
1.96,4,786.095793
13.8,20,786.103109
13.81,19,786.109755
1.94,6,786.111773
1.96,4,786.113124
3.87,13,786.462049
1.93,7,786.464624
13.81,19,786.471742
5.85,15,786.477034
5.83,17,786.483166
5.83,17,786.489021
13.82,18,786.495411
1.93,7,786.4982
3.88,12,786.502161
13.79,21,786.833496
1.96,4,786.834925
3.89,11,786.839704
1.96,4,786.84112
13.8,20,786.848694
1.96,4,786.850141
3.88,12,786.854722
3.9,10,786.858429
3.89,11,786.86347
1.94,6,786.865509
1.96,4,786.867053
3.9,10,786.871019
3.92,8,786.873777
3.9,10,787.208923
1.96,4,787.210382
3.9,10,787.214722
5.76,24,787.2228
3.9,10,787.226127
1.96,4,787.227493
13.82,18,787.233632
5.83,17,787.239178
3.9,10,787.243083
1.94,6,787.245251
3.93,7,787.248347
1.96,4,787.249783
1.96,4,787.251161
3.93,7,787.633853
1.96,4,787.63544
3.87,13,787.639655
1.93,7,787.642623
3.93,7,787.645578
1.96,4,787.647042
1.93,7,787.649348
3.85,15,787.654615
5.85,15,787.65981
13.84,16,787.665857
1.96,4,787.667288
3.9,10,787.670539
1.95,5,787.672185
3.91,9,787.675079
1.96,4,787.676432
3.92,8,788.012162
3.86,14,788.016996
5.83,17,788.022992
13.8,20,788.029672
3.93,7,788.032531
3.93,7,788.035009
1.96,4,788.036608
3.9,10,788.040039
13.79,21,788.047811
5.84,16,788.054237
13.87,13,788.401504
1.92,8,788.404374
3.9,10,788.407694
13.83,17,788.41382
13.84,16,788.419112
3.92,8,788.422387
1.92,8,788.425083
1.96,4,788.426447
1.96,4,788.427796
1.96,4,788.42914
3.93,7,788.431896
3.9,10,788.435205
13.82,18,788.44155
3.93,7,788.444251
13.81,19,788.761648
13.79,21,788.7686
1.93,7,788.771316
3.91,9,788.774295
5.81,19,788.781208
1.96,4,788.782657
1.96,4,788.784017
3.91,9,788.787154
5.81,19,788.79397
1.96,4,788.79604
1.96,4,788.797515
5.84,16,789.14864
5.77,23,789.157939
1.96,4,789.159604
5.8,20,789.167125
1.93,7,789.170288
1.96,4,789.17185
1.96,4,789.173225
13.83,17,789.180046
1.96,4,789.181686
3.93,7,789.184213
1.93,7,789.18705
1.96,4,789.188934
1.93,7,789.191254
3.9,10,789.194486
3.93,7,789.196736
13.82,18,789.584453
1.96,4,789.585893
1.96,4,789.587493
1.94,6,789.590121
1.96,4,789.591597
1.93,7,789.593921
5.75,25,789.602672
1.96,4,789.604431
5.83,17,789.609949
5.8,20,789.617327
5.8,20,789.624489
13.8,20,790.016766
3.88,12,790.02127
13.8,20,790.028197
1.96,4,790.029801
3.93,7,790.032154
3.89,11,790.035694
3.93,7,790.038615
5.84,16,790.04376
3.9,10,790.047661
3.91,9,790.050805
1.93,7,790.053415
3.93,7,790.389388
3.92,8,790.392208
3.93,7,790.394532
1.93,7,790.396807
1.96,4,790.398629
13.81,19,790.405994
3.92,8,790.408825
1.93,7,790.411188
1.94,6,790.413627
1.96,4,790.415077
1.93,7,790.417393
3.9,10,790.421375
1.96,4,790.422771
1.94,6,790.424714
1.96,4,790.426038
3.9,10,790.430213
13.76,24,790.777282
3.88,12,790.782106
13.78,22,790.790075
5.83,17,790.796292
1.96,4,790.797721
3.93,7,790.800332
3.93,7,790.80303
13.87,13,790.807279
3.92,8,790.810298
1.93,7,790.813303
3.84,16,790.818747
3.9,10,791.164451
13.79,21,791.171936
1.96,4,791.173917
5.81,19,791.181051
5.83,17,791.187589
1.93,7,791.190042
13.83,17,791.196382
3.93,7,791.198747
1.96,4,791.200096
1.93,7,791.202478
3.93,7,791.206008
1.93,7,791.208348
3.93,7,791.210708
3.9,10,791.562023
3.9,10,791.565553
1.94,6,791.567965
3.89,11,791.572011
1.93,7,791.574835
3.93,7,791.577362
1.96,4,791.579672
1.94,6,791.581793
1.94,6,791.583794
1.93,7,791.586099
13.88,12,791.591177
13.83,17,791.597205
3.89,11,791.601168
1.96,4,791.6026
1.96,4,791.604297
1.96,4,791.605717
3.93,7,791.924695
3.93,7,791.927095
3.9,10,791.930733
5.84,16,791.93661
3.91,9,791.9396
3.9,10,791.94334
5.83,17,791.949191
5.84,16,791.955017
5.8,20,791.961319
5.9,10,791.964915
5.8,20,792.293678
1.96,4,792.295302
1.96,4,792.297116
13.82,18,792.303411
13.88,12,792.30828
5.81,19,792.315952
1.93,7,792.318271
1.96,4,792.319937
1.96,4,792.321357
1.96,4,792.322683
1.96,4,792.324012
5.84,16,792.329643
1.96,4,792.331263
5.79,21,792.661624
13.77,23,792.669543
1.96,4,792.670918
1.93,7,792.67357
1.96,4,792.674972
3.91,9,792.677849
5.84,16,792.683814
5.84,16,792.688978
1.93,7,792.691506
3.85,15,792.697185
3.91,9,792.700175
3.93,7,792.7028
3.89,11,793.122812
3.84,16,793.128077
3.91,9,793.132699
1.93,7,793.135595
13.81,19,793.142594
3.93,7,793.145366
5.84,16,793.150978
13.88,12,793.155386
1.95,5,793.157848
3.93,7,793.160326
13.8,20,793.167716
13.82,18,793.510867
3.91,9,793.514419
13.79,21,793.522183
1.96,4,793.523612
3.84,16,793.529273
1.94,6,793.53132
1.96,4,793.532673
3.91,9,793.535571
5.85,15,793.540776
1.96,4,793.542201
13.81,19,793.54921
3.93,7,793.551645
1.96,4,793.889427
13.8,20,793.896918
1.96,4,793.89867
1.96,4,793.900113
3.91,9,793.903044
1.96,4,793.904402
1.96,4,793.905742
1.96,4,793.907217
13.83,17,793.912853
5.89,11,793.916724
3.93,7,793.919066
1.96,4,793.920411
1.96,4,793.921922
5.84,16,793.927406
1.93,7,793.929976
3.89,11,794.29444
1.96,4,794.295981
3.85,15,794.300736
1.93,7,794.303039
3.93,7,794.305929
3.89,11,794.310138
1.93,7,794.313071
1.93,7,794.315988
13.88,12,794.320186
1.96,4,794.321698
1.93,7,794.324488
5.84,16,794.330415
1.96,4,794.331824
1.96,4,794.333176
5.85,15,794.338963
1.96,4,794.340387
1.96,4,794.636295
1.93,7,794.638758
1.93,7,794.641014
3.88,12,794.644795
1.94,6,794.647557
3.9,10,794.650913
1.96,4,794.652275
13.88,12,794.65662
1.96,4,794.658016
1.96,4,794.659361
13.78,22,794.666917
1.93,7,794.669314
3.87,13,794.673921
13.81,19,794.680393
13.77,23,795.053121
1.95,5,795.055674
5.89,11,795.059944
3.9,10,795.063861
1.94,6,795.066273
5.83,17,795.071843
3.93,7,795.074175
1.96,4,795.075532
1.95,5,795.077197
1.96,4,795.078654
5.82,18,795.085115
3.88,12,795.08962
3.92,8,795.475198
1.96,4,795.476689
3.93,7,795.478961
1.96,4,795.480291
3.93,7,795.482523
3.93,7,795.485331
1.94,6,795.487449
3.93,7,795.490138
1.93,7,795.492618
1.96,4,795.494535
13.82,18,795.500386
5.8,20,795.506874
13.81,19,795.514883
1.96,4,795.516382
1.96,4,795.517756
1.96,4,795.519122
3.93,7,795.881007
5.84,16,795.886307
1.95,5,795.888331
1.96,4,795.890366
1.95,5,795.892043
1.96,4,795.893407
1.96,4,795.89475
1.94,6,795.896936
1.94,6,795.899236
3.89,11,795.903328
3.89,11,795.907183
1.95,5,795.909002
3.93,7,795.91207
1.96,4,795.913708
5.85,15,795.918502
1.94,6,795.921275
1.96,4,795.922687
3.93,7,795.924965
1.92,8,796.242151
5.9,10,796.245877
1.93,7,796.248307
1.96,4,796.249658
1.96,4,796.25153
5.81,19,796.258334
3.9,10,796.261992
3.87,13,796.266252
1.96,4,796.267866
1.94,6,796.269922
5.79,21,796.27688
1.96,4,796.278293
1.96,4,796.279866
1.96,4,796.281724
3.93,7,796.284171
3.87,13,796.646585
1.95,5,796.648346
1.96,4,796.649688
3.9,10,796.652836
3.93,7,796.655726
3.91,9,796.658745
1.96,4,796.660143
3.93,7,796.663048
13.83,17,796.669003
13.82,18,796.674828
1.94,6,796.676818
5.81,19,796.683247
1.96,4,796.68464
13.76,24,797.008857
1.96,4,797.010272
1.96,4,797.011603
5.84,16,797.017566
1.96,4,797.0191
3.92,8,797.022721
5.9,10,797.026152
1.96,4,797.027532
13.77,23,797.035459
1.95,5,797.038071
5.85,15,797.043377
1.93,7,797.046347
1.96,4,797.04775
5.85,15,797.473391
3.89,11,797.477157
1.93,7,797.480162
5.77,23,797.488973
3.91,9,797.492357
3.88,12,797.497155
3.9,10,797.500365
5.81,19,797.507084
13.87,13,797.51127
13.8,20,797.518037
13.8,20,797.902936
3.9,10,797.907292
5.84,16,797.913346
1.96,4,797.914791
1.94,6,797.916775
3.91,9,797.919661
13.79,21,797.927366
13.74,26,797.937359
13.81,19,798.334476
1.96,4,798.336567
1.93,7,798.339034
13.81,19,798.346118
3.86,14,798.350632
13.79,21,798.357539
1.96,4,798.358962
13.7,30,798.369463
3.86,14,798.374767
3.9,10,798.378094
3.92,8,798.8337
1.93,7,798.836646
5.82,18,798.843319
1.95,5,798.845807
13.75,25,798.854816
5.82,18,798.860607
13.77,23,798.86877
1.93,7,798.871433
1.96,4,798.873193
1.96,4,798.874628
3.9,10,798.877982
1.96,4,799.273266
3.9,10,799.276759
1.96,4,799.278341
3.86,14,799.283818
1.93,7,799.286306
13.78,22,799.293571
5.85,15,799.298324
5.84,16,799.304444
3.92,8,799.307095
3.86,14,799.312419
3.93,7,799.314795
5.85,15,799.673168
5.22,78,799.699259
1.96,4,799.701005
5.82,18,799.707319
5.72,28,800.439318
13.61,39,800.452089
5.74,26,800.461228
13.79,21,800.468416
1.96,4,800.469891
5.8,20,800.4768
3.85,15,800.883315
1.96,4,800.884819
1.91,9,800.888521
1.96,4,800.889994
1.96,4,800.89136
5.81,19,800.898559
3.84,16,800.903748
1.93,7,800.906032
3.86,14,800.910941
3.87,13,800.915889
5.83,17,800.921841
1.96,4,800.923247
1.96,4,800.924592
5.68,32,801.214825
1.96,4,801.216642
1.94,6,801.218817
13.8,20,801.227148
1.96,4,801.22972
1.96,4,801.231479
1.92,8,801.234293
13.75,25,801.243028
3.93,7,801.245826
3.87,13,801.25061
1.92,8,801.253648
5.56,44,801.658033
1.96,4,801.659498
3.88,12,801.66432
5.8,20,801.671633
1.96,4,801.673087
1.96,4,801.67444
1.96,4,801.676078
3.93,7,801.678889
1.96,4,801.680355
1.94,6,801.682334
1.96,4,801.683679
5.81,19,801.690723
1.92,8,802.27676
3.9,10,802.281028
1.94,6,802.283149
1.96,4,802.284527
5.89,11,802.288764
1.96,4,802.290234
1.92,8,802.292836
1.94,6,802.294856
1.96,4,802.296198
5.76,24,802.304408
1.96,4,802.305772
13.79,21,802.312658
1.93,7,802.315063
1.92,8,802.317671
13.73,27,802.729552
1.96,4,802.731059
1.96,4,802.73275
1.96,4,802.734204
5.67,33,802.746026
1.92,8,802.748701
13.26,74,803.318974
1.96,4,803.320389
13.74,26,803.329563
5.74,26,803.338751
1.9,10,803.342386
1.92,8,803.345597
13.7,30,803.355778
1.96,4,803.357172
1.96,4,803.804715
1.96,4,803.806204
1.96,4,803.808456
1.96,4,803.809994
1.96,4,803.811603
1.96,4,803.813571
3.84,16,803.819052
1.93,7,803.821824
1.96,4,803.823661
1.96,4,803.825142
1.92,8,803.827815
1.92,8,803.830942
3.89,11,803.834872
1.9,10,803.838807
1.96,4,803.840234
3.93,7,803.842528
1.96,4,803.844137
3.85,15,803.849252
13.72,28,804.175881
3.93,7,804.180044
13.74,26,804.189153
1.96,4,804.190669
1.91,9,804.193664
1.93,7,804.197165
13.79,21,804.205895
3.93,7,804.208303
3.9,10,804.212597
1.93,7,804.215383
13.81,19,804.62427
3.83,17,804.630628
13.73,27,804.639182
1.93,7,804.641456
13.81,19,804.648129
1.96,4,804.64958
13.73,27,804.658814
3.83,17,804.665175
3.93,7,805.084247
1.91,9,805.087222
3.93,7,805.090019
1.93,7,805.092948
3.93,7,805.09593
1.93,7,805.098348
1.96,4,805.099721
1.96,4,805.101428
5.8,20,805.109069
1.96,4,805.110583
3.87,13,805.114814
13.78,22,805.122435
5.81,19,805.489775
13.82,18,805.496772
3.86,14,805.502249
1.96,4,805.507339
5.6,40,805.524448
1.91,9,805.527418
3.9,10,805.531453
1.96,4,805.533238
13.68,32,806.106836
1.93,7,806.109587
1.96,4,806.111087
3.93,7,806.113976
3.92,8,806.116862
1.96,4,806.118235
1.91,9,806.12243
13.83,17,806.128537
13.74,26,806.139583
5.83,17,806.146001
1.93,7,806.148395
3.92,8,806.150996
1.96,4,806.152351
1.96,4,806.15383
1.96,4,806.612574
13.8,20,806.619543
1.96,4,806.621342
13.74,26,806.629558
1.93,7,806.632281
13.81,19,806.638864
1.96,4,806.640295
1.96,4,806.642295
3.85,15,806.647348
3.9,10,806.65105
3.93,7,806.653903
1.93,7,806.656384
1.93,7,807.059012
1.96,4,807.060489
3.86,14,807.065273
3.86,14,807.071318
13.82,18,807.077642
13.79,21,807.085003
1.96,4,807.086567
1.96,4,807.088139
3.93,7,807.090455
13.8,20,807.097643
13.8,20,807.441334
-0.01,1,807.441833
3.88,12,807.446874
1.93,7,807.449244
1.96,4,807.451122
5.82,18,807.457807
1.96,4,807.459227
1.96,4,807.460999
3.93,7,807.464476
3.9,10,807.467904
3.88,12,807.472613
1.93,7,807.475027
3.9,10,807.478286
5.75,25,807.486575
1.96,4,807.487904
-0.03,3,807.892331
1.96,4,807.893776
1.96,4,807.895132
13.77,23,807.902866
3.83,17,807.908737
1.96,4,807.910337
13.72,28,807.919737
1.93,7,807.92285
3.93,7,807.925273
1.96,4,807.926639
1.96,4,807.927989
1.96,4,807.929339
1.91,9,807.93305
1.91,9,807.936041
3.88,12,808.389118
1.93,7,808.391572
1.96,4,808.392928
1.96,4,808.394287
3.87,13,808.398952
13.82,18,808.404997
1.93,7,808.407605
1.96,4,808.409156
3.87,13,808.41373
5.84,16,808.419291
1.91,9,808.42278
1.96,4,808.424197
5.75,25,808.75402
5.79,21,808.762547
1.96,4,808.764643
5.48,52,808.781926
1.93,7,808.784809
5.83,17,808.790456
1.93,7,808.793079
1.96,4,808.794882
1.91,9,808.798914
1.95,5,809.468078
1.96,4,809.469542
1.96,4,809.470897
1.93,7,809.473152
3.93,7,809.47567
1.96,4,809.477571
5.83,17,809.483519
5.75,25,809.492148
13.81,19,809.49856
5.75,25,809.507169
13.8,20,809.90297
1.93,7,809.905895
1.93,7,809.908459
1.96,4,809.910135
1.93,7,809.913011
3.87,13,809.917375
1.96,4,809.919105
1.96,4,809.921354
1.94,6,809.923529
3.84,16,809.92907
1.96,4,809.930523
1.96,4,809.931903
1.96,4,809.933258
13.8,20,809.940626
1.96,4,809.942089
3.87,13,809.946501
1.96,4,810.292604
5.84,16,810.298606
3.93,7,810.30138
3.92,8,810.304793
1.96,4,810.306252
1.96,4,810.307673
13.77,23,810.315783
3.92,8,810.318467
1.96,4,810.320033
13.83,17,810.32641
5.77,23,810.334862
3.9,10,810.33877
3.84,16,810.724562
3.93,7,810.726939
3.9,10,810.730785
1.95,5,810.732503
3.92,8,810.735088
3.89,11,810.739571
3.93,7,810.742083
3.93,7,810.744463
1.93,7,810.747324
13.83,17,810.753432
3.89,11,810.757197
3.9,10,810.760751
1.96,4,810.762185
3.86,14,811.103461
3.93,7,811.106609
3.88,12,811.110461
1.96,4,811.111903
1.95,5,811.113609
1.96,4,811.115493
1.96,4,811.11699
5.89,11,811.121396
1.96,4,811.122847
1.96,4,811.124311
1.96,4,811.125947
3.86,14,811.131292
13.82,18,811.137663
3.9,10,811.141053
3.93,7,811.143388
3.89,11,811.14691
13.81,19,811.466931
3.93,7,811.469323
1.96,4,811.471397
3.92,8,811.474405
1.93,7,811.476818
1.96,4,811.478653
1.96,4,811.480276
1.93,7,811.482593
3.83,17,811.4879
3.93,7,811.49015
1.96,4,811.491484
1.96,4,811.493239
5.84,16,811.498897
5.81,19,811.505394
1.96,4,811.5068
1.96,4,811.843316
1.96,4,811.844834
1.96,4,811.847403
1.96,4,811.848852
13.82,18,811.855861
13.78,22,811.864233
13.78,22,811.873186
1.93,7,811.875861
3.83,17,811.881994
3.85,15,811.88736
1.93,7,811.889857
13.79,21,812.249684
5.83,17,812.255119
13.77,23,812.26293
3.87,13,812.267157
3.93,7,812.269451
13.8,20,812.276815
3.88,12,812.281374
3.87,13,812.285573
13.78,22,812.6528
3.93,7,812.655579
13.83,17,812.661654
1.91,9,812.664948
5.77,23,812.673055
1.96,4,812.674468
3.87,13,812.679675
1.94,6,812.681679
5.73,27,812.691232
1.96,4,812.692637
1.96,4,812.69398
1.96,4,813.110696
5.85,15,813.116395
1.96,4,813.117909
5.84,16,813.123743
1.96,4,813.12512
3.87,13,813.129469
13.71,29,813.139441
1.93,7,813.141868
13.81,19,813.148674
1.93,7,813.151125
1.96,4,813.152512
3.93,7,813.576875
13.81,19,813.583441
1.96,4,813.584837
3.91,9,813.588336
3.93,7,813.590736
1.96,4,813.592117
1.94,6,813.594117
5.76,24,813.602347
13.79,21,813.609789
1.96,4,813.611189
3.93,7,813.614549
1.93,7,813.616922
13.69,31,814.016068
3.92,8,814.018925
13.77,23,814.027119
5.74,26,814.036435
1.96,4,814.038285
1.93,7,814.04065
3.93,7,814.042948
3.93,7,814.045591
5.8,20,814.052445
1.95,5,814.05452
5.76,24,814.475247
1.93,7,814.47773
3.93,7,814.480447
1.96,4,814.48188
3.93,7,814.48419
1.96,4,814.485561
13.81,19,814.492025
1.93,7,814.494634
1.93,7,814.497144
5.83,17,814.50301
1.93,7,814.505371
1.96,4,814.506737
1.96,4,814.508084
1.96,4,814.509422
1.96,4,814.510902
3.93,7,814.513866
1.94,6,814.851839
5.82,18,814.859013
1.93,7,814.86184
1.96,4,814.863454
5.76,24,814.872403
5.81,19,814.878533
13.79,21,814.885744
1.93,7,814.888221
1.94,6,814.890656
5.76,24,815.275586
5.83,17,815.282126
1.93,7,815.284694
1.93,7,815.287453
1.96,4,815.288929
1.96,4,815.290328
3.87,13,815.295153
3.93,7,815.297688
1.96,4,815.299061
13.79,21,815.30692
5.8,20,815.314116
5.81,19,815.701737
13.8,20,815.708746
1.94,6,815.711376
1.96,4,815.713184
3.87,13,815.717394
1.93,7,815.719934
3.83,17,815.725725
13.73,27,815.735
1.96,4,815.736445
1.96,4,815.737818
3.93,7,815.740116
1.96,4,815.74146
3.87,13,816.184393
3.93,7,816.187543
1.93,7,816.189951
13.82,18,816.197017
1.96,4,816.1985
1.93,7,816.200789
-0.02,2,816.201524
1.96,4,816.202961
1.96,4,816.204593
13.83,17,816.210596
1.93,7,816.213869
1.96,4,816.215486
1.93,7,816.217842
1.94,6,816.220063
1.93,7,816.223385
3.85,15,816.228937
1.94,6,816.231701
13.8,20,816.571535
3.93,7,816.57398
3.9,10,816.57736
13.79,21,816.584888
1.94,6,816.58718
1.96,4,816.58872
1.96,4,816.590106
5.77,23,816.597791
1.96,4,816.599173
3.93,7,816.601462
1.93,7,816.604124
3.87,13,816.608993
3.93,7,816.611528
1.96,4,817.001284
13.77,23,817.010095
1.96,4,817.011553
3.85,15,817.016816
13.74,26,817.026219
1.93,7,817.028538
1.94,6,817.031175
13.8,20,817.038772
1.96,4,817.040368
1.94,6,817.042356
1.93,7,817.04464
1.96,4,817.04658
1.93,7,817.461008
5.85,15,817.467087
1.96,4,817.468534
13.68,32,817.480408
5.81,19,817.487491
1.96,4,817.489224
3.93,7,817.492151
5.83,17,817.497657
1.96,4,817.499035
1.96,4,817.500411
1.93,7,817.502685
1.96,4,817.504753
1.94,6,817.506857
1.93,7,817.997966
1.93,7,818.001167
1.96,4,818.002607
13.73,27,818.012893
1.96,4,818.014479
5.73,27,818.023775
1.94,6,818.025781
13.67,33,818.037414
3.85,15,818.551485
1.94,6,818.554642
3.85,15,818.560182
1.96,4,818.561636
1.9,10,818.565581
3.86,14,818.570123
1.93,7,818.572776
5.84,16,818.578132
5.84,16,818.583601
1.96,4,818.585079
1.93,7,818.587998
3.78,22,818.595472
1.96,4,818.596901
5.84,16,818.969745
1.96,4,818.971731
13.83,17,818.977253
1.94,6,818.979583
1.92,8,818.982661
5.85,15,818.987974
1.96,4,818.989368
1.93,7,818.992008
1.96,4,818.993446
1.96,4,818.994813
1.96,4,818.996191
1.91,9,818.999223
1.92,8,819.002668
13.78,22,819.010238
5.78,22,819.468647
1.93,7,819.471271
13.78,22,819.478408
5.81,19,819.485801
1.96,4,819.487291
1.96,4,819.488694
1.94,6,819.491128
5.84,16,819.49707
1.92,8,819.499732
13.77,23,819.865289
5.84,16,819.870581
5.81,19,819.877313
3.84,16,819.883151
5.75,25,819.892121
13.79,21,819.899704
1.96,4,819.901093
13.71,29,820.300122
5.83,17,820.306853
5.81,19,820.312943
3.88,12,820.316752
5.72,28,820.326444
3.93,7,820.329209
5.79,21,820.336212
13.81,19,820.342426
1.96,4,820.792367
13.82,18,820.798338
1.96,4,820.799962
1.96,4,820.802794
13.8,20,820.812039
13.79,21,820.819385
1.96,4,820.820889
1.96,4,820.822351
13.72,28,820.831337
3.84,16,820.836467
3.85,15,821.264509
1.93,7,821.267293
13.8,20,821.274453
1.94,6,821.276521
1.96,4,821.277875
1.96,4,821.279219
13.77,23,821.287587
1.94,6,821.289651
13.5,50,822.013793
1.96,4,822.015562
1.93,7,822.017933
3.85,15,822.023753
1.93,7,822.026181
3.85,15,822.032135
1.93,7,822.034799
13.8,20,822.04258
3.91,9,822.046189
1.96,4,822.04765
13.82,18,822.054797
13.75,25,822.407401
1.96,4,822.408964
3.92,8,822.411634
1.96,4,822.414367
5.74,26,822.42436
1.93,7,822.426765
1.96,4,822.428143
1.94,6,822.430119
1.96,4,822.431477
5.65,35,822.445584
1.92,8,822.448596
3.84,16,822.45445
5.67,33,822.964597
5.76,24,822.973349
1.96,4,822.97483
1.93,7,822.97751
1.96,4,822.979868
1.96,4,822.981592
1.93,7,822.984462
1.96,4,822.985932
5.76,24,822.994711
1.93,7,822.998076
1.96,4,822.99964
1.93,7,823.002039
1.96,4,823.473594
3.87,13,823.477891
5.8,20,823.485435
13.59,41,823.499279
1.96,4,823.500972
13.6,40,823.51477
1.96,4,823.516201
5.74,26,824.10656
1.93,7,824.109765
3.93,7,824.112967
3.92,8,824.115725
13.66,34,824.127686
13.81,19,824.134384
5.66,34,824.538957
13.78,22,824.546774
3.89,11,824.550646
5.45,55,824.569557
1.96,4,824.571397
1.93,7,824.573762
1.93,7,824.576036
13.68,32,825.30907
13.74,26,825.319009
13.53,47,825.335959
1.94,6,825.338081
13.8,20,825.34617
13.83,17,825.836587
3.84,16,825.842641
1.93,7,825.845626
13.58,42,825.859573
1.96,4,825.86099
3.84,16,825.86671
3.85,15,825.871865
1.96,4,825.873297
13.77,23,826.437495
5.76,24,826.44786
13.79,21,826.454598
1.96,4,826.456147
3.92,8,826.45891
1.96,4,826.460293
5.65,35,826.472116
3.93,7,826.47466
3.92,8,826.477541
1.96,4,826.478918
3.88,12,826.482992
1.96,4,826.983646
1.96,4,826.985109
5.52,48,827.002818
13.31,69,827.026402
3.87,13,827.668212
1.96,4,827.670042
5.84,16,827.676154
3.85,15,827.681769
1.96,4,827.683176
1.94,6,827.685143
1.96,4,827.686505
3.91,9,827.69002
3.9,10,827.693279
1.96,4,827.694621
1.92,8,827.698037
1.96,4,827.699433
13.79,21,827.706825
13.59,41,828.031097
1.96,4,828.032627
1.96,4,828.03402
3.92,8,828.037033
13.55,45,828.052613
1.96,4,828.054435
1.96,4,828.05585
1.93,7,828.05817
1.93,7,828.060908
13.11,89,828.724136
3.92,8,828.727279
3.86,14,828.732517
1.96,4,828.733964
5.76,24,828.742643
1.96,4,828.744083
5.77,23,829.424868
5.66,34,829.436007
5.74,26,829.445828
3.91,9,829.449055
5.73,27,829.458496
1.96,4,829.45996
3.9,10,829.832986
3.93,7,829.8354
0.0,100,829.869929
1.93,7,829.873206
1.93,7,829.876211
0.0,100,830.869429
3.92,8,830.872521
13.78,22,830.880596
3.92,8,831.613117
1.96,4,831.614981
3.86,14,831.620774
3.89,11,831.624805
0.0,100,832.533273
0.0,100,832.56817
3.92,8,832.571406
13.81,19,833.423137
1.94,6,833.425296
0.0,100,833.462175
1.93,7,833.464875
0.0,100,834.414778
3.92,8,834.417619
0.0,100,835.276626
1.93,7,835.279976
1.96,4,835.281422
0.0,100,835.995965
0.0,100,836.701271
1.94,6,836.704276
1.96,4,836.705762
0.0,100,837.488412
5.47,53,837.507657
3.86,14,837.513857
3.78,22,837.52105
3.87,13,837.525243
13.48,52,838.046688
1.96,4,838.048178
0.0,100,838.810182
1.93,7,838.813564
13.72,28,838.823127
1.93,7,838.825808
3.93,7,838.82825
1.96,4,838.830112
1.96,4,838.831575
1.93,7,838.833905
5.64,36,838.846717
5.68,32,839.425473
13.47,53,839.446812
3.86,14,839.451953
1.96,4,839.453478
13.8,20,839.460412
1.96,4,839.462638
3.78,22,839.98917
13.67,33,840.000897
1.94,6,840.002973
1.94,6,840.005649
13.61,39,840.018807
1.93,7,840.021872
3.88,12,840.026136
1.96,4,840.027546
3.91,9,840.031482
1.96,4,840.032911
1.96,4,840.034453
1.96,4,840.525321
3.78,22,840.533775
5.51,49,840.551044
13.7,30,840.561309
13.72,28,841.082581
5.68,32,841.094551
13.72,28,841.105119
3.93,7,841.107619
3.83,17,841.114175
1.96,4,841.115643
5.65,35,841.127451
13.68,32,841.573767
1.96,4,841.575276
13.49,51,841.592983
5.5,50,842.132905
1.96,4,842.134383
3.93,7,842.136699
3.83,17,842.143281
1.96,4,842.144731
3.85,15,842.150206
13.79,21,842.157183
1.96,4,842.158558
5.17,83,842.73744
3.78,22,842.745504
5.83,17,842.751461
1.96,4,842.753362
1.96,4,842.754831
3.83,17,842.760252
3.88,12,842.764773
1.96,4,842.766176
3.88,12,842.770126
5.8,20,843.278662
13.62,38,843.292409
1.91,9,843.296007
1.89,11,843.299694
5.58,42,843.34436
1.96,4,843.34938
1.96,4,843.351066
1.96,4,843.930493
3.92,8,843.933401
13.56,44,843.949616
3.89,11,843.953522
3.79,21,843.961015
5.75,25,843.969638
5.84,16,843.974863
1.96,4,844.411787
13.72,28,844.421411
3.84,16,844.427275
5.57,43,844.443116
3.84,16,844.448928
3.78,22,844.93485
3.87,13,844.940089
5.38,62,844.961464
5.38,62,845.568731
3.83,17,845.575311
3.88,12,845.580203
3.87,13,845.584394
3.84,16,845.5895
3.81,19,845.596922
3.84,16,845.602183
3.87,13,845.606875
3.87,13,845.878857
3.87,13,845.883582
13.61,39,845.897914
13.44,56,845.917604
3.86,14,845.922799
3.83,17,846.499975
0.0,100,846.533224
5.79,21,847.389264
1.91,9,847.392297
13.38,62,847.414381
1.96,4,847.416198
3.79,21,847.423928
3.8,20,847.431588
1.96,4,847.433004
13.77,23,848.220005
1.96,4,848.222304
13.69,31,848.233997
1.96,4,848.235462
1.91,9,848.238762
13.66,34,848.250498
1.9,10,848.254627
3.9,10,848.257946
3.7,30,848.763975
13.72,28,848.77357
3.83,17,848.779862
3.92,8,848.782526
3.83,17,848.788219
3.79,21,848.795441
3.85,15,849.153702
13.71,29,849.164484
1.91,9,849.167543
1.9,10,849.171129
3.87,13,849.175938
13.8,20,849.183419
3.87,13,849.188431
5.73,27,849.197384
13.78,22,849.637261
1.96,4,849.63868
3.91,9,849.641578
1.96,4,849.643337
0.0,100,850.379478
1.96,4,850.381408
1.96,4,850.382905
5.65,35,850.395258
1.93,7,850.397681
3.85,15,850.40386
13.71,29,850.414581
3.84,16,850.42065
5.54,46,850.862522
1.93,7,850.865022
1.96,4,850.866381
1.96,4,850.867719
0.0,100,851.572194
3.84,16,851.577943
1.93,7,851.580979
5.61,39,851.594115
3.88,12,851.599031
13.77,23,851.606895
3.86,14,852.058021
1.91,9,852.06105
1.96,4,852.062894
5.73,27,852.072999
1.93,7,852.075327
3.86,14,852.080707
1.93,7,852.083044
13.8,20,852.090403
1.94,6,852.092433
1.96,4,852.093788
13.78,22,852.101608
1.96,4,852.103027
3.84,16,852.532461
1.93,7,852.534845
1.96,4,852.536652
1.96,4,852.53813
3.88,12,852.542346
1.96,4,852.543794
5.77,23,852.551501
1.96,4,852.55288
1.94,6,852.554841
3.92,8,852.55792
13.79,21,852.565234
5.84,16,852.571294
1.96,4,852.939794
3.8,20,852.946799
13.66,34,852.958777
5.81,19,852.965604
1.96,4,852.967017
1.93,7,852.969686
1.94,6,852.971738
1.96,4,852.973092
1.93,7,852.975475
1.91,9,852.979356
3.9,10,852.982853
1.96,4,852.984251
1.96,4,853.503564
1.96,4,853.505162
1.94,6,853.507221
5.83,17,853.513006
3.78,22,853.521184
3.9,10,853.52534
1.96,4,853.526839
5.76,24,853.535463
1.96,4,853.537285
1.93,7,853.53973
3.86,14,853.544564
1.96,4,853.546559
5.85,15,853.942967
5.83,17,853.949411
1.92,8,853.952537
1.93,7,853.955405
1.93,7,853.957742
1.96,4,853.959097
1.96,4,853.960777
5.78,22,853.96825
3.89,11,853.972201
3.88,12,853.976102
3.91,9,853.979421
13.79,21,853.987294
5.79,21,854.390555
1.96,4,854.391999
5.76,24,854.400589
5.79,21,854.407748
3.85,15,854.412897
5.71,29,854.42327
13.8,20,854.78028
1.96,4,854.781748
1.96,4,854.783117
3.87,13,854.787732
5.28,72,854.811892
1.96,4,854.813417
3.73,27,854.823065
1.96,4,855.483722
3.89,11,855.488183
13.78,22,855.495938
3.84,16,855.501508
13.41,59,855.522568
13.78,22,856.075652
13.69,31,856.088223
1.96,4,856.089811
1.96,4,856.091353
5.82,18,856.098187
5.48,52,856.116387
13.78,22,856.628056
3.89,11,856.631637
1.96,4,856.633282
1.96,4,856.635161
13.78,22,856.643282
3.88,12,856.648204
1.96,4,856.64965
1.96,4,856.651011
1.96,4,856.652373
1.96,4,856.654307
1.93,7,856.656902
3.78,22,856.664787
1.91,9,856.667925
3.8,20,857.052126
1.96,4,857.053612
3.85,15,857.05929
13.78,22,857.06747
3.86,14,857.072881
1.96,4,857.07431
3.68,32,857.085045
5.85,15,857.091054
5.37,63,857.580973
1.96,4,857.582621
3.86,14,857.587126
3.79,21,857.594149
13.7,30,857.604214
1.96,4,857.605623
5.74,26,858.130005
1.96,4,858.131486
3.87,13,858.136477
5.8,20,858.143454
1.96,4,858.145317
3.93,7,858.147933
5.79,21,858.155276
3.85,15,858.160144
3.73,27,858.538439
13.79,21,858.545212
13.67,33,858.557447
5.38,62,858.58195
5.65,35,859.243974
3.86,14,859.249162
5.26,74,859.274727
3.85,15,859.909075
13.59,41,859.92433
1.96,4,859.925761
1.96,4,859.927159
1.96,4,859.9291
1.96,4,859.930758
13.66,34,859.98209
1.96,4,859.983582
1.96,4,859.984965
1.96,4,859.986337
3.63,37,860.585454
3.86,14,860.590906
3.85,15,860.596419
5.74,26,860.606492
3.91,9,860.60954
3.84,16,860.615661
13.53,47,861.035468
5.72,28,861.044893
5.82,18,861.051744
1.96,4,861.053284
13.33,67,861.696698
3.88,12,861.70091
3.83,17,861.707507
13.06,94,861.73952
0.0,100,862.504424
3.13,87,863.279464
3.73,27,863.289104
0.0,100,863.883457
5.36,64,863.9054
5.48,52,864.526716
3.3,70,864.551294
-2.0,100,865.234719
-2.0,100,865.927667
1.96,4,865.92931
1.96,4,865.930695
3.01,99,866.572823
3.79,21,866.580625
0.0,100,867.414263
0.0,100,867.449054
1.89,11,868.219356
1.74,26,868.229183
1.89,11,868.233252
1.89,11,868.237429
1.96,4,868.239116
0.0,100,868.872721
1.96,4,868.8744
1.96,4,868.875809
-2.0,100,869.6561
-2.0,100,869.690966
-2.0,100,870.572833
1.96,4,870.574466
1.96,4,870.575826
1.96,4,870.577154
-2.0,100,871.34957
1.86,14,871.355258
1.8,20,871.362504
3.49,51,872.018545
0.0,100,872.054084
3.31,69,872.826691
3.61,39,872.842322
1.83,17,872.84887
1.96,4,873.474664
1.9,10,873.478256
1.64,36,873.49159
1.96,4,873.493053
1.78,22,873.500755
1.91,9,873.503684
0.0,100,874.001084
3.67,33,874.013754
1.88,12,874.017746
0.0,100,874.505904
1.88,12,874.510275
13.56,44,874.52641
1.93,7,875.232573
13.61,39,875.247884
13.62,38,875.261267
1.96,4,875.263072
1.96,4,875.264523
5.36,64,875.696471
13.68,32,875.708083
3.86,14,875.713985
13.67,33,875.725047
3.85,15,875.731599
5.73,27,876.105111
13.27,73,876.1304
5.58,42,876.777158
5.41,59,876.798509
5.8,20,876.805587
13.61,39,876.818554
3.86,14,877.357382
3.84,16,877.363427
3.86,14,877.368004
13.55,45,877.383959
5.69,31,877.394185
13.77,23,877.879896
3.83,17,877.885903
1.93,7,877.888806
1.96,4,877.89029
5.51,49,877.906867
5.7,30,877.91697
5.67,33,878.391568
3.85,15,878.396475
13.77,23,878.40495
13.77,23,878.41319
13.71,29,878.422283
5.71,29,878.750697
3.86,14,878.756503
1.9,10,878.7598
13.68,32,878.770592
3.85,15,878.77544
3.83,17,878.782154
5.43,57,879.158507
5.73,27,879.168237
13.75,25,879.177224
5.84,16,879.183043
1.96,4,879.184501
1.96,4,879.185869
13.67,33,879.55525
13.78,22,879.564156
13.57,43,879.578639
5.74,26,879.588035
13.59,41,880.030494
5.73,27,880.040148
1.96,4,880.041748
13.71,29,880.052164
13.83,17,880.058842
5.78,22,880.067624
5.75,25,880.430098
1.9,10,880.433418
5.73,27,880.443056
1.96,4,880.444872
5.77,23,880.452948
1.96,4,880.454747
13.64,36,880.466428
13.66,34,880.985365
13.78,22,880.99301
5.69,31,881.003431
5.82,18,881.010078
13.69,31,881.021221
1.96,4,881.391041
1.96,4,881.392632
1.9,10,881.395937
1.96,4,881.39729
1.96,4,881.398638
3.69,31,881.409356
13.79,21,881.417252
3.87,13,881.422084
5.6,40,881.435574
13.63,37,882.016546
1.96,4,882.018
13.78,22,882.026009
13.8,20,882.03323
-0.03,3,882.034412
1.91,9,882.037961
5.75,25,882.046225
5.78,22,882.574103
13.66,34,882.585801
1.93,7,882.588744
3.78,22,882.596499
13.38,62,883.15343
1.96,4,883.155558
3.87,13,883.160183
-0.03,3,883.161277
5.73,27,883.171715
6.38,62,883.192391
1.96,4,883.193924
5.83,17,883.939212
3.65,35,883.952678
13.25,75,883.978482
1.9,10,884.738554
1.87,13,884.743303
0.0,100,884.778086
1.96,4,884.78069
1.96,4,884.782151
13.71,29,885.673656
5.49,51,885.690509
1.96,4,885.691902
1.89,11,885.695872
3.86,14,885.701051
3.84,16,885.707745
1.96,4,885.709364
5.8,20,886.378044
1.96,4,886.379865
-0.03,3,886.381448
3.85,15,886.386963
3.86,14,886.391925
5.33,67,886.414468
1.96,4,886.416099
-0.03,3,887.241717
-0.03,3,887.242988
13.8,20,887.250211
13.53,47,887.266889
3.84,16,887.272484
5.74,26,887.281549
1.96,4,887.283043
5.78,22,887.912845
-0.03,3,887.91396
-0.03,3,887.915001
13.72,28,887.925438
5.75,25,887.934052
13.66,34,887.947001
13.53,47,888.358383
5.74,26,888.367941
5.8,20,888.374983
1.96,4,888.37636
3.85,15,888.38199
13.73,27,888.391886
-0.03,3,888.393024
3.85,15,888.804814
3.91,9,888.807964
13.69,31,888.8184
3.85,15,888.823619
5.68,32,888.834752
1.96,4,888.836207
1.96,4,888.83834
5.81,19,888.84482
13.68,32,889.338546
5.71,29,889.349551
13.8,20,889.35701
13.59,41,889.373571
3.87,13,889.377922
13.78,22,889.833008
5.78,22,889.841084
1.91,9,889.844043
13.62,38,889.857761
3.88,12,889.861713
3.87,13,889.866359
1.96,4,889.867827
3.83,17,890.359899
3.91,9,890.362987
1.96,4,890.364383
1.96,4,890.365752
1.96,4,890.367323
0.0,100,890.401071
3.85,15,891.26665
0.0,100,891.301202
5.84,16,892.131368
1.96,4,892.132868
1.96,4,892.134239
13.2,80,892.164301
13.71,29,892.174471
5.41,59,892.888502
5.81,19,892.895959
4.79,21,892.903515
13.69,31,892.915349
3.87,13,893.402083
3.87,13,893.407393
3.85,15,893.413091
3.93,7,893.415549
13.75,25,893.424361
1.96,4,893.425788
-0.02,2,893.426567
13.78,22,893.434222
5.67,33,893.445634
13.77,23,893.871481
5.69,31,893.882802
0.0,100,894.565229
13.78,22,894.572932
13.66,34,894.58532
13.68,32,894.596868
5.84,16,894.980012
3.87,13,894.984465
1.96,4,894.985859
13.8,20,894.993101
1.96,4,894.994598
3.85,15,895.000449
3.86,14,895.006066
3.86,14,895.010837
1.96,4,895.012841
3.87,13,895.017265
1.96,4,895.018735
13.29,71,895.362227
3.88,12,895.366588
0.0,100,896.159604
3.89,11,896.165453
5.53,47,896.1826
3.87,13,896.187737
5.72,28,896.741795
1.93,7,896.744253
1.94,6,896.747692
-0.03,3,896.748866
5.08,92,896.782909
1.93,7,896.785319
13.38,62,897.677905
5.68,32,897.690673
13.71,29,897.700711
1.96,4,897.702222
1.93,7,897.705477
13.7,30,898.351213
3.88,12,898.356986
13.76,24,898.368418
1.94,6,898.371494
13.71,29,898.384108
0.0,100,898.774692
5.79,21,898.782197
1.91,9,898.785212
3.86,14,898.789797
3.79,21,899.34791
3.89,11,899.352035
3.87,13,899.356886
1.93,7,899.360063
3.86,14,899.365729
13.79,21,899.372815
3.86,14,899.377672
5.55,45,899.97621
5.55,45,899.99291
13.61,39,900.00683
3.87,13,900.011022
5.34,66,900.520864
13.77,23,900.529613
13.79,21,900.537029
3.86,14,900.541885
3.82,18,900.548354
3.88,12,900.552397
1.96,4,900.940662
3.9,10,900.944609
3.86,14,900.949347
1.96,4,900.950729
1.93,7,900.953337
1.96,4,900.955546
1.96,4,900.957339
5.81,19,900.963701
5.79,21,900.970522
5.6,40,900.98338
3.84,16,901.430219
3.8,20,901.46234
5.67,33,901.487595
1.96,4,901.490172
1.96,4,901.492806
5.43,57,902.185668
13.76,24,902.194743
3.79,21,902.201794
5.66,34,902.214309
5.72,28,902.223766
1.96,4,902.225389
5.49,51,902.631833
1.96,4,902.633343
3.86,14,902.638485
5.68,32,902.649551
1.96,4,902.650991
3.83,17,902.656363
1.96,4,902.658364
13.39,61,903.397129
5.36,64,903.420862
5.55,45,904.052782
3.82,18,904.062016
1.9,10,904.065847
3.87,13,904.072381
3.84,16,904.078613
5.19,81,904.626531
1.96,4,904.628072
1.96,4,904.629516
3.88,12,904.633422
13.76,24,904.641044
1.96,4,904.642419
13.14,86,905.110526
13.66,34,905.151665
1.96,4,905.153183
1.96,4,905.154918
1.96,4,905.156504
3.84,16,905.163285
0.0,100,905.690359
3.87,13,905.695251
5.28,72,906.368078
3.9,10,906.37241
3.86,14,906.378085
1.96,4,906.379833
3.87,13,906.386185
3.83,17,906.394027
1.96,4,906.395835
0.0,100,906.922964
1.91,9,906.926339
3.7,30,906.936668
1.91,9,906.939839
0.0,100,907.72813
3.86,14,907.733724
1.81,19,907.740086
1.92,8,908.581576
13.65,35,908.593988
5.81,19,908.601968
1.92,8,908.605035
3.86,14,908.610154
3.77,23,908.618326
0.0,100,909.046991
3.88,12,909.058347
13.78,22,909.084428
1.96,4,909.086334
13.62,38,909.80319
3.88,12,909.807205
13.12,88,909.838574
3.87,13,910.659487
1.96,4,910.661028
3.87,13,910.666047
3.83,17,910.672244
3.85,15,910.677105
3.84,16,910.683608
3.84,16,910.689322
1.96,4,910.690759
13.75,25,910.699488
-0.03,3,910.700621
3.84,16,911.092571
3.93,7,911.094954
0.0,100,911.134265
3.89,11,911.138068
13.68,32,912.125164
3.84,16,912.131138
3.86,14,912.135667
5.19,81,912.800158
1.96,4,912.801749
3.83,17,912.807636
3.77,23,912.815404
3.85,15,912.820434
5.7,30,912.837116
5.54,46,913.253011
5.31,69,913.278495
5.65,35,913.291937
1.96,4,913.2934
5.64,36,914.035965
1.96,4,914.038024
5.74,26,914.047381
3.87,13,914.051806
3.93,7,914.054397
3.86,14,914.059253
5.74,26,914.068278
1.96,4,914.578366
13.59,41,914.592039
3.79,21,914.599558
3.86,14,914.604618
1.92,8,914.607446
1.9,10,914.610841
5.82,18,914.616485
3.87,13,914.62151
3.91,9,915.216845
1.96,4,915.218312
13.57,43,915.233077
3.85,15,915.23815
1.96,4,915.239607
5.75,25,915.247685
5.82,18,915.253715
1.93,7,915.256044
5.26,74,915.929202
13.24,76,916.660586
5.77,23,916.696006
13.79,21,916.709507
3.88,12,916.717089
1.96,4,916.718956
5.04,96,917.228727
13.56,44,917.244215
3.88,12,917.248269
3.86,14,917.253111
13.61,39,917.729203
3.87,13,917.733572
3.62,38,917.745867
13.75,25,917.754553
5.76,24,917.762681
5.53,47,918.258677
3.85,15,918.264462
3.77,23,918.27198
1.96,4,918.273515
13.8,20,918.279881
1.94,6,918.281937
13.78,22,918.738755
5.56,44,918.753766
3.75,25,918.762553
3.87,13,918.766987
3.85,15,918.772369
3.93,7,918.774826
1.96,4,918.776214
3.78,22,919.37148
3.79,21,919.379823
13.58,42,919.393818
13.52,48,919.413326
5.17,83,919.964765
3.93,7,919.967355
3.85,15,919.97311
13.79,21,919.981579
3.93,7,919.984412
13.62,38,920.764737
0.0,100,921.745749
13.56,44,921.761463
3.88,12,921.765415
3.86,14,921.769974
3.86,14,921.77449
1.96,4,921.776159
1.96,4,921.7776
5.82,18,921.783307
5.74,26,922.324853
1.96,4,922.327622
13.69,31,922.370335
13.7,30,922.384366
13.69,31,922.399494
1.96,4,922.401524
3.87,13,922.406414
13.63,37,922.782133
1.91,9,922.785383
3.85,15,922.790512
13.79,21,922.797406
3.86,14,922.801967
1.96,4,922.803378
5.73,27,922.81206
13.54,46,923.400765
13.68,32,923.414385
5.81,19,923.424707
3.87,13,923.429977
1.96,4,923.431448
3.86,14,923.43725
5.84,16,923.917996
13.01,99,923.950254
5.58,42,924.892267
5.77,23,924.900341
3.87,13,924.904752
5.65,35,924.916068
13.77,23,924.92502
5.63,37,925.390814
1.96,4,925.395623
13.69,31,925.41516
1.96,4,925.426003
1.96,4,925.427804
13.62,38,925.444818
3.85,15,925.450388
13.57,43,925.987508
13.42,58,926.00716
3.91,9,926.010498
1.96,4,926.011933
1.96,4,926.013287
1.96,4,926.014638
3.88,12,926.674864
13.42,58,926.694833
3.87,13,926.699673
13.76,24,926.707876
1.96,4,926.709308
5.51,49,927.274495
13.68,32,927.285815
13.67,33,927.297958
13.58,42,927.754763
3.86,14,927.760421
5.67,33,927.771499
1.96,4,927.773376
3.85,15,927.778883
13.71,29,927.788803
5.58,42,928.183506
3.77,23,928.196524
13.69,31,928.212577
1.96,4,928.214314
1.96,4,928.215742
3.87,13,928.220832
1.96,4,928.222565
5.22,78,929.074949
1.91,9,929.078176
3.87,13,929.082779
3.87,13,929.086997
5.77,23,929.095308
0.0,100,929.631003
1.96,4,929.632975
3.86,14,929.638309
3.86,14,929.643348
3.84,16,929.649424
13.76,24,930.331507
3.86,14,930.336729
3.84,16,930.342728
3.89,11,930.346867
13.67,33,930.360899
13.57,43,930.843208
13.68,32,930.85466
1.96,4,930.856148
1.96,4,930.859093
3.64,36,930.871539
1.96,4,930.873022
3.89,11,930.876696
1.96,4,930.878105
13.77,23,930.885539
1.96,4,930.887024
5.31,69,931.442326
13.67,33,931.481393
13.68,32,932.045468
1.96,4,932.047956
3.86,14,932.053029
13.71,29,932.062899
1.96,4,932.064361
5.38,62,932.084875
1.96,4,932.086359
3.93,7,932.886103
5.57,43,932.900982
5.76,24,932.908834
5.7,30,932.919168
3.91,9,932.922467
1.91,9,932.926129
1.96,4,932.927711
5.67,33,933.610764
13.56,44,933.627082
3.84,16,933.633157
1.93,7,933.635942
13.73,27,933.645839
3.86,14,934.084776
3.85,15,934.089653
3.87,13,934.0944
1.96,4,934.095896
13.69,31,934.105858
13.66,34,934.116636
3.84,16,934.121756
5.54,46,934.695046
5.77,23,934.703314
5.45,55,934.726119
3.86,14,934.732672
5.31,69,935.255139
13.65,35,935.266221
5.75,25,935.806233
3.86,14,935.811092
5.7,30,935.820732
13.7,30,935.830558
5.66,34,935.841702
1.92,8,935.844367
3.87,13,936.220033
5.44,56,936.238517
3.88,12,936.242458
5.81,19,936.248528
3.92,8,936.251144
3.86,14,936.255669
3.92,8,936.258269
1.96,4,936.259626
13.51,49,936.963067
13.69,31,936.978589
3.79,21,936.988303
5.72,28,936.997531
5.45,55,937.509532
13.48,52,937.526118
13.67,33,938.010203
1.91,9,938.01318
5.62,38,938.024833
3.83,17,938.030135
1.96,4,938.031468
13.77,23,938.038542
1.96,4,938.039875
1.96,4,938.041192
1.96,4,938.042509
3.85,15,938.047169
6.61,39,938.463554
5.26,74,938.489052
1.91,9,938.492057
3.86,14,939.251806
5.75,25,939.265979
3.84,16,939.272367
13.72,28,939.282535
3.84,16,939.290376
13.69,31,939.301736
3.88,12,939.671591
5.76,24,939.67972
13.63,37,939.691621
3.87,13,939.695804
1.93,7,939.69807
3.86,14,939.702446
3.86,14,939.706837
1.91,9,939.70969
3.87,13,940.182925
5.61,39,940.19875
5.73,27,940.20837
5.82,18,940.214494
1.96,4,940.215834
1.96,4,940.217164
5.82,18,940.223374
3.86,14,940.793365
1.91,9,940.796953
3.87,13,940.801968
5.57,43,940.816743
13.64,36,940.82904
5.74,26,941.291853
13.7,30,941.301516
3.84,16,941.306647
1.92,8,941.309278
1.96,4,941.310638
1.91,9,941.313543
1.96,4,941.314897
13.71,29,941.3241
3.83,17,941.329507
5.76,24,941.743521
3.86,14,941.748526
5.81,19,941.754588
3.85,15,941.759993
3.85,15,941.765239
1.93,7,941.767997
3.88,12,941.771836
1.96,4,941.773178
1.96,4,941.774518
3.85,15,941.779938
1.96,4,941.781286
1.96,4,942.093415
5.66,34,942.104894
13.68,32,942.115625
5.66,34,942.126772
5.53,47,942.507338
3.84,16,942.513204
5.67,33,942.524468
5.74,26,942.533337
3.85,15,942.538434
3.93,7,942.540891
5.51,49,942.924464
1.96,4,942.92619
3.83,17,942.932046
5.59,41,942.945891
3.84,16,942.951263
1.96,4,942.952748
-2.0,100,943.454525
3.84,16,943.461067
13.61,39,944.306698
3.5,50,944.323021
13.75,25,944.331033
3.79,21,944.337755
1.96,4,944.339133
3.66,34,944.945131
5.51,49,944.962977
1.96,4,944.964583
13.22,78,945.52171
3.88,12,945.525855
3.61,39,945.562464
5.53,47,945.580253
1.55,45,946.146001
-2.0,100,946.844613
-2.0,100,946.88737
0.0,100,947.640114
1.46,54,948.432591
-2.0,100,948.468907
5.34,66,949.308471
-2.0,100,949.960578
1.96,4,949.962189
1.96,4,949.963548
-2.0,100,950.826797
-2.0,100,950.909027
-2.0,100,951.755576
-4.0,100,952.540918
1.96,4,952.54318
-2.0,100,953.264407
-4.0,100,953.296558
-4.0,100,954.167871
-4.0,100,955.106121
-2.0,100,956.174259
1.96,4,956.17674
-4.0,100,957.014339
-4.0,100,957.057412
-4.0,100,957.938387
-4.0,100,958.747282
-4.0,100,959.421663
-4.0,100,960.313727
-4.0,100,960.347022
-4.0,100,961.130112
-4.0,100,961.780301
-4.0,100,962.49512
-4.0,100,962.530281
-4.0,100,963.284139
-4.0,100,963.918756
-2.0,100,964.542438
-4.0,100,965.304847
-4.0,100,965.335971
-4.0,100,966.013936
-2.0,100,966.59416
-4.0,100,967.200965
-4.0,100,967.232357
-2.0,100,968.008826
-4.0,100,969.21716
-4.0,100,970.151298
-4.0,100,970.802057
-4.0,100,970.83494
-4.0,100,971.54233
-4.0,100,972.193373
1.96,4,972.19499
-4.0,100,972.77293
-2.0,100,973.417156
1.96,4,973.41882
-4.0,100,973.450139
-2.0,100,974.192152
-4.0,100,974.815548
-4.0,100,975.431563
-4.0,100,975.462939
-4.0,100,976.327248
-4.0,100,976.969168
-0.03,3,976.970671
-4.0,100,977.539852
-4.0,100,978.170261
1.96,4,978.171898
-4.0,100,978.203396
-4.0,100,978.996948
-4.0,100,979.741026
-4.0,100,980.367767
-6.0,100,981.070432
-4.0,100,981.101691
-4.0,100,981.852478
-4.0,100,982.533929
-4.0,100,983.122474
-4.0,100,983.154453
-4.0,100,983.792381
0.54,46,984.435328
-4.0,100,984.466955
-4.0,100,985.13839
-4.0,100,985.742055
-4.0,100,986.362645
0.64,36,986.37428
-4.0,100,986.925939
0.16,84,986.952335
0.54,46,987.530618
0.38,62,987.549592
-0.03,3,987.550613
-4.0,100,988.025692
0.8,20,988.032278
0.63,37,988.643982
0.95,5,988.645768
1.96,4,988.647144
0.94,6,988.649132
1.96,4,988.650478
0.81,19,988.65646
0.94,6,988.658411
0.73,27,988.666829
0.91,9,988.669701
0.83,17,988.675065
-0.03,3,988.676099
0.94,6,988.678051
0.93,7,988.680305
0.8,20,989.031094
0.94,6,989.03317
2.94,6,989.035177
0.83,17,989.040555
0.85,15,989.045303
0.92,8,989.047883
0.69,31,989.057574
-0.03,3,989.058606
0.8,20,989.064888
-0.03,3,989.065914
0.94,6,989.067873
0.93,7,989.483185
0.85,15,989.488125
0.91,9,989.491056
0.91,9,989.493953
0.93,7,989.496287
0.79,21,989.50319
1.96,4,989.504638
-0.03,3,989.50573
0.9,10,989.50903
0.91,9,989.512065
0.69,31,989.522041
1.96,4,989.523478
0.94,6,989.947029
-0.03,3,989.94818
2.9,10,989.951408
0.84,16,989.957049
0.91,9,989.960362
1.96,4,989.961746
0.94,6,989.963743
0.87,13,989.967916
1.96,4,989.969275
1.96,4,989.970639
0.87,13,989.974779
0.94,6,989.97676
0.93,7,989.979076
0.9,10,989.982303
0.94,6,989.984283
0.85,15,990.259081
0.89,11,990.26277
0.92,8,990.26536
1.96,4,990.266703
-6.0,100,990.298923
0.95,5,991.094106
0.93,7,991.096558
0.95,5,991.098212
2.93,7,991.100459
0.8,20,991.107385
0.88,12,991.111365
0.86,14,991.115844
0.95,5,991.117568
0.95,5,991.119234
0.92,8,991.121817
2.94,6,991.123802
0.87,13,991.127943
0.88,12,991.132059
0.84,16,991.43586
1.96,4,991.437325
-0.03,3,991.438376
1.96,4,991.439735
1.96,4,991.44109
0.95,5,991.44277
0.94,6,991.445207
0.95,5,991.447024
0.88,12,991.450935
2.94,6,991.452934
0.93,7,991.45523
0.94,6,991.45724
0.92,8,991.459847
2.94,6,991.461825
0.93,7,991.464132
1.96,4,991.465477
0.84,16,991.47055
1.96,4,991.471893
-6.0,100,991.792178
1.96,4,991.793828
2.89,11,991.797777
2.93,7,991.800332
0.9,10,991.803552
2.93,7,991.805942
0.94,6,991.808312
2.94,6,992.570668
2.94,6,992.572791
0.95,5,992.574503
2.93,7,992.576852
0.89,11,992.580417
0.95,5,992.582092
1.96,4,992.583457
0.91,9,992.58638
1.96,4,992.587738
2.91,9,992.590655
2.93,7,992.592965
1.96,4,992.59432
1.96,4,992.595676
0.9,10,992.59894
0.92,8,992.60155
0.91,9,992.604466
2.94,6,992.606475
0.92,8,992.609065
0.91,9,992.8182
2.94,6,992.820306
2.94,6,992.822311
0.9,10,992.82556
0.95,5,992.827696
0.95,5,992.829531
2.94,6,992.831566
1.96,4,992.832954
2.94,6,992.83496
2.94,6,992.836974
2.94,6,992.83896
2.93,7,992.841263
2.94,6,992.843252
0.94,6,992.845239
2.94,6,992.847218
2.94,6,992.8492
2.94,6,992.851184
0.95,5,992.85284
2.91,9,992.855757
2.94,6,992.857746
0.88,12,993.057054
2.94,6,993.059177
2.94,6,993.061198
1.96,4,993.062585
1.96,4,993.063952
2.94,6,993.065943
2.91,9,993.068863
1.96,4,993.070224
0.95,5,993.071882
2.94,6,993.07387
0.81,19,993.079882
2.94,6,993.081947
2.93,7,993.084586
0.95,5,993.086509
1.96,4,993.087914
2.93,7,993.090192
1.96,4,993.091528
2.94,6,993.093478
1.96,4,993.094807
0.93,7,993.097051
0.9,10,993.404987
0.94,6,993.407036
-0.01,1,993.407455
-0.01,1,993.407862
2.94,6,993.409803
1.96,4,993.411126
-0.01,1,993.41153
2.94,6,993.413914
2.94,6,993.416022
2.92,8,993.418664
2.94,6,993.420676
0.95,5,993.422352
2.94,6,993.424343
-0.01,1,993.424767
2.93,7,993.427052
2.91,9,993.43031
0.88,12,993.434196
1.96,4,993.435555
0.95,5,993.437221
1.96,4,993.438577
2.93,7,993.440875
2.94,6,993.44286
2.92,8,993.445452
2.91,9,993.682608
0.95,5,993.684391
0.95,5,993.686075
2.94,6,993.688068
2.93,7,993.690661
0.92,8,993.693559
0.95,5,993.695299
2.94,6,993.697303
2.94,6,993.699299
0.95,5,993.700976
1.96,4,993.702349
0.9,10,993.705609
2.94,6,993.707588
1.96,4,993.708953
1.96,4,993.710331
1.96,4,993.711692
2.94,6,993.713668
0.93,7,993.715947
1.96,4,993.717302
0.95,5,993.718971
0.94,6,993.72094
1.96,4,993.722296
2.93,7,993.925796
2.94,6,993.927997
0.93,7,993.930295
2.93,7,993.932546
0.95,5,993.934181
2.94,6,993.936596
2.94,6,993.93871
2.94,6,993.940713
2.9,10,993.943952
2.92,8,993.946554
0.87,13,993.95073
2.93,7,993.953017
0.93,7,993.955288
0.95,5,993.956948
0.94,6,993.958956
0.93,7,993.96124
2.94,6,993.963227
0.91,9,993.966132
0.94,6,993.968108
0.95,5,994.205544
2.94,6,994.207622
2.94,6,994.20962
2.94,6,994.211573
0.95,5,994.213492
0.95,5,994.215399
0.9,10,994.218716
0.93,7,994.221021
1.96,4,994.222387
2.94,6,994.224379
0.95,5,994.226062
2.94,6,994.22804
1.96,4,994.229391
1.96,4,994.230738
0.95,5,994.23241
2.94,6,994.234388
2.94,6,994.236364
2.94,6,994.238333
2.94,6,994.240307
0.95,5,994.241958
2.94,6,994.243936
2.93,7,994.246203
0.94,6,994.448371
0.96,4,994.449874
1.96,4,994.451266
1.96,4,994.452637
0.93,7,994.454943
0.95,5,994.456629
2.91,9,994.459554
0.95,5,994.461236
1.96,4,994.462595
2.94,6,994.464572
2.93,7,994.46686
2.94,6,994.468838
1.96,4,994.4702
1.96,4,994.471568
0.95,5,994.473232
2.92,8,994.475823
0.95,5,994.477494
1.96,4,994.478852
0.94,6,994.480831
0.95,5,994.482484
2.94,6,994.484461
2.94,6,994.486443
2.94,6,994.488418
2.94,6,994.67789
2.94,6,994.680055
2.94,6,994.682065
1.96,4,994.683438
2.91,9,994.686379
2.93,7,994.688684
2.94,6,994.690675
0.95,5,994.692342
2.91,9,994.695261
1.96,4,994.696611
1.96,4,994.697965
2.94,6,994.699941
2.94,6,994.701918
1.96,4,994.703273
1.96,4,994.704619
2.94,6,994.706597
1.96,4,994.707985
2.92,8,994.710579
2.94,6,994.712548
2.94,6,994.714509
1.96,4,994.715864
2.94,6,994.717839
2.94,6,994.719819
-0.01,1,994.906202
-0.01,1,994.906763
2.94,6,994.908826
1.96,4,994.910189
-0.01,1,994.910604
1.96,4,994.91194
0.95,5,994.913577
-0.01,1,994.913987
1.96,4,994.915331
2.94,6,994.917273
2.94,6,994.919214
2.94,6,994.921152
2.94,6,994.923083
0.94,6,994.925011
2.94,6,994.926941
2.93,7,994.92918
2.94,6,994.931117
2.92,8,994.933658
2.94,6,994.935588
2.91,9,994.938424
-0.01,1,994.938822
1.96,4,994.940139
2.94,6,994.942063
2.93,7,994.944303
2.94,6,994.946234
2.94,6,995.139094
2.94,6,995.14127
2.93,7,995.143548
2.92,8,995.146106
1.96,4,995.147434
1.96,4,995.148777
1.96,4,995.150106
2.92,8,995.152645
2.94,6,995.154583
2.94,6,995.156508
2.94,6,995.158437
2.86,14,995.162804
2.92,8,995.165339
2.9,10,995.168466
2.94,6,995.170389
1.96,4,995.171713
0.94,6,995.173634
0.87,13,995.177673
2.94,6,995.179607
0.94,6,995.427934
2.94,6,995.430026
1.96,4,995.431411
-0.01,1,995.431833
0.91,9,995.434764
2.93,7,995.437062
-0.01,1,995.437481
0.95,5,995.43915
0.95,5,995.440815
1.96,4,995.44216
2.94,6,995.444148
2.94,6,995.446123
-0.01,1,995.446538
2.9,10,995.449751
0.94,6,995.451721
1.96,4,995.453063
2.94,6,995.455028
2.94,6,995.456988
-0.01,1,995.457393
2.93,7,995.459661
2.94,6,995.461624
2.9,10,995.464837
2.94,6,995.466804
2.94,6,995.46876
1.96,4,995.674063
2.94,6,995.676136
2.92,8,995.678729
1.96,4,995.680064
0.94,6,995.68232
2.94,6,995.684571
2.91,9,995.687537
1.96,4,995.68891
2.92,8,995.691534
2.94,6,995.693524
2.92,8,995.696134
1.96,4,995.697484
2.93,7,995.699784
-0.01,1,995.700196
1.96,4,995.701551
0.95,5,995.703223
1.96,4,995.70458
2.91,9,995.707488
2.94,6,995.709463
0.94,6,995.71143
0.94,6,995.713419
2.94,6,995.715383
2.94,6,995.901676
0.94,6,995.903723
1.96,4,995.905063
1.96,4,995.906389
0.95,5,995.908019
0.95,5,995.909654
2.94,6,995.911587
0.94,6,995.913513
-0.01,1,995.913911
-0.01,1,995.914309
0.93,7,995.916538
0.95,5,995.918158
1.96,4,995.919485
-0.01,1,995.919887
-4.0,100,996.829593
2.94,6,996.831784
1.96,4,996.833107
0.95,5,996.834736
0.95,5,996.836354
0.95,5,996.837976
0.95,5,996.839602
2.94,6,996.84153
1.96,4,996.842846
2.94,6,996.844778
1.96,4,996.84609
0.89,11,996.849519
2.94,6,996.851442
0.94,6,996.853367
2.94,6,996.855296
2.89,11,996.858735
0.94,6,996.86066
2.94,6,997.318645
0.91,9,997.321616
0.89,11,997.325072
2.94,6,997.327719
0.94,6,997.33003
0.94,6,997.332159
2.94,6,997.334206
0.94,6,997.336203
1.96,4,997.337565
0.95,5,997.339221
0.94,6,997.3412
2.94,6,997.343188
0.94,6,997.345178
2.94,6,997.347159
0.95,5,997.348807
1.96,4,997.350162
2.94,6,997.352124
2.94,6,997.354088
0.94,6,997.356062
1.96,4,997.357412
2.94,6,997.359379
2.92,8,997.573913
2.94,6,997.575962
1.96,4,997.577293
2.93,7,997.579537
2.93,7,997.582219
2.93,7,997.584684
1.96,4,997.586079
2.94,6,997.588099
0.92,8,997.590715
2.91,9,997.593669
2.94,6,997.595644
2.93,7,997.597932
2.94,6,997.59991
2.93,7,997.602198
2.94,6,997.604184
2.94,6,997.606156
2.94,6,997.608119
2.94,6,997.6101
1.96,4,997.611452
2.92,8,997.614025
0.95,5,997.796485
2.91,9,997.799477
0.85,15,997.804163
2.92,8,997.807258
1.96,4,997.80872
2.93,7,997.811034
0.95,5,997.812733
0.95,5,997.814402
-0.01,1,997.814834
1.96,4,997.816202
-0.01,1,997.816619
0.95,5,997.818299
0.96,4,997.819677
0.94,6,997.821657
0.8,20,997.828034
2.94,6,997.83046
2.93,7,997.833232
0.95,5,997.835207
0.94,6,997.837438
0.79,21,998.175519
0.92,8,998.178163
2.93,7,998.180416
2.94,6,998.182353
0.93,7,998.184589
2.9,10,998.187741
1.96,4,998.189048
0.88,12,998.192812
1.96,4,998.194147
2.81,19,998.200008
2.94,6,998.201944
2.91,9,998.20477
2.9,10,998.207932
-0.01,1,998.208337
0.86,14,998.495115
0.94,6,998.497262
2.93,7,998.499586
2.92,8,998.502249
1.96,4,998.503611
2.94,6,998.505598
0.93,7,998.507888
0.95,5,998.509554
2.94,6,998.511529
0.95,5,998.51319
0.94,6,998.515179
2.93,7,998.51747
0.89,11,998.521003
2.94,6,998.522984
1.96,4,998.524325
2.94,6,998.526297
0.9,10,998.5295
0.83,17,998.535011
0.88,12,998.834924
0.95,5,998.836712
1.96,4,998.838076
1.96,4,998.839433
0.95,5,998.841102
0.95,5,998.84277
2.93,7,998.845063
-0.01,1,998.845484
2.94,6,998.847463
0.95,5,998.84912
0.95,5,998.85079
2.94,6,998.852785
2.89,11,998.856311
2.88,12,998.860165
2.93,7,998.862438
1.96,4,998.863785
0.9,10,998.866995
1.96,4,998.868357
0.9,10,998.871571
2.94,6,998.873525
2.87,13,999.100029
2.94,6,999.10207
2.94,6,999.104032
0.95,5,999.105665
-4.0,100,999.137282
0.95,5,1000.006939
2.94,6,1000.00901
2.94,6,1000.010955
-4.0,100,1000.042683
1.96,4,1000.044314
-4.0,100,1000.8838
0.95,5,1000.88572
1.96,4,1000.887069
0.85,15,1000.891835
0.84,16,1001.67065
0.95,5,1001.672435
2.94,6,1001.674438
2.94,6,1001.676411
2.94,6,1001.67838
2.93,7,1001.680648
1.96,4,1001.681988
1.96,4,1001.68332
1.96,4,1001.684665
0.84,16,1001.690092
0.91,9,1001.693285
1.96,4,1001.695011
0.95,5,1001.696901
2.94,6,1001.699015
2.77,23,1001.706618
2.94,6,1001.708581
1.96,4,1001.709899
0.94,6,1001.711892
2.94,6,1002.069183
0.93,7,1002.071578
0.93,7,1002.073863
2.94,6,1002.07581
1.96,4,1002.077411
2.94,6,1002.079726
2.94,6,1002.081783
2.94,6,1002.083798
2.94,6,1002.085813
2.94,6,1002.087846
2.94,6,1002.089862
2.94,6,1002.092244
0.82,18,1002.098116
2.94,6,1002.100085
2.92,8,1002.10266
0.94,6,1002.104617
0.95,5,1002.106263
2.93,7,1002.108531
2.94,6,1002.110477
0.95,5,1002.408983
1.96,4,1002.41067
0.93,7,1002.413146
2.86,14,1002.417588
2.93,7,1002.419834
-0.01,1,1002.420243
0.94,6,1002.422169
1.96,4,1002.423498
-0.01,1,1002.423896
0.95,5,1002.425515
1.96,4,1002.426835
2.83,17,1002.432136
2.92,8,1002.434671
0.91,9,1002.437505
1.96,4,1002.438829
2.94,6,1002.440748
2.93,7,1002.442992
0.95,5,1002.444604
2.94,6,1002.44652
-0.01,1,1002.44692
0.95,5,1002.448537
2.94,6,1002.734834
1.96,4,1002.736437
-0.01,1,1002.73688
2.93,7,1002.739225
2.93,7,1002.741565
1.96,4,1002.742925
-0.01,1,1002.743342
-0.01,1,1002.74377
-0.01,1,1002.744186
2.94,6,1002.746183
1.96,4,1002.747542
2.94,6,1002.749526
-0.01,1,1002.749943
2.93,7,1002.752233
-0.01,1,1002.752662
2.93,7,1002.755541
1.96,4,1002.756989
-0.01,1,1002.757409
2.94,6,1002.759369
-0.01,1,1002.759787
0.91,9,1002.762657
2.94,6,1002.764976
2.94,6,1002.767144
2.94,6,1002.76915
2.94,6,1002.771161
0.83,17,1002.776553
2.94,6,1002.77854
2.83,17,1003.07991
0.95,5,1003.08184
2.87,13,1003.087469
0.88,12,1003.091648
2.94,6,1003.094121
1.96,4,1003.095683
2.94,6,1003.097704
0.95,5,1003.099373
2.94,6,1003.101358
2.77,23,1003.108997
1.96,4,1003.110547
2.94,6,1003.112736
0.95,5,1003.114527
0.94,6,1003.116648
0.94,6,1003.118673
1.96,4,1003.120069
2.94,6,1003.470945
2.92,8,1003.473718
0.94,6,1003.475712
2.94,6,1003.477706
0.95,5,1003.479391
0.95,5,1003.481074
2.94,6,1003.483052
1.96,4,1003.484407
1.96,4,1003.485769
0.94,6,1003.487752
2.9,10,1003.490985
1.96,4,1003.492352
0.93,7,1003.494659
0.95,5,1003.496332
0.84,16,1003.501423
0.87,13,1003.505617
0.94,6,1003.507583
2.94,6,1003.509569
2.93,7,1003.775512
0.88,12,1003.779624
0.94,6,1003.781636
2.94,6,1003.783629
2.94,6,1003.785625
0.85,15,1003.790403
2.94,6,1003.792386
2.94,6,1003.79436
2.94,6,1003.796336
0.79,21,1003.802967
1.96,4,1003.804331
2.74,26,1003.812512
2.94,6,1003.814499
1.96,4,1003.815842
2.92,8,1004.194664
2.94,6,1004.196738
2.94,6,1004.198691
2.94,6,1004.200634
2.93,7,1004.203329
0.9,10,1004.20669
0.83,17,1004.212096
-0.01,1,1004.212515
0.95,5,1004.214185
0.89,11,1004.217674
-0.01,1,1004.218089
0.86,14,1004.222501
2.93,7,1004.224766
1.96,4,1004.226109
2.89,11,1004.229639
0.95,5,1004.231301
2.94,6,1004.233279
2.94,6,1004.235239
0.8,20,1004.529363
1.96,4,1004.530801
-0.01,1,1004.531218
1.96,4,1004.532578
2.91,9,1004.535503
0.95,5,1004.537169
2.93,7,1004.539455
2.94,6,1004.541414
0.95,5,1004.54306
-0.01,1,1004.543462
2.9,10,1004.546632
0.95,5,1004.548276
2.94,6,1004.550226
2.93,7,1004.552489
1.96,4,1004.553831
0.9,10,1004.557037
0.74,26,1004.961273
2.94,6,1004.963982
2.94,6,1004.966034
0.84,16,1004.971203
-0.01,1,1004.971636
-0.01,1,1004.972061
1.96,4,1004.973433
2.94,6,1004.975441
2.74,26,1004.983661
2.87,13,1004.987772
-0.01,1,1004.98818
1.96,4,1004.989526
2.9,10,1004.992706
0.95,5,1004.994367
0.74,26,1005.002455
1.96,4,1005.410106
2.93,7,1005.412512
2.94,6,1005.414476
2.94,6,1005.416428
0.95,5,1005.418323
-0.01,1,1005.418959
2.94,6,1005.421146
0.84,16,1005.426386
0.84,16,1005.431552
2.9,10,1005.434818
2.94,6,1005.43683
-0.01,1,1005.437253
2.89,11,1005.440831
2.94,6,1005.442843
2.94,6,1005.444824
2.94,6,1005.446809
0.79,21,1005.731257
2.89,11,1005.734882
0.85,15,1005.739617
2.94,6,1005.741567
0.95,5,1005.743202
1.96,4,1005.744523
1.96,4,1005.745845
2.94,6,1005.747784
2.94,6,1005.749735
2.94,6,1005.751694
1.96,4,1005.753018
2.94,6,1005.754954
2.93,7,1005.757197
0.95,5,1005.758835
2.93,7,1005.761073
0.88,12,1005.76482
0.84,16,1005.769815
2.93,7,1006.042235
0.95,5,1006.044038
2.94,6,1006.046033
1.96,4,1006.047394
-0.01,1,1006.047814
2.94,6,1006.049794
1.96,4,1006.051686
1.96,4,1006.053187
2.92,8,1006.055873
2.91,9,1006.05886
2.93,7,1006.06121
2.94,6,1006.06323
2.94,6,1006.065248
2.78,22,1006.072288
2.94,6,1006.074281
2.92,8,1006.076891
2.93,7,1006.079201
2.94,6,1006.081207
2.83,17,1006.452152
2.94,6,1006.454274
2.94,6,1006.456291
0.9,10,1006.459553
1.96,4,1006.460918
0.92,8,1006.46381
1.96,4,1006.465248
1.96,4,1006.466644
2.94,6,1006.468677
2.94,6,1006.470737
2.92,8,1006.473389
1.96,4,1006.474749
2.94,6,1006.476756
2.94,6,1006.478757
0.95,5,1006.480436
0.9,10,1006.483778
0.95,5,1006.485481
0.95,5,1006.48714
2.94,6,1006.489121
1.96,4,1006.490477
2.94,6,1006.492456
2.93,7,1006.697434
0.95,5,1006.699231
1.96,4,1006.700618
2.71,29,1006.709821
2.89,11,1006.713353
1.96,4,1006.714717
0.94,6,1006.716697
2.94,6,1006.718679
1.96,4,1006.720031
0.95,5,1006.721689
2.93,7,1006.723968
0.95,5,1006.725644
2.94,6,1006.727857
2.94,6,1006.730147
0.9,10,1006.733396
2.83,17,1007.1609
1.96,4,1007.162396
1.96,4,1007.163778
2.93,7,1007.166063
1.87,13,1007.170733
0.94,6,1007.172862
1.96,4,1007.174257
0.87,13,1007.178459
0.95,5,1007.180137
0.89,11,1007.183692
2.94,6,1007.185661
1.96,4,1007.18703
1.8,20,1007.193368
1.94,6,1007.195338
1.83,17,1007.200737
0.89,11,1007.525324
0.9,10,1007.528658
0.91,9,1007.531578
2.94,6,1007.533582
2.94,6,1007.535561
-0.01,1,1007.535976
0.92,8,1007.538573
0.95,5,1007.540231
2.93,7,1007.542518
0.88,12,1007.546353
0.9,10,1007.549575
0.87,13,1007.553707
2.94,6,1007.555664
-0.01,1,1007.556072
2.87,13,1007.56021
0.88,12,1007.564048
2.9,10,1007.797268
0.94,6,1007.799319
2.94,6,1007.801282
2.94,6,1007.803227
2.94,6,1007.805172
0.9,10,1007.808335
2.94,6,1007.810262
0.85,15,1007.814934
0.87,13,1007.818974
2.88,12,1007.822734
1.96,4,1007.824049
1.96,4,1007.825365
2.93,7,1007.827587
2.94,6,1007.829501
2.94,6,1007.831425
2.88,12,1007.835161
0.81,19,1008.100164
0.89,11,1008.103885
2.86,14,1008.108364
1.96,4,1008.10972
2.94,6,1008.111688
2.94,6,1008.113663
1.96,4,1008.115006
1.96,4,1008.116371
2.92,8,1008.118964
2.92,8,1008.121594
0.89,11,1008.125107
2.93,7,1008.127383
1.96,4,1008.128731
2.94,6,1008.130691
2.91,9,1008.133583
2.89,11,1008.418051
2.94,6,1008.420168
0.92,8,1008.422768
0.95,5,1008.424408
2.94,6,1008.426352
0.95,5,1008.42846
0.8,20,1008.43498
2.94,6,1008.436992
0.95,5,1008.438666
-0.01,1,1008.439084
0.95,5,1008.440754
1.96,4,1008.4421
0.95,5,1008.443779
0.79,21,1008.45036
1.96,4,1008.451714
1.96,4,1008.453045
2.91,9,1008.456145
0.95,5,1008.45825
1.96,4,1008.459839
2.94,6,1008.878623
-0.01,1,1008.879149
0.83,17,1008.884628
2.92,8,1008.887857
2.91,9,1008.890944
2.75,25,1008.899072
2.93,7,1008.901494
2.9,10,1008.905262
0.85,15,1008.910047
2.94,6,1008.912009
0.95,5,1008.914469
0.92,8,1008.917389
2.94,6,1008.919359
-0.01,1,1008.919766
2.94,6,1008.921724
2.94,6,1009.323934
2.93,7,1009.328045
2.94,6,1009.33097
2.94,6,1009.333577
1.96,4,1009.335113
2.94,6,1009.33724
2.94,6,1009.33936
2.94,6,1009.341474
2.94,6,1009.343719
2.93,7,1009.346138
-0.01,1,1009.346594
1.96,4,1009.347993
0.95,5,1009.34971
2.94,6,1009.351743
-0.01,1,1009.352172
-0.01,1,1009.352592
2.94,6,1009.354604
0.96,4,1009.355994
1.96,4,1009.357361
1.96,4,1009.358747
-0.01,1,1009.359172
2.94,6,1009.361198
2.94,6,1009.36321
1.96,4,1009.364578
2.93,7,1009.366881
0.92,8,1009.369547
1.96,4,1009.64413
2.93,7,1009.646587
0.95,5,1009.6483
2.94,6,1009.650311
2.92,8,1009.65295
-0.01,1,1009.653366
0.9,10,1009.656607
2.94,6,1009.65858
0.95,5,1009.660238
2.94,6,1009.662223
2.94,6,1009.664215
2.94,6,1009.666199
2.94,6,1009.668181
2.94,6,1009.670167
2.94,6,1009.672155
2.89,11,1009.675682
2.94,6,1009.677656
2.94,6,1009.679638
2.87,13,1009.683812
0.9,10,1009.925663
2.94,6,1009.927792
2.93,7,1009.930153
0.95,5,1009.93185
2.94,6,1009.934461
1.96,4,1009.936332
1.96,4,1009.938376
0.94,6,1009.941379
2.93,7,1009.944031
0.91,9,1009.947486
0.95,5,1009.949285
2.94,6,1009.951337
-0.01,1,1009.951798
2.94,6,1009.954161
0.95,5,1009.956468
1.96,4,1009.957928
0.95,5,1009.959674
2.84,16,1009.966107
0.96,4,1009.967687
2.9,10,1009.971564
1.96,4,1009.973001
2.94,6,1010.283007
2.93,7,1010.285448
2.94,6,1010.287456
0.87,13,1010.291644
0.88,12,1010.295507
0.9,10,1010.298741
0.95,5,1010.300827
0.95,5,1010.302564
0.92,8,1010.305188
2.94,6,1010.307156
2.94,6,1010.309395
2.94,6,1010.311589
1.96,4,1010.313014
1.96,4,1010.314392
2.94,6,1010.316392
2.91,9,1010.319321
2.94,6,1010.321299
2.93,7,1010.323591
2.94,6,1010.568858
2.94,6,1010.571392
2.94,6,1010.574978
2.93,7,1010.579663
-0.01,1,1010.580092
0.95,5,1010.581779
0.94,6,1010.583776
2.94,6,1010.585777
2.94,6,1010.587763
1.96,4,1010.589113
0.96,4,1010.590462
0.94,6,1010.592429
2.94,6,1010.594405
2.94,6,1010.596394
1.96,4,1010.597753
0.94,6,1010.599725
2.94,6,1010.601681
2.94,6,1010.603646
1.96,4,1010.604993
2.53,47,1011.146544
2.93,7,1011.148962
2.93,7,1011.15131
2.94,6,1011.153311
1.96,4,1011.154684
1.96,4,1011.156057
2.94,6,1011.158039
2.94,6,1011.160113
2.94,6,1011.162113
2.94,6,1011.164106
0.95,5,1011.165769
0.84,16,1011.170881
1.96,4,1011.172227
2.94,6,1011.1742
2.93,7,1011.176499
2.94,6,1011.178588
2.85,15,1011.183917
2.94,6,1011.518246
2.75,25,1011.526272
0.9,10,1011.529471
0.95,5,1011.53113
0.88,12,1011.534946
2.92,8,1011.537526
2.92,8,1011.540085
0.95,5,1011.541713
2.94,6,1011.543653
0.87,13,1011.547726
1.96,4,1011.549088
2.88,12,1011.552895
2.94,6,1011.554847
1.96,4,1011.556192
-0.01,1,1011.556601
1.96,4,1011.557928
2.91,9,1011.94768
2.94,6,1011.949766
0.94,6,1011.951759
1.96,4,1011.953124
2.94,6,1011.955115
0.81,19,1011.961117
0.95,5,1011.962776
0.95,5,1011.964435
2.94,6,1011.966405
2.94,6,1011.968372
0.94,6,1011.970359
1.96,4,1011.971693
2.9,10,1011.974874
0.63,37,1011.987151
2.89,11,1012.500051
1.96,4,1012.501494
0.94,6,1012.503486
2.94,6,1012.505469
0.95,5,1012.50713
0.95,5,1012.508786
0.63,37,1012.520358
2.92,8,1012.522961
0.96,4,1012.524328
0.95,5,1012.525988
2.83,17,1012.531387
1.96,4,1012.532727
2.94,6,1012.534691
1.96,4,1012.536041
2.89,11,1013.010943
2.94,6,1013.01304
1.96,4,1013.014428
2.94,6,1013.016415
0.95,5,1013.018282
1.96,4,1013.019965
2.94,6,1013.022016
2.94,6,1013.024025
2.94,6,1013.026021
0.89,11,1013.029587
0.9,10,1013.032812
1.96,4,1013.034157
0.95,5,1013.035819
1.96,4,1013.037168
0.91,9,1013.040054
1.96,4,1013.041404
0.95,5,1013.043058
2.93,7,1013.045354
0.94,6,1013.047329
2.94,6,1013.049304
2.94,6,1013.051276
2.92,8,1013.266813
2.94,6,1013.268893
0.88,12,1013.27278
2.94,6,1013.274797
2.94,6,1013.27678
0.83,17,1013.282217
0.94,6,1013.284728
2.93,7,1013.287581
2.94,6,1013.28994
2.94,6,1013.292241
0.89,11,1013.296247
-0.01,1,1013.296701
2.94,6,1013.298773
0.95,5,1013.300585
2.94,6,1013.302696
0.95,5,1013.304457
1.96,4,1013.306015
2.94,6,1013.308032
0.95,5,1013.309684
0.95,5,1013.598155
0.94,6,1013.600248
0.84,16,1013.605326
0.95,5,1013.607401
2.92,8,1013.610201
0.95,5,1013.611905
0.95,5,1013.613614
0.88,12,1013.617497
2.94,6,1013.619482
0.76,24,1013.627037
2.94,6,1013.629025
2.94,6,1013.63104
2.94,6,1013.633019
2.92,8,1013.635599
2.94,6,1013.637596
2.94,6,1013.639562
2.92,8,1013.998623
2.94,6,1014.0007
2.94,6,1014.002735
2.93,7,1014.005068
2.94,6,1014.007051
2.93,7,1014.009369
0.95,5,1014.011028
2.93,7,1014.013332
2.94,6,1014.01532
0.9,10,1014.018551
1.96,4,1014.019905
0.82,18,1014.025648
2.94,6,1014.027628
0.94,6,1014.029592
2.93,7,1014.031877
2.94,6,1014.033851
0.91,9,1014.036751
2.94,6,1014.336374
2.94,6,1014.33853
1.96,4,1014.339907
0.95,5,1014.341573
0.95,5,1014.343238
1.96,4,1014.344586
0.9,10,1014.347813
2.94,6,1014.349786
1.96,4,1014.351142
2.94,6,1014.353117
1.96,4,1014.354455
1.96,4,1014.3558
2.94,6,1014.357761
0.89,11,1014.361245
0.89,11,1014.364753
0.87,13,1014.368863
2.75,25,1014.376712
0.86,14,1014.77452
0.89,11,1014.778158
0.94,6,1014.780147
2.94,6,1014.78239
2.68,32,1014.793525
1.96,4,1014.79494
0.94,6,1014.796931
2.91,9,1014.799831
1.96,4,1014.801456
2.94,6,1014.803893
2.94,6,1014.805995
2.94,6,1014.807991
1.96,4,1014.809343
2.94,6,1014.811589
2.94,6,1014.81383
2.94,6,1015.272401
0.89,11,1015.276117
2.93,7,1015.278448
2.93,7,1015.280753
2.94,6,1015.282735
0.95,5,1015.284398
0.9,10,1015.287591
0.88,12,1015.291426
0.65,35,1015.302809
2.94,6,1015.304902
2.93,7,1015.307215
0.39,61,1015.908211
-0.01,1,1015.908712
2.93,7,1015.910999
2.94,6,1015.912966
2.94,6,1015.914931
-0.01,1,1015.915343
-0.01,1,1015.915754
0.9,10,1015.918969
2.94,6,1015.920932
1.96,4,1015.922266
-0.01,1,1015.922678
2.94,6,1015.924685
1.96,4,1015.926038
-0.01,1,1015.926464
1.96,4,1015.927842
0.89,11,1015.931894
2.94,6,1015.93392
2.87,13,1016.468083
2.92,8,1016.471672
2.94,6,1016.473717
2.94,6,1016.475743
0.92,8,1016.478363
0.77,23,1016.485602
0.9,10,1016.488809
1.96,4,1016.490155
2.94,6,1016.492116
1.96,4,1016.493453
2.9,10,1016.496657
2.93,7,1016.498964
2.94,6,1016.501487
0.95,5,1016.503664
2.94,6,1016.505958
0.88,12,1016.509853
2.94,6,1016.511888
2.86,14,1016.872579
2.92,8,1016.875226
0.89,11,1016.879218
0.95,5,1016.88098
0.93,7,1016.883295
0.92,8,1016.885892
2.94,6,1016.888141
2.94,6,1016.890251
2.94,6,1016.892305
1.96,4,1016.893701
1.96,4,1016.895094
0.96,4,1016.896482
0.95,5,1016.898172
1.91,9,1016.901126
0.89,11,1016.904687
0.96,4,1016.90605
1.96,4,1016.907442
2.94,6,1016.90944
2.85,15,1017.155071
1.96,4,1017.156522
2.94,6,1017.158521
1.96,4,1017.159891
2.94,6,1017.161883
2.94,6,1017.163867
2.83,17,1017.169275
0.74,26,1017.177472
-0.01,1,1017.17789
2.94,6,1017.179859
2.93,7,1017.182148
0.63,37,1017.665128
2.94,6,1017.667366
2.94,6,1017.669389
2.89,11,1017.672931
0.91,9,1017.675839
1.96,4,1017.677177
2.94,6,1017.679149
2.9,10,1017.682362
0.94,6,1017.684319
0.94,6,1017.686304
2.94,6,1017.688273
2.9,10,1017.691478
0.96,4,1017.69282
1.96,4,1017.694162
2.92,8,1017.696736
2.9,10,1017.69993
2.94,6,1017.701885
0.91,9,1017.70477
1.96,4,1017.706107
2.88,12,1017.909877
2.94,6,1017.911906
2.94,6,1017.913871
1.96,4,1017.915195
0.89,11,1017.919198
2.93,7,1017.921582
2.85,15,1017.926386
2.94,6,1017.928391
1.96,4,1017.92985
1.96,4,1017.931255
1.96,4,1017.932685
0.92,8,1017.935537
2.83,17,1017.9413
2.91,9,1017.944366
2.94,6,1017.946444
2.94,6,1017.948433
0.94,6,1018.230684
2.93,7,1018.233209
2.93,7,1018.235502
2.94,6,1018.237463
0.91,9,1018.240363
1.9,10,1018.243528
2.94,6,1018.245465
2.9,10,1018.248613
2.94,6,1018.250555
2.93,7,1018.252794
2.88,12,1018.256531
0.95,5,1018.258153
0.94,6,1018.26009
1.96,4,1018.261406
2.94,6,1018.263348
1.87,13,1018.267393
2.69,31,1018.508688
1.96,4,1018.51014
2.93,7,1018.512798
0.9,10,1018.516213
0.94,6,1018.518214
1.96,4,1018.519572
1.91,9,1018.522501
2.89,11,1018.526041
2.94,6,1018.527996
2.9,10,1018.531179
1.91,9,1018.534067
1.96,4,1018.535412
2.74,26,1018.543512
2.94,6,1018.911045
2.91,9,1018.914525
0.86,14,1018.920028
0.95,5,1018.921954
2.89,11,1018.925553
1.84,16,1018.930766
2.67,33,1018.940983
1.9,10,1018.944138
1.88,12,1018.947847
2.94,6,1018.949779
2.94,6,1018.951698
1.92,8,1019.398797
0.93,7,1019.401232
2.91,9,1019.404145
1.96,4,1019.405506
2.93,7,1019.408285
1.96,4,1019.409744
1.96,4,1019.411115
0.87,13,1019.4153
2.94,6,1019.417306
2.91,9,1019.420192
2.84,16,1019.425537
1.96,4,1019.427034
0.78,22,1019.434749
1.96,4,1019.436702
1.89,11,1019.440989
2.47,53,1019.804268
2.89,11,1019.807902
2.9,10,1019.81113
2.88,12,1019.815
2.91,9,1019.817905
2.93,7,1019.820181
1.96,4,1019.82152
2.93,7,1019.823799
2.85,15,1019.828557
2.94,6,1020.484608
2.75,25,1020.493398
2.85,15,1020.498369
2.94,6,1020.500332
1.96,4,1020.501666
0.96,4,1020.503547
2.89,11,1020.507539
2.94,6,1020.509588
2.63,37,1020.52148
2.85,15,1020.526627
0.95,5,1021.021356
1.96,4,1021.022843
2.89,11,1021.026389
2.79,21,1021.033542
2.71,29,1021.042716
1.88,12,1021.046541
2.94,6,1021.048518
0.92,8,1021.051102
2.94,6,1021.053065
2.93,7,1021.055333
3.75,25,1021.449422
0.95,5,1021.451248
2.9,10,1021.454543
2.44,56,1021.472157
1.85,15,1021.476944
1.96,4,1021.4783
2.48,52,1022.045964
2.87,13,1022.050227
1.96,4,1022.051581
2.92,8,1022.054175
1.88,12,1022.057997
2.92,8,1022.060569
1.96,4,1022.061909
2.56,44,1022.075463
1.96,4,1022.076799
2.64,36,1022.643835
1.78,22,1022.650947
2.89,11,1022.654442
0.84,16,1022.659416
2.69,31,1022.668905
2.58,42,1023.012872
1.96,4,1023.014315
1.96,4,1023.015675
3.79,21,1023.022902
2.51,49,1023.038278
2.29,71,1023.517319
2.94,6,1023.519339
2.86,14,1023.523681
1.96,4,1023.525023
2.75,25,1023.532705
2.87,13,1023.536761
2.46,54,1023.945676
1.96,4,1023.947122
3.64,36,1023.958595
1.96,4,1023.959964
2.9,10,1023.963241
1.96,4,1023.964694
3.51,49,1024.402559
2.94,6,1024.405915
4.57,43,1024.419434
2.84,16,1024.424549
2.51,49,1024.439826
1.96,4,1024.441169
3.65,35,1024.897217
2.46,54,1024.913762
1.96,4,1024.915091
2.32,68,1025.381093
2.81,19,1025.387053
1.96,4,1025.388386
3.75,25,1025.396434
4.53,47,1025.410859
1.75,25,1025.82158
4.58,42,1025.83478
2.89,11,1025.838324
2.87,13,1025.842426
2.89,11,1025.84592
2.8,20,1025.852145
4.46,54,1026.239558
4.84,16,1026.244704
13.38,62,1026.26389
1.96,4,1026.265245
1.89,11,1026.752665
2.74,26,1026.760996
0.95,5,1026.762658
5.59,41,1026.775521
1.81,19,1026.781527
4.64,36,1027.168003
0.0,100,1027.199199
2.23,77,1027.886398
13.23,77,1028.46567
5.74,26,1028.474071
1.79,21,1028.480686
3.79,21,1028.487319
2.39,61,1028.96678
3.63,37,1028.978542
1.96,4,1028.979903
1.79,21,1028.986563
3.8,20,1028.992892
5.68,32,1029.002891
2.85,15,1029.401746
3.83,17,1029.407216
2.84,16,1029.41219
1.96,4,1029.413511
3.74,26,1029.421491
5.56,44,1029.434838
1.79,21,1029.8057
3.82,18,1029.811444
1.96,4,1029.812809
1.81,19,1029.818716
3.77,23,1029.825835
0.94,6,1029.827785
3.8,20,1029.83401
1.79,21,1029.840537
3.77,23,1030.137301
3.69,31,1030.14718
3.79,21,1030.153691
3.85,15,1030.158355
1.96,4,1030.159681
3.73,27,1030.16797
3.72,28,1030.485432
3.8,20,1030.491878
5.76,24,1030.499911
3.74,26,1030.508099
13.71,29,1030.517382
3.76,24,1030.834406
3.83,17,1030.840527
3.74,26,1030.848754
3.67,33,1030.859109
1.96,4,1030.860466
1.76,24,1030.867997
1.96,4,1030.869343
2.88,12,1030.873172
1.96,4,1031.312134
13.69,31,1031.322229
1.79,21,1031.328882
3.84,16,1031.333974
3.75,25,1031.341846
1.8,20,1031.348165
2.82,18,1031.667546
2.81,19,1031.673749
3.75,25,1031.68161
3.85,15,1031.686367
1.78,22,1031.69326
1.96,4,1031.694609
2.86,14,1031.699047
3.81,19,1031.705012
1.76,24,1032.016338
1.96,4,1032.017841
3.83,17,1032.023468
3.82,18,1032.029422
13.66,34,1032.040385
3.78,22,1032.047234
1.79,21,1032.415333
0.94,6,1032.41745
1.96,4,1032.41883
3.78,22,1032.425862
1.96,4,1032.427223
4.83,17,1032.432744
3.74,26,1032.440931
3.66,34,1032.45162
3.58,42,1032.943519
3.83,17,1032.949058
3.86,14,1032.953542
5.68,32,1032.963558
3.85,15,1032.968314
5.72,28,1033.307296
3.84,16,1033.312515
1.96,4,1033.313897
3.67,33,1033.324321
5.56,44,1033.338042
3.84,16,1033.343104
3.77,23,1033.740729
1.96,4,1033.742165
2.93,7,1033.744456
1.76,24,1033.75198
3.87,13,1033.756098
1.96,4,1033.757442
3.69,31,1033.767081
3.75,25,1033.774861
5.73,27,1034.142152
3.87,13,1034.146324
5.68,32,1034.156118
3.79,21,1034.162596
2.89,11,1034.166023
3.86,14,1034.170364
-0.01,1,1034.170774
2.52,48,1034.602631
3.63,37,1034.614436
3.89,11,1034.617998
1.81,19,1034.624014
5.76,24,1035.020554
1.69,31,1035.030551
5.56,44,1035.044255
3.89,11,1035.047767
3.92,8,1035.050347
3.49,51,1035.52568
13.74,26,1035.533812
3.93,7,1035.536059
3.64,36,1035.547054
3.72,28,1035.555621
3.8,20,1035.930248
1.96,4,1035.931749
3.85,15,1035.936644
3.84,16,1035.941837
1.96,4,1035.943226
1.9,10,1035.946479
5.73,27,1035.955038
5.75,25,1035.962972
1.96,4,1035.964343
3.91,9,1035.967274
3.87,13,1036.372945
5.8,20,1036.379358
1.88,12,1036.383703
3.78,22,1036.39076
3.91,9,1036.39366
3.87,13,1036.397776
3.87,13,1036.401885
13.72,28,1036.410583
3.87,13,1036.810327
3.85,15,1036.815242
3.89,11,1036.818798
1.87,13,1036.822955
1.89,11,1036.826487
3.85,15,1036.83125
3.84,16,1036.836322
5.83,17,1036.841697
1.96,4,1036.843067
5.79,21,1037.129903
1.96,4,1037.131362
5.83,17,1037.13671
13.73,27,1037.145819
1.88,12,1037.150204
1.89,11,1037.153819
0.97,3,1037.154883
5.74,26,1037.163145
3.78,22,1037.17014
3.88,12,1037.577542
3.85,15,1037.583193
5.8,20,1037.58958
3.86,14,1037.594049
1.9,10,1037.597263
1.96,4,1037.598655
3.85,15,1037.603432
1.96,4,1037.604776
3.86,14,1037.60923
2.9,10,1037.612442
1.85,15,1037.908409
3.88,12,1037.912325
5.82,18,1037.918331
5.82,18,1037.924212
3.87,13,1037.928406
5.81,19,1037.93443
1.96,4,1037.935775
1.91,9,1037.93864
1.9,10,1037.941823
3.93,7,1037.944091
1.91,9,1037.946961
3.74,26,1038.248995
3.91,9,1038.251992
5.85,15,1038.256783
13.77,23,1038.264022
3.85,15,1038.268756
1.88,12,1038.272594
13.76,24,1038.280465
13.81,19,1038.624915
3.82,18,1038.630766
13.79,21,1038.63745
3.88,12,1038.642653
1.96,4,1038.644119
1.91,9,1038.647081
1.92,8,1038.649696
3.89,11,1038.653221
5.76,24,1038.66075
1.96,4,1038.662098
3.84,16,1039.012843
1.96,4,1039.014308
5.76,24,1039.021894
1.92,8,1039.024487
13.81,19,1039.030499
3.81,19,1039.036489
1.96,4,1039.037837
3.84,16,1039.042909
3.9,10,1039.046128
1.9,10,1039.049322
1.96,4,1039.050668
3.9,10,1039.407921
1.89,11,1039.411496
1.9,10,1039.414909
3.88,12,1039.419116
5.85,15,1039.423937
5.79,21,1039.430587
2.88,12,1039.434429
3.83,17,1039.439792
3.87,13,1039.443923
3.9,10,1039.447115
5.82,18,1039.803343
1.96,4,1039.8048
1.87,13,1039.808959
5.81,19,1039.814942
3.88,12,1039.818778
1.96,4,1039.820156
13.82,18,1039.825852
3.86,14,1039.830323
3.85,15,1039.835076
3.88,12,1040.132131
3.89,11,1040.136249
3.85,15,1040.141283
3.79,21,1040.147959
3.87,13,1040.152117
1.88,12,1040.155944
1.96,4,1040.157286
3.9,10,1040.160493
3.86,14,1040.164937
1.96,4,1040.166285
3.91,9,1040.169202
1.96,4,1040.170548
1.96,4,1040.171902
3.84,16,1040.517714
5.76,24,1040.525496
3.91,9,1040.531998
3.75,25,1040.542341
3.88,12,1040.546271
5.82,18,1040.55199
1.91,9,1040.554906
3.88,12,1040.558748
3.86,14,1040.922863
5.81,19,1040.929143
1.92,8,1040.931778
3.88,12,1040.93563
3.85,15,1040.940414
1.88,12,1040.944261
3.88,12,1040.948095
3.86,14,1040.952742
3.85,15,1040.957504
2.93,7,1040.959789
1.96,4,1040.961147
3.86,14,1041.253871
5.81,19,1041.260108
5.8,20,1041.266986
1.85,15,1041.27179
3.74,26,1041.280852
5.75,25,1041.289448
1.96,4,1041.290904
1.96,4,1041.292265
1.88,12,1041.666607
3.81,19,1041.672901
1.96,4,1041.674298
5.82,18,1041.680077
3.93,7,1041.682393
3.82,18,1041.688148
5.83,17,1041.693588
5.83,17,1041.699005
3.87,13,1041.703201
5.83,17,1042.017778
1.88,12,1042.022094
1.9,10,1042.025457
3.8,20,1042.03208
3.9,10,1042.035374
5.83,17,1042.040743
3.9,10,1042.043943
3.77,23,1042.051161
3.87,13,1042.055292
5.85,15,1042.399611
1.96,4,1042.401089
5.84,16,1042.406599
5.74,26,1042.415067
1.89,11,1042.418684
13.82,18,1042.424459
1.89,11,1042.428027
13.82,18,1042.433759
1.9,10,1042.436995
1.96,4,1042.438347
5.76,24,1042.819457
5.78,22,1042.826511
1.96,4,1042.827887
3.89,11,1042.831406
1.9,10,1042.834612
13.8,20,1042.840907
3.93,7,1042.843198
13.82,18,1042.848883
3.88,12,1042.852706
1.96,4,1043.204435
5.84,16,1043.209619
1.96,4,1043.210984
3.83,17,1043.216304
1.93,7,1043.218556
1.91,9,1043.221399
5.83,17,1043.226731
1.91,9,1043.229609
5.84,16,1043.234603
5.83,17,1043.239926
3.84,16,1043.520428
3.93,7,1043.522864
3.88,12,1043.526892
1.96,4,1043.5283
3.84,16,1043.533407
1.91,9,1043.53631
13.77,23,1043.543549
5.82,18,1043.549235
1.96,4,1043.550576
1.91,9,1043.553518
3.86,14,1043.557977
3.93,7,1043.560249
5.79,21,1043.903496
1.96,4,1043.904931
3.84,16,1043.910515
3.92,8,1043.913191
3.87,13,1043.917312
3.85,15,1043.922027
3.89,11,1043.925495
1.92,8,1043.928063
0.95,5,1043.929698
1.89,11,1043.933158
5.82,18,1044.250655
13.81,19,1044.2569
3.88,12,1044.261191
1.88,12,1044.26522
5.85,15,1044.27003
13.62,38,1044.282021
1.9,10,1044.285241
1.96,4,1044.286598
3.88,12,1044.290458
1.96,4,1044.291817
13.79,21,1044.800013
3.86,14,1044.804563
2.93,7,1044.80687
5.83,17,1044.812224
3.91,9,1044.815107
3.86,14,1044.81952
3.91,9,1044.822413
3.85,15,1044.827147
1.96,4,1044.828494
5.8,20,1045.133338
3.86,14,1045.138088
3.84,16,1045.143249
3.87,13,1045.147845
3.89,11,1045.151478
3.89,11,1045.154956
13.67,33,1045.165146
1.91,9,1045.167997
3.88,12,1045.171761
1.88,12,1045.647271
3.92,8,1045.650237
3.81,19,1045.656404
3.93,7,1045.658671
3.85,15,1045.663377
1.96,4,1045.664707
1.88,12,1045.668473
3.79,21,1045.674983
1.93,7,1045.67721
1.9,10,1045.68037
3.78,22,1046.004674
3.83,17,1046.010242
1.89,11,1046.013716
1.92,8,1046.016274
5.78,22,1046.023041
1.91,9,1046.025882
1.9,10,1046.028995
3.88,12,1046.032725
1.96,4,1046.034045
5.85,15,1046.038679
1.9,10,1046.041789
1.88,12,1046.372828
3.84,16,1046.378053
1.91,9,1046.381282
5.69,31,1046.391234
5.82,18,1046.396966
3.86,14,1046.401405
1.96,4,1046.402751
1.91,9,1046.405614
1.92,8,1046.408196
3.76,24,1046.862799
1.96,4,1046.865278
1.9,10,1046.868632
1.92,8,1046.871261
13.79,21,1046.877917
3.8,20,1046.884253
3.81,19,1046.890263
13.79,21,1046.89692
3.75,25,1047.212081
3.8,20,1047.2184
5.83,17,1047.223714
1.96,4,1047.225047
13.79,21,1047.231548
1.84,16,1047.23649
1.91,9,1047.239345
1.89,11,1047.24278
1.96,4,1047.244094
1.88,12,1047.247819
3.92,8,1047.560542
13.78,22,1047.567787
3.84,16,1047.572913
1.96,4,1047.574271
1.96,4,1047.57562
13.79,21,1047.582236
5.84,16,1047.587523
3.75,25,1047.5954
13.68,32,1047.963531
3.81,19,1047.970027
3.89,11,1047.973695
1.87,13,1047.977875
3.78,22,1047.984827
5.67,33,1047.995145
5.47,53,1048.377706
3.77,23,1048.385174
1.91,9,1048.388112
1.88,12,1048.391969
1.96,4,1048.393328
1.9,10,1048.396566
13.7,30,1048.40597
5.81,19,1048.915144
1.9,10,1048.918388
1.9,10,1048.922111
5.79,21,1048.928885
1.9,10,1048.932123
1.96,4,1048.933499
1.96,4,1048.934874
3.8,20,1048.941148
5.75,25,1048.949044
3.86,14,1049.313734
5.74,26,1049.322501
3.66,34,1049.333356
3.79,21,1049.340008
1.88,12,1049.343839
13.73,27,1049.352345
3.71,29,1049.732257
3.71,29,1049.742176
3.53,47,1049.75701
3.05,95,1050.237686
1.88,12,1050.241626
1.88,12,1050.245503
13.71,29,1050.254653
5.59,41,1050.884741
3.58,42,1050.897889
3.79,21,1050.904472
1.96,4,1050.905822
3.79,21,1050.912388
1.96,4,1050.913733
3.76,24,1051.330325
1.85,15,1051.336218
3.79,21,1051.342868
5.72,28,1051.351674
3.87,13,1051.355834
1.9,10,1051.359061
1.87,13,1051.363187
5.54,46,1051.705788
3.91,9,1051.708856
5.77,23,1051.716171
3.79,21,1051.722801
3.79,21,1051.729475
3.39,61,1052.177987
5.8,20,1052.184328
3.82,18,1052.189918
13.65,35,1052.20061
3.79,21,1052.698817
1.85,15,1052.703687
3.83,17,1052.709082
3.75,25,1052.7173
3.82,18,1052.724215
13.66,34,1052.735363
13.44,56,1053.125512
3.72,28,1053.13501
1.9,10,1053.13874
3.75,25,1053.146941
13.73,27,1053.590863
3.57,43,1053.604401
3.9,10,1053.6076
1.96,4,1053.608958
5.82,18,1053.614732
3.88,12,1053.618575
1.89,11,1053.622077
1.9,10,1053.625257
13.77,23,1054.091042
3.88,12,1054.094945
1.96,4,1054.096295
13.83,17,1054.101671
5.83,17,1054.107017
3.49,51,1054.124399
3.57,43,1054.614852
3.84,16,1054.620013
3.86,14,1054.624463
5.81,19,1054.630439
3.76,24,1054.637952
3.86,14,1054.642393
2.81,19,1054.963038
5.8,20,1054.969473
1.89,11,1054.972992
3.85,15,1054.977777
13.8,20,1054.984109
5.84,16,1054.98916
3.85,15,1054.993908
1.88,12,1054.997711
1.9,10,1055.258296
3.88,12,1055.262309
5.77,23,1055.270352
5.83,17,1055.276632
5.82,18,1055.282373
3.84,16,1055.287435
3.86,14,1055.29188
3.8,20,1055.298173
1.89,11,1055.638803
13.76,24,1055.646818
1.91,9,1055.649917
13.78,22,1055.656909
5.75,25,1055.664745
1.93,7,1055.667009
3.77,23,1055.674201
13.73,27,1056.048903
3.8,20,1056.055803
3.88,12,1056.059786
3.91,9,1056.062734
1.96,4,1056.064097
5.83,17,1056.069472
3.86,14,1056.0739
3.82,18,1056.079578
13.8,20,1056.085839
13.62,38,1056.398468
3.89,11,1056.402271
1.89,11,1056.406065
3.87,13,1056.410349
3.8,20,1056.416713
1.96,4,1056.418081
3.69,31,1056.427763
1.91,9,1056.849736
3.88,12,1056.85372
13.78,22,1056.860758
3.85,15,1056.865561
3.87,13,1056.869709
3.82,18,1056.875394
3.71,29,1056.88451
1.96,4,1056.885877
3.91,9,1057.288327
3.78,22,1057.29547
3.87,13,1057.299636
13.79,21,1057.30627
5.85,15,1057.311021
1.96,4,1057.31236
1.87,13,1057.316486
1.86,14,1057.320924
13.8,20,1057.327227
3.87,13,1057.661264
3.76,24,1057.669525
1.96,4,1057.671033
1.96,4,1057.672436
3.86,14,1057.676986
1.88,12,1057.680866
1.88,12,1057.684732
3.87,13,1057.688891
-0.01,1,1057.68931
5.83,17,1057.694731
1.96,4,1057.696088
3.89,11,1057.699627
3.8,20,1058.04134
3.85,15,1058.046637
3.88,12,1058.050624
3.86,14,1058.055109
3.87,13,1058.059294
1.96,4,1058.06068
13.67,33,1058.070989
13.81,19,1058.076997
3.66,34,1058.516647
1.96,4,1058.518125
5.82,18,1058.523936
1.96,4,1058.525302
1.86,14,1058.529767
3.86,14,1058.534209
3.65,35,1058.545135
3.89,11,1059.030822
13.79,21,1059.03769
5.82,18,1059.043836
5.83,17,1059.049291
3.85,15,1059.054089
13.39,61,1059.551558
3.89,11,1059.555151
3.86,14,1059.560138
3.66,34,1059.57113
3.81,19,1059.577189
3.78,22,1059.584202
2.93,7,1059.586505
3.9,10,1059.589756
3.9,10,1060.022896
3.69,31,1060.033515
3.78,22,1060.040622
3.88,12,1060.044644
1.96,4,1060.046025
1.91,9,1060.049018
3.78,22,1060.056096
1.86,14,1060.060534
5.8,20,1060.500544
1.85,15,1060.505882
13.66,34,1060.516805
3.86,14,1060.521248
3.79,21,1060.527833
3.83,17,1060.533197
3.88,12,1060.536989
3.76,24,1060.910083
13.61,39,1060.922453
3.05,95,1061.569009
2.45,55,1061.587108
2.73,27,1061.595604
5.67,33,1062.115658
13.67,33,1062.126118
13.71,29,1062.135141
3.81,19,1062.141408
3.65,35,1062.461446
0.0,100,1062.492686
1.88,12,1062.496696
13.69,31,1063.193908
1.96,4,1063.195355
1.96,4,1063.196727
13.78,22,1063.203664
-2.0,100,1063.880865
1.9,10,1063.884723
13.78,22,1063.892857
1.96,4,1063.89518
3.33,67,1063.923117
1.96,4,1064.558403
1.9,10,1064.5636
3.85,15,1064.569004
1.86,14,1064.5738
1.9,10,1064.577249
-2.0,100,1065.32198
5.8,20,1065.328578
5.8,20,1065.334876
3.89,11,1065.338388
1.88,12,1065.342167
1.83,17,1065.347466
1.96,4,1065.348797
3.81,19,1065.354719
3.77,23,1065.681961
3.9,10,1065.68534
1.87,13,1065.689838
-2.0,100,1066.448282
5.56,44,1066.462286
1.96,4,1066.463654
1.96,4,1066.465011
1.96,4,1066.466371
3.86,14,1066.4708
3.78,22,1066.477674
13.74,26,1067.015742
5.4,60,1067.035832
5.62,38,1067.048661
1.89,11,1067.053319
1.96,4,1067.054868
5.79,21,1067.579224
-2.0,100,1067.610144
3.32,68,1068.310202
1.88,12,1068.314108
5.48,52,1068.330339
1.9,10,1068.333545
1.88,12,1068.818281
1.96,4,1068.819706
3.76,24,1068.827237
1.96,4,1068.828568
3.7,30,1068.83784
1.85,15,1068.842528
1.96,4,1068.843858
5.75,25,1068.851618
3.9,10,1068.854765
3.83,17,1069.208887
13.67,33,1069.219326
5.58,42,1069.232444
1.96,4,1069.233796
1.89,11,1069.23728
13.68,32,1069.667281
1.85,15,1069.672166
3.82,18,1069.677799
3.9,10,1069.680958
13.8,20,1069.687157
1.84,16,1069.692103
3.9,10,1069.695242
13.76,24,1069.702623
1.88,12,1070.049583
3.87,13,1070.053827
5.68,32,1070.06374
3.76,24,1070.071131
13.78,22,1070.077933
3.9,10,1070.08108
1.87,13,1070.085139
3.86,14,1070.520995
5.63,37,1070.53318
3.84,16,1070.538384
3.78,22,1070.545283
1.88,12,1070.549074
3.85,15,1070.553811
1.96,4,1070.555147
1.84,16,1070.560473
3.9,10,1071.056257
5.83,17,1071.062047
1.88,12,1071.066281
5.74,26,1071.074851
1.96,4,1071.076231
13.69,31,1071.085755
5.8,20,1071.091933
5.73,27,1071.494904
13.7,30,1071.504234
1.91,9,1071.507065
13.65,35,1071.517745
5.68,32,1071.527512
3.88,12,1071.899193
5.81,19,1071.905318
3.88,12,1071.909124
5.66,34,1071.919718
1.96,4,1071.921071
5.8,20,1071.927364
3.87,13,1071.931497
3.89,11,1071.935019
3.88,12,1072.388386
1.89,11,1072.393154
13.77,23,1072.401082
3.7,30,1072.411693
13.8,20,1072.418249
1.83,17,1072.423684
1.96,4,1072.425046
13.66,34,1072.846872
1.96,4,1072.84832
3.89,11,1072.851855
1.88,12,1072.855656
1.86,14,1072.860074
3.79,21,1072.866639
5.63,37,1072.878042
3.79,21,1073.326518
13.54,46,1073.341476
5.68,32,1073.351725
1.84,16,1073.356828
1.86,14,1073.361269
5.38,62,1073.832457
5.8,20,1073.838805
1.78,22,1073.845709
5.68,32,1073.855692
1.96,4,1073.857027
5.59,41,1074.324011
1.7,30,1074.333501
13.55,45,1074.347547
5.72,28,1074.783977
1.96,4,1074.785414
1.96,4,1074.786775
1.53,47,1074.801404
5.73,27,1074.809928
1.96,4,1074.811294
3.69,31,1075.195201
2.94,6,1075.197339
13.08,92,1075.226401
1.87,13,1075.230582
13.67,33,1076.146402
3.89,11,1076.150045
1.65,35,1076.161945
3.62,38,1076.174452
5.68,32,1076.591593
5.68,32,1076.602463
1.96,4,1076.603936
3.04,96,1077.291403
3.78,22,1077.298543
5.83,17,1077.303973
1.84,16,1077.309087
1.96,4,1077.310459
1.96,4,1077.311817
5.85,15,1077.316638
5.82,18,1077.322374
1.89,11,1077.325919
5.68,32,1077.611242
5.81,19,1077.617362
1.96,4,1077.618733
3.92,8,1077.621335
3.9,10,1077.624558
1.96,4,1077.625928
3.65,35,1077.636901
3.73,27,1078.085155
1.89,11,1078.089015
5.83,17,1078.09454
3.89,11,1078.098087
1.89,11,1078.101614
3.71,29,1078.11068
13.47,53,1078.56051
1.96,4,1078.561982
5.76,24,1078.569579
13.54,46,1078.583972
13.72,28,1078.592745
1.96,4,1078.594079
1.89,11,1078.597576
3.77,23,1079.048692
1.91,9,1079.051679
1.96,4,1079.053072
3.86,14,1079.057562
13.79,21,1079.064281
13.75,25,1079.072164
3.81,19,1079.078133
5.77,23,1079.420503
1.8,20,1079.427018
1.89,11,1079.430604
3.8,20,1079.437288
1.96,4,1079.438717
3.91,9,1079.441611
3.59,41,1079.454207
3.67,33,1079.932412
1.96,4,1079.933848
3.82,18,1079.939504
13.72,28,1079.948209
3.83,17,1079.953524
3.27,73,1080.403839
13.33,67,1080.426704
1.89,11,1080.430356
3.91,9,1080.433278
3.88,12,1080.437136
3.93,7,1081.034816
3.9,10,1081.038185
3.91,9,1081.041153
13.7,30,1081.050599
1.88,12,1081.054423
3.9,10,1081.057628
5.77,23,1081.064856
1.96,4,1081.066201
3.81,19,1081.072183
1.96,4,1081.073529
1.96,4,1081.502471
-2.0,100,1081.535721
13.66,34,1082.324799
1.96,4,1082.326272
-0.01,1,1082.326692
-2.0,100,1082.35841
1.72,28,1083.168142
1.9,10,1083.171523
1.9,10,1083.174789
3.5,50,1083.190476
1.68,32,1083.201018
-2.0,100,1083.719148
1.96,4,1083.720756
3.75,25,1083.728606
-2.0,100,1084.453247
13.55,45,1085.140548
3.71,29,1085.14964
5.68,32,1085.159527
5.59,41,1085.172161
1.75,25,1085.550017
3.79,21,1085.556801
1.96,4,1085.558172
1.74,26,1085.566356
1.78,22,1085.57328
-2.0,100,1086.024572
1.76,24,1086.032571
-2.0,100,1086.538451
3.79,21,1086.545299
1.96,4,1086.54666
-2.0,100,1087.06173
-2.0,100,1087.705245
5.73,27,1087.71392
-2.0,100,1088.352453
5.67,33,1088.363068
3.86,14,1088.367513
3.77,23,1088.374718
1.96,4,1088.376062
13.68,32,1088.386045
-2.0,100,1088.777816
1.76,24,1088.785623
13.38,62,1089.541243
1.91,9,1089.544295
13.8,20,1089.550703
3.81,19,1089.556719
-2.0,100,1090.090772
1.96,4,1090.092394
-2.0,100,1090.74232
5.75,25,1090.750677
1.88,12,1090.754563
5.63,37,1090.766126
-2.0,100,1091.242178
1.96,4,1091.243799
-2.0,100,1091.96522
1.96,4,1091.966808
3.89,11,1091.970268
1.96,4,1091.971592
1.87,13,1091.975645
1.86,14,1091.979982
1.96,4,1091.981291
1.86,14,1092.586009
1.96,4,1092.587732
5.68,32,1092.599278
2.9,10,1092.603228
1.96,4,1092.604672
0.88,12,1092.609093
-2.0,100,1093.260513
5.7,30,1093.27158
1.85,15,1093.276326
5.68,32,1093.286304
13.81,19,1093.690185
13.73,27,1093.698813
5.81,19,1093.704789
1.96,4,1093.706134
3.79,21,1093.712704
5.83,17,1093.718039
1.84,16,1093.723034
3.91,9,1093.725908
13.68,32,1094.046066
1.87,13,1094.050788
3.88,12,1094.054902
3.89,11,1094.058658
3.82,18,1094.064365
1.86,14,1094.068743
5.84,16,1094.073703
3.68,32,1094.410757
5.53,47,1094.425572
3.88,12,1094.429415
13.68,32,1094.439431
3.86,14,1094.443894
13.71,29,1094.883553
3.9,10,1094.886865
13.44,56,1094.905279
1.89,11,1094.90904
3.7,30,1094.919025
13.79,21,1095.443607
13.68,32,1095.454394
-0.01,1,1095.454907
1.86,14,1095.459423
3.76,24,1095.467031
3.76,24,1095.474632
3.88,12,1095.478494
3.81,19,1095.901051
5.74,26,1095.909193
5.6,40,1095.921441
3.8,20,1095.927566
3.91,9,1095.93039
1.96,4,1095.931718
3.49,51,1096.343784
3.79,21,1096.350449
1.96,4,1096.351806
3.74,26,1096.359901
13.81,19,1096.365869
1.96,4,1096.367204
1.96,4,1096.368556
1.96,4,1096.369897
3.67,33,1096.79664
1.96,4,1096.798089
1.84,16,1096.803147
1.96,4,1096.804499
3.93,7,1096.80677
1.96,4,1096.808122
1.96,4,1096.809457
13.83,17,1096.814823
13.76,24,1096.822336
3.8,20,1096.828611
-2.0,100,1097.215534
3.61,39,1097.950381
3.83,17,1097.955919
5.46,54,1097.97282
3.89,11,1097.976325
-0.01,1,1097.976744
1.96,4,1097.978111
1.96,4,1097.979476
13.8,20,1097.985786
3.9,10,1097.988997
1.87,13,1098.572088
1.96,4,1098.574019
1.87,13,1098.578187
5.73,27,1098.586661
1.84,16,1098.591736
3.91,9,1098.594647
3.92,8,1098.597216
3.9,10,1098.600416
1.86,14,1098.604874
1.0,100,1099.009562
3.91,9,1099.012782
5.82,18,1099.018521
1.88,12,1099.022365
13.8,20,1099.63182
13.38,62,1099.651246
1.88,12,1099.655067
5.69,31,1099.664737
1.88,12,1100.150329
5.72,28,1100.159294
1.85,15,1100.164087
5.27,73,1100.186855
5.74,26,1100.749129
3.12,88,1100.776456
2.39,61,1101.462264
3.69,31,1101.472283
1.88,12,1101.476547
1.9,10,1101.479919
13.62,38,1101.912491
3.83,17,1101.91812
5.42,58,1101.93634
5.67,33,1101.946792
13.4,60,1102.480104
1.83,17,1102.485455
1.87,13,1102.489521
3.78,22,1102.496335
5.62,38,1102.882491
13.76,24,1102.890161
5.65,35,1102.9014
5.82,18,1102.907021
3.67,33,1102.917131
1.96,4,1102.91847
5.82,18,1103.303282
1.85,15,1103.308147
5.6,40,1103.320595
3.81,19,1103.326499
3.87,13,1103.330582
1.87,13,1103.334633
3.71,29,1103.734256
3.6,40,1103.746903
5.58,42,1103.760006
1.96,4,1103.761368
1.96,4,1103.762711
5.71,29,1104.228722
3.75,25,1104.23703
3.87,13,1104.241453
3.84,16,1104.247065
1.91,9,1104.249972
1.91,9,1104.25284
3.91,9,1104.255694
3.9,10,1104.258863
13.76,24,1104.266278
3.87,13,1104.634697
13.61,39,1104.647414
1.84,16,1104.652449
3.74,26,1104.661202
1.89,11,1104.664821
1.96,4,1104.666201
3.86,14,1104.670646
13.73,27,1105.187047
3.7,30,1105.197265
3.8,20,1105.20426
1.96,4,1105.20582
3.62,38,1105.217868
1.74,26,1105.617296
3.66,34,1105.628371
13.69,31,1105.638154
5.67,33,1105.648499
3.92,8,1105.651096
5.83,17,1105.656453
13.82,18,1106.036199
3.68,32,1106.04628
3.67,33,1106.056527
3.93,7,1106.058789
1.96,4,1106.060141
1.96,4,1106.061492
3.75,25,1106.069293
1.89,11,1106.525454
1.86,14,1106.530009
1.91,9,1106.532866
3.35,65,1106.554389
5.57,43,1107.112775
3.91,9,1107.116005
1.95,5,1107.117715
3.91,9,1107.121017
1.96,4,1107.122736
3.9,10,1107.126217
3.89,11,1107.129841
1.85,15,1107.134763
1.89,11,1107.138337
3.73,27,1107.147443
1.86,14,1107.152178
1.56,44,1107.484994
1.57,43,1107.498346
1.94,6,1107.500297
3.51,49,1107.964453
3.65,35,1107.976667
1.96,4,1107.978198
13.61,39,1107.991438
1.96,4,1107.993185
3.84,16,1107.998665
1.96,4,1108.000133
3.37,63,1108.516966
3.82,18,1108.52274
3.83,17,1108.528128
0.86,14,1108.532873
3.78,22,1108.539822
13.79,21,1108.923642
3.26,74,1108.948451
3.37,63,1109.531618
13.73,27,1109.540093
5.38,62,1109.559077
1.7,30,1110.108324
3.7,30,1110.117831
13.81,19,1110.123819
3.92,8,1110.126393
3.88,12,1110.130211
13.78,22,1110.137111
13.62,38,1110.474702
3.92,8,1110.477645
3.9,10,1110.480944
13.74,26,1110.489145
13.82,18,1110.494823
13.78,22,1110.501721
3.8,20,1110.508004
3.87,13,1110.512108
1.77,23,1110.835279
1.84,16,1110.840831
3.88,12,1110.844666
5.75,25,1110.852442
1.89,11,1110.855898
3.78,22,1110.862684
5.81,19,1110.868574
3.92,8,1111.225104
3.84,16,1111.230273
5.85,15,1111.235919
1.96,4,1111.237468
5.74,26,1111.245699
1.89,11,1111.249199
1.96,4,1111.250539
3.85,15,1111.255289
3.87,13,1111.259746
3.88,12,1111.2649
3.9,10,1111.630038
3.9,10,1111.633418
3.84,16,1111.638925
3.77,23,1111.646453
3.91,9,1111.649401
3.91,9,1111.652311
3.9,10,1111.655552
3.86,14,1111.659999
1.96,4,1111.661367
3.81,19,1111.667342
5.8,20,1112.01233
1.88,12,1112.01625
13.68,32,1112.026803
13.65,35,1112.03783
3.91,9,1112.040771
13.68,32,1112.397664
3.74,26,1112.406084
1.9,10,1112.409292
3.78,22,1112.416164
1.84,16,1112.421147
5.75,25,1112.42892
13.67,33,1112.724271
3.91,9,1112.727305
1.9,10,1112.730528
1.87,13,1112.734654
1.9,10,1112.737842
3.78,22,1112.744706
1.96,4,1112.746044
13.78,22,1112.752885
5.76,24,1112.760319
3.79,21,1113.067698
3.78,22,1113.074615
13.79,21,1113.081124
5.63,37,1113.092413
1.96,4,1113.093735
1.89,11,1113.097154
3.88,12,1113.1009
3.84,16,1113.590777
13.72,28,1113.599785
1.96,4,1113.601166
3.8,20,1113.607501
3.91,9,1113.610422
13.79,21,1113.617049
13.8,20,1113.623359
1.87,13,1113.627508
5.76,24,1114.020073
5.83,17,1114.025476
13.7,30,1114.034664
3.92,8,1114.037214
1.77,23,1114.044246
13.68,32,1114.054009
13.77,23,1114.405939
1.96,4,1114.407325
5.79,21,1114.413792
3.72,28,1114.42234
13.78,22,1114.42976
3.92,8,1114.432641
13.8,20,1114.439381
3.84,16,1114.835348
1.96,4,1114.8368
3.9,10,1114.840054
3.93,7,1114.842352
13.79,21,1114.849004
3.92,8,1114.851612
1.86,14,1114.85606
13.82,18,1114.861792
1.86,14,1114.866242
5.85,15,1114.871006
1.84,16,1115.180243
3.87,13,1115.184413
3.92,8,1115.187507
3.91,9,1115.190654
3.84,16,1115.196099
13.68,32,1115.20617
5.81,19,1115.212173
1.9,10,1115.215392
3.86,14,1115.649096
3.87,13,1115.653371
1.96,4,1115.654746
13.79,21,1115.661339
1.87,13,1115.665453
13.66,34,1115.676016
3.92,8,1115.678584
1.96,4,1115.679912
5.66,34,1116.141582
5.8,20,1116.14801
3.92,8,1116.150611
1.87,13,1116.15475
13.72,28,1116.163511
3.85,15,1116.168248
3.91,9,1116.171108
3.83,17,1116.176429
1.96,4,1116.177772
3.92,8,1116.557964
3.92,8,1116.560693
1.9,10,1116.56392
5.85,15,1116.569139
13.8,20,1116.575652
1.88,12,1116.579521
5.82,18,1116.585217
1.92,8,1116.587813
1.96,4,1116.589172
5.73,27,1116.59857
5.66,34,1116.984565
1.85,15,1116.989328
1.96,4,1116.990666
5.67,33,1117.000759
1.96,4,1117.002074
1.89,11,1117.005506
1.96,4,1117.006828
3.82,18,1117.012356
3.66,34,1117.47465
3.92,8,1117.47735
5.68,32,1117.487343
3.91,9,1117.490228
13.55,45,1117.504182
1.96,4,1117.505526
3.91,9,1117.93833
1.96,4,1117.939785
3.9,10,1117.942989
3.92,8,1117.945594
5.78,22,1117.952476
3.84,16,1117.957495
13.61,39,1117.969572
3.92,8,1117.972134
1.96,4,1117.973464
13.68,32,1118.393306
5.8,20,1118.399573
1.96,4,1118.400905
13.79,21,1118.407368
3.89,11,1118.410796
1.96,4,1118.412116
3.92,8,1118.414632
1.9,10,1118.417776
1.88,12,1118.421487
3.87,13,1118.42552
3.91,9,1118.749354
1.96,4,1118.750801
13.63,37,1118.763117
5.74,26,1118.771696
13.75,25,1118.780054
1.87,13,1118.784485
3.92,8,1118.78713
13.78,22,1119.289087
1.96,4,1119.290521
3.87,13,1119.29509
1.88,12,1119.299173
3.92,8,1119.301769
1.96,4,1119.303131
3.76,24,1119.310701
1.96,4,1119.312072
1.8,20,1119.318354
3.91,9,1119.321241
13.71,29,1119.673491
1.88,12,1119.677431
1.96,4,1119.678786
3.92,8,1119.681375
3.9,10,1119.684596
1.86,14,1119.688999
1.86,14,1119.693393
1.96,4,1119.694731
13.78,22,1119.701589
3.87,13,1119.705664
3.82,18,1120.0445
1.96,4,1120.046035
3.86,14,1120.050433
1.89,11,1120.054301
13.78,22,1120.061441
1.87,13,1120.065608
1.96,4,1120.066952
5.82,18,1120.072627
5.79,21,1120.079222
5.76,24,1120.413768
5.73,27,1120.422266
1.96,4,1120.423611
1.87,13,1120.427661
1.88,12,1120.431409
13.78,22,1120.438173
3.81,19,1120.444011
5.83,17,1120.449233
1.87,13,1120.83388
1.9,10,1120.837264
13.72,28,1120.846036
5.71,29,1120.855089
13.69,31,1120.864697
1.96,4,1120.866034
5.76,24,1121.20869
13.81,19,1121.214935
13.83,17,1121.220279
3.92,8,1121.222836
3.84,16,1121.227813
1.87,13,1121.231894
3.9,10,1121.235456
1.86,14,1121.239932
1.87,13,1121.244018
1.96,4,1121.245337
1.96,4,1121.246659
3.85,15,1121.510907
3.9,10,1121.514232
5.81,19,1121.520226
1.96,4,1121.521574
3.89,11,1121.525065
5.8,20,1121.53133
3.93,7,1121.533594
3.9,10,1121.536782
5.81,19,1121.542734
13.8,20,1121.548994
5.85,15,1121.855665
3.92,8,1121.858333
1.86,14,1121.863493
3.78,22,1121.870977
1.89,11,1121.874796
3.92,8,1121.877518
1.96,4,1121.87901
1.96,4,1121.88075
5.85,15,1121.885745
13.55,45,1122.304513
3.87,13,1122.309013
1.87,13,1122.313396
13.73,27,1122.321866
13.69,31,1122.331503
3.85,15,1122.336237
1.88,12,1122.340077
5.83,17,1122.758955
13.6,40,1122.771579
1.88,12,1122.775405
13.82,18,1122.78111
3.73,27,1122.789571
5.84,16,1123.187463
3.9,10,1123.190918
13.8,20,1123.197162
1.88,12,1123.200914
5.71,29,1123.209789
5.83,17,1123.215168
13.82,18,1123.221519
5.68,32,1123.591208
5.79,21,1123.598385
1.92,8,1123.601119
1.9,10,1123.604384
3.92,8,1123.607016
1.89,11,1123.610559
5.81,19,1123.616557
5.8,20,1123.622853
1.96,4,1123.624217
3.92,8,1123.626787
1.88,12,1123.947311
13.68,32,1123.957596
1.96,4,1123.958959
1.96,4,1123.960321
1.86,14,1123.964776
13.79,21,1123.971406
13.77,23,1123.978667
1.89,11,1123.982185
1.96,4,1123.983555
13.77,23,1124.411476
13.65,35,1124.422458
13.69,31,1124.432092
3.85,15,1124.436789
3.71,29,1124.445746
13.63,37,1124.81073
13.75,25,1124.819575
3.85,15,1124.82451
1.96,4,1124.825938
3.83,17,1124.831419
5.8,20,1124.837684
3.91,9,1124.840653
3.8,20,1125.206339
1.88,12,1125.21019
3.92,8,1125.212748
3.89,11,1125.216219
1.96,4,1125.217744
3.85,15,1125.222418
5.82,18,1125.227962
5.61,39,1125.240466
1.96,4,1125.241856
13.79,21,1125.70813
13.59,41,1125.721624
5.65,35,1125.732664
1.96,4,1125.734027
5.78,22,1125.740926
3.92,8,1125.743506
5.56,44,1126.191
3.81,19,1126.1971
5.85,15,1126.20191
1.93,7,1126.204198
5.59,41,1126.216971
13.65,35,1126.680503
5.86,14,1126.685119
3.85,15,1126.689914
13.82,18,1126.695564
3.92,8,1126.698156
5.82,18,1126.70378
13.79,21,1126.710317
13.68,32,1127.146511
1.85,15,1127.151528
13.67,33,1127.162881
1.86,14,1127.167841
1.87,13,1127.172035
1.96,4,1127.173604
1.87,13,1127.178039
1.96,4,1127.179468
1.96,4,1127.629833
3.93,7,1127.632284
13.46,54,1127.64958
3.76,24,1127.657416
1.87,13,1127.661943
3.84,16,1127.667037
5.74,26,1128.213687
1.88,12,1128.217589
3.69,31,1128.227967
3.6,40,1128.240673
3.46,54,1128.655594
13.65,35,1128.667205
1.97,3,1128.668335
3.62,38,1128.680139
5.24,76,1129.102302
3.92,8,1129.104971
3.9,10,1129.108177
3.9,10,1129.111363
-2.0,100,1129.615576
13.43,57,1129.633286
5.5,50,1130.114426
13.77,23,1130.121777
3.83,17,1130.12717
13.7,30,1130.136571
1.87,13,1130.140688
5.75,25,1130.473155
13.64,36,1130.484384
1.88,12,1130.488127
5.09,91,1131.170961
13.42,58,1131.189791
5.67,33,1131.200237
3.91,9,1131.203144
13.42,58,1131.743324
13.59,41,1131.756001
13.27,73,1132.198754
1.89,11,1132.2024
5.45,55,1132.219595
5.84,16,1132.224675
1.86,14,1132.690192
1.96,4,1132.691774
3.87,13,1132.696004
13.7,30,1132.705451
13.66,34,1132.716084
1.88,12,1132.71988
3.71,29,1132.728965
1.87,13,1133.150959
5.52,48,1133.166217
3.59,41,1133.17908
1.87,13,1133.183226
13.62,38,1133.667278
13.74,26,1133.676125
1.96,4,1133.677583
3.82,18,1133.683409
5.52,48,1133.699238
3.86,14,1134.159064
13.55,45,1134.173361
3.56,44,1134.187024
3.41,59,1134.62393
5.66,34,1134.634928
1.96,4,1134.636362
1.96,4,1134.637921
5.75,25,1134.646488
1.88,12,1134.650769
3.92,8,1134.653598
1.89,11,1134.657461
13.77,23,1135.077656
3.85,15,1135.082531
5.79,21,1135.089171
1.84,16,1135.094252
3.79,21,1135.100846
13.74,26,1135.109035
3.92,8,1135.11161
5.77,23,1135.50989
13.82,18,1135.516295
5.75,25,1135.5244
3.86,14,1135.528926
1.91,9,1135.531841
3.92,8,1135.534484
3.86,14,1135.539547
13.77,23,1135.547071
1.86,14,1135.901668
1.88,12,1135.905521
5.8,20,1135.912422
3.55,45,1135.926651
3.9,10,1135.929867
3.79,21,1135.936436
1.9,10,1136.411651
3.74,26,1136.420438
13.61,39,1136.432895
1.96,4,1136.43426
13.46,54,1136.451047
3.91,9,1136.929445
1.84,16,1136.93458
13.67,33,1136.9448
13.68,32,1136.954727
1.86,14,1136.959151
5.68,32,1137.302482
3.83,17,1137.308029
5.83,17,1137.313457
3.77,23,1137.320716
3.78,22,1137.327648
1.89,11,1137.331174
13.63,37,1137.673809
13.55,45,1137.688068
5.67,33,1137.698376
1.85,15,1137.70313
1.96,4,1137.704478
1.86,14,1137.708916
5.57,43,1138.123402
1.84,16,1138.128561
5.63,37,1138.140125
5.76,24,1138.147689
3.85,15,1138.152427
3.79,21,1138.503917
3.8,20,1138.510192
3.82,18,1138.515747
13.43,57,1138.533286
1.96,4,1138.534681
13.87,13,1139.011371
1.9,10,1139.014873
5.75,25,1139.022821
3.92,8,1139.025435
1.96,4,1139.026779
1.96,4,1139.028121
13.44,56,1139.045657
1.96,4,1139.047016
1.96,4,1139.048381
3.87,13,1139.626767
5.5,50,1139.64261
1.9,10,1139.645795
13.61,39,1139.657883
3.19,81,1140.129928
5.84,16,1140.135059
1.86,14,1140.139502
13.32,68,1140.62619
3.75,25,1140.634155
13.64,36,1140.645394
13.55,45,1141.040631
3.92,8,1141.04358
1.96,4,1141.045055
3.77,23,1141.054577
1.96,4,1141.056503
3.85,15,1141.062182
1.96,4,1141.063731
13.16,84,1141.746116
1.86,14,1141.750675
5.44,56,1141.768057
5.83,17,1141.773417
1.89,11,1141.776919
3.87,13,1141.781048
3.77,23,1142.34314
13.6,40,1142.355564
1.88,12,1142.359324
1.91,9,1142.362183
3.89,11,1142.365651
5.85,15,1142.370342
3.91,9,1142.373218
13.74,26,1142.929836
1.96,4,1142.932204
1.96,4,1142.933788
3.73,27,1142.943341
3.9,10,1142.946645
5.21,79,1143.647477
1.96,4,1143.649223
1.86,14,1143.654086
3.9,10,1143.657832
1.96,4,1143.659242
3.86,14,1143.663691
3.9,10,1143.666896
5.7,30,1143.676128
5.7,30,1143.68539
