#{"t_start": 1787326124.58169, "env_id": "None"}
r,l,t
-0.04,4,0.630026
-0.03,3,0.631188
-0.3,30,0.640803
0.77,23,0.648133
3.92,8,0.650747
-0.22,22,0.657617
-0.08,8,0.660198
-0.08,8,0.663124
1.92,8,0.665879
-0.1,10,0.669189
-0.02,2,0.669925
-0.01,1,0.670334
-0.05,5,1.126237
-0.05,5,1.128063
-0.11,11,1.1316
-0.05,5,1.133244
2.87,13,1.137339
1.9,10,1.140523
1.89,11,1.143979
1.9,10,1.147146
-0.14,14,1.151527
-0.06,6,1.153466
-0.03,3,1.154473
-0.01,1,1.154868
0.89,11,1.158329
1.91,9,1.161216
-0.08,8,1.163764
2.88,12,1.406979
1.92,8,1.409797
-0.05,5,1.411514
0.91,9,1.414482
-0.05,5,1.416204
-0.06,6,1.418201
-0.05,5,1.419894
1.75,25,1.427887
-0.01,1,1.428299
-0.18,18,1.434052
1.67,33,1.444532
1.87,13,1.901778
-0.18,18,1.907682
-0.1,10,1.910958
-0.05,5,1.912638
-0.06,6,1.91463
0.87,13,1.91882
-0.18,18,1.924563
-0.02,2,1.925294
-0.02,2,1.926021
-0.01,1,1.926426
1.93,7,1.92873
1.9,10,1.931973
-0.01,1,1.932387
-0.02,2,1.933111
-0.12,12,1.937001
-0.01,1,1.937412
-0.02,2,1.938133
-0.02,2,1.938852
-0.14,14,2.24263
-0.14,14,2.247232
-0.09,9,2.250101
-0.04,4,2.251443
-0.03,3,2.252463
-0.05,5,2.254099
-0.01,1,2.254501
-0.06,6,2.256431
0.96,4,2.257748
-0.03,3,2.258757
-0.03,3,2.259792
-0.02,2,2.260497
-0.11,11,2.263942
1.9,10,2.267096
-0.01,1,2.267496
1.95,5,2.26912
-0.06,6,2.271055
1.95,5,2.27267
-0.07,7,2.274894
-0.08,8,2.27741
1.93,7,2.279637
2.95,5,2.281272
-0.07,7,2.53206
-0.07,7,2.534718
3.93,7,2.537233
-0.07,7,2.540017
3.84,16,2.545892
1.96,4,2.547304
-0.01,1,2.547714
2.94,6,2.549693
2.94,6,2.55207
-0.02,2,2.552921
-0.1,10,2.556238
1.95,5,2.557949
-0.11,11,2.561764
1.92,8,2.564407
1.89,11,2.567972
1.96,4,2.569343
-0.01,1,2.569756
-0.01,1,2.570171
3.86,14,2.574703
-0.09,9,2.837768
1.89,11,2.841564
3.89,11,2.845206
3.91,9,2.849145
1.96,4,2.850634
1.94,6,2.852757
-0.01,1,2.853357
1.95,5,2.85563
0.97,3,2.85709
-0.01,1,2.857605
-0.02,2,2.858402
1.97,3,2.859496
1.96,4,2.86089
1.96,4,2.862253
-0.03,3,2.863298
13.86,14,2.867883
-0.01,1,2.868351
-0.02,2,2.869108
-0.03,3,2.87018
-0.02,2,2.870911
-0.04,4,2.872269
-0.02,2,2.872986
-0.05,5,2.874634
1.97,3,2.875664
-0.03,3,2.876693
-0.01,1,2.877088
0.96,4,2.87842
2.93,7,2.880691
-0.01,1,2.881104
5.88,12,3.149256
3.93,7,3.151637
-0.01,1,3.152046
1.96,4,3.153384
1.97,3,3.154413
3.94,6,3.156368
-0.01,1,3.156764
1.94,6,3.158696
5.9,10,3.161875
1.88,12,3.165661
-0.03,3,3.166679
1.94,6,3.168607
-0.01,1,3.169006
2.89,11,3.172464
1.97,3,3.173475
1.95,5,3.175095
5.89,11,3.178564
-0.06,6,3.180496
-0.01,1,3.180895
3.95,5,3.182598
-0.03,3,3.183681
1.96,4,3.185019
1.96,4,3.186429
1.97,3,3.187499
1.96,4,3.188875
-0.02,2,3.189634
1.96,4,3.416974
-0.05,5,3.418751
5.87,13,3.422931
1.95,5,3.424704
-0.02,2,3.425777
5.9,10,3.429099
0.94,6,3.431082
1.96,4,3.432461
1.95,5,3.434134
-0.01,1,3.434537
3.93,7,3.436812
1.95,5,3.438457
-0.03,3,3.439482
1.97,3,3.440506
1.96,4,3.441847
1.96,4,3.443175
1.94,6,3.445137
-0.01,1,3.445542
5.89,11,3.449065
3.92,8,3.451632
-0.03,3,3.452646
1.93,7,3.454919
5.9,10,3.458103
1.95,5,3.700971
-0.01,1,3.701456
3.9,10,3.704686
-0.01,1,3.705097
1.97,3,3.706137
-0.05,5,3.707774
5.88,12,3.711586
-0.03,3,3.712618
1.97,3,3.713637
-0.01,1,3.71404
-0.03,3,3.715049
3.92,8,3.717589
-0.01,1,3.717984
1.94,6,3.719908
-0.02,2,3.720611
1.97,3,3.72163
1.94,6,3.723571
-0.01,1,3.723965
-0.04,4,3.725284
1.97,3,3.726301
-0.03,3,3.727307
5.9,10,3.73053
1.96,4,3.731857
-0.01,1,3.732256
-0.04,4,3.733576
1.95,5,3.735195
-0.02,2,3.73596
-0.01,1,3.736391
-0.01,1,3.736783
-0.01,1,3.737176
1.95,5,3.738821
-0.05,5,3.740457
1.95,5,3.742077
-0.02,2,4.037971
-0.02,2,4.038887
1.89,11,4.042484
3.93,7,4.044754
5.92,8,4.047689
-0.01,1,4.048195
1.97,3,4.049279
-0.01,1,4.049702
-0.03,3,4.05075
1.97,3,4.051806
1.97,3,4.052836
3.95,5,4.054498
1.95,5,4.056162
5.92,8,4.058745
-0.01,1,4.059145
-0.02,2,4.059859
13.9,10,4.063061
1.96,4,4.064395
3.95,5,4.066036
-0.01,1,4.066438
3.93,7,4.06869
-0.01,1,4.069093
1.94,6,4.071067
-0.01,1,4.071461
1.95,5,4.073101
1.96,4,4.074431
-0.01,1,4.074825
1.97,3,4.075829
5.93,7,4.078107
-0.01,1,4.078503
3.89,11,4.318821
1.96,4,4.320324
5.91,9,4.323335
3.91,9,4.326277
1.95,5,4.327972
-0.02,2,4.32872
1.95,5,4.330392
-0.02,2,4.331122
1.95,5,4.332801
2.93,7,4.335104
-0.01,1,4.335515
0.96,4,4.336876
1.96,4,4.338233
1.96,4,4.339597
-0.01,1,4.340006
3.93,7,4.342303
-0.01,1,4.342713
3.93,7,4.345007
-0.03,3,4.346041
-0.01,1,4.346444
5.91,9,4.349373
4.91,9,4.352487
-0.01,1,4.352922
1.93,7,4.355222
0.94,6,4.357178
1.96,4,4.358515
3.95,5,4.360588
1.95,5,4.551278
1.96,4,4.552743
1.97,3,4.553777
1.97,3,4.554799
-0.02,2,4.555509
1.96,4,4.556845
3.95,5,4.558479
1.96,4,4.559806
5.87,13,4.563896
0.95,5,4.56553
1.97,3,4.56654
1.94,6,4.568467
-0.01,1,4.568858
3.93,7,4.571109
1.97,3,4.572111
-0.01,1,4.572503
1.97,3,4.573511
0.97,3,4.574517
-0.02,2,4.575212
-0.02,2,4.575903
3.94,6,4.577828
1.96,4,4.579157
3.92,8,4.581667
-0.01,1,4.58206
-0.01,1,4.582447
-0.02,2,4.583144
3.94,6,4.585058
3.95,5,4.586674
1.94,6,4.588598
3.94,6,4.590515
1.96,4,4.591824
3.92,8,4.883216
5.92,8,4.886129
1.94,6,4.888145
3.93,7,4.890446
3.93,7,4.892732
-0.01,1,4.893156
1.95,5,4.8948
1.96,4,4.896138
1.95,5,4.897785
1.95,5,4.899424
1.97,3,4.900434
1.95,5,4.902273
5.92,8,4.905326
-0.03,3,4.906385
-0.01,1,4.906795
1.95,5,4.908605
1.96,4,4.910015
5.93,7,4.912301
-0.01,1,4.91272
1.97,3,4.913851
3.95,5,4.915689
-0.02,2,4.916461
1.97,3,4.917677
13.9,10,4.921205
-0.02,2,4.921976
3.93,7,4.924354
1.97,3,4.925423
3.93,7,5.133656
1.97,3,5.13485
1.96,4,5.136226
1.97,3,5.137261
-0.03,3,5.138282
-0.01,1,5.138687
-0.01,1,5.13908
3.95,5,5.140737
1.97,3,5.141759
3.95,5,5.143385
5.92,8,5.145957
-0.01,1,5.146353
-0.02,2,5.147057
-0.01,1,5.147449
3.95,5,5.149066
0.97,3,5.150081
5.91,9,5.152943
3.95,5,5.154571
1.97,3,5.155573
-0.01,1,5.155966
-0.01,1,5.156354
1.97,3,5.157356
1.96,4,5.158673
5.92,8,5.16122
1.97,3,5.162228
1.94,6,5.164159
3.93,7,5.166397
-0.02,2,5.167094
-0.01,1,5.167486
1.97,3,5.168496
5.92,8,5.17103
3.94,6,5.172974
1.93,7,5.413208
1.97,3,5.414428
-0.01,1,5.41486
1.96,4,5.416228
1.95,5,5.41789
1.97,3,5.418913
-0.02,2,5.419624
1.97,3,5.42065
0.96,4,5.421983
3.95,5,5.423642
1.9,10,5.42686
1.97,3,5.427896
-0.03,3,5.428915
5.91,9,5.431807
1.95,5,5.433449
-0.01,1,5.433852
1.97,3,5.434865
3.94,6,5.436808
1.95,5,5.43844
-0.01,1,5.438837
-0.01,1,5.439237
1.96,4,5.44055
1.95,5,5.442196
-0.02,2,5.442902
3.94,6,5.444853
-0.02,2,5.445562
-0.03,3,5.446572
3.94,6,5.448507
-0.03,3,5.449524
-0.02,2,5.450231
-0.02,2,5.450935
3.95,5,5.452588
3.94,6,5.454534
1.93,7,5.710653
1.97,3,5.711798
3.94,6,5.713802
1.97,3,5.714838
5.92,8,5.717433
3.92,8,5.720444
3.94,6,5.722531
1.96,4,5.723885
-0.01,1,5.724294
-0.01,1,5.724696
1.96,4,5.726028
-0.02,2,5.726742
5.93,7,5.729035
3.94,6,5.731015
-0.01,1,5.731414
1.97,3,5.732428
-0.01,1,5.732826
3.95,5,5.734489
1.97,3,5.735511
3.93,7,5.737769
-0.01,1,5.738169
-0.03,3,5.739188
-0.01,1,5.739583
5.92,8,5.742153
-0.02,2,5.742857
-0.02,2,5.743568
-0.02,2,5.744273
5.92,8,5.74682
-0.02,2,5.747534
3.94,6,5.749484
-0.01,1,5.749886
1.96,4,5.751206
1.97,3,5.752219
1.97,3,5.753237
3.94,6,5.972674
-0.01,1,5.973172
-0.01,1,5.973584
1.96,4,5.974923
-0.02,2,5.975639
1.95,5,5.977277
1.97,3,5.978299
1.97,3,5.979321
-0.01,1,5.979718
1.97,3,5.980734
1.95,5,5.982369
1.96,4,5.983704
5.93,7,5.985964
3.95,5,5.987599
1.97,3,5.988616
-0.01,1,5.989005
-0.02,2,5.98971
-0.02,2,5.990408
1.96,4,5.991722
1.97,3,5.992724
-0.01,1,5.993113
-0.01,1,5.993503
3.94,6,5.995425
-0.01,1,5.995817
3.95,5,5.997437
3.95,5,5.999056
1.97,3,6.000074
1.97,3,6.001081
-0.01,1,6.001477
3.95,5,6.003093
-0.01,1,6.003493
1.95,5,6.00511
-0.01,1,6.005506
1.96,4,6.006831
-0.01,1,6.007224
5.93,7,6.009509
1.96,4,6.010835
1.96,4,6.012144
1.97,3,6.013143
5.93,7,6.220613
1.97,3,6.221728
1.97,3,6.222757
3.95,5,6.224407
1.97,3,6.225423
1.95,5,6.227044
1.94,6,6.22899
-0.01,1,6.229397
1.97,3,6.230413
-0.01,1,6.230802
1.97,3,6.231815
-0.01,1,6.232207
-0.02,2,6.232903
-0.01,1,6.233293
-0.01,1,6.233682
-0.03,3,6.234679
1.97,3,6.235679
-0.02,2,6.236381
3.95,5,6.237997
1.97,3,6.239001
1.97,3,6.239998
13.9,10,6.243137
3.95,5,6.244773
5.92,8,6.247307
3.94,6,6.249233
1.97,3,6.250237
1.97,3,6.251241
1.97,3,6.252243
1.97,3,6.253246
1.97,3,6.254253
-0.01,1,6.254643
1.96,4,6.25596
1.94,6,6.257932
3.95,5,6.259639
13.9,10,6.525869
-0.01,1,6.526371
3.93,7,6.528705
-0.01,1,6.529122
13.91,9,6.532006
1.96,4,6.533347
1.97,3,6.535025
3.95,5,6.536881
-0.02,2,6.537607
1.97,3,6.53864
5.92,8,6.541218
-0.02,2,6.541936
3.95,5,6.543568
1.97,3,6.544581
-0.01,1,6.544975
1.97,3,6.545979
-0.01,1,6.546373
-0.02,2,6.547079
1.96,4,6.548401
3.95,5,6.55002
3.95,5,6.551638
-0.01,1,6.552029
1.97,3,6.553033
3.95,5,6.554662
1.97,3,6.555666
3.95,5,6.557289
1.96,4,6.558616
-0.01,1,6.559006
1.97,3,6.560004
3.94,6,6.561937
1.97,3,6.562949
-0.01,1,6.563339
-0.01,1,6.563733
-0.01,1,6.564132
1.97,3,6.565146
-0.01,1,6.565537
1.96,4,6.566853
1.97,3,6.567856
1.97,3,6.809231
1.97,3,6.810413
3.94,6,6.812407
-0.02,2,6.813129
5.92,8,6.815704
1.96,4,6.817021
3.95,5,6.818669
1.97,3,6.819682
1.97,3,6.820692
1.96,4,6.822008
3.95,5,6.823641
5.92,8,6.826205
-0.03,3,6.827213
1.97,3,6.828224
3.94,6,6.830165
3.93,7,6.832409
-0.03,3,6.833422
5.93,7,6.835672
1.96,4,6.836986
3.94,6,6.838896
1.97,3,6.839895
5.93,7,6.842127
-0.01,1,6.842518
3.95,5,6.844128
5.93,7,6.846373
1.97,3,6.847385
1.96,4,6.848706
3.95,5,6.850326
-0.02,2,6.851016
-0.01,1,7.026657
5.93,7,7.029202
1.97,3,7.03027
-0.02,2,7.031003
-0.01,1,7.031418
-0.01,1,7.031828
3.94,6,7.033831
3.95,5,7.035517
-0.01,1,7.035924
1.97,3,7.03697
1.97,3,7.03801
3.94,6,7.039986
-0.01,1,7.040389
1.97,3,7.041428
3.94,6,7.043424
1.97,3,7.04447
3.94,6,7.046447
-0.01,1,7.046847
1.96,4,7.048199
1.97,3,7.049233
3.94,6,7.051654
3.95,5,7.0535
-0.01,1,7.05392
3.94,6,7.055921
1.97,3,7.056955
-0.01,1,7.05736
-0.01,1,7.057755
1.96,4,7.05908
3.94,6,7.061265
1.97,3,7.062545
1.97,3,7.063644
5.93,7,7.065981
3.95,5,7.067661
3.95,5,7.069329
1.97,3,7.070372
-0.01,1,7.070785
1.97,3,7.278824
3.95,5,7.281802
1.97,3,7.283865
5.93,7,7.288248
3.95,5,7.291027
1.97,3,7.292184
-0.01,1,7.292614
1.97,3,7.293696
-0.03,3,7.294768
1.97,3,7.295813
5.93,7,7.298118
5.93,7,7.300533
1.97,3,7.301663
1.97,3,7.302929
-0.02,2,7.304194
1.97,3,7.305862
1.96,4,7.310817
-0.02,2,7.312108
-0.01,1,7.312876
-0.02,2,7.314201
3.95,5,7.317281
-0.02,2,7.319051
1.95,5,7.321781
-0.01,1,7.322745
-0.01,1,7.323974
1.97,3,7.325789
1.96,4,7.327791
-0.01,1,7.328481
1.95,5,7.330819
-0.01,1,7.331767
3.95,5,7.335968
3.94,6,7.339438
-0.01,1,7.340522
-0.01,1,7.341184
1.97,3,7.342818
4.93,7,7.345613
5.93,7,7.34847
-0.01,1,7.349067
3.93,7,7.605914
1.97,3,7.607111
1.97,3,7.60862
-0.01,1,7.609341
1.95,5,7.615425
3.95,5,7.619487
-0.01,1,7.621801
1.95,5,7.66037
3.95,5,7.67342
3.94,6,7.701114
3.95,5,7.703543
1.96,4,7.706028
1.97,3,7.707197
-0.01,1,7.707621
3.95,5,7.709323
-0.01,1,7.709743
1.97,3,7.71091
1.97,3,7.714501
3.95,5,7.718642
1.96,4,7.720642
-0.01,1,7.721144
3.95,5,7.722962
1.97,3,7.724678
5.92,8,7.728156
1.97,3,7.729318
1.97,3,7.730524
1.97,3,7.733548
5.92,8,7.736441
1.96,4,7.737885
-0.01,1,7.738315
3.94,6,7.740397
13.9,10,7.990629
1.96,4,7.992199
5.93,7,7.994509
1.96,4,7.995855
-0.02,2,7.996564
3.94,6,7.998584
13.91,9,8.002432
-0.01,1,8.002972
-0.03,3,8.004197
-0.03,3,8.005425
1.97,3,8.006523
5.91,9,8.009936
1.96,4,8.011593
5.92,8,8.014441
-0.03,3,8.015698
3.94,6,8.017767
5.93,7,8.02058
1.97,3,8.021619
1.97,3,8.022676
-0.02,2,8.023396
3.95,5,8.025073
-0.02,2,8.025792
1.97,3,8.026818
-0.02,2,8.027542
5.92,8,8.03013
5.92,8,8.032865
1.97,3,8.033914
5.91,9,8.036805
3.94,6,8.265025
5.93,7,8.268358
-0.02,2,8.269828
1.97,3,8.271074
3.95,5,8.272819
3.95,5,8.274527
1.96,4,8.276335
5.93,7,8.279884
1.97,3,8.281756
3.95,5,8.284077
-0.01,1,8.285057
1.97,3,8.286418
-0.02,2,8.2872
-0.01,1,8.287617
-0.02,2,8.28836
1.97,3,8.289413
3.95,5,8.291096
3.95,5,8.292979
-0.02,2,8.293771
-0.01,1,8.294189
1.95,5,8.297627
1.97,3,8.299104
3.94,6,8.301194
1.97,3,8.302283
-0.02,2,8.30301
3.95,5,8.304699
-0.03,3,8.306185
1.95,5,8.308053
5.93,7,8.31215
1.96,4,8.31419
3.93,7,8.317116
1.97,3,8.318517
1.97,3,8.320209
1.97,3,8.587347
1.96,4,8.588871
-0.02,2,8.589621
1.97,3,8.590657
1.97,3,8.59169
-0.03,3,8.592731
-0.02,2,8.59379
1.97,3,8.595008
-0.03,3,8.596804
13.88,12,8.602445
1.97,3,8.603667
-0.01,1,8.604079
-0.02,2,8.604798
1.97,3,8.606161
1.97,3,8.607356
1.97,3,8.608642
1.97,3,8.609996
1.96,4,8.611535
1.96,4,8.612949
1.97,3,8.614015
5.93,7,8.616688
1.97,3,8.618769
1.95,5,8.621304
-0.01,1,8.621911
-0.02,2,8.622735
1.94,6,8.624759
-0.01,1,8.62517
1.96,4,8.627168
3.94,6,8.629605
1.97,3,8.63098
5.92,8,8.634303
1.97,3,8.636234
1.97,3,8.637661
13.91,9,8.641429
13.91,9,9.008601
1.97,3,9.009725
3.93,7,9.012035
1.97,3,9.013069
3.95,5,9.015101
3.92,8,9.018045
1.97,3,9.019236
5.93,7,9.021888
1.97,3,9.022991
1.97,3,9.024027
1.96,4,9.025912
3.95,5,9.028038
3.95,5,9.029902
3.94,6,9.031998
1.96,4,9.033374
5.93,7,9.035805
1.96,4,9.037205
-0.01,1,9.037684
1.97,3,9.038787
3.95,5,9.040488
1.97,3,9.041524
13.9,10,9.045052
3.95,5,9.046755
-0.01,1,9.047171
5.93,7,9.049689
1.97,3,9.050999
5.9,10,9.269435
3.95,5,9.271209
3.95,5,9.27294
1.97,3,9.273979
1.96,4,9.275311
3.95,5,9.277381
1.96,4,9.278996
1.97,3,9.280081
1.96,4,9.281435
-0.01,1,9.281847
1.97,3,9.282886
3.95,5,9.284533
1.97,3,9.285551
1.96,4,9.287062
5.93,7,9.289497
-0.03,3,9.290551
1.97,3,9.291606
1.93,7,9.294187
1.97,3,9.295292
3.95,5,9.297004
1.97,3,9.298346
3.95,5,9.300164
1.97,3,9.301307
3.93,7,9.303669
-0.04,4,9.305047
5.93,7,9.30737
-0.01,1,9.307788
3.95,5,9.309474
3.94,6,9.311473
-0.02,2,9.3122
13.91,9,9.490645
1.97,3,9.491762
1.96,4,9.4931
1.97,3,9.49413
5.93,7,9.49638
1.96,4,9.49798
1.97,3,9.499287
1.94,6,9.501581
-0.02,2,9.502409
3.95,5,9.504536
1.97,3,9.505676
1.97,3,9.506751
1.97,3,9.507828
-0.01,1,9.508243
-0.03,3,9.509327
-0.02,2,9.510144
1.97,3,9.51121
-0.02,2,9.511939
-0.01,1,9.512348
1.96,4,9.5137
-0.01,1,9.514108
1.97,3,9.515147
1.97,3,9.516193
1.97,3,9.517228
1.97,3,9.518264
-0.03,3,9.519285
1.97,3,9.520314
5.92,8,9.522906
-0.03,3,9.523943
3.95,5,9.525584
3.95,5,9.527222
1.97,3,9.528252
1.95,5,9.529911
1.95,5,9.531558
-0.02,2,9.532271
-0.02,2,9.532973
3.95,5,9.753901
13.91,9,9.756936
1.97,3,9.757972
5.93,7,9.760233
1.97,3,9.761254
-0.02,2,9.761967
1.92,8,9.765052
-0.03,3,9.766177
5.93,7,9.768494
-0.02,2,9.769219
1.95,5,9.770875
1.97,3,9.771898
3.94,6,9.773865
1.95,5,9.77551
-0.01,1,9.775912
1.97,3,9.776934
1.97,3,9.777952
1.97,3,9.778979
1.94,6,9.780927
1.97,3,9.781945
1.97,3,9.782966
1.96,4,9.7843
3.95,5,9.785944
3.95,5,9.787575
3.95,5,9.789208
-0.02,2,9.789914
1.97,3,9.790954
5.93,7,9.793224
3.95,5,9.794863
1.97,3,9.795882
1.97,3,9.999751
-0.03,3,10.000958
-0.03,3,10.002222
3.91,9,10.005381
1.97,3,10.006462
3.95,5,10.008109
5.93,7,10.01038
-0.03,3,10.011394
1.97,3,10.01242
1.97,3,10.013444
1.97,3,10.014453
1.97,3,10.015475
1.97,3,10.016496
3.95,5,10.018135
-0.02,2,10.018834
1.96,4,10.02016
5.91,9,10.023696
1.96,4,10.025143
-0.78,78,10.942041
1.97,3,10.943561
-0.01,1,10.944101
1.97,3,10.945214
3.88,12,10.949124
3.95,5,10.950852
1.97,3,10.951892
1.97,3,10.952934
5.93,7,10.955226
3.95,5,10.956886
1.97,3,10.957908
3.95,5,10.959555
1.97,3,10.960577
1.97,3,10.961597
3.92,8,10.964159
3.95,5,10.965801
1.97,3,10.966819
-0.03,3,10.967835
3.94,6,10.969781
-0.02,2,10.97049
1.97,3,10.971502
3.95,5,10.973142
-0.02,2,10.973842
1.97,3,10.974856
-0.02,2,10.975552
3.95,5,10.977184
3.94,6,11.360543
1.97,3,11.361681
-0.01,1,11.362101
5.93,7,11.364394
-0.13,13,11.369021
3.95,5,11.370766
1.97,3,11.371797
1.93,7,11.374056
1.97,3,11.375074
3.95,5,11.376706
-0.04,4,11.378016
3.95,5,11.379647
1.97,3,11.380662
-0.01,1,11.381079
1.96,4,11.382392
1.97,3,11.383412
-0.04,4,11.384724
1.97,3,11.385742
-0.04,4,11.387054
13.91,9,11.38993
3.92,8,11.392463
1.97,3,11.39348
3.95,5,11.395105
13.88,12,11.398868
-6.0,100,11.675474
1.97,3,11.678369
1.97,3,11.679446
-0.01,1,11.679865
1.97,3,11.680912
1.97,3,11.681954
-0.01,1,11.682356
3.95,5,11.68403
1.97,3,11.685061
5.93,7,11.687346
-0.02,2,11.688064
5.93,7,12.771894
1.97,3,12.773098
1.97,3,12.774163
3.95,5,12.775826
3.95,5,12.777514
1.96,4,12.778869
3.95,5,12.780512
3.95,5,12.782136
3.95,5,12.78377
1.97,3,12.784975
3.93,7,12.787542
3.92,8,12.790276
-0.02,2,12.791007
1.97,3,12.79204
-0.02,2,12.792801
1.96,4,12.794394
-0.02,2,12.795156
1.95,5,12.796874
-6.0,100,13.629464
1.97,3,13.631837
3.95,5,13.633518
1.97,3,13.634552
1.97,3,13.635577
1.94,6,13.637518
-0.01,1,13.637924
1.97,3,13.638958
13.89,11,13.642448
1.97,3,13.64347
3.92,8,13.646029
5.93,7,13.648279
1.97,3,13.649292
1.97,3,13.650304
5.92,8,13.652837
-0.01,1,13.653236
1.97,3,13.654246
3.94,6,13.656176
3.94,6,13.6581
3.95,5,14.274466
5.93,7,14.276861
1.97,3,14.277902
-0.01,1,14.278306
1.97,3,14.279327
3.95,5,14.280961
13.91,9,14.283831
1.96,4,14.285361
1.97,3,14.286493
1.97,3,14.287575
5.93,7,14.289901
5.89,11,14.293656
5.9,10,14.296979
1.93,7,14.299263
3.94,6,14.3013
1.97,3,14.302376
-0.02,2,14.303107
1.97,3,14.304151
-6.0,100,14.838241
1.93,7,14.840809
3.94,6,14.842829
-0.02,2,14.843556
5.9,10,14.847148
1.96,4,14.848499
3.94,6,14.850472
3.95,5,14.852121
1.97,3,14.853178
-0.01,1,14.853589
1.96,4,14.855487
1.97,3,14.857011
1.96,4,14.858477
3.94,6,14.860464
3.95,5,15.707587
3.95,5,15.709419
3.95,5,15.711125
3.95,5,15.712796
3.9,10,15.716535
3.94,6,15.718876
3.95,5,15.720669
13.91,9,15.723676
-0.01,1,15.724093
1.97,3,15.725159
1.97,3,15.726282
5.93,7,15.728608
1.97,3,15.729665
1.94,6,15.731646
5.91,9,15.734641
1.97,3,15.735712
-0.01,1,15.736135
13.87,13,15.740314
3.95,5,15.741982
3.95,5,15.743647
1.97,3,15.744684
1.97,3,15.745712
1.97,3,15.746758
1.97,3,15.74779
3.95,5,15.749459
1.96,4,15.750807
3.92,8,15.987814
-0.06,6,15.989929
1.94,6,15.991925
-0.03,3,15.99298
3.94,6,15.994976
-0.01,1,15.99538
1.93,7,15.997674
3.9,10,16.000912
3.91,9,16.003841
1.97,3,16.004881
3.95,5,16.006537
5.88,12,16.010375
3.95,5,16.012041
3.9,10,16.015268
1.97,3,16.016311
1.97,3,16.01735
13.91,9,16.02027
5.93,7,16.022559
1.94,6,16.024528
3.95,5,16.026187
-0.05,5,16.027837
3.95,5,16.246736
5.93,7,16.249101
3.95,5,16.250755
1.97,3,16.251775
3.93,7,16.254054
-0.06,6,16.256512
3.91,9,16.259494
1.97,3,16.260532
1.97,3,16.261556
1.92,8,16.264103
1.94,6,16.26603
1.97,3,16.267051
3.91,9,16.269895
1.97,3,16.270907
1.97,3,16.271916
1.93,7,16.274145
5.91,9,16.276988
1.97,3,16.277993
1.97,3,16.278996
1.97,3,16.280004
1.94,6,16.281941
13.87,13,16.285973
1.94,6,16.525011
1.97,3,16.526173
1.97,3,16.527221
5.93,7,16.5295
1.94,6,16.531522
1.97,3,16.532994
1.97,3,16.534348
1.97,3,16.535543
3.95,5,16.537229
-0.01,1,16.537632
1.96,4,16.538966
1.97,3,16.540011
1.97,3,16.541034
3.95,5,16.54267
3.95,5,16.544301
3.92,8,16.546824
1.94,6,16.548741
3.94,6,16.55066
-0.01,1,16.551052
1.93,7,16.553489
5.93,7,16.556147
1.96,4,16.557583
3.93,7,16.559959
1.97,3,16.561022
13.9,10,16.5643
1.97,3,16.565348
3.92,8,16.568166
3.95,5,16.774605
3.92,8,16.777664
1.96,4,16.779554
3.92,8,16.782308
3.95,5,16.784387
13.91,9,16.787749
1.93,7,16.790106
3.95,5,16.791785
5.93,7,16.794234
1.97,3,16.795455
3.95,5,16.797478
13.91,9,16.800433
1.94,6,16.802461
1.97,3,16.803748
5.9,10,16.807161
3.95,5,16.808833
-0.01,1,16.809243
5.91,9,16.812305
3.95,5,16.814167
1.97,3,16.815225
1.97,3,16.816249
3.95,5,16.817899
3.95,5,16.819595
13.88,12,17.032322
1.97,3,17.03344
1.97,3,17.034493
3.91,9,17.037784
3.95,5,17.039782
3.95,5,17.041759
1.97,3,17.043018
13.91,9,17.046192
-0.02,2,17.046968
1.97,3,17.048507
-0.06,6,17.050674
3.95,5,17.05273
5.93,7,17.055114
1.96,4,17.056553
1.97,3,17.057776
1.97,3,17.05904
13.87,13,17.063292
5.9,10,17.066496
1.95,5,17.068484
3.94,6,17.070571
-0.02,2,17.071318
3.94,6,17.073311
3.95,5,17.318325
13.89,11,17.322095
13.88,12,17.325961
1.97,3,17.326998
3.95,5,17.329118
1.96,4,17.330535
3.95,5,17.332202
1.97,3,17.333218
-0.01,1,17.333618
5.93,7,17.335942
3.95,5,17.337581
1.97,3,17.338591
3.95,5,17.340217
3.95,5,17.341854
1.97,3,17.342906
3.95,5,17.344535
1.97,3,17.345577
1.97,3,17.346585
1.97,3,17.347601
1.95,5,17.349227
5.87,13,17.35333
3.95,5,17.354953
5.87,13,17.35908
1.97,3,17.360154
3.95,5,17.611358
5.9,10,17.614682
3.92,8,17.617331
1.95,5,17.618992
3.95,5,17.621289
3.95,5,17.623181
1.97,3,17.624243
13.88,12,17.628329
1.97,3,17.629519
3.95,5,17.63149
3.94,6,17.633574
1.97,3,17.634608
1.97,3,17.63564
5.92,8,17.638213
1.97,3,17.639261
-0.05,5,17.641399
3.95,5,17.64324
1.97,3,17.644293
3.94,6,17.646274
3.95,5,17.647927
5.92,8,17.651106
1.92,8,17.654275
1.93,7,17.888297
3.95,5,17.890135
1.93,7,17.892411
3.95,5,17.894055
-0.05,5,17.89569
1.97,3,17.896703
3.92,8,17.899253
1.92,8,17.901821
3.95,5,17.903439
1.97,3,17.904447
3.95,5,17.90607
13.88,12,17.910219
5.93,7,17.912483
-0.05,5,17.914101
3.91,9,17.917009
1.94,6,17.918922
1.96,4,17.920226
1.97,3,17.921226
13.91,9,17.924102
3.91,9,17.92695
1.96,4,17.928258
3.92,8,18.15205
1.92,8,18.154839
13.91,9,18.157744
1.97,3,18.158762
3.93,7,18.161024
1.96,4,18.162376
1.96,4,18.163693
1.92,8,18.166226
1.94,6,18.16817
1.96,4,18.169492
5.93,7,18.171735
5.93,7,18.173987
1.97,3,18.174999
5.93,7,18.177234
3.95,5,18.178877
-0.02,2,18.179576
3.95,5,18.181202
1.97,3,18.182218
5.92,8,18.184757
3.9,10,18.187903
3.95,5,18.189531
1.97,3,18.190551
1.96,4,18.19186
1.97,3,18.192875
-0.03,3,18.392086
1.97,3,18.393212
1.94,6,18.395215
3.94,6,18.397177
1.97,3,18.398187
1.97,3,18.399212
5.93,7,18.402048
1.94,6,18.404134
5.92,8,18.406712
1.96,4,18.408105
1.97,3,18.409118
3.91,9,18.412054
1.97,3,18.413081
-0.05,5,18.414709
-0.02,2,18.41542
5.93,7,18.417741
13.91,9,18.420619
3.95,5,18.422243
1.94,6,18.424221
1.97,3,18.425232
3.91,9,18.428076
13.87,13,18.432121
13.91,9,18.690885
1.97,3,18.692036
-0.05,5,18.6938
-0.03,3,18.694863
1.97,3,18.695882
5.93,7,18.698145
1.97,3,18.699155
1.92,8,18.702089
1.97,3,18.703269
1.97,3,18.704325
1.97,3,18.705372
-0.05,5,18.707022
5.93,7,18.709327
3.94,6,18.711535
1.96,4,18.712929
1.97,3,18.713959
1.97,3,18.714989
3.95,5,18.716621
-0.02,2,18.717326
1.97,3,18.718352
1.97,3,18.719421
-0.07,7,18.721665
1.94,6,18.72358
1.97,3,18.724592
1.92,8,18.727122
-0.04,4,18.728439
5.92,8,18.730978
1.97,3,18.731994
1.97,3,18.733005
5.93,7,18.921479
3.92,8,18.924222
1.97,3,18.925262
1.97,3,18.926287
5.92,8,18.929599
-0.01,1,18.930158
1.97,3,18.93125
1.96,4,18.932717
1.94,6,18.935181
1.97,3,18.93635
3.95,5,18.938234
3.92,8,18.941278
13.91,9,18.944284
5.9,10,18.947542
1.94,6,18.950211
5.93,7,18.95359
3.91,9,18.956774
3.95,5,18.958749
3.95,5,18.960698
1.97,3,18.961981
-0.04,4,18.963387
-0.04,4,18.964731
1.97,3,18.965805
3.94,6,19.19757
1.97,3,19.198716
3.91,9,19.20163
3.94,6,19.204582
1.97,3,19.205771
-0.05,5,19.207922
1.96,4,19.209458
1.96,4,19.211389
3.95,5,19.213334
1.97,3,19.214407
1.97,3,19.215448
3.94,6,19.218425
1.94,6,19.220785
13.91,9,19.223688
5.93,7,19.225933
1.93,7,19.229368
1.97,3,19.230489
3.94,6,19.232434
1.97,3,19.233453
1.97,3,19.234461
1.97,3,19.235485
13.88,12,19.239773
-0.05,5,19.241437
1.97,3,19.24245
-0.05,5,19.244128
5.93,7,19.52471
3.92,8,19.527746
1.97,3,19.529699
-0.03,3,19.530886
1.97,3,19.53195
3.95,5,19.534289
1.96,4,19.535806
13.9,10,19.539585
1.94,6,19.541621
1.97,3,19.542798
1.97,3,19.543854
5.93,7,19.546407
13.91,9,19.549397
1.97,3,19.550429
1.97,3,19.551462
1.96,4,19.553139
5.9,10,19.556838
1.97,3,19.557908
-0.03,3,19.559135
1.96,4,19.560619
1.97,3,19.562313
1.97,3,19.563897
1.97,3,19.565038
1.96,4,19.566387
5.93,7,19.568889
1.97,3,19.569986
5.9,10,19.793257
3.93,7,19.796483
-0.01,1,19.796983
3.94,6,19.798951
3.95,5,19.800608
1.97,3,19.801745
3.95,5,19.803485
1.97,3,19.804542
1.94,6,19.806472
5.92,8,19.809013
1.97,3,19.810034
3.95,5,19.812059
1.97,3,19.813231
3.94,6,19.815224
1.97,3,19.816286
3.94,6,19.819157
1.97,3,19.820375
3.92,8,19.823571
1.97,3,19.824785
1.97,3,19.82613
3.95,5,19.828089
3.95,5,19.829915
-0.01,1,19.830344
-0.01,1,19.830759
3.95,5,19.83243
1.97,3,19.833483
1.94,6,19.835661
-0.01,1,19.83616
1.97,3,19.83722
-0.01,1,19.837629
1.97,3,19.838668
1.97,3,19.83969
3.94,6,20.079862
-0.04,4,20.08133
-0.03,3,20.082513
-0.01,1,20.082989
3.95,5,20.084954
1.94,6,20.087113
1.97,3,20.088285
3.92,8,20.090988
-0.01,1,20.091414
5.89,11,20.095029
3.92,8,20.098195
-0.01,1,20.098677
1.97,3,20.099725
-0.01,1,20.100122
1.97,3,20.101201
1.93,7,20.103526
1.97,3,20.104781
3.95,5,20.106535
1.97,3,20.107566
5.93,7,20.109966
1.94,6,20.111989
-0.01,1,20.112428
5.93,7,20.114942
3.93,7,20.117231
3.94,6,20.119553
3.94,6,20.121643
5.93,7,20.123995
-0.01,1,20.343649
1.97,3,20.344853
3.95,5,20.346553
3.94,6,20.348522
3.92,8,20.351087
5.93,7,20.353343
1.96,4,20.354666
3.93,7,20.356932
5.89,11,20.360399
1.92,8,20.362938
3.95,5,20.364554
3.91,9,20.367413
1.94,6,20.369351
-0.05,5,20.370964
-0.03,3,20.371969
5.93,7,20.374215
1.97,3,20.375225
1.96,4,20.376652
3.95,5,20.378678
3.95,5,20.380498
1.97,3,20.381581
1.97,3,20.382633
1.97,3,20.383684
3.95,5,20.385354
3.95,5,20.611986
1.94,6,20.614309
1.95,5,20.616261
1.97,3,20.617434
1.97,3,20.618529
1.96,4,20.620252
5.93,7,20.622831
1.97,3,20.623878
3.95,5,20.625544
3.91,9,20.628423
1.93,7,20.631097
1.97,3,20.63222
1.92,8,20.63502
-0.01,1,20.635579
1.97,3,20.636703
1.94,6,20.638716
1.97,3,20.639755
3.95,5,20.641878
5.92,8,20.644739
1.97,3,20.645803
3.93,7,20.648119
1.96,4,20.649473
5.93,7,20.652223
3.95,5,20.653938
5.93,7,20.656264
3.95,5,20.845136
5.92,8,20.847909
1.97,3,20.848951
3.95,5,20.850627
3.95,5,20.852287
1.97,3,20.853323
1.97,3,20.854362
3.95,5,20.856008
1.96,4,20.857353
1.97,3,20.858388
1.97,3,20.859413
5.91,9,20.862313
5.91,9,20.865207
3.95,5,20.866891
1.96,4,20.868237
1.96,4,20.869567
1.97,3,20.870595
1.96,4,20.871954
1.97,3,20.872984
3.95,5,20.874639
3.95,5,20.87628
5.9,10,20.879549
3.95,5,20.881259
3.93,7,20.883692
1.97,3,20.884778
-0.04,4,20.886141
3.95,5,21.097344
1.96,4,21.098905
1.94,6,21.100913
3.9,10,21.104138
13.91,9,21.107115
-0.03,3,21.108122
3.95,5,21.109753
1.95,5,21.111376
13.9,10,21.114551
3.95,5,21.116175
3.94,6,21.118097
1.97,3,21.119106
1.97,3,21.120118
1.97,3,21.121129
5.9,10,21.124272
5.92,8,21.126883
1.95,5,21.128503
1.97,3,21.129513
1.97,3,21.130515
5.93,7,21.132747
1.97,3,21.133757
3.93,7,21.136011
5.91,9,21.138857
1.96,4,21.339341
3.95,5,21.341092
1.95,5,21.342732
3.95,5,21.344366
5.9,10,21.347508
3.95,5,21.349121
1.93,7,21.351327
3.95,5,21.352933
1.97,3,21.353936
1.95,5,21.355534
5.93,7,21.357757
1.97,3,21.358764
1.96,4,21.360099
1.93,7,21.362299
-0.03,3,21.363293
1.94,6,21.365182
13.91,9,21.368021
3.95,5,21.369632
1.97,3,21.370634
3.95,5,21.372251
3.95,5,21.373849
5.9,10,21.377158
3.95,5,21.378986
3.93,7,21.580258
1.97,3,21.58147
3.95,5,21.583221
5.89,11,21.586853
1.93,7,21.589186
1.95,5,21.590917
3.94,6,21.592974
13.91,9,21.596029
3.93,7,21.598478
1.95,5,21.60024
1.96,4,21.601669
1.95,5,21.603435
3.94,6,21.605504
3.95,5,21.607219
1.94,6,21.609303
-0.04,4,21.610656
3.95,5,21.612407
1.96,4,21.613743
1.97,3,21.61475
1.96,4,21.616065
13.91,9,21.618935
1.97,3,21.619955
3.92,8,21.831315
3.93,7,21.833816
1.94,6,21.835781
3.95,5,21.837439
1.92,8,21.839984
3.95,5,21.841623
1.93,7,21.843849
1.96,4,21.845167
3.91,9,21.848022
3.95,5,21.849664
1.97,3,21.850679
3.94,6,21.852825
1.95,5,21.854514
3.95,5,21.856186
3.94,6,21.858137
1.97,3,21.859161
1.97,3,21.86028
1.97,3,21.86132
5.9,10,21.864484
3.92,8,21.867039
13.89,11,21.870602
1.97,3,21.871634
1.94,6,22.0877
-0.04,4,22.089235
-0.03,3,22.090276
1.96,4,22.091623
13.91,9,22.094485
1.97,3,22.095497
5.93,7,22.097738
1.95,5,22.099373
1.94,6,22.101285
1.94,6,22.10323
1.95,5,22.10486
5.93,7,22.10716
3.95,5,22.10878
1.97,3,22.109787
5.9,10,22.112923
1.97,3,22.113922
5.93,7,22.116148
1.94,6,22.118055
1.96,4,22.119363
1.97,3,22.12036
1.97,3,22.121367
1.95,5,22.122978
1.97,3,22.123976
1.97,3,22.12498
-0.04,4,22.126285
3.95,5,22.1279
5.92,8,22.332325
5.92,8,22.335052
1.97,3,22.336076
1.97,3,22.337085
-0.04,4,22.338394
1.96,4,22.339724
1.97,3,22.340829
3.94,6,22.343056
1.97,3,22.344146
1.97,3,22.345186
1.94,6,22.347129
1.97,3,22.348146
3.95,5,22.349822
3.95,5,22.351459
1.97,3,22.352474
1.97,3,22.353484
1.97,3,22.354491
5.93,7,22.356745
3.92,8,22.359307
-0.04,4,22.360612
1.96,4,22.36192
1.94,6,22.363863
3.95,5,22.365482
3.94,6,22.367461
3.95,5,22.369069
-0.05,5,22.370672
1.95,5,22.372285
13.91,9,22.553982
5.93,7,22.556391
5.93,7,22.558654
-0.01,1,22.559064
1.97,3,22.560138
1.96,4,22.561482
-0.05,5,22.563736
-0.04,4,22.565182
1.95,5,22.567044
1.97,3,22.568338
1.96,4,22.569994
13.9,10,22.573342
1.97,3,22.574513
1.96,4,22.576014
13.89,11,22.579856
1.97,3,22.580953
1.95,5,22.582774
3.95,5,22.584582
3.95,5,22.586504
-0.03,3,22.587597
1.97,3,22.588672
1.97,3,22.589904
3.93,7,22.592398
1.97,3,22.593452
3.95,5,22.595148
3.92,8,22.597803
-0.02,2,22.598535
1.97,3,22.825639
1.97,3,22.827258
1.97,3,22.828431
1.97,3,22.829492
1.95,5,22.831148
1.95,5,22.83289
3.95,5,22.835077
1.97,3,22.836201
3.95,5,22.837867
13.91,9,22.840784
1.97,3,22.84182
1.97,3,22.84288
1.97,3,22.844569
1.97,3,22.845799
5.92,8,22.848515
1.95,5,22.850246
3.95,5,22.85254
1.96,4,22.854488
1.97,3,22.855713
-0.01,1,22.856163
3.95,5,22.857984
3.95,5,22.860085
1.97,3,22.861372
-0.03,3,22.862538
3.95,5,22.86425
3.95,5,22.865971
5.93,7,22.868427
1.97,3,22.869764
1.97,3,22.870847
1.97,3,22.87187
1.97,3,22.872918
5.93,7,23.114999
1.97,3,23.116105
1.96,4,23.117444
5.9,10,23.120957
1.95,5,23.122685
5.93,7,23.125002
1.97,3,23.12612
3.92,8,23.128782
1.97,3,23.129849
1.95,5,23.131525
1.95,5,23.13319
3.94,6,23.135318
1.93,7,23.137645
1.96,4,23.139012
1.97,3,23.140035
1.96,4,23.141384
-0.04,4,23.142734
3.95,5,23.144428
5.93,7,23.146694
-0.03,3,23.147713
1.97,3,23.148743
3.95,5,23.15038
3.95,5,23.152166
3.94,6,23.154151
3.94,6,23.156104
1.97,3,23.353567
13.91,9,23.356596
1.96,4,23.357941
1.97,3,23.358991
1.97,3,23.360007
1.97,3,23.361021
1.97,3,23.362203
3.95,5,23.364185
1.97,3,23.365253
3.95,5,23.366913
5.93,7,23.369179
1.97,3,23.370206
3.95,5,23.371844
1.97,3,23.372867
1.97,3,23.373889
1.97,3,23.374902
1.97,3,23.375913
-0.03,3,23.376916
1.97,3,23.377928
1.97,3,23.378939
3.95,5,23.380655
3.95,5,23.382478
3.94,6,23.384738
1.95,5,23.386444
3.95,5,23.388144
3.95,5,23.389823
5.93,7,23.392141
1.97,3,23.393184
1.97,3,23.394227
5.92,8,23.396833
1.97,3,23.590499
1.97,3,23.591631
1.97,3,23.592676
1.96,4,23.594025
3.95,5,23.595683
3.95,5,23.597395
1.97,3,23.598437
1.95,5,23.600514
1.94,6,23.602564
1.97,3,23.603584
1.97,3,23.60463
1.95,5,23.606268
3.92,8,23.608839
-0.03,3,23.609855
5.91,9,23.612693
3.92,8,23.615241
3.95,5,23.616855
13.91,9,23.619688
-0.02,2,23.62039
-0.03,3,23.621393
1.97,3,23.622403
1.94,6,23.62433
-0.04,4,23.625636
1.97,3,23.626639
5.93,7,23.62888
1.94,6,23.630797
3.95,5,23.819298
3.95,5,23.821144
1.97,3,23.822191
3.94,6,23.824156
1.95,5,23.825798
1.97,3,23.826826
3.95,5,23.8288
3.95,5,23.830618
3.94,6,23.832608
13.91,9,23.8355
13.88,12,23.839341
1.94,6,23.841282
1.97,3,23.842306
3.94,6,23.844237
1.97,3,23.845264
3.95,5,23.846883
1.97,3,23.847892
1.97,3,23.848903
1.97,3,23.849911
3.95,5,23.851523
3.94,6,23.853444
3.95,5,23.855069
1.96,4,23.856377
3.95,5,23.857998
1.96,4,23.859309
3.92,8,24.08533
1.97,3,24.08656
13.91,9,24.089498
1.97,3,24.090535
1.97,3,24.091558
1.94,6,24.093512
-0.03,3,24.094542
3.95,5,24.096186
1.97,3,24.097205
3.94,6,24.09914
1.97,3,24.100166
1.96,4,24.101537
3.95,5,24.103192
3.95,5,24.104853
1.96,4,24.106172
1.94,6,24.108118
1.95,5,24.109911
1.97,3,24.11102
1.97,3,24.112083
-0.05,5,24.11372
1.96,4,24.115053
1.97,3,24.11606
3.95,5,24.117699
5.91,9,24.120841
5.91,9,24.123813
3.95,5,24.125496
1.94,6,24.127529
1.97,3,24.32369
3.95,5,24.325551
1.97,3,24.326595
1.97,3,24.327627
13.91,9,24.330486
1.97,3,24.331493
1.95,5,24.333522
13.91,9,24.336645
3.95,5,24.338316
3.94,6,24.340286
1.97,3,24.341309
3.92,8,24.343939
-0.04,4,24.345263
5.92,8,24.347809
1.97,3,24.348826
-0.03,3,24.349831
1.97,3,24.350836
1.95,5,24.352528
1.96,4,24.353847
1.95,5,24.355463
1.96,4,24.356785
3.95,5,24.358414
-0.04,4,24.359828
1.95,5,24.36156
3.92,8,24.364151
5.93,7,24.366415
1.97,3,24.553424
1.97,3,24.554549
5.89,11,24.558099
1.97,3,24.559132
3.95,5,24.560774
1.94,6,24.562731
3.91,9,24.56562
13.9,10,24.568792
5.93,7,24.571035
1.93,7,24.57329
1.97,3,24.5743
5.93,7,24.576533
1.95,5,24.578168
1.97,3,24.57919
1.97,3,24.58021
1.93,7,24.582452
3.94,6,24.584388
1.97,3,24.585393
1.97,3,24.586407
3.95,5,24.58803
3.92,8,24.590593
5.93,7,24.592849
5.92,8,24.80874
3.91,9,24.811756
3.92,8,24.814316
1.96,4,24.815646
1.92,8,24.818205
5.93,7,24.820463
1.95,5,24.822105
5.92,8,24.824652
5.92,8,24.827202
1.97,3,24.828216
3.95,5,24.829845
1.92,8,24.832402
1.97,3,24.83343
5.93,7,24.835875
3.92,8,24.838493
3.95,5,24.84013
3.95,5,24.841763
1.96,4,24.843142
3.95,5,24.844838
1.97,3,24.845874
3.95,5,24.847509
3.91,9,25.030709
1.96,4,25.032415
1.97,3,25.033541
1.97,3,25.034686
1.94,6,25.036677
5.93,7,25.038939
3.95,5,25.040576
1.97,3,25.041585
1.97,3,25.042597
1.96,4,25.043909
3.95,5,25.045522
1.97,3,25.046531
1.97,3,25.047534
3.93,7,25.049756
1.95,5,25.051374
-0.03,3,25.052408
3.92,8,25.054944
1.94,6,25.056866
3.94,6,25.058783
13.91,9,25.061628
1.95,5,25.063251
3.95,5,25.064869
3.94,6,25.066787
1.97,3,25.067802
5.92,8,25.070316
1.94,6,25.26437
1.97,3,25.26634
1.93,7,25.268709
5.93,7,25.271085
1.96,4,25.272432
1.97,3,25.273459
5.9,10,25.277463
1.95,5,25.27921
3.92,8,25.281964
13.91,9,25.28491
3.92,8,25.28799
3.95,5,25.289832
5.93,7,25.292368
1.97,3,25.293423
3.95,5,25.295128
1.93,7,25.297747
1.93,7,25.300027
1.97,3,25.30105
1.94,6,25.303043
3.93,7,25.305334
1.96,4,25.307204
-0.05,5,25.308981
3.91,9,25.525491
3.95,5,25.527622
5.93,7,25.530117
3.93,7,25.532384
3.95,5,25.534017
3.94,6,25.536094
3.95,5,25.537748
3.94,6,25.539676
1.97,3,25.540681
5.93,7,25.542968
3.95,5,25.544596
3.95,5,25.546229
1.97,3,25.547231
3.95,5,25.548839
3.95,5,25.550449
1.97,3,25.551863
1.93,7,25.554321
5.93,7,25.556663
1.94,6,25.55867
1.93,7,25.561058
5.93,7,25.563626
3.95,5,25.565283
5.92,8,25.723467
3.95,5,25.725332
1.97,3,25.726382
3.95,5,25.728023
1.96,4,25.729359
1.97,3,25.730378
1.96,4,25.731734
3.94,6,25.734245
1.97,3,25.735434
3.95,5,25.737162
3.93,7,25.739538
5.9,10,25.742866
1.94,6,25.744813
3.93,7,25.747455
1.97,3,25.748766
1.97,3,25.7499
1.97,3,25.750978
1.97,3,25.75205
1.97,3,25.753102
1.97,3,25.754162
5.93,7,25.756495
1.97,3,25.757539
1.96,4,25.75891
5.92,8,25.761536
1.97,3,25.762588
13.89,11,25.766148
5.93,7,25.990404
5.93,7,25.99315
1.97,3,25.994466
5.93,7,25.996882
1.97,3,25.997937
-0.05,5,25.999701
5.93,7,26.002801
3.91,9,26.005871
1.96,4,26.007233
3.94,6,26.009204
1.95,5,26.011305
5.93,7,26.013749
5.91,9,26.016752
3.95,5,26.018433
5.89,11,26.022009
3.92,8,26.024651
5.91,9,26.027824
3.95,5,26.029888
1.94,6,26.03196
1.94,6,26.03395
5.93,7,26.257377
3.95,5,26.25915
1.97,3,26.260183
5.93,7,26.262448
5.91,9,26.265315
3.95,5,26.267447
1.97,3,26.268727
3.95,5,26.27046
1.97,3,26.271509
1.97,3,26.272561
5.89,11,26.276085
3.92,8,26.278717
3.94,6,26.280665
13.89,11,26.284168
5.93,7,26.286607
1.96,4,26.28798
1.97,3,26.289033
3.95,5,26.290681
1.93,7,26.293061
-0.04,4,26.294546
5.92,8,26.297219
1.97,3,26.298267
13.87,13,26.533158
1.96,4,26.534674
1.96,4,26.536163
1.96,4,26.537555
3.95,5,26.539202
1.97,3,26.540752
1.97,3,26.541885
1.97,3,26.543296
1.97,3,26.544856
1.97,3,26.546086
3.95,5,26.547815
1.96,4,26.549168
1.97,3,26.550854
5.92,8,26.55489
-0.02,2,26.555838
1.95,5,26.557642
1.95,5,26.559589
1.97,3,26.560812
1.97,3,26.562137
1.97,3,26.563271
3.95,5,26.564943
1.95,5,26.567266
5.92,8,26.570968
1.95,5,26.572804
1.94,6,26.575015
1.96,4,26.576545
1.94,6,26.579295
1.95,5,26.581733
1.95,5,26.789036
1.97,3,26.790195
5.93,7,26.792522
1.93,7,26.795056
1.94,6,26.797509
1.97,3,26.799333
1.94,6,26.80226
5.93,7,26.804687
5.93,7,26.80698
3.94,6,26.809599
3.95,5,26.811505
5.93,7,26.814152
1.97,3,26.815205
-0.02,2,26.815928
1.96,4,26.817261
1.97,3,26.818416
3.94,6,26.820557
-0.01,1,26.821025
3.95,5,26.822679
3.95,5,26.824314
-0.03,3,26.82532
1.97,3,26.82634
1.96,4,26.827718
1.95,5,26.830418
1.97,3,26.831564
1.97,3,26.83263
13.9,10,26.836218
13.88,12,27.066754
3.95,5,27.068493
1.97,3,27.069566
3.94,6,27.07155
1.96,4,27.073409
5.91,9,27.076687
13.91,9,27.07992
1.95,5,27.081635
5.91,9,27.084653
3.95,5,27.086496
1.97,3,27.087563
3.92,8,27.09042
3.95,5,27.092276
1.95,5,27.094003
1.94,6,27.096026
5.93,7,27.098608
5.93,7,27.100923
5.93,7,27.103249
1.97,3,27.104308
3.94,6,27.106371
3.95,5,27.10803
1.97,3,27.309783
1.97,3,27.31102
5.93,7,27.313318
5.93,7,27.315576
1.97,3,27.316597
5.93,7,27.318921
3.95,5,27.320553
5.93,7,27.32279
1.97,3,27.323799
5.93,7,27.326032
1.97,3,27.327053
3.95,5,27.328689
1.97,3,27.329701
1.97,3,27.330698
3.95,5,27.332329
1.97,3,27.333385
3.95,5,27.335053
1.95,5,27.336691
3.95,5,27.338342
1.94,6,27.340358
3.94,6,27.342315
1.96,4,27.34369
5.93,7,27.345927
3.95,5,27.347561
3.95,5,27.34922
1.97,3,27.350242
3.94,6,27.518603
1.96,4,27.520062
5.92,8,27.522647
3.94,6,27.525011
3.95,5,27.526867
1.97,3,27.528205
5.93,7,27.530543
3.95,5,27.53218
1.94,6,27.534536
5.93,7,27.536887
5.93,7,27.539609
1.97,3,27.540732
1.97,3,27.541761
1.96,4,27.543209
1.95,5,27.545011
-0.03,3,27.54607
1.94,6,27.54807
1.97,3,27.549122
1.95,5,27.550794
1.96,4,27.552193
1.94,6,27.554148
1.97,3,27.555165
1.97,3,27.556234
1.97,3,27.55734
13.91,9,27.560564
1.97,3,27.561868
-0.01,1,27.562335
1.97,3,27.563382
5.91,9,27.768143
5.9,10,27.77165
3.95,5,27.773921
3.93,7,27.777051
1.97,3,27.778363
1.94,6,27.780505
1.97,3,27.781624
1.97,3,27.782712
3.95,5,27.784505
3.93,7,27.786934
-0.02,2,27.78767
3.95,5,27.789623
3.94,6,27.791709
13.9,10,27.794924
5.93,7,27.797171
1.97,3,27.798201
3.95,5,27.799865
3.95,5,27.801491
1.97,3,27.802502
3.94,6,27.804437
1.97,3,27.805471
1.97,3,27.806483
1.97,3,27.807491
1.97,3,27.808503
3.95,5,27.810689
1.97,3,28.038021
1.97,3,28.039535
1.97,3,28.040801
5.93,7,28.043148
1.97,3,28.044186
1.97,3,28.045224
3.95,5,28.047026
1.96,4,28.048524
-0.03,3,28.04956
1.97,3,28.050578
1.96,4,28.051919
1.96,4,28.053243
1.97,3,28.054253
3.93,7,28.05648
5.91,9,28.059321
1.97,3,28.060337
1.97,3,28.061502
1.97,3,28.062647
1.97,3,28.063714
-0.01,1,28.064114
1.97,3,28.065123
1.96,4,28.066439
1.97,3,28.067454
1.95,5,28.069159
5.91,9,28.072224
1.97,3,28.073344
1.94,6,28.075366
3.95,5,28.077066
1.97,3,28.078178
1.97,3,28.079278
3.95,5,28.081058
1.97,3,28.082129
3.95,5,28.321776
1.97,3,28.322933
1.97,3,28.323997
13.91,9,28.326949
3.95,5,28.328626
3.95,5,28.330298
3.95,5,28.332042
1.97,3,28.333081
3.93,7,28.335369
3.95,5,28.337025
1.97,3,28.338064
-0.01,1,28.338469
1.97,3,28.339505
1.97,3,28.340538
1.97,3,28.341565
3.95,5,28.344477
-0.01,1,28.345086
1.96,4,28.346667
1.97,3,28.34776
5.91,9,28.350754
5.93,7,28.353528
3.95,5,28.355271
-0.01,1,28.355703
3.93,7,28.357982
3.95,5,28.359797
3.94,6,28.362007
3.95,5,28.36368
1.97,3,28.364717
1.97,3,28.365734
1.97,3,28.560801
1.96,4,28.562438
1.97,3,28.563555
3.93,7,28.566388
1.95,5,28.568186
5.93,7,28.57098
5.93,7,28.573802
3.95,5,28.575606
1.94,6,28.577604
3.95,5,28.579272
1.94,6,28.581582
1.97,3,28.582733
5.93,7,28.585247
5.93,7,28.587712
1.96,4,28.589139
3.95,5,28.590934
13.87,13,28.595734
1.97,3,28.59696
3.93,7,28.599267
3.93,7,28.601538
3.95,5,28.603185
1.95,5,28.605061
1.95,5,28.606945
1.94,6,28.860218
1.94,6,28.862283
5.9,10,28.865471
3.95,5,28.867112
5.93,7,28.869843
1.97,3,28.870991
3.93,7,28.873277
3.95,5,28.874939
1.94,6,28.876889
5.93,7,28.879134
5.93,7,28.881387
5.93,7,28.883625
3.95,5,28.885247
1.97,3,28.886268
-0.02,2,28.886966
1.96,4,28.888307
1.95,5,28.889931
1.97,3,28.890944
3.94,6,28.89288
1.97,3,28.893894
3.95,5,28.895508
1.97,3,28.896547
1.97,3,28.897554
1.95,5,28.899168
3.91,9,29.23322
3.95,5,29.235086
1.97,3,29.236189
3.93,7,29.238541
13.91,9,29.241859
-0.04,4,29.243678
5.93,7,29.246172
1.93,7,29.248914
3.95,5,29.250888
1.97,3,29.252318
1.97,3,29.253466
1.95,5,29.255371
3.92,8,29.257965
1.97,3,29.258993
1.96,4,29.260339
5.92,8,29.263437
3.93,7,29.266051
5.93,7,29.268472
5.93,7,29.270766
1.96,4,29.272488
1.97,3,29.273635
1.97,3,29.274715
1.96,4,29.276256
1.97,3,29.27728
1.94,6,29.279221
1.97,3,29.485303
3.95,5,29.487115
3.92,8,29.489704
3.95,5,29.491344
1.97,3,29.492361
5.92,8,29.495427
5.93,7,29.497751
1.94,6,29.499725
3.93,7,29.502009
3.93,7,29.504891
1.97,3,29.506087
3.95,5,29.507843
1.97,3,29.50894
3.95,5,29.510773
5.92,8,29.513429
1.94,6,29.51577
1.97,3,29.516848
1.94,6,29.518922
5.9,10,29.52211
1.97,3,29.52313
1.97,3,29.524699
1.97,3,29.525737
1.95,5,29.527368
3.92,8,29.82426
3.95,5,29.826131
5.92,8,29.82887
5.93,7,29.831272
1.97,3,29.832376
5.93,7,29.835405
3.91,9,29.838453
13.89,11,29.847316
3.93,7,29.852811
3.95,5,29.856593
3.95,5,29.858377
1.97,3,29.859527
1.97,3,29.860683
5.93,7,29.863186
3.95,5,29.864965
5.89,11,29.868774
3.93,7,29.87117
1.96,4,29.872562
1.94,6,29.874645
3.93,7,29.877194
3.95,5,29.878995
1.97,3,30.131898
1.95,5,30.134246
1.96,4,30.135709
5.93,7,30.138052
5.93,7,30.140737
3.92,8,30.143841
3.92,8,30.146468
3.95,5,30.148117
1.97,3,30.149141
3.94,6,30.151473
1.96,4,30.15298
5.93,7,30.155339
1.96,4,30.156698
1.97,3,30.157732
13.89,11,30.161357
1.97,3,30.162398
3.95,5,30.164049
1.94,6,30.166001
1.96,4,30.167325
1.97,3,30.168489
13.88,12,30.172485
1.97,3,30.173552
3.95,5,30.17524
1.97,3,30.176316
5.93,7,30.404593
5.9,10,30.407866
3.95,5,30.40952
1.96,4,30.410846
3.94,6,30.41332
3.95,5,30.415099
13.87,13,30.419217
5.92,8,30.421757
3.94,6,30.423707
1.97,3,30.424718
1.96,4,30.426034
5.93,7,30.428268
5.92,8,30.430794
1.97,3,30.431802
1.97,3,30.432808
1.97,3,30.433811
1.97,3,30.434809
1.96,4,30.436105
5.93,7,30.438316
1.97,3,30.439326
3.94,6,30.441241
1.96,4,30.442546
3.95,5,30.444157
1.96,4,30.689371
1.95,5,30.691159
5.89,11,30.694825
3.95,5,30.696518
13.91,9,30.699464
-0.04,4,30.7008
5.88,12,30.705001
1.97,3,30.706104
1.97,3,30.707263
1.97,3,30.708403
1.97,3,30.709492
5.91,9,30.712739
3.91,9,30.715704
1.97,3,30.716748
3.94,6,30.71871
13.9,10,30.723016
13.91,9,30.726326
5.91,9,30.729712
-0.05,5,30.731933
3.94,6,30.734129
1.95,5,30.97032
1.94,6,30.972363
3.94,6,30.974303
1.97,3,30.975328
3.94,6,30.977275
1.97,3,30.978311
1.93,7,30.980532
1.93,7,30.982759
-0.06,6,30.984944
1.97,3,30.986118
1.97,3,30.987194
1.97,3,30.988257
3.95,5,30.989958
3.93,7,30.992265
1.97,3,30.993347
1.97,3,30.994371
1.97,3,30.995378
1.94,6,30.997314
1.94,6,30.999225
1.97,3,31.000223
3.91,9,31.003043
3.94,6,31.004971
1.97,3,31.006125
1.94,6,31.008373
1.96,4,31.009765
1.94,6,31.011689
1.93,7,31.201762
3.92,8,31.2044
3.95,5,31.206028
1.97,3,31.207035
1.97,3,31.208048
5.91,9,31.210887
3.95,5,31.21251
1.97,3,31.213517
3.93,7,31.215721
3.91,9,31.21853
3.91,9,31.221352
1.96,4,31.222673
3.95,5,31.224278
3.95,5,31.225893
1.97,3,31.226895
3.91,9,31.229718
1.95,5,31.231334
3.9,10,31.234445
3.92,8,31.236954
-0.06,6,31.238847
5.93,7,31.448212
1.96,4,31.450229
1.97,3,31.451307
1.93,7,31.45377
5.88,12,31.457601
1.9,10,31.460824
1.97,3,31.461852
1.96,4,31.463177
5.89,11,31.466624
5.9,10,31.469763
3.94,6,31.471699
1.94,6,31.473608
1.94,6,31.475509
1.94,6,31.477417
1.97,3,31.478425
1.97,3,31.47943
1.96,4,31.480738
1.93,7,31.482954
3.95,5,31.48457
1.94,6,31.486477
1.97,3,31.487476
3.95,5,31.489078
13.87,13,31.72672
5.93,7,31.72923
3.91,9,31.73228
1.97,3,31.733768
5.9,10,31.73741
3.95,5,31.739269
3.91,9,31.74232
3.94,6,31.744679
5.93,7,31.746973
3.89,11,31.750488
1.96,4,31.75184
1.92,8,31.754689
3.91,9,31.757566
3.92,8,31.760125
3.95,5,31.762222
1.92,8,31.765776
1.97,3,31.767324
3.91,9,31.994994
5.93,7,31.997394
5.86,14,32.001846
1.92,8,32.004894
3.93,7,32.00727
3.94,6,32.009238
5.91,9,32.012121
3.94,6,32.01408
1.97,3,32.015096
5.93,7,32.01734
1.97,3,32.018703
1.96,4,32.020147
-0.05,5,32.021831
1.93,7,32.024089
5.9,10,32.027273
3.95,5,32.02949
1.97,3,32.03055
1.97,3,32.031594
3.94,6,32.033561
1.94,6,32.035524
1.97,3,32.036546
1.97,3,32.037567
1.9,10,32.285322
1.93,7,32.287638
5.87,13,32.292151
3.95,5,32.294051
1.94,6,32.296071
1.93,7,32.298353
3.95,5,32.299992
1.92,8,32.302549
1.97,3,32.303568
5.89,11,32.307024
1.96,4,32.308344
-0.04,4,32.309654
1.94,6,32.311581
5.93,7,32.313824
1.97,3,32.314847
1.92,8,32.317366
5.93,7,32.319606
1.97,3,32.320608
1.97,3,32.321624
1.97,3,32.322627
1.96,4,32.323942
-0.07,7,32.564719
3.95,5,32.566453
1.97,3,32.567471
1.93,7,32.569716
-0.07,7,32.571996
3.9,10,32.575113
1.91,9,32.57792
3.9,10,32.581056
3.94,6,32.582977
3.92,8,32.585498
3.91,9,32.588324
1.97,3,32.589324
3.95,5,32.590931
1.97,3,32.591936
3.91,9,32.595255
1.91,9,32.598277
13.91,9,32.601304
1.97,3,32.602527
3.9,10,32.854492
1.97,3,32.856557
-0.05,5,32.858522
3.91,9,32.862557
5.89,11,32.866633
5.93,7,32.869958
3.89,11,32.874244
-0.08,8,32.877907
3.95,5,32.879699
13.87,13,32.884526
1.97,3,32.88591
3.95,5,32.887672
3.95,5,32.889347
1.94,6,32.891299
1.92,8,32.894811
1.92,8,32.897486
1.96,4,32.898857
5.89,11,32.902698
3.91,9,33.161467
3.94,6,33.163521
3.94,6,33.165471
1.97,3,33.166501
1.89,11,33.170325
1.97,3,33.171379
1.94,6,33.173328
3.92,8,33.175859
3.95,5,33.178266
1.97,3,33.179748
3.95,5,33.181569
1.92,8,33.184203
1.94,6,33.186763
1.97,3,33.187883
3.94,6,33.190293
1.93,7,33.192661
1.95,5,33.194867
3.93,7,33.197194
1.92,8,33.200159
13.9,10,33.204056
1.96,4,33.205438
1.95,5,33.435977
1.97,3,33.437203
3.94,6,33.439221
1.97,3,33.440255
-0.05,5,33.44194
3.95,5,33.4438
1.97,3,33.445001
1.97,3,33.446059
5.91,9,33.449131
5.92,8,33.45213
1.96,4,33.453814
1.96,4,33.4554
1.95,5,33.457097
3.94,6,33.459074
3.89,11,33.463475
1.97,3,33.464909
13.91,9,33.468345
1.97,3,33.469585
1.96,4,33.470949
3.95,5,33.472616
3.95,5,33.474607
5.9,10,33.478485
1.95,5,33.480199
5.93,7,33.722687
1.97,3,33.723919
3.95,5,33.725601
5.92,8,33.728977
5.89,11,33.733135
1.97,3,33.734272
3.93,7,33.736996
3.91,9,33.739972
3.95,5,33.741727
1.97,3,33.743081
5.92,8,33.745933
1.93,7,33.748231
3.95,5,33.749892
5.93,7,33.752464
1.97,3,33.753525
3.95,5,33.755166
1.95,5,33.756816
3.95,5,33.758453
3.91,9,33.762171
1.96,4,33.763921
1.93,7,33.766302
1.92,8,33.769913
1.96,4,34.016422
3.95,5,34.019048
1.96,4,34.020791
1.97,3,34.02192
3.94,6,34.023917
3.95,5,34.026382
1.94,6,34.028808
5.93,7,34.031199
1.93,7,34.033493
5.9,10,34.037797
5.93,7,34.040159
1.97,3,34.041197
1.92,8,34.045805
3.95,5,34.047944
1.97,3,34.049226
3.94,6,34.052435
5.93,7,34.0561
1.93,7,34.059138
1.97,3,34.060699
13.91,9,34.065118
3.95,5,34.06758
3.95,5,34.070158
3.91,9,34.290304
3.94,6,34.292348
5.92,8,34.295692
3.95,5,34.297589
3.92,8,34.300599
1.93,7,34.303573
3.95,5,34.305305
1.96,4,34.306669
1.96,4,34.308264
1.91,9,34.311802
1.97,3,34.312932
13.89,11,34.316473
3.95,5,34.318593
1.93,7,34.32095
1.96,4,34.322295
1.96,4,34.323619
1.95,5,34.325245
3.95,5,34.32721
13.88,12,34.331597
1.97,3,34.332735
1.95,5,34.33441
3.92,8,34.654605
3.94,6,34.656751
5.89,11,34.660431
5.9,10,34.66464
1.95,5,34.666407
5.93,7,34.669868
3.95,5,34.672261
1.93,7,34.674639
3.92,8,34.677934
-0.05,5,34.679947
1.96,4,34.681325
3.95,5,34.683377
5.9,10,34.687376
5.89,11,34.69097
1.94,6,34.693965
1.94,6,34.696075
5.92,8,34.698662
1.97,3,34.699727
1.97,3,34.700813
3.95,5,34.939345
1.96,4,34.941024
1.94,6,34.943768
3.92,8,34.946661
5.9,10,34.950393
3.95,5,34.952877
3.92,8,34.955766
3.95,5,34.957452
1.95,5,34.959682
1.97,3,34.961294
3.95,5,34.963028
1.97,3,34.964076
1.97,3,34.965177
1.97,3,34.966354
3.94,6,34.969054
3.91,9,34.973395
3.92,8,34.976983
1.97,3,34.97911
1.97,3,34.980558
5.91,9,34.983575
3.9,10,34.98752
1.95,5,34.989294
-0.05,5,35.209314
1.97,3,35.210738
1.97,3,35.211893
-0.03,3,35.212974
1.97,3,35.214019
1.97,3,35.215049
1.97,3,35.21609
13.91,9,35.219378
1.94,6,35.22139
1.97,3,35.22243
1.97,3,35.223464
5.93,7,35.225726
1.97,3,35.226984
3.94,6,35.229537
1.94,6,35.23164
13.91,9,35.234711
3.95,5,35.236751
13.9,10,35.240065
3.91,9,35.242926
1.96,4,35.244534
3.95,5,35.246698
1.93,7,35.249051
1.93,7,35.251708
3.95,5,35.253532
3.94,6,35.468836
3.93,7,35.471459
3.95,5,35.473118
1.97,3,35.474139
3.92,8,35.477056
3.95,5,35.479345
1.97,3,35.480483
1.97,3,35.481513
1.97,3,35.482566
1.94,6,35.48462
3.94,6,35.487527
5.92,8,35.49049
3.95,5,35.49218
1.95,5,35.494254
-0.05,5,35.495946
3.95,5,35.497592
1.96,4,35.499255
1.93,7,35.501539
5.93,7,35.503775
1.97,3,35.504787
1.97,3,35.505785
13.91,9,35.509193
13.9,10,35.513104
1.94,6,35.515134
1.93,7,35.741058
13.91,9,35.745317
1.95,5,35.747115
1.95,5,35.749192
1.94,6,35.751422
5.93,7,35.754187
3.95,5,35.755897
1.93,7,35.758218
3.95,5,35.76099
-0.05,5,35.762721
1.96,4,35.76406
1.97,3,35.76517
3.91,9,35.768055
3.95,5,35.770605
3.95,5,35.772377
1.97,3,35.773523
1.97,3,35.774565
3.95,5,35.777483
1.95,5,35.779355
5.91,9,35.78226
5.88,12,35.787531
1.96,4,35.789053
5.92,8,36.049714
1.92,8,36.053381
1.96,4,36.054946
3.93,7,36.057535
3.95,5,36.059342
-0.03,3,36.060982
1.97,3,36.062129
1.95,5,36.063815
1.96,4,36.065149
3.95,5,36.067058
1.95,5,36.069549
1.97,3,36.070674
1.97,3,36.071715
3.95,5,36.073376
1.95,5,36.075016
5.9,10,36.07872
1.97,3,36.079822
1.94,6,36.08176
3.95,5,36.083434
5.89,11,36.087854
1.97,3,36.089017
1.95,5,36.090717
3.94,6,36.092758
1.94,6,36.095439
3.95,5,36.326439
1.96,4,36.328297
5.93,7,36.330669
3.91,9,36.333624
3.91,9,36.33779
13.88,12,36.341722
1.94,6,36.344546
1.92,8,36.347322
1.94,6,36.349322
3.95,5,36.35099
1.95,5,36.353343
1.97,3,36.354461
1.97,3,36.355498
3.95,5,36.35714
1.97,3,36.35815
3.95,5,36.359931
3.95,5,36.362144
1.91,9,36.365133
5.93,7,36.367385
3.94,6,36.369935
5.9,10,36.610495
5.89,11,36.614136
3.94,6,36.616097
3.95,5,36.617724
1.97,3,36.619535
13.91,9,36.622635
1.95,5,36.624292
5.93,7,36.627036
-0.07,7,36.629743
5.93,7,36.632065
1.97,3,36.633105
3.92,8,36.636245
3.93,7,36.638793
5.93,7,36.641428
1.93,7,36.643931
1.95,5,36.645654
1.96,4,36.647042
1.94,6,36.649107
1.95,5,36.650746
5.92,8,36.653936
-0.03,3,36.65502
1.96,4,36.885963
5.92,8,36.88876
3.92,8,36.891397
1.97,3,36.892422
3.9,10,36.896089
3.92,8,36.899083
3.93,7,36.901472
1.95,5,36.903388
1.92,8,36.906492
5.93,7,36.908798
1.97,3,36.91012
1.97,3,36.911457
1.97,3,36.912543
5.91,9,36.915715
-0.06,6,36.917738
1.94,6,36.920178
5.92,8,36.922812
1.94,6,36.924745
1.93,7,36.927356
3.95,5,36.929518
1.94,6,36.931566
13.86,14,37.146908
3.95,5,37.148633
1.92,8,37.151875
3.92,8,37.154545
3.91,9,37.157429
1.92,8,37.159975
3.95,5,37.162091
13.88,12,37.166282
1.92,8,37.169382
3.91,9,37.172849
1.97,3,37.173991
1.95,5,37.175663
3.92,8,37.178981
3.95,5,37.1808
1.95,5,37.18273
1.92,8,37.185329
1.97,3,37.186354
3.94,6,37.470611
1.95,5,37.473272
1.93,7,37.475626
3.95,5,37.478203
1.97,3,37.47948
3.95,5,37.481646
3.95,5,37.48386
5.88,12,37.48883
1.95,5,37.490585
3.95,5,37.492916
1.95,5,37.495232
1.96,4,37.496623
1.97,3,37.497655
1.95,5,37.499311
5.91,9,37.50278
3.92,8,37.506076
3.91,9,37.510457
1.93,7,37.512838
3.94,6,37.5152
1.96,4,37.516556
1.94,6,37.519071
1.93,7,37.521853
1.96,4,37.775127
1.92,8,37.778595
3.91,9,37.781603
5.9,10,37.785978
1.95,5,37.787866
1.97,3,37.788921
1.93,7,37.791211
1.92,8,37.794622
1.94,6,37.796784
3.94,6,37.798766
3.92,8,37.802589
1.97,3,37.803792
5.93,7,37.807184
3.94,6,37.809507
3.94,6,37.811811
5.92,8,37.814787
1.97,3,37.816121
1.97,3,37.817401
1.97,3,37.818957
3.91,9,37.822118
1.93,7,37.824418
1.97,3,38.048817
1.97,3,38.050019
1.96,4,38.051399
1.95,5,38.053381
-0.03,3,38.054453
1.96,4,38.055794
13.91,9,38.059279
13.9,10,38.063348
-0.03,3,38.064438
5.88,12,38.069243
1.97,3,38.070474
3.94,6,38.0725
1.96,4,38.073873
1.96,4,38.075203
3.91,9,38.079028
1.92,8,38.081782
1.96,4,38.083143
3.93,7,38.0861
1.96,4,38.087502
3.94,6,38.089845
1.97,3,38.090988
1.95,5,38.092646
3.95,5,38.09511
5.92,8,38.3591
5.92,8,38.362318
5.89,11,38.366079
13.87,13,38.371666
1.96,4,38.373066
1.96,4,38.374388
3.91,9,38.378291
5.9,10,38.381756
3.95,5,38.38355
5.89,11,38.388783
3.95,5,38.390914
3.91,9,38.394587
1.96,4,38.396038
1.97,3,38.397077
3.94,6,38.399716
5.91,9,38.405201
1.95,5,38.40733
3.94,6,38.410403
1.95,5,38.803377
5.91,9,38.806924
5.89,11,38.810651
1.96,4,38.812093
3.91,9,38.815405
1.96,4,38.816796
1.96,4,38.818151
3.92,8,38.82081
5.92,8,38.823877
1.97,3,38.824972
-0.03,3,38.82605
1.92,8,38.829244
1.97,3,38.830328
3.93,7,38.832611
3.9,10,38.835867
1.97,3,38.837359
1.93,7,38.839964
1.93,7,38.842283
3.93,7,38.84489
13.9,10,38.84889
5.93,7,39.105833
1.95,5,39.107614
3.94,6,39.109686
1.92,8,39.112422
1.93,7,39.114688
5.89,11,39.118322
3.9,10,39.121624
1.93,7,39.123896
13.9,10,39.127118
1.96,4,39.128456
3.92,8,39.131074
5.89,11,39.13474
3.94,6,39.136775
3.92,8,39.13937
1.96,4,39.140767
13.88,12,39.144694
1.97,3,39.145722
3.95,5,39.379044
3.91,9,39.382081
1.97,3,39.383153
3.91,9,39.386277
5.88,12,39.39064
3.93,7,39.392934
1.92,8,39.39611
3.91,9,39.4001
3.93,7,39.402696
3.95,5,39.404647
1.97,3,39.405703
1.93,7,39.408393
3.94,6,39.410795
1.94,6,39.412775
5.92,8,39.41538
-0.03,3,39.416413
3.94,6,39.419147
1.96,4,39.42082
5.91,9,39.423789
3.91,9,39.667165
3.94,6,39.669259
5.92,8,39.67185
1.94,6,39.673803
3.94,6,39.676447
3.93,7,39.679119
5.89,11,39.682707
5.92,8,39.685884
1.95,5,39.687665
1.91,9,39.690555
3.94,6,39.692508
1.97,3,39.693551
1.93,7,39.696524
1.95,5,39.698291
13.91,9,39.701499
3.93,7,39.703787
3.94,6,39.706037
1.94,6,39.707993
1.92,8,39.710588
1.95,5,39.962804
1.96,4,39.964342
3.94,6,39.966451
1.93,7,39.969391
1.96,4,39.971378
1.94,6,39.973459
1.96,4,39.974868
1.96,4,39.976309
3.93,7,39.979484
3.94,6,39.981578
3.94,6,39.983557
1.94,6,39.985546
3.93,7,39.988355
-0.03,3,39.989552
13.89,11,39.993403
1.93,7,39.995753
3.95,5,39.997429
1.96,4,39.999159
3.95,5,40.000805
13.9,10,40.004655
1.97,3,40.005754
3.95,5,40.007411
1.96,4,40.235219
1.97,3,40.236506
1.96,4,40.237887
5.89,11,40.241402
-0.03,3,40.242416
1.96,4,40.243775
1.93,7,40.246699
5.93,7,40.249042
1.97,3,40.250074
1.96,4,40.25152
3.92,8,40.254747
1.96,4,40.256192
1.95,5,40.257839
3.93,7,40.260236
5.93,7,40.262596
5.91,9,40.265875
13.91,9,40.269011
1.95,5,40.270706
1.97,3,40.27176
3.94,6,40.273724
3.92,8,40.276871
3.95,5,40.278562
3.95,5,40.280221
3.94,6,40.505756
3.93,7,40.508659
1.97,3,40.50997
5.91,9,40.513749
1.94,6,40.516151
1.95,5,40.518005
5.92,8,40.520782
13.91,9,40.524136
1.96,4,40.525554
-0.02,2,40.526294
1.96,4,40.527622
3.95,5,40.529253
1.96,4,40.530769
1.96,4,40.532173
1.97,3,40.533741
3.94,6,40.535918
1.97,3,40.536982
3.94,6,40.539129
1.96,4,40.540521
1.97,3,40.541568
1.95,5,40.543471
5.92,8,40.546415
1.97,3,40.547494
1.95,5,40.549164
1.97,3,40.550187
5.93,7,40.744826
1.92,8,40.74749
5.92,8,40.750063
1.96,4,40.751397
1.97,3,40.752408
3.9,10,40.755555
3.94,6,40.757487
1.91,9,40.760311
1.96,4,40.761615
3.94,6,40.763537
1.97,3,40.764557
5.93,7,40.766768
1.95,5,40.768372
3.91,9,40.771207
1.93,7,40.773407
13.89,11,40.776841
3.9,10,40.779947
1.96,4,40.781254
13.9,10,40.784404
1.95,5,40.990734
1.93,7,40.993099
13.87,13,40.997231
13.88,12,41.001526
1.97,3,41.002634
1.97,3,41.003673
3.95,5,41.005301
1.97,3,41.006315
3.95,5,41.007939
1.96,4,41.009265
3.94,6,41.011204
3.9,10,41.014331
1.97,3,41.015332
1.96,4,41.016638
3.93,7,41.018872
1.92,8,41.021417
1.9,10,41.024549
3.94,6,41.026487
5.88,12,41.030219
5.9,10,41.273864
1.96,4,41.275368
1.96,4,41.276768
3.95,5,41.278473
1.94,6,41.281226
1.94,6,41.283514
1.94,6,41.286125
1.93,7,41.289957
3.94,6,41.292105
3.92,8,41.295226
1.94,6,41.298409
1.95,5,41.300323
1.94,6,41.302794
3.9,10,41.306388
1.94,6,41.308576
1.93,7,41.311984
3.94,6,41.314107
1.97,3,41.315218
3.95,5,41.316955
1.97,3,41.318046
-0.02,2,41.318803
1.96,4,41.320921
1.97,3,41.32211
13.9,10,41.555809
1.93,7,41.558224
3.94,6,41.560969
3.94,6,41.563778
1.95,5,41.565871
1.96,4,41.568727
13.89,11,41.573576
1.94,6,41.576337
3.95,5,41.578569
5.92,8,41.582431
3.95,5,41.586961
3.93,7,41.589859
1.96,4,41.591335
3.93,7,41.593873
1.92,8,41.5968
1.96,4,41.598354
5.9,10,41.604143
1.96,4,41.606266
3.95,5,41.608598
1.94,6,41.610676
5.92,8,41.827622
1.95,5,41.829365
3.92,8,41.831932
3.95,5,41.833576
3.95,5,41.835386
1.97,3,41.836497
5.92,8,41.839134
3.95,5,41.840805
1.96,4,41.842129
3.94,6,41.84409
1.96,4,41.845412
5.9,10,41.848586
1.94,6,41.85051
3.92,8,41.853052
1.96,4,41.854366
1.97,3,41.855391
1.97,3,41.856393
3.94,6,41.85833
3.9,10,41.861469
5.92,8,41.864001
3.89,11,41.86744
1.96,4,42.079549
3.94,6,42.08167
1.93,7,42.084013
1.97,3,42.085144
1.95,5,42.086853
5.92,8,42.090676
13.91,9,42.094273
1.93,7,42.096634
5.93,7,42.098917
3.91,9,42.102402
1.96,4,42.104055
1.97,3,42.10548
1.97,3,42.106603
3.95,5,42.108352
3.94,6,42.110441
1.97,3,42.112057
5.92,8,42.114769
1.97,3,42.115822
1.96,4,42.117181
3.95,5,42.118879
1.93,7,42.121562
-0.06,6,42.12403
13.9,10,42.315363
1.96,4,42.316796
1.94,6,42.318751
1.96,4,42.320075
1.96,4,42.32141
3.95,5,42.323058
13.88,12,42.326834
1.97,3,42.327841
3.95,5,42.329456
1.93,7,42.331674
1.96,4,42.332984
1.93,7,42.335215
13.9,10,42.338373
1.96,4,42.339679
1.93,7,42.341905
3.95,5,42.343522
1.95,5,42.345142
1.94,6,42.347056
1.96,4,42.348358
1.95,5,42.349979
1.93,7,42.352204
3.92,8,42.354749
1.96,4,42.579496
1.96,4,42.58097
1.94,6,42.582939
1.95,5,42.584577
1.97,3,42.585598
1.95,5,42.587225
1.96,4,42.58856
5.92,8,42.591098
1.97,3,42.592106
1.97,3,42.593108
3.93,7,42.595311
1.96,4,42.596614
3.94,6,42.598518
1.96,4,42.599837
1.96,4,42.601151
13.91,9,42.603988
1.95,5,42.605602
3.94,6,42.607519
1.94,6,42.609447
3.94,6,42.611372
3.9,10,42.61448
1.95,5,42.616083
1.97,3,42.617084
3.95,5,42.618695
1.95,5,42.620305
1.96,4,42.822345
1.96,4,42.823772
1.96,4,42.825112
1.95,5,42.826742
1.96,4,42.828068
1.97,3,42.829075
1.97,3,42.830341
1.95,5,42.832273
3.9,10,42.835482
3.95,5,42.837127
1.96,4,42.838444
13.91,9,42.841302
1.93,7,42.84353
1.96,4,42.844834
3.94,6,42.846779
1.97,3,42.847887
3.9,10,42.85135
3.95,5,42.853375
1.96,4,42.854944
3.94,6,42.857016
3.94,6,42.859055
1.96,4,42.860468
5.93,7,42.862782
1.95,5,42.864466
-0.02,2,43.07364
3.94,6,43.076084
3.93,7,43.078514
5.93,7,43.08126
1.96,4,43.082696
5.92,8,43.085318
1.95,5,43.086969
13.9,10,43.090559
1.96,4,43.092293
1.96,4,43.094025
1.97,3,43.095167
1.96,4,43.096636
3.93,7,43.099065
3.94,6,43.101171
3.92,8,43.103997
3.92,8,43.106788
1.96,4,43.108229
5.92,8,43.110961
1.96,4,43.112422
1.96,4,43.113861
1.97,3,43.114963
3.94,6,43.116999
3.95,5,43.118741
3.92,8,43.323236
1.97,3,43.324348
1.96,4,43.32571
1.95,5,43.327368
3.94,6,43.32934
5.91,9,43.332218
3.95,5,43.333853
1.95,5,43.335491
5.92,8,43.338045
1.93,7,43.340276
1.96,4,43.34159
1.96,4,43.342909
1.94,6,43.344845
1.97,3,43.345854
5.92,8,43.348413
5.93,7,43.350649
1.97,3,43.351659
1.97,3,43.352667
1.95,5,43.354288
1.94,6,43.356216
3.94,6,43.358136
1.93,7,43.360364
5.89,11,43.5435
3.94,6,43.545587
1.97,3,43.546625
1.96,4,43.547956
1.94,6,43.549903
5.9,10,43.553551
1.95,5,43.555303
1.97,3,43.556354
3.94,6,43.558326
3.95,5,43.55997
1.93,7,43.562212
3.94,6,43.56415
1.97,3,43.565161
-0.06,6,43.567088
1.92,8,43.56963
1.95,5,43.571251
3.95,5,43.572881
3.94,6,43.574808
1.96,4,43.576122
-0.06,6,43.578035
1.96,4,43.579361
3.92,8,43.581906
3.93,7,43.584136
1.96,4,43.783358
5.93,7,43.785773
3.94,6,43.787722
1.97,3,43.78874
1.96,4,43.79006
1.93,7,43.792295
3.95,5,43.79392
5.92,8,43.796451
3.95,5,43.79815
5.91,9,43.801265
1.96,4,43.802784
3.94,6,43.804774
1.96,4,43.806111
5.92,8,43.808673
1.92,8,43.811222
1.96,4,43.812572
1.94,6,43.814498
1.96,4,43.815809
5.93,7,43.818038
1.96,4,43.81934
1.94,6,43.821263
3.94,6,43.823177
1.96,4,43.82448
1.95,5,44.008007
3.93,7,44.010401
3.94,6,44.012387
5.88,12,44.01658
3.95,5,44.018384
1.96,4,44.019733
5.88,12,44.023525
1.96,4,44.024852
3.94,6,44.026801
1.97,3,44.027817
3.91,9,44.030665
1.97,3,44.031667
3.94,6,44.033595
3.91,9,44.03642
13.88,12,44.040167
1.94,6,44.042086
1.96,4,44.043393
1.94,6,44.045308
1.92,8,44.047858
1.96,4,44.269298
13.87,13,44.273523
3.94,6,44.275455
13.9,10,44.278622
3.94,6,44.28055
3.9,10,44.283678
1.96,4,44.284987
1.95,5,44.286591
1.96,4,44.287889
1.94,6,44.289808
1.96,4,44.291109
1.94,6,44.293013
3.94,6,44.295098
1.96,4,44.296464
1.95,5,44.298101
1.96,4,44.299436
1.94,6,44.301356
1.96,4,44.302669
1.97,3,44.303691
5.92,8,44.306263
3.93,7,44.308504
5.92,8,44.538973
1.96,4,44.54044
1.93,7,44.542718
1.96,4,44.544049
1.97,3,44.545064
3.94,6,44.546999
5.9,10,44.550679
1.97,3,44.551752
3.91,9,44.554638
1.96,4,44.555967
1.93,7,44.5582
1.96,4,44.559511
1.96,4,44.560816
3.94,6,44.562722
1.96,4,44.564029
1.96,4,44.565336
1.96,4,44.566637
1.96,4,44.567947
3.95,5,44.569556
3.94,6,44.571459
1.96,4,44.572752
1.95,5,44.574355
1.95,5,44.575961
1.96,4,44.577271
3.92,8,44.579775
5.91,9,44.782108
3.94,6,44.784149
5.89,11,44.787671
3.94,6,44.790044
1.97,3,44.791164
1.97,3,44.79223
3.94,6,44.794214
3.95,5,44.795864
1.95,5,44.797503
3.94,6,44.799453
13.91,9,44.802319
1.96,4,44.803635
3.9,10,44.806767
13.91,9,44.809629
1.96,4,44.810938
5.9,10,44.814085
5.92,8,44.816631
5.93,7,44.81888
1.97,3,44.819893
1.96,4,44.821203
3.92,8,45.030027
3.93,7,45.0324
3.91,9,45.035276
1.96,4,45.036615
3.94,6,45.038566
1.94,6,45.040503
3.92,8,45.043073
1.96,4,45.044398
3.94,6,45.046331
5.88,12,45.050121
5.92,8,45.052669
3.94,6,45.054603
1.94,6,45.056537
1.97,3,45.057552
1.95,5,45.059174
1.93,7,45.061399
1.96,4,45.062712
3.94,6,45.064653
1.96,4,45.065968
5.91,9,45.06882
1.96,4,45.290522
5.92,8,45.293319
1.96,4,45.294688
1.96,4,45.296059
1.92,8,45.298664
1.96,4,45.300015
1.96,4,45.30137
1.96,4,45.302709
1.95,5,45.304361
1.96,4,45.3057
1.96,4,45.307069
5.9,10,45.310281
1.94,6,45.312241
1.93,7,45.31452
5.9,10,45.317733
3.94,6,45.319725
1.94,6,45.321698
13.88,12,45.325533
3.94,6,45.3275
5.92,8,45.330087
1.92,8,45.554149
1.96,4,45.555608
1.97,3,45.556681
3.94,6,45.558676
1.97,3,45.559714
3.91,9,45.562615
5.93,7,45.564898
1.96,4,45.566248
3.94,6,45.568219
3.94,6,45.570178
5.92,8,45.572774
13.88,12,45.576598
3.92,8,45.579178
1.94,6,45.581141
3.94,6,45.583108
1.94,6,45.585058
1.94,6,45.587017
3.94,6,45.588977
1.97,3,45.590003
3.94,6,45.591958
1.93,7,45.594226
1.97,3,45.595254
13.9,10,45.824548
5.92,8,45.827628
1.97,3,45.828746
1.95,5,45.830423
13.89,11,45.833935
1.97,3,45.835059
1.97,3,45.836147
3.92,8,45.838764
1.95,5,45.840426
5.9,10,45.844111
1.97,3,45.845555
1.96,4,45.847039
3.95,5,45.848719
1.94,6,45.850819
1.96,4,45.852226
3.94,6,45.85421
1.97,3,45.85544
3.91,9,45.858406
1.93,7,45.860921
1.97,3,45.862003
1.96,4,45.863362
1.96,4,45.864869
3.95,5,46.082244
1.97,3,46.083448
3.94,6,46.085425
1.96,4,46.086752
5.93,7,46.088995
3.94,6,46.090927
3.95,5,46.092565
1.95,5,46.094176
3.95,5,46.095799
1.96,4,46.097098
1.96,4,46.098396
1.96,4,46.099708
3.93,7,46.101931
5.92,8,46.104462
1.97,3,46.105462
1.96,4,46.106763
1.97,3,46.107764
1.96,4,46.109061
1.95,5,46.110662
3.95,5,46.112282
5.93,7,46.114494
3.93,7,46.116708
1.96,4,46.11802
1.96,4,46.119324
1.93,7,46.12154
1.94,6,46.123451
13.9,10,46.300156
1.96,4,46.301585
5.86,14,46.306204
3.94,6,46.308501
1.97,3,46.30956
1.93,7,46.311843
3.91,9,46.3147
3.92,8,46.317259
1.91,9,46.320087
5.91,9,46.322929
1.92,8,46.32545
1.91,9,46.328286
5.93,7,46.330521
5.92,8,46.333043
5.88,12,46.336822
3.91,9,46.583337
3.91,9,46.586353
1.92,8,46.588946
1.94,6,46.590894
3.93,7,46.593592
5.92,8,46.596234
1.95,5,46.597882
1.95,5,46.599525
1.91,9,46.602366
1.97,3,46.603376
1.93,7,46.605598
3.93,7,46.607834
1.96,4,46.60915
3.95,5,46.610768
5.9,10,46.613894
1.96,4,46.615203
5.92,8,46.617734
1.92,8,46.620241
5.86,14,46.832686
1.95,5,46.834448
1.94,6,46.8364
3.91,9,46.839259
3.92,8,46.841811
1.96,4,46.843123
1.92,8,46.845638
1.89,11,46.849251
3.94,6,46.851253
3.94,6,46.853211
1.96,4,46.854552
13.84,16,46.859522
5.92,8,46.862088
1.97,3,46.863106
1.91,9,46.865956
1.96,4,46.867266
1.93,7,46.869488
1.97,3,46.870489
3.94,6,46.872404
3.89,11,47.137052
1.96,4,47.138499
3.91,9,47.141445
1.96,4,47.142801
3.9,10,47.146039
3.94,6,47.147999
3.94,6,47.149962
1.96,4,47.151294
5.85,15,47.156051
1.89,11,47.159588
1.96,4,47.16094
1.96,4,47.162269
1.96,4,47.163606
1.97,3,47.164644
5.91,9,47.167539
1.92,8,47.170118
1.96,4,47.171465
3.91,9,47.174372
5.92,8,47.456216
3.92,8,47.458909
13.88,12,47.462743
1.95,5,47.464665
3.94,6,47.466878
3.93,7,47.469164
3.94,6,47.471122
1.92,8,47.473684
3.92,8,47.47623
3.94,6,47.478159
5.89,11,47.481603
1.92,8,47.484134
1.91,9,47.486947
1.96,4,47.488247
1.93,7,47.490467
3.94,6,47.49239
1.96,4,47.493703
1.97,3,47.494715
5.92,8,47.717246
13.9,10,47.720696
1.96,4,47.722036
3.92,8,47.724591
1.95,5,47.726229
3.91,9,47.729095
1.91,9,47.731946
5.91,9,47.734791
5.9,10,47.737943
1.96,4,47.739268
1.92,8,47.74177
1.96,4,47.743074
3.93,7,47.745299
3.92,8,47.747825
13.89,11,47.75127
1.97,3,47.752286
3.94,6,47.754211
1.96,4,47.755515
5.9,10,47.962694
5.92,8,47.965484
3.89,11,47.969086
5.89,11,47.972656
1.97,3,47.973708
1.94,6,47.975676
5.92,8,47.97828
1.96,4,47.979621
3.94,6,47.981598
1.96,4,47.982953
3.94,6,47.984916
1.97,3,47.985965
1.92,8,47.988564
13.85,15,47.993311
1.96,4,47.994647
1.96,4,47.995982
1.93,7,47.998251
1.96,4,47.999603
3.91,9,48.002516
3.95,5,48.004163
1.95,5,48.257145
1.95,5,48.258882
1.94,6,48.260851
1.93,7,48.263113
13.89,11,48.266609
1.91,9,48.269452
5.93,7,48.271694
1.93,7,48.273907
1.91,9,48.276728
1.93,7,48.278935
1.96,4,48.280264
1.96,4,48.281577
5.87,13,48.285647
1.96,4,48.286961
3.9,10,48.29011
3.94,6,48.292034
1.96,4,48.293349
3.91,9,48.296179
1.94,6,48.531566
3.94,6,48.533616
1.97,3,48.53465
5.92,8,48.537223
3.92,8,48.540185
3.93,7,48.542617
1.97,3,48.543663
5.89,11,48.547149
5.92,8,48.549737
13.9,10,48.552893
1.91,9,48.555733
1.96,4,48.557037
1.94,6,48.558961
1.95,5,48.56057
5.92,8,48.563125
1.96,4,48.56445
1.96,4,48.565775
5.92,8,48.568309
1.94,6,48.570229
1.96,4,48.571536
5.88,12,49.202962
1.91,9,49.209964
3.93,7,49.212754
3.94,6,49.214992
1.97,3,49.216956
5.88,12,49.221186
3.9,10,49.224439
3.94,6,49.226398
1.96,4,49.227728
5.88,12,49.231636
3.92,8,49.234247
5.92,8,49.236802
5.9,10,49.239974
1.95,5,49.241601
1.96,4,49.242935
3.9,10,49.246122
3.93,7,49.466001
1.95,5,49.467795
1.95,5,49.469447
3.93,7,49.471728
3.92,8,49.474284
3.94,6,49.476523
13.86,14,49.481096
1.96,4,49.482463
3.91,9,49.485397
13.87,13,49.48959
3.91,9,49.492512
5.88,12,49.496376
1.94,6,49.498356
1.96,4,49.499694
5.92,8,49.502303
5.92,8,49.504915
3.94,6,49.506887
1.95,5,49.749847
3.92,8,49.7525
5.9,10,49.755663
1.92,8,49.758208
3.94,6,49.760143
3.94,6,49.762068
3.93,7,49.764287
5.92,8,49.766833
5.88,12,49.770561
3.94,6,49.772475
3.93,7,49.774691
3.94,6,49.7768
3.95,5,49.778536
1.94,6,49.780669
1.92,8,49.783341
1.95,5,49.78503
3.92,8,49.787563
1.96,4,49.788867
3.91,9,50.011315
13.9,10,50.014685
1.96,4,50.016043
3.88,12,50.019909
3.9,10,50.023138
3.94,6,50.025128
3.94,6,50.027103
1.96,4,50.028454
1.96,4,50.029803
3.95,5,50.03148
5.92,8,50.034083
1.93,7,50.036351
1.92,8,50.038945
1.92,8,50.041533
1.94,6,50.043485
1.96,4,50.044827
3.9,10,50.048042
1.97,3,50.049088
1.97,3,50.050114
3.93,7,50.269397
3.92,8,50.272071
3.89,11,50.275555
5.92,8,50.27813
3.89,11,50.281573
1.95,5,50.283201
5.92,8,50.285747
5.88,12,50.289477
1.97,3,50.290485
1.96,4,50.291785
3.92,8,50.294305
3.95,5,50.295922
1.97,3,50.296916
5.92,8,50.299435
1.96,4,50.300747
3.94,6,50.302658
3.94,6,50.304564
1.96,4,50.30587
5.91,9,50.308681
13.9,10,50.529986
5.9,10,50.533238
3.94,6,50.535185
3.95,5,50.536831
1.91,9,50.539684
1.94,6,50.541604
13.9,10,50.544745
13.9,10,50.547907
3.94,6,50.549832
3.94,6,50.551749
3.9,10,50.554889
1.96,4,50.556209
3.94,6,50.558136
1.96,4,50.559455
1.96,4,50.560771
1.96,4,50.562078
1.96,4,50.563385
3.9,10,50.566537
5.92,8,50.762982
1.93,7,50.765362
3.91,9,50.768236
1.96,4,50.769561
1.92,8,50.772097
3.94,6,50.774021
1.96,4,50.775324
1.96,4,50.776639
13.9,10,50.779788
3.92,8,50.782339
3.94,6,50.78425
1.96,4,50.78556
3.9,10,50.788685
3.94,6,50.790604
1.93,7,50.792805
1.91,9,50.79563
5.88,12,50.799359
3.94,6,50.801291
3.94,6,50.803201
3.94,6,51.014582
1.95,5,51.016328
3.93,7,51.018606
1.96,4,51.019933
1.91,9,51.022773
13.86,14,51.02716
5.9,10,51.030308
1.96,4,51.031624
1.95,5,51.033245
3.94,6,51.035178
13.87,13,51.039232
1.96,4,51.040542
1.93,7,51.04277
3.92,8,51.045297
1.95,5,51.046911
1.96,4,51.048228
1.96,4,51.049536
3.92,8,51.052065
1.96,4,51.05338
1.94,6,51.300319
5.92,8,51.302984
3.92,8,51.305547
1.92,8,51.308461
13.9,10,51.311794
5.92,8,51.314414
3.89,11,51.317904
1.96,4,51.319248
3.9,10,51.322388
1.94,6,51.324314
1.93,7,51.326556
1.91,9,51.329373
3.91,9,51.332202
5.92,8,51.334727
3.93,7,51.336943
1.92,8,51.339456
13.9,10,51.546071
1.96,4,51.547509
3.94,6,51.549494
1.96,4,51.550831
1.96,4,51.552178
1.95,5,51.554305
3.94,6,51.556389
-0.07,7,51.558645
1.96,4,51.559986
3.94,6,51.561929
1.96,4,51.563259
1.93,7,51.565484
1.96,4,51.566794
3.91,9,51.569625
1.94,6,51.571544
5.92,8,51.574082
3.94,6,51.575996
1.96,4,51.577304
5.91,9,51.580116
3.92,8,51.582646
3.94,6,51.58458
1.96,4,51.76609
-0.03,3,51.76729
1.94,6,51.769264
1.94,6,51.771215
1.94,6,51.773153
5.9,10,51.776764
5.89,11,51.780349
5.89,11,51.783786
1.96,4,51.785101
1.96,4,51.786422
1.96,4,51.787723
3.94,6,51.789638
1.96,4,51.790941
3.94,6,51.792856
3.92,8,51.795372
5.89,11,51.7988
1.95,5,51.80041
1.96,4,51.801715
1.96,4,51.803129
1.94,6,51.805245
1.94,6,51.807464
1.96,4,52.020605
3.91,9,52.023629
3.94,6,52.025582
5.92,8,52.028134
1.96,4,52.029982
1.94,6,52.032238
1.96,4,52.0337
1.94,6,52.035751
1.96,4,52.03721
1.96,4,52.038591
3.93,7,52.040928
3.94,6,52.042926
3.92,8,52.045644
1.95,5,52.047372
13.9,10,52.050718
3.94,6,52.052806
3.94,6,52.054884
1.94,6,52.056922
1.96,4,52.058313
1.96,4,52.059734
1.96,4,52.061153
1.94,6,52.06322
1.95,5,52.2568
5.92,8,52.259548
5.92,8,52.262153
13.9,10,52.265637
3.93,7,52.268387
1.96,4,52.269771
1.93,7,52.272034
5.9,10,52.275214
1.96,4,52.276533
5.9,10,52.279679
3.94,6,52.281602
5.92,8,52.284142
1.94,6,52.28606
5.89,11,52.289511
1.96,4,52.290823
1.96,4,52.292136
3.94,6,52.294072
1.96,4,52.295386
1.96,4,52.296712
1.96,4,52.298015
1.96,4,52.501417
1.93,7,52.503764
1.95,5,52.505403
1.95,5,52.507027
1.96,4,52.508338
1.93,7,52.510583
1.96,4,52.512031
3.94,6,52.51398
3.92,8,52.516508
3.93,7,52.518731
1.96,4,52.520044
3.94,6,52.521965
1.96,4,52.523274
5.92,8,52.525792
1.96,4,52.527091
13.9,10,52.53024
1.95,5,52.531851
1.96,4,52.533157
3.93,7,52.535373
3.93,7,52.537583
3.94,6,52.539495
1.96,4,52.540803
3.94,6,52.735321
3.94,6,52.737402
1.96,4,52.738748
1.96,4,52.74006
3.94,6,52.741988
5.92,8,52.74453
3.94,6,52.746459
5.92,8,52.748994
1.96,4,52.750306
1.96,4,52.751615
1.94,6,52.753556
1.96,4,52.754864
3.94,6,52.756766
3.94,6,52.758669
13.9,10,52.761808
1.96,4,52.763119
3.93,7,52.765332
13.9,10,52.768446
-0.05,5,52.770045
3.9,10,52.773157
1.94,6,52.775078
3.94,6,52.970826
3.94,6,52.972886
1.92,8,52.975454
1.96,4,52.976778
3.94,6,52.979078
1.93,7,52.981507
5.92,8,52.984094
3.92,8,52.986657
1.92,8,52.989204
3.9,10,52.992345
3.92,8,52.99487
1.93,7,52.997098
1.93,7,52.999325
1.96,4,53.000639
3.9,10,53.00376
3.94,6,53.005682
1.96,4,53.006989
3.92,8,53.009516
5.89,11,53.199902
1.95,5,53.201664
3.94,6,53.203639
1.96,4,53.205003
5.92,8,53.207993
3.94,6,53.210041
5.88,12,53.21382
1.93,7,53.216046
1.91,9,53.218864
3.93,7,53.221078
3.94,6,53.222977
1.95,5,53.22457
3.94,6,53.226479
1.96,4,53.227785
1.96,4,53.229086
1.92,8,53.231744
13.9,10,53.234892
1.96,4,53.236196
5.92,8,53.238702
1.96,4,53.457366
1.92,8,53.460062
3.94,6,53.462023
1.96,4,53.463349
5.92,8,53.465912
5.92,8,53.468445
3.91,9,53.471259
1.94,6,53.473168
5.92,8,53.475694
3.93,7,53.477912
3.92,8,53.480422
5.92,8,53.482928
3.94,6,53.484843
1.92,8,53.487337
3.92,8,53.48984
3.91,9,53.492644
13.88,12,53.496394
3.89,11,53.709104
1.93,7,53.711449
1.96,4,53.713148
1.95,5,53.714894
13.86,14,53.719921
1.96,4,53.721294
3.94,6,53.723262
1.96,4,53.724579
3.94,6,53.72651
3.94,6,53.728448
1.92,8,53.730958
1.93,7,53.733199
3.94,6,53.735119
1.95,5,53.736739
5.9,10,53.739849
1.96,4,53.741156
1.96,4,53.742458
5.89,11,53.745889
-0.04,4,53.747194
3.94,6,53.994086
5.9,10,53.997485
1.96,4,53.998824
13.89,11,54.002286
13.88,12,54.006556
1.92,8,54.009177
1.95,5,54.010817
1.96,4,54.012137
3.94,6,54.014069
1.96,4,54.015374
3.93,7,54.017625
3.94,6,54.019606
1.96,4,54.020925
1.93,7,54.023139
1.92,8,54.025646
1.93,7,54.027848
1.94,6,54.02977
5.92,8,54.032308
3.93,7,54.034519
5.92,8,54.254539
1.96,4,54.255994
1.94,6,54.257935
3.93,7,54.260181
3.9,10,54.263775
3.92,8,54.266488
3.9,10,54.26965
3.89,11,54.27311
1.92,8,54.275637
3.91,9,54.278457
1.96,4,54.279768
1.94,6,54.281678
1.94,6,54.283597
3.94,6,54.285507
3.93,7,54.28772
1.96,4,54.289025
1.95,5,54.290629
3.94,6,54.292547
3.94,6,54.294453
13.85,15,54.50256
1.93,7,54.504861
3.9,10,54.508522
1.9,10,54.511834
1.89,11,54.515321
3.91,9,54.518194
3.91,9,54.521046
1.94,6,54.522981
3.94,6,54.524898
3.9,10,54.528038
1.9,10,54.531155
5.88,12,54.534906
3.9,10,54.538025
13.88,12,54.783178
3.94,6,54.785195
3.88,12,54.788967
5.91,9,54.792419
1.96,4,54.793916
1.95,5,54.795565
1.94,6,54.797605
5.89,11,54.801143
3.94,6,54.80309
1.96,4,54.804397
1.93,7,54.8067
1.96,4,54.808037
3.9,10,54.811228
1.91,9,54.814062
3.94,6,54.815982
1.91,9,54.818819
3.91,9,54.821696
1.94,6,55.036996
3.89,11,55.040693
3.92,8,55.043239
1.95,5,55.044895
5.89,11,55.048425
5.92,8,55.05098
5.92,8,55.053524
1.93,7,55.055754
1.89,11,55.059207
3.93,7,55.06144
1.96,4,55.062768
1.95,5,55.064393
1.9,10,55.067547
13.88,12,55.071313
1.9,10,55.074446
1.96,4,55.075761
1.95,5,55.290379
3.89,11,55.294053
5.87,13,55.298138
3.9,10,55.30128
1.96,4,55.302669
3.91,9,55.305493
3.9,10,55.308612
1.93,7,55.31083
3.92,8,55.313347
3.92,8,55.31585
3.91,9,55.31865
1.9,10,55.321764
3.93,7,55.323976
3.91,9,55.326783
1.92,8,55.329277
3.92,8,55.558837
3.94,6,55.560875
1.91,9,55.563707
1.95,5,55.565324
1.9,10,55.568459
1.93,7,55.570675
5.92,8,55.573192
1.92,8,55.575693
1.89,11,55.579109
1.96,4,55.580415
1.92,8,55.582905
1.95,5,55.584506
3.89,11,55.587921
1.91,9,55.590722
3.94,6,55.592631
1.93,7,55.594836
5.87,13,55.802281
1.91,9,55.805369
1.96,4,55.806727
3.93,7,55.808968
3.91,9,55.812308
1.94,6,55.814417
3.94,6,55.816398
-0.04,4,55.817751
1.94,6,55.81971
1.96,4,55.82135
13.87,13,55.825505
5.92,8,55.828078
1.89,11,55.831541
3.91,9,55.83438
1.91,9,55.837198
3.89,11,55.840768
13.9,10,56.069691
1.96,4,56.071152
1.95,5,56.072886
3.88,12,56.076647
3.93,7,56.079313
1.96,4,56.08088
1.96,4,56.082239
3.93,7,56.084497
13.85,15,56.089423
1.93,7,56.091662
5.88,12,56.095385
13.86,14,56.099791
1.93,7,56.102015
1.96,4,56.103313
1.93,7,56.105577
5.92,8,56.108094
1.93,7,56.110296
5.86,14,56.374921
5.89,11,56.378509
1.93,7,56.380759
3.92,8,56.383319
3.88,12,56.387095
1.96,4,56.388422
5.89,11,56.391952
3.94,6,56.393885
3.94,6,56.395821
1.92,8,56.398348
1.91,9,56.401244
3.94,6,56.403161
1.93,7,56.405383
1.93,7,56.407663
1.93,7,56.40992
3.87,13,56.625507
1.91,9,56.628471
5.87,13,56.632644
1.96,4,56.633968
13.86,14,56.638403
-0.06,6,56.640325
1.93,7,56.642561
3.94,6,56.644498
1.96,4,56.64587
3.89,11,56.649319
3.87,13,56.653412
1.89,11,56.656865
1.93,7,56.659099
1.9,10,56.662283
5.88,12,56.894897
13.9,10,56.898244
3.94,6,56.900199
1.94,6,56.902131
1.92,8,56.905212
1.96,4,56.90662
1.96,4,56.908023
1.95,5,56.909666
3.94,6,56.91161
5.92,8,56.914149
3.91,9,56.91705
5.89,11,56.920489
3.93,7,56.922722
3.9,10,56.925926
1.96,4,56.927237
5.87,13,56.931284
1.95,5,56.932924
1.96,4,56.934247
3.94,6,57.170859
3.9,10,57.174199
1.96,4,57.175563
3.94,6,57.177578
3.92,8,57.180186
3.9,10,57.183361
1.94,6,57.185318
3.94,6,57.187264
1.96,4,57.188587
13.9,10,57.19176
1.92,8,57.194326
3.92,8,57.196864
1.96,4,57.198177
13.84,16,57.203237
1.96,4,57.204562
3.92,8,57.207121
1.95,5,57.208758
3.94,6,57.210765
3.94,6,57.4866
1.95,5,57.488336
1.93,7,57.490639
1.96,4,57.491956
1.94,6,57.493871
1.92,8,57.496413
5.89,11,57.499854
1.94,6,57.501799
1.96,4,57.503109
3.92,8,57.505636
1.94,6,57.507545
3.91,9,57.510363
1.96,4,57.511668
3.89,11,57.51513
3.94,6,57.517042
3.94,6,57.518955
3.94,6,57.520871
1.96,4,57.522181
3.94,6,57.524096
1.95,5,57.525709
1.96,4,57.7335
3.91,9,57.736591
1.96,4,57.737936
1.93,7,57.740159
13.9,10,57.743299
1.96,4,57.7446
1.96,4,57.745914
1.96,4,57.747216
3.94,6,57.749141
1.96,4,57.750453
1.95,5,57.752061
3.91,9,57.754869
5.9,10,57.757983
1.93,7,57.760194
1.94,6,57.762104
3.89,11,57.765509
5.92,8,57.768092
5.89,11,57.7715
1.95,5,57.773106
1.96,4,58.028173
1.93,7,58.0306
1.92,8,58.033163
-0.06,6,58.035096
3.94,6,58.037049
3.94,6,58.039032
1.96,4,58.04035
1.93,7,58.042561
13.88,12,58.046399
1.96,4,58.047713
1.95,5,58.04934
3.94,6,58.051276
1.96,4,58.052585
3.94,6,58.054492
5.89,11,58.057919
1.95,5,58.059531
1.96,4,58.060831
5.91,9,58.063731
3.94,6,58.065704
1.96,4,58.067028
1.95,5,58.06865
13.89,11,58.292762
1.95,5,58.294478
1.96,4,58.295815
3.94,6,58.297759
1.96,4,58.299467
13.9,10,58.302845
1.96,4,58.304197
3.94,6,58.30617
3.94,6,58.308126
1.93,7,58.31036
1.96,4,58.311679
1.94,6,58.313633
3.94,6,58.315558
1.96,4,58.316875
1.96,4,58.318196
5.92,8,58.320742
13.9,10,58.323916
1.96,4,58.325261
3.94,6,58.327188
3.94,6,58.329109
5.92,8,58.331648
1.96,4,58.524476
3.94,6,58.526538
3.94,6,58.528495
1.96,4,58.529832
-0.02,2,58.530546
-0.02,2,58.531261
1.96,4,58.532595
3.94,6,58.534531
3.94,6,58.536468
3.94,6,58.538402
3.94,6,58.540328
5.92,8,58.542873
-0.04,4,58.544182
1.95,5,58.545795
1.96,4,58.547124
1.95,5,58.548746
13.9,10,58.551907
1.94,6,58.553843
1.96,4,58.555161
1.96,4,58.556482
1.96,4,58.55778
1.96,4,58.559098
3.94,6,58.561266
1.95,5,58.56316
3.94,6,58.565297
5.91,9,58.770089
-0.02,2,58.770916
1.96,4,58.772285
13.9,10,58.775532
-0.02,2,58.776252
1.96,4,58.777599
-0.02,2,58.778316
5.92,8,58.780945
1.96,4,58.782302
1.96,4,58.783639
13.9,10,58.786848
-0.02,2,58.787571
1.96,4,58.78891
1.95,5,58.790556
13.9,10,58.793775
-0.02,2,58.794496
1.96,4,58.795827
1.96,4,58.797172
-0.02,2,58.797888
3.94,6,58.799847
3.94,6,58.802213
1.96,4,58.803743
1.96,4,58.805127
3.94,6,58.80714
3.94,6,58.809118
-0.02,2,58.809838
1.96,4,59.011823
-0.02,2,59.012728
1.96,4,59.014126
3.94,6,59.016137
1.96,4,59.017486
1.96,4,59.018817
1.96,4,59.020141
-0.02,2,59.021293
1.96,4,59.022883
-0.02,2,59.023655
-0.02,2,59.024478
5.92,8,59.027077
1.96,4,59.02898
-0.02,2,59.032272
3.94,6,59.035131
-0.02,2,59.035917
-0.02,2,59.036634
1.96,4,59.037978
3.94,6,59.040026
-0.02,2,59.040781
1.96,4,59.042126
1.96,4,59.044126
1.96,4,59.045567
3.94,6,59.047544
-0.02,2,59.048264
-0.02,2,59.048978
1.95,5,59.050634
1.96,4,59.05196
1.96,4,59.053669
-0.02,2,59.05456
1.96,4,59.056175
-0.02,2,59.056948
-0.02,2,59.057736
5.92,8,59.060418
5.92,8,59.287743
-0.02,2,59.288546
5.92,8,59.291148
13.9,10,59.294311
1.95,5,59.295947
1.95,5,59.297572
5.92,8,59.300102
13.9,10,59.303235
5.92,8,59.305752
3.94,6,59.307668
-0.02,2,59.308369
13.9,10,59.311497
1.95,5,59.313104
-0.02,2,59.313808
-0.02,2,59.314506
1.96,4,59.315809
-0.02,2,59.316514
-0.02,2,59.317208
-0.02,2,59.317904
3.94,6,59.319809
3.94,6,59.321722
3.93,7,59.323943
3.93,7,59.326143
3.94,6,59.522477
1.96,4,59.524032
-0.03,3,59.525081
5.92,8,59.527661
3.94,6,59.529616
3.94,6,59.531569
3.93,7,59.533816
3.93,7,59.536078
1.96,4,59.537395
13.9,10,59.54057
1.96,4,59.54189
1.96,4,59.543199
1.95,5,59.544811
-0.02,2,59.545513
1.96,4,59.546824
3.94,6,59.548751
3.94,6,59.550677
1.96,4,59.551993
3.94,6,59.553924
3.93,7,59.556154
1.96,4,59.557466
3.94,6,59.559399
-0.02,2,59.560103
3.94,6,59.562011
3.94,6,59.563921
3.94,6,59.756164
1.96,4,59.757584
5.91,9,59.760456
1.94,6,59.762395
1.96,4,59.764119
3.92,8,59.766844
1.96,4,59.768203
1.96,4,59.769548
1.96,4,59.77089
1.96,4,59.772226
1.96,4,59.773544
1.96,4,59.77486
3.94,6,59.776788
1.96,4,59.778095
3.92,8,59.780626
1.96,4,59.781966
3.93,7,59.784218
5.92,8,59.786758
5.92,8,59.789287
5.92,8,59.791804
1.94,6,59.793722
1.96,4,59.795034
3.94,6,59.976771
1.96,4,59.978368
1.96,4,59.979827
3.94,6,59.981923
5.9,10,59.985333
1.96,4,59.986699
1.96,4,59.988179
3.94,6,59.990337
3.94,6,59.992694
1.94,6,59.994965
3.94,6,59.997149
5.92,8,59.999884
3.94,6,60.001928
-0.02,2,60.002718
3.94,6,60.004763
3.94,6,60.006732
3.94,6,60.008714
1.96,4,60.010132
1.95,5,60.011764
1.95,5,60.013381
3.93,7,60.015606
3.94,6,60.017531
3.93,7,60.01974
5.92,8,60.215625
-0.02,2,60.216444
1.94,6,60.218425
3.94,6,60.22038
1.96,4,60.221714
1.94,6,60.223669
1.95,5,60.22529
1.95,5,60.226908
3.94,6,60.228844
3.93,7,60.231082
1.96,4,60.232401
1.96,4,60.233727
3.94,6,60.235652
1.95,5,60.237278
1.96,4,60.238601
3.93,7,60.240852
3.92,8,60.243419
13.9,10,60.246573
5.92,8,60.249098
1.96,4,60.25042
5.92,8,60.252974
1.96,4,60.254307
1.96,4,60.443528
1.94,6,60.445695
5.92,8,60.448259
1.96,4,60.449575
13.9,10,60.452733
3.91,9,60.455575
1.93,7,60.457782
1.96,4,60.459087
1.96,4,60.460398
13.9,10,60.463522
1.95,5,60.465127
5.92,8,60.467632
1.96,4,60.468934
5.89,11,60.472359
1.96,4,60.473666
3.93,7,60.475866
3.94,6,60.477785
1.96,4,60.479094
1.95,5,60.48071
3.94,6,60.482613
1.96,4,60.483916
1.93,7,60.690057
13.9,10,60.693331
-0.02,2,60.69405
1.95,5,60.695659
13.9,10,60.698819
1.95,5,60.700448
1.96,4,60.701779
1.96,4,60.703089
13.89,11,60.706514
3.94,6,60.708428
1.94,6,60.71035
1.94,6,60.712259
1.94,6,60.714194
5.9,10,60.717753
3.91,9,60.720717
1.96,4,60.722086
1.96,4,60.723448
1.96,4,60.724807
1.96,4,60.726158
3.93,7,60.728449
3.94,6,60.937615
1.96,4,60.93914
1.96,4,60.940494
3.94,6,60.942481
-0.02,2,60.943199
3.94,6,60.945177
3.92,8,60.94775
3.93,7,60.949995
3.94,6,60.951923
3.94,6,60.953849
13.9,10,60.957007
5.92,8,60.95953
3.94,6,60.96145
13.9,10,60.964596
13.9,10,60.967747
1.93,7,60.969966
1.96,4,60.971284
1.96,4,60.972603
3.94,6,60.974533
1.93,7,60.976775
3.94,6,60.9787
5.92,8,61.171801
1.96,4,61.173307
3.94,6,61.175393
5.91,9,61.178373
1.96,4,61.179752
1.96,4,61.181142
1.96,4,61.182516
13.9,10,61.185792
3.93,7,61.188166
3.92,8,61.190845
1.96,4,61.19222
-0.02,2,61.192984
1.94,6,61.19503
1.96,4,61.196436
5.9,10,61.199767
3.94,6,61.201792
1.96,4,61.203195
3.93,7,61.205552
3.94,6,61.207521
1.96,4,61.208846
3.92,8,61.211346
1.96,4,61.402411
1.96,4,61.403969
-0.04,4,61.405347
1.96,4,61.406717
1.96,4,61.408078
13.9,10,61.411319
13.89,11,61.414862
1.96,4,61.416211
3.93,7,61.418504
1.96,4,61.419842
3.94,6,61.421816
5.91,9,61.424744
1.96,4,61.426336
5.92,8,61.429056
-0.02,2,61.429804
3.92,8,61.432372
1.96,4,61.433691
-0.02,2,61.434397
1.96,4,61.435724
3.93,7,61.437958
3.94,6,61.439882
-0.02,2,61.440591
5.92,8,61.443149
1.96,4,61.444468
3.94,6,61.652054
1.93,7,61.654422
3.94,6,61.656368
3.92,8,61.65891
13.9,10,61.662603
1.96,4,61.664021
3.92,8,61.666614
5.92,8,61.66921
1.96,4,61.670548
3.94,6,61.672555
1.95,5,61.674186
3.94,6,61.676122
3.94,6,61.678066
3.94,6,61.680008
1.93,7,61.682233
3.92,8,61.684769
3.94,6,61.686715
1.95,5,61.688338
1.96,4,61.689678
3.94,6,61.691607
1.95,5,61.877634
1.96,4,61.879122
3.92,8,61.881714
5.92,8,61.884296
1.96,4,61.885623
3.93,7,61.887874
13.9,10,61.891035
1.96,4,61.892373
1.96,4,61.8937
1.96,4,61.895028
5.92,8,61.897575
5.92,8,61.900104
1.96,4,61.901414
1.95,5,61.903031
3.94,6,61.904952
3.94,6,61.906873
1.96,4,61.90818
1.96,4,61.909494
3.94,6,61.91142
3.94,6,61.913341
3.92,8,61.91586
1.96,4,61.917183
1.93,7,62.111866
3.94,6,62.113942
5.92,8,62.116526
3.94,6,62.118476
1.96,4,62.119793
-0.02,2,62.120511
1.96,4,62.121835
13.87,13,62.125941
3.94,6,62.127884
1.96,4,62.129198
1.94,6,62.131141
3.94,6,62.13307
5.89,11,62.136521
5.92,8,62.139059
5.91,9,62.141927
1.95,5,62.143554
1.95,5,62.145216
1.96,4,62.146528
3.91,9,62.149365
3.94,6,62.151303
3.94,6,62.381113
13.89,11,62.384735
1.96,4,62.386077
13.9,10,62.389262
1.96,4,62.390589
-0.02,2,62.391304
1.96,4,62.392645
1.95,5,62.39426
1.96,4,62.39558
1.93,7,62.39781
1.94,6,62.399731
1.96,4,62.401048
13.88,12,62.404815
1.96,4,62.406135
3.94,6,62.408051
1.96,4,62.409362
3.94,6,62.411269
13.9,10,62.414413
5.91,9,62.417256
1.96,4,62.418577
1.96,4,62.4199
1.94,6,62.640322
5.92,8,62.643132
13.9,10,62.646335
3.93,7,62.648582
1.94,6,62.650522
1.96,4,62.651841
3.94,6,62.653768
1.95,5,62.655389
3.91,9,62.658242
1.96,4,62.659559
3.94,6,62.6615
3.94,6,62.663437
3.91,9,62.6663
-0.02,2,62.667016
5.92,8,62.66957
1.94,6,62.671498
3.94,6,62.673429
3.94,6,62.675358
3.94,6,62.677289
3.94,6,62.679217
3.92,8,62.867781
1.94,6,62.869924
3.94,6,62.871905
3.94,6,62.873867
1.94,6,62.875814
5.89,11,62.879923
1.93,7,62.882323
1.96,4,62.883717
1.96,4,62.885118
1.96,4,62.886526
3.91,9,62.889515
13.9,10,62.89272
3.94,6,62.894673
3.91,9,62.897558
5.92,8,62.9001
3.94,6,62.902027
1.96,4,62.90335
1.95,5,62.90498
1.96,4,62.906299
5.92,8,62.908862
1.96,4,62.910186
1.94,6,63.116348
3.91,9,63.119314
5.9,10,63.122492
1.96,4,63.123821
3.94,6,63.125746
3.94,6,63.127678
1.96,4,63.129012
1.96,4,63.13033
3.94,6,63.132254
1.96,4,63.133571
3.92,8,63.136105
5.92,8,63.138652
1.93,7,63.140887
1.96,4,63.142218
1.96,4,63.143548
1.96,4,63.144869
1.96,4,63.146177
1.94,6,63.148097
13.9,10,63.151253
5.92,8,63.153794
1.96,4,63.15515
3.94,6,63.351248
1.94,6,63.353357
3.92,8,63.356016
3.92,8,63.35864
1.96,4,63.360016
1.96,4,63.361375
3.94,6,63.363357
1.94,6,63.365334
1.96,4,63.36668
3.94,6,63.368651
3.93,7,63.370941
13.9,10,63.374155
1.96,4,63.375498
3.94,6,63.377456
1.94,6,63.379431
3.94,6,63.381389
1.93,7,63.383665
1.93,7,63.385931
5.91,9,63.388824
5.92,8,63.391411
5.9,10,63.58656
-0.03,3,63.587685
3.94,6,63.589657
1.96,4,63.591011
1.94,6,63.592965
3.94,6,63.595413
3.94,6,63.597486
1.96,4,63.598816
3.94,6,63.600773
1.96,4,63.6021
3.92,8,63.604669
1.96,4,63.605988
1.95,5,63.607645
1.96,4,63.608958
3.92,8,63.611512
5.88,12,63.615263
5.9,10,63.618412
3.93,7,63.620639
1.95,5,63.622258
3.93,7,63.624464
1.96,4,63.625771
13.9,10,63.852314
1.96,4,63.853732
1.96,4,63.855069
3.92,8,63.857603
1.93,7,63.859829
1.96,4,63.861145
3.94,6,63.863059
1.96,4,63.864369
1.96,4,63.865676
3.94,6,63.867598
3.93,7,63.869837
13.9,10,63.872977
5.92,8,63.875499
3.94,6,63.877422
1.96,4,63.878739
5.91,9,63.881558
5.91,9,63.884379
3.94,6,63.88629
3.92,8,63.888799
3.92,8,64.081332
5.92,8,64.084051
1.96,4,64.085379
3.93,7,64.087629
3.94,6,64.089564
1.95,5,64.091252
1.96,4,64.092576
1.96,4,64.093882
1.96,4,64.09519
1.95,5,64.096796
3.94,6,64.09871
1.96,4,64.10003
1.95,5,64.101645
13.9,10,64.104772
1.96,4,64.10608
3.94,6,64.108001
3.94,6,64.109993
1.94,6,64.112027
5.92,8,64.114574
1.96,4,64.1159
1.96,4,64.117238
-0.02,2,64.117936
3.94,6,64.119853
-0.02,2,64.120548
5.92,8,64.375084
-0.02,2,64.376265
1.96,4,64.378102
1.96,4,64.379596
5.92,8,64.382232
3.94,6,64.384218
3.92,8,64.387398
1.96,4,64.38893
5.92,8,64.391594
1.95,5,64.393259
1.95,5,64.394997
1.96,4,64.396918
1.96,4,64.398572
1.96,4,64.400029
-0.02,2,64.400753
-0.02,2,64.401475
3.93,7,64.403736
3.94,6,64.405935
3.94,6,64.408232
3.94,6,64.410379
-0.02,2,64.411321
3.92,8,64.414238
1.96,4,64.416009
5.89,11,64.420332
3.94,6,64.682018
5.92,8,64.686783
3.94,6,64.689078
1.96,4,64.690512
13.9,10,64.696684
5.92,8,64.699657
1.95,5,64.701813
13.88,12,64.707811
1.96,4,64.70941
1.96,4,64.710946
1.96,4,64.712694
5.91,9,64.716898
5.91,9,64.720131
3.94,6,64.722169
3.94,6,64.724227
3.93,7,64.727322
1.95,5,64.729451
1.96,4,64.73103
3.92,8,64.733722
5.92,8,64.736352
1.94,6,65.008187
3.94,6,65.010616
1.96,4,65.012402
3.92,8,65.015849
3.94,6,65.017977
3.93,7,65.020896
1.94,6,65.023054
3.94,6,65.025305
1.96,4,65.028525
1.96,4,65.031098
1.96,4,65.032637
1.96,4,65.03411
1.96,4,65.036477
3.94,6,65.038883
1.96,4,65.040383
1.96,4,65.04179
1.96,4,65.043221
3.93,7,65.046023
5.91,9,65.049547
1.96,4,65.051036
1.96,4,65.052706
5.92,8,65.05551
3.94,6,65.058152
1.96,4,65.270694
-0.02,2,65.271571
-0.02,2,65.272318
1.96,4,65.273678
3.94,6,65.275653
1.96,4,65.276992
1.95,5,65.278627
3.94,6,65.281088
3.94,6,65.283181
3.93,7,65.285522
3.94,6,65.287547
5.9,10,65.290945
3.93,7,65.293796
-0.02,2,65.29464
3.94,6,65.296709
1.95,5,65.298361
1.96,4,65.299692
1.96,4,65.301027
5.92,8,65.304108
-0.02,2,65.30513
3.94,6,65.307307
-0.02,2,65.30828
-0.02,2,65.309259
-0.02,2,65.310184
5.92,8,65.313356
1.96,4,65.314811
-0.02,2,65.315551
1.94,6,65.586685
3.93,7,65.591159
1.94,6,65.594939
1.96,4,65.597606
1.95,5,65.60017
3.94,6,65.604852
1.96,4,65.60638
1.95,5,65.608118
3.94,6,65.61035
5.92,8,65.61304
1.96,4,65.614447
3.94,6,65.616516
3.94,6,65.61856
1.96,4,65.620319
5.92,8,65.623425
1.96,4,65.625214
1.93,7,65.627684
1.96,4,65.629155
5.9,10,65.632994
1.96,4,65.634505
1.96,4,65.63595
1.96,4,65.637304
1.96,4,65.638656
3.94,6,65.640992
1.93,7,65.870165
1.96,4,65.871606
1.96,4,65.872946
3.94,6,65.874895
5.92,8,65.87769
3.92,8,65.880519
5.92,8,65.88318
5.92,8,65.885826
1.96,4,65.887866
3.94,6,65.890368
1.94,6,65.892535
1.96,4,65.893907
3.94,6,65.896843
1.96,4,65.898643
5.9,10,65.90276
5.92,8,65.905925
1.94,6,65.908031
1.95,5,65.910272
1.95,5,65.912444
1.96,4,65.913832
-0.02,2,65.914622
3.94,6,65.916674
-0.06,6,66.131381
1.96,4,66.133024
3.94,6,66.135563
1.96,4,66.137106
1.96,4,66.138849
5.91,9,66.141827
1.95,5,66.143841
3.91,9,66.146846
1.96,4,66.148759
1.93,7,66.151847
3.93,7,66.155745
1.96,4,66.157254
3.94,6,66.159514
3.92,8,66.16231
3.92,8,66.165066
13.88,12,66.169193
3.93,7,66.171696
1.96,4,66.174292
1.96,4,66.17701
3.94,6,66.179596
3.91,9,66.610098
5.91,9,66.613667
1.93,7,66.616238
3.91,9,66.619439
1.96,4,66.620821
1.96,4,66.622156
3.92,8,66.624721
3.92,8,66.62873
1.92,8,66.6316
1.96,4,66.635669
-0.03,3,66.636944
5.87,13,66.641232
1.96,4,66.643008
3.94,6,66.645205
1.93,7,66.647578
5.92,8,66.65029
1.96,4,66.651712
1.96,4,66.653693
5.92,8,66.656575
1.96,4,66.658023
5.91,9,66.987088
1.92,8,66.991865
3.92,8,67.001053
3.94,6,67.022297
1.96,4,67.10211
1.92,8,67.113427
1.96,4,67.143492
13.88,12,67.157323
3.94,6,67.173987
3.94,6,67.193524
1.93,7,67.200291
1.96,4,67.390491
1.96,4,67.39248
1.94,6,67.400473
1.94,6,67.403104
3.92,8,67.406853
1.95,5,67.409494
3.94,6,67.412065
3.91,9,67.416214
1.95,5,67.75195
1.96,4,67.753496
3.94,6,67.75551
1.96,4,67.75687
1.96,4,67.75822
13.87,13,67.766165
5.92,8,67.769115
1.95,5,67.770957
1.93,7,67.773596
3.94,6,67.776159
5.91,9,67.779631
3.94,6,67.781788
1.96,4,67.783196
1.95,5,67.785928
3.92,8,67.788556
1.96,4,67.789905
3.94,6,67.791853
1.96,4,67.793904
3.94,6,67.796324
3.94,6,67.798808
3.94,6,67.800877
1.96,4,67.802355
3.94,6,68.064571
3.94,6,68.066699
5.92,8,68.069405
1.92,8,68.072788
13.9,10,68.076793
1.92,8,68.079631
1.96,4,68.081007
13.9,10,68.084822
3.92,8,68.087755
3.94,6,68.089775
1.96,4,68.091118
1.96,4,68.092917
1.96,4,68.095627
1.96,4,68.097014
3.92,8,68.099583
-0.06,6,68.101668
1.96,4,68.103462
1.96,4,68.104816
1.93,7,68.10769
3.91,9,68.111378
3.9,10,68.34123
1.96,4,68.342673
3.94,6,68.345284
1.96,4,68.346697
1.92,8,68.350082
3.93,7,68.352961
1.93,7,68.355321
1.96,4,68.356678
1.96,4,68.358493
3.93,7,68.361771
3.9,10,68.365625
3.94,6,68.367707
3.91,9,68.371552
1.92,8,68.374302
1.96,4,68.375753
1.96,4,68.377938
3.94,6,68.380341
1.95,5,68.382146
1.96,4,68.383584
1.96,4,68.384979
1.96,4,68.387321
3.92,8,68.611682
5.92,8,68.615881
5.92,8,68.618875
5.89,11,68.622639
1.93,7,68.624964
3.94,6,68.628494
1.96,4,68.630307
1.93,7,68.632648
1.96,4,68.633991
1.96,4,68.635458
1.94,6,68.637597
13.89,11,68.641657
13.87,13,68.646216
1.96,4,68.647584
3.92,8,68.650676
13.9,10,68.654306
1.96,4,68.655678
5.92,8,68.658228
3.92,8,68.920512
3.94,6,68.922576
3.92,8,68.925157
1.96,4,68.926486
5.9,10,68.931135
1.96,4,68.933048
3.94,6,68.935083
3.92,8,68.937736
1.94,6,68.940445
1.96,4,68.941924
1.93,7,68.945912
1.96,4,68.947426
3.94,6,68.949426
1.94,6,68.951691
1.96,4,68.953199
1.96,4,68.954567
1.94,6,68.956537
3.94,6,68.958508
1.93,7,68.962025
3.9,10,68.966026
1.96,4,68.96743
1.94,6,69.217666
3.93,7,69.220104
3.94,6,69.222113
3.92,8,69.224695
3.93,7,69.229008
1.96,4,69.23048
3.91,9,69.23344
1.93,7,69.235963
1.94,6,69.238424
5.92,8,69.241055
1.96,4,69.242408
3.94,6,69.244561
3.94,6,69.247156
5.92,8,69.250179
1.96,4,69.251775
1.96,4,69.25352
1.96,4,69.2549
1.96,4,69.256245
5.92,8,69.258796
13.89,11,69.263389
3.91,9,69.495219
1.95,5,69.496981
3.92,8,69.500281
1.96,4,69.501942
1.95,5,69.503707
1.96,4,69.505105
13.87,13,69.50947
1.96,4,69.510841
1.94,6,69.512815
1.96,4,69.514156
1.93,7,69.517106
3.91,9,69.520698
3.93,7,69.523037
5.9,10,69.527228
3.92,8,69.530288
1.96,4,69.531795
3.9,10,69.535226
3.92,8,69.538002
1.96,4,69.53937
1.93,7,69.805732
3.93,7,69.80826
3.92,8,69.81096
1.95,5,69.81265
1.96,4,69.814229
3.92,8,69.816925
3.94,6,69.819338
1.96,4,69.821036
3.9,10,69.82433
1.96,4,69.825735
1.94,6,69.829937
3.92,8,69.832997
3.94,6,69.835179
3.93,7,69.837495
5.92,8,69.84013
3.9,10,69.844392
1.94,6,69.846467
13.89,11,69.850299
3.94,6,70.065289
5.92,8,70.068117
1.94,6,70.070083
1.96,4,70.071408
1.94,6,70.073336
5.92,8,70.075887
3.94,6,70.077807
1.95,5,70.079425
13.9,10,70.082615
3.92,8,70.085439
1.92,8,70.08834
5.92,8,70.090966
5.92,8,70.093891
5.89,11,70.097589
3.94,6,70.099707
3.91,9,70.102798
1.96,4,70.104184
1.93,7,70.106741
1.96,4,70.108458
1.96,4,70.332436
1.96,4,70.334594
1.96,4,70.336174
13.89,11,70.340573
3.94,6,70.34335
3.91,9,70.346538
1.96,4,70.348128
1.95,5,70.350448
1.95,5,70.352511
5.92,8,70.355198
5.92,8,70.357762
3.94,6,70.361037
1.94,6,70.363479
3.92,8,70.366122
1.96,4,70.367463
1.96,4,70.368801
3.94,6,70.371326
3.94,6,70.373579
3.94,6,70.375574
1.96,4,70.376929
1.96,4,70.378272
-0.02,2,70.378992
3.94,6,70.599273
1.95,5,70.60105
1.96,4,70.602402
1.95,5,70.604038
5.89,11,70.607504
1.93,7,70.610593
1.93,7,70.613027
3.93,7,70.615361
1.96,4,70.616712
3.94,6,70.618662
5.89,11,70.622131
1.95,5,70.623766
1.96,4,70.625081
1.96,4,70.626394
1.96,4,70.627708
3.94,6,70.629628
1.96,4,70.630944
1.96,4,70.632284
5.92,8,70.635026
1.96,4,70.636573
3.94,6,70.638548
3.92,8,70.641101
1.96,4,70.8679
5.89,11,70.871558
1.96,4,70.872889
1.96,4,70.874219
3.94,6,70.876158
1.96,4,70.877748
1.96,4,70.879152
5.92,8,70.881766
1.96,4,70.883126
3.93,7,70.885388
1.94,6,70.888092
1.96,4,70.889562
1.96,4,70.891115
1.94,6,70.893214
1.96,4,70.894596
1.94,6,70.896586
1.96,4,70.897933
1.96,4,70.899279
1.95,5,70.905048
1.96,4,70.906885
13.87,13,70.911476
3.94,6,70.913564
3.93,7,70.91607
5.92,8,71.172274
5.92,8,71.174937
3.94,6,71.176895
1.93,7,71.179131
1.96,4,71.18046
1.93,7,71.182722
3.9,10,71.186409
3.94,6,71.188479
1.96,4,71.189837
1.95,5,71.191503
1.96,4,71.192849
1.92,8,71.195667
1.95,5,71.197322
1.92,8,71.199887
1.94,6,71.201828
5.92,8,71.204846
1.93,7,71.207181
1.96,4,71.208521
3.92,8,71.211066
1.96,4,71.212394
1.96,4,71.415874
5.89,11,71.419589
1.96,4,71.421015
3.92,8,71.424029
3.94,6,71.426878
1.96,4,71.428944
5.92,8,71.431936
1.96,4,71.433348
13.9,10,71.436573
1.96,4,71.437916
5.9,10,71.441445
5.85,15,71.44633
3.93,7,71.44867
1.96,4,71.450698
1.95,5,71.45249
1.93,7,71.454848
5.91,9,71.457812
13.9,10,71.461527
5.85,15,71.717237
5.9,10,71.720555
1.91,9,71.724164
5.88,12,71.728315
1.96,4,71.729686
1.96,4,71.731024
5.88,12,71.735151
1.94,6,71.737215
1.96,4,71.738583
5.92,8,71.741145
3.94,6,71.743086
1.95,5,71.744713
5.91,9,71.747572
1.96,4,71.748918
1.95,5,71.750554
1.96,4,71.751938
1.96,4,71.753302
13.9,10,72.018449
3.91,9,72.021576
1.95,5,72.023719
1.92,8,72.026574
3.91,9,72.029656
3.94,6,72.032072
3.94,6,72.034215
3.9,10,72.037655
3.94,6,72.039696
1.94,6,72.041649
1.92,8,72.044214
3.94,6,72.046169
1.93,7,72.048458
1.96,4,72.049788
3.92,8,72.052346
3.94,6,72.054266
1.96,4,72.055693
1.96,4,72.057114
1.93,7,72.059409
3.94,6,72.061366
1.92,8,72.263072
1.93,7,72.26547
13.9,10,72.268719
5.92,8,72.27171
1.91,9,72.274949
1.93,7,72.27748
1.96,4,72.278929
1.91,9,72.281933
5.92,8,72.284594
3.94,6,72.286623
3.9,10,72.289904
3.91,9,72.292771
3.92,8,72.296391
1.96,4,72.297815
3.89,11,72.30141
5.87,13,72.51598
3.92,8,72.519162
1.96,4,72.520635
1.9,10,72.524012
1.96,4,72.525606
1.96,4,72.526986
1.93,7,72.529298
3.93,7,72.532066
1.89,11,72.535779
1.96,4,72.537134
1.9,10,72.540315
1.96,4,72.541651
1.93,7,72.543918
1.95,5,72.54556
1.96,4,72.546901
1.96,4,72.548234
5.91,9,72.551094
5.91,9,72.553952
1.95,5,72.555613
1.96,4,72.556954
3.94,6,72.772188
13.9,10,72.775622
1.9,10,72.778818
1.96,4,72.780145
13.85,15,72.78545
13.9,10,72.788782
1.91,9,72.791672
5.87,13,72.795729
1.93,7,72.7983
3.94,6,72.800407
3.94,6,72.802394
1.96,4,72.803736
1.94,6,72.805692
1.91,9,72.809038
1.96,4,72.810471
1.96,4,72.811808
1.96,4,72.813137
3.9,10,73.08026
1.94,6,73.082394
3.92,8,73.085368
3.89,11,73.089415
3.94,6,73.091459
1.95,5,73.093246
1.96,4,73.094714
3.87,13,73.099312
1.96,4,73.100822
1.88,12,73.104847
3.94,6,73.107244
5.89,11,73.111106
1.96,4,73.112524
5.84,16,73.117701
1.91,9,73.120621
1.9,10,73.400275
3.94,6,73.402675
5.92,8,73.40534
1.82,18,73.411202
1.96,4,73.41261
3.94,6,73.414622
3.9,10,73.417864
1.93,7,73.420172
3.91,9,73.423108
5.92,8,73.425738
3.92,8,73.432144
1.91,9,73.435311
1.91,9,73.438216
1.94,6,73.440671
1.93,7,73.443151
5.85,15,73.748626
1.95,5,73.750409
3.9,10,73.753789
1.95,5,73.75546
1.96,4,73.756807
1.92,8,73.759349
1.9,10,73.763918
1.92,8,73.766595
1.96,4,73.767977
1.95,5,73.769632
1.92,8,73.772628
1.96,4,73.774041
3.94,6,73.775988
3.89,11,73.779808
5.9,10,73.783332
3.94,6,73.786179
1.94,6,73.788196
5.89,11,73.791707
1.94,6,74.008633
5.91,9,74.011694
3.9,10,74.014895
13.9,10,74.018554
1.96,4,74.020003
3.94,6,74.022
3.94,6,74.023959
1.96,4,74.025297
1.91,9,74.029199
3.9,10,74.032447
3.93,7,74.03476
1.96,4,74.036312
3.92,8,74.039045
1.92,8,74.041691
1.92,8,74.044554
1.94,6,74.046594
1.91,9,74.049504
3.94,6,74.051475
3.89,11,74.256661
1.9,10,74.260364
3.94,6,74.262982
3.94,6,74.265391
3.94,6,74.267464
3.94,6,74.269525
1.9,10,74.272718
5.92,8,74.275291
3.9,10,74.278562
1.96,4,74.27991
3.9,10,74.283073
3.89,11,74.286631
1.96,4,74.287982
1.95,5,74.289646
3.94,6,74.291606
1.92,8,74.294358
3.94,6,74.296372
1.9,10,74.514646
1.9,10,74.517911
5.9,10,74.52112
3.94,6,74.523582
5.88,12,74.528523
1.9,10,74.531832
1.96,4,74.53319
1.96,4,74.534524
1.91,9,74.537662
1.96,4,74.539065
5.89,11,74.542653
1.95,5,74.544375
1.91,9,74.547256
3.9,10,74.550773
3.94,6,74.552801
1.93,7,74.555052
1.94,6,74.81139
1.93,7,74.814141
3.93,7,74.816696
1.9,10,74.820081
1.94,6,74.822406
1.96,4,74.823794
13.88,12,74.827878
1.94,6,74.829884
3.91,9,74.83292
1.92,8,74.835545
3.94,6,74.837531
1.96,4,74.838867
3.94,6,74.840813
1.93,7,74.843571
5.87,13,74.847796
3.9,10,74.850984
3.94,6,74.852955
1.96,4,74.854289
1.96,4,75.103891
3.94,6,75.106065
1.96,4,75.107477
1.91,9,75.110456
5.91,9,75.113452
3.94,6,75.115459
1.95,5,75.117151
1.96,4,75.118517
1.91,9,75.121471
5.92,8,75.124605
13.89,11,75.128242
5.87,13,75.132368
3.94,6,75.134804
5.86,14,75.139483
1.93,7,75.141748
3.94,6,75.144121
3.92,8,75.146919
5.92,8,75.397878
3.91,9,75.400957
1.92,8,75.403567
1.96,4,75.405354
1.95,5,75.407143
1.96,4,75.40854
1.96,4,75.409907
5.92,8,75.412519
1.95,5,75.414195
1.92,8,75.417041
3.87,13,75.421448
5.92,8,75.424126
5.92,8,75.427076
3.91,9,75.431162
3.89,11,75.435421
1.91,9,75.438765
-0.02,2,75.439557
1.91,9,75.691745
1.96,4,75.694044
1.9,10,75.697455
1.96,4,75.699264
1.96,4,75.700707
1.9,10,75.703968
1.96,4,75.705332
3.88,12,75.709895
5.92,8,75.712701
1.91,9,75.715949
1.96,4,75.7175
1.91,9,75.720544
1.9,10,75.72388
3.91,9,75.727423
3.92,8,75.730228
1.96,4,75.731909
1.96,4,75.733804
3.93,7,75.736337
3.92,8,75.983389
3.92,8,75.988322
1.93,7,75.991324
-0.06,6,75.994041
1.96,4,75.995498
5.92,8,75.998539
3.89,11,76.004197
3.9,10,76.007515
5.86,14,76.011922
1.93,7,76.014737
1.91,9,76.017976
3.92,8,76.020748
1.92,8,76.023508
5.92,8,76.026182
5.92,8,76.028926
1.95,5,76.030681
5.9,10,76.33927
1.96,4,76.340718
5.92,8,76.344703
1.92,8,76.348527
1.95,5,76.350443
3.94,6,76.352679
3.94,6,76.354847
1.93,7,76.357739
3.88,12,76.361957
3.9,10,76.365194
1.89,11,76.369276
1.92,8,76.372156
3.94,6,76.37431
1.91,9,76.377814
3.9,10,76.381069
3.94,6,76.383021
1.9,10,76.890176
3.92,8,76.894048
1.91,9,76.905815
1.94,6,76.911945
13.9,10,76.917373
3.91,9,76.920929
3.87,13,76.926486
1.89,11,76.930481
3.88,12,76.935675
1.92,8,76.938486
1.96,4,76.941949
5.9,10,76.958899
5.88,12,76.969726
1.91,9,76.974556
13.9,10,77.52119
3.87,13,77.526152
3.87,13,77.532134
1.96,4,77.533651
3.91,9,77.53705
1.9,10,77.541076
1.93,7,77.545884
3.84,16,77.552543
5.91,9,77.555694
1.88,12,77.560107
1.95,5,77.562386
1.91,9,77.567234
3.92,8,77.570048
5.92,8,77.893828
3.94,6,77.896
1.96,4,77.897366
-6.0,100,77.932675
3.94,6,77.935142
1.96,4,77.936668
1.94,6,78.904064
1.91,9,78.909498
3.94,6,78.91246
1.94,6,78.914892
3.94,6,78.917587
3.92,8,78.920843
3.93,7,78.923281
3.91,9,78.926889
1.9,10,78.930373
1.9,10,78.93396
1.9,10,78.937778
3.93,7,78.940183
5.9,10,78.943671
1.94,6,78.945899
1.92,8,78.948669
1.91,9,78.951681
5.87,13,79.171264
3.94,6,79.174047
3.91,9,79.177451
1.91,9,79.181037
3.78,22,79.188357
3.92,8,79.191014
1.89,11,79.194885
1.96,4,79.196296
3.94,6,79.198414
1.94,6,79.200586
1.89,11,79.205287
1.91,9,79.20876
1.96,4,79.21049
1.96,4,79.212006
1.94,6,79.214516
1.93,7,79.614284
1.96,4,79.615863
5.9,10,79.619177
1.93,7,79.621473
3.94,6,79.623985
1.9,10,79.627666
1.95,5,79.629327
1.87,13,79.633636
3.88,12,79.639092
1.96,4,79.64059
13.88,12,79.645035
3.54,46,80.255805
1.88,12,80.259772
5.87,13,80.264332
3.94,6,80.266534
3.86,14,80.271445
3.9,10,80.275049
1.95,5,80.277069
5.84,16,80.28212
1.95,5,80.283988
1.95,5,80.285934
1.95,5,80.287602
3.88,12,80.291406
1.89,11,80.295116
3.82,18,80.593474
5.91,9,80.596987
1.94,6,80.599013
1.95,5,80.601448
1.91,9,80.60496
5.85,15,80.610255
3.93,7,80.612657
1.96,4,80.614016
5.92,8,80.616764
1.94,6,80.618769
1.93,7,80.621708
3.91,9,80.624828
5.92,8,80.627457
1.96,4,80.628787
5.92,8,80.631375
5.85,15,80.637537
5.84,16,80.922932
1.95,5,80.924644
3.89,11,80.928654
3.91,9,80.931776
3.91,9,80.934745
1.91,9,80.938166
13.8,20,80.946386
5.91,9,80.949805
1.87,13,80.954063
1.93,7,80.956356
5.88,12,80.960192
5.87,13,81.270411
1.96,4,81.272156
3.86,14,81.278272
5.84,16,81.284523
1.92,8,81.287731
3.92,8,81.290954
5.86,14,81.296397
3.94,6,81.299226
3.87,13,81.305577
1.9,10,81.308954
13.89,11,81.31258
3.84,16,81.318259
1.92,8,81.582428
1.9,10,81.585844
3.86,14,81.590836
1.86,14,81.595779
1.89,11,81.599329
3.93,7,81.602185
3.88,12,81.606419
1.95,5,81.608103
5.91,9,81.611538
5.84,16,81.617719
1.96,4,81.619107
5.92,8,81.622436
3.89,11,81.62594
3.9,10,81.902405
3.94,6,81.904572
1.96,4,81.906018
5.91,9,81.90893
1.87,13,81.913249
1.96,4,81.914646
1.93,7,81.916945
3.85,15,81.92246
3.85,15,81.928099
13.89,11,81.931957
3.86,14,81.93768
1.9,10,81.940932
3.88,12,81.944724
3.87,13,82.205289
1.87,13,82.209571
3.89,11,82.213517
1.9,10,82.216752
3.9,10,82.220126
1.95,5,82.221993
1.89,11,82.225534
3.89,11,82.22901
3.93,7,82.231265
5.92,8,82.233807
1.86,14,82.238178
1.83,17,82.244035
5.84,16,82.506535
1.95,5,82.508272
3.9,10,82.512032
1.89,11,82.515998
3.89,11,82.519757
3.88,12,82.523854
3.9,10,82.527411
3.89,11,82.530969
1.88,12,82.536465
5.91,9,82.539675
1.93,7,82.541963
1.88,12,82.546325
1.91,9,82.802492
5.87,13,82.807503
1.95,5,82.809794
3.85,15,82.815056
3.93,7,82.817441
1.86,14,82.82189
3.9,10,82.82507
5.84,16,82.830217
3.87,13,82.834307
1.94,6,82.836248
5.85,15,82.841253
1.88,12,83.106332
5.89,11,83.110144
1.91,9,83.113163
5.84,16,83.118707
1.86,14,83.123203
1.91,9,83.126132
1.9,10,83.12947
13.81,19,83.136496
1.9,10,83.139838
3.86,14,83.144223
1.93,7,83.146915
1.83,17,83.442054
3.83,17,83.448647
1.91,9,83.451803
3.25,75,83.476342
1.82,18,84.168618
3.85,15,84.174168
5.89,11,84.178034
-0.34,34,84.189503
1.83,17,84.195134
1.88,12,84.199111
3.84,16,84.204181
1.8,20,84.617559
1.84,16,84.622803
5.78,22,84.629585
-6.0,100,85.398958
1.93,7,85.401589
5.81,19,85.408628
3.79,21,85.415975
1.86,14,85.421249
5.82,18,85.427514
3.91,9,85.431018
3.82,18,85.437611
5.85,15,85.758729
1.94,6,85.760856
13.75,25,85.769211
1.82,18,85.774979
1.84,16,85.780471
5.81,19,85.786416
1.91,9,85.78929
13.79,21,85.795865
5.84,16,86.154508
3.86,14,86.159023
1.83,17,86.164617
3.92,8,86.167237
3.78,22,86.174123
5.78,22,86.181047
3.87,13,86.185323
1.85,15,86.190134
1.93,7,86.192445
1.9,10,86.528014
5.79,21,86.535623
5.8,20,86.542167
1.88,12,86.546519
1.94,6,86.54862
3.84,16,86.553753
3.82,18,86.55943
1.86,14,86.563838
1.82,18,86.889465
1.86,14,86.895013
1.86,14,86.900074
5.79,21,86.906802
3.87,13,86.911249
3.88,12,86.915129
1.96,4,86.916475
5.82,18,86.92269
1.91,9,86.925818
1.86,14,86.930571
1.96,4,86.93214
3.85,15,87.264962
5.79,21,87.271885
1.94,6,87.278121
13.88,12,87.282257
3.79,21,87.289546
13.82,18,87.295683
1.9,10,87.299023
1.83,17,87.304799
5.79,21,87.64184
3.9,10,87.645639
3.8,20,87.652794
3.86,14,87.657463
3.9,10,87.661492
1.85,15,87.666709
3.87,13,87.672498
1.84,16,87.677987
3.92,8,87.680696
1.8,20,88.009769
1.94,6,88.011821
1.84,16,88.017407
1.9,10,88.020833
5.87,13,88.02501
3.82,18,88.03084
1.84,16,88.036719
1.86,14,88.041306
5.79,21,88.049341
1.86,14,88.379263
1.89,11,88.382877
1.9,10,88.386683
3.85,15,88.391802
-0.15,15,88.397343
1.88,12,88.401305
1.91,9,88.404175
1.91,9,88.407177
3.88,12,88.411158
1.9,10,88.41434
1.89,11,88.41866
-0.08,8,88.694839
1.86,14,88.699489
1.86,14,88.705228
3.9,10,88.708614
1.94,6,88.710819
1.89,11,88.714674
1.89,11,88.718599
1.85,15,88.724484
1.84,16,88.730145
13.83,17,88.737375
1.87,13,89.221473
1.89,11,89.234902
1.87,13,89.255626
5.86,14,89.271519
1.94,6,89.275986
1.94,6,89.27944
3.88,12,89.284062
5.86,14,89.290595
1.92,8,89.293531
13.83,17,89.300333
3.89,11,89.311833
1.89,11,89.319272
1.9,10,89.677826
1.9,10,89.681318
3.87,13,89.686512
3.9,10,89.689861
1.88,12,89.693695
3.87,13,89.697822
13.85,15,89.704267
1.89,11,89.708158
5.85,15,89.714225
3.86,14,89.718979
-0.06,6,89.721032
13.8,20,90.020565
1.91,9,90.0237
5.84,16,90.029516
3.87,13,90.034341
1.88,12,90.040021
3.88,12,90.044555
3.84,16,90.050026
3.91,9,90.053077
3.85,15,90.058483
1.93,7,90.06103
1.88,12,90.3789
3.87,13,90.383211
3.91,9,90.386962
13.78,22,90.393914
3.83,17,90.400605
1.89,11,90.404269
3.9,10,90.40801
1.88,12,90.412304
1.87,13,90.41687
3.91,9,90.419957
3.86,14,90.770994
3.91,9,90.774078
5.84,16,90.77984
1.88,12,90.783656
5.82,18,90.790069
3.86,14,90.794909
1.87,13,90.799241
3.88,12,90.803635
3.87,13,90.807779
5.82,18,91.114317
1.88,12,91.118716
1.89,11,91.122916
3.86,14,91.128119
3.86,14,91.133251
1.93,7,91.136592
1.84,16,91.142249
1.88,12,91.146513
5.83,17,91.152902
3.86,14,91.157439
3.88,12,91.440025
5.87,13,91.444298
3.85,15,91.449625
1.87,13,91.453743
3.87,13,91.458629
3.84,16,91.463869
3.84,16,91.469321
3.84,16,91.475042
5.82,18,91.762324
5.82,18,91.768068
1.87,13,91.774482
1.85,15,91.779346
3.88,12,91.784397
1.9,10,91.788689
-0.08,8,91.791742
3.85,15,91.796918
13.8,20,91.805147
3.83,17,92.133425
13.76,24,92.141063
3.88,12,92.144885
13.82,18,92.150459
-0.13,13,92.155379
1.89,11,92.159005
1.88,12,92.1632
3.82,18,92.170307
1.83,17,92.175781
1.84,16,92.547445
3.84,16,92.554023
1.89,11,92.557924
3.84,16,92.564489
1.86,14,92.571393
5.87,13,92.57601
1.85,15,92.581756
3.88,12,92.58598
5.82,18,92.857115
1.91,9,92.860092
1.88,12,92.863843
1.89,11,92.868169
3.85,15,92.873565
13.8,20,92.881673
5.82,18,92.888075
1.85,15,92.893383
3.84,16,92.898551
5.8,20,93.207628
1.87,13,93.212194
1.87,13,93.216514
3.84,16,93.222321
1.88,12,93.226152
1.87,13,93.230752
1.84,16,93.236382
1.88,12,93.240587
5.83,17,93.24603
1.8,20,93.514463
1.86,14,93.51911
1.89,11,93.52268
1.86,14,93.527201
3.81,19,93.533419
1.86,14,93.538034
1.89,11,93.542697
1.86,14,93.54721
3.79,21,93.874772
3.84,16,93.880586
3.83,17,93.886174
5.87,13,93.89038
1.87,13,93.894644
5.81,19,93.901344
1.88,12,93.905267
3.82,18,93.911384
1.87,13,93.915574
5.84,16,94.216858
1.84,16,94.222057
3.84,16,94.227133
1.85,15,94.231902
3.85,15,94.236615
1.84,16,94.241737
1.83,17,94.247597
3.82,18,94.253452
5.83,17,94.536454
5.8,20,94.543707
1.86,14,94.548627
3.86,14,94.553774
1.85,15,94.558685
5.84,16,94.563917
3.84,16,94.56913
1.85,15,94.574162
1.84,16,94.876759
3.85,15,94.881919
1.85,15,94.886898
3.85,15,94.891679
1.89,11,94.895232
1.85,15,94.900089
1.87,13,94.904788
5.8,20,94.911113
5.79,21,95.217787
1.84,16,95.223158
1.85,15,95.228016
1.84,16,95.233127
3.83,17,95.238567
1.88,12,95.242448
1.88,12,95.246364
5.79,21,95.253151
5.79,21,95.585484
5.78,22,95.593038
3.81,19,95.599371
1.86,14,95.605048
1.84,16,95.61022
1.85,15,95.615045
1.88,12,95.619286
1.86,14,95.623893
3.82,18,95.961706
1.88,12,95.965562
5.84,16,95.971872
1.85,15,95.977223
1.88,12,95.981478
5.85,15,95.986455
1.86,14,95.991001
5.79,21,95.997752
1.76,24,96.319363
1.86,14,96.324054
3.86,14,96.328634
1.89,11,96.332244
1.83,17,96.3394
1.88,12,96.34348
3.86,14,96.34841
3.84,16,96.353642
3.88,12,96.357626
5.79,21,96.630984
3.79,21,96.637634
3.81,19,96.643734
1.86,14,96.648421
1.85,15,96.653984
1.88,12,96.657983
3.83,17,96.663728
13.81,19,96.957094
3.84,16,96.96251
1.82,18,96.971689
1.89,11,96.975349
1.86,14,96.980216
3.86,14,96.98492
3.82,18,96.991082
1.85,15,96.995984
13.81,19,97.373001
5.8,20,97.380538
1.85,15,97.385493
5.78,22,97.39251
3.83,17,97.397948
3.87,13,97.402549
3.82,18,97.408484
3.85,15,97.414011
3.81,19,97.759626
5.83,17,97.765751
3.85,15,97.770608
5.82,18,97.777033
1.85,15,97.782319
3.85,15,97.787153
1.87,13,97.791547
1.84,16,97.796922
1.86,14,98.091624
3.84,16,98.096724
1.87,13,98.101545
1.86,14,98.105925
3.87,13,98.110687
1.87,13,98.115305
1.81,19,98.121665
3.85,15,98.126897
5.8,20,98.447886
5.8,20,98.454206
1.84,16,98.4599
5.84,16,98.465104
3.81,19,98.471924
1.87,13,98.476684
1.79,21,98.484117
1.81,19,98.813674
1.88,12,98.817617
1.82,18,98.823992
1.86,14,98.828568
1.84,16,98.835179
1.79,21,98.842482
3.84,16,98.848674
1.9,10,98.852108
13.79,21,99.192697
1.86,14,99.198832
3.82,18,99.205453
13.72,28,99.214912
3.8,20,99.221191
1.83,17,99.226914
1.87,13,99.231128
1.84,16,99.237725
3.82,18,99.645539
3.84,16,99.651311
5.8,20,99.658321
1.86,14,99.662921
1.82,18,99.669354
1.87,13,99.674033
13.77,23,99.681725
3.85,15,100.019497
5.77,23,100.027288
1.85,15,100.032446
5.8,20,100.038817
1.78,22,100.045685
1.83,17,100.051657
3.83,17,100.057126
1.85,15,100.481157
13.76,24,100.490407
1.81,19,100.498317
3.86,14,100.504601
3.86,14,100.510023
1.84,16,100.515672
3.83,17,100.521955
3.79,21,100.954111
5.79,21,100.963331
3.81,19,100.969861
1.84,16,100.975029
13.75,25,100.983515
1.8,20,100.99022
1.83,17,100.996219
3.82,18,101.387287
3.85,15,101.392701
5.8,20,101.399662
3.86,14,101.40447
1.86,14,101.409201
3.85,15,101.414543
1.8,20,101.421228
3.85,15,101.426208
1.85,15,101.744797
5.79,21,101.751917
1.85,15,101.75672
1.87,13,101.761616
1.86,14,101.766451
1.84,16,101.772083
3.77,23,101.779785
1.83,17,102.113583
3.78,22,102.121481
3.86,14,102.126666
3.8,20,102.133459
3.8,20,102.139907
3.84,16,102.145304
5.74,26,102.153746
1.86,14,102.519503
1.85,15,102.524471
13.8,20,102.530929
1.82,18,102.536683
1.81,19,102.542753
5.78,22,102.549733
1.82,18,102.555515
1.88,12,102.868797
1.87,13,102.872985
5.82,18,102.879366
3.85,15,102.88463
3.86,14,102.889646
3.82,18,102.895646
3.79,21,102.902377
3.82,18,102.908337
3.82,18,103.247651
1.81,19,103.254965
1.86,14,103.260006
-0.15,15,103.265016
1.86,14,103.269524
1.86,14,103.273921
1.86,14,103.278316
3.85,15,103.285127
5.8,20,103.596139
3.82,18,103.602877
1.88,12,103.607089
5.79,21,103.614868
3.77,23,103.623401
1.86,14,103.628085
1.85,15,103.636629
3.82,18,104.198423
1.82,18,104.210776
3.81,19,104.219163
5.82,18,104.227724
1.83,17,104.235141
5.85,15,104.240688
5.81,19,104.248571
1.84,16,104.257368
1.88,12,104.815461
1.84,16,104.821706
3.83,17,104.827503
1.81,19,104.834404
1.82,18,104.840734
5.8,20,104.847772
1.86,14,104.852566
1.89,11,104.856105
3.83,17,105.146494
13.77,23,105.154426
1.85,15,105.15945
1.85,15,105.164213
1.82,18,105.169933
3.84,16,105.175057
13.8,20,105.182102
1.79,21,105.709693
1.8,20,105.717636
1.8,20,105.724498
1.84,16,105.729644
1.86,14,105.735183
1.89,11,105.739344
1.84,16,105.745082
3.83,17,105.750975
5.84,16,106.251387
3.84,16,106.258254
3.84,16,106.264434
5.83,17,106.276753
3.84,16,106.353691
5.85,15,106.360011
1.86,14,106.366972
1.83,17,106.374809
1.84,16,106.738353
5.84,16,106.743897
1.87,13,106.748403
1.84,16,106.754309
3.8,20,106.761322
5.81,19,106.769219
1.89,11,106.773157
3.88,12,106.777051
1.84,16,107.103834
1.82,18,107.109679
5.83,17,107.115547
1.82,18,107.121464
3.85,15,107.126527
1.87,13,107.130663
1.85,15,107.135722
3.82,18,107.141747
1.84,16,107.424262
3.84,16,107.429345
1.85,15,107.434768
1.87,13,107.438995
1.86,14,107.443456
1.88,12,107.44727
3.81,19,107.453265
3.84,16,107.458314
1.85,15,107.96745
3.86,14,107.972287
5.78,22,107.979775
3.83,17,107.985523
5.81,19,107.992168
13.74,26,108.000784
1.87,13,108.005459
1.84,16,108.410204
3.83,17,108.417339
5.86,14,108.423073
1.85,15,108.428712
1.86,14,108.433779
3.84,16,108.439207
1.81,19,108.445793
5.83,17,108.451196
5.8,20,108.733967
1.83,17,108.739717
1.82,18,108.745724
1.85,15,108.750665
5.81,19,108.756863
1.87,13,108.761118
13.76,24,108.768905
3.84,16,108.774106
5.8,20,109.123241
1.88,12,109.128265
1.89,11,109.132715
1.85,15,109.138429
1.88,12,109.14247
5.84,16,109.148979
1.84,16,109.154226
3.81,19,109.162822
1.89,11,109.496688
1.85,15,109.502065
1.84,16,109.508162
3.86,14,109.512768
3.87,13,109.517438
1.87,13,109.521635
1.81,19,109.528419
3.84,16,109.53365
1.83,17,109.539559
1.88,12,109.842976
1.9,10,109.846255
1.81,19,109.85285
1.82,18,109.85864
3.8,20,109.864951
1.8,20,109.87122
1.84,16,109.876247
5.81,19,110.200615
3.86,14,110.205492
1.87,13,110.210475
3.82,18,110.216365
1.84,16,110.222177
3.81,19,110.228838
3.79,21,110.23575
1.81,19,110.242881
5.85,15,110.820812
3.84,16,110.826556
1.82,18,110.848685
1.78,22,110.866711
5.85,15,110.871575
1.83,17,110.877381
5.81,19,110.883949
1.8,20,111.315397
1.87,13,111.32004
1.81,19,111.328907
13.8,20,111.336376
3.83,17,111.342422
3.85,15,111.348542
1.79,21,111.355839
5.82,18,111.69905
3.82,18,111.705018
5.82,18,111.712399
1.84,16,111.718613
1.79,21,111.726259
3.82,18,111.733584
5.78,22,111.741408
3.82,18,112.071242
3.82,18,112.077787
3.83,17,112.083231
1.85,15,112.088513
1.81,19,112.094539
1.89,11,112.098774
1.82,18,112.104826
1.82,18,112.110954
1.83,17,112.412528
1.83,17,112.418696
1.87,13,112.423008
3.79,21,112.431455
3.86,14,112.436041
3.82,18,112.442709
3.82,18,112.448976
1.89,11,112.452586
3.81,19,112.835252
1.82,18,112.842159
1.86,14,112.846931
1.85,15,112.852603
1.8,20,112.859485
1.86,14,112.863966
3.79,21,112.87178
1.86,14,113.218897
1.87,13,113.223282
1.81,19,113.230179
1.77,23,113.237407
3.85,15,113.24211
3.81,19,113.248012
1.87,13,113.252082
5.84,16,113.25706
3.8,20,113.608599
3.82,18,113.615078
1.85,15,113.619928
3.84,16,113.625579
1.82,18,113.631729
5.8,20,113.638431
5.81,19,113.645104
1.86,14,113.966958
3.8,20,113.974372
1.89,11,113.978422
3.84,16,113.984159
1.79,21,113.991509
1.86,14,113.997302
3.82,18,114.003855
1.84,16,114.00996
5.8,20,114.343847
3.83,17,114.349839
3.81,19,114.356166
3.87,13,114.360615
1.85,15,114.365733
1.78,22,114.372791
1.87,13,114.37693
3.83,17,114.868789
1.88,12,114.872762
3.82,18,114.879134
1.86,14,114.883617
3.86,14,114.88863
3.85,15,114.893875
5.79,21,114.90109
5.76,24,114.908852
1.87,13,115.247829
3.85,15,115.252698
1.8,20,115.258981
1.83,17,115.264484
5.81,19,115.270665
1.86,14,115.275116
3.84,16,115.280112
1.88,12,115.283854
1.88,12,115.587916
13.78,22,115.594972
1.9,10,115.598153
1.84,16,115.603132
1.86,14,115.6075
3.81,19,115.613359
5.81,19,115.619239
3.86,14,115.623576
1.85,15,115.940542
5.85,15,115.945634
3.82,18,115.951454
1.82,18,115.957298
5.8,20,115.96371
5.8,20,115.970109
13.77,23,115.977454
1.85,15,116.297116
5.78,22,116.304094
1.88,12,116.308572
1.86,14,116.313253
1.83,17,116.31875
5.82,18,116.324421
1.83,17,116.329783
1.83,17,116.335094
3.78,22,116.70037
3.78,22,116.708259
1.86,14,116.712944
1.88,12,116.716912
5.78,22,116.724225
1.82,18,116.729951
3.85,15,116.734693
3.79,21,117.053545
3.85,15,117.058356
1.8,20,117.064575
3.79,21,117.071414
1.87,13,117.075551
1.87,13,117.07966
1.81,19,117.085618
3.84,16,117.395031
3.79,21,117.402135
1.87,13,117.40709
1.86,14,117.411548
3.81,19,117.418078
1.85,15,117.422925
3.83,17,117.428287
1.84,16,117.433316
1.9,10,117.436486
1.89,11,117.762798
1.87,13,117.767323
3.82,18,117.773179
1.87,13,117.777839
1.84,16,117.783484
1.81,19,117.790538
3.79,21,117.798396
13.77,23,118.168814
1.85,15,118.175354
1.83,17,118.181402
1.83,17,118.187398
1.86,14,118.192582
1.8,20,118.200092
13.79,21,118.20738
3.85,15,118.212742
3.85,15,118.576425
1.83,17,118.581979
1.84,16,118.587442
3.83,17,118.593529
3.79,21,118.600559
1.83,17,118.60643
3.85,15,118.611228
1.89,11,118.615813
1.84,16,118.937896
1.84,16,118.943752
5.83,17,118.94963
1.86,14,118.954591
3.83,17,118.960048
5.82,18,118.966902
3.86,14,118.971407
3.87,13,118.975956
1.85,15,119.652858
1.87,13,119.657243
3.81,19,119.664137
3.81,19,119.67029
1.8,20,119.678763
3.82,18,119.684925
1.85,15,119.689777
1.81,19,120.019872
1.84,16,120.025843
3.85,15,120.031845
3.82,18,120.037665
3.82,18,120.046255
1.85,15,120.051933
1.86,14,120.057225
5.76,24,120.065772
1.86,14,120.432868
1.87,13,120.437509
1.82,18,120.446436
1.81,19,120.453485
3.79,21,120.460697
5.84,16,120.466392
1.83,17,120.474065
5.83,17,120.955963
1.86,14,120.960982
5.82,18,120.967545
1.82,18,120.975624
3.81,19,120.982363
5.8,20,120.989551
1.87,13,120.993684
1.87,13,120.998733
3.84,16,121.374804
1.86,14,121.380056
3.8,20,121.387312
1.85,15,121.392826
1.79,21,121.40054
5.83,17,121.408086
3.81,19,121.415005
5.83,17,121.420489
5.79,21,121.757152
13.76,24,121.765957
1.78,22,121.775235
5.81,19,121.781565
5.78,22,121.788465
5.77,23,122.08083
1.8,20,122.087311
3.79,21,122.094882
1.89,11,122.098629
1.89,11,122.102463
3.83,17,122.109091
5.83,17,122.115618
1.83,17,122.121592
1.87,13,122.463197
1.8,20,122.469748
3.86,14,122.47424
3.83,17,122.480188
3.8,20,122.486608
1.77,23,122.494359
1.86,14,122.500029
5.83,17,122.508745
1.79,21,122.852506
3.87,13,122.857046
13.77,23,122.864532
1.9,10,122.868097
1.86,14,122.872872
1.81,19,122.879651
3.87,13,122.883774
1.82,18,123.216148
1.86,14,123.220785
1.87,13,123.225367
1.86,14,123.230014
5.82,18,123.235756
1.84,16,123.240787
3.81,19,123.247252
3.84,16,123.25281
1.87,13,123.257053
1.86,14,123.559059
13.77,23,123.566335
13.78,22,123.573144
3.87,13,123.577766
-0.06,6,123.579812
5.85,15,123.585033
1.87,13,123.589459
3.84,16,123.594574
1.9,10,123.955356
1.85,15,123.960858
3.79,21,123.968021
3.81,19,123.976027
13.78,22,123.983219
1.87,13,123.987944
1.86,14,123.992746
3.81,19,123.998826
3.88,12,124.334596
1.86,14,124.339192
1.88,12,124.343522
3.89,11,124.34717
3.88,12,124.351367
1.8,20,124.357939
5.81,19,124.363903
13.8,20,124.37015
3.81,19,124.676327
1.81,19,124.682729
1.85,15,124.687524
5.8,20,124.693776
1.89,11,124.697271
1.88,12,124.701065
1.85,15,124.705795
1.87,13,124.71207
1.83,17,125.01581
1.85,15,125.021281
13.78,22,125.028611
1.88,12,125.032506
3.85,15,125.037405
1.88,12,125.041678
3.79,21,125.048429
3.86,14,125.053472
5.79,21,125.38169
5.79,21,125.389416
1.82,18,125.396124
1.85,15,125.401328
3.82,18,125.407566
1.82,18,125.413719
1.86,14,125.418487
3.82,18,125.424492
13.78,22,125.742658
3.86,14,125.747275
1.86,14,125.752096
3.81,19,125.758129
1.87,13,125.762202
5.77,23,125.769281
1.86,14,125.7737
1.88,12,126.122313
3.86,14,126.126861
3.84,16,126.132369
1.86,14,126.136954
1.84,16,126.142037
3.83,17,126.147445
3.83,17,126.15368
5.81,19,126.159931
3.87,13,126.164706
3.83,17,126.480443
1.88,12,126.484647
3.85,15,126.490003
1.86,14,126.494884
3.86,14,126.500023
1.85,15,126.505171
1.87,13,126.509708
1.85,15,126.514941
5.79,21,126.802322
3.86,14,126.807385
1.9,10,126.811354
3.87,13,126.816023
3.86,14,126.821146
1.88,12,126.825149
3.86,14,126.830123
1.87,13,126.834462
3.84,16,126.840241
3.82,18,127.108693
1.85,15,127.113506
5.77,23,127.121644
1.84,16,127.12699
3.82,18,127.133222
3.84,16,127.138333
1.85,15,127.144014
1.89,11,127.14782
1.86,14,127.499415
5.8,20,127.505851
1.81,19,127.512795
1.86,14,127.517386
1.87,13,127.521748
13.78,22,127.528639
5.85,15,127.533379
3.85,15,127.538089
3.83,17,127.870874
3.83,17,127.878119
1.82,18,127.883988
1.83,17,127.890291
13.77,23,127.898977
1.81,19,127.906264
1.82,18,127.912466
5.81,19,128.248983
1.8,20,128.255881
1.88,12,128.259852
1.84,16,128.264929
5.82,18,128.2706
1.82,18,128.276776
13.8,20,128.283415
3.86,14,128.588309
1.86,14,128.592864
1.8,20,128.599447
3.82,18,128.606222
1.85,15,128.611431
1.87,13,128.61566
3.83,17,128.621881
3.8,20,128.628467
3.83,17,128.955732
3.84,16,128.961633
5.81,19,128.968074
1.84,16,128.974838
1.86,14,128.979602
1.87,13,128.983803
13.78,22,128.9909
3.81,19,129.321318
3.82,18,129.327272
1.85,15,129.33204
1.81,19,129.33798
1.84,16,129.34321
1.86,14,129.348503
3.8,20,129.355394
3.77,23,129.363222
3.87,13,129.725627
1.87,13,129.730679
3.83,17,129.737616
1.84,16,129.742753
13.79,21,129.749968
3.82,18,129.756359
1.88,12,129.760337
3.87,13,129.764483
1.83,17,130.095661
3.79,21,130.103193
1.85,15,130.108364
13.79,21,130.115459
3.86,14,130.120427
1.85,15,130.125631
5.83,17,130.131161
1.86,14,130.136831
5.83,17,130.469948
1.82,18,130.478163
3.83,17,130.483673
5.85,15,130.488895
1.83,17,130.494249
1.8,20,130.50111
1.89,11,130.504744
3.81,19,130.81306
1.8,20,130.819659
5.82,18,130.825876
1.85,15,130.831219
1.82,18,130.839006
3.83,17,130.844547
3.83,17,130.850443
1.86,14,130.854985
5.78,22,131.172022
1.81,19,131.178828
1.8,20,131.185304
1.85,15,131.190066
3.81,19,131.196459
5.84,16,131.201623
3.84,16,131.207485
3.76,24,131.511
1.88,12,131.51527
1.86,14,131.519866
1.88,12,131.523714
5.82,18,131.529442
3.81,19,131.53548
1.86,14,131.539951
3.77,23,131.846801
3.78,22,131.853969
1.88,12,131.857819
1.87,13,131.862239
1.88,12,131.866075
1.86,14,131.871367
1.86,14,131.875881
3.79,21,131.882442
1.8,20,132.215059
5.74,26,132.223396
1.82,18,132.229061
1.86,14,132.233489
1.87,13,132.2376
3.84,16,132.24336
1.9,10,132.246855
13.81,19,132.253349
3.87,13,132.626675
5.82,18,132.632466
5.81,19,132.63951
5.79,21,132.646526
5.79,21,132.653512
1.86,14,132.658005
3.83,17,132.663366
3.84,16,132.978249
1.89,11,132.981935
1.87,13,132.986082
3.83,17,132.991397
5.79,21,132.997904
1.87,13,133.00195
3.81,19,133.008937
1.82,18,133.015343
3.8,20,133.331992
3.84,16,133.337343
3.83,17,133.342862
3.84,16,133.348015
1.88,12,133.351916
3.81,19,133.358019
1.82,18,133.363916
3.85,15,133.368632
5.85,15,133.670136
1.86,14,133.675864
3.81,19,133.682481
1.87,13,133.687134
5.84,16,133.692784
1.81,19,133.698873
1.85,15,133.705876
1.84,16,133.710963
1.85,15,134.001294
1.88,12,134.005221
1.85,15,134.01118
1.84,16,134.016267
3.85,15,134.021604
3.85,15,134.02681
3.83,17,134.033238
5.82,18,134.040269
3.86,14,134.045349
5.85,15,134.340915
5.78,22,134.348447
3.86,14,134.353006
5.8,20,134.35931
3.83,17,134.364667
3.82,18,134.370286
3.84,16,134.375966
1.83,17,134.696439
3.82,18,134.70235
3.82,18,134.708565
1.9,10,134.711842
1.83,17,134.717945
1.85,15,134.722832
1.84,16,134.727956
1.85,15,134.732732
1.84,16,135.021119
1.8,20,135.02745
1.87,13,135.031513
3.84,16,135.036481
5.82,18,135.042818
5.79,21,135.049501
3.85,15,135.054683
-0.19,19,135.376652
5.82,18,135.382575
1.9,10,135.386168
13.83,17,135.391741
3.88,12,135.395615
1.85,15,135.400686
1.89,11,135.405046
3.83,17,135.410654
3.85,15,135.415816
1.86,14,135.703992
5.9,10,135.707442
1.88,12,135.711362
3.88,12,135.715292
5.88,12,135.719444
3.87,13,135.723628
1.89,11,135.727324
1.93,7,135.729585
1.92,8,135.732159
3.88,12,135.735925
3.88,12,135.73971
1.94,6,135.741652
-0.09,9,135.744489
1.9,10,135.973137
1.94,6,135.975165
1.91,9,135.978045
-0.08,8,135.980606
1.9,10,135.98376
1.93,7,135.985994
13.83,17,135.991274
1.88,12,135.995017
1.89,11,135.998458
1.89,11,136.00189
1.89,11,136.005767
1.89,11,136.009396
1.93,7,136.011666
1.89,11,136.296013
3.91,9,136.298963
1.9,10,136.302688
1.89,11,136.307947
1.89,11,136.311528
3.89,11,136.315888
1.9,10,136.319569
1.95,5,136.321246
3.9,10,136.324689
1.94,6,136.326815
3.92,8,136.329418
3.89,11,136.333149
1.88,12,136.338485
1.9,10,136.563658
3.91,9,136.566677
3.89,11,136.570236
1.89,11,136.574301
-0.07,7,136.576631
-0.06,6,136.578602
3.88,12,136.582436
5.89,11,136.585993
3.89,11,136.589487
1.9,10,136.593462
3.87,13,136.597606
1.92,8,136.600216
1.89,11,136.604838
1.94,6,136.829915
-0.08,8,136.832617
1.9,10,136.835834
1.9,10,136.8405
1.88,12,136.845076
1.88,12,136.849709
1.91,9,136.852944
3.86,14,136.857416
3.87,13,136.861813
3.91,9,136.864732
1.88,12,136.868684
1.9,10,136.871974
1.9,10,137.118615
1.88,12,137.122562
3.87,13,137.127333
5.89,11,137.131167
3.91,9,137.134225
3.91,9,137.137192
1.87,13,137.141498
1.91,9,137.144387
3.88,12,137.149003
1.88,12,137.153031
5.87,13,137.157161
5.87,13,137.386407
1.9,10,137.389771
1.9,10,137.392998
1.89,11,137.397279
5.86,14,137.402262
3.9,10,137.405543
1.91,9,137.408889
1.93,7,137.411352
1.89,11,137.414944
1.93,7,137.417248
1.91,9,137.420226
3.86,14,137.424673
1.91,9,137.427606
3.87,13,137.678785
5.87,13,137.682968
1.91,9,137.686333
1.91,9,137.689397
1.93,7,137.691712
3.88,12,137.695531
1.9,10,137.698755
1.93,7,137.700989
1.93,7,137.703232
3.89,11,137.707436
1.89,11,137.71106
1.91,9,137.714484
1.89,11,137.718606
5.89,11,137.952972
3.9,10,137.956267
3.9,10,137.95948
1.93,7,137.961747
13.88,12,137.96559
1.92,8,137.968192
1.94,6,137.97016
1.92,8,137.974261
1.91,9,137.977352
5.88,12,137.981566
5.89,11,137.985803
13.87,13,137.990042
1.91,9,137.993665
3.9,10,138.231011
1.9,10,138.235663
1.92,8,138.238324
1.91,9,138.241205
-0.05,5,138.242889
3.88,12,138.246879
3.87,13,138.251447
3.9,10,138.254683
3.92,8,138.25781
3.91,9,138.260804
3.91,9,138.263681
5.87,13,138.267781
1.89,11,138.271265
1.91,9,138.508845
1.92,8,138.511512
5.88,12,138.515596
1.92,8,138.518199
1.92,8,138.520751
-0.06,6,138.522678
3.92,8,138.525201
1.93,7,138.528006
1.91,9,138.531571
1.91,9,138.53469
3.9,10,138.538383
1.92,8,138.541139
-0.08,8,138.545415
1.95,5,138.547206
1.9,10,138.551118
1.91,9,138.773138
3.89,11,138.778225
5.88,12,138.782465
3.89,11,138.786646
1.91,9,138.789671
1.91,9,138.792692
3.9,10,138.795983
-0.06,6,138.797991
3.89,11,138.801576
5.87,13,138.806049
1.91,9,138.809011
5.87,13,138.813164
3.9,10,138.816729
5.86,14,139.056434
5.89,11,139.060063
3.9,10,139.063303
3.88,12,139.067089
3.9,10,139.070617
3.91,9,139.073762
5.87,13,139.077934
5.9,10,139.08155
1.93,7,139.084287
3.92,8,139.087272
3.9,10,139.091099
1.94,6,139.093379
3.88,12,139.32922
3.92,8,139.332003
3.9,10,139.335185
3.9,10,139.33878
1.92,8,139.341893
1.89,11,139.345831
5.88,12,139.350499
3.9,10,139.353969
5.88,12,139.357921
5.88,12,139.362042
13.84,16,139.367452
1.9,10,139.370895
3.9,10,139.639565
1.93,7,139.642504
3.88,12,139.646394
1.91,9,139.649654
1.94,6,139.651687
5.9,10,139.654923
13.86,14,139.659365
5.88,12,139.663322
1.91,9,139.666213
1.93,7,139.668434
5.86,14,139.672952
1.9,10,139.678161
1.92,8,139.680927
1.89,11,139.930918
1.91,9,139.933979
1.92,8,139.936632
3.92,8,139.93945
13.86,14,139.943937
3.9,10,139.947704
5.86,14,139.952238
1.92,8,139.954819
1.93,7,139.957559
1.93,7,139.960047
3.91,9,139.962966
1.93,7,139.965229
1.95,5,139.966867
3.88,12,139.970811
3.92,8,140.222012
1.91,9,140.225223
1.91,9,140.228287
1.93,7,140.230907
3.9,10,140.234386
1.91,9,140.237302
3.9,10,140.240544
1.93,7,140.242814
1.94,6,140.244774
1.94,6,140.246755
3.92,8,140.250041
1.9,10,140.253307
1.89,11,140.256842
3.9,10,140.260704
1.92,8,140.263337
1.9,10,140.472232
5.87,13,140.477769
13.86,14,140.482777
1.91,9,140.486018
13.86,14,140.490485
1.92,8,140.493331
3.89,11,140.497057
1.94,6,140.499127
1.94,6,140.501423
1.93,7,140.504003
1.94,6,140.505979
5.87,13,140.511522
5.9,10,140.515514
5.88,12,140.766834
3.9,10,140.770282
13.87,13,140.775647
5.86,14,140.780492
3.9,10,140.783738
1.93,7,140.786573
1.92,8,140.789252
1.93,7,140.791592
1.93,7,140.794285
13.86,14,140.79901
1.93,7,140.801425
3.9,10,140.804704
1.91,9,140.807577
3.91,9,141.057856
5.9,10,141.061407
1.94,6,141.063405
5.9,10,141.066669
1.93,7,141.069184
3.92,8,141.071838
1.93,7,141.074611
1.91,9,141.077694
1.92,8,141.081028
13.85,15,141.086292
5.89,11,141.090084
5.9,10,141.09358
3.91,9,141.096529
5.91,9,141.099416
1.91,9,141.35931
1.93,7,141.362093
1.9,10,141.365715
1.93,7,141.368054
3.88,12,141.372223
1.93,7,141.375
1.9,10,141.378437
3.91,9,141.381769
3.9,10,141.385365
3.89,11,141.389027
3.89,11,141.392653
1.93,7,141.395022
13.85,15,141.39985
5.9,10,141.403198
5.9,10,141.656228
5.89,11,141.659793
1.91,9,141.662663
1.93,7,141.664895
1.91,9,141.667756
1.93,7,141.670338
5.89,11,141.674046
1.91,9,141.676942
5.9,10,141.680155
3.91,9,141.683199
13.87,13,141.687329
5.89,11,141.691449
1.93,7,141.693986
3.91,9,141.923507
3.89,11,141.927269
-0.06,6,141.929321
13.86,14,141.933898
5.89,11,141.937797
3.91,9,141.940908
3.92,8,141.94351
1.94,6,141.945467
1.93,7,141.948578
1.92,8,141.951316
1.94,6,141.953304
3.89,11,141.956838
1.94,6,141.958819
-0.05,5,141.960452
-0.05,5,141.962087
1.94,6,141.964044
1.93,7,142.21674
13.86,14,142.221379
1.92,8,142.22396
5.89,11,142.227978
1.94,6,142.230044
3.92,8,142.232658
3.9,10,142.235879
13.88,12,142.240065
5.88,12,142.24405
1.93,7,142.247243
3.91,9,142.250287
1.93,7,142.252574
3.91,9,142.255438
3.92,8,142.258348
5.9,10,142.498058
5.86,14,142.502636
1.92,8,142.505409
1.93,7,142.50783
3.87,13,142.513955
3.9,10,142.51775
3.88,12,142.521957
5.87,13,142.526243
5.88,12,142.530154
5.91,9,142.53313
3.91,9,142.536086
13.87,13,142.540361
1.93,7,142.791982
1.91,9,142.795235
1.94,6,142.797291
1.92,8,142.800637
3.9,10,142.804412
5.88,12,142.813302
1.92,8,142.816209
1.93,7,142.81876
1.92,8,142.821372
1.91,9,142.82524
1.93,7,142.827652
3.92,8,142.830253
3.89,11,142.8348
1.92,8,142.837782
3.9,10,142.841837
1.91,9,143.111601
3.89,11,143.115976
1.92,8,143.119981
1.88,12,143.125291
1.93,7,143.129986
1.89,11,143.13564
1.93,7,143.138401
1.9,10,143.1438
3.9,10,143.150473
1.92,8,143.15551
5.87,13,143.161278
3.9,10,143.166943
1.92,8,143.170291
3.91,9,143.442962
1.91,9,143.446113
3.9,10,143.449455
5.87,13,143.454967
1.91,9,143.45859
13.85,15,143.464169
1.92,8,143.467497
1.91,9,143.47066
5.9,10,143.474572
1.92,8,143.477184
5.9,10,143.480633
1.93,7,143.483539
1.92,8,143.486359
1.92,8,143.489094
3.89,11,143.778575
1.89,11,143.783817
3.9,10,143.787482
-0.06,6,143.790678
5.9,10,143.794802
1.93,7,143.797225
3.91,9,143.800634
1.93,7,143.803692
3.92,8,143.80652
1.9,10,143.815946
1.91,9,143.821528
1.94,6,143.823778
1.93,7,143.826299
1.94,6,143.828768
3.91,9,143.833138
5.87,13,144.050574
1.9,10,144.05391
3.92,8,144.056516
1.93,7,144.058812
1.91,9,144.068023
1.93,7,144.070543
5.85,15,144.076165
3.92,8,144.078985
13.85,15,144.083809
3.92,8,144.086423
3.9,10,144.089616
1.94,6,144.091601
13.85,15,144.096943
5.89,11,144.371584
1.92,8,144.374708
13.89,11,144.379167
1.93,7,144.381842
5.89,11,144.385571
3.91,9,144.388934
5.88,12,144.393156
3.88,12,144.396982
1.9,10,144.400921
5.9,10,144.404335
1.92,8,144.407401
5.88,12,144.411614
5.88,12,144.635197
1.91,9,144.63821
1.92,8,144.640785
1.91,9,144.644275
3.91,9,144.64748
1.91,9,144.651118
1.93,7,144.653623
3.91,9,144.656863
1.92,8,144.659482
3.89,11,144.66298
13.85,15,144.667867
5.89,11,144.671358
3.9,10,144.67537
3.9,10,144.679045
1.91,9,144.935011
1.93,7,144.937355
3.9,10,144.940536
3.89,11,144.944059
3.9,10,144.947215
5.88,12,144.951005
1.93,7,144.953972
13.84,16,144.959469
1.91,9,144.962985
13.86,14,144.967719
5.87,13,144.972408
1.92,8,144.975574
5.88,12,145.24829
5.89,11,145.25219
1.94,6,145.254492
3.88,12,145.259013
3.91,9,145.26197
1.91,9,145.264918
3.9,10,145.268521
13.88,12,145.272482
3.89,11,145.276882
1.91,9,145.280063
5.86,14,145.285303
5.91,9,145.288342
1.91,9,145.534275
1.94,6,145.536786
5.88,12,145.540746
1.92,8,145.543512
1.91,9,145.546375
1.91,9,145.549246
1.92,8,145.551797
3.91,9,145.555202
3.92,8,145.557928
1.92,8,145.560475
1.93,7,145.563096
5.86,14,145.572165
3.87,13,145.580547
3.9,10,145.584119
3.91,9,145.828452
1.91,9,145.831433
-0.07,7,145.833692
3.88,12,145.838101
1.91,9,145.841323
3.89,11,145.844863
1.91,9,145.848252
3.9,10,145.851451
5.9,10,145.854644
1.93,7,145.857567
1.94,6,145.859557
-0.06,6,145.861496
1.92,8,145.86405
3.89,11,145.868323
1.91,9,146.089709
3.89,11,146.093437
1.92,8,146.096004
3.9,10,146.099864
1.92,8,146.102767
13.87,13,146.107427
1.93,7,146.110198
3.89,11,146.113994
3.92,8,146.116998
1.92,8,146.119763
1.95,5,146.121479
1.92,8,146.124332
5.89,11,146.127863
1.94,6,146.129818
3.9,10,146.133544
3.9,10,146.37188
1.94,6,146.373931
1.94,6,146.375894
1.94,6,146.377847
1.92,8,146.380988
1.95,5,146.38302
1.94,6,146.38517
3.91,9,146.388323
3.92,8,146.391049
1.94,6,146.39318
1.91,9,146.396465
1.91,9,146.399406
3.92,8,146.402392
-0.05,5,146.404139
1.92,8,146.406752
1.93,7,146.409421
13.86,14,146.414153
1.94,6,146.659977
3.9,10,146.66344
13.87,13,146.667907
13.88,12,146.671879
3.92,8,146.674781
5.88,12,146.678764
1.91,9,146.681689
1.91,9,146.684743
1.92,8,146.687436
1.91,9,146.690403
-0.05,5,146.692434
3.91,9,146.69546
3.89,11,146.698984
5.89,11,146.949707
1.92,8,146.952457
3.89,11,146.956105
1.92,8,146.959166
3.91,9,146.962505
5.9,10,146.965904
1.9,10,146.969261
1.91,9,146.97228
3.89,11,146.975976
3.9,10,146.979283
1.92,8,146.982096
1.92,8,146.984787
1.94,6,146.986763
1.93,7,146.989028
1.9,10,146.992622
3.91,9,147.202998
5.88,12,147.207133
3.92,8,147.209925
5.87,13,147.214368
3.91,9,147.217295
5.85,15,147.222087
1.92,8,147.224704
3.91,9,147.227628
1.92,8,147.230272
5.9,10,147.233507
1.94,6,147.235511
3.89,11,147.239101
13.83,17,147.490621
1.89,11,147.494534
3.9,10,147.498072
1.93,7,147.500578
5.85,15,147.505326
1.93,7,147.508095
1.9,10,147.511531
5.85,15,147.516431
1.89,11,147.520057
1.94,6,147.522015
1.93,7,147.524246
5.89,11,147.528211
1.92,8,147.531001
1.93,7,147.783877
1.9,10,147.787221
1.94,6,147.789191
3.9,10,147.793005
13.87,13,147.797381
3.91,9,147.800301
1.92,8,147.802885
1.9,10,147.806081
5.89,11,147.809725
1.94,6,147.811704
5.89,11,147.815194
3.89,11,147.818665
3.9,10,147.821839
1.92,8,147.824397
5.88,12,148.054529
3.92,8,148.057217
1.91,9,148.060118
1.93,7,148.062393
1.88,12,148.066188
5.9,10,148.069377
1.93,7,148.071624
3.9,10,148.074794
3.9,10,148.077959
1.93,7,148.080749
3.9,10,148.085282
3.89,11,148.089346
1.93,7,148.092063
5.89,11,148.301285
-0.06,6,148.303406
1.94,6,148.305506
3.9,10,148.309369
1.93,7,148.311801
3.89,11,148.315446
1.94,6,148.317554
13.86,14,148.322076
13.84,16,148.327122
1.9,10,148.332982
1.93,7,148.335372
1.93,7,148.33764
1.92,8,148.340212
1.94,6,148.342458
1.91,9,148.345476
3.88,12,148.619076
1.92,8,148.621723
3.9,10,148.624889
1.93,7,148.62764
1.9,10,148.630964
1.91,9,148.633863
1.91,9,148.636786
5.88,12,148.640598
5.85,15,148.645336
3.87,13,148.650114
3.9,10,148.653444
1.93,7,148.655712
1.91,9,148.658615
1.91,9,148.903489
5.86,14,148.90804
1.89,11,148.915746
5.83,17,148.925945
-0.09,9,148.934897
1.9,10,148.93887
1.89,11,148.949676
1.89,11,148.967084
1.9,10,148.970819
1.91,9,148.975747
1.91,9,148.980617
1.91,9,149.355336
1.91,9,149.358803
3.87,13,149.363006
5.87,13,149.367812
1.91,9,149.370861
3.89,11,149.374933
5.86,14,149.379999
1.9,10,149.383508
13.84,16,149.389126
3.89,11,149.393149
5.85,15,149.398358
3.89,11,149.673242
3.89,11,149.676891
1.88,12,149.681134
1.91,9,149.684072
5.86,14,149.694106
5.84,16,149.701572
3.85,15,149.706868
3.89,11,149.710966
3.88,12,149.715112
3.87,13,149.719797
5.87,13,150.012947
1.89,11,150.017201
1.9,10,150.020582
5.86,14,150.025638
3.9,10,150.028928
3.87,13,150.033048
1.89,11,150.037044
13.87,13,150.041158
5.89,11,150.04471
5.84,16,150.049801
1.88,12,150.053906
1.89,11,150.330244
5.89,11,150.336452
1.9,10,150.34035
3.9,10,150.344133
1.91,9,150.347151
1.92,8,150.34999
3.9,10,150.353266
13.86,14,150.358023
13.87,13,150.36241
3.91,9,150.365446
3.86,14,150.370301
5.87,13,150.37446
1.93,7,150.610273
1.94,6,150.612401
-0.08,8,150.615071
5.89,11,150.618687
1.92,8,150.621334
3.91,9,150.624295
3.9,10,150.627569
1.92,8,150.630203
1.9,10,150.633472
3.9,10,150.636777
5.86,14,150.641301
1.92,8,150.643932
1.89,11,150.647864
5.87,13,150.884605
1.91,9,150.887641
3.86,14,150.892255
1.92,8,150.895217
1.93,7,150.897537
1.93,7,150.899811
1.92,8,150.902396
5.88,12,150.906465
1.93,7,150.908816
3.9,10,150.912029
1.91,9,150.91503
1.94,6,150.91754
3.87,13,150.921774
3.9,10,150.924971
1.92,8,151.15904
1.91,9,151.162027
1.92,8,151.164586
1.9,10,151.168129
3.88,12,151.17303
3.89,11,151.176887
1.92,8,151.179482
3.9,10,151.182691
1.94,6,151.18463
1.91,9,151.18797
1.93,7,151.19064
5.88,12,151.194688
1.91,9,151.197611
3.87,13,151.416739
1.92,8,151.419581
1.88,12,151.423433
3.87,13,151.427567
1.9,10,151.430738
5.87,13,151.434818
3.9,10,151.437987
1.93,7,151.440237
1.92,8,151.442792
3.89,11,151.446271
1.92,8,151.448829
1.9,10,151.451991
1.89,11,151.455458
3.88,12,151.700742
13.84,16,151.705914
5.87,13,151.71068
3.89,11,151.714422
3.9,10,151.717966
1.91,9,151.720931
3.91,9,151.723891
1.89,11,151.72746
1.93,7,151.729742
1.91,9,151.732639
3.89,11,151.736356
3.89,11,151.740129
1.89,11,151.992117
1.91,9,151.995128
1.88,12,151.999159
3.89,11,152.002657
1.92,8,152.005223
5.88,12,152.008999
5.85,15,152.013675
1.92,8,152.016212
1.92,8,152.018748
1.89,11,152.022196
1.91,9,152.025048
1.91,9,152.027998
1.92,8,152.030626
3.89,11,152.270764
3.88,12,152.274651
3.89,11,152.278313
1.91,9,152.281301
3.91,9,152.284221
13.85,15,152.288983
5.87,13,152.293124
1.92,8,152.295815
1.91,9,152.298713
5.89,11,152.302211
1.91,9,152.305098
1.91,9,152.308107
3.9,10,152.664434
13.84,16,152.670922
1.92,8,152.674155
1.93,7,152.676662
5.88,12,152.680777
3.89,11,152.685072
3.88,12,152.689355
3.87,13,152.694035
3.9,10,152.697589
5.87,13,152.747131
5.84,16,152.848186
1.88,12,153.421761
1.9,10,153.42504
1.93,7,153.427294
1.91,9,153.435512
3.89,11,153.439386
1.93,7,153.442195
1.94,6,153.444825
5.86,14,153.449631
1.89,11,153.45405
3.9,10,153.457674
3.88,12,153.461541
1.89,11,153.465839
3.88,12,153.469661
3.9,10,153.71582
1.92,8,153.718493
5.88,12,153.722421
3.89,11,153.725972
1.92,8,153.728561
3.88,12,153.732942
1.93,7,153.73545
5.87,13,153.73982
3.89,11,153.743891
3.9,10,153.747092
1.9,10,153.750279
1.92,8,153.753265
1.93,7,153.755767
1.93,7,153.993815
1.92,8,153.996472
1.89,11,153.999976
3.9,10,154.00383
1.93,7,154.00641
5.89,11,154.010306
1.91,9,154.013735
1.94,6,154.015739
5.89,11,154.01924
3.9,10,154.023109
1.9,10,154.026818
1.92,8,154.029394
3.92,8,154.031959
3.89,11,154.03598
1.9,10,154.243846
3.88,12,154.247758
5.85,15,154.253165
1.94,6,154.255381
1.92,8,154.257992
1.9,10,154.261547
1.9,10,154.265304
5.86,14,154.270401
1.93,7,154.273238
3.87,13,154.277797
3.91,9,154.280974
3.92,8,154.284066
3.86,14,154.540059
3.91,9,154.543165
1.92,8,154.545847
5.88,12,154.550546
1.93,7,154.552853
1.9,10,154.55607
3.91,9,154.559573
1.9,10,154.562766
1.93,7,154.565031
5.9,10,154.568749
3.89,11,154.572591
1.91,9,154.575631
1.91,9,154.579083
5.86,14,154.801759
1.92,8,154.804448
13.87,13,154.808553
3.88,12,154.813071
5.87,13,154.817626
1.9,10,154.821385
1.92,8,154.823991
5.88,12,154.827775
3.9,10,154.831381
3.88,12,154.835724
3.88,12,154.84008
1.92,8,154.842784
1.91,9,155.0759
1.89,11,155.079672
1.92,8,155.082719
3.88,12,155.08736
5.85,15,155.092139
13.84,16,155.097798
3.91,9,155.100896
1.93,7,155.103165
1.89,11,155.107196
1.94,6,155.109156
3.92,8,155.111731
1.92,8,155.11442
1.94,6,155.117093
3.88,12,155.397622
13.87,13,155.402867
1.94,6,155.404909
1.93,7,155.407195
1.9,10,155.411409
3.9,10,155.41467
1.92,8,155.417218
1.92,8,155.420436
1.91,9,155.423757
3.9,10,155.427402
3.9,10,155.431115
1.94,6,155.433342
1.94,6,155.435307
3.91,9,155.441313
3.9,10,155.444707
1.93,7,155.677034
3.92,8,155.679841
5.87,13,155.684517
5.88,12,155.690829
3.88,12,155.696082
1.94,6,155.698536
1.92,8,155.701212
1.89,11,155.704724
3.9,10,155.708348
5.86,14,155.71316
1.91,9,155.716425
5.9,10,155.719718
1.92,8,155.722477
1.93,7,155.965701
1.93,7,155.968162
3.9,10,155.971398
3.91,9,155.975144
1.94,6,155.977316
1.93,7,155.979737
3.88,12,155.984336
1.91,9,155.98761
1.92,8,155.990352
5.87,13,155.994948
3.91,9,155.998039
-0.07,7,156.000306
1.91,9,156.00339
3.91,9,156.006717
1.9,10,156.235787
3.9,10,156.23933
1.92,8,156.242227
1.94,6,156.244304
1.92,8,156.246973
5.9,10,156.250442
1.92,8,156.253069
1.93,7,156.255326
3.9,10,156.258521
3.92,8,156.261072
1.94,6,156.263016
1.92,8,156.265656
5.89,11,156.269263
5.88,12,156.273174
3.88,12,156.277099
5.89,11,156.503962
3.9,10,156.507297
5.89,11,156.510847
3.88,12,156.514659
1.92,8,156.517224
3.9,10,156.520406
1.91,9,156.523271
1.94,6,156.525226
1.9,10,156.528391
1.92,8,156.530978
3.87,13,156.5351
1.88,12,156.539468
13.86,14,156.777054
1.94,6,156.779232
1.92,8,156.781866
3.88,12,156.785696
13.86,14,156.790515
1.94,6,156.792969
3.86,14,156.797513
1.94,6,156.799817
3.9,10,156.803185
1.94,6,156.805263
1.92,8,156.807877
3.91,9,156.811137
1.92,8,156.814074
3.91,9,156.817602
3.9,10,157.093476
1.93,7,157.096861
1.91,9,157.099974
1.9,10,157.103254
3.91,9,157.107123
3.92,8,157.109748
1.89,11,157.113373
1.92,8,157.125601
5.89,11,157.129888
-0.07,7,157.133586
3.9,10,157.13736
1.9,10,157.141573
3.91,9,157.145233
1.93,7,157.147726
1.91,9,157.154669
1.94,6,157.405511
3.9,10,157.408896
1.93,7,157.411283
3.89,11,157.416087
1.92,8,157.420665
1.92,8,157.423692
1.9,10,157.4273
3.92,8,157.429943
3.89,11,157.433495
5.87,13,157.438436
1.92,8,157.441301
1.9,10,157.445113
3.9,10,157.450606
1.93,7,157.453031
3.89,11,157.728428
1.92,8,157.731126
1.93,7,157.73399
1.93,7,157.73685
3.9,10,157.741001
1.91,9,157.744018
3.9,10,157.747718
3.88,12,157.754143
3.9,10,157.758239
1.92,8,157.761758
-0.06,6,157.763936
3.91,9,157.768197
1.92,8,157.770966
1.91,9,157.77438
1.93,7,157.776851
1.93,7,158.054714
1.93,7,158.057095
3.89,11,158.06124
3.91,9,158.065417
5.86,14,158.071124
1.92,8,158.07448
13.85,15,158.082508
1.91,9,158.086258
3.89,11,158.089823
1.91,9,158.092733
3.89,11,158.097637
-0.08,8,158.101042
3.92,8,158.103723
1.91,9,158.38729
5.9,10,158.390655
3.92,8,158.393294
-0.07,7,158.395554
5.87,13,158.399692
5.88,12,158.403949
1.91,9,158.407708
1.93,7,158.410098
3.88,12,158.416647
5.87,13,158.42169
3.9,10,158.42496
1.91,9,158.428397
1.91,9,158.431349
3.91,9,158.701358
5.88,12,158.705368
5.88,12,158.709926
13.84,16,158.716413
1.91,9,158.720164
1.92,8,158.723133
1.92,8,158.726052
3.9,10,158.729759
1.92,8,158.733085
3.92,8,158.735813
1.91,9,158.739195
1.91,9,158.742412
1.9,10,158.745636
13.84,16,159.03436
3.9,10,159.037673
1.91,9,159.041203
1.94,6,159.043197
3.9,10,159.046572
13.86,14,159.052771
-0.06,6,159.054853
1.91,9,159.057879
1.92,8,159.061052
-0.07,7,159.063541
13.87,13,159.068054
1.92,8,159.071434
5.87,13,159.07605
3.89,11,159.34678
1.93,7,159.351932
3.89,11,159.3557
1.91,9,159.359062
3.91,9,159.362404
3.92,8,159.365319
-0.07,7,159.367674
1.93,7,159.370657
1.92,8,159.373521
1.89,11,159.377063
3.9,10,159.381068
1.93,7,159.386957
1.91,9,159.389939
3.9,10,159.393746
5.89,11,159.613503
3.91,9,159.623421
1.91,9,159.626681
3.91,9,159.629832
3.87,13,159.634123
13.86,14,159.639394
1.91,9,159.642467
1.93,7,159.644822
1.9,10,159.651645
1.9,10,159.655233
1.93,7,159.658003
3.9,10,159.662036
3.89,11,159.665847
1.9,10,159.943283
3.88,12,159.947333
13.85,15,159.953429
1.91,9,159.957529
13.86,14,159.962991
1.9,10,159.966483
3.87,13,159.971199
13.87,13,159.976773
1.9,10,159.982654
1.93,7,159.98613
1.93,7,159.988772
1.94,6,159.990805
1.94,6,160.266301
1.92,8,160.269153
1.93,7,160.271474
3.89,11,160.275709
1.93,7,160.278831
1.93,7,160.283378
3.9,10,160.287461
1.91,9,160.29128
3.89,11,160.295519
1.9,10,160.300001
13.88,12,160.303993
1.94,6,160.306077
1.89,11,160.310077
1.92,8,160.312828
13.86,14,160.554591
3.91,9,160.558108
1.91,9,160.561044
1.94,6,160.563619
1.93,7,160.566492
3.9,10,160.569859
5.87,13,160.574722
3.9,10,160.577954
3.87,13,160.584276
1.94,6,160.586363
5.89,11,160.589887
13.86,14,160.594903
1.92,8,160.597819
1.9,10,160.86437
1.92,8,160.867479
3.87,13,160.871682
1.88,12,160.875822
5.9,10,160.879034
3.87,13,160.883771
1.92,8,160.886746
3.9,10,160.890004
3.87,13,160.894396
1.9,10,160.897591
1.91,9,160.900464
3.92,8,160.903513
5.86,14,161.142854
5.87,13,161.148058
13.87,13,161.153029
3.89,11,161.156848
1.91,9,161.159859
1.91,9,161.162766
5.88,12,161.166971
3.9,10,161.170458
1.91,9,161.173628
5.89,11,161.177308
13.85,15,161.183379
1.92,8,161.186043
3.88,12,161.446504
1.89,11,161.451883
1.91,9,161.455349
1.91,9,161.458837
1.92,8,161.462005
1.9,10,161.465908
1.92,8,161.468561
1.9,10,161.47175
3.88,12,161.475961
1.92,8,161.478918
3.9,10,161.48372
3.9,10,161.487511
1.94,6,161.4896
3.9,10,161.492784
5.88,12,161.718981
1.91,9,161.722534
3.88,12,161.726954
5.89,11,161.730548
1.91,9,161.733495
1.9,10,161.737087
1.9,10,161.740426
1.93,7,161.742715
3.92,8,161.745326
1.91,9,161.748264
3.9,10,161.751555
3.88,12,161.75569
1.88,12,161.972009
1.91,9,161.975044
1.92,8,161.977614
1.94,6,161.979575
1.91,9,161.982973
1.9,10,161.986585
3.88,12,161.9907
3.89,11,161.994512
3.89,11,161.998673
1.91,9,162.001602
5.89,11,162.005142
5.87,13,162.00928
1.92,8,162.011839
3.89,11,162.238252
1.94,6,162.240388
3.88,12,162.244229
1.91,9,162.247116
5.9,10,162.250341
5.87,13,162.255216
3.9,10,162.258486
3.89,11,162.262638
1.92,8,162.26561
3.9,10,162.268876
1.92,8,162.271742
1.94,6,162.273862
3.91,9,162.276798
1.9,10,162.280015
1.92,8,162.514732
3.9,10,162.518043
13.85,15,162.523274
5.87,13,162.52769
3.88,12,162.531549
5.89,11,162.535072
1.89,11,162.538573
3.87,13,162.543153
1.92,8,162.546088
1.93,7,162.548507
1.93,7,162.550846
1.92,8,162.553743
1.91,9,162.556674
5.86,14,162.829185
-0.06,6,162.832046
3.9,10,162.835338
3.9,10,162.838559
3.92,8,162.841173
5.9,10,162.844405
-0.06,6,162.846366
1.95,5,162.848007
1.93,7,162.850303
1.93,7,162.852787
1.91,9,162.855779
1.93,7,162.858064
3.89,11,162.861889
-0.06,6,162.864216
3.88,12,162.868196
-0.08,8,163.108231
3.9,10,163.111534
1.92,8,163.114113
1.89,11,163.117615
3.89,11,163.121647
1.94,6,163.123711
1.92,8,163.126288
13.85,15,163.131633
1.94,6,163.133673
5.9,10,163.136878
1.93,7,163.139164
3.88,12,163.142982
1.92,8,163.14555
3.9,10,163.389408
1.93,7,163.391847
1.9,10,163.39505
1.94,6,163.397021
3.89,11,163.401152
1.91,9,163.40416
1.91,9,163.407048
1.9,10,163.410228
3.92,8,163.412781
-0.06,6,163.414732
1.94,6,163.416683
3.9,10,163.420192
5.88,12,163.424645
13.88,12,163.429204
5.86,14,163.651247
1.91,9,163.654225
1.89,11,163.657813
1.9,10,163.661844
3.91,9,163.664836
1.92,8,163.667465
3.87,13,163.672006
3.88,12,163.675977
3.9,10,163.679195
1.94,6,163.681152
3.89,11,163.684682
3.93,7,163.687349
3.9,10,163.690588
1.94,6,163.69255
1.92,8,163.922779
1.91,9,163.926038
5.89,11,163.929898
1.9,10,163.93353
3.93,7,163.935922
1.92,8,163.938586
1.92,8,163.941254
3.9,10,163.944522
5.88,12,163.948447
3.87,13,163.952835
1.94,6,163.954845
13.87,13,163.95897
1.92,8,163.961853
3.89,11,164.193468
3.9,10,164.197349
3.93,7,164.199733
1.94,6,164.202034
1.94,6,164.204172
5.88,12,164.208292
3.9,10,164.211918
3.92,8,164.214984
1.93,7,164.2173
3.87,13,164.221832
5.85,15,164.227009
1.92,8,164.229811
3.89,11,164.233548
3.91,9,164.236571
1.89,11,164.498676
1.88,12,164.502737
3.9,10,164.506033
3.89,11,164.509729
5.89,11,164.513258
5.9,10,164.516471
3.93,7,164.51917
1.92,8,164.521886
1.9,10,164.525119
3.86,14,164.530108
3.88,12,164.53406
1.92,8,164.536664
1.9,10,164.77852
1.94,6,164.780633
1.92,8,164.783227
3.92,8,164.786267
3.93,7,164.788838
13.86,14,164.7935
1.94,6,164.795716
3.89,11,164.799613
5.88,12,164.803485
1.92,8,164.806093
3.89,11,164.809591
3.91,9,164.812475
1.9,10,164.815647
13.87,13,164.820294
1.9,10,165.057917
3.89,11,165.061877
5.85,15,165.066807
1.89,11,165.070331
1.9,10,165.073523
1.94,6,165.075488
5.84,16,165.080506
3.88,12,165.084314
3.92,8,165.087551
1.94,6,165.089668
3.93,7,165.091981
5.9,10,165.095388
3.93,7,165.09767
3.89,11,165.361235
1.92,8,165.364167
1.9,10,165.367715
3.91,9,165.370736
1.93,7,165.373041
5.91,9,165.375945
1.87,13,165.38008
1.92,8,165.382664
1.94,6,165.384655
1.93,7,165.38746
1.91,9,165.390616
3.88,12,165.394472
1.94,6,165.397075
3.93,7,165.399646
13.87,13,165.632072
1.94,6,165.634158
3.92,8,165.636791
3.91,9,165.639699
3.89,11,165.643222
1.94,6,165.645176
3.88,12,165.648982
3.89,11,165.652492
3.88,12,165.656735
1.88,12,165.660622
3.93,7,165.662875
1.88,12,165.66663
3.9,10,165.669793
1.92,8,165.881884
3.93,7,165.884273
1.9,10,165.887964
1.95,5,165.889696
1.93,7,165.892332
1.93,7,165.894675
1.88,12,165.898521
1.93,7,165.900786
3.93,7,165.903061
5.89,11,165.906557
13.87,13,165.910684
1.94,6,165.912644
1.93,7,165.9149
1.92,8,165.917441
5.83,17,165.92308
1.92,8,166.208534
3.9,10,166.211828
1.94,6,166.213787
3.92,8,166.216355
1.91,9,166.219221
3.9,10,166.223303
1.92,8,166.225983
3.89,11,166.229483
1.92,8,166.232554
3.88,12,166.23654
5.84,16,166.241564
3.91,9,166.244446
3.9,10,166.247605
3.92,8,166.519339
3.92,8,166.522056
1.88,12,166.525868
1.91,9,166.52922
3.88,12,166.533247
3.89,11,166.536826
3.88,12,166.540988
1.93,7,166.543414
5.89,11,166.54727
1.92,8,166.550276
5.86,14,166.555129
5.89,11,166.559163
13.87,13,166.809111
1.92,8,166.811859
1.94,6,166.813856
3.89,11,166.819916
5.89,11,166.823815
1.9,10,166.827054
3.89,11,166.831348
1.93,7,166.833944
1.92,8,166.836991
5.88,12,166.841231
1.91,9,166.84415
3.88,12,166.848181
1.9,10,166.852136
1.95,5,166.853923
1.93,7,167.072867
1.88,12,167.076815
3.88,12,167.080675
5.91,9,167.084099
1.92,8,167.087124
1.92,8,167.089832
5.88,12,167.094046
3.91,9,167.097239
1.89,11,167.100779
13.85,15,167.106072
1.93,7,167.108466
1.91,9,167.111372
1.95,5,167.113006
5.9,10,167.379059
1.9,10,167.382445
1.95,5,167.38442
1.91,9,167.387699
3.92,8,167.390623
1.9,10,167.393914
1.92,8,167.396523
13.84,16,167.40204
1.89,11,167.405671
3.91,9,167.409036
1.89,11,167.412594
3.9,10,167.416363
3.87,13,167.420972
1.92,8,167.688977
3.89,11,167.692943
5.88,12,167.696951
5.88,12,167.700836
1.9,10,167.704105
1.91,9,167.707492
5.86,14,167.712059
3.87,13,167.717731
1.91,9,167.720837
5.89,11,167.724716
1.95,5,167.72676
1.93,7,167.729255
3.91,9,167.732264
3.92,8,167.984188
3.9,10,167.987516
5.86,14,167.992438
1.91,9,167.995738
1.91,9,167.99891
3.9,10,168.00216
1.91,9,168.005036
1.9,10,168.008186
1.94,6,168.010121
3.92,8,168.012668
1.9,10,168.015791
3.9,10,168.020693
1.91,9,168.023881
1.92,8,168.026492
3.91,9,168.27289
5.88,12,168.276772
3.91,9,168.279761
1.9,10,168.283431
3.91,9,168.286804
1.9,10,168.297438
1.92,8,168.300447
1.9,10,168.30416
1.93,7,168.307039
3.87,13,168.31124
1.88,12,168.315633
3.89,11,168.319559
1.94,6,168.32155
1.9,10,168.56463
3.9,10,168.568657
3.87,13,168.572787
1.94,6,168.574749
1.91,9,168.578256
1.89,11,168.581876
5.89,11,168.585461
5.86,14,168.58993
3.85,15,168.594661
1.92,8,168.597244
1.93,7,168.599509
1.9,10,168.602701
1.9,10,168.865183
3.9,10,168.868516
3.88,12,168.872334
1.94,6,168.874765
3.92,8,168.877527
3.9,10,168.880765
1.89,11,168.884276
5.86,14,168.888829
3.92,8,168.891868
1.91,9,168.894851
1.93,7,168.897125
5.86,14,168.90224
1.92,8,168.905029
3.87,13,169.150321
3.87,13,169.154806
3.87,13,169.159091
1.89,11,169.162985
3.86,14,169.168179
1.92,8,169.170848
1.94,6,169.173255
1.91,9,169.176166
1.9,10,169.179342
3.87,13,169.185574
5.89,11,169.189284
1.89,11,169.193154
3.9,10,169.443406
3.88,12,169.447716
5.89,11,169.451989
3.89,11,169.455688
5.86,14,169.460658
1.89,11,169.464406
1.9,10,169.467845
1.88,12,169.471706
1.94,6,169.473804
3.84,16,169.479351
3.91,9,169.484057
1.88,12,169.760682
3.88,12,169.764706
3.87,13,169.768819
3.89,11,169.773235
1.9,10,169.776543
1.94,6,169.778555
1.9,10,169.782714
13.84,16,169.787873
1.91,9,169.79128
1.92,8,169.794028
1.89,11,169.797862
5.86,14,169.802575
1.87,13,170.095401
1.9,10,170.098876
1.88,12,170.103905
1.9,10,170.107565
1.91,9,170.110542
1.92,8,170.113483
1.87,13,170.118243
3.87,13,170.122584
1.94,6,170.125159
1.92,8,170.127838
3.87,13,170.132178
1.88,12,170.136153
5.86,14,170.371083
3.9,10,170.374815
1.94,6,170.376912
1.91,9,170.380341
3.89,11,170.385542
5.85,15,170.390912
3.88,12,170.395042
3.87,13,170.399419
5.89,11,170.4033
1.91,9,170.406479
13.86,14,170.411209
1.93,7,170.413524
1.89,11,170.675768
3.91,9,170.678765
3.88,12,170.685259
5.86,14,170.689978
5.83,17,170.6959
5.87,13,170.700561
3.87,13,170.705637
3.89,11,170.709565
1.91,9,170.712464
13.83,17,170.718164
1.92,8,170.999064
1.89,11,171.00286
13.84,16,171.007986
1.91,9,171.010929
3.89,11,171.014423
5.87,13,171.018535
1.92,8,171.02166
1.91,9,171.024721
3.88,12,171.02859
1.92,8,171.031793
1.89,11,171.035864
1.93,7,171.038202
1.88,12,171.04249
3.88,12,171.313629
1.89,11,171.318764
1.89,11,171.32291
3.86,14,171.327921
3.91,9,171.330977
3.85,15,171.335833
1.92,8,171.338482
5.86,14,171.343019
3.87,13,171.347218
1.92,8,171.349846
5.87,13,171.354407
1.92,8,171.606188
1.91,9,171.609135
13.84,16,171.614246
1.94,6,171.616188
13.82,18,171.622348
3.87,13,171.62658
13.85,15,171.63189
3.91,9,171.634925
1.89,11,171.639114
13.85,15,171.644073
3.85,15,171.94101
3.88,12,171.944901
5.87,13,171.950003
13.83,17,171.955506
5.84,16,171.961057
5.89,11,171.964946
5.89,11,171.968578
1.9,10,171.971773
1.9,10,171.975218
1.91,9,171.978096
1.9,10,171.982445
3.88,12,172.272969
3.87,13,172.27721
3.84,16,172.285227
3.86,14,172.290152
5.83,17,172.296625
5.84,16,172.302301
1.91,9,172.305589
1.9,10,172.308799
5.86,14,172.31383
1.93,7,172.316494
3.87,13,172.601087
1.86,14,172.605638
1.88,12,172.609532
5.85,15,172.614366
5.84,16,172.620223
3.86,14,172.62502
3.89,11,172.628792
1.88,12,172.632864
1.88,12,172.637063
1.9,10,172.640473
3.87,13,172.899919
1.88,12,172.903831
1.9,10,172.907652
1.9,10,172.91085
1.9,10,172.914147
5.85,15,172.923059
5.86,14,172.928739
3.86,14,172.933699
1.86,14,172.9386
1.9,10,172.941937
1.88,12,173.192086
13.84,16,173.197227
3.86,14,173.202219
3.88,12,173.206488
3.87,13,173.210864
3.85,15,173.216203
3.85,15,173.221027
13.82,18,173.22721
3.85,15,173.232464
1.87,13,173.517974
1.89,11,173.521664
-0.1,10,173.525363
5.86,14,173.530348
3.89,11,173.53411
3.89,11,173.538384
3.9,10,173.542061
1.89,11,173.546049
3.87,13,173.550807
1.9,10,173.554143
3.88,12,173.558964
1.87,13,173.802676
1.92,8,173.80539
3.85,15,173.810125
1.88,12,173.813975
1.88,12,173.817764
-0.08,8,173.821685
1.91,9,173.824862
3.87,13,173.829115
1.89,11,173.832668
1.88,12,173.836725
13.83,17,173.842193
5.84,16,174.12809
1.88,12,174.132756
1.89,11,174.136676
1.89,11,174.140259
1.89,11,174.144268
3.87,13,174.149331
3.86,14,174.154323
3.88,12,174.159034
1.88,12,174.163356
1.87,13,174.170973
1.88,12,174.42511
1.88,12,174.429095
1.89,11,174.433491
1.89,11,174.437375
3.88,12,174.441618
5.86,14,174.446683
1.88,12,174.450957
-0.11,11,174.454511
1.9,10,174.458395
5.85,15,174.463108
5.84,16,174.468123
1.92,8,174.729413
5.88,12,174.734042
-0.08,8,174.736929
1.89,11,174.743098
1.89,11,174.74683
3.86,14,174.75192
3.85,15,174.758454
1.9,10,174.761749
3.88,12,174.765998
5.87,13,174.770178
1.88,12,174.774451
1.9,10,175.047642
3.84,16,175.053589
5.84,16,175.061194
1.92,8,175.067618
1.9,10,175.073294
5.88,12,175.078447
1.85,15,175.084506
5.82,18,175.092695
5.82,18,175.099538
-0.09,9,175.396695
-0.1,10,175.40091
3.87,13,175.405587
1.88,12,175.409905
1.87,13,175.414047
1.89,11,175.41827
1.88,12,175.422476
1.9,10,175.428822
1.89,11,175.432919
3.83,17,175.438338
5.89,11,175.442562
1.89,11,175.718816
1.93,7,175.721442
1.9,10,175.725346
1.91,9,175.728835
3.87,13,175.733819
5.86,14,175.738812
1.89,11,175.742881
13.81,19,175.749053
1.91,9,175.75206
1.93,7,175.754437
1.91,9,175.759032
3.87,13,175.763702
1.88,12,176.097005
1.87,13,176.101289
3.86,14,176.106557
1.9,10,176.109859
1.87,13,176.11513
3.89,11,176.118927
3.88,12,176.124268
1.87,13,176.128796
1.87,13,176.133063
3.87,13,176.137911
1.9,10,176.395301
1.85,15,176.400286
1.87,13,176.405243
1.9,10,176.408654
3.85,15,176.414088
-0.09,9,176.417492
1.86,14,176.422208
1.86,14,176.428791
5.84,16,176.434756
3.86,14,176.439654
1.86,14,176.72854
5.83,17,176.735138
1.88,12,176.739253
1.91,9,176.742793
13.83,17,176.748997
3.88,12,176.75309
1.88,12,176.759666
3.88,12,176.763662
1.9,10,176.767845
1.88,12,176.771808
1.89,11,177.077861
3.85,15,177.083453
5.83,17,177.089837
5.85,15,177.094897
3.89,11,177.09858
3.84,16,177.104469
3.9,10,177.108015
3.84,16,177.114278
13.82,18,177.120452
1.86,14,177.431138
3.86,14,177.435753
3.86,14,177.440474
3.86,14,177.444983
5.84,16,177.450692
3.89,11,177.45422
1.86,14,177.4612
1.87,13,177.465905
5.88,12,177.470484
5.83,17,177.746249
1.88,12,177.750263
3.91,9,177.75319
1.91,9,177.756585
3.87,13,177.76124
1.92,8,177.763883
3.86,14,177.768979
1.89,11,177.772502
1.9,10,177.7757
1.89,11,177.779537
3.86,14,177.784131
3.9,10,177.787785
1.89,11,178.043606
13.85,15,178.048528
1.89,11,178.052674
1.87,13,178.058337
5.86,14,178.063461
1.86,14,178.067985
3.85,15,178.073471
3.87,13,178.077864
13.83,17,178.083651
1.91,9,178.360903
3.87,13,178.365656
3.89,11,178.369537
3.88,12,178.37368
1.89,11,178.377377
3.86,14,178.382359
1.87,13,178.387035
5.84,16,178.393486
5.88,12,178.397809
1.93,7,178.400125
1.9,10,178.403343
1.89,11,178.665945
5.87,13,178.670186
1.91,9,178.673065
3.89,11,178.676539
3.86,14,178.680952
1.89,11,178.684408
13.83,17,178.689724
3.86,14,178.694151
1.9,10,178.697335
5.87,13,178.702045
5.87,13,178.985527
1.89,11,178.990333
1.88,12,178.994465
3.84,16,179.0003
1.9,10,179.003688
1.88,12,179.007919
5.85,15,179.012825
5.86,14,179.017291
1.89,11,179.020898
5.84,16,179.025974
1.85,15,179.303136
1.88,12,179.307008
1.86,14,179.311986
3.9,10,179.315386
1.89,11,179.31893
1.89,11,179.32268
1.9,10,179.326356
1.89,11,179.329949
1.89,11,179.334137
1.91,9,179.3374
13.83,17,179.343731
5.84,16,179.635249
3.87,13,179.639696
3.87,13,179.643958
1.86,14,179.648909
1.88,12,179.652728
1.88,12,179.657171
3.86,14,179.66185
1.91,9,179.664849
1.86,14,179.669363
3.87,13,179.673485
3.84,16,179.920133
3.85,15,179.925094
1.86,14,179.930111
5.83,17,179.935574
5.84,16,179.941636
1.88,12,179.945722
3.87,13,179.950511
5.82,18,179.957621
5.85,15,180.263501
1.87,13,180.268371
1.87,13,180.273383
3.81,19,180.279552
3.84,16,180.284592
5.85,15,180.289309
13.79,21,180.296106
5.86,14,180.300581
5.83,17,180.608217
3.85,15,180.61309
1.86,14,180.618121
1.87,13,180.622424
1.86,14,180.627146
3.86,14,180.631701
5.81,19,180.638303
3.85,15,180.643107
3.85,15,180.653966
3.86,14,180.957767
1.86,14,180.962333
1.85,15,180.967499
3.86,14,180.971936
3.85,15,180.977359
5.84,16,180.983142
1.87,13,180.987299
5.84,16,180.992784
1.84,16,181.253916
3.82,18,181.26054
1.87,13,181.265728
3.88,12,181.269622
1.85,15,181.274894
1.86,14,181.279467
1.85,15,181.284302
3.81,19,181.290416
3.86,14,181.294897
1.89,11,181.603876
1.86,14,181.608429
1.88,12,181.61225
5.8,20,181.61845
13.81,19,181.624357
1.87,13,181.629913
5.83,17,181.635386
3.82,18,181.642007
1.84,16,181.953833
-0.11,11,181.957479
1.86,14,181.962122
3.85,15,181.967874
1.89,11,181.971575
1.9,10,181.975613
13.78,22,181.983294
1.85,15,181.988138
-0.11,11,181.991647
1.85,15,182.320433
1.87,13,182.324795
1.88,12,182.328688
1.81,19,182.335284
1.84,16,182.340421
3.81,19,182.346428
1.82,18,182.352373
3.83,17,182.357765
1.84,16,182.656517
3.85,15,182.661498
1.84,16,182.667124
1.85,15,182.672168
3.74,26,182.680763
1.84,16,182.686061
1.8,20,182.692582
1.82,18,183.042598
1.81,19,183.049036
5.84,16,183.054384
1.82,18,183.061699
5.8,20,183.068421
3.83,17,183.073835
3.8,20,183.08008
3.77,23,183.384434
1.81,19,183.390502
1.81,19,183.396939
1.83,17,183.402407
1.88,12,183.406389
1.78,22,183.413676
3.79,21,183.420481
1.83,17,183.75558
1.86,14,183.760075
1.82,18,183.766304
1.86,14,183.770853
3.82,18,183.776507
1.84,16,183.78152
3.79,21,183.788733
3.81,19,183.795467
3.73,27,184.118936
1.86,14,184.123516
5.77,23,184.13175
3.78,22,184.139105
13.79,21,184.145793
1.87,13,184.149923
1.87,13,184.43677
3.81,19,184.442977
3.84,16,184.448049
1.87,13,184.452163
1.81,19,184.458109
3.78,22,184.465018
3.77,23,184.472164
3.77,23,184.805761
1.88,12,184.809663
3.82,18,184.815253
3.8,20,184.821416
1.85,15,184.826062
1.84,16,184.831431
1.83,17,184.837048
1.82,18,184.843026
3.84,16,185.146677
3.87,13,185.150866
1.82,18,185.156472
5.82,18,185.162508
3.83,17,185.168042
1.84,16,185.173482
3.8,20,185.179976
1.82,18,185.501572
1.83,17,185.508018
1.82,18,185.514323
3.81,19,185.521656
5.75,25,185.530254
1.87,13,185.534564
13.79,21,185.541465
3.83,17,185.905413
3.81,19,185.911921
1.87,13,185.916371
1.85,15,185.921134
3.86,14,185.927455
1.79,21,185.934926
5.79,21,185.941676
1.86,14,185.946597
5.81,19,186.298961
13.81,19,186.306217
3.85,15,186.311037
1.87,13,186.315672
3.83,17,186.321362
-0.12,12,186.326649
1.81,19,186.333908
1.85,15,186.339377
5.8,20,186.892061
3.84,16,186.900805
1.84,16,186.91481
3.83,17,186.920729
3.85,15,186.928728
1.84,16,186.933847
3.82,18,186.940861
1.83,17,187.247943
3.81,19,187.254178
1.83,17,187.261784
3.82,18,187.269121
5.77,23,187.276582
3.85,15,187.282581
1.83,17,187.2886
3.87,13,187.295232
5.78,22,187.698164
1.88,12,187.702847
5.79,21,187.709736
5.85,15,187.715332
1.84,16,187.720909
1.86,14,187.726441
1.88,12,187.730328
1.85,15,187.735358
1.83,17,188.086755
3.82,18,188.09617
1.83,17,188.101632
1.88,12,188.106016
1.86,14,188.110474
5.77,23,188.118527
3.85,15,188.124231
1.83,17,188.948777
5.83,17,188.957821
1.87,13,188.96343
3.83,17,188.969179
1.87,13,188.973642
1.83,17,188.981698
1.8,20,189.011866
1.86,14,189.047011
13.79,21,189.41251
3.86,14,189.41777
5.79,21,189.425843
1.86,14,189.43091
1.83,17,189.436326
5.84,16,189.441985
3.81,19,189.448523
1.83,17,189.454353
1.88,12,189.802441
3.87,13,189.806633
3.84,16,189.812432
5.82,18,189.819197
3.85,15,189.825873
1.88,12,189.830315
3.81,19,189.836773
1.87,13,189.841033
1.87,13,189.845159
1.84,16,190.169126
5.81,19,190.175721
1.84,16,190.181317
1.82,18,190.187842
3.78,22,190.197242
5.82,18,190.204041
1.84,16,190.209513
1.88,12,190.547316
1.87,13,190.55199
1.84,16,190.559423
1.86,14,190.564915
13.76,24,190.572775
13.76,24,190.581058
3.78,22,190.588384
1.85,15,190.970297
3.86,14,190.975481
1.84,16,190.981429
5.78,22,190.988916
3.86,14,190.994795
1.84,16,191.000528
3.87,13,191.004993
1.84,16,191.010362
1.83,17,191.350043
3.79,21,191.358411
1.85,15,191.363806
1.84,16,191.369548
1.83,17,191.374927
1.81,19,191.381239
1.88,12,191.385202
5.76,24,191.714543
3.81,19,191.720735
3.82,18,191.72842
1.83,17,191.734526
1.83,17,191.740215
3.86,14,191.74516
5.77,23,191.75263
1.87,13,191.758317
1.86,14,192.120092
3.86,14,192.124721
5.81,19,192.131324
1.85,15,192.136196
3.87,13,192.141169
1.81,19,192.148284
1.86,14,192.153101
3.75,25,192.499611
1.87,13,192.503934
5.81,19,192.510599
5.75,25,192.519337
3.79,21,192.526827
1.88,12,192.531595
3.84,16,192.536718
1.84,16,192.542038
3.83,17,192.906025
1.84,16,192.911964
3.84,16,192.918417
1.89,11,192.922251
1.88,12,192.926155
1.84,16,192.931715
1.89,11,192.935367
3.87,13,192.939668
1.87,13,192.944336
1.84,16,193.207867
1.8,20,193.214594
1.87,13,193.219171
5.78,22,193.226572
1.8,20,193.23313
1.85,15,193.238226
3.79,21,193.245213
3.8,20,193.58778
5.75,25,193.59696
3.85,15,193.601746
5.8,20,193.608602
1.83,17,193.614091
13.81,19,193.620464
3.78,22,193.92057
1.89,11,193.924336
3.84,16,193.932198
5.79,21,193.938919
3.77,23,193.946703
1.81,19,193.953059
3.84,16,193.962024
3.82,18,193.968585
1.85,15,194.334269
5.83,17,194.340508
1.84,16,194.34584
3.82,18,194.352512
5.79,21,194.359223
1.87,13,194.363547
1.85,15,194.368312
1.81,19,194.702375
1.87,13,194.706913
5.8,20,194.713255
3.8,20,194.720801
1.88,12,194.724743
1.88,12,194.72908
3.83,17,194.734617
1.83,17,194.739965
13.81,19,195.063132
1.83,17,195.068772
13.78,22,195.076776
1.81,19,195.083012
1.8,20,195.089888
1.83,17,195.095517
1.86,14,195.09997
3.84,16,195.41985
1.84,16,195.425648
3.82,18,195.431999
1.87,13,195.436208
3.83,17,195.441942
1.82,18,195.449283
5.84,16,195.456121
1.79,21,195.463148
1.83,17,195.788194
1.86,14,195.792718
1.8,20,195.799755
1.86,14,195.804774
3.88,12,195.808634
1.82,18,195.814629
3.86,14,195.819408
5.77,23,195.827896
1.86,14,196.187897
1.85,15,196.193144
3.82,18,196.199158
3.83,17,196.204928
3.86,14,196.209529
3.84,16,196.215687
3.81,19,196.222527
1.85,15,196.228226
13.77,23,196.543227
1.85,15,196.549117
1.83,17,196.554629
1.83,17,196.56109
1.81,19,196.56769
3.83,17,196.573437
3.78,22,196.581064
1.88,12,196.84791
13.8,20,196.855117
1.88,12,196.859344
5.82,18,196.865642
-0.15,15,196.870528
1.81,19,196.876894
1.82,18,196.882722
1.81,19,197.20085
1.85,15,197.206631
5.82,18,197.212772
3.81,19,197.219572
1.83,17,197.225035
3.84,16,197.230842
1.84,16,197.23599
3.86,14,197.240742
3.79,21,197.544402
5.79,21,197.554266
1.84,16,197.559432
3.81,19,197.56691
1.79,21,197.574106
1.89,11,197.578149
1.85,15,197.582901
3.79,21,197.93491
13.82,18,197.940815
1.8,20,197.948728
3.83,17,197.954449
1.84,16,197.959577
5.79,21,197.966913
5.78,22,197.97416
1.9,10,198.317466
3.86,14,198.322051
1.86,14,198.327284
1.83,17,198.332909
1.87,13,198.337895
3.81,19,198.344741
5.84,16,198.351701
1.8,20,198.358805
1.85,15,198.683975
1.84,16,198.689982
1.86,14,198.695719
-0.13,13,198.700018
5.83,17,198.705857
1.89,11,198.709463
1.82,18,198.715478
1.85,15,198.720338
1.84,16,198.726529
1.84,16,199.034775
1.89,11,199.038409
5.78,22,199.045415
1.89,11,199.04901
1.88,12,199.053593
5.8,20,199.06244
1.8,20,199.068848
3.84,16,199.074139
3.81,19,199.436182
3.77,23,199.444314
5.75,25,199.454039
1.87,13,199.460884
1.87,13,199.465661
3.86,14,199.470947
5.81,19,199.479084
1.86,14,199.869936
1.86,14,199.874515
5.8,20,199.881312
1.88,12,199.885112
3.84,16,199.890649
3.86,14,199.895313
3.86,14,199.900398
3.85,15,199.905561
3.85,15,200.234211
13.76,24,200.243515
1.9,10,200.246843
3.83,17,200.252146
3.82,18,200.257921
3.88,12,200.262903
1.87,13,200.267046
1.86,14,200.27217
1.86,14,200.27773
1.9,10,200.648496
1.86,14,200.653027
1.79,21,200.66076
1.82,18,200.666644
1.87,13,200.671514
3.83,17,200.677714
1.83,17,200.683427
5.77,23,200.691681
1.84,16,201.029425
1.85,15,201.034849
5.84,16,201.040073
3.8,20,201.046313
1.86,14,201.051072
1.84,16,201.056179
1.89,11,201.06029
3.82,18,201.066328
1.85,15,201.388419
3.84,16,201.394627
13.79,21,201.401321
5.8,20,201.408154
5.75,25,201.416947
1.86,14,201.421656
3.82,18,201.429191
3.83,17,201.822898
3.81,19,201.830941
3.85,15,201.836358
1.83,17,201.842692
3.81,19,201.848949
1.85,15,201.853963
1.84,16,201.860289
3.78,22,202.174621
5.82,18,202.180546
1.9,10,202.183909
3.77,23,202.193257
3.85,15,202.198482
3.82,18,202.204516
1.89,11,202.208207
5.82,18,202.214006
3.82,18,202.571373
1.86,14,202.575985
3.82,18,202.581667
5.81,19,202.587579
1.84,16,202.592929
1.88,12,202.597077
1.84,16,202.602155
1.89,11,202.606336
1.88,12,202.907829
13.75,25,202.916107
3.8,20,202.923024
3.75,25,202.931612
5.8,20,202.938701
1.83,17,202.944335
1.88,12,202.948735
1.83,17,203.32587
1.84,16,203.331999
5.81,19,203.338181
3.84,16,203.343283
1.87,13,203.347585
3.85,15,203.35288
5.83,17,203.359011
3.86,14,203.363566
3.77,23,203.659322
1.88,12,203.663349
1.84,16,203.668427
1.83,17,203.673788
5.77,23,203.680974
3.8,20,203.687261
3.83,17,203.692564
1.74,26,204.026128
3.86,14,204.031484
1.81,19,204.037594
3.82,18,204.043514
1.83,17,204.049173
1.87,13,204.053637
1.84,16,204.059126
1.79,21,204.36592
1.83,17,204.371383
1.82,18,204.377211
13.75,25,204.385087
3.79,21,204.392267
3.83,17,204.397712
3.81,19,204.403931
1.85,15,204.747997
3.8,20,204.755177
3.7,30,204.767007
1.82,18,204.772765
1.81,19,204.778893
1.79,21,204.785918
13.77,23,205.094585
1.85,15,205.099539
3.8,20,205.105959
1.81,19,205.112278
3.76,24,205.12005
1.79,21,205.126958
5.81,19,205.398965
1.8,20,205.40558
1.67,33,205.417275
13.72,28,205.427341
3.82,18,205.433598
-6.0,100,205.798327
3.82,18,205.804621
3.82,18,205.810471
3.77,23,206.459387
3.78,22,206.466842
3.77,23,206.473989
3.77,23,206.48108
1.82,18,206.486623
1.8,20,206.49274
1.7,30,206.770127
13.6,40,206.784256
1.54,46,206.800681
3.67,33,207.268061
-6.0,100,207.299279
-5.0,100,208.072912
3.65,35,208.084681
1.79,21,208.743107
5.74,26,208.752231
3.8,20,208.759849
3.78,22,208.76724
1.83,17,208.773265
1.79,21,208.779995
1.8,20,209.264039
1.72,28,209.273884
5.77,23,209.281581
5.75,25,209.290628
5.75,25,209.299644
5.76,24,209.616058
1.84,16,209.621944
5.8,20,209.629163
5.68,32,209.640586
1.83,17,209.646279
5.7,30,209.656834
3.8,20,210.173524
1.86,14,210.178147
13.79,21,210.186123
5.68,32,210.197232
1.86,14,210.20237
1.71,29,210.211836
3.74,26,210.600004
1.83,17,210.60611
3.75,25,210.614611
3.67,33,210.625485
3.81,19,210.631595
1.76,24,210.996241
1.8,20,211.00389
3.77,23,211.011671
3.82,18,211.017742
3.83,17,211.024562
1.85,15,211.029719
5.69,31,211.338239
1.83,17,211.34381
5.77,23,211.351863
13.61,39,211.364902
3.78,22,211.37275
-6.0,100,211.79682
-6.0,100,212.517261
5.14,86,213.165157
5.42,58,213.183767
3.27,73,213.773323
3.8,20,213.779723
3.82,18,213.785408
3.82,18,213.791098
3.8,20,213.797891
3.81,19,213.803906
3.86,14,213.808298
3.83,17,214.07214
3.83,17,214.077588
1.84,16,214.082643
5.83,17,214.088617
3.86,14,214.09318
3.76,24,214.101369
1.78,22,214.108399
1.86,14,214.45257
1.87,13,214.4609
13.81,19,214.467736
5.82,18,214.473568
5.79,21,214.480231
1.82,18,214.486076
13.81,19,214.492097
1.84,16,214.497159
1.84,16,214.813602
1.85,15,214.818559
3.8,20,214.824963
3.78,22,214.832468
3.84,16,214.837705
3.8,20,214.844077
3.79,21,215.104437
1.83,17,215.110156
1.8,20,215.116401
3.8,20,215.122602
1.84,16,215.128185
1.79,21,215.135213
1.82,18,215.140955
5.82,18,215.451896
5.79,21,215.458641
1.79,21,215.467046
1.83,17,215.472673
1.85,15,215.477521
1.75,25,215.485491
3.85,15,215.490314
1.84,16,215.856691
1.82,18,215.862996
5.74,26,215.871448
1.8,20,215.87824
13.71,29,215.88731
1.86,14,215.892088
3.83,17,216.209506
1.88,12,216.213673
5.75,25,216.22165
1.86,14,216.226107
3.83,17,216.231794
1.85,15,216.236649
5.82,18,216.242463
1.84,16,216.247616
1.82,18,216.594875
3.82,18,216.600719
3.79,21,216.607321
3.84,16,216.612366
1.77,23,216.619532
13.82,18,216.625167
5.76,24,216.916472
1.82,18,216.922509
1.88,12,216.926299
3.8,20,216.932467
1.87,13,216.937135
3.8,20,216.943536
13.76,24,216.951301
1.89,11,216.954799
3.8,20,217.321699
5.83,17,217.327568
1.84,16,217.333732
3.86,14,217.33837
1.87,13,217.343185
5.83,17,217.348872
1.81,19,217.355377
1.8,20,217.362282
5.79,21,217.675631
13.81,19,217.681637
3.8,20,217.688545
1.83,17,217.694413
3.86,14,217.699001
1.83,17,217.704266
1.82,18,217.710037
3.8,20,218.037268
3.77,23,218.045137
3.78,22,218.052035
5.84,16,218.057016
13.71,29,218.065975
1.79,21,218.073493
3.83,17,218.404547
1.83,17,218.410618
1.83,17,218.41748
1.84,16,218.422907
3.79,21,218.430167
3.81,19,218.436119
5.79,21,218.442602
3.85,15,218.706336
13.72,28,218.715471
3.77,23,218.722626
1.86,14,218.726986
1.88,12,218.731162
1.85,15,218.736148
1.87,13,218.741215
3.84,16,219.154638
13.72,28,219.163802
1.82,18,219.169639
3.82,18,219.175503
1.84,16,219.180583
1.73,27,219.189745
1.86,14,219.512586
5.8,20,219.519862
5.83,17,219.525679
1.57,43,219.540383
1.59,41,219.554232
1.45,55,220.04094
1.81,19,220.047191
5.8,20,220.053646
1.85,15,220.058503
1.7,30,220.566341
3.76,24,220.574188
3.54,46,220.588913
5.39,61,221.130003
1.83,17,221.136485
5.82,18,221.1427
1.82,18,221.149294
1.84,16,221.15469
3.79,21,221.161865
3.8,20,221.168248
13.79,21,221.463483
3.78,22,221.471152
3.82,18,221.476886
3.8,20,221.484378
1.8,20,221.491386
3.84,16,221.49645
3.84,16,221.501777
5.78,22,221.840611
1.84,16,221.845773
3.81,19,221.852454
1.84,16,221.858027
3.78,22,221.865411
3.8,20,221.872798
1.8,20,222.136472
13.82,18,222.142317
1.82,18,222.149934
3.84,16,222.1551
1.84,16,222.160695
5.83,17,222.166213
1.8,20,222.172472
5.83,17,222.177864
1.84,16,222.493571
1.88,12,222.497791
3.79,21,222.504706
3.8,20,222.511615
1.81,19,222.519431
3.86,14,222.524495
1.84,16,222.529612
1.83,17,222.857835
1.84,16,222.863055
1.87,13,222.867685
3.76,24,222.875389
1.84,16,222.880445
1.82,18,222.886783
1.8,20,222.89308
3.8,20,223.254692
3.85,15,223.259995
1.87,13,223.264782
5.78,22,223.271973
5.81,19,223.278003
1.8,20,223.28438
3.82,18,223.290515
1.81,19,223.297085
3.85,15,223.619184
1.84,16,223.624646
1.89,11,223.628597
1.85,15,223.633434
3.79,21,223.640048
13.82,18,223.646306
5.8,20,223.653367
1.86,14,223.977648
1.86,14,223.982487
3.84,16,223.988111
1.85,15,223.993525
3.79,21,224.000706
13.82,18,224.006693
1.86,14,224.01113
1.8,20,224.017733
1.87,13,224.343182
1.85,15,224.347996
3.84,16,224.353535
1.85,15,224.358941
3.83,17,224.364783
1.87,13,224.368909
1.83,17,224.375165
1.82,18,224.38132
1.85,15,224.671794
1.86,14,224.67743
3.8,20,224.683741
1.83,17,224.689012
1.88,12,224.692835
1.84,16,224.697876
3.81,19,224.703736
5.83,17,224.709024
1.86,14,225.01148
1.84,16,225.016669
3.81,19,225.024947
1.84,16,225.030292
5.81,19,225.03698
1.83,17,225.042421
3.82,18,225.048662
3.8,20,225.340927
1.85,15,225.345954
5.78,22,225.354237
3.86,14,225.358857
1.8,20,225.365538
1.86,14,225.370073
1.83,17,225.375509
1.82,18,225.38161
1.88,12,225.717471
3.85,15,225.722537
1.8,20,225.729162
5.77,23,225.737148
3.86,14,225.741669
3.8,20,225.748505
3.85,15,225.753651
3.84,16,225.759179
3.83,17,226.103237
1.81,19,226.109602
1.82,18,226.115263
1.87,13,226.119354
3.8,20,226.125755
1.86,14,226.130152
3.86,14,226.13454
5.79,21,226.437674
3.84,16,226.442935
1.87,13,226.4471
3.79,21,226.453863
1.84,16,226.459531
13.75,25,226.46785
3.85,15,226.472679
1.84,16,226.820569
3.84,16,226.825903
13.78,22,226.833446
3.82,18,226.839204
3.83,17,226.844571
1.83,17,226.850541
1.84,16,226.85567
5.8,20,226.862376
1.86,14,227.20007
1.46,54,227.218103
1.84,16,227.223408
3.68,32,227.233557
3.82,18,227.72649
3.67,33,227.73739
3.79,21,227.744107
1.86,14,227.748592
3.8,20,227.754925
3.8,20,227.761247
1.84,16,228.115484
1.86,14,228.120183
1.83,17,228.125647
1.82,18,228.131385
1.84,16,228.136489
5.8,20,228.142819
1.86,14,228.147384
1.81,19,228.153858
13.79,21,228.480228
1.84,16,228.485973
1.76,24,228.493818
13.78,22,228.501605
1.88,12,228.506926
1.8,20,228.513597
3.83,17,228.519561
5.82,18,228.886554
5.84,16,228.892799
5.81,19,228.899113
1.82,18,228.90618
1.85,15,228.911994
3.87,13,228.916455
3.79,21,228.923484
1.88,12,228.927315
1.86,14,229.255413
5.8,20,229.261764
1.87,13,229.26588
1.86,14,229.27029
1.8,20,229.277489
1.82,18,229.283631
3.76,24,229.291523
1.89,11,229.646111
3.85,15,229.650937
13.78,22,229.65913
3.82,18,229.665029
1.88,12,229.669111
3.8,20,229.675522
13.76,24,229.683621
1.82,18,230.041236
3.82,18,230.047786
3.85,15,230.052922
13.79,21,230.059784
3.85,15,230.064635
3.83,17,230.070138
3.87,13,230.074604
3.82,18,230.080946
1.81,19,230.418322
1.83,17,230.42517
3.84,16,230.430574
1.81,19,230.437326
1.79,21,230.445846
3.85,15,230.450655
1.85,15,230.455899
5.83,17,230.766177
1.82,18,230.772094
3.84,16,230.778184
5.79,21,230.785379
3.87,13,230.789657
1.84,16,230.794933
1.84,16,230.800258
13.81,19,230.807052
3.76,24,231.141724
5.84,16,231.147427
1.82,18,231.153256
1.83,17,231.158624
3.79,21,231.16591
3.82,18,231.173043
5.85,15,231.178153
3.83,17,231.520451
3.84,16,231.52615
5.78,22,231.53368
3.81,19,231.539733
5.85,15,231.544856
5.82,18,231.550553
5.85,15,231.555965
1.86,14,231.884755
5.85,15,231.890088
3.8,20,231.897178
1.84,16,231.902739
1.88,12,231.909149
1.84,16,231.915017
1.86,14,231.919547
13.78,22,231.926476
1.87,13,232.262238
5.8,20,232.268666
1.82,18,232.274914
3.86,14,232.279706
1.86,14,232.284462
1.81,19,232.290831
3.83,17,232.296546
1.87,13,232.301181
5.8,20,232.629479
1.84,16,232.635061
1.89,11,232.64003
5.81,19,232.646879
5.84,16,232.652165
13.82,18,232.658507
3.84,16,232.663669
5.83,17,232.66911
1.86,14,232.976056
3.81,19,232.982826
13.77,23,232.990465
3.77,23,232.99818
3.82,18,233.004279
1.86,14,233.010001
1.86,14,233.01493
1.86,14,233.351579
3.85,15,233.356421
5.81,19,233.363025
3.84,16,233.368486
3.83,17,233.373949
1.88,12,233.378025
1.89,11,233.382103
3.82,18,233.387802
3.81,19,233.686554
1.88,12,233.690431
3.84,16,233.695993
3.83,17,233.701748
3.83,17,233.708292
3.81,19,233.714841
3.84,16,233.720125
1.86,14,233.724685
1.86,14,234.018921
1.8,20,234.026064
3.87,13,234.031861
-0.14,14,234.037384
1.82,18,234.045138
3.88,12,234.049573
1.83,17,234.056729
1.87,13,234.062825
1.83,17,234.384643
5.75,25,234.393097
1.89,11,234.396864
5.79,21,234.403678
1.84,16,234.409454
5.79,21,234.416263
1.87,13,234.421429
1.83,17,234.427158
3.8,20,234.806812
1.84,16,234.812192
1.82,18,234.817903
1.87,13,234.822008
3.86,14,234.826401
3.85,15,234.831105
3.84,16,234.83644
1.88,12,234.840365
5.82,18,235.125369
1.8,20,235.132083
1.84,16,235.137354
5.78,22,235.145435
-0.13,13,235.149676
1.87,13,235.153811
1.86,14,235.158212
3.84,16,235.163228
1.84,16,235.501398
1.86,14,235.505996
1.85,15,235.510783
3.8,20,235.5178
1.8,20,235.524428
3.86,14,235.529575
3.86,14,235.534337
3.8,20,235.838569
3.79,21,235.845877
3.85,15,235.850691
1.78,22,235.857498
13.78,22,235.8643
3.84,16,235.869295
1.84,16,235.874263
1.87,13,235.878919
5.81,19,236.222815
1.85,15,236.22874
3.83,17,236.234795
3.83,17,236.241339
1.85,15,236.247642
1.88,12,236.252014
5.74,26,236.260598
3.84,16,236.656481
1.87,13,236.660729
1.82,18,236.66641
1.89,11,236.669894
3.79,21,236.679449
3.87,13,236.684191
1.82,18,236.690422
5.77,23,236.697997
1.81,19,237.052155
1.82,18,237.058026
5.83,17,237.063482
1.8,20,237.070061
1.87,13,237.074253
3.83,17,237.079648
1.85,15,237.084552
5.76,24,237.393751
5.81,19,237.400224
1.83,17,237.405751
1.86,14,237.410394
1.89,11,237.417132
1.92,8,237.419969
5.82,18,237.426218
1.84,16,237.431427
1.84,16,237.722713
1.87,13,237.727009
3.84,16,237.732074
5.83,17,237.737414
3.85,15,237.742153
1.9,10,237.745657
3.81,19,237.751922
-0.14,14,237.756423
1.87,13,237.76061
1.89,11,238.055063
1.87,13,238.059308
1.83,17,238.065205
3.86,14,238.069778
1.86,14,238.074512
1.83,17,238.079869
3.87,13,238.084351
1.87,13,238.088711
1.9,10,238.091922
5.87,13,238.096046
3.82,18,238.377562
1.83,17,238.383427
1.85,15,238.388187
5.84,16,238.393823
5.88,12,238.398099
1.87,13,238.40226
1.89,11,238.405733
1.88,12,238.409491
1.86,14,238.414409
5.8,20,238.701347
3.88,12,238.705252
1.85,15,238.709978
13.77,23,238.718004
1.86,14,238.723206
-0.14,14,238.727821
1.86,14,238.73293
13.86,14,238.737589
1.89,11,239.084695
1.91,9,239.087728
1.87,13,239.092255
3.85,15,239.097096
1.84,16,239.102113
1.9,10,239.105287
5.83,17,239.111471
13.86,14,239.116032
3.82,18,239.121986
1.88,12,239.416297
1.87,13,239.420609
3.86,14,239.425592
5.82,18,239.431442
5.82,18,239.437458
1.84,16,239.443061
3.85,15,239.448173
13.76,24,239.455993
1.86,14,239.814547
1.92,8,239.81723
3.79,21,239.824385
5.83,17,239.829838
1.87,13,239.833971
1.78,22,239.840838
5.78,22,239.847702
1.86,14,239.852318
3.82,18,240.202031
5.8,20,240.209716
5.8,20,240.216518
5.84,16,240.221793
1.83,17,240.227245
3.78,22,240.234238
1.88,12,240.238033
1.83,17,240.589081
3.8,20,240.596148
3.85,15,240.601082
3.81,19,240.607074
1.83,17,240.612414
3.82,18,240.61899
5.8,20,240.626046
3.83,17,240.949951
1.85,15,240.954795
3.82,18,240.961143
1.89,11,240.964876
3.83,17,240.970531
1.89,11,240.974058
3.82,18,240.980031
5.8,20,240.986371
3.79,21,241.306021
1.81,19,241.312621
3.76,24,241.320336
1.81,19,241.32734
1.85,15,241.332235
3.81,19,241.338228
3.81,19,241.344491
1.86,14,241.61112
3.83,17,241.616793
1.85,15,241.621517
5.84,16,241.626551
1.77,23,241.633731
1.84,16,241.638739
3.85,15,241.64355
1.88,12,241.648052
5.85,15,241.964757
3.8,20,241.971012
13.74,26,241.979488
1.85,15,241.984359
1.83,17,241.990068
1.89,11,241.993561
5.82,18,241.99954
1.86,14,242.378408
3.81,19,242.385991
1.84,16,242.391602
3.87,13,242.395856
1.86,14,242.400575
3.8,20,242.40735
5.84,16,242.412466
1.87,13,242.417067
5.81,19,242.73502
5.79,21,242.74332
13.76,24,242.751247
1.86,14,242.756592
3.82,18,242.762557
3.82,18,242.768663
5.83,17,242.774781
3.85,15,243.113335
3.82,18,243.119021
1.88,12,243.123631
1.89,11,243.127278
5.83,17,243.13261
1.81,19,243.138937
1.85,15,243.144409
1.87,13,243.148739
3.87,13,243.152837
1.83,17,243.450618
3.84,16,243.456217
3.78,22,243.463236
3.79,21,243.469777
1.86,14,243.474146
3.84,16,243.479629
1.87,13,243.483929
3.86,14,243.80969
1.85,15,243.814547
1.84,16,243.820374
1.87,13,243.824869
5.79,21,243.8318
1.86,14,243.836364
1.84,16,243.84174
3.81,19,243.847791
1.87,13,244.171969
1.87,13,244.176198
1.87,13,244.180713
3.86,14,244.185409
1.84,16,244.190522
3.79,21,244.197207
1.84,16,244.202527
1.87,13,244.207613
3.82,18,244.213777
13.82,18,244.53286
3.82,18,244.538737
1.87,13,244.54305
1.85,15,244.549089
1.87,13,244.553277
5.83,17,244.559408
1.8,20,244.565822
5.83,17,244.862899
1.89,11,244.866539
5.8,20,244.873282
1.86,14,244.878059
3.8,20,244.88471
1.85,15,244.889463
1.87,13,244.89357
1.84,16,244.898588
5.8,20,245.220487
13.82,18,245.22661
3.84,16,245.231777
5.77,23,245.239056
3.85,15,245.24407
5.82,18,245.249907
3.8,20,245.256123
1.83,17,245.571367
5.82,18,245.577275
1.89,11,245.581278
1.88,12,245.585185
5.84,16,245.590188
5.74,26,245.5982
1.79,21,245.604841
1.87,13,245.609654
13.79,21,246.001425
1.88,12,246.006144
1.84,16,246.01163
1.83,17,246.01719
3.83,17,246.022501
1.83,17,246.027741
3.86,14,246.032104
3.83,17,246.037344
1.86,14,246.31356
1.86,14,246.318099
1.85,15,246.322893
1.87,13,246.327144
3.85,15,246.332004
3.81,19,246.338199
3.82,18,246.344826
3.87,13,246.349219
5.83,17,246.643263
3.77,23,246.650687
3.83,17,246.656253
5.84,16,246.661518
3.83,17,246.667149
1.83,17,246.673067
5.83,17,246.678716
1.79,21,246.997394
1.83,17,247.002821
1.82,18,247.008391
1.88,12,247.012119
1.86,14,247.016844
3.86,14,247.021413
3.79,21,247.028187
1.84,16,247.033303
3.83,17,247.356419
3.81,19,247.362552
3.83,17,247.368272
1.8,20,247.375736
1.89,11,247.379429
1.81,19,247.385567
1.86,14,247.390178
1.87,13,247.394406
5.81,19,247.702529
1.89,11,247.706105
1.82,18,247.711775
1.8,20,247.718126
5.84,16,247.72309
1.83,17,247.728348
1.86,14,247.732668
1.88,12,247.736379
3.87,13,248.053524
1.79,21,248.060279
1.85,15,248.065382
3.83,17,248.070882
1.87,13,248.076068
3.85,15,248.080837
1.84,16,248.086345
3.8,20,248.092609
3.82,18,248.430483
3.85,15,248.436689
1.89,11,248.440228
5.75,25,248.448312
1.85,15,248.453105
1.85,15,248.458287
1.9,10,248.461512
5.85,15,248.466188
3.84,16,248.853138
3.83,17,248.859409
1.79,21,248.866654
1.85,15,248.871621
3.87,13,248.876045
3.8,20,248.88275
1.86,14,248.887335
3.85,15,248.89204
3.8,20,249.226586
5.83,17,249.231965
1.83,17,249.237867
1.87,13,249.242078
1.88,12,249.246542
1.83,17,249.25193
1.83,17,249.257832
1.87,13,249.262005
5.84,16,249.54311
1.83,17,249.548657
1.84,16,249.554441
3.84,16,249.559647
13.82,18,249.565255
1.88,12,249.569115
1.83,17,249.575137
5.79,21,249.581719
3.87,13,249.926317
5.84,16,249.931925
1.88,12,249.936353
1.85,15,249.941591
13.83,17,249.947649
3.86,14,249.952152
13.83,17,249.958213
5.87,13,249.962366
1.85,15,249.96792
1.86,14,250.246824
3.84,16,250.252264
5.84,16,250.257624
1.86,14,250.262048
1.87,13,250.266138
3.83,17,250.271477
1.9,10,250.275668
1.88,12,250.280839
3.83,17,250.286444
1.89,11,250.562863
1.86,14,250.567396
5.85,15,250.574115
1.86,14,250.578581
1.88,12,250.582871
1.88,12,250.586722
13.8,20,250.593413
1.91,9,250.596365
1.87,13,250.600435
1.9,10,250.6039
3.88,12,250.935337
1.86,14,250.941921
3.89,11,250.945602
3.87,13,250.949731
1.87,13,250.954879
5.85,15,250.959833
3.88,12,250.963711
3.86,14,250.968065
1.88,12,250.973043
1.86,14,251.224835
3.84,16,251.230063
3.85,15,251.23531
1.89,11,251.238927
1.86,14,251.243329
3.84,16,251.248914
3.86,14,251.25342
1.87,13,251.257907
3.86,14,251.262458
1.89,11,251.265918
1.89,11,251.534349
1.82,18,251.544804
3.85,15,251.549933
3.83,17,251.555912
5.83,17,251.56132
3.84,16,251.566688
5.83,17,251.572301
1.86,14,251.57691
3.86,14,251.864366
1.87,13,251.86857
1.88,12,251.872376
1.86,14,251.877491
3.87,13,251.882633
3.86,14,251.887532
1.85,15,251.892305
13.8,20,251.89915
1.86,14,251.903834
3.81,19,252.209468
1.87,13,252.213682
1.87,13,252.218228
3.86,14,252.222712
1.89,11,252.226815
13.82,18,252.232956
1.89,11,252.23645
1.87,13,252.240493
1.87,13,252.244554
5.82,18,252.532587
3.85,15,252.537634
3.81,19,252.545405
1.85,15,252.550686
1.84,16,252.556079
1.87,13,252.560203
1.82,18,252.566159
5.83,17,252.571846
1.86,14,252.876274
13.77,23,252.883871
3.84,16,252.889002
1.87,13,252.893707
1.87,13,252.898132
1.85,15,252.902905
3.83,17,252.909038
1.86,14,252.913572
5.84,16,253.26633
3.85,15,253.271393
3.83,17,253.277221
1.86,14,253.281933
1.8,20,253.288658
1.85,15,253.293416
3.83,17,253.298729
3.83,17,253.30416
3.84,16,253.605784
1.86,14,253.610422
5.8,20,253.617331
3.85,15,253.62211
1.86,14,253.626462
3.8,20,253.632615
3.81,19,253.638968
3.83,17,253.940494
1.84,16,253.946333
1.89,11,253.950286
3.8,20,253.956946
1.87,13,253.961126
3.82,18,253.96675
1.88,12,253.97052
1.85,15,253.975191
1.86,14,253.979584
3.83,17,254.280455
5.82,18,254.286608
1.82,18,254.292726
3.79,21,254.299376
1.8,20,254.305709
5.82,18,254.311916
1.84,16,254.317057
1.83,17,254.631408
1.86,14,254.635975
3.85,15,254.641326
1.81,19,254.647442
3.8,20,254.65431
1.86,14,254.658798
1.85,15,254.66351
1.88,12,254.667268
1.84,16,254.976245
3.81,19,254.98291
1.89,11,254.986576
3.82,18,254.992343
1.85,15,254.997151
1.87,13,255.001328
1.89,11,255.00486
1.87,13,255.009015
3.81,19,255.015048
5.77,23,255.317259
13.75,25,255.325391
1.8,20,255.331709
1.85,15,255.336404
1.84,16,255.341386
3.82,18,255.348084
1.85,15,255.641864
5.82,18,255.647676
1.82,18,255.653895
3.81,19,255.659897
5.79,21,255.6664
3.84,16,255.67136
1.82,18,255.677356
5.82,18,256.006901
3.84,16,256.012544
1.85,15,256.017664
5.78,22,256.024799
5.81,19,256.031378
1.87,13,256.035634
1.85,15,256.040966
1.87,13,256.045164
1.87,13,256.365095
1.85,15,256.370086
5.82,18,256.375751
3.82,18,256.382309
1.81,19,256.388779
1.85,15,256.393669
3.79,21,256.40021
1.84,16,256.405137
3.79,21,256.729336
1.81,19,256.735842
3.77,23,256.743224
1.83,17,256.74894
1.88,12,256.752789
5.82,18,256.758413
1.83,17,256.763675
3.83,17,257.123499
3.84,16,257.12858
1.8,20,257.135281
1.87,13,257.139765
13.77,23,257.148078
3.81,19,257.155156
5.82,18,257.160987
1.84,16,257.490545
5.76,24,257.498256
1.86,14,257.502899
1.87,13,257.507002
1.85,15,257.513521
1.83,17,257.51898
13.74,26,257.527051
1.86,14,257.89097
3.85,15,257.895861
3.81,19,257.902045
3.79,21,257.909537
13.79,21,257.916942
3.79,21,257.92396
1.88,12,257.927788
1.8,20,258.250328
1.83,17,258.255889
3.86,14,258.261177
3.85,15,258.266393
3.85,15,258.271108
3.83,17,258.276578
5.83,17,258.282095
3.79,21,258.289145
1.86,14,258.61057
5.81,19,258.616899
5.83,17,258.622338
1.83,17,258.627723
13.81,19,258.633735
5.81,19,258.640285
1.86,14,258.644753
5.83,17,258.650701
1.83,17,258.937412
1.87,13,258.942021
3.86,14,258.947025
1.85,15,258.952218
1.86,14,258.956741
3.78,22,258.96358
13.75,25,258.971581
1.87,13,259.352077
1.87,13,259.356347
3.83,17,259.362298
5.83,17,259.367997
3.85,15,259.37295
1.83,17,259.378722
1.84,16,259.383814
3.83,17,259.389829
3.81,19,259.669736
3.77,23,259.67895
3.84,16,259.684091
1.8,20,259.690957
1.83,17,259.697126
1.88,12,259.701132
3.81,19,259.707119
1.79,21,260.046788
5.79,21,260.054037
13.73,27,260.063573
1.84,16,260.068691
1.87,13,260.072799
1.88,12,260.076807
1.85,15,260.081884
5.81,19,260.474826
3.78,22,260.482014
1.85,15,260.487349
1.87,13,260.491909
1.81,19,260.498477
5.79,21,260.505514
13.79,21,260.512726
3.8,20,260.835045
1.82,18,260.840766
1.87,13,260.84537
3.81,19,260.853214
3.82,18,260.859202
1.86,14,260.863858
3.85,15,260.869089
1.86,14,260.874947
1.88,12,261.181187
1.9,10,261.184762
3.83,17,261.190511
1.8,20,261.197736
1.88,12,261.201726
1.86,14,261.206239
1.85,15,261.212318
1.88,12,261.216217
5.82,18,261.222359
1.88,12,261.537052
1.84,16,261.544855
1.82,18,261.55127
3.83,17,261.556999
5.84,16,261.56276
1.82,18,261.568999
1.87,13,261.573634
3.83,17,261.579369
1.82,18,261.871184
1.88,12,261.876574
3.85,15,261.882095
5.85,15,261.88703
3.81,19,261.893361
1.87,13,261.897844
3.86,14,261.902555
1.81,19,261.908645
3.83,17,262.216886
1.83,17,262.22269
3.84,16,262.228137
1.82,18,262.233757
1.84,16,262.239408
3.83,17,262.244854
1.87,13,262.249481
1.88,12,262.253391
13.79,21,262.544696
3.78,22,262.552223
1.84,16,262.55741
3.82,18,262.562997
1.81,19,262.568864
1.88,12,262.573814
3.85,15,262.579065
1.88,12,262.583367
1.89,11,262.907783
1.89,11,262.911413
13.79,21,262.918603
3.87,13,262.922796
3.79,21,262.930033
3.83,17,262.935403
3.82,18,262.941356
5.75,25,263.292267
1.84,16,263.297678
3.83,17,263.303266
1.87,13,263.307366
1.86,14,263.312707
1.83,17,263.318147
1.87,13,263.322799
1.82,18,263.328929
1.85,15,263.33374
3.82,18,263.623466
1.8,20,263.629732
5.8,20,263.636429
1.85,15,263.641319
1.81,19,263.648689
1.85,15,263.653645
5.79,21,263.660428
3.86,14,263.962543
3.85,15,263.967494
5.83,17,263.972953
5.85,15,263.977819
5.78,22,263.985007
1.89,11,263.988747
5.82,18,263.994354
5.82,18,264.000539
1.79,21,264.33378
1.85,15,264.338767
3.79,21,264.34605
1.88,12,264.350256
1.85,15,264.355145
1.88,12,264.35901
3.84,16,264.36411
5.79,21,264.690176
1.86,14,264.694749
3.87,13,264.699588
1.89,11,264.70354
1.84,16,264.708925
1.85,15,264.714182
5.83,17,264.719541
1.88,12,264.7236
3.83,17,264.729112
1.8,20,265.001259
1.86,14,265.005789
3.83,17,265.011986
1.84,16,265.017224
1.86,14,265.021849
1.88,12,265.025656
13.8,20,265.032215
5.76,24,265.039933
13.81,19,265.40362
3.84,16,265.408676
13.8,20,265.415766
1.85,15,265.420652
3.81,19,265.426804
3.86,14,265.43122
5.81,19,265.437258
1.87,13,265.74447
1.88,12,265.748568
1.85,15,265.753401
13.76,24,265.761083
1.87,13,265.765309
3.84,16,265.770387
3.8,20,265.776741
13.78,22,265.784213
1.88,12,266.13368
5.81,19,266.139676
5.79,21,266.146805
1.84,16,266.152147
-0.17,17,266.157608
3.83,17,266.163045
1.84,16,266.168274
3.81,19,266.489751
13.82,18,266.495533
3.8,20,266.501987
3.83,17,266.508271
5.83,17,266.513762
1.87,13,266.518312
1.87,13,266.522631
1.83,17,266.528085
5.8,20,266.838533
1.86,14,266.84301
5.79,21,266.849592
-0.13,13,266.853735
-0.1,10,266.857859
1.83,17,266.863619
1.9,10,266.867108
5.78,22,266.874702
1.92,8,267.202753
1.87,13,267.206967
5.86,14,267.211907
1.87,13,267.216761
3.87,13,267.221175
1.87,13,267.225795
5.87,13,267.230027
3.83,17,267.235619
1.84,16,267.241667
3.83,17,267.520212
-0.12,12,267.525127
3.8,20,267.5323
3.82,18,267.53813
1.85,15,267.543914
1.85,15,267.548995
3.84,16,267.55407
3.87,13,267.558363
1.87,13,267.562546
1.85,15,267.865709
5.8,20,267.872207
1.87,13,267.877082
1.88,12,267.881183
3.87,13,267.885312
5.86,14,267.889836
3.85,15,267.894671
3.82,18,267.900437
5.79,21,268.216358
3.83,17,268.222174
3.84,16,268.227374
1.82,18,268.232998
1.8,20,268.239152
3.87,13,268.243194
13.83,17,268.248961
3.86,14,268.253881
5.8,20,268.580014
13.82,18,268.586282
1.89,11,268.589868
13.75,25,268.598421
3.81,19,268.604756
5.84,16,268.610624
1.87,13,268.615287
1.82,18,269.024067
3.85,15,269.029416
1.81,19,269.036372
3.83,17,269.044477
3.84,16,269.050239
1.81,19,269.056851
-0.18,18,269.063242
1.83,17,269.363475
5.79,21,269.370702
5.83,17,269.376494
3.81,19,269.383189
1.83,17,269.388854
1.86,14,269.393374
3.83,17,269.398768
5.81,19,269.40646
13.8,20,269.741913
1.85,15,269.747633
1.83,17,269.753314
3.79,21,269.760527
1.82,18,269.766706
3.8,20,269.773289
1.88,12,269.777145
1.89,11,270.11282
3.86,14,270.117389
3.87,13,270.121558
3.83,17,270.126951
1.87,13,270.131075
3.8,20,270.139246
3.81,19,270.146176
1.82,18,270.152351
5.79,21,270.468121
13.81,19,270.474998
5.78,22,270.482501
1.87,13,270.487163
1.78,22,270.494145
1.86,14,270.498523
3.78,22,270.505628
1.81,19,270.846543
3.84,16,270.855176
1.82,18,270.860909
5.8,20,270.867827
3.85,15,270.873315
3.78,22,270.880597
3.84,16,270.886404
3.85,15,271.239505
3.85,15,271.244487
3.84,16,271.250546
1.84,16,271.256303
1.86,14,271.260839
1.85,15,271.26609
1.81,19,271.272776
3.83,17,271.278517
3.81,19,271.583852
3.78,22,271.591417
3.81,19,271.597758
1.81,19,271.604277
1.79,21,271.612077
1.81,19,271.619096
3.81,19,271.897278
1.84,16,271.902688
1.84,16,271.907831
1.86,14,271.912325
1.82,18,271.918149
3.83,17,271.923572
3.85,15,271.92871
1.84,16,271.934624
3.86,14,272.222507
3.81,19,272.228859
1.87,13,272.233578
1.84,16,272.238793
1.81,19,272.245131
3.81,19,272.251897
1.85,15,272.257028
1.84,16,272.263206
5.79,21,272.565572
1.87,13,272.569931
1.82,18,272.57581
1.84,16,272.58102
1.86,14,272.585582
3.8,20,272.592644
3.82,18,272.598913
1.86,14,272.60413
1.81,19,272.921521
5.76,24,272.929658
1.88,12,272.934063
3.86,14,272.938876
3.82,18,272.945243
3.83,17,272.951893
3.84,16,272.957662
5.83,17,273.296041
1.8,20,273.302452
1.87,13,273.306537
3.79,21,273.313034
1.83,17,273.318312
3.84,16,273.323252
5.8,20,273.329419
1.88,12,273.333148
5.78,22,273.642501
3.82,18,273.650226
1.87,13,273.654419
1.8,20,273.661644
3.81,19,273.667878
1.81,19,273.673997
5.82,18,273.679691
3.8,20,273.988854
3.81,19,273.995745
1.83,17,274.001239
1.77,23,274.009063
3.76,24,274.017926
1.86,14,274.0224
3.85,15,274.306044
5.84,16,274.311403
1.88,12,274.315207
1.87,13,274.319368
1.87,13,274.323542
3.8,20,274.329764
3.82,18,274.335341
1.87,13,274.339388
1.85,15,274.344106
5.79,21,274.642445
1.82,18,274.648177
3.81,19,274.654688
1.85,15,274.65955
5.8,20,274.666674
5.83,17,274.672659
1.87,13,274.677031
3.84,16,274.960424
1.82,18,274.96653
1.87,13,274.970762
3.83,17,274.97621
1.83,17,274.983429
1.87,13,274.987778
1.82,18,274.993623
3.78,22,275.000434
1.85,15,275.323525
5.73,27,275.332571
3.84,16,275.337648
3.86,14,275.342064
1.86,14,275.346496
3.86,14,275.351437
1.83,17,275.35692
3.81,19,275.72579
3.8,20,275.732583
5.8,20,275.738932
3.78,22,275.745971
3.84,16,275.751064
1.79,21,275.758922
5.76,24,275.766949
1.87,13,276.10943
3.82,18,276.115116
13.77,23,276.122266
13.79,21,276.128765
1.78,22,276.135507
3.81,19,276.141444
3.83,17,276.410105
1.83,17,276.416495
1.81,19,276.422627
13.73,27,276.43173
1.86,14,276.436309
1.85,15,276.441088
5.77,23,276.448355
1.85,15,276.783651
1.87,13,276.787863
3.81,19,276.794195
3.81,19,276.800283
3.8,20,276.806737
1.79,21,276.814782
3.78,22,276.822498
3.83,17,277.166828
5.8,20,277.17322
1.86,14,277.177616
1.72,28,277.186835
3.82,18,277.192557
1.82,18,277.198797
1.86,14,277.203266
1.7,30,277.589266
1.8,20,277.596223
1.8,20,277.602982
1.71,29,277.612283
1.78,22,277.619797
1.85,15,277.62528
3.66,34,277.960338
3.76,24,277.968873
13.74,26,277.979008
1.77,23,277.988584
5.76,24,278.398428
1.72,28,278.408985
3.72,28,278.419553
1.71,29,278.431079
1.83,17,278.437365
1.81,19,278.444079
3.71,29,278.804138
5.73,27,278.813648
1.72,28,278.823555
1.85,15,278.829624
5.69,31,278.839816
1.8,20,279.19097
1.85,15,279.195855
5.8,20,279.202598
3.79,21,279.209338
13.74,26,279.218806
1.72,28,279.22834
1.86,14,279.545893
5.8,20,279.552472
3.79,21,279.560674
13.75,25,279.569278
1.79,21,279.576157
5.83,17,279.581506
1.87,13,279.857538
1.82,18,279.864047
1.82,18,279.869947
1.83,17,279.875416
3.78,22,279.883103
3.71,29,279.892282
3.85,15,279.898131
1.69,31,280.296734
1.75,25,280.305763
5.78,22,280.312679
1.84,16,280.318959
3.82,18,280.32508
1.83,17,280.33056
3.78,22,280.632835
5.8,20,280.640114
5.82,18,280.645931
3.83,17,280.653063
5.75,25,280.662653
3.79,21,280.670853
13.76,24,280.962787
1.87,13,280.966954
1.82,18,280.97355
1.78,22,280.981664
1.86,14,280.98618
1.83,17,280.991894
3.82,18,280.997927
3.82,18,281.339734
5.74,26,281.348588
5.81,19,281.354653
1.82,18,281.361039
13.74,26,281.369681
1.84,16,281.374747
5.81,19,281.681103
3.76,24,281.690593
3.83,17,281.696615
5.82,18,281.702709
3.78,22,281.710433
5.82,18,281.717576
1.86,14,281.722824
13.81,19,282.069261
3.83,17,282.074704
1.85,15,282.079391
5.78,22,282.087687
1.87,13,282.091913
1.81,19,282.098378
5.78,22,282.105679
3.84,16,282.45632
1.87,13,282.460766
1.82,18,282.467011
5.8,20,282.473449
3.82,18,282.4791
3.85,15,282.484299
1.88,12,282.488186
5.8,20,282.495337
5.81,19,282.818138
5.79,21,282.825869
1.77,23,282.833714
1.82,18,282.840134
3.81,19,282.8476
1.85,15,282.852676
1.82,18,282.858801
1.89,11,283.1988
1.77,23,283.206318
1.87,13,283.210545
1.8,20,283.216937
3.81,19,283.223047
1.77,23,283.230888
13.8,20,283.237385
1.8,20,283.585256
5.84,16,283.591098
3.82,18,283.597233
1.81,19,283.603375
1.88,12,283.607292
3.83,17,283.612708
3.75,25,283.620884
5.8,20,283.994944
1.83,17,284.000779
1.79,21,284.007448
3.82,18,284.013077
1.85,15,284.017999
13.74,26,284.026177
1.83,17,284.031932
1.8,20,284.335338
3.85,15,284.340299
13.82,18,284.346067
5.81,19,284.353267
1.83,17,284.358699
5.83,17,284.364505
1.79,21,284.37108
1.85,15,284.690458
3.84,16,284.696372
1.85,15,284.701267
1.88,12,284.705544
3.81,19,284.71189
1.89,11,284.717146
5.83,17,284.722854
3.82,18,284.729313
1.86,14,285.023465
1.79,21,285.030169
1.86,14,285.034559
1.81,19,285.040468
5.83,17,285.045756
1.88,12,285.049518
1.86,14,285.054011
3.87,13,285.058175
3.79,21,285.379419
1.81,19,285.385476
1.87,13,285.38958
1.81,19,285.395975
3.83,17,285.401489
1.81,19,285.407452
3.85,15,285.412181
1.88,12,285.415968
5.84,16,285.713873
1.82,18,285.720525
3.84,16,285.725697
1.81,19,285.731888
5.82,18,285.737552
1.83,17,285.743455
5.77,23,285.750722
13.75,25,286.076936
5.77,23,286.085235
5.8,20,286.091639
5.83,17,286.096991
3.87,13,286.101118
5.83,17,286.106434
3.8,20,286.379156
3.8,20,286.385552
3.78,22,286.393074
1.79,21,286.399706
5.84,16,286.404694
3.87,13,286.408744
1.82,18,286.414276
1.9,10,286.417424
3.83,17,286.752201
13.83,17,286.758089
3.83,17,286.763739
3.84,16,286.768792
1.84,16,286.773814
3.83,17,286.779126
1.9,10,286.782296
1.83,17,286.788063
1.82,18,287.062147
1.89,11,287.066064
5.83,17,287.071671
1.87,13,287.076613
1.79,21,287.083893
3.81,19,287.090218
1.85,15,287.095204
1.83,17,287.100623
5.83,17,287.416263
1.88,12,287.42066
1.86,14,287.425421
3.86,14,287.42994
5.82,18,287.435655
3.85,15,287.440346
1.85,15,287.445029
13.82,18,287.450621
1.82,18,287.73457
1.86,14,287.739063
3.83,17,287.745002
3.84,16,287.750095
3.81,19,287.756202
1.81,19,287.762574
13.8,20,287.768853
1.84,16,288.075312
3.85,15,288.08018
5.81,19,288.086655
5.79,21,288.093697
3.76,24,288.101716
5.8,20,288.108303
3.8,20,288.115343
3.84,16,288.461923
1.81,19,288.468339
1.88,12,288.472733
1.8,20,288.479172
1.85,15,288.484121
5.82,18,288.489931
3.84,16,288.495968
1.89,11,288.499553
5.81,19,288.824088
1.83,17,288.830961
5.8,20,288.837501
1.86,14,288.841957
3.85,15,288.846635
3.82,18,288.853459
1.84,16,288.85901
1.83,17,289.170534
13.74,26,289.179419
3.8,20,289.186104
3.84,16,289.191912
3.82,18,289.198106
1.79,21,289.204858
1.78,22,289.211832
1.86,14,289.600803
1.86,14,289.605525
1.86,14,289.610208
3.86,14,289.616147
1.85,15,289.621517
3.77,23,289.629477
1.83,17,289.63493
1.86,14,289.639374
3.85,15,289.982961
3.83,17,289.988385
5.75,25,289.99739
1.8,20,290.003805
3.82,18,290.009853
1.83,17,290.015408
1.86,14,290.020163
1.84,16,290.386453
1.88,12,290.390372
1.87,13,290.395222
3.86,14,290.399805
1.78,22,290.406652
13.79,21,290.413176
1.82,18,290.420159
5.84,16,290.425791
5.83,17,290.764705
1.84,16,290.770335
3.78,22,290.77762
5.82,18,290.78394
3.77,23,290.791627
1.82,18,290.79757
1.79,21,291.083163
13.76,24,291.091994
1.85,15,291.097121
1.81,19,291.103436
3.8,20,291.109736
1.8,20,291.116978
3.86,14,291.121457
1.84,16,291.490488
13.71,29,291.500397
3.86,14,291.505215
1.84,16,291.51089
-0.15,15,291.516368
1.81,19,291.523318
5.76,24,291.532335
1.86,14,291.917014
1.88,12,291.921034
1.84,16,291.92688
5.84,16,291.932271
3.83,17,291.937994
1.78,22,291.945651
1.84,16,291.951149
3.83,17,291.957085
1.85,15,292.308023
1.84,16,292.314729
1.82,18,292.320717
3.87,13,292.325096
1.88,12,292.329396
1.82,18,292.335163
1.8,20,292.341868
3.85,15,292.347216
3.84,16,292.66827
1.88,12,292.672295
1.85,15,292.677152
1.82,18,292.682902
3.79,21,292.690804
3.84,16,292.696483
1.81,19,292.702539
5.8,20,293.021352
13.78,22,293.028902
1.86,14,293.033402
1.83,17,293.038718
1.81,19,293.044677
1.82,18,293.051817
1.81,19,293.058372
3.84,16,293.063854
1.83,17,293.40036
1.85,15,293.406006
1.83,17,293.411457
3.81,19,293.418383
1.83,17,293.424179
5.82,18,293.430146
5.78,22,293.437451
1.82,18,293.77049
-0.16,16,293.776045
1.85,15,293.781014
3.83,17,293.787012
3.81,19,293.793648
13.78,22,293.800868
1.84,16,293.805946
3.84,16,294.127122
3.83,17,294.132632
1.86,14,294.137623
1.83,17,294.142999
1.84,16,294.147973
3.79,21,294.155333
5.83,17,294.161081
5.82,18,294.166791
1.87,13,294.471356
1.84,16,294.476436
1.86,14,294.481411
1.84,16,294.48681
1.87,13,294.491073
1.89,11,294.494875
1.88,12,294.498734
1.86,14,294.503116
1.87,13,294.507172
5.8,20,294.777513
3.83,17,294.783549
1.85,15,294.788762
3.84,16,294.79445
5.81,19,294.80051
1.81,19,294.806915
5.78,22,294.81392
1.83,17,295.142082
1.85,15,295.147043
1.87,13,295.151728
3.78,22,295.158743
1.83,17,295.16477
5.82,18,295.170458
3.8,20,295.176681
3.85,15,295.486346
1.84,16,295.491672
3.87,13,295.496424
1.85,15,295.501344
3.86,14,295.505764
1.84,16,295.510774
5.83,17,295.516089
13.83,17,295.522144
1.8,20,295.825273
3.8,20,295.831788
1.88,12,295.83611
3.83,17,295.841559
3.85,15,295.846296
1.84,16,295.851273
3.76,24,295.859241
5.85,15,295.864142
5.79,21,296.218708
1.87,13,296.223592
1.84,16,296.228854
5.77,23,296.236031
1.79,21,296.242523
1.9,10,296.245707
3.76,24,296.253973
1.85,15,296.605065
3.84,16,296.610163
1.84,16,296.615697
1.83,17,296.6212
3.87,13,296.625739
3.87,13,296.629975
1.84,16,296.635093
3.83,17,296.640483
3.77,23,296.919719
1.86,14,296.924223
13.77,23,296.931343
3.79,21,296.937806
1.85,15,296.942425
1.78,22,296.949153
1.82,18,296.954681
1.88,12,297.296026
3.83,17,297.301711
1.84,16,297.307129
1.88,12,297.311007
1.87,13,297.315121
1.84,16,297.321754
1.86,14,297.32628
3.84,16,297.331794
1.83,17,297.337186
1.86,14,297.604421
1.83,17,297.609788
3.82,18,297.615384
3.78,22,297.622159
3.85,15,297.626783
3.83,17,297.632047
3.86,14,297.636365
3.86,14,297.968772
3.81,19,297.975392
1.82,18,297.981851
5.77,23,297.98969
5.74,26,297.998223
1.85,15,298.003276
1.85,15,298.008333
1.82,18,298.367127
1.84,16,298.372237
5.78,22,298.379062
1.81,19,298.385155
3.84,16,298.390559
3.85,15,298.395523
1.89,11,298.399226
1.86,14,298.403974
1.81,19,298.744564
1.86,14,298.751127
3.8,20,298.757624
1.87,13,298.762564
13.79,21,298.769426
3.82,18,298.775537
1.78,22,298.782876
3.86,14,299.124335
1.85,15,299.129211
5.83,17,299.135094
3.81,19,299.141091
1.81,19,299.14815
1.88,12,299.152142
1.82,18,299.158182
1.82,18,299.164589
1.85,15,299.464165
3.83,17,299.469556
1.81,19,299.475436
1.84,16,299.480454
3.82,18,299.486664
1.87,13,299.491104
3.83,17,299.496928
5.79,21,299.794954
1.86,14,299.799492
1.82,18,299.806134
1.9,10,299.809499
1.89,11,299.813001
1.83,17,299.818831
3.83,17,299.824278
3.84,16,299.830215
1.86,14,299.83512
1.88,12,300.127814
1.86,14,300.132559
3.81,19,300.138596
1.87,13,300.142748
3.82,18,300.148416
1.85,15,300.153903
1.84,16,300.159113
3.85,15,300.163897
1.83,17,300.463455
1.87,13,300.467655
1.85,15,300.47313
3.78,22,300.481401
5.81,19,300.488124
1.81,19,300.494332
3.84,16,300.499631
5.78,22,300.832744
1.87,13,300.837042
3.86,14,300.841799
1.87,13,300.846307
5.83,17,300.851963
1.79,21,300.85911
5.78,22,300.866466
1.86,14,300.870928
1.86,14,301.208149
1.84,16,301.214118
3.84,16,301.219979
3.8,20,301.226937
3.84,16,301.23252
3.76,24,301.240677
1.88,12,301.244737
13.81,19,301.251009
1.83,17,301.620635
5.85,15,301.626032
1.83,17,301.631982
1.86,14,301.636757
3.83,17,301.642517
1.83,17,301.647906
3.81,19,301.653984
3.87,13,301.658069
1.79,21,301.960301
1.83,17,301.966354
1.84,16,301.971427
5.78,22,301.978234
1.86,14,301.982559
3.77,23,301.990138
1.86,14,301.995243
1.85,15,302.352645
5.79,21,302.359865
1.77,23,302.367714
13.78,22,302.374638
1.87,13,302.378749
1.85,15,302.384602
1.8,20,302.391386
3.83,17,302.740681
5.84,16,302.7462
13.83,17,302.751858
3.83,17,302.757941
3.81,19,302.764037
5.81,19,302.770471
1.89,11,302.774359
3.87,13,302.778547
3.84,16,303.074629
3.79,21,303.082531
1.86,14,303.087566
1.86,14,303.092563
5.8,20,303.099348
3.86,14,303.103861
5.82,18,303.109427
1.88,12,303.437657
3.86,14,303.442448
1.78,22,303.449477
1.82,18,303.455672
5.84,16,303.461497
3.78,22,303.468472
3.76,24,303.47639
1.85,15,303.832022
1.79,21,303.838875
1.85,15,303.843702
1.87,13,303.847854
13.81,19,303.855132
1.86,14,303.860128
3.83,17,303.866127
3.84,16,303.871238
1.81,19,304.199782
3.77,23,304.207042
1.87,13,304.211162
3.85,15,304.215864
5.8,20,304.222652
1.84,16,304.228249
1.86,14,304.232936
1.83,17,304.238622
3.78,22,304.572139
3.82,18,304.578361
3.86,14,304.583852
3.86,14,304.588608
5.85,15,304.593863
13.73,27,304.602666
1.87,13,304.607274
1.9,10,304.95094
3.83,17,304.956402
3.76,24,304.964973
1.84,16,304.970127
1.89,11,304.973604
1.86,14,304.977986
1.81,19,304.985261
1.85,15,304.990996
1.83,17,305.333889
1.82,18,305.340691
3.81,19,305.347087
1.84,16,305.352903
1.87,13,305.357086
5.81,19,305.363104
5.78,22,305.370215
1.86,14,305.68333
3.84,16,305.688445
3.86,14,305.693275
1.84,16,305.698401
3.84,16,305.703458
1.79,21,305.710459
3.81,19,305.717337
13.83,17,305.722798
1.83,17,306.048627
1.89,11,306.052192
1.8,20,306.059734
1.87,13,306.063853
3.82,18,306.069907
1.88,12,306.073798
1.83,17,306.079092
1.88,12,306.082866
5.82,18,306.385686
1.84,16,306.390808
5.82,18,306.397087
1.87,13,306.401275
5.78,22,306.408755
1.84,16,306.413964
5.76,24,306.421606
1.86,14,306.425981
5.83,17,306.779028
1.8,20,306.786463
1.81,19,306.792657
3.81,19,306.798865
3.78,22,306.806534
3.85,15,306.811656
1.85,15,306.817486
13.73,27,307.152692
5.78,22,307.1604
1.86,14,307.165028
1.85,15,307.170178
5.84,16,307.175258
5.78,22,307.1826
3.85,15,307.468792
3.83,17,307.47488
5.83,17,307.482069
3.83,17,307.487926
13.77,23,307.495155
3.84,16,307.500293
1.85,15,307.505226
1.8,20,307.511613
1.83,17,307.818777
5.81,19,307.825349
1.87,13,307.829512
3.84,16,307.834596
1.88,12,307.838414
1.82,18,307.84406
5.82,18,307.849664
1.85,15,307.855074
1.83,17,308.151497
13.79,21,308.15906
1.83,17,308.164636
1.86,14,308.169084
1.86,14,308.173502
5.77,23,308.180682
3.83,17,308.186437
3.79,21,308.502026
13.75,25,308.509949
1.87,13,308.514044
3.86,14,308.518788
1.87,13,308.52326
3.84,16,308.528459
3.77,23,308.535851
1.77,23,308.919137
1.86,14,308.923818
1.85,15,308.929045
13.79,21,308.935715
1.86,14,308.940141
1.88,12,308.943941
1.85,15,308.94864
1.84,16,308.955197
3.81,19,309.280649
1.86,14,309.285252
5.81,19,309.292179
3.84,16,309.297854
3.8,20,309.305018
1.86,14,309.310399
3.82,18,309.317905
5.81,19,309.627296
3.85,15,309.632624
1.84,16,309.638752
5.78,22,309.646014
1.83,17,309.652443
3.84,16,309.657936
3.86,14,309.662549
1.88,12,309.666361
3.81,19,310.009346
1.84,16,310.015184
1.9,10,310.018987
1.8,20,310.025387
5.83,17,310.030813
1.83,17,310.036454
1.8,20,310.042935
3.83,17,310.050255
3.86,14,310.372761
3.83,17,310.378267
5.8,20,310.389936
1.81,19,310.397159
3.81,19,310.403413
3.88,12,310.407733
3.83,17,310.413329
1.79,21,310.728541
3.84,16,310.733762
1.88,12,310.738261
3.76,24,310.745905
3.86,14,310.750605
1.84,16,310.757617
5.83,17,310.763859
1.8,20,310.770657
1.88,12,311.139587
1.84,16,311.144638
5.82,18,311.154051
3.82,18,311.161232
3.76,24,311.169158
1.84,16,311.174366
5.83,17,311.186163
3.85,15,311.536523
1.83,17,311.541984
5.82,18,311.548283
3.79,21,311.555867
1.88,12,311.55978
3.83,17,311.565222
1.84,16,311.570588
1.87,13,311.574768
3.79,21,311.911606
1.87,13,311.916464
3.83,17,311.922203
3.82,18,311.928406
5.81,19,311.934964
1.82,18,311.940682
3.82,18,311.94658
1.88,12,311.951863
1.81,19,312.263575
1.88,12,312.267918
1.89,11,312.271615
3.8,20,312.277931
3.83,17,312.283257
1.78,22,312.290796
5.81,19,312.297321
13.82,18,312.631612
3.82,18,312.637307
1.87,13,312.642466
1.85,15,312.648072
5.82,18,312.65423
3.86,14,312.658677
3.81,19,312.664711
5.83,17,312.67007
3.8,20,312.983935
1.86,14,312.988548
5.85,15,312.993278
3.78,22,313.000954
3.85,15,313.005966
3.87,13,313.010825
3.87,13,313.015558
1.85,15,313.020851
1.84,16,313.348149
1.82,18,313.355339
1.86,14,313.360001
1.81,19,313.366374
1.87,13,313.370676
13.84,16,313.37631
5.78,22,313.384876
3.81,19,313.702421
1.87,13,313.707125
1.85,15,313.712193
13.78,22,313.719856
5.8,20,313.726743
3.86,14,313.731223
1.81,19,313.737718
1.83,17,313.743507
1.81,19,314.081294
1.87,13,314.085515
3.84,16,314.091049
5.77,23,314.098813
3.81,19,314.10491
3.83,17,314.110234
1.84,16,314.11522
3.86,14,314.454113
5.84,16,314.459306
1.88,12,314.463907
1.78,22,314.471189
1.88,12,314.475132
3.8,20,314.482903
5.83,17,314.488277
13.84,16,314.493835
1.83,17,314.823051
3.81,19,314.829336
1.78,22,314.836729
1.9,10,314.839992
1.8,20,314.846274
1.87,13,314.850918
3.84,16,314.855978
13.76,24,315.182851
3.79,21,315.189647
3.82,18,315.195851
3.81,19,315.201883
1.84,16,315.20692
3.8,20,315.21323
3.8,20,315.219742
1.88,12,315.536349
1.89,11,315.540024
1.87,13,315.544146
1.85,15,315.550155
1.89,11,315.553707
1.87,13,315.558195
3.81,19,315.564941
3.82,18,315.571245
3.84,16,315.57645
1.82,18,315.879344
1.83,17,315.884781
3.79,21,315.891737
3.83,17,315.897448
1.87,13,315.901658
1.88,12,315.905615
3.81,19,315.911588
3.85,15,315.91629
3.88,12,316.23817
1.83,17,316.243662
1.85,15,316.248362
1.87,13,316.252461
5.76,24,316.260191
3.82,18,316.265863
1.85,15,316.270556
1.84,16,316.275554
3.8,20,316.622908
3.77,23,316.630403
1.8,20,316.636771
3.8,20,316.64311
3.8,20,316.649454
3.85,15,316.655791
1.86,14,316.660273
1.81,19,316.930016
3.85,15,316.935015
1.82,18,316.940787
1.84,16,316.94588
1.86,14,316.951137
3.8,20,316.957785
1.84,16,316.962968
1.84,16,317.269674
1.81,19,317.275694
5.81,19,317.28157
5.84,16,317.287158
13.73,27,317.296019
1.86,14,317.300518
3.8,20,317.306743
13.75,25,317.690873
3.83,17,317.696868
1.83,17,317.702315
1.81,19,317.708437
1.84,16,317.715841
5.81,19,317.721962
3.82,18,317.727629
1.88,12,318.018513
1.87,13,318.022739
3.87,13,318.027376
3.84,16,318.032673
1.87,13,318.03699
1.87,13,318.041465
1.82,18,318.047163
3.79,21,318.053814
1.8,20,318.377943
1.87,13,318.383389
5.78,22,318.390917
3.85,15,318.395941
3.81,19,318.402199
5.78,22,318.409277
13.78,22,318.416278
5.8,20,318.745991
5.84,16,318.753201
1.8,20,318.76006
3.85,15,318.765259
1.85,15,318.770111
3.84,16,318.775508
3.83,17,318.780878
1.85,15,318.785787
1.86,14,319.091572
5.81,19,319.09813
3.83,17,319.103622
1.86,14,319.108018
1.82,18,319.113582
1.8,20,319.12093
1.83,17,319.127261
1.87,13,319.448063
1.84,16,319.453211
1.81,19,319.459992
1.86,14,319.46449
1.81,19,319.471175
1.79,21,319.478028
1.8,20,319.484445
1.87,13,319.488748
3.8,20,319.81912
13.77,23,319.827236
3.81,19,319.83385
1.85,15,319.838727
1.83,17,319.844195
1.85,15,319.848901
3.79,21,319.856742
1.86,14,320.197722
3.83,17,320.203586
1.82,18,320.209411
5.82,18,320.215758
1.87,13,320.220054
3.78,22,320.227878
3.85,15,320.23322
3.85,15,320.557337
1.85,15,320.562212
3.79,21,320.569317
1.84,16,320.574509
3.86,14,320.579483
1.86,14,320.58397
1.86,14,320.58868
1.86,14,320.593095
1.82,18,320.599304
5.86,14,320.912769
1.85,15,320.921294
1.85,15,320.926691
3.82,18,320.933257
1.88,12,320.93712
1.79,21,320.9443
5.81,19,320.951337
3.83,17,321.279178
3.84,16,321.28592
3.86,14,321.290802
3.8,20,321.29756
1.8,20,321.304099
1.81,19,321.31071
5.85,15,321.316749
3.83,17,321.32262
1.87,13,321.653077
1.8,20,321.660005
5.75,25,321.668134
3.77,23,321.676424
5.81,19,321.683068
1.84,16,321.688178
5.81,19,321.984836
1.81,19,321.991293
1.82,18,321.998412
1.84,16,322.00357
1.85,15,322.008598
1.87,13,322.012721
1.84,16,322.017989
1.86,14,322.022785
1.85,15,322.325493
5.73,27,322.334252
1.88,12,322.338786
5.75,25,322.347495
13.82,18,322.353225
1.83,17,322.359561
1.84,16,322.365006
1.85,15,322.774088
1.78,22,322.783423
1.8,20,322.790361
1.86,14,322.795225
3.81,19,322.801414
3.83,17,322.807763
1.84,16,322.813036
1.8,20,323.144957
1.83,17,323.151671
3.84,16,323.157277
3.86,14,323.161823
1.83,17,323.167121
1.86,14,323.171583
1.86,14,323.176529
3.82,18,323.183399
1.83,17,323.474522
1.89,11,323.478156
1.89,11,323.481631
5.76,24,323.489269
5.75,25,323.498251
1.82,18,323.504782
1.83,17,323.510194
1.84,16,323.516897
1.85,15,323.901729
1.85,15,323.906494
13.79,21,323.913364
3.79,21,323.920317
3.83,17,323.926159
13.77,23,323.933942
1.83,17,323.93955
1.85,15,324.275867
3.83,17,324.28282
1.87,13,324.287334
5.78,22,324.294892
1.84,16,324.29998
3.84,16,324.305317
1.85,15,324.31011
1.82,18,324.64031
1.83,17,324.645972
1.84,16,324.652919
3.87,13,324.658277
1.83,17,324.664106
1.8,20,324.670795
3.86,14,324.675642
1.86,14,324.68058
1.81,19,324.999647
3.83,17,325.005146
3.84,16,325.010667
3.82,18,325.016723
13.78,22,325.023917
3.86,14,325.028372
1.85,15,325.033144
1.87,13,325.037278
1.88,12,325.380767
1.8,20,325.388505
1.88,12,325.392815
3.8,20,325.399223
1.84,16,325.405026
1.87,13,325.409386
5.8,20,325.416173
1.85,15,325.421497
1.89,11,325.738671
3.81,19,325.744839
3.81,19,325.750756
1.83,17,325.757577
3.79,21,325.764607
3.79,21,325.771378
3.8,20,325.777858
3.84,16,326.090226
3.8,20,326.096624
5.79,21,326.104533
1.87,13,326.108818
5.79,21,326.115981
1.83,17,326.121418
3.82,18,326.127891
1.8,20,326.45854
1.84,16,326.46387
1.87,13,326.467959
1.87,13,326.472071
3.85,15,326.476722
1.86,14,326.48146
1.81,19,326.488094
1.88,12,326.49238
5.8,20,326.798304
3.83,17,326.803812
1.84,16,326.808887
13.77,23,326.815995
3.81,19,326.822518
1.82,18,326.82887
1.8,20,326.835452
1.87,13,326.84004
3.78,22,327.182173
5.85,15,327.187722
1.89,11,327.191655
3.79,21,327.198324
1.85,15,327.20302
1.89,11,327.206492
5.84,16,327.211487
3.87,13,327.215582
1.84,16,327.55808
13.76,24,327.566161
5.82,18,327.571957
1.8,20,327.578288
1.84,16,327.583278
3.82,18,327.589936
1.87,13,327.594125
1.84,16,327.94382
3.82,18,327.949764
1.84,16,327.95581
1.85,15,327.960593
1.88,12,327.964849
3.83,17,327.970434
1.9,10,327.973693
3.87,13,327.977806
1.83,17,327.983153
3.84,16,328.278669
1.85,15,328.283621
1.81,19,328.289592
3.82,18,328.295958
5.77,23,328.30329
13.76,24,328.311136
1.82,18,328.60529
1.86,14,328.609901
1.79,21,328.616415
1.83,17,328.621828
3.78,22,328.62871
3.83,17,328.634163
3.77,23,328.641514
1.8,20,329.04285
1.87,13,329.048132
3.85,15,329.053625
13.78,22,329.061036
1.8,20,329.067569
3.83,17,329.073373
5.76,24,329.08174
1.89,11,329.458226
1.78,22,329.466054
3.77,23,329.473488
1.85,15,329.478636
3.87,13,329.482832
1.81,19,329.489981
1.85,15,329.494848
5.75,25,329.852303
1.86,14,329.857408
3.84,16,329.863086
3.84,16,329.86813
1.85,15,329.873388
1.84,16,329.878422
3.83,17,329.884025
3.77,23,329.891396
1.85,15,330.248949
1.88,12,330.252912
5.8,20,330.260375
1.86,14,330.265338
1.86,14,330.269795
13.78,22,330.276905
5.86,14,330.282703
5.84,16,330.287994
1.83,17,330.63289
3.85,15,330.638292
3.8,20,330.645307
1.85,15,330.651255
5.83,17,330.656744
1.84,16,330.662229
3.86,14,330.667154
3.77,23,330.990086
3.79,21,330.996888
1.83,17,331.002877
5.79,21,331.009536
1.87,13,331.013634
1.9,10,331.016952
3.8,20,331.023905
1.81,19,331.030583
3.8,20,331.373107
3.87,13,331.37732
1.88,12,331.382625
3.85,15,331.388399
1.86,14,331.393671
13.79,21,331.400681
1.87,13,331.405166
3.84,16,331.410178
1.81,19,331.746871
13.82,18,331.75365
1.83,17,331.759132
1.86,14,331.764653
3.79,21,331.771354
1.89,11,331.77567
5.76,24,331.786744
3.79,21,332.140622
3.8,20,332.147504
1.84,16,332.158376
3.84,16,332.16431
5.81,19,332.170501
3.84,16,332.176433
1.83,17,332.182497
1.84,16,332.495112
1.83,17,332.500804
3.85,15,332.505759
3.82,18,332.511463
1.82,18,332.517471
3.87,13,332.521768
1.87,13,332.525892
1.87,13,332.530101
5.84,16,332.535148
1.79,21,332.835695
1.82,18,332.841522
3.87,13,332.845688
1.86,14,332.85128
1.85,15,332.856136
1.86,14,332.860535
3.81,19,332.866498
1.87,13,332.870576
1.82,18,333.182024
1.82,18,333.188111
1.86,14,333.192661
3.8,20,333.199765
3.85,15,333.204651
1.87,13,333.2089
1.82,18,333.215279
5.8,20,333.525586
1.83,17,333.531128
3.83,17,333.537063
13.77,23,333.545065
3.85,15,333.550602
3.81,19,333.557306
1.82,18,333.56332
13.83,17,333.897397
3.84,16,333.902696
1.87,13,333.907502
1.9,10,333.910924
3.82,18,333.918026
5.75,25,333.926268
13.8,20,333.932658
3.81,19,333.939103
3.81,19,334.318005
13.77,23,334.32601
1.79,21,334.333215
1.84,16,334.338423
1.88,12,334.342194
1.88,12,334.346039
1.85,15,334.352677
1.87,13,334.357107
5.79,21,334.715925
1.87,13,334.720389
1.84,16,334.725972
3.81,19,334.732543
5.81,19,334.738611
1.83,17,334.743899
1.87,13,334.748003
5.77,23,335.061603
1.88,12,335.066052
3.86,14,335.070987
1.83,17,335.076624
3.82,18,335.084322
1.83,17,335.089845
1.81,19,335.096866
1.88,12,335.100707
1.84,16,335.406008
1.89,11,335.409645
1.85,15,335.414893
3.8,20,335.421495
1.84,16,335.427163
5.84,16,335.432452
3.84,16,335.437959
3.87,13,335.44213
1.82,18,335.749912
3.83,17,335.755348
3.8,20,335.761588
1.85,15,335.766243
3.81,19,335.772195
5.79,21,335.778701
5.76,24,335.787092
1.81,19,336.141031
1.87,13,336.145255
1.78,22,336.152678
1.82,18,336.158765
5.75,25,336.166904
3.8,20,336.173191
1.86,14,336.177542
3.81,19,336.551286
5.8,20,336.558297
1.82,18,336.564472
3.84,16,336.569679
1.84,16,336.574885
1.87,13,336.579097
3.77,23,336.586558
3.85,15,336.912262
3.8,20,336.918642
13.82,18,336.924252
1.82,18,336.929904
1.81,19,336.935838
1.88,12,336.939688
1.89,11,336.943126
3.82,18,336.94869
1.83,17,337.256729
3.82,18,337.26272
1.83,17,337.268177
5.8,20,337.274873
1.87,13,337.279138
1.86,14,337.285113
1.85,15,337.289919
1.87,13,337.294583
5.77,23,337.603945
1.84,16,337.609507
1.81,19,337.615478
1.84,16,337.620986
3.86,14,337.625532
1.85,15,337.630315
3.81,19,337.636308
1.83,17,337.932595
5.84,16,337.937944
1.84,16,337.942968
1.83,17,337.949205
3.82,18,337.955301
1.84,16,337.96067
1.88,12,337.964759
5.79,21,337.972795
13.79,21,338.301562
1.83,17,338.307491
5.77,23,338.314744
1.87,13,338.319302
1.83,17,338.324787
1.83,17,338.330364
1.82,18,338.336295
5.79,21,338.688711
1.89,11,338.692282
1.83,17,338.697628
1.84,16,338.702649
5.83,17,338.708525
3.84,16,338.713766
1.8,20,338.720727
1.87,13,338.724927
1.88,12,339.033819
1.87,13,339.038181
1.83,17,339.043992
1.82,18,339.051174
3.84,16,339.056664
1.86,14,339.061111
5.82,18,339.067374
5.81,19,339.073406
3.76,24,339.380076
1.88,12,339.384702
1.81,19,339.391063
5.84,16,339.397056
3.83,17,339.402768
1.81,19,339.408816
3.84,16,339.414284
1.87,13,339.717422
3.84,16,339.724472
5.79,21,339.731414
5.76,24,339.739695
1.81,19,339.745751
5.82,18,339.751674
1.87,13,339.755755
3.77,23,340.125218
3.85,15,340.130461
3.84,16,340.135716
3.86,14,340.140671
1.88,12,340.145118
1.86,14,340.150265
1.82,18,340.15703
5.8,20,340.163736
1.83,17,340.479165
1.83,17,340.484689
5.77,23,340.492943
3.81,19,340.499464
3.82,18,340.505294
1.85,15,340.510432
1.88,12,340.515016
5.84,16,340.520272
3.82,18,340.875655
1.85,15,340.881041
3.82,18,340.887389
13.79,21,340.89525
1.83,17,340.901079
3.82,18,340.907536
1.84,16,340.914288
13.77,23,341.249904
5.79,21,341.257535
3.8,20,341.264353
1.87,13,341.268548
1.83,17,341.273822
5.77,23,341.280944
1.87,13,341.285261
3.84,16,341.637709
5.81,19,341.643885
1.81,19,341.650694
3.86,14,341.655861
1.83,17,341.661765
5.8,20,341.668712
3.8,20,341.675005
3.82,18,341.998452
1.81,19,342.005092
1.83,17,342.0106
1.88,12,342.01497
3.77,23,342.022222
1.86,14,342.027134
3.86,14,342.03162
1.88,12,342.035376
3.88,12,342.385648
3.81,19,342.39175
1.88,12,342.396237
1.83,17,342.401654
1.84,16,342.407465
1.84,16,342.412498
1.88,12,342.41683
1.83,17,342.422195
1.83,17,342.726533
1.84,16,342.731658
5.78,22,342.739128
3.85,15,342.743953
5.8,20,342.750372
3.86,14,342.755094
1.85,15,342.760178
3.85,15,342.765592
1.85,15,343.119792
1.83,17,343.125897
5.79,21,343.132801
1.82,18,343.139113
3.8,20,343.14544
1.82,18,343.152008
13.78,22,343.159817
3.85,15,343.504392
1.85,15,343.509469
5.82,18,343.515643
1.88,12,343.519556
1.85,15,343.524926
5.81,19,343.531425
13.84,16,343.537085
13.79,21,343.544111
1.82,18,343.887796
3.85,15,343.893652
3.86,14,343.898168
3.85,15,343.903579
1.86,14,343.90866
1.88,12,343.912677
5.83,17,343.918532
13.81,19,343.925069
1.84,16,344.230911
5.78,22,344.237832
5.8,20,344.243996
3.87,13,344.250552
5.82,18,344.256506
5.81,19,344.26259
1.85,15,344.267251
1.84,16,344.602058
3.82,18,344.607803
5.77,23,344.614901
13.78,22,344.622344
1.83,17,344.628373
1.88,12,344.632241
1.84,16,344.637225
1.87,13,344.641249
3.79,21,344.999906
1.86,14,345.005102
3.83,17,345.010603
3.85,15,345.015332
1.83,17,345.021089
3.77,23,345.028241
3.81,19,345.034633
5.83,17,345.381461
3.83,17,345.387016
1.88,12,345.390886
1.86,14,345.395429
1.89,11,345.399017
3.84,16,345.404132
5.78,22,345.411122
5.82,18,345.416848
1.81,19,345.752806
5.8,20,345.759972
1.85,15,345.764931
1.82,18,345.770575
1.81,19,345.776443
3.81,19,345.78231
1.81,19,345.788326
5.85,15,346.102109
1.82,18,346.107812
13.82,18,346.113428
1.83,17,346.118905
3.86,14,346.123892
1.83,17,346.129424
3.83,17,346.135118
1.86,14,346.139551
5.77,23,346.431327
3.85,15,346.436749
3.85,15,346.441536
1.79,21,346.448346
3.85,15,346.453336
1.86,14,346.458324
1.83,17,346.463911
1.88,12,346.775138
1.85,15,346.779999
1.85,15,346.784688
1.89,11,346.788117
1.83,17,346.793337
1.78,22,346.800819
-0.17,17,346.806439
3.84,16,346.811933
1.87,13,347.149605
1.89,11,347.153346
3.79,21,347.161051
1.9,10,347.164352
3.76,24,347.172192
1.87,13,347.176362
5.83,17,347.181656
1.89,11,347.185216
5.83,17,347.191098
1.84,16,347.550764
13.77,23,347.558997
3.87,13,347.563419
1.88,12,347.567493
1.84,16,347.572525
1.82,18,347.578369
1.85,15,347.583575
1.87,13,347.587785
1.86,14,347.939684
1.83,17,347.945327
5.81,19,347.953092
1.82,18,347.959208
3.86,14,347.963685
3.84,16,347.968655
1.89,11,347.972109
3.87,13,347.976145
1.82,18,348.274801
5.82,18,348.280532
3.8,20,348.287646
1.84,16,348.292792
1.79,21,348.299914
1.88,12,348.303854
1.83,17,348.309286
3.82,18,348.625662
3.83,17,348.631292
1.85,15,348.636011
3.85,15,348.641071
1.86,14,348.645621
1.87,13,348.651386
3.81,19,348.657338
3.84,16,348.662346
1.83,17,348.667603
1.86,14,348.960829
5.81,19,348.967331
3.82,18,348.973626
5.8,20,348.980984
1.86,14,348.986154
1.86,14,348.991056
3.83,17,348.996639
1.84,16,349.321355
1.81,19,349.327542
3.87,13,349.331867
1.83,17,349.337249
1.81,19,349.343712
5.82,18,349.350438
3.82,18,349.356151
3.84,16,349.361564
1.81,19,349.685665
1.81,19,349.692427
3.76,24,349.700628
1.79,21,349.707213
3.82,18,349.713554
3.81,19,349.720206
3.81,19,350.014839
3.78,22,350.022465
1.86,14,350.027319
1.79,21,350.034254
3.83,17,350.039806
5.82,18,350.045569
1.87,13,350.050846
1.82,18,350.363388
1.87,13,350.367744
3.86,14,350.372397
3.81,19,350.379069
1.86,14,350.384744
3.81,19,350.390834
5.83,17,350.396894
13.78,22,350.404169
1.87,13,350.751236
1.85,15,350.756086
1.78,22,350.763161
1.82,18,350.76905
3.86,14,350.773877
1.83,17,350.779205
1.84,16,350.784569
3.82,18,350.790337
3.82,18,351.116087
1.86,14,351.120776
3.86,14,351.125786
5.83,17,351.131674
1.87,13,351.135782
1.84,16,351.141341
1.86,14,351.145915
1.88,12,351.150275
3.84,16,351.434749
3.82,18,351.440818
1.83,17,351.446891
3.82,18,351.45255
1.88,12,351.457117
1.9,10,351.461634
1.82,18,351.468263
1.85,15,351.473414
3.86,14,351.478317
3.81,19,351.786716
1.8,20,351.793819
3.76,24,351.802616
5.83,17,351.808372
5.76,24,351.816521
1.88,12,351.820333
3.78,22,352.12861
1.88,12,352.132506
1.85,15,352.137879
1.85,15,352.142761
13.8,20,352.149016
5.82,18,352.155589
3.86,14,352.160409
5.77,23,352.168403
1.87,13,352.531727
1.81,19,352.537739
3.84,16,352.543106
5.8,20,352.550251
1.87,13,352.556185
5.77,23,352.56399
1.89,11,352.567618
1.83,17,352.574256
1.86,14,352.936538
1.86,14,352.941154
3.83,17,352.947252
1.85,15,352.952214
1.84,16,352.958669
5.8,20,352.965045
1.86,14,352.969984
1.81,19,352.976043
1.86,14,353.755686
1.84,16,353.762461
5.76,24,353.770621
3.84,16,353.776063
1.81,19,353.78264
3.82,18,353.789833
5.82,18,353.796103
5.78,22,354.164454
1.86,14,354.169574
1.88,12,354.173699
1.83,17,354.179893
1.85,15,354.184803
1.87,13,354.189089
3.84,16,354.195244
3.85,15,354.200411
5.83,17,354.504327
3.86,14,354.509111
1.87,13,354.513292
1.85,15,354.518509
3.84,16,354.52409
1.83,17,354.530111
1.86,14,354.535233
1.85,15,354.540054
1.81,19,354.812484
5.8,20,354.818964
3.85,15,354.823754
13.77,23,354.830946
1.82,18,354.836556
1.83,17,354.841898
3.81,19,354.847808
3.85,15,355.194451
3.84,16,355.199642
1.84,16,355.204654
3.82,18,355.210306
3.79,21,355.216829
5.84,16,355.221797
1.84,16,355.227097
3.75,25,355.554135
5.8,20,355.562107
1.81,19,355.568881
1.84,16,355.573942
5.85,15,355.578756
3.84,16,355.583938
1.85,15,355.588939
1.86,14,355.595211
5.83,17,355.90764
5.85,15,355.912592
1.84,16,355.918247
3.86,14,355.922815
1.84,16,355.92817
3.83,17,355.93367
1.88,12,355.937513
3.85,15,355.942183
3.87,13,355.946284
1.9,10,356.223427
1.86,14,356.22804
1.84,16,356.233166
1.82,18,356.23874
3.8,20,356.245003
3.8,20,356.251278
1.86,14,356.255618
13.83,17,356.26109
1.78,22,356.578975
3.81,19,356.585138
1.88,12,356.590282
1.87,13,356.594536
1.86,14,356.599216
5.8,20,356.605794
3.84,16,356.610923
5.83,17,356.926549
1.9,10,356.930232
5.83,17,356.936024
5.78,22,356.942955
5.8,20,356.949133
5.81,19,356.955343
3.87,13,356.959615
1.81,19,356.965617
1.87,13,357.292013
3.83,17,357.298579
1.89,11,357.302341
1.83,17,357.307813
1.86,14,357.31227
1.84,16,357.317537
3.82,18,357.323266
3.87,13,357.327749
5.83,17,357.616825
1.87,13,357.621098
5.83,17,357.627458
1.83,17,357.633138
13.81,19,357.640007
3.81,19,357.64633
1.86,14,357.650973
1.87,13,357.655055
3.87,13,357.951295
1.82,18,357.957316
5.85,15,357.962427
3.83,17,357.968098
5.83,17,357.973433
1.88,12,357.97717
1.86,14,357.981519
3.82,18,357.987122
3.79,21,358.272667
3.76,24,358.280645
1.84,16,358.285934
1.88,12,358.289709
5.8,20,358.296131
3.87,13,358.300432
3.79,21,358.307119
1.81,19,358.654058
3.81,19,358.660145
1.89,11,358.664203
3.81,19,358.670246
13.75,25,358.678397
1.85,15,358.683289
3.82,18,358.68909
1.88,12,358.692965
3.82,18,359.06572
3.8,20,359.072755
1.87,13,359.07717
3.84,16,359.082927
1.87,13,359.087129
3.84,16,359.092311
13.75,25,359.101423
5.82,18,359.50966
5.78,22,359.518221
5.8,20,359.526281
1.81,19,359.533208
1.82,18,359.539329
5.85,15,359.544371
1.84,16,359.549546
5.78,22,359.934211
3.81,19,359.941017
1.8,20,359.94759
3.83,17,359.953857
1.84,16,359.965296
1.83,17,359.971542
3.84,16,359.978484
1.79,21,360.320513
1.86,14,360.325458
1.87,13,360.330762
3.82,18,360.338114
1.85,15,360.346372
5.8,20,360.355268
3.82,18,360.36282
1.83,17,360.37246
5.79,21,360.788759
3.84,16,360.794674
3.81,19,360.801621
1.86,14,360.807129
1.87,13,360.811288
1.89,11,360.815429
5.76,24,360.832552
3.88,12,360.836564
1.89,11,361.216409
3.85,15,361.221304
1.83,17,361.227596
1.87,13,361.232588
3.8,20,361.239254
3.82,18,361.245237
5.82,18,361.251298
3.82,18,361.257723
1.78,22,361.610722
1.89,11,361.614806
5.8,20,361.621731
3.76,24,361.631218
1.86,14,361.63634
5.79,21,361.643628
13.78,22,362.104639
1.87,13,362.111018
1.87,13,362.11718
13.8,20,362.125964
1.81,19,362.134149
3.86,14,362.140256
3.85,15,362.145477
1.8,20,362.153686
1.87,13,362.491886
3.83,17,362.498423
1.84,16,362.504365
3.86,14,362.509335
1.81,19,362.516508
13.79,21,362.523904
5.79,21,362.531147
1.88,12,362.535122
1.86,14,362.929286
5.77,23,362.938717
1.89,11,362.942667
1.81,19,362.950184
1.88,12,362.954146
3.84,16,362.959653
3.84,16,362.965273
3.82,18,362.972137
3.83,17,363.386016
3.82,18,363.392399
1.8,20,363.398986
1.82,18,363.405189
1.87,13,363.40937
5.81,19,363.415628
3.82,18,363.421986
13.78,22,363.744694
1.88,12,363.74853
1.86,14,363.753217
1.82,18,363.759448
3.78,22,363.767418
5.82,18,363.773229
1.83,17,363.778829
1.85,15,363.784123
13.84,16,364.113435
1.86,14,364.118284
1.81,19,364.124902
1.88,12,364.129518
13.82,18,364.1355
1.81,19,364.1415
1.84,16,364.146524
1.88,12,364.150306
3.83,17,364.4525
3.81,19,364.458602
1.84,16,364.46427
3.86,14,364.468748
3.86,14,364.47375
5.82,18,364.479378
3.81,19,364.485725
3.83,17,364.783
1.87,13,364.78915
3.87,13,364.794457
1.82,18,364.800488
1.88,12,364.804792
3.79,21,364.81183
3.86,14,364.816408
5.8,20,364.823426
3.81,19,365.286677
1.83,17,365.30398
5.8,20,365.321182
5.81,19,365.340843
5.82,18,365.371827
5.79,21,365.387989
1.88,12,365.394106
1.86,14,365.399758
1.87,13,365.995885
3.84,16,366.001619
1.87,13,366.006359
3.85,15,366.011472
3.8,20,366.01794
1.83,17,366.025127
3.81,19,366.03119
1.86,14,366.03641
1.83,17,366.431955
3.8,20,366.44182
3.86,14,366.446983
5.78,22,366.454443
3.79,21,366.46477
5.78,22,366.47301
3.79,21,366.939767
13.78,22,366.948845
3.81,19,366.959124
1.9,10,366.966035
1.81,19,366.98386
3.8,20,367.008052
5.82,18,367.018156
3.82,18,367.405771
1.82,18,367.465585
3.88,12,367.473467
1.86,14,367.497434
1.89,11,367.505947
1.87,13,367.512397
1.83,17,367.522485
3.79,21,367.533519
1.89,11,367.539994
3.85,15,368.125708
1.87,13,368.136023
1.82,18,368.166247
1.81,19,368.176764
3.84,16,368.185131
3.86,14,368.19368
5.8,20,368.205063
1.85,15,368.214922
3.82,18,368.559034
5.78,22,368.568278
3.88,12,368.572886
1.86,14,368.577864
1.85,15,368.58309
1.85,15,368.589267
1.87,13,368.593541
3.83,17,368.601115
1.89,11,369.095839
5.83,17,369.10509
1.88,12,369.110976
13.78,22,369.122685
3.81,19,369.140922
1.86,14,369.149371
1.84,16,369.159443
3.83,17,369.173388
13.78,22,369.633089
1.85,15,369.638936
1.83,17,369.646769
1.83,17,369.653245
5.78,22,369.662388
1.84,16,369.670863
3.86,14,369.678369
1.86,14,370.120255
3.82,18,370.12655
1.88,12,370.132218
3.87,13,370.136392
1.88,12,370.140825
3.82,18,370.148927
3.81,19,370.155658
13.79,21,370.170138
3.82,18,371.017436
3.83,17,371.026979
13.77,23,371.040269
5.83,17,371.055923
3.85,15,371.135529
3.8,20,371.220014
1.82,18,371.347943
1.88,12,371.358639
3.79,21,372.218245
3.78,22,372.236731
3.79,21,372.247166
13.77,23,372.257886
1.86,14,372.267212
1.86,14,372.279406
1.86,14,372.941415
1.78,22,372.953745
3.83,17,372.961789
1.79,21,372.96915
1.84,16,372.975445
3.82,18,372.982177
3.85,15,372.987106
1.81,19,373.475612
3.83,17,373.481939
3.78,22,373.490577
5.8,20,373.500939
1.86,14,373.506231
5.79,21,373.515321
1.86,14,373.521596
3.76,24,374.41205
5.81,19,374.42481
3.83,17,374.473038
1.86,14,374.486127
5.84,16,374.511953
3.83,17,374.5213
13.74,26,374.537593
3.82,18,375.180959
3.83,17,375.186809
1.88,12,375.191177
1.83,17,375.196849
1.87,13,375.201758
1.87,13,375.205887
1.86,14,375.210962
3.82,18,375.219109
3.84,16,375.224931
1.86,14,375.550832
1.89,11,375.554483
1.86,14,375.559432
1.87,13,375.563621
13.82,18,375.570578
3.86,14,375.575293
1.86,14,375.58047
3.86,14,375.585009
1.87,13,375.589759
1.87,13,375.88125
5.78,22,375.889306
5.84,16,375.895557
5.83,17,375.902387
3.81,19,375.90881
1.87,13,375.913052
3.8,20,375.922202
13.8,20,376.262633
3.8,20,376.269228
1.82,18,376.2838
1.86,14,376.289257
1.84,16,376.294502
3.77,23,376.30277
1.89,11,376.308337
5.81,19,376.314723
5.85,15,376.750427
1.84,16,376.764885
1.86,14,376.781605
1.83,17,376.788779
1.81,19,376.796384
1.84,16,376.802245
1.86,14,376.807171
5.81,19,376.815109
3.83,17,377.214971
3.81,19,377.223802
5.83,17,377.231951
1.85,15,377.240189
1.88,12,377.24657
1.84,16,377.255918
1.86,14,377.264023
1.88,12,377.269844
3.82,18,377.62609
3.85,15,377.63156
5.79,21,377.639904
1.87,13,377.64434
3.8,20,377.650953
13.76,24,377.659563
5.81,19,377.665672
1.88,12,378.047288
1.87,13,378.051795
3.79,21,378.059027
3.87,13,378.063262
3.78,22,378.070262
3.84,16,378.075399
3.86,14,378.080234
5.82,18,378.08613
1.77,23,378.423238
3.81,19,378.429563
1.83,17,378.435222
1.84,16,378.440499
3.87,13,378.444727
1.83,17,378.451207
3.81,19,378.458273
1.83,17,378.768041
5.8,20,378.775979
1.85,15,378.781959
1.85,15,378.787288
1.82,18,378.793441
3.83,17,378.799002
5.83,17,378.804363
13.83,17,379.128755
1.82,18,379.134893
3.81,19,379.141181
1.87,13,379.145533
1.87,13,379.152903
13.83,17,379.16098
1.82,18,379.1672
1.83,17,379.173295
1.88,12,379.178133
1.81,19,379.578702
3.85,15,379.584923
1.83,17,379.590287
1.86,14,379.595588
3.79,21,379.602726
1.8,20,379.609583
13.77,23,379.880741
1.87,13,379.88567
1.82,18,379.892386
1.87,13,379.896948
1.84,16,379.902193
3.82,18,379.908928
1.86,14,379.915726
5.82,18,379.922402
1.86,14,379.927538
3.8,20,380.279009
1.85,15,380.286586
3.83,17,380.293853
3.81,19,380.302104
1.84,16,380.307821
3.84,16,380.315669
1.88,12,380.319714
3.8,20,380.667856
1.83,17,380.674213
1.85,15,380.681641
3.86,14,380.686321
3.86,14,380.692057
3.87,13,380.696378
1.85,15,380.702253
1.79,21,380.710373
3.84,16,381.037819
3.83,17,381.044514
1.85,15,381.05081
3.83,17,381.058535
1.8,20,381.065159
3.78,22,381.073438
1.85,15,381.078871
3.82,18,381.087102
1.84,16,381.439532
5.79,21,381.446934
13.77,23,381.454819
5.77,23,381.462326
13.81,19,381.468943
3.83,17,381.474334
1.83,17,381.804499
13.78,22,381.812393
3.79,21,381.819512
1.88,12,381.826229
3.87,13,381.831373
3.85,15,381.836629
1.89,11,381.842578
5.76,24,381.852418
1.82,18,382.24969
3.86,14,382.256509
3.85,15,382.262014
1.85,15,382.268177
1.87,13,382.272424
3.84,16,382.278263
1.8,20,382.284586
3.79,21,382.291139
3.77,23,382.647942
13.72,28,382.65715
13.78,22,382.666383
1.8,20,382.673519
1.88,12,382.677908
3.81,19,382.685146
3.83,17,383.017399
1.86,14,383.022827
1.85,15,383.031189
5.76,24,383.041594
5.85,15,383.047749
3.83,17,383.053604
1.84,16,383.059576
1.87,13,383.064794
1.82,18,383.370606
3.83,17,383.376335
13.76,24,383.384338
5.84,16,383.389676
1.8,20,383.3961
1.82,18,383.402849
1.86,14,383.407916
3.84,16,383.714901
5.85,15,383.720023
1.79,21,383.726752
3.86,14,383.731622
1.83,17,383.737013
1.83,17,383.742314
5.79,21,383.748778
5.81,19,384.02024
1.83,17,384.02629
1.83,17,384.031824
1.8,20,384.038482
1.88,12,384.042953
3.81,19,384.049699
5.83,17,384.055507
1.88,12,384.059597
1.79,21,384.368166
1.86,14,384.372659
3.85,15,384.377354
1.82,18,384.382956
1.88,12,384.386677
13.79,21,384.393139
1.81,19,384.399519
13.82,18,384.680986
1.86,14,384.685624
1.87,13,384.689783
1.86,14,384.694205
1.87,13,384.698447
3.83,17,384.704307
1.89,11,384.708097
1.85,15,384.713199
3.82,18,384.718893
3.86,14,384.955616
1.83,17,384.961129
3.77,23,384.969647
1.85,15,384.974809
3.8,20,384.981684
1.82,18,384.987335
13.79,21,384.993828
1.83,17,385.288532
1.79,21,385.295374
5.8,20,385.303341
3.79,21,385.310009
1.81,19,385.315911
13.81,19,385.321789
1.83,17,385.327069
1.85,15,385.598249
1.85,15,385.603515
3.82,18,385.609691
1.87,13,385.614111
1.82,18,385.61977
3.82,18,385.625439
3.77,23,385.632839
5.81,19,385.921895
1.86,14,385.926752
1.84,16,385.931871
1.84,16,385.936996
5.77,23,385.94469
3.81,19,385.950975
1.81,19,385.957124
1.82,18,386.240677
3.81,19,386.247328
3.8,20,386.253816
13.77,23,386.262359
3.84,16,386.268098
3.82,18,386.274235
1.83,17,386.28016
1.83,17,386.557933
1.84,16,386.563598
5.78,22,386.572417
1.86,14,386.578104
3.84,16,386.583659
3.82,18,386.589753
1.88,12,386.59387
1.88,12,386.597984
5.82,18,386.878311
1.84,16,386.883664
1.85,15,386.888572
5.77,23,386.896979
1.88,12,386.901579
1.86,14,386.906754
1.86,14,386.91129
1.83,17,386.916587
3.84,16,387.274849
1.89,11,387.2798
3.8,20,387.28626
1.87,13,387.29038
3.78,22,387.297688
3.85,15,387.302622
3.8,20,387.308924
3.85,15,387.313621
5.85,15,387.620055
1.88,12,387.623915
1.89,11,387.627394
1.87,13,387.633005
3.84,16,387.638107
1.8,20,387.644296
3.77,23,387.651493
1.81,19,387.657332
3.81,19,387.963931
3.85,15,387.969649
3.82,18,387.976843
1.84,16,387.982201
5.8,20,387.988633
3.81,19,387.99462
1.86,14,387.998999
3.84,16,388.282237
1.85,15,388.287187
1.89,11,388.290746
1.86,14,388.295165
5.83,17,388.300524
3.82,18,388.307047
1.89,11,388.310719
1.86,14,388.315303
13.73,27,388.604168
1.78,22,388.611346
3.84,16,388.616719
1.81,19,388.622851
3.84,16,388.627977
3.75,25,388.635895
1.86,14,388.640344
1.86,14,389.005534
3.82,18,389.01498
1.84,16,389.0274
3.87,13,389.047327
1.88,12,389.052627
3.78,22,389.059671
3.87,13,389.0645
1.82,18,389.070479
1.88,12,389.074376
1.85,15,389.410412
1.88,12,389.415659
3.78,22,389.424075
1.88,12,389.431415
13.81,19,389.437698
3.87,13,389.442029
1.83,17,389.447721
3.79,21,389.851703
3.82,18,389.857999
3.77,23,389.867883
3.79,21,389.876865
5.82,18,389.890423
3.84,16,389.899308
1.87,13,389.906678
1.86,14,389.913099
3.8,20,390.299845
5.79,21,390.307493
1.84,16,390.313379
1.85,15,390.318329
3.81,19,390.330915
3.78,22,390.342796
3.8,20,390.62158
5.8,20,390.628578
3.8,20,390.635804
13.78,22,390.642988
1.88,12,390.647208
1.85,15,390.651957
5.84,16,390.657142
5.8,20,390.664043
1.84,16,390.975821
3.86,14,390.980749
3.78,22,390.987862
1.8,20,390.994172
1.9,10,390.99804
5.79,21,391.004891
3.86,14,391.009784
1.78,22,391.318646
3.84,16,391.323914
1.86,14,391.328391
3.84,16,391.334194
1.88,12,391.338057
1.86,14,391.342435
1.85,15,391.347081
1.84,16,391.352066
1.86,14,391.356408
1.84,16,391.603138
13.79,21,391.610373
1.86,14,391.61493
5.85,15,391.619956
1.85,15,391.625186
1.82,18,391.632001
1.88,12,391.635975
3.83,17,391.641608
3.8,20,391.934069
3.81,19,391.942309
1.85,15,391.948658
1.86,14,391.95514
1.88,12,391.959291
1.8,20,391.965502
1.83,17,391.97078
13.76,24,392.288668
3.81,19,392.294934
3.76,24,392.302617
5.78,22,392.309989
3.81,19,392.316757
1.81,19,392.32352
1.84,16,392.638123
1.86,14,392.643514
3.84,16,392.649353
5.84,16,392.655199
1.83,17,392.66061
3.85,15,392.666934
5.82,18,392.672766
1.86,14,392.677366
13.78,22,392.947614
1.85,15,392.952476
5.8,20,392.9588
1.82,18,392.964844
5.79,21,392.971452
1.81,19,392.977386
1.89,11,392.98085
5.77,23,393.289242
1.87,13,393.293843
1.8,20,393.301562
1.83,17,393.30757
1.88,12,393.312251
3.85,15,393.317065
1.86,14,393.323686
3.81,19,393.332617
3.81,19,393.668245
1.87,13,393.672608
3.81,19,393.678682
3.8,20,393.685002
1.82,18,393.690697
1.87,13,393.694834
3.79,21,393.702199
1.88,12,393.706085
3.81,19,394.009818
13.78,22,394.016769
1.8,20,394.024284
5.82,18,394.030864
5.82,18,394.036821
3.79,21,394.043741
5.85,15,394.048494
3.81,19,394.392739
1.89,11,394.396339
5.81,19,394.402373
3.87,13,394.406597
5.84,16,394.412761
3.87,13,394.417291
1.87,13,394.421484
1.82,18,394.427179
3.84,16,394.699557
3.77,23,394.707074
1.87,13,394.711519
3.82,18,394.717173
1.84,16,394.72218
1.83,17,394.727551
1.87,13,394.733864
3.84,16,394.738995
1.86,14,395.061566
13.76,24,395.070313
3.82,18,395.076955
1.84,16,395.082349
1.8,20,395.089122
1.87,13,395.093375
1.87,13,395.098128
1.83,17,395.423629
3.85,15,395.429832
1.8,20,395.436627
5.84,16,395.44168
1.81,19,395.447593
3.78,22,395.454392
13.78,22,395.461163
5.84,16,395.766392
1.87,13,395.77147
3.82,18,395.777286
1.89,11,395.780796
1.86,14,395.785224
13.76,24,395.79267
3.83,17,395.79833
1.88,12,395.802172
5.81,19,396.120103
1.83,17,396.12567
1.83,17,396.132849
1.87,13,396.138202
3.85,15,396.146113
1.88,12,396.151482
3.79,21,396.159786
1.89,11,396.16411
1.84,16,396.17121
13.81,19,396.480741
1.78,22,396.488076
3.8,20,396.494719
3.81,19,396.500904
3.82,18,396.507103
1.88,12,396.511127
1.83,17,396.516665
5.8,20,396.81889
13.8,20,396.826327
1.84,16,396.832617
5.74,26,396.84092
3.83,17,396.846389
3.85,15,396.851055
1.77,23,397.1405
1.84,16,397.145919
13.8,20,397.152546
1.85,15,397.157488
13.81,19,397.163767
3.85,15,397.169283
3.83,17,397.175133
5.85,15,397.180117
5.77,23,397.460077
5.83,17,397.466615
3.85,15,397.471426
1.85,15,397.476122
1.79,21,397.482643
3.81,19,397.488549
1.87,13,397.492604
1.87,13,397.774657
1.87,13,397.779126
1.82,18,397.785259
5.82,18,397.791197
1.87,13,397.796385
1.86,14,397.800929
13.79,21,397.807459
1.83,17,397.81279
1.83,17,398.107667
5.8,20,398.11471
1.86,14,398.119561
5.79,21,398.12713
1.83,17,398.133168
3.86,14,398.137783
1.83,17,398.143447
3.82,18,398.448269
1.87,13,398.452684
3.83,17,398.458484
1.81,19,398.465995
5.81,19,398.472118
1.86,14,398.476557
13.75,25,398.484358
3.83,17,398.490201
3.84,16,398.840562
5.85,15,398.846545
3.8,20,398.85307
1.83,17,398.858477
1.87,13,398.862644
5.84,16,398.867683
1.86,14,398.872085
3.87,13,398.876201
3.85,15,399.160771
5.75,25,399.169499
1.84,16,399.174642
1.86,14,399.179098
1.85,15,399.183858
13.78,22,399.190812
3.82,18,399.196654
1.78,22,399.527698
1.79,21,399.534628
5.76,24,399.54238
3.8,20,399.548754
13.76,24,399.556242
3.87,13,399.560482
1.83,17,399.851358
3.8,20,399.858698
1.87,13,399.863563
3.8,20,399.869914
1.84,16,399.874881
13.79,21,399.881352
3.82,18,399.886925
13.77,23,400.185254
1.87,13,400.189977
3.81,19,400.197011
1.8,20,400.203442
1.87,13,400.207752
13.8,20,400.214719
1.83,17,400.220058
3.83,17,400.225318
1.86,14,400.57944
3.78,22,400.586615
1.89,11,400.590211
1.85,15,400.59679
3.83,17,400.602327
1.8,20,400.610657
5.77,23,400.618111
5.81,19,400.976039
1.85,15,400.98104
3.78,22,400.988875
1.85,15,400.994907
3.83,17,401.000463
1.81,19,401.006422
1.82,18,401.012075
1.86,14,401.356471
3.83,17,401.362921
3.8,20,401.369729
13.78,22,401.378442
3.82,18,401.384345
1.81,19,401.390364
3.87,13,401.394483
1.83,17,401.399777
1.82,18,401.719809
13.75,25,401.728388
1.83,17,401.734032
1.88,12,401.738864
1.83,17,401.744746
1.86,14,401.749273
3.83,17,401.754628
1.87,13,402.089529
3.86,14,402.095522
3.79,21,402.103511
1.86,14,402.108278
1.83,17,402.115176
1.82,18,402.121048
3.86,14,402.125608
1.87,13,402.130127
1.88,12,402.134048
1.82,18,402.52868
1.85,15,402.534287
3.86,14,402.539983
1.85,15,402.547771
1.89,11,402.552558
1.87,13,402.559587
1.89,11,402.563827
13.77,23,402.571564
1.84,16,402.900127
3.86,14,402.906053
1.8,20,402.912771
1.84,16,402.918331
1.89,11,402.921967
3.79,21,402.928642
5.76,24,402.936348
1.88,12,402.940359
1.88,12,403.277269
5.82,18,403.283355
13.79,21,403.289901
1.78,22,403.296705
1.86,14,403.301045
3.85,15,403.306144
3.78,22,403.313078
1.83,17,403.618438
5.78,22,403.626154
1.86,14,403.631356
1.88,12,403.635348
1.88,12,403.639578
1.84,16,403.644703
1.86,14,403.649096
1.79,21,403.655589
3.88,12,403.959201
1.86,14,403.963784
1.87,13,403.967981
3.84,16,403.973312
3.88,12,403.977522
5.77,23,403.984968
1.84,16,403.989952
1.82,18,403.995529
3.84,16,404.301444
5.77,23,404.309054
1.86,14,404.313979
1.83,17,404.319795
1.86,14,404.324637
1.83,17,404.330174
13.81,19,404.336271
1.86,14,404.340758
1.89,11,404.653861
3.81,19,404.659864
3.85,15,404.664772
1.81,19,404.671073
1.82,18,404.677455
1.85,15,404.682503
3.84,16,404.687653
1.83,17,404.693067
3.8,20,405.093477
1.85,15,405.100091
5.83,17,405.106535
5.8,20,405.112969
1.83,17,405.118488
1.88,12,405.122314
1.8,20,405.128965
3.85,15,405.435706
3.81,19,405.443618
13.82,18,405.449455
3.86,14,405.453948
1.85,15,405.45895
5.8,20,405.465586
1.87,13,405.469905
1.88,12,405.474192
1.83,17,405.784496
1.89,11,405.78857
1.85,15,405.794632
5.8,20,405.801459
1.86,14,405.806272
3.83,17,405.811771
3.85,15,405.816562
3.83,17,405.821882
1.85,15,406.118888
3.8,20,406.125354
5.78,22,406.132237
3.79,21,406.140868
3.79,21,406.148722
1.88,12,406.153724
3.82,18,406.159495
13.82,18,406.476928
3.8,20,406.484521
1.85,15,406.490138
1.83,17,406.495689
1.83,17,406.501347
5.84,16,406.507414
3.77,23,406.514634
13.78,22,406.847971
1.86,14,406.852452
1.86,14,406.856844
1.78,22,406.863625
1.83,17,406.868891
1.85,15,406.874569
1.81,19,406.881461
3.8,20,407.205276
3.85,15,407.211039
1.85,15,407.215922
1.87,13,407.220733
3.82,18,407.228199
3.87,13,407.232401
1.86,14,407.236826
5.83,17,407.242731
1.82,18,407.248444
1.82,18,407.540407
5.79,21,407.547088
3.86,14,407.55149
3.82,18,407.557125
1.85,15,407.561841
3.85,15,407.566512
3.83,17,407.572057
1.87,13,407.576469
3.85,15,407.905476
3.84,16,407.911135
3.82,18,407.916991
5.77,23,407.924258
13.76,24,407.932023
3.81,19,407.938326
5.77,23,408.222331
5.8,20,408.228902
1.83,17,408.234491
1.87,13,408.239206
3.84,16,408.244365
1.89,11,408.24802
1.86,14,408.252502
3.84,16,408.257887
3.8,20,408.526087
3.8,20,408.532715
3.84,16,408.538312
1.82,18,408.544109
1.85,15,408.548859
3.84,16,408.553853
3.77,23,408.56103
3.82,18,408.856999
1.78,22,408.863905
1.82,18,408.869509
5.82,18,408.875118
5.78,22,408.882445
3.83,17,408.887878
5.78,22,408.894746
5.82,18,409.196424
1.81,19,409.202558
1.87,13,409.207223
1.86,14,409.212419
1.89,11,409.216075
1.85,15,409.220845
1.84,16,409.22588
3.86,14,409.230319
3.82,18,409.489746
5.84,16,409.494936
3.87,13,409.499042
1.9,10,409.502235
3.85,15,409.506922
13.82,18,409.51271
3.8,20,409.518964
5.8,20,409.525153
3.88,12,409.789592
1.84,16,409.794878
-0.15,15,409.800194
1.81,19,409.806609
3.84,16,409.811824
1.84,16,409.816834
1.88,12,409.820595
3.84,16,409.825553
1.88,12,409.829315
3.82,18,410.09543
1.84,16,410.100761
1.87,13,410.105662
3.87,13,410.11013
1.9,10,410.113539
1.81,19,410.119887
1.85,15,410.125043
3.86,14,410.12967
1.9,10,410.132889
3.84,16,410.405807
3.78,22,410.41319
5.77,23,410.42064
3.8,20,410.426973
1.8,20,410.433229
1.88,12,410.437017
5.83,17,410.442345
1.81,19,410.750652
1.86,14,410.755351
3.84,16,410.76039
1.84,16,410.76604
1.81,19,410.773146
1.88,12,410.777623
3.85,15,410.782455
1.82,18,410.788101
5.82,18,411.054793
5.84,16,411.059902
1.82,18,411.066111
1.84,16,411.071321
5.84,16,411.076709
5.79,21,411.083572
3.86,14,411.088042
1.8,20,411.372865
3.79,21,411.380598
1.79,21,411.388161
3.86,14,411.392895
3.8,20,411.39941
3.85,15,411.404328
3.86,14,411.409124
3.81,19,411.711767
3.83,17,411.717871
3.86,14,411.722679
1.84,16,411.727863
1.82,18,411.733482
1.78,22,411.740242
1.86,14,411.74473
1.87,13,411.749059
13.77,23,412.04176
5.78,22,412.048691
1.8,20,412.054879
3.85,15,412.059543
3.86,14,412.063895
1.81,19,412.069741
5.81,19,412.076854
3.82,18,412.375433
1.85,15,412.380523
1.87,13,412.384997
3.88,12,412.3894
1.87,13,412.393666
1.82,18,412.399328
1.87,13,412.403446
3.77,23,412.410676
3.81,19,412.718
5.83,17,412.723537
1.86,14,412.728006
1.85,15,412.733041
3.8,20,412.740548
1.81,19,412.746644
1.83,17,412.751959
5.8,20,413.02539
1.87,13,413.02998
1.89,11,413.033616
3.85,15,413.038433
1.82,18,413.04477
5.84,16,413.050536
1.85,15,413.056011
1.87,13,413.060277
1.84,16,413.065823
3.79,21,413.336787
1.83,17,413.343103
1.84,16,413.348545
13.78,22,413.355559
1.85,15,413.360289
1.77,23,413.367411
1.84,16,413.372389
1.82,18,413.676493
3.82,18,413.68236
3.81,19,413.688329
3.86,14,413.69275
1.8,20,413.698961
5.83,17,413.704288
1.83,17,413.709823
3.82,18,413.996757
1.84,16,414.001931
3.82,18,414.008332
1.87,13,414.012534
1.8,20,414.01876
5.79,21,414.025257
1.87,13,414.029284
5.8,20,414.325197
3.84,16,414.330364
5.78,22,414.337207
3.79,21,414.344379
1.83,17,414.350107
1.79,21,414.356923
13.73,27,414.365843
3.81,19,414.666068
1.83,17,414.673539
3.82,18,414.680582
1.81,19,414.686643
1.87,13,414.690749
3.87,13,414.694916
3.86,14,414.699353
1.77,23,415.08552
1.84,16,415.091673
3.79,21,415.098308
3.83,17,415.103625
1.84,16,415.109007
5.78,22,415.116023
1.8,20,415.122275
5.81,19,415.459314
1.83,17,415.464881
13.8,20,415.471969
3.87,13,415.476366
3.81,19,415.482659
13.82,18,415.488408
1.85,15,415.493169
3.79,21,415.789835
13.82,18,415.796613
3.85,15,415.802317
1.87,13,415.80737
1.81,19,415.813688
1.87,13,415.818619
3.86,14,415.823096
1.82,18,415.828748
1.82,18,416.101491
1.8,20,416.108272
1.83,17,416.113754
5.75,25,416.122032
3.87,13,416.126306
3.83,17,416.132077
1.83,17,416.137621
1.82,18,416.468593
1.85,15,416.474127
1.87,13,416.478655
13.75,25,416.487055
3.83,17,416.492761
1.8,20,416.4997
1.81,19,416.505799
1.81,19,416.839972
3.85,15,416.844875
1.8,20,416.851567
3.81,19,416.858009
1.86,14,416.86267
5.76,24,416.870905
5.81,19,416.876995
3.8,20,417.183199
3.8,20,417.189888
1.87,13,417.194073
1.84,16,417.199165
1.83,17,417.204574
3.84,16,417.209628
3.77,23,417.216973
3.85,15,417.221887
1.84,16,417.533315
1.78,22,417.540333
1.86,14,417.544749
1.89,11,417.548234
5.81,19,417.554118
5.81,19,417.560098
5.77,23,417.571114
1.82,18,417.863459
1.82,18,417.869358
5.76,24,417.87717
5.84,16,417.882228
3.82,18,417.887856
1.88,12,417.891806
13.77,23,417.899172
5.83,17,418.226603
3.75,25,418.235618
1.83,17,418.241058
1.79,21,418.247656
1.79,21,418.254201
1.87,13,418.258292
3.79,21,418.531246
1.88,12,418.535295
5.81,19,418.541686
1.83,17,418.54742
1.89,11,418.55101
1.87,13,418.555516
1.85,15,418.560373
1.86,14,418.564884
1.84,16,418.572439
3.81,19,418.868622
5.84,16,418.874734
1.84,16,418.880708
1.85,15,418.885968
3.81,19,418.892752
1.82,18,418.898898
3.82,18,418.904645
1.87,13,418.909542
1.78,22,419.248513
1.78,22,419.255744
1.85,15,419.261005
3.86,14,419.265689
1.8,20,419.272456
1.86,14,419.277113
3.83,17,419.283354
1.83,17,419.642576
1.88,12,419.646624
3.83,17,419.652732
1.85,15,419.658114
3.81,19,419.664305
1.87,13,419.669019
1.88,12,419.673388
1.81,19,419.680014
1.84,16,419.984805
1.87,13,419.989038
3.81,19,419.995917
3.86,14,420.000782
1.84,16,420.006686
1.89,11,420.010343
3.79,21,420.018289
3.87,13,420.023336
3.83,17,420.363146
3.8,20,420.369487
5.82,18,420.375908
5.8,20,420.382769
3.82,18,420.388869
1.86,14,420.393558
3.79,21,420.401404
1.8,20,420.722772
1.86,14,420.727243
1.88,12,420.731467
3.81,19,420.73751
3.82,18,420.74378
1.82,18,420.749776
1.8,20,420.75661
13.8,20,420.763272
1.85,15,421.10304
1.83,17,421.109116
1.78,22,421.116559
5.83,17,421.122672
5.8,20,421.129774
3.81,19,421.135802
1.85,15,421.141182
1.86,14,421.476385
3.86,14,421.481464
5.83,17,421.487737
1.81,19,421.494201
5.85,15,421.499453
13.77,23,421.506952
1.86,14,421.511745
5.81,19,421.871294
3.85,15,421.876174
1.85,15,421.881714
13.81,19,421.888383
1.83,17,421.893945
3.83,17,421.899432
3.82,18,421.905969
3.82,18,421.91217
1.87,13,422.225617
1.87,13,422.230731
1.88,12,422.235269
1.83,17,422.240915
1.83,17,422.246529
5.79,21,422.253857
3.83,17,422.259366
1.86,14,422.264602
1.86,14,422.708006
5.77,23,422.717336
1.85,15,422.722963
1.83,17,422.72851
13.72,28,422.738516
5.76,24,422.746881
3.83,17,422.75269
3.77,23,423.150406
1.81,19,423.157899
3.83,17,423.164471
3.81,19,423.171448
3.86,14,423.176059
1.85,15,423.182009
1.8,20,423.189267
3.82,18,424.159892
3.84,16,424.165929
3.84,16,424.171089
3.85,15,424.176628
1.82,18,424.183485
1.79,21,424.19024
1.79,21,424.197611
3.85,15,424.581477
3.81,19,424.587932
5.84,16,424.593129
1.88,12,424.597202
5.85,15,424.60207
1.83,17,424.607961
1.85,15,424.61341
5.79,21,424.620744
3.77,23,424.98216
3.84,16,424.987339
1.85,15,424.992219
3.84,16,424.99772
1.86,14,425.002162
1.85,15,425.007093
3.78,22,425.018683
1.81,19,425.548626
1.86,14,425.553279
5.82,18,425.559763
1.87,13,425.572074
5.82,18,425.578157
3.86,14,425.583122
3.78,22,425.590376
5.8,20,425.945183
1.86,14,425.950429
3.86,14,425.955323
5.81,19,425.961557
1.83,17,425.967225
1.84,16,425.972258
1.87,13,425.976689
5.82,18,425.982409
1.88,12,425.986861
3.84,16,426.310544
3.79,21,426.318059
1.86,14,426.322585
3.84,16,426.327654
3.84,16,426.332912
5.79,21,426.339612
3.81,19,426.347782
5.83,17,426.699074
3.84,16,426.704287
1.89,11,426.708415
1.79,21,426.715885
3.82,18,426.721859
5.82,18,426.727898
5.84,16,426.733497
1.87,13,426.738396
3.83,17,427.071835
1.83,17,427.078647
1.83,17,427.08547
1.84,16,427.091445
1.89,11,427.09516
3.79,21,427.102541
13.75,25,427.111957
1.86,14,427.491407
1.82,18,427.497214
5.8,20,427.504118
1.79,21,427.511292
1.79,21,427.520552
1.84,16,427.527577
1.88,12,427.53173
5.78,22,427.864221
1.83,17,427.869684
1.85,15,427.875476
1.87,13,427.87968
3.85,15,427.885272
3.8,20,427.891628
1.82,18,427.898133
5.79,21,427.905552
3.85,15,428.234767
13.76,24,428.242931
1.84,16,428.248414
5.79,21,428.255456
5.84,16,428.26134
1.88,12,428.265804
3.87,13,428.269988
1.86,14,428.280073
1.87,13,428.659034
1.79,21,428.66688
1.85,15,428.671852
1.86,14,428.676541
1.84,16,428.681839
1.78,22,428.689137
3.83,17,428.694853
13.77,23,429.029256
1.84,16,429.035361
1.83,17,429.041632
1.87,13,429.046717
1.86,14,429.051942
5.84,16,429.057354
3.83,17,429.063741
5.76,24,429.414175
1.9,10,429.417858
1.84,16,429.423194
1.88,12,429.427129
5.83,17,429.432482
3.86,14,429.437854
1.85,15,429.443362
1.81,19,429.449495
1.86,14,429.455061
1.88,12,429.814935
3.85,15,429.82204
1.9,10,429.825655
1.86,14,429.830499
1.89,11,429.834133
1.84,16,429.840022
3.83,17,429.845834
1.85,15,429.850689
1.82,18,429.857123
3.83,17,430.141433
1.84,16,430.146658
1.81,19,430.15259
3.8,20,430.15968
5.82,18,430.165784
5.76,24,430.173566
3.75,25,430.467911
1.82,18,430.474278
1.84,16,430.479506
3.85,15,430.484361
3.86,14,430.488931
1.88,12,430.492879
13.82,18,430.499189
1.86,14,430.504248
1.88,12,430.508676
1.88,12,430.802298
1.82,18,430.808044
1.83,17,430.813959
1.88,12,430.818196
1.88,12,430.82212
3.8,20,430.829354
5.84,16,430.834795
1.89,11,430.838424
1.84,16,430.843754
1.86,14,431.15245
1.84,16,431.157613
1.85,15,431.162301
5.76,24,431.16976
1.84,16,431.174746
3.79,21,431.181244
5.79,21,431.187755
5.8,20,431.529995
1.85,15,431.539776
1.83,17,431.545271
3.83,17,431.551644
1.88,12,431.555531
1.84,16,431.561534
1.86,14,431.566018
3.83,17,431.572154
3.82,18,431.857384
3.86,14,431.861934
1.84,16,431.86704
3.84,16,431.872091
1.85,15,431.876853
3.82,18,431.883427
1.83,17,431.889128
5.76,24,432.184208
3.81,19,432.191436
3.77,23,432.199423
3.83,17,432.206026
3.8,20,432.213017
3.82,18,432.218864
1.85,15,432.224958
1.85,15,432.580908
1.86,14,432.585413
5.84,16,432.590757
1.86,14,432.595304
1.83,17,432.601513
1.79,21,432.608992
1.81,19,432.615435
1.84,16,432.621125
3.86,14,432.9649
1.81,19,432.971368
3.84,16,432.976635
13.76,24,432.985131
1.86,14,432.990731
1.88,12,432.995005
3.8,20,433.002163
1.79,21,433.381927
1.83,17,433.387406
1.82,18,433.39377
1.82,18,433.400093
3.81,19,433.406952
1.85,15,433.411986
1.82,18,433.417737
3.81,19,433.713395
1.81,19,433.719768
1.84,16,433.724916
5.84,16,433.730034
13.82,18,433.736441
1.83,17,433.742799
1.87,13,433.747541
1.79,21,433.754726
1.86,14,434.084866
1.85,15,434.089731
5.8,20,434.096283
1.81,19,434.102635
1.88,12,434.106655
3.81,19,434.112726
3.79,21,434.11991
5.78,22,434.471564
1.81,19,434.478152
1.83,17,434.48375
1.86,14,434.489136
3.85,15,434.493927
3.84,16,434.500027
3.79,21,434.506725
1.84,16,434.511818
1.87,13,434.837372
1.89,11,434.841046
1.85,15,434.846507
1.85,15,434.851487
5.82,18,434.857442
5.84,16,434.862528
5.83,17,434.868308
1.86,14,434.872965
1.81,19,435.161509
1.83,17,435.167135
3.84,16,435.173231
5.85,15,435.181079
1.83,17,435.186954
1.86,14,435.193547
1.83,17,435.200232
5.8,20,435.207391
1.81,19,435.522988
1.86,14,435.527994
5.74,26,435.53733
1.86,14,435.542242
3.77,23,435.550173
1.85,15,435.555379
1.82,18,435.563155
1.84,16,435.963339
1.81,19,435.970296
3.82,18,435.976823
3.81,19,435.983775
1.81,19,435.989962
1.87,13,435.995179
1.86,14,436.000969
1.87,13,436.301905
5.77,23,436.31026
3.82,18,436.317338
1.88,12,436.321807
3.76,24,436.330655
3.85,15,436.336111
1.85,15,436.341619
1.84,16,436.347827
1.83,17,436.723325
3.77,23,436.731245
1.84,16,436.736811
1.84,16,436.742141
5.76,24,436.750076
3.81,19,436.756477
5.83,17,436.762221
3.84,16,437.071489
3.83,17,437.077687
3.85,15,437.083279
1.86,14,437.088221
3.87,13,437.092609
5.84,16,437.098234
1.88,12,437.102253
1.82,18,437.108559
3.81,19,437.432094
1.88,12,437.436189
3.84,16,437.441752
3.81,19,437.448338
1.85,15,437.453188
3.85,15,437.458863
3.87,13,437.4636
13.82,18,437.469805
5.76,24,437.794261
3.85,15,437.799377
3.81,19,437.805504
3.8,20,437.813006
1.87,13,437.817244
3.8,20,437.824241
1.87,13,437.828521
3.81,19,438.137289
1.87,13,438.142162
1.86,14,438.147438
1.87,13,438.151816
1.89,11,438.155867
3.83,17,438.161283
5.76,24,438.168992
3.87,13,438.173212
3.85,15,438.178496
1.83,17,438.558302
3.84,16,438.564418
1.87,13,438.569029
5.77,23,438.577339
3.84,16,438.583669
13.82,18,438.590238
5.84,16,438.595944
1.84,16,438.943035
1.85,15,438.948365
1.88,12,438.953015
3.85,15,438.958438
1.87,13,438.963106
1.86,14,438.967943
3.84,16,438.973191
3.85,15,438.978125
1.9,10,438.981516
1.87,13,439.250706
1.84,16,439.256699
5.82,18,439.263003
5.82,18,439.269136
1.88,12,439.273336
3.85,15,439.278684
1.86,14,439.283686
1.89,11,439.287468
1.77,23,439.294963
1.82,18,439.63641
1.86,14,439.641455
3.79,21,439.649403
3.84,16,439.654705
5.79,21,439.662373
13.79,21,439.669654
5.86,14,439.675696
5.78,22,439.989008
3.8,20,439.995747
3.83,17,440.001787
3.86,14,440.006639
5.81,19,440.012874
5.79,21,440.019871
3.81,19,440.278812
3.84,16,440.284411
3.8,20,440.291341
3.79,21,440.298441
3.82,18,440.30428
3.83,17,440.309989
5.85,15,440.31503
1.9,10,440.318758
3.8,20,440.631037
1.83,17,440.637175
3.82,18,440.642927
1.85,15,440.647687
3.81,19,440.653681
3.84,16,440.658728
1.89,11,440.662204
3.82,18,440.667924
1.87,13,440.95555
13.79,21,440.962225
1.87,13,440.966316
5.85,15,440.971035
13.78,22,440.977848
1.8,20,440.984023
1.87,13,440.988074
1.79,21,441.305044
3.84,16,441.31048
5.82,18,441.316583
5.75,25,441.324643
5.83,17,441.329995
3.83,17,441.335343
3.85,15,441.34014
3.82,18,441.699628
1.83,17,441.705188
3.88,12,441.709327
3.83,17,441.71479
1.89,11,441.718362
1.89,11,441.721913
1.84,16,441.727062
3.82,18,441.732921
1.88,12,441.736875
1.85,15,442.027904
3.85,15,442.03274
3.79,21,442.040381
1.87,13,442.044705
1.84,16,442.050331
1.86,14,442.054806
3.85,15,442.060581
1.88,12,442.064996
1.86,14,442.070033
13.82,18,442.397568
1.85,15,442.402856
13.79,21,442.410872
1.89,11,442.415469
5.76,24,442.42413
1.86,14,442.429696
1.86,14,442.434501
5.75,25,442.784964
5.81,19,442.791403
1.84,16,442.796605
1.78,22,442.803431
1.88,12,442.807252
13.75,25,442.814987
3.83,17,442.820825
1.85,15,443.184491
1.81,19,443.190914
3.82,18,443.196625
3.82,18,443.202862
5.78,22,443.210288
3.82,18,443.217024
1.83,17,443.223239
1.86,14,443.552485
13.76,24,443.561048
13.82,18,443.56751
13.79,21,443.574899
3.81,19,443.581613
1.86,14,443.586619
1.86,14,443.591304
3.84,16,443.935933
3.81,19,443.942378
3.82,18,443.948666
1.86,14,443.953251
3.83,17,443.959469
1.86,14,443.96425
1.84,16,443.969659
1.85,15,443.974781
3.78,22,444.282736
13.77,23,444.290655
3.85,15,444.295827
1.78,22,444.303783
1.85,15,444.308765
3.82,18,444.314455
3.86,14,444.319558
3.8,20,444.643256
5.8,20,444.650447
3.79,21,444.657439
1.87,13,444.662075
1.84,16,444.667171
1.87,13,444.67179
1.87,13,444.676069
3.83,17,444.681709
3.86,14,444.994012
1.85,15,444.998819
1.84,16,445.004789
1.82,18,445.010635
5.8,20,445.016965
1.89,11,445.020467
3.78,22,445.02733
1.79,21,445.348072
3.82,18,445.35381
1.81,19,445.36029
3.86,14,445.364854
13.72,28,445.374506
3.81,19,445.381369
3.85,15,445.386614
5.8,20,445.995127
3.83,17,446.001535
3.84,16,446.007684
1.87,13,446.012645
1.86,14,446.017564
1.86,14,446.022308
3.83,17,446.028256
3.79,21,446.035083
3.86,14,446.352216
5.79,21,446.359889
3.83,17,446.365474
3.84,16,446.370556
3.83,17,446.375953
1.84,16,446.38102
3.86,14,446.38546
1.86,14,446.389858
3.84,16,446.713133
1.84,16,446.719138
3.87,13,446.723806
3.83,17,446.730344
1.83,17,446.735935
3.81,19,446.741958
5.8,20,446.748278
1.82,18,447.054162
1.89,11,447.058054
1.87,13,447.062573
1.85,15,447.067779
1.87,13,447.072112
13.81,19,447.078967
5.79,21,447.086288
1.8,20,447.093505
1.84,16,447.460006
5.83,17,447.466167
3.87,13,447.471308
1.83,17,447.476737
1.83,17,447.483018
13.76,24,447.491262
5.8,20,447.497999
1.84,16,447.503159
3.86,14,447.86658
1.85,15,447.871862
3.76,24,447.879925
1.82,18,447.886226
3.86,14,447.890908
3.83,17,447.897329
1.86,14,447.902259
1.9,10,447.906263
1.89,11,448.272019
3.83,17,448.277529
1.81,19,448.28403
3.81,19,448.290493
3.85,15,448.29557
5.77,23,448.303224
5.79,21,448.310543
1.85,15,448.641383
13.72,28,448.650814
1.86,14,448.65541
1.83,17,448.660807
5.83,17,448.666184
3.81,19,448.672161
5.8,20,448.678434
1.83,17,449.142463
3.77,23,449.150555
1.78,22,449.158639
13.81,19,449.165133
5.8,20,449.17231
3.83,17,449.17859
1.88,12,449.182686
3.86,14,449.534621
3.82,18,449.540878
1.83,17,449.547155
1.88,12,449.551253
1.84,16,449.5571
5.82,18,449.563105
5.78,22,449.570695
1.87,13,449.575286
1.83,17,449.911329
3.87,13,449.916474
1.87,13,449.920909
13.78,22,449.928037
13.8,20,449.934478
1.88,12,449.938372
3.82,18,449.944055
5.81,19,450.260409
3.82,18,450.266239
3.84,16,450.271287
13.81,19,450.277271
1.86,14,450.281706
3.84,16,450.287316
3.78,22,450.294419
3.78,22,450.612988
3.83,17,450.618573
1.84,16,450.624273
3.82,18,450.630275
3.81,19,450.636924
1.83,17,450.643368
1.86,14,450.648129
1.77,23,450.962399
13.78,22,450.969575
3.75,25,450.977999
3.84,16,450.983186
1.84,16,450.988266
1.83,17,450.993648
3.78,22,451.00052
3.84,16,451.356098
3.83,17,451.361559
1.87,13,451.365641
1.86,14,451.370001
3.86,14,451.374368
3.8,20,451.380993
3.77,23,451.388343
3.84,16,451.393473
3.82,18,451.726856
1.86,14,451.731356
5.81,19,451.737284
5.75,25,451.745011
1.81,19,451.750925
1.86,14,451.75528
1.89,11,451.75874
3.84,16,452.097457
5.8,20,452.103852
1.84,16,452.10953
1.84,16,452.114682
1.86,14,452.119119
1.87,13,452.123249
1.88,12,452.12704
1.88,12,452.130823
1.86,14,452.135257
1.84,16,452.436771
3.82,18,452.442774
3.83,17,452.448764
5.82,18,452.455025
3.78,22,452.461947
3.83,17,452.46795
3.84,16,452.473395
3.88,12,452.776085
1.78,22,452.783247
3.84,16,452.788834
5.81,19,452.79491
1.82,18,452.800562
1.84,16,452.805579
3.83,17,452.811272
5.8,20,453.134365
1.84,16,453.139706
3.83,17,453.14507
1.89,11,453.148535
3.81,19,453.154436
1.85,15,453.159111
1.83,17,453.164703
1.88,12,453.168556
1.83,17,453.173894
13.8,20,453.461193
1.84,16,453.466269
5.83,17,453.471552
3.84,16,453.476524
3.85,15,453.481555
1.87,13,453.486203
1.85,15,453.491299
1.83,17,453.496702
1.82,18,453.76245
5.84,16,453.76758
1.82,18,453.773229
1.87,13,453.777322
1.77,23,453.785474
1.86,14,453.790063
1.85,15,453.795332
3.78,22,454.110315
13.77,23,454.118166
1.85,15,454.123095
1.8,20,454.129855
5.77,23,454.137182
1.87,13,454.141339
3.79,21,454.148016
13.83,17,454.478544
1.8,20,454.485678
1.87,13,454.489906
1.89,11,454.493724
5.81,19,454.500096
5.83,17,454.505793
5.79,21,454.512614
1.82,18,454.815774
1.88,12,454.819802
5.81,19,454.825893
5.78,22,454.832924
5.76,24,454.841
1.8,20,454.847338
3.85,15,454.852055
1.86,14,455.218897
1.87,13,455.225065
13.78,22,455.233277
3.85,15,455.238694
3.84,16,455.244638
1.85,15,455.250105
1.88,12,455.254228
5.83,17,455.259797
5.82,18,455.578584
1.79,21,455.58531
1.87,13,455.589998
3.86,14,455.594608
3.81,19,455.600805
3.85,15,455.605978
5.85,15,455.610742
1.86,14,455.615818
1.86,14,455.62028
3.82,18,455.953739
1.87,13,455.95855
3.85,15,455.963631
3.82,18,455.970058
1.87,13,455.9744
5.82,18,455.98048
5.78,22,455.987494
1.89,11,455.991025
1.79,21,456.319414
3.86,14,456.324474
3.84,16,456.329673
1.82,18,456.33582
1.89,11,456.339484
1.86,14,456.344654
1.84,16,456.349899
5.79,21,456.656376
1.82,18,456.662248
3.82,18,456.668598
3.79,21,456.675804
1.83,17,456.681464
3.82,18,456.687759
1.83,17,456.693119
1.85,15,456.698181
13.81,19,457.029164
13.78,22,457.037053
1.83,17,457.042964
1.83,17,457.048707
3.79,21,457.056006
1.84,16,457.061166
3.81,19,457.340956
3.85,15,457.346072
1.86,14,457.350574
1.81,19,457.35805
3.81,19,457.364613
1.84,16,457.369896
1.8,20,457.376871
1.82,18,457.382944
1.85,15,457.742961
1.89,11,457.747276
13.78,22,457.754813
1.79,21,457.761829
3.84,16,457.766998
1.82,18,457.773127
5.79,21,457.780254
3.84,16,458.111456
1.87,13,458.11625
1.77,23,458.12437
1.84,16,458.129726
1.87,13,458.133987
13.81,19,458.140305
1.83,17,458.145763
3.81,19,458.151752
3.81,19,458.492638
1.81,19,458.499647
3.82,18,458.505465
3.86,14,458.509915
1.84,16,458.514951
1.78,22,458.521795
1.87,13,458.52614
1.84,16,458.824393
3.87,13,458.828627
1.87,13,458.832732
1.83,17,458.838607
1.84,16,458.843741
3.85,15,458.848783
1.83,17,458.854156
13.74,26,458.862271
5.84,16,459.221832
1.87,13,459.226151
1.87,13,459.23035
1.87,13,459.234517
1.88,12,459.23837
1.85,15,459.243154
3.85,15,459.247987
3.83,17,459.253409
3.82,18,459.259125
1.82,18,459.533867
1.81,19,459.539865
1.8,20,459.546061
5.83,17,459.551356
3.83,17,459.556614
3.84,16,459.561597
1.81,19,459.567459
3.76,24,459.866398
3.88,12,459.870773
1.86,14,459.875343
5.84,16,459.880397
3.84,16,459.88544
5.84,16,459.890466
5.83,17,459.895769
1.87,13,459.899884
5.79,21,460.222593
5.8,20,460.229468
3.86,14,460.234183
1.84,16,460.239476
1.84,16,460.244559
1.83,17,460.249916
5.81,19,460.255874
5.83,17,460.550578
3.84,16,460.556169
1.86,14,460.561001
3.76,24,460.56906
3.84,16,460.574185
5.77,23,460.582066
3.82,18,460.587968
5.82,18,460.956989
3.8,20,460.964232
3.83,17,460.970283
3.85,15,460.975182
3.85,15,460.980401
13.77,23,460.987644
1.83,17,460.994012
3.85,15,461.354401
1.81,19,461.362532
1.89,11,461.366366
1.84,16,461.371933
3.81,19,461.378157
3.84,16,461.383751
3.81,19,461.392067
3.82,18,461.398706
1.83,17,461.723829
5.82,18,461.732026
3.84,16,461.738474
1.86,14,461.74443
5.79,21,461.754582
1.85,15,461.763025
3.8,20,461.771385
13.82,18,462.123063
3.83,17,462.16095
1.88,12,462.194853
1.87,13,462.201607
5.82,18,462.209197
1.89,11,462.214579
1.86,14,462.21954
1.82,18,462.226674
1.86,14,462.232823
5.78,22,462.550494
1.82,18,462.556329
3.82,18,462.562155
3.82,18,462.569631
3.87,13,462.574156
1.86,14,462.578844
1.85,15,462.58368
5.81,19,462.891821
1.84,16,462.899808
1.84,16,462.905734
1.83,17,462.912999
1.87,13,462.918669
1.85,15,462.924347
1.83,17,462.931935
1.8,20,462.939611
1.86,14,463.279594
5.84,16,463.284876
1.86,14,463.28971
1.83,17,463.295876
3.77,23,463.303242
1.86,14,463.308184
1.84,16,463.31328
1.83,17,463.319393
1.85,15,463.697839
5.75,25,463.706554
3.81,19,463.713112
1.82,18,463.719101
1.82,18,463.728011
5.79,21,463.736247
1.82,18,463.743617
1.83,17,464.129378
1.86,14,464.135778
1.83,17,464.14315
1.84,16,464.148992
1.88,12,464.153785
1.88,12,464.158823
1.83,17,464.165238
3.86,14,464.169778
3.79,21,464.534949
1.85,15,464.541166
1.81,19,464.548831
1.79,21,464.557624
5.82,18,464.564583
1.87,13,464.569444
5.84,16,464.575033
3.83,17,464.91901
1.82,18,464.925451
1.8,20,464.93257
3.8,20,464.939529
1.88,12,464.943591
1.86,14,464.948982
1.82,18,464.95505
1.86,14,464.960229
3.87,13,465.28304
5.81,19,465.289286
1.83,17,465.295612
13.77,23,465.302994
5.81,19,465.309232
1.86,14,465.313969
3.82,18,465.319922
3.77,23,465.668592
1.88,12,465.672509
1.89,11,465.676555
3.85,15,465.681508
5.8,20,465.688156
1.86,14,465.692931
3.8,20,465.699525
5.81,19,465.705662
1.86,14,466.013563
1.86,14,466.018099
3.82,18,466.023862
1.87,13,466.02798
1.87,13,466.032137
3.86,14,466.036549
5.79,21,466.043145
1.81,19,466.049069
1.88,12,466.381828
3.83,17,466.388127
3.82,18,466.395097
3.8,20,466.402213
3.86,14,466.407675
1.87,13,466.413472
1.87,13,466.418534
1.84,16,466.426481
3.84,16,466.43236
1.86,14,466.783743
1.85,15,466.789501
13.8,20,466.796241
3.81,19,466.80428
1.86,14,466.809258
3.8,20,466.817106
5.78,22,466.824933
1.89,11,467.162475
3.85,15,467.167511
3.83,17,467.173402
5.8,20,467.180127
3.86,14,467.184822
3.8,20,467.191297
1.87,13,467.195403
1.86,14,467.200032
3.79,21,467.499672
1.86,14,467.5057
5.81,19,467.511888
3.84,16,467.517215
3.81,19,467.524727
1.83,17,467.530693
3.8,20,467.537115
1.83,17,467.847799
1.79,21,467.854456
1.88,12,467.858265
1.86,14,467.862654
1.87,13,467.866713
3.83,17,467.87196
13.78,22,467.878757
5.79,21,467.885244
1.83,17,468.207796
1.86,14,468.212408
3.82,18,468.218068
1.83,17,468.223829
1.86,14,468.228502
1.84,16,468.233504
1.87,13,468.237551
3.8,20,468.243749
1.83,17,468.534617
1.86,14,468.53963
3.86,14,468.544286
13.75,25,468.552279
1.85,15,468.557066
1.81,19,468.563114
5.85,15,468.567924
1.85,15,468.927545
5.79,21,468.938941
1.89,11,468.9432
1.87,13,468.948027
3.77,23,468.955819
1.82,18,468.96151
3.84,16,468.967078
1.84,16,468.972214
1.89,11,469.307934
1.83,17,469.313385
3.87,13,469.318054
1.88,12,469.321994
3.83,17,469.327373
1.79,21,469.333897
1.83,17,469.339203
1.79,21,469.34572
3.85,15,469.660173
3.82,18,469.666476
1.87,13,469.670687
1.87,13,469.675027
5.81,19,469.681014
1.82,18,469.686634
1.85,15,469.691331
13.78,22,469.986459
5.76,24,469.99463
1.89,11,469.998259
1.78,22,470.006227
3.81,19,470.012742
1.85,15,470.017798
1.87,13,470.021919
1.85,15,470.02736
1.88,12,470.375725
13.8,20,470.382168
3.83,17,470.388345
1.8,20,470.394786
1.85,15,470.399966
3.85,15,470.404917
1.89,11,470.408544
3.86,14,470.413062
1.87,13,470.712882
3.84,16,470.718101
1.87,13,470.722713
1.8,20,470.729188
3.88,12,470.733038
1.85,15,470.737769
3.84,16,470.742826
5.81,19,470.748782
1.88,12,470.752566
1.84,16,471.057257
1.88,12,471.061182
3.78,22,471.068024
5.81,19,471.073947
3.76,24,471.081336
1.85,15,471.085964
1.86,14,471.090305
1.88,12,471.42108
1.86,14,471.425646
3.86,14,471.430546
1.87,13,471.434832
1.87,13,471.438976
3.85,15,471.443719
1.87,13,471.447834
3.87,13,471.451948
1.89,11,471.455428
1.81,19,471.461349
3.8,20,471.747724
1.84,16,471.752922
3.84,16,471.7581
1.81,19,471.764751
3.8,20,471.771577
3.84,16,471.776763
5.8,20,471.78347
1.8,20,472.088217
3.81,19,472.095715
3.82,18,472.102812
1.85,15,472.108456
1.85,15,472.113739
3.83,17,472.119632
3.8,20,472.126356
1.87,13,472.42495
1.88,12,472.428923
3.78,22,472.435903
5.8,20,472.442778
1.89,11,472.446501
1.83,17,472.451894
3.84,16,472.45691
3.85,15,472.461602
1.8,20,472.797931
1.86,14,472.803457
1.87,13,472.808886
1.85,15,472.813788
13.77,23,472.821858
13.76,24,472.830653
1.87,13,472.835471
1.86,14,473.255098
1.85,15,473.260692
1.86,14,473.266537
1.88,12,473.270477
5.85,15,473.27658
1.85,15,473.283772
3.75,25,473.293028
3.86,14,473.298887
1.83,17,473.304701
1.88,12,473.719235
5.81,19,473.725798
3.82,18,473.731649
1.79,21,473.739958
1.81,19,473.747093
5.8,20,473.753601
1.87,13,473.759192
3.87,13,474.090385
3.83,17,474.095946
5.83,17,474.101679
1.87,13,474.106182
1.82,18,474.112091
1.83,17,474.117877
3.8,20,474.124548
1.79,21,474.437893
5.82,18,474.443929
1.81,19,474.450607
1.82,18,474.457189
3.82,18,474.464346
1.82,18,474.472397
5.84,16,474.477749
3.81,19,474.484621
1.87,13,474.796395
5.81,19,474.803293
3.83,17,474.808687
1.83,17,474.814584
5.78,22,474.821993
3.81,19,474.828293
3.82,18,474.834733
1.85,15,475.150173
1.88,12,475.154154
1.85,15,475.158928
1.81,19,475.164872
13.76,24,475.173367
1.86,14,475.178859
5.82,18,475.184597
1.88,12,475.189047
3.85,15,475.544764
1.88,12,475.548999
13.81,19,475.555133
1.89,11,475.558687
1.84,16,475.56378
3.83,17,475.569654
3.79,21,475.577001
3.84,16,475.582326
3.77,23,475.902242
13.75,25,475.911162
3.81,19,475.918211
13.82,18,475.925136
1.8,20,475.932218
1.85,15,475.937128
1.84,16,476.229167
1.81,19,476.235363
5.83,17,476.241558
1.86,14,476.246066
1.79,21,476.253579
1.8,20,476.260398
1.88,12,476.2649
1.85,15,476.269846
5.79,21,476.586857
3.84,16,476.59197
5.8,20,476.598185
3.82,18,476.604564
3.85,15,476.609679
1.88,12,476.61421
1.87,13,476.618446
3.84,16,476.623994
13.76,24,476.940786
1.87,13,476.945826
3.82,18,476.951551
1.82,18,476.957863
1.85,15,476.963011
1.79,21,476.969768
1.82,18,476.975438
1.89,11,477.306337
3.87,13,477.310676
3.86,14,477.315184
5.78,22,477.322598
5.83,17,477.328076
1.89,11,477.332217
3.79,21,477.339191
3.77,23,477.677891
1.88,12,477.682318
3.82,18,477.68865
3.86,14,477.693108
1.82,18,477.699269
1.87,13,477.703554
1.8,20,477.70988
1.83,17,477.715311
1.87,13,477.719477
3.85,15,478.038727
1.81,19,478.045339
1.87,13,478.049507
1.88,12,478.053716
1.82,18,478.059891
1.84,16,478.06565
5.81,19,478.071967
5.74,26,478.370338
5.78,22,478.379852
13.81,19,478.386386
3.82,18,478.392791
5.83,17,478.398466
1.81,19,478.4046
1.81,19,478.410655
3.86,14,478.740932
1.86,14,478.745537
3.81,19,478.752229
1.84,16,478.758475
5.79,21,478.7655
5.81,19,478.772832
1.84,16,478.782048
5.82,18,479.134969
5.86,14,479.140517
3.8,20,479.147359
1.87,13,479.151771
3.8,20,479.15856
1.83,17,479.16431
3.8,20,479.171022
5.84,16,479.17611
3.82,18,479.500146
3.84,16,479.505556
1.85,15,479.510337
1.82,18,479.516935
3.84,16,479.522051
1.82,18,479.528012
1.84,16,479.534225
5.78,22,479.840861
5.79,21,479.848205
1.8,20,479.855611
1.86,14,479.860449
1.84,16,479.865704
3.82,18,479.872228
1.83,17,479.877666
3.79,21,480.213141
1.86,14,480.217806
3.82,18,480.224379
5.82,18,480.230594
3.86,14,480.235318
3.84,16,480.241058
3.81,19,480.247535
1.88,12,480.251802
3.85,15,480.564082
1.83,17,480.56969
3.81,19,480.575806
1.85,15,480.580845
1.88,12,480.585344
5.77,23,480.593373
1.81,19,480.59972
3.81,19,480.608283
1.83,17,480.96163
5.82,18,480.967483
1.84,16,480.972704
1.87,13,480.9776
1.8,20,480.984714
5.8,20,480.99212
3.82,18,480.998389
1.84,16,481.306502
1.88,12,481.310494
3.86,14,481.315236
3.87,13,481.319377
5.81,19,481.326203
1.83,17,481.331954
1.85,15,481.336926
1.84,16,481.341997
1.83,17,481.624838
1.84,16,481.630567
1.86,14,481.635195
3.81,19,481.641728
13.73,27,481.650861
3.77,23,481.658736
1.89,11,481.662327
5.78,22,482.06721
1.89,11,482.071529
5.83,17,482.077914
1.85,15,482.082711
3.87,13,482.087517
3.81,19,482.093969
1.8,20,482.10074
5.83,17,482.106427
1.88,12,482.415262
5.78,22,482.422393
3.88,12,482.426205
3.8,20,482.432448
1.77,23,482.439587
5.82,18,482.445189
3.86,14,482.449559
3.84,16,482.788371
5.82,18,482.794274
3.8,20,482.801298
3.86,14,482.806044
1.85,15,482.811807
1.87,13,482.816143
3.78,22,482.823756
1.85,15,482.829236
1.88,12,483.16839
1.8,20,483.175582
3.87,13,483.180686
3.85,15,483.185724
5.83,17,483.191775
1.87,13,483.196325
3.83,17,483.202041
1.87,13,483.206226
1.8,20,483.502901
1.8,20,483.509503
5.81,19,483.515602
5.79,21,483.522329
3.81,19,483.528364
1.84,16,483.533463
1.83,17,483.538879
1.86,14,483.543339
3.78,22,483.851513
3.8,20,483.858302
5.82,18,483.864455
3.84,16,483.869773
3.79,21,483.876747
3.84,16,483.882345
1.88,12,483.886343
3.86,14,484.239106
1.86,14,484.243654
1.84,16,484.249358
5.82,18,484.255694
5.79,21,484.262527
1.83,17,484.268141
1.79,21,484.275105
1.82,18,484.603604
3.82,18,484.610248
3.83,17,484.615999
3.86,14,484.620763
1.89,11,484.62449
1.87,13,484.62871
1.86,14,484.633467
3.84,16,484.638656
1.87,13,484.643166
1.86,14,484.924577
3.81,19,484.930993
5.81,19,484.937241
3.84,16,484.942266
3.86,14,484.94665
1.86,14,484.951021
1.88,12,484.954789
3.88,12,484.958547
3.88,12,484.962303
3.86,14,485.25246
1.88,12,485.256361
3.86,14,485.26079
3.82,18,485.267657
1.84,16,485.272815
5.76,24,485.281227
3.81,19,485.287705
3.84,16,485.617055
3.83,17,485.622486
1.81,19,485.628419
5.81,19,485.634321
3.83,17,485.639615
3.86,14,485.644409
5.84,16,485.649676
1.9,10,485.652901
3.81,19,485.93913
5.77,23,485.946457
1.87,13,485.950599
5.77,23,485.957785
1.83,17,485.963101
1.88,12,485.966891
1.8,20,485.973121
1.81,19,486.302169
1.89,11,486.305751
3.85,15,486.310435
1.86,14,486.315014
3.82,18,486.320926
3.85,15,486.325889
3.81,19,486.331998
1.86,14,486.336478
1.84,16,486.622821
1.86,14,486.627579
1.81,19,486.63375
5.83,17,486.639585
3.82,18,486.645596
5.8,20,486.652221
1.77,23,486.659644
1.87,13,486.663857
1.83,17,486.992726
3.85,15,486.997506
3.81,19,487.003581
3.83,17,487.009216
1.81,19,487.015817
3.84,16,487.021011
1.84,16,487.026255
1.85,15,487.331934
3.78,22,487.339044
1.81,19,487.346464
1.88,12,487.350658
1.86,14,487.355915
5.82,18,487.362989
1.83,17,487.368773
1.84,16,487.375202
3.84,16,487.717965
1.89,11,487.721718
1.86,14,487.726432
3.84,16,487.731511
13.78,22,487.738699
1.87,13,487.742889
1.89,11,487.746496
5.8,20,487.752806
1.85,15,488.078315
1.86,14,488.08342
3.85,15,488.089598
3.86,14,488.094219
1.83,17,488.100595
3.85,15,488.105501
3.81,19,488.112526
1.87,13,488.116869
3.83,17,488.12262
3.82,18,488.447635
1.86,14,488.452388
5.81,19,488.45855
1.88,12,488.462837
1.87,13,488.467344
3.82,18,488.473312
3.82,18,488.479133
1.82,18,488.777599
3.82,18,488.783593
3.83,17,488.789738
3.81,19,488.796137
1.87,13,488.800825
1.88,12,488.806192
5.79,21,488.813602
3.83,17,488.819612
1.81,19,489.162571
1.86,14,489.16783
5.83,17,489.174516
3.83,17,489.18102
3.79,21,489.188026
1.79,21,489.194949
1.87,13,489.20089
1.88,12,489.20583
1.87,13,489.574016
5.77,23,489.582054
5.84,16,489.587215
3.83,17,489.592744
1.78,22,489.599655
1.83,17,489.61034
1.84,16,489.664692
1.87,13,490.031441
3.76,24,490.040799
3.81,19,490.047776
1.85,15,490.053078
5.81,19,490.059318
13.77,23,490.067419
1.81,19,490.073457
1.84,16,490.426935
3.84,16,490.432524
1.88,12,490.436827
1.84,16,490.44194
5.82,18,490.448207
1.83,17,490.453984
3.8,20,490.460394
3.82,18,490.811254
5.84,16,490.816678
1.84,16,490.822427
3.8,20,490.829404
3.87,13,490.834147
3.83,17,490.840849
1.78,22,490.848317
1.87,13,490.853135
3.84,16,491.215586
1.83,17,491.221428
3.86,14,491.226346
3.82,18,491.233888
1.85,15,491.239256
5.82,18,491.246246
1.87,13,491.250439
3.83,17,491.256907
1.83,17,491.581776
1.87,13,491.586029
1.86,14,491.591518
1.8,20,491.599184
3.83,17,491.605158
1.81,19,491.611725
3.85,15,491.61664
3.85,15,491.622853
1.83,17,491.971078
1.83,17,491.977735
1.89,11,491.982042
3.85,15,491.987473
13.79,21,491.994827
1.78,22,492.00305
1.84,16,492.009608
1.84,16,492.014901
3.82,18,492.362066
3.87,13,492.366295
5.75,25,492.37404
1.84,16,492.379982
3.82,18,492.386286
3.84,16,492.391828
1.84,16,492.397735
1.84,16,492.758337
3.85,15,492.763147
1.8,20,492.769779
1.84,16,492.775774
1.8,20,492.782734
1.89,11,492.786294
5.84,16,492.7917
5.82,18,492.797413
3.83,17,493.126635
3.81,19,493.134084
3.83,17,493.141475
1.8,20,493.148197
3.8,20,493.15575
1.84,16,493.161326
1.84,16,493.166817
1.84,16,493.493297
1.86,14,493.497855
3.82,18,493.505053
1.84,16,493.510875
1.85,15,493.51569
1.85,15,493.521047
3.83,17,493.52681
1.84,16,493.532271
1.86,14,493.816493
5.8,20,493.823111
3.84,16,493.82822
3.85,15,493.832982
3.79,21,493.839633
1.8,20,493.846418
3.8,20,493.85327
1.89,11,494.162595
5.84,16,494.167889
3.8,20,494.17423
13.73,27,494.183039
3.78,22,494.190014
1.82,18,494.195636
3.82,18,494.201313
1.84,16,494.581797
5.75,25,494.590435
1.84,16,494.596269
3.83,17,494.60226
5.8,20,494.609252
5.75,25,494.61749
1.85,15,494.912252
1.83,17,494.918015
5.81,19,494.924259
1.87,13,494.928867
5.82,18,494.934719
1.82,18,494.940522
3.86,14,494.945462
3.85,15,494.95026
1.84,16,495.248978
3.81,19,495.255747
5.81,19,495.262043
3.81,19,495.268509
13.77,23,495.276967
3.85,15,495.282158
1.84,16,495.287602
1.82,18,495.629052
5.81,19,495.63526
5.79,21,495.64289
13.71,29,495.654565
5.81,19,495.662442
1.88,12,495.666653
3.8,20,495.673421
3.86,14,496.069569
3.79,21,496.078037
1.83,17,496.083451
3.85,15,496.088873
3.86,14,496.093311
1.84,16,496.098933
5.83,17,496.10448
5.84,16,496.10961
1.86,14,496.440294
5.78,22,496.447744
13.81,19,496.454112
13.8,20,496.460899
13.76,24,496.469142
1.82,18,496.476047
1.8,20,496.77467
3.84,16,496.779782
3.84,16,496.785445
13.74,26,496.794093
1.81,19,496.800793
3.79,21,496.808016
3.84,16,496.813583
3.8,20,497.170515
3.83,17,497.176276
5.82,18,497.182101
5.85,15,497.186889
1.89,11,497.190405
1.83,17,497.195989
1.85,15,497.200715
3.81,19,497.206633
1.89,11,497.498227
3.84,16,497.50373
5.83,17,497.509671
1.88,12,497.514548
1.84,16,497.520093
3.78,22,497.52786
3.82,18,497.533772
5.84,16,497.539506
3.84,16,497.861535
1.86,14,497.866001
5.8,20,497.872244
3.82,18,497.87779
1.86,14,497.882143
13.73,27,497.890472
3.78,22,497.897258
1.86,14,498.198734
1.82,18,498.204667
3.83,17,498.210107
1.85,15,498.215182
3.82,18,498.220924
1.84,16,498.225929
1.83,17,498.231404
1.78,22,498.512023
1.87,13,498.516578
1.82,18,498.522404
1.84,16,498.527464
3.82,18,498.533335
3.83,17,498.538804
5.82,18,498.544416
5.8,20,498.834774
1.88,12,498.839071
3.79,21,498.846773
1.82,18,498.852703
1.85,15,498.857652
1.86,14,498.862574
13.78,22,498.869501
3.8,20,498.876395
1.86,14,499.201008
1.81,19,499.207102
3.82,18,499.212762
13.78,22,499.219625
13.79,21,499.226158
3.82,18,499.231736
5.83,17,499.237393
1.88,12,499.579417
5.78,22,499.587213
1.88,12,499.591062
3.83,17,499.596815
1.86,14,499.601501
1.82,18,499.608052
13.8,20,499.614467
3.85,15,499.620697
5.82,18,499.984347
1.87,13,499.989462
1.85,15,499.99449
1.85,15,499.999824
3.8,20,500.00634
1.84,16,500.011471
1.82,18,500.017076
1.84,16,500.340264
1.84,16,500.346691
3.87,13,500.351525
3.83,17,500.357896
3.82,18,500.364844
3.77,23,500.373633
3.81,19,500.380756
1.8,20,500.388261
13.75,25,500.736986
3.84,16,500.742699
3.81,19,500.748874
1.88,12,500.752732
3.81,19,500.758851
1.82,18,500.764729
3.83,17,500.770252
3.82,18,501.128214
1.83,17,501.13438
5.84,16,501.140461
5.85,15,501.145583
5.77,23,501.153146
3.87,13,501.15754
1.85,15,501.162399
1.86,14,501.167313
1.87,13,501.48679
1.83,17,501.49378
3.82,18,501.501109
3.88,12,501.50624
1.86,14,501.510696
1.81,19,501.516788
1.86,14,501.52127
1.87,13,501.525908
1.83,17,501.826912
1.85,15,501.831708
13.78,22,501.838557
1.83,17,501.843834
1.85,15,501.848499
1.85,15,501.853163
3.84,16,501.858121
1.88,12,501.861847
1.83,17,502.188094
1.89,11,502.193048
1.86,14,502.197779
3.81,19,502.204186
3.86,14,502.208866
1.86,14,502.213323
3.85,15,502.219217
5.8,20,502.226011
3.85,15,502.532944
3.87,13,502.538328
3.85,15,502.55004
5.8,20,502.562213
3.83,17,502.56855
5.8,20,502.57802
1.83,17,502.58873
3.79,21,502.596651
3.78,22,502.930967
13.83,17,502.937833
3.84,16,502.943051
5.81,19,502.949621
3.85,15,502.954838
13.79,21,502.961502
1.82,18,502.967439
5.8,20,503.291678
1.86,14,503.296675
3.84,16,503.301791
1.86,14,503.306174
13.82,18,503.311793
1.8,20,503.317961
1.78,22,503.324707
13.81,19,503.650691
1.82,18,503.65675
1.85,15,503.661826
1.86,14,503.666902
1.84,16,503.672597
3.81,19,503.679166
1.84,16,503.684254
5.83,17,503.987538
1.83,17,503.993217
5.83,17,503.999166
1.85,15,504.003984
1.85,15,504.008642
1.86,14,504.013278
1.86,14,504.017775
3.79,21,504.024811
3.82,18,504.35018
5.83,17,504.356219
3.79,21,504.36389
3.85,15,504.369021
3.84,16,504.374542
1.82,18,504.380754
1.79,21,504.387359
1.86,14,504.391986
1.84,16,504.710314
3.8,20,504.717294
3.85,15,504.722126
5.82,18,504.727914
3.83,17,504.733345
5.82,18,504.73922
1.89,11,504.742783
1.87,13,504.746861
1.81,19,505.054568
3.85,15,505.059366
5.83,17,505.064667
1.82,18,505.07093
1.85,15,505.075764
1.87,13,505.080389
1.87,13,505.084548
1.85,15,505.089724
3.85,15,505.373338
13.79,21,505.379941
1.88,12,505.384253
3.87,13,505.388509
1.87,13,505.392889
1.84,16,505.398002
1.87,13,505.40208
3.82,18,505.408335
5.82,18,505.751057
1.83,17,505.757303
1.85,15,505.763862
1.79,21,505.771556
1.81,19,505.778655
1.84,16,505.784722
3.83,17,505.791134
1.86,14,505.798624
1.82,18,506.164452
1.81,19,506.171761
3.84,16,506.177231
3.83,17,506.183535
1.86,14,506.188111
5.81,19,506.194914
5.8,20,506.202252
1.84,16,506.509115
3.78,22,506.516644
1.86,14,506.521947
1.88,12,506.526217
1.84,16,506.532054
1.87,13,506.536733
1.85,15,506.54223
5.75,25,506.550903
3.81,19,506.956851
1.82,18,506.964515
1.82,18,506.970821
1.85,15,506.975991
1.84,16,506.982329
1.84,16,506.988186
1.83,17,506.994239
3.85,15,507.310101
1.84,16,507.315325
1.84,16,507.321291
3.87,13,507.325889
1.85,15,507.33125
1.86,14,507.336829
3.83,17,507.342852
1.82,18,507.348837
1.84,16,507.354524
1.82,18,507.640925
1.86,14,507.646393
3.8,20,507.652811
5.8,20,507.65996
1.86,14,507.664449
1.89,11,507.667944
1.85,15,507.672622
1.88,12,507.676677
1.85,15,507.991752
1.86,14,507.996279
3.79,21,508.003411
1.85,15,508.008308
5.82,18,508.01441
3.83,17,508.020326
1.82,18,508.026059
1.82,18,508.342696
1.86,14,508.348146
1.81,19,508.35509
1.89,11,508.358621
1.83,17,508.364651
5.8,20,508.371382
3.78,22,508.37883
1.84,16,508.384825
3.78,22,508.722506
5.77,23,508.730972
1.89,11,508.734819
3.76,24,508.743461
1.83,17,508.749993
3.84,16,508.755249
1.82,18,508.762071
3.86,14,509.200288
1.81,19,509.207734
5.79,21,509.215121
3.8,20,509.222031
3.81,19,509.228697
1.81,19,509.235268
1.89,11,509.239058
1.88,12,509.562566
3.82,18,509.568455
5.82,18,509.5745
1.83,17,509.580022
1.87,13,509.584888
1.77,23,509.592779
3.83,17,509.598376
13.79,21,509.93347
1.87,13,509.938263
1.89,11,509.942233
3.82,18,509.948228
1.83,17,509.9541
3.83,17,509.959561
1.8,20,509.965843
3.83,17,509.971136
1.84,16,510.283452
1.87,13,510.287717
1.89,11,510.291666
3.82,18,510.297737
3.83,17,510.303664
3.83,17,510.309037
3.78,22,510.316456
3.81,19,510.322513
1.86,14,510.639054
1.84,16,510.6443
1.85,15,510.649302
1.89,11,510.652829
1.87,13,510.657628
1.9,10,510.660969
1.88,12,510.665283
13.78,22,510.672797
3.81,19,510.679296
3.85,15,511.049162
5.76,24,511.057743
1.83,17,511.064339
3.79,21,511.071644
3.82,18,511.078209
1.88,12,511.08229
13.78,22,511.089839
1.84,16,511.44278
1.85,15,511.44805
1.87,13,511.452323
1.85,15,511.457058
1.87,13,511.461133
5.78,22,511.467913
1.82,18,511.473458
1.83,17,511.478692
3.85,15,511.796525
1.89,11,511.800107
1.86,14,511.805076
1.83,17,511.81098
1.87,13,511.815836
3.85,15,511.820898
1.87,13,511.825688
3.81,19,511.831921
1.83,17,512.119846
13.79,21,512.126537
1.9,10,512.129699
3.86,14,512.134082
1.84,16,512.139623
1.86,14,512.144171
1.87,13,512.148689
3.78,22,512.156302
3.82,18,512.48429
1.77,23,512.492042
5.81,19,512.498221
1.82,18,512.503873
3.84,16,512.508883
1.85,15,512.513572
1.82,18,512.519112
3.8,20,512.839516
1.83,17,512.844916
1.86,14,512.849824
3.8,20,512.85665
5.85,15,512.861514
1.86,14,512.866272
3.81,19,512.872453
3.81,19,512.878598
3.78,22,513.178762
1.77,23,513.186848
1.87,13,513.190972
3.83,17,513.19722
1.8,20,513.204118
3.83,17,513.209705
1.84,16,513.215026
1.86,14,513.559911
5.82,18,513.566128
13.76,24,513.574224
3.84,16,513.579419
1.8,20,513.58597
3.86,14,513.590454
3.8,20,513.597101
3.87,13,513.932414
1.87,13,513.936641
1.86,14,513.94158
5.83,17,513.947078
3.86,14,513.951475
1.88,12,513.955305
3.79,21,513.962393
1.81,19,513.968593
1.86,14,514.304617
1.86,14,514.309434
3.86,14,514.314058
3.79,21,514.320877
1.8,20,514.328378
3.86,14,514.333613
1.79,21,514.341006
1.87,13,514.346242
5.85,15,514.674379
1.85,15,514.679314
1.8,20,514.685659
3.85,15,514.690442
1.82,18,514.696103
1.82,18,514.701801
1.88,12,514.705608
3.83,17,514.710981
1.83,17,515.02484
1.85,15,515.030591
1.83,17,515.036298
3.81,19,515.043281
3.87,13,515.04747
1.85,15,515.052581
1.85,15,515.057448
3.78,22,515.065262
3.81,19,515.389857
1.87,13,515.394012
5.8,20,515.400226
3.77,23,515.407346
5.82,18,515.413008
5.83,17,515.418274
1.88,12,515.422297
1.88,12,515.741323
1.83,17,515.746709
1.83,17,515.752036
1.81,19,515.757881
1.87,13,515.761977
5.8,20,515.768204
1.86,14,515.77272
3.79,21,515.779585
1.8,20,516.099549
5.81,19,516.105724
3.83,17,516.11112
5.79,21,516.117774
1.84,16,516.12284
1.86,14,516.127269
3.86,14,516.131712
3.86,14,516.47411
5.84,16,516.482201
1.87,13,516.48701
1.85,15,516.492163
1.85,15,516.497617
1.84,16,516.503285
13.81,19,516.509603
1.89,11,516.513149
3.82,18,516.818794
1.83,17,516.825002
3.8,20,516.831925
1.83,17,516.837354
1.88,12,516.842259
3.83,17,516.848335
3.82,18,516.854556
1.85,15,516.859735
1.87,13,517.163222
1.83,17,517.168825
3.81,19,517.175654
13.81,19,517.182208
5.81,19,517.188585
3.84,16,517.194414
1.83,17,517.200088
1.86,14,517.205012
1.87,13,517.504545
3.86,14,517.509084
3.84,16,517.514091
1.84,16,517.519067
3.87,13,517.523113
1.85,15,517.527744
1.89,11,517.53118
1.85,15,517.535813
5.77,23,517.839913
3.81,19,517.845982
1.84,16,517.850953
1.83,17,517.856531
1.85,15,517.861265
3.87,13,517.865348
1.87,13,517.869941
1.86,14,517.874418
1.85,15,517.879961
1.84,16,518.17848
13.79,21,518.186325
5.83,17,518.192023
5.84,16,518.198101
1.88,12,518.201939
1.86,14,518.206674
1.86,14,518.211282
1.85,15,518.216666
3.87,13,518.53311
3.79,21,518.539869
5.82,18,518.54605
1.87,13,518.550196
1.81,19,518.556085
1.88,12,518.559901
3.84,16,518.564863
1.79,21,518.572292
3.87,13,518.894994
1.84,16,518.900216
1.9,10,518.90452
1.85,15,518.909347
3.81,19,518.916177
1.79,21,518.923861
1.87,13,518.928747
1.83,17,518.934465
3.84,16,519.298641
1.85,15,519.303444
3.8,20,519.311112
13.82,18,519.317457
1.88,12,519.321552
3.85,15,519.327195
1.88,12,519.331083
5.81,19,519.33765
1.85,15,519.645118
1.84,16,519.651631
1.86,14,519.656802
3.86,14,519.662077
1.81,19,519.668363
3.81,19,519.675334
5.8,20,519.682323
3.86,14,519.68714
3.83,17,520.004069
1.85,15,520.008967
5.8,20,520.015249
1.87,13,520.020132
5.81,19,520.026174
1.84,16,520.031877
1.84,16,520.037502
1.88,12,520.042041
3.81,19,520.34946
5.82,18,520.356494
5.76,24,520.364346
1.84,16,520.369516
1.81,19,520.376188
1.86,14,520.380822
1.84,16,520.386488
1.89,11,520.727322
3.86,14,520.732328
5.83,17,520.738793
1.86,14,520.743678
3.81,19,520.750018
3.84,16,520.75522
1.83,17,520.760616
1.81,19,520.767097
1.84,16,521.067943
5.78,22,521.075904
13.73,27,521.084867
3.82,18,521.091707
3.82,18,521.098379
1.82,18,521.105924
5.78,22,521.412938
1.88,12,521.416969
1.85,15,521.421791
1.79,21,521.428452
1.84,16,521.433547
5.76,24,521.44109
3.8,20,521.447403
1.83,17,521.787672
3.84,16,521.792851
1.88,12,521.797157
1.83,17,521.802673
5.81,19,521.809216
1.84,16,521.814866
3.84,16,521.827241
1.88,12,521.832903
1.82,18,522.312272
1.83,17,522.318085
1.86,14,522.322879
1.82,18,522.328693
13.79,21,522.335417
1.82,18,522.341287
1.89,11,522.34484
1.85,15,522.349551
5.77,23,522.662348
3.82,18,522.668561
5.81,19,522.674735
3.82,18,522.680496
1.84,16,522.685536
1.81,19,522.691372
3.81,19,522.697222
1.9,10,522.985046
1.8,20,522.991389
1.84,16,522.996328
1.84,16,523.00132
1.88,12,523.005073
1.83,17,523.010298
13.77,23,523.017326
1.87,13,523.021375
5.8,20,523.370775
3.77,23,523.378876
5.79,21,523.385853
3.8,20,523.39265
1.84,16,523.398212
1.84,16,523.403494
1.87,13,523.408175
1.84,16,523.738038
1.86,14,523.742571
1.81,19,523.74898
1.83,17,523.754475
1.86,14,523.759253
3.86,14,523.763723
3.86,14,523.768417
1.87,13,523.773599
1.79,21,524.074616
1.87,13,524.078864
1.83,17,524.084199
3.84,16,524.089877
1.84,16,524.095167
1.87,13,524.099403
5.79,21,524.106626
1.82,18,524.112413
1.8,20,524.434872
3.81,19,524.441473
1.8,20,524.447953
1.85,15,524.452676
1.89,11,524.456145
3.83,17,524.461738
5.8,20,524.468143
13.79,21,524.771857
13.83,17,524.777437
1.85,15,524.78286
13.78,22,524.790133
3.82,18,524.796686
1.87,13,524.801099
5.78,22,524.808423
3.82,18,525.170057
1.85,15,525.175506
1.81,19,525.18235
5.84,16,525.187793
5.75,25,525.195995
5.77,23,525.204882
5.84,16,525.211416
3.87,13,525.588365
13.75,25,525.596911
3.86,14,525.601807
3.83,17,525.607838
5.84,16,525.61309
3.79,21,525.619889
1.83,17,525.625522
3.83,17,525.983137
5.82,18,525.989019
5.83,17,525.995524
3.76,24,526.003725
1.88,12,526.007607
1.89,11,526.011085
5.75,25,526.019082
3.82,18,526.02481
1.81,19,526.400267
1.85,15,526.405827
1.78,22,526.412747
1.89,11,526.416634
13.77,23,526.424292
5.78,22,526.431222
1.88,12,526.435339
1.89,11,526.775265
3.78,22,526.7824
5.83,17,526.787813
5.81,19,526.793813
3.84,16,526.798882
5.8,20,526.80598
1.84,16,526.811568
5.79,21,527.13991
3.85,15,527.144984
3.83,17,527.150925
5.8,20,527.15768
3.81,19,527.163607
3.8,20,527.169774
1.83,17,527.175667
1.87,13,527.501403
1.86,14,527.506772
3.86,14,527.511874
1.81,19,527.517995
1.89,11,527.522084
3.78,22,527.529191
1.87,13,527.534421
1.83,17,527.540709
1.83,17,527.859608
3.84,16,527.864899
1.85,15,527.870217
13.83,17,527.875718
3.86,14,527.880157
3.86,14,527.884521
1.89,11,527.887971
1.86,14,527.892366
3.84,16,527.89734
1.82,18,528.168745
3.86,14,528.173251
1.88,12,528.177061
1.83,17,528.182296
3.81,19,528.188136
1.84,16,528.193085
5.77,23,528.201358
1.83,17,528.207786
1.88,12,528.549857
5.82,18,528.55663
3.84,16,528.561713
1.86,14,528.566045
1.85,15,528.570668
1.83,17,528.5759
5.83,17,528.581172
5.81,19,528.587003
13.81,19,528.898348
5.74,26,528.907789
1.81,19,528.914045
3.83,17,528.919445
5.83,17,528.925438
3.86,14,528.930202
5.8,20,529.238874
1.88,12,529.242814
3.81,19,529.249261
1.88,12,529.253893
3.86,14,529.259085
3.83,17,529.264389
1.81,19,529.270779
5.83,17,529.276168
3.82,18,529.591383
1.84,16,529.596643
1.82,18,529.603273
1.84,16,529.608469
5.85,15,529.61383
1.87,13,529.617973
3.83,17,529.624107
1.86,14,529.629009
3.8,20,529.913477
13.75,25,529.921605
5.77,23,529.929168
3.85,15,529.933845
1.86,14,529.938173
1.84,16,529.943148
5.79,21,529.949564
3.82,18,530.305804
3.77,23,530.313518
1.85,15,530.318347
3.78,22,530.325193
1.86,14,530.329543
5.8,20,530.335702
1.85,15,530.340365
1.87,13,530.686723
1.83,17,530.696035
3.85,15,530.70161
3.8,20,530.708636
1.84,16,530.714194
5.81,19,530.720425
3.86,14,530.72501
1.78,22,530.732562
1.86,14,531.065189
3.85,15,531.070144
13.77,23,531.078438
5.82,18,531.084537
1.79,21,531.09167
1.81,19,531.098382
3.82,18,531.104127
1.8,20,531.437609
1.82,18,531.444584
1.81,19,531.451042
1.83,17,531.457085
1.85,15,531.46535
1.86,14,531.473633
5.82,18,531.491985
5.85,15,531.854876
1.81,19,531.861052
3.8,20,531.867632
1.84,16,531.873212
13.73,27,531.882047
1.9,10,531.885282
1.86,14,531.889746
1.87,13,531.893953
1.83,17,532.284907
1.83,17,532.290339
3.85,15,532.295032
1.87,13,532.299106
3.84,16,532.304103
13.78,22,532.310892
1.88,12,532.31464
1.82,18,532.32031
3.84,16,532.636751
1.87,13,532.640921
1.89,11,532.644386
3.85,15,532.64905
13.8,20,532.655215
3.82,18,532.660774
3.85,15,532.665423
3.79,21,532.671872
1.81,19,532.983963
5.78,22,532.991086
5.79,21,532.997713
5.74,26,533.005874
1.84,16,533.010964
3.85,15,533.015739
1.87,13,533.316853
3.82,18,533.32272
1.84,16,533.330008
5.82,18,533.335865
3.8,20,533.342454
1.89,11,533.346363
1.83,17,533.351758
5.77,23,533.359597
1.83,17,533.693206
1.84,16,533.698796
5.77,23,533.706194
1.85,15,533.710964
1.85,15,533.715699
3.85,15,533.720428
13.76,24,533.727934
1.83,17,534.080887
1.83,17,534.086695
3.86,14,534.092041
1.86,14,534.097143
1.82,18,534.103308
5.8,20,534.110094
1.83,17,534.115988
3.78,22,534.409726
3.83,17,534.415224
3.83,17,534.42115
13.77,23,534.428531
3.83,17,534.433879
5.77,23,534.441051
5.81,19,534.447006
13.81,19,534.845205
13.8,20,534.852941
1.85,15,534.859331
1.88,12,534.864753
3.81,19,534.872806
3.82,18,534.878488
13.83,17,534.884614
1.88,12,534.888687
3.83,17,535.206497
1.87,13,535.210713
3.82,18,535.217341
1.88,12,535.221383
1.86,14,535.226099
1.89,11,535.229643
1.83,17,535.235533
3.83,17,535.241176
1.82,18,535.52642
1.87,13,535.530688
1.89,11,535.534191
5.83,17,535.539531
1.85,15,535.544218
1.83,17,535.549525
1.83,17,535.554807
1.87,13,535.558879
1.9,10,535.562027
1.86,14,535.845457
5.8,20,535.851795
3.85,15,535.857134
3.81,19,535.863244
1.84,16,535.868288
3.86,14,535.873147
3.76,24,535.884428
5.84,16,536.268654
3.83,17,536.274782
3.82,18,536.281041
5.78,22,536.288378
13.82,18,536.294547
5.75,25,536.302552
1.8,20,536.309312
3.86,14,536.670751
1.84,16,536.675944
1.83,17,536.682088
3.8,20,536.688795
1.85,15,536.693764
3.84,16,536.698878
1.84,16,536.703918
1.79,21,536.710473
1.87,13,537.028814
1.83,17,537.034736
1.87,13,537.039308
3.8,20,537.046107
1.87,13,537.050276
3.83,17,537.056109
3.82,18,537.062157
13.75,25,537.367544
1.89,11,537.371205
1.84,16,537.376994
1.85,15,537.3818
1.88,12,537.386198
1.84,16,537.391617
3.87,13,537.395758
1.88,12,537.399577
3.83,17,537.404874
5.77,23,537.68169
5.79,21,537.688888
13.76,24,537.696757
1.83,17,537.702264
3.84,16,537.70732
1.86,14,537.711747
1.87,13,537.716199
5.76,24,538.071196
1.86,14,538.076474
3.82,18,538.082219
13.73,27,538.091292
3.87,13,538.096096
1.81,19,538.102107
1.89,11,538.105612
3.85,15,538.532665
1.82,18,538.538528
1.81,19,538.545328
1.84,16,538.551977
1.86,14,538.557578
1.8,20,538.567017
1.81,19,538.576359
1.89,11,538.582258
1.82,18,539.053345
1.89,11,539.05699
5.83,17,539.063176
5.81,19,539.06977
1.82,18,539.075949
1.88,12,539.080061
1.87,13,539.084268
3.82,18,539.090966
1.87,13,539.407555
3.81,19,539.413888
1.86,14,539.41943
3.83,17,539.425945
5.83,17,539.432218
1.87,13,539.436959
3.82,18,539.443074
3.8,20,539.450021
1.83,17,539.780236
3.82,18,539.786192
3.83,17,539.79169
5.74,26,539.801467
5.8,20,539.808823
3.84,16,539.814179
3.84,16,539.820116
3.87,13,540.188462
1.82,18,540.194215
3.83,17,540.19979
3.85,15,540.205301
5.83,17,540.21146
1.83,17,540.216985
1.82,18,540.222973
5.82,18,540.503848
1.84,16,540.509023
1.86,14,540.51351
3.78,22,540.521027
1.87,13,540.525643
1.86,14,540.530252
1.82,18,540.535923
1.83,17,540.541265
3.83,17,540.854966
5.8,20,540.861467
3.84,16,540.866693
5.85,15,540.871466
1.83,17,540.877629
3.87,13,540.88183
1.83,17,540.887144
3.84,16,540.892136
3.85,15,541.197691
1.85,15,541.202469
1.88,12,541.206876
3.8,20,541.213696
5.81,19,541.220063
1.83,17,541.225691
13.82,18,541.232099
1.84,16,541.237351
3.84,16,541.539753
3.79,21,541.546836
3.8,20,541.553757
1.85,15,541.558894
1.87,13,541.563567
3.85,15,541.568725
5.8,20,541.57618
1.79,21,541.892573
13.81,19,541.898679
3.84,16,541.90433
3.77,23,541.912654
5.85,15,541.91818
3.81,19,541.924735
3.83,17,541.930837
1.87,13,542.314195
1.84,16,542.320234
1.88,12,542.324201
5.79,21,542.331744
3.83,17,542.337519
1.89,11,542.341031
1.88,12,542.345282
5.82,18,542.351898
1.83,17,542.357723
3.83,17,542.730708
1.85,15,542.73606
3.81,19,542.742745
1.84,16,542.748004
3.78,22,542.755183
1.85,15,542.759988
1.83,17,542.765404
1.82,18,543.091885
3.79,21,543.099619
3.87,13,543.103901
3.8,20,543.111492
1.89,11,543.115261
5.84,16,543.120637
5.81,19,543.126901
1.84,16,543.13255
1.85,15,543.476408
3.84,16,543.483341
1.81,19,543.491631
1.85,15,543.496715
1.86,14,543.501871
3.84,16,543.507533
3.84,16,543.513718
1.83,17,543.519297
3.78,22,543.822726
3.82,18,543.829022
3.83,17,543.834487
3.81,19,543.840647
1.88,12,543.844781
13.78,22,543.851911
1.88,12,543.855878
13.81,19,544.203504
1.81,19,544.210961
3.82,18,544.217031
1.8,20,544.224079
1.87,13,544.228282
1.89,11,544.232007
1.87,13,544.236103
3.83,17,544.242461
3.83,17,544.572063
1.87,13,544.576537
1.86,14,544.58168
1.87,13,544.58593
5.79,21,544.59312
1.81,19,544.599255
1.86,14,544.60427
1.89,11,544.607845
13.82,18,544.985903
13.76,24,544.995253
1.83,17,545.001347
3.83,17,545.007659
1.84,16,545.013569
3.82,18,545.019972
3.84,16,545.025744
1.82,18,545.373347
1.78,22,545.380373
1.84,16,545.386338
1.88,12,545.390612
1.88,12,545.395036
5.75,25,545.403206
1.85,15,545.408305
3.82,18,545.414315
1.84,16,545.795787
5.76,24,545.804215
5.79,21,545.81095
3.79,21,545.817908
1.85,15,545.823356
3.83,17,545.829728
1.84,16,545.83584
1.86,14,546.195561
1.81,19,546.20177
1.78,22,546.208759
5.78,22,546.215739
1.82,18,546.221534
3.84,16,546.226615
3.81,19,546.233122
5.8,20,546.558711
3.77,23,546.566004
1.89,11,546.569542
1.83,17,546.575328
1.85,15,546.580196
1.84,16,546.585597
1.89,11,546.589156
1.87,13,546.593267
13.76,24,546.93844
3.82,18,546.944146
3.86,14,546.948571
1.83,17,546.955551
3.83,17,546.962132
1.84,16,546.9673
1.86,14,546.972184
3.83,17,547.2907
1.79,21,547.297567
5.83,17,547.303733
5.77,23,547.311536
3.83,17,547.317
5.78,22,547.324916
13.77,23,547.669302
5.83,17,547.676478
3.83,17,547.683815
1.85,15,547.692472
1.8,20,547.701436
3.8,20,547.709491
3.85,15,547.715386
3.79,21,547.722744
3.82,18,548.093084
1.86,14,548.09869
3.85,15,548.103559
3.82,18,548.110253
1.89,11,548.114199
1.87,13,548.119089
1.83,17,548.125078
1.81,19,548.133051
1.88,12,548.439872
1.79,21,548.447372
3.81,19,548.453999
1.83,17,548.459502
1.86,14,548.464534
3.87,13,548.46884
3.87,13,548.473151
5.81,19,548.479167
3.83,17,548.820255
1.85,15,548.825336
1.85,15,548.83045
3.85,15,548.835708
3.86,14,548.840545
5.81,19,548.847385
3.83,17,548.853217
3.82,18,548.858953
3.85,15,549.155841
1.87,13,549.160049
13.81,19,549.166871
1.81,19,549.173311
5.84,16,549.178396
5.82,18,549.184384
1.83,17,549.190037
1.82,18,549.487231
5.78,22,549.494312
13.81,19,549.500597
1.82,18,549.506989
1.86,14,549.51177
5.83,17,549.517978
3.76,24,549.526201
5.79,21,549.885469
1.84,16,549.891053
1.83,17,549.896988
1.9,10,549.900485
3.78,22,549.909142
1.8,20,549.915975
1.83,17,549.921835
1.85,15,549.926688
13.77,23,550.247232
3.84,16,550.252442
1.83,17,550.258309
1.88,12,550.262355
1.79,21,550.26996
5.79,21,550.277037
3.85,15,550.281934
1.83,17,550.614566
13.76,24,550.622744
1.87,13,550.627016
1.89,11,550.630666
5.83,17,550.636109
3.87,13,550.64026
1.8,20,550.646944
1.83,17,551.002411
1.83,17,551.008421
3.86,14,551.013358
1.8,20,551.019701
3.87,13,551.024348
1.89,11,551.028137
5.76,24,551.036292
1.86,14,551.041063
1.87,13,551.045434
1.89,11,551.408164
3.76,24,551.416045
3.76,24,551.423631
5.78,22,551.430861
1.87,13,551.435378
1.81,19,551.441754
3.84,16,551.447788
3.83,17,551.74071
5.85,15,551.746017
1.89,11,551.749719
1.83,17,551.755374
1.89,11,551.758922
5.81,19,551.764947
5.84,16,551.77007
1.86,14,551.774578
1.8,20,552.063183
3.82,18,552.069305
3.86,14,552.074119
1.85,15,552.078999
3.83,17,552.084395
3.82,18,552.090686
1.86,14,552.095124
5.84,16,552.100862
1.87,13,552.378523
3.82,18,552.384509
3.82,18,552.390451
3.85,15,552.395509
1.83,17,552.400866
1.85,15,552.405574
3.87,13,552.40968
1.88,12,552.41342
1.89,11,552.416866
1.83,17,552.695227
3.82,18,552.700898
1.89,11,552.704663
5.82,18,552.710305
1.85,15,552.714991
5.78,22,552.721757
1.78,22,552.728518
3.87,13,553.060791
1.83,17,553.066478
1.86,14,553.0717
3.79,21,553.078709
3.85,15,553.08351
1.88,12,553.088061
3.82,18,553.093837
5.8,20,553.101041
1.84,16,553.427652
1.87,13,553.431891
1.82,18,553.438715
1.83,17,553.444873
3.81,19,553.45102
13.81,19,553.457346
1.78,22,553.464399
1.87,13,553.784811
13.83,17,553.790609
1.82,18,553.796813
1.87,13,553.801514
1.87,13,553.806381
3.83,17,553.811941
1.8,20,553.819685
5.78,22,553.827205
3.81,19,554.181988
5.83,17,554.188918
1.87,13,554.19359
1.89,11,554.198224
1.86,14,554.202884
1.88,12,554.20742
5.78,22,554.214375
1.84,16,554.220102
1.82,18,554.555012
3.81,19,554.561715
1.82,18,554.567601
3.83,17,554.57388
5.82,18,554.580685
3.85,15,554.586096
1.8,20,554.593287
5.76,24,554.951672
1.82,18,554.958507
3.85,15,554.96376
1.87,13,554.968268
5.78,22,554.97552
3.77,23,554.983735
1.85,15,554.988955
1.87,13,555.339714
3.83,17,555.345203
3.79,21,555.352552
3.84,16,555.358356
1.84,16,555.363509
5.8,20,555.370382
5.79,21,555.377386
1.88,12,555.69836
13.82,18,555.704332
1.85,15,555.709982
1.87,13,555.714605
5.82,18,555.804291
1.87,13,555.808935
1.87,13,555.814039
3.84,16,555.819562
1.87,13,555.825775
5.82,18,556.125267
3.82,18,556.132089
3.85,15,556.137381
3.81,19,556.143801
1.83,17,556.149382
3.86,14,556.154341
3.87,13,556.158508
1.88,12,556.162587
3.84,16,556.462794
3.79,21,556.469875
3.82,18,556.475658
1.9,10,556.479368
1.87,13,556.483905
5.8,20,556.49046
1.85,15,556.495542
1.86,14,556.500092
3.8,20,556.82385
1.82,18,556.830727
1.79,21,556.838663
1.88,12,556.843159
1.86,14,556.84836
5.82,18,556.854571
1.81,19,556.861105
1.86,14,556.865629
1.86,14,557.218983
3.84,16,557.225141
5.81,19,557.231511
1.79,21,557.238736
3.81,19,557.245116
5.77,23,557.252335
3.83,17,557.258013
3.84,16,557.591313
13.73,27,557.599793
3.81,19,557.606188
1.83,17,557.611914
1.86,14,557.616607
1.86,14,557.621485
3.8,20,557.629078
13.76,24,558.004318
5.82,18,558.01047
3.81,19,558.016573
1.87,13,558.02122
13.77,23,558.028548
3.81,19,558.03533
3.77,23,558.322649
3.84,16,558.327763
3.83,17,558.334028
1.88,12,558.337971
1.83,17,558.344129
5.83,17,558.349749
1.83,17,558.355786
3.85,15,558.36082
3.77,23,558.638268
1.86,14,558.643369
1.82,18,558.64949
3.82,18,558.655343
1.83,17,558.660754
1.86,14,558.665879
1.8,20,558.672892
1.82,18,558.975432
3.86,14,558.980095
1.88,12,558.983928
1.82,18,558.989599
5.77,23,558.996825
1.84,16,559.001849
3.81,19,559.007783
1.88,12,559.01157
3.86,14,559.350073
1.83,17,559.355915
1.86,14,559.360456
1.87,13,559.36519
1.8,20,559.372267
3.85,15,559.379433
1.86,14,559.38457
5.83,17,559.390531
1.85,15,559.68761
1.82,18,559.693927
3.81,19,559.700036
3.76,24,559.707553
3.83,17,559.712891
3.85,15,559.717605
5.8,20,559.723839
5.81,19,560.235093
3.85,15,560.239958
1.83,17,560.246331
1.84,16,560.251592
3.85,15,560.256866
3.79,21,560.263807
1.87,13,560.268199
5.79,21,560.275096
1.83,17,560.593994
1.87,13,560.598356
1.85,15,560.603208
1.85,15,560.608014
1.84,16,560.613137
3.83,17,560.618557
1.88,12,560.622421
5.81,19,560.628493
3.8,20,560.911682
3.85,15,560.916468
1.89,11,560.919929
3.85,15,560.924611
3.84,16,560.929569
3.77,23,560.936631
3.81,19,560.942469
1.88,12,560.94619
3.87,13,561.276544
3.84,16,561.281691
3.77,23,561.289502
1.83,17,561.294982
1.87,13,561.299145
1.87,13,561.303327
3.85,15,561.308168
5.77,23,561.315766
1.87,13,561.646665
13.81,19,561.652746
3.8,20,561.65902
3.88,12,561.662801
1.8,20,561.669047
1.84,16,561.674035
5.8,20,561.680246
1.83,17,561.97509
1.77,23,561.98294
5.8,20,561.989445
3.83,17,561.994899
3.76,24,562.002449
1.84,16,562.007496
1.84,16,562.012967
5.78,22,562.345842
1.84,16,562.351261
1.8,20,562.357972
1.86,14,562.362476
3.76,24,562.370034
1.81,19,562.376008
1.83,17,562.654038
1.84,16,562.659393
1.85,15,562.66457
3.83,17,562.670237
13.77,23,562.678035
1.87,13,562.682287
3.82,18,562.687888
1.79,21,562.694357
3.78,22,563.110434
3.77,23,563.118309
5.8,20,563.125857
1.87,13,563.131
1.86,14,563.136345
5.85,15,563.14196
1.88,12,563.146129
1.83,17,563.497711
3.81,19,563.50385
3.84,16,563.509876
3.76,24,563.51876
1.84,16,563.524086
1.87,13,563.529322
1.81,19,563.535546
1.87,13,563.540858
1.85,15,563.903946
1.85,15,563.908816
5.82,18,563.915862
1.81,19,563.922286
5.83,17,563.927749
1.82,18,563.934062
3.86,14,563.938499
1.86,14,563.944106
5.83,17,564.25655
1.83,17,564.262538
3.83,17,564.267929
1.89,11,564.271985
3.8,20,564.281594
3.86,14,564.286238
1.86,14,564.290651
1.81,19,564.297831
1.88,12,564.59725
1.83,17,564.603136
3.79,21,564.609758
3.77,23,564.617842
5.8,20,564.624275
3.84,16,564.629569
3.85,15,564.634336
3.83,17,564.977838
1.85,15,564.982655
3.82,18,564.989049
1.88,12,564.993734
1.86,14,564.998589
1.87,13,565.002831
1.86,14,565.007813
5.78,22,565.01528
1.86,14,565.356152
3.84,16,565.361544
1.89,11,565.36599
3.81,19,565.372093
1.87,13,565.376518
1.83,17,565.381843
1.89,11,565.386153
1.82,18,565.391928
1.87,13,565.396854
3.86,14,565.694085
3.83,17,565.700483
1.8,20,565.707995
13.79,21,565.715145
1.87,13,565.719307
1.85,15,565.72467
5.82,18,565.730535
5.77,23,566.042347
5.81,19,566.048831
1.86,14,566.053962
1.85,15,566.059177
3.82,18,566.065222
1.88,12,566.069329
13.81,19,566.075547
1.83,17,566.082033
3.83,17,566.429952
5.84,16,566.435899
1.81,19,566.442423
1.85,15,566.448201
1.84,16,566.453273
3.87,13,566.458027
1.79,21,566.465854
5.78,22,566.789152
3.82,18,566.794925
3.82,18,566.801169
3.86,14,566.805773
5.79,21,566.812446
1.81,19,566.819548
1.85,15,566.824384
3.86,14,566.829424
1.85,15,567.158052
5.8,20,567.165525
1.85,15,567.170891
5.81,19,567.177865
3.85,15,567.182719
3.86,14,567.188132
13.78,22,567.195671
1.83,17,567.515038
1.83,17,567.520453
1.84,16,567.526014
3.85,15,567.530852
1.81,19,567.537481
3.84,16,567.542875
1.87,13,567.547655
1.83,17,567.553475
5.82,18,567.880685
3.83,17,567.886428
3.8,20,567.894256
3.86,14,567.900376
3.84,16,567.906641
1.84,16,567.911789
5.82,18,567.918536
5.85,15,567.924187
5.85,15,568.242153
1.89,11,568.245781
1.81,19,568.252513
1.84,16,568.258469
3.81,19,568.265457
1.88,12,568.2696
1.85,15,568.274547
1.87,13,568.278713
3.85,15,568.577861
5.81,19,568.583954
3.85,15,568.589233
3.77,23,568.597511
13.78,22,568.604724
3.78,22,568.612755
1.87,13,568.616953
5.8,20,569.041625
3.83,17,569.04888
5.82,18,569.059431
1.85,15,569.066034
1.79,21,569.182491
5.82,18,569.249698
3.85,15,569.255693
1.87,13,569.274115
1.85,15,569.584865
1.87,13,569.589248
5.78,22,569.597043
3.84,16,569.603893
1.83,17,569.609347
3.81,19,569.616075
1.85,15,569.621047
3.85,15,569.946674
1.89,11,569.950327
1.89,11,569.953853
1.82,18,569.960186
3.83,17,569.966089
1.84,16,569.971149
1.77,23,569.978261
1.84,16,569.983221
5.83,17,570.313323
3.8,20,570.319749
3.83,17,570.325138
1.89,11,570.328633
3.86,14,570.333048
3.82,18,570.338707
1.88,12,570.342495
13.79,21,570.34903
3.79,21,570.655044
3.87,13,570.659295
3.82,18,570.664933
1.85,15,570.669678
1.84,16,570.674681
3.83,17,570.680007
1.89,11,570.683489
5.8,20,570.689695
1.8,20,570.989613
1.86,14,570.994108
3.82,18,571.00032
3.81,19,571.006411
3.82,18,571.012164
3.82,18,571.017831
1.78,22,571.025149
3.86,14,571.33915
1.88,12,571.343065
1.8,20,571.349315
3.79,21,571.355813
1.88,12,571.35959
1.85,15,571.364245
1.88,12,571.367992
3.85,15,571.372639
3.83,17,571.685993
1.89,11,571.689617
1.79,21,571.696196
1.87,13,571.700378
3.86,14,571.704762
1.86,14,571.709151
1.87,13,571.713232
5.82,18,571.718816
3.83,17,571.724107
1.88,12,572.037787
5.8,20,572.044327
1.86,14,572.049035
1.87,13,572.05336
3.84,16,572.058573
5.78,22,572.065481
3.85,15,572.070171
1.9,10,572.073312
3.86,14,572.402153
3.86,14,572.407037
3.79,21,572.41461
1.81,19,572.421634
13.81,19,572.427989
5.8,20,572.434706
5.81,19,572.440957
3.83,17,572.76386
1.84,16,572.769056
1.88,12,572.773443
5.81,19,572.779726
5.8,20,572.786704
1.81,19,572.792921
3.86,14,572.797695
1.88,12,572.801552
1.83,17,573.118347
1.81,19,573.124882
1.83,17,573.131615
3.81,19,573.13898
3.78,22,573.146645
13.8,20,573.154128
5.86,14,573.159409
3.82,18,573.510152
1.87,13,573.515528
1.83,17,573.521837
1.85,15,573.527022
1.8,20,573.534476
5.81,19,573.540563
3.76,24,573.548626
3.82,18,573.900491
5.78,22,573.907614
3.85,15,573.912847
3.82,18,573.91879
3.81,19,573.924874
1.84,16,573.929966
5.77,23,573.938534
3.81,19,574.266351
3.78,22,574.273744
3.86,14,574.278404
5.79,21,574.285028
1.82,18,574.290673
1.88,12,574.294468
1.88,12,574.298262
5.8,20,574.30451
1.84,16,574.640569
5.84,16,574.645908
1.85,15,574.650605
3.79,21,574.657996
1.83,17,574.663635
3.84,16,574.668815
1.87,13,574.673012
3.8,20,574.98737
13.81,19,574.993499
1.89,11,574.996999
13.78,22,575.003895
5.82,18,575.009514
1.79,21,575.016038
5.83,17,575.021345
1.86,14,575.025727
1.85,15,575.348179
13.82,18,575.353887
5.75,25,575.362
1.88,12,575.365889
3.78,22,575.372844
1.86,14,575.3773
1.87,13,575.381445
1.86,14,575.735707
5.84,16,575.740916
1.83,17,575.746687
3.87,13,575.750889
3.86,14,575.755889
1.89,11,575.759735
5.82,18,575.765583
1.86,14,575.770107
1.84,16,575.775256
5.79,21,576.057794
1.8,20,576.064104
1.87,13,576.068201
1.82,18,576.073781
1.81,19,576.079643
13.79,21,576.086122
5.75,25,576.334477
1.81,19,576.340544
1.84,16,576.34555
1.85,15,576.350253
1.78,22,576.357086
3.77,23,576.364213
5.83,17,576.369521
3.82,18,576.653408
5.81,19,576.659767
5.8,20,576.666796
3.85,15,576.671721
3.84,16,576.677006
3.86,14,576.681453
5.83,17,576.686774
1.81,19,576.692679
5.79,21,576.995838
1.84,16,577.001518
3.81,19,577.007482
1.83,17,577.012806
3.84,16,577.017781
5.77,23,577.024877
1.81,19,577.300087
1.82,18,577.306628
1.85,15,577.311386
3.8,20,577.31762
3.85,15,577.322314
3.8,20,577.328532
1.89,11,577.331987
3.8,20,577.338208
1.8,20,577.626713
1.8,20,577.641621
3.82,18,577.651846
1.87,13,577.661563
1.84,16,577.667641
13.8,20,577.67525
3.79,21,577.682392
1.8,20,578.009991
1.86,14,578.01499
3.84,16,578.020281
3.82,18,578.026009
1.84,16,578.031045
3.83,17,578.0364
5.78,22,578.043286
1.88,12,578.047102
1.86,14,578.376272
1.88,12,578.380144
1.78,22,578.387635
1.86,14,578.392217
3.83,17,578.39766
1.89,11,578.401188
1.86,14,578.40566
13.81,19,578.411748
1.88,12,578.747599
1.86,14,578.752148
1.89,11,578.756405
1.79,21,578.76395
1.87,13,578.768919
3.81,19,578.775627
13.78,22,578.782737
1.84,16,578.788378
1.8,20,579.131903
1.88,12,579.135941
3.87,13,579.140444
1.83,17,579.146059
5.8,20,579.153152
3.85,15,579.158309
3.8,20,579.164605
3.77,23,579.557254
5.83,17,579.563627
5.75,25,579.574338
3.84,16,579.579579
1.88,12,579.584766
1.83,17,579.59116
5.79,21,579.600418
3.77,23,580.015898
5.81,19,580.022327
5.8,20,580.028834
3.8,20,580.035638
5.83,17,580.041121
1.79,21,580.048707
3.79,21,580.055937
1.79,21,580.328468
3.83,17,580.334066
1.86,14,580.338562
3.87,13,580.343518
3.8,20,580.350151
1.86,14,580.355563
1.8,20,580.363381
5.83,17,580.714323
3.8,20,580.72149
1.88,12,580.726006
1.88,12,580.731292
1.87,13,580.736083
1.81,19,580.742542
1.82,18,580.749297
1.83,17,580.757796
1.84,16,581.104403
1.85,15,581.109225
1.86,14,581.114482
3.87,13,581.118891
1.8,20,581.126038
1.88,12,581.129907
1.86,14,581.135089
1.87,13,581.139881
3.77,23,581.485719
3.8,20,581.495326
3.81,19,581.501468
3.85,15,581.507046
5.85,15,581.511978
1.89,11,581.51636
13.77,23,581.524287
1.82,18,581.530881
1.81,19,581.895917
5.79,21,581.903432
3.86,14,581.907967
1.89,11,581.912002
3.86,14,581.916766
1.87,13,581.92125
1.87,13,581.925548
3.85,15,581.930754
3.82,18,582.268821
3.81,19,582.274855
1.81,19,582.282149
1.79,21,582.289788
3.87,13,582.294036
1.86,14,582.29852
1.81,19,582.304478
1.86,14,582.309155
3.82,18,582.67301
1.85,15,582.680167
1.87,13,582.684516
3.83,17,582.69094
5.81,19,582.698319
1.78,22,582.705911
1.89,11,582.710047
5.82,18,583.034844
3.8,20,583.041397
5.78,22,583.04907
3.81,19,583.055373
13.78,22,583.062362
3.84,16,583.068101
1.84,16,583.073282
3.85,15,583.399987
1.86,14,583.404567
1.81,19,583.411069
5.82,18,583.41685
1.79,21,583.423439
5.78,22,583.430315
1.89,11,583.433839
13.77,23,583.756913
1.84,16,583.762541
1.85,15,583.767893
3.86,14,583.772515
1.87,13,583.776952
3.82,18,583.782781
3.84,16,583.787902
1.86,14,583.792361
1.83,17,583.797775
1.86,14,584.077555
1.88,12,584.08154
1.84,16,584.086615
1.84,16,584.091718
1.82,18,584.097345
1.84,16,584.102392
1.84,16,584.107434
1.88,12,584.111217
3.84,16,584.386725
1.85,15,584.391682
1.82,18,584.397677
1.85,15,584.402523
1.81,19,584.408494
3.82,18,584.414201
1.85,15,584.418941
3.8,20,584.425608
1.81,19,584.734932
5.8,20,584.741777
3.81,19,584.748235
3.8,20,584.754989
1.88,12,584.759313
3.82,18,584.765039
5.83,17,584.770761
1.85,15,585.062307
1.88,12,585.066197
1.84,16,585.071257
1.88,12,585.075065
1.86,14,585.079412
3.82,18,585.084962
1.88,12,585.088686
13.77,23,585.095791
5.8,20,585.433556
13.76,24,585.441677
1.83,17,585.447178
1.87,13,585.451762
1.83,17,585.45715
3.85,15,585.462048
3.82,18,585.467691
1.88,12,585.472074
5.76,24,585.820426
1.87,13,585.824624
13.75,25,585.832362
5.83,17,585.83766
1.87,13,585.841722
5.82,18,585.847316
1.86,14,585.851688
3.84,16,586.205698
1.83,17,586.211114
1.87,13,586.215197
5.83,17,586.220483
3.82,18,586.226124
3.82,18,586.231765
3.81,19,586.237707
1.84,16,586.242685
13.8,20,586.546903
1.89,11,586.550742
5.8,20,586.557401
1.86,14,586.563031
3.79,21,586.570749
3.83,17,586.57615
1.83,17,586.582047
3.83,17,586.919147
3.84,16,586.924484
5.8,20,586.931197
1.84,16,586.936535
3.77,23,586.943908
3.8,20,586.950375
1.89,11,586.95414
1.86,14,587.301325
1.86,14,587.306142
1.8,20,587.312594
13.84,16,587.317689
1.85,15,587.323277
5.79,21,587.330845
3.81,19,587.337529
1.89,11,587.341308
1.85,15,587.672476
1.82,18,587.67842
3.84,16,587.683483
5.76,24,587.691616
1.86,14,587.696572
3.85,15,587.701439
1.85,15,587.70617
1.86,14,587.710777
5.81,19,588.107918
13.78,22,588.115501
5.83,17,588.121423
1.82,18,588.127525
1.83,17,588.133379
5.83,17,588.140487
1.86,14,588.145549
3.76,24,588.479243
5.83,17,588.48507
1.89,11,588.489108
3.8,20,588.495611
3.8,20,588.502101
13.8,20,588.508535
1.86,14,588.513097
1.82,18,588.822971
3.84,16,588.828887
1.87,13,588.833788
1.78,22,588.841684
1.87,13,588.845903
1.8,20,588.853195
5.77,23,588.861347
1.87,13,588.865594
1.8,20,589.233983
3.82,18,589.240019
3.81,19,589.246416
1.82,18,589.252202
3.86,14,589.256799
1.86,14,589.261694
1.8,20,589.26812
1.87,13,589.578477
5.77,23,589.586752
3.78,22,589.593992
5.81,19,589.600647
1.87,13,589.604803
1.87,13,589.609516
3.85,15,589.615069
3.86,14,589.619585
1.85,15,589.967267
1.89,11,589.970936
1.89,11,589.97479
1.89,11,589.978596
1.85,15,589.983928
1.81,19,589.990248
1.85,15,589.996043
1.83,17,590.00147
3.8,20,590.298955
13.76,24,590.307449
1.84,16,590.312938
1.9,10,590.317022
5.81,19,590.324103
3.83,17,590.329969
3.81,19,590.336817
3.84,16,590.343116
1.82,18,590.723637
3.83,17,590.729878
3.86,14,590.734905
1.85,15,590.74034
1.83,17,590.746653
13.83,17,590.752531
1.85,15,590.757745
1.8,20,590.764944
3.82,18,591.098934
1.8,20,591.10606
1.87,13,591.110509
1.82,18,591.116408
3.85,15,591.121129
1.88,12,591.125048
1.86,14,591.129504
3.8,20,591.450764
1.84,16,591.456558
3.86,14,591.461232
1.86,14,591.466234
5.84,16,591.471435
3.8,20,591.478104
5.76,24,591.486592
1.85,15,591.491378
1.82,18,591.839276
1.84,16,591.844367
1.83,17,591.8503
1.83,17,591.855763
3.84,16,591.861215
3.84,16,591.866381
1.82,18,591.872144
1.83,17,591.877516
3.8,20,592.173277
1.87,13,592.177464
1.84,16,592.182516
5.83,17,592.187855
3.85,15,592.192518
1.82,18,592.198148
3.85,15,592.202817
3.82,18,592.489129
1.83,17,592.494735
1.86,14,592.499744
1.84,16,592.505001
3.87,13,592.51009
5.75,25,592.518601
5.8,20,592.525859
1.84,16,592.531225
13.79,21,592.91668
5.79,21,592.924163
5.85,15,592.929223
1.86,14,592.933957
1.88,12,592.938016
1.89,11,592.942157
3.81,19,592.94861
3.81,19,592.955668
1.83,17,593.274731
1.86,14,593.279222
3.84,16,593.284247
1.85,15,593.288936
5.83,17,593.294218
1.88,12,593.297971
5.77,23,593.305036
3.76,24,593.658995
1.86,14,593.663554
1.83,17,593.66948
1.82,18,593.675908
3.78,22,593.683127
13.82,18,593.689472
5.8,20,593.695747
3.79,21,594.020637
1.85,15,594.026393
5.81,19,594.032751
1.9,10,594.036606
1.88,12,594.0406
3.82,18,594.046781
3.83,17,594.053306
3.83,17,594.059243
3.84,16,594.358207
1.83,17,594.363679
1.88,12,594.367723
1.86,14,594.372231
1.89,11,594.376447
1.81,19,594.383287
5.84,16,594.388926
1.83,17,594.394278
1.82,18,594.706268
3.82,18,594.713013
1.81,19,594.719689
1.78,22,594.727196
5.78,22,594.73505
3.84,16,594.741155
3.84,16,594.747252
5.82,18,595.07849
3.85,15,595.083272
1.88,12,595.08774
3.86,14,595.092424
3.84,16,595.098241
3.84,16,595.103643
3.78,22,595.110619
5.81,19,595.116564
1.83,17,595.441681
3.85,15,595.446526
1.83,17,595.453215
3.86,14,595.45795
3.85,15,595.462899
5.79,21,595.469514
1.87,13,595.473659
1.86,14,595.478062
1.83,17,595.782331
1.87,13,595.786546
1.89,11,595.790516
5.77,23,595.797875
5.74,26,595.806783
3.82,18,595.812436
3.83,17,595.818096
1.85,15,596.184098
3.81,19,596.190187
3.86,14,596.195145
3.83,17,596.200627
3.79,21,596.207232
1.81,19,596.21318
1.82,18,596.218803
1.85,15,596.223665
1.9,10,596.541002
1.84,16,596.546416
3.8,20,596.553004
1.88,12,596.556938
1.84,16,596.562011
1.86,14,596.566421
3.8,20,596.572655
1.82,18,596.578264
1.84,16,596.887004
1.84,16,596.892194
1.88,12,596.895997
5.76,24,596.903467
1.89,11,596.90694
3.86,14,596.912064
3.87,13,596.916412
1.79,21,596.92368
1.86,14,597.279266
1.87,13,597.283574
1.84,16,597.289205
3.83,17,597.294557
3.83,17,597.300269
1.82,18,597.306099
3.84,16,597.311191
1.82,18,597.316877
13.8,20,597.600374
1.88,12,597.604306
5.79,21,597.610871
1.85,15,597.615708
3.82,18,597.621396
3.87,13,597.62611
1.88,12,597.629969
3.76,24,597.95273
1.87,13,597.957593
3.86,14,597.962237
13.79,21,597.969419
1.83,17,597.975266
13.74,26,597.983469
1.84,16,597.988529
13.81,19,598.348579
1.88,12,598.352667
3.8,20,598.359476
1.9,10,598.363139
3.81,19,598.369214
3.79,21,598.376012
1.83,17,598.381437
3.85,15,598.386228
1.89,11,598.389738
5.83,17,598.709083
3.79,21,598.716202
1.87,13,598.720658
1.84,16,598.726145
1.84,16,598.73126
1.88,12,598.735057
1.88,12,598.738816
3.81,19,598.744745
3.84,16,599.066735
1.82,18,599.072774
5.78,22,599.079618
5.81,19,599.085494
1.82,18,599.091051
1.83,17,599.096291
1.82,18,599.101889
13.83,17,599.430345
1.83,17,599.435817
1.83,17,599.441161
3.78,22,599.448013
3.87,13,599.452107
3.87,13,599.456199
1.85,15,599.460884
3.83,17,599.466198
1.88,12,599.795565
3.85,15,599.800688
1.89,11,599.804473
3.83,17,599.809832
3.84,16,599.815184
1.87,13,599.819295
3.78,22,599.827166
13.8,20,599.833764
1.83,17,600.157962
3.83,17,600.163531
1.87,13,600.167712
1.87,13,600.171905
1.8,20,600.178261
3.84,16,600.18339
5.84,16,600.1885
1.87,13,600.192644
5.82,18,600.489222
3.82,18,600.495084
1.83,17,600.500676
3.81,19,600.507575
5.83,17,600.513775
1.85,15,600.518668
1.85,15,600.523862
5.79,21,600.822898
13.82,18,600.828817
1.88,12,600.832602
3.76,24,600.840668
3.82,18,600.846782
1.82,18,600.852613
3.88,12,600.856481
5.79,21,601.193734
1.88,12,601.197727
1.89,11,601.201187
1.84,16,601.206765
3.83,17,601.21228
1.89,11,601.215803
3.83,17,601.221157
3.8,20,601.227413
1.89,11,601.230928
1.87,13,601.524814
3.81,19,601.531016
5.82,18,601.537439
3.81,19,601.544096
3.82,18,601.550407
1.85,15,601.555329
3.83,17,601.560716
5.8,20,601.567147
1.81,19,601.881886
3.86,14,601.886858
1.78,22,601.89443
1.84,16,601.899716
3.83,17,601.905217
1.86,14,601.909715
1.86,14,601.914182
13.78,22,602.228638
1.89,11,602.232211
1.82,18,602.238407
1.9,10,602.241748
1.85,15,602.246528
1.83,17,602.252005
1.82,18,602.257695
1.83,17,602.263037
3.81,19,602.546622
1.85,15,602.551557
3.88,12,602.555424
1.84,16,602.560534
3.86,14,602.565026
1.84,16,602.570325
3.86,14,602.57502
3.84,16,602.580157
3.83,17,602.585616
5.83,17,602.854375
1.84,16,602.859933
13.8,20,602.866451
5.8,20,602.872803
1.84,16,602.878619
3.85,15,602.883401
3.76,24,602.890894
3.79,21,603.237148
13.81,19,603.243803
1.82,18,603.249615
3.81,19,603.255619
5.84,16,603.260685
13.8,20,603.266962
5.81,19,603.536623
3.83,17,603.542387
3.87,13,603.546698
3.82,18,603.552458
1.89,11,603.55608
1.84,16,603.561364
1.87,13,603.565666
3.86,14,603.570228
1.82,18,603.576019
1.84,16,603.874931
3.79,21,603.882407
3.81,19,603.888895
3.82,18,603.894799
5.83,17,603.900224
1.84,16,603.905962
5.85,15,603.91216
3.84,16,604.220885
13.82,18,604.226754
1.83,17,604.232182
1.85,15,604.237215
3.88,12,604.241024
3.8,20,604.247836
3.79,21,604.255272
1.85,15,604.26027
1.86,14,604.585268
1.83,17,604.592269
1.86,14,604.597622
1.82,18,604.604187
13.79,21,604.610979
1.84,16,604.616663
1.85,15,604.621665
1.85,15,604.626413
3.79,21,604.944827
5.81,19,604.951378
1.83,17,604.956823
1.87,13,604.960937
1.86,14,604.965308
3.83,17,604.970651
5.78,22,604.977422
1.86,14,605.30544
3.86,14,605.310041
5.8,20,605.316767
1.87,13,605.320983
5.84,16,605.326094
3.78,22,605.333045
1.83,17,605.338448
3.81,19,605.344468
3.85,15,605.668884
1.86,14,605.673388
1.86,14,605.678942
1.86,14,605.683892
3.77,23,605.691926
1.83,17,605.697569
1.86,14,605.702009
1.85,15,605.707484
3.84,16,606.067121
3.75,25,606.075724
3.82,18,606.082035
3.86,14,606.086718
13.76,24,606.094622
1.81,19,606.100747
13.8,20,606.398632
5.82,18,606.404441
1.86,14,606.409479
1.8,20,606.417467
1.87,13,606.421776
1.81,19,606.428121
1.89,11,606.431643
3.79,21,606.438654
3.85,15,606.753449
1.8,20,606.759865
1.86,14,606.764324
1.87,13,606.768447
3.87,13,606.772974
3.82,18,606.778756
1.86,14,606.783184
13.83,17,606.788508
1.79,21,607.10464
3.83,17,607.110896
1.85,15,607.115835
1.81,19,607.121803
3.85,15,607.126473
3.83,17,607.131771
1.85,15,607.136462
3.83,17,607.141738
3.77,23,607.430731
1.86,14,607.435758
1.83,17,607.441292
1.87,13,607.445445
3.82,18,607.451109
3.88,12,607.454915
5.83,17,607.460269
5.85,15,607.464976
3.83,17,607.755113
1.89,11,607.758785
1.84,16,607.763934
1.83,17,607.769337
1.89,11,607.772876
3.79,21,607.779482
1.85,15,607.784249
1.89,11,607.787768
5.81,19,608.11139
3.87,13,608.115682
1.86,14,608.120135
5.81,19,608.126408
1.88,12,608.130576
3.84,16,608.135804
1.84,16,608.140917
1.86,14,608.145414
1.85,15,608.150115
5.81,19,608.450503
1.85,15,608.455901
1.81,19,608.462322
1.84,16,608.467989
1.83,17,608.473522
1.88,12,608.478338
3.87,13,608.482773
3.81,19,608.490121
3.78,22,608.785709
3.78,22,608.792661
3.83,17,608.797997
1.82,18,608.803608
1.86,14,608.807989
1.88,12,608.811757
5.83,17,608.817056
1.87,13,609.132347
1.88,12,609.136761
5.8,20,609.143692
5.82,18,609.149731
3.78,22,609.156887
1.88,12,609.161245
5.84,16,609.166701
1.85,15,609.171454
13.75,25,609.504563
5.82,18,609.511003
1.87,13,609.515507
1.79,21,609.522572
1.85,15,609.527379
1.83,17,609.53295
1.84,16,609.538024
1.84,16,609.85908
5.76,24,609.867134
3.78,22,609.874496
13.81,19,609.880702
5.78,22,609.887629
5.8,20,609.89388
1.79,21,610.172289
1.83,17,610.177919
1.86,14,610.183161
3.8,20,610.190352
1.88,12,610.194531
1.86,14,610.198991
1.85,15,610.2046
1.85,15,610.209623
3.85,15,610.511509
1.85,15,610.517228
1.87,13,610.523094
1.88,12,610.527379
3.82,18,610.533433
1.87,13,610.537646
5.85,15,610.542942
3.87,13,610.547096
1.83,17,610.553308
1.86,14,610.842959
3.86,14,610.847514
3.81,19,610.853706
5.79,21,610.860463
1.87,13,610.8646
3.82,18,610.87023
1.89,11,610.873915
1.84,16,610.87911
1.88,12,610.882932
3.85,15,611.203406
3.81,19,611.210028
5.82,18,611.216166
5.83,17,611.221982
5.78,22,611.228897
3.85,15,611.233946
1.81,19,611.239988
1.86,14,611.576256
3.87,13,611.580606
13.76,24,611.588645
3.83,17,611.595067
3.79,21,611.601648
3.88,12,611.606084
1.8,20,611.612719
3.86,14,611.960684
1.88,12,611.964658
1.86,14,611.969391
5.75,25,611.97774
3.84,16,611.98324
3.81,19,611.989356
1.8,20,611.996185
1.89,11,611.999799
13.78,22,612.372701
3.82,18,612.378948
1.84,16,612.384193
1.87,13,612.388366
5.78,22,612.395241
3.82,18,612.400872
3.82,18,612.406579
3.85,15,612.713466
3.86,14,612.718025
1.86,14,612.722972
13.82,18,612.7288
3.8,20,612.735079
1.86,14,612.739508
3.86,14,612.743931
1.87,13,612.748026
3.84,16,613.051816
3.8,20,613.058405
5.83,17,613.06379
3.83,17,613.069132
5.82,18,613.074782
3.87,13,613.078896
3.82,18,613.084534
1.87,13,613.088642
1.83,17,613.377985
1.86,14,613.382503
5.84,16,613.387517
1.87,13,613.39159
1.83,17,613.396853
3.82,18,613.402407
1.82,18,613.407992
13.75,25,613.415654
3.83,17,613.747509
1.88,12,613.752407
1.79,21,613.759229
1.85,15,613.764717
3.85,15,613.769534
1.85,15,613.774849
1.84,16,613.779989
3.85,15,613.785317
1.84,16,614.105632
1.84,16,614.112135
3.79,21,614.118818
5.75,25,614.127855
1.86,14,614.132639
13.78,22,614.139723
3.78,22,614.407735
1.84,16,614.412935
1.85,15,614.417702
1.88,12,614.421524
5.82,18,614.42727
5.8,20,614.433634
1.83,17,614.438923
3.82,18,614.444471
1.88,12,614.704961
1.8,20,614.711375
1.84,16,614.716417
1.83,17,614.721746
1.85,15,614.726457
3.83,17,614.731793
13.78,22,614.738657
1.84,16,614.743686
3.86,14,615.076117
1.82,18,615.082456
1.84,16,615.088063
5.84,16,615.093253
3.84,16,615.098629
1.81,19,615.104841
3.81,19,615.111129
1.86,14,615.39314
1.81,19,615.399427
3.82,18,615.405137
3.81,19,615.411144
13.82,18,615.417597
3.76,24,615.425885
1.79,21,615.433089
1.88,12,615.764025
1.88,12,615.767953
5.78,22,615.774843
1.83,17,615.780163
1.8,20,615.786399
1.86,14,615.790778
1.84,16,615.795748
3.85,15,615.800455
1.85,15,616.130709
3.8,20,616.137145
3.87,13,616.14121
1.86,14,616.14557
5.78,22,616.152386
3.77,23,616.159476
1.87,13,616.163529
1.83,17,616.499524
13.74,26,616.508673
5.82,18,616.514477
5.78,22,616.521821
1.88,12,616.526473
3.79,21,616.533265
3.85,15,616.538145
3.79,21,616.902143
3.87,13,616.906316
1.79,21,616.913495
1.84,16,616.918636
5.83,17,616.923977
5.79,21,616.930545
1.84,16,616.935529
1.87,13,616.939622
1.86,14,617.256822
1.81,19,617.262912
3.87,13,617.267051
1.83,17,617.272325
1.87,13,617.276367
1.86,14,617.280734
3.8,20,617.286895
5.82,18,617.292462
5.77,23,617.589495
1.83,17,617.594871
1.86,14,617.599236
1.87,13,617.603301
3.82,18,617.608857
1.83,17,617.614187
1.82,18,617.620205
5.85,15,617.944883
13.8,20,617.951405
3.83,17,617.957481
1.87,13,617.962013
1.84,16,617.967354
3.85,15,617.972241
1.86,14,617.976777
5.78,22,617.983773
1.83,17,618.307515
5.84,16,618.312709
1.85,15,618.317446
3.85,15,618.322609
5.81,19,618.328612
1.83,17,618.334279
1.88,12,618.338175
3.79,21,618.346489
5.78,22,618.656409
5.81,19,618.663403
5.81,19,618.669537
1.87,13,618.674066
3.85,15,618.678957
1.85,15,618.683696
1.81,19,618.689649
1.85,15,619.006195
5.82,18,619.011974
3.85,15,619.016714
1.86,14,619.02109
1.84,16,619.026096
1.79,21,619.032579
3.8,20,619.03878
1.85,15,619.04343
5.82,18,619.357881
3.8,20,619.364895
1.87,13,619.369084
1.86,14,619.374093
5.78,22,619.381124
1.84,16,619.387147
1.87,13,619.391633
3.77,23,619.712613
1.81,19,619.719229
3.81,19,619.725495
1.83,17,619.731245
1.82,18,619.737033
3.81,19,619.743225
1.85,15,619.747916
1.87,13,620.048172
1.84,16,620.0535
1.84,16,620.058631
3.84,16,620.064282
1.86,14,620.069186
1.83,17,620.075182
3.83,17,620.080899
3.81,19,620.087461
1.86,14,620.375544
3.8,20,620.382579
1.8,20,620.390355
1.86,14,620.395874
13.8,20,620.402438
3.87,13,620.407467
5.82,18,620.414258
5.82,18,620.420086
1.87,13,620.730751
1.81,19,620.737357
3.79,21,620.744546
1.82,18,620.750739
1.86,14,620.755657
13.78,22,620.762944
1.86,14,620.767383
1.82,18,621.094242
5.83,17,621.10008
3.84,16,621.105406
3.8,20,621.112116
1.82,18,621.11781
1.84,16,621.123221
1.88,12,621.127266
1.89,11,621.13105
3.82,18,621.435215
1.86,14,621.440351
3.85,15,621.445649
1.85,15,621.450458
1.83,17,621.456054
1.87,13,621.460243
3.83,17,621.465568
3.83,17,621.470847
1.86,14,621.752989
3.79,21,621.759892
3.82,18,621.766234
3.78,22,621.773605
5.77,23,621.78087
1.86,14,621.785299
1.85,15,621.790603
1.82,18,622.12762
1.83,17,622.133413
1.86,14,622.138742
1.84,16,622.14399
3.83,17,622.149825
3.87,13,622.154197
13.76,24,622.161998
3.86,14,622.166499
1.85,15,622.58863
1.86,14,622.593243
13.77,23,622.600542
3.83,17,622.606746
3.86,14,622.611602
5.81,19,622.618419
3.82,18,622.624359
1.85,15,623.00315
3.86,14,623.007916
1.87,13,623.012494
3.79,21,623.019748
3.85,15,623.025159
5.73,27,623.034294
3.83,17,623.039966
3.82,18,623.046262
1.81,19,623.417684
1.88,12,623.422364
3.86,14,623.427008
3.85,15,623.431901
1.85,15,623.436724
5.82,18,623.442355
13.81,19,623.448256
3.85,15,623.452921
1.82,18,623.750786
1.83,17,623.757023
3.77,23,623.764718
3.82,18,623.770599
5.83,17,623.776425
1.81,19,623.783366
5.86,14,623.788182
3.81,19,624.121413
1.85,15,624.126626
5.8,20,624.133277
3.86,14,624.137771
1.87,13,624.141899
3.87,13,624.146016
1.86,14,624.150463
1.82,18,624.156133
5.79,21,624.529212
3.79,21,624.536656
3.84,16,624.542095
3.85,15,624.547511
1.89,11,624.551036
1.88,12,624.555129
1.82,18,624.561201
1.88,12,624.565373
3.82,18,624.894155
1.86,14,624.900779
1.88,12,624.906267
1.82,18,624.912691
1.87,13,624.917048
1.81,19,624.923521
5.8,20,624.930233
3.81,19,624.936577
1.78,22,625.271408
3.82,18,625.277811
3.87,13,625.282026
3.81,19,625.288495
5.82,18,625.294294
1.83,17,625.299643
1.88,12,625.303482
3.82,18,625.599094
5.78,22,625.60762
3.82,18,625.613885
3.8,20,625.620908
1.84,16,625.626169
5.83,17,625.632455
3.84,16,625.637918
1.83,17,625.986691
1.86,14,625.991376
1.83,17,625.996753
3.82,18,626.002397
3.82,18,626.008618
1.8,20,626.015538
3.82,18,626.02151
1.84,16,626.027446
1.85,15,626.331073
3.83,17,626.33682
1.87,13,626.341001
5.79,21,626.348167
1.86,14,626.352716
3.82,18,626.358983
3.87,13,626.36331
1.85,15,626.368054
1.87,13,626.703611
3.83,17,626.709469
1.85,15,626.715711
1.84,16,626.722571
1.81,19,626.730033
3.8,20,626.738303
1.87,13,626.744363
1.83,17,626.749803
3.84,16,627.055596
1.81,19,627.061641
1.84,16,627.066666
1.8,20,627.072978
3.87,13,627.077312
3.84,16,627.082965
3.87,13,627.08716
1.84,16,627.09304
3.87,13,627.402478
1.83,17,627.407955
3.8,20,627.415274
3.79,21,627.422059
1.82,18,627.428189
3.83,17,627.433631
3.87,13,627.438427
1.83,17,627.7537
1.84,16,627.758875
1.88,12,627.762971
3.82,18,627.768783
1.84,16,627.773961
1.79,21,627.780584
3.8,20,627.786871
13.81,19,627.792778
1.88,12,628.105141
3.85,15,628.109974
13.8,20,628.116823
1.82,18,628.122607
1.8,20,628.128879
5.83,17,628.134243
5.83,17,628.139571
1.82,18,628.442632
1.83,17,628.448084
1.86,14,628.452514
1.89,11,628.455978
13.76,24,628.46376
1.87,13,628.467888
1.88,12,628.471869
1.79,21,628.4785
1.89,11,628.829144
3.84,16,628.834305
1.82,18,628.839906
3.83,17,628.845174
1.88,12,628.848929
3.85,15,628.853581
1.87,13,628.857646
1.84,16,628.862607
1.86,14,628.867465
1.87,13,629.198526
1.82,18,629.205523
1.84,16,629.210733
1.84,16,629.216278
1.87,13,629.220709
1.82,18,629.226394
1.89,11,629.229881
5.81,19,629.236093
1.84,16,629.52482
1.87,13,629.528999
1.85,15,629.533691
3.79,21,629.540153
5.85,15,629.544797
1.86,14,629.549117
1.87,13,629.553144
3.86,14,629.557469
5.84,16,629.860288
3.85,15,629.865312
3.86,14,629.869748
1.85,15,629.874456
1.83,17,629.879811
1.81,19,629.885727
1.86,14,629.890108
13.76,24,629.897558
1.86,14,630.240571
1.84,16,630.246037
3.84,16,630.251278
1.86,14,630.256312
1.86,14,630.260933
3.85,15,630.266105
1.85,15,630.270843
1.86,14,630.275201
5.84,16,630.280154
1.82,18,630.53268
1.81,19,630.53867
1.85,15,630.543346
3.87,13,630.547414
3.75,25,630.555101
1.82,18,630.560658
1.85,15,630.565284
1.87,13,630.919266
1.85,15,630.924088
1.86,14,630.92926
3.83,17,630.935041
1.84,16,630.940475
3.8,20,630.946871
3.84,16,630.95189
1.83,17,630.957166
5.74,26,631.260146
1.89,11,631.264105
1.88,12,631.26816
1.81,19,631.274165
3.82,18,631.279845
1.81,19,631.285751
1.85,15,631.290493
1.82,18,631.576209
5.79,21,631.582995
3.81,19,631.589257
3.83,17,631.594792
1.87,13,631.598921
3.81,19,631.604846
5.85,15,631.609504
1.86,14,631.613851
5.84,16,631.92155
1.88,12,631.925471
3.84,16,631.930533
3.84,16,631.93557
3.85,15,631.940275
3.85,15,631.944977
1.8,20,631.951205
13.82,18,631.956835
3.76,24,632.252875
1.86,14,632.257346
1.84,16,632.262622
1.87,13,632.266873
3.84,16,632.272008
5.83,17,632.277418
1.87,13,632.28157
3.87,13,632.285718
3.84,16,632.550658
1.85,15,632.555456
3.83,17,632.561644
3.82,18,632.567449
1.87,13,632.571815
3.85,15,632.577334
1.85,15,632.582133
1.85,15,632.587204
5.77,23,632.86239
1.82,18,632.868154
3.84,16,632.873177
1.87,13,632.877239
3.88,12,632.88102
1.82,18,632.88705
1.84,16,632.892278
13.8,20,632.898786
3.85,15,633.19911
5.8,20,633.205595
1.87,13,633.209961
1.86,14,633.215034
13.81,19,633.221361
1.86,14,633.226017
13.77,23,633.233588
1.82,18,633.575589
13.8,20,633.582018
3.87,13,633.586108
5.82,18,633.59171
5.84,16,633.596691
1.88,12,633.600475
3.82,18,633.60671
1.83,17,633.612356
5.75,25,633.910889
1.86,14,633.915437
1.87,13,633.920147
3.83,17,633.925609
1.84,16,633.930655
1.84,16,633.93571
1.83,17,633.941046
1.86,14,633.945448
3.86,14,634.210072
3.79,21,634.217044
5.83,17,634.222517
3.8,20,634.228889
5.79,21,634.235517
3.81,19,634.241541
5.8,20,634.247911
3.84,16,634.557207
1.86,14,634.561747
1.84,16,634.566782
5.85,15,634.571492
5.8,20,634.577728
3.79,21,634.584273
1.85,15,634.588987
3.84,16,634.899258
1.84,16,634.904547
1.87,13,634.908829
3.85,15,634.914231
3.86,14,634.919129
1.86,14,634.92377
3.81,19,634.929853
3.79,21,634.9366
3.81,19,635.247215
3.83,17,635.252838
3.82,18,635.258597
1.88,12,635.262435
5.79,21,635.269085
1.87,13,635.273239
1.84,16,635.278346
1.87,13,635.282526
3.82,18,635.637716
3.86,14,635.643369
1.86,14,635.647921
5.83,17,635.654375
5.81,19,635.661038
3.86,14,635.665835
1.83,17,635.671586
3.83,17,635.677023
1.84,16,635.975641
1.89,11,635.97932
1.87,13,635.983633
1.79,21,635.99045
1.82,18,635.997139
1.8,20,636.004428
5.82,18,636.010402
1.82,18,636.017087
3.84,16,636.334032
3.79,21,636.341159
1.84,16,636.346873
3.81,19,636.353624
1.84,16,636.358853
1.87,13,636.363454
3.82,18,636.369158
1.86,14,636.374412
1.85,15,636.717382
5.8,20,636.724377
1.82,18,636.730655
1.87,13,636.735455
1.87,13,636.740096
1.83,17,636.746265
1.89,11,636.749824
1.86,14,636.754949
1.84,16,637.074541
1.82,18,637.081669
1.88,12,637.085719
1.87,13,637.090187
5.79,21,637.097129
1.8,20,637.104112
3.83,17,637.109675
1.85,15,637.114818
1.86,14,637.452024
3.83,17,637.457841
3.8,20,637.464672
5.83,17,637.47116
1.84,16,637.476269
1.84,16,637.481461
3.82,18,637.487181
3.86,14,637.799796
1.83,17,637.806247
5.8,20,637.813884
3.84,16,637.819558
5.83,17,637.825084
1.87,13,637.82935
1.84,16,637.834485
1.82,18,637.840638
13.83,17,638.153511
1.85,15,638.158352
3.79,21,638.165614
13.82,18,638.171455
1.89,11,638.175024
1.87,13,638.179154
3.82,18,638.184817
5.76,24,638.192756
3.82,18,638.560193
1.84,16,638.566098
1.86,14,638.570886
5.8,20,638.577865
3.82,18,638.584032
3.87,13,638.588703
1.83,17,638.594339
1.87,13,638.598786
3.77,23,638.904875
1.84,16,638.910307
1.86,14,638.915452
5.82,18,638.922137
3.84,16,638.92845
1.8,20,638.934851
1.86,14,638.939524
3.84,16,639.280628
1.86,14,639.285089
1.84,16,639.29008
1.85,15,639.294832
3.82,18,639.301106
1.83,17,639.307076
1.83,17,639.31255
1.85,15,639.317952
1.83,17,639.615749
3.8,20,639.622955
1.84,16,639.629
3.82,18,639.635162
3.82,18,639.641296
1.88,12,639.645553
5.76,24,639.653841
3.85,15,640.023175
1.85,15,640.02807
5.76,24,640.036066
5.84,16,640.042301
5.79,21,640.0493
3.77,23,640.058417
3.83,17,640.064738
1.79,21,640.430741
1.8,20,640.437574
3.8,20,640.444696
1.83,17,640.450687
1.83,17,640.457305
3.82,18,640.463485
1.87,13,640.467914
3.83,17,640.793146
13.8,20,640.799815
3.8,20,640.807011
3.86,14,640.811916
3.8,20,640.818589
3.84,16,640.824271
1.85,15,640.829388
1.87,13,640.834152
1.89,11,641.15695
1.88,12,641.16086
1.86,14,641.166314
3.81,19,641.172369
3.84,16,641.178078
1.85,15,641.183126
3.77,23,641.191944
5.84,16,641.197547
3.87,13,641.541559
3.82,18,641.547292
1.85,15,641.552293
13.78,22,641.559823
1.82,18,641.566266
1.87,13,641.570457
1.86,14,641.575184
3.77,23,641.910078
1.85,15,641.914989
1.85,15,641.920563
3.82,18,641.926365
3.8,20,641.933539
3.83,17,641.93931
3.83,17,641.944852
3.83,17,641.951081
3.84,16,642.271235
5.81,19,642.277958
3.81,19,642.284052
1.85,15,642.289232
3.76,24,642.297984
1.78,22,642.308662
5.81,19,642.632153
3.83,17,642.638847
1.81,19,642.645297
1.82,18,642.651096
5.82,18,642.656863
1.81,19,642.663676
3.79,21,642.670976
1.86,14,642.675971
5.82,18,642.977838
5.8,20,642.984752
3.87,13,642.988921
3.8,20,642.995204
1.82,18,643.001496
3.82,18,643.007921
3.79,21,643.014802
1.87,13,643.344586
1.85,15,643.350335
5.81,19,643.356701
3.85,15,643.361866
5.84,16,643.367386
13.74,26,643.375929
5.8,20,643.382807
13.81,19,643.757527
3.85,15,643.763149
1.84,16,643.768816
1.85,15,643.774489
5.8,20,643.780927
3.81,19,643.787698
1.81,19,643.794118
1.88,12,644.117414
1.84,16,644.12327
5.78,22,644.13123
1.82,18,644.13724
3.83,17,644.142641
5.83,17,644.148761
3.82,18,644.154952
13.81,19,644.478902
1.85,15,644.483907
1.87,13,644.488522
3.86,14,644.493366
1.86,14,644.497949
5.81,19,644.503969
5.77,23,644.511154
1.88,12,644.514971
1.86,14,644.519381
3.82,18,644.858603
1.85,15,644.86463
1.83,17,644.871165
3.87,13,644.876307
3.82,18,644.882752
1.83,17,644.888634
3.8,20,644.896137
3.83,17,645.198812
1.86,14,645.203807
1.89,11,645.20738
5.84,16,645.212998
1.88,12,645.216823
1.82,18,645.222503
3.8,20,645.229066
1.86,14,645.233623
13.78,22,645.554715
3.85,15,645.560182
1.84,16,645.566676
1.82,18,645.573012
1.89,11,645.577376
1.87,13,645.581731
1.82,18,645.588733
3.81,19,645.595684
3.83,17,645.905741
1.86,14,645.910313
1.86,14,645.915399
1.83,17,645.921881
3.83,17,645.928258
1.89,11,645.931947
1.86,14,645.936942
5.78,22,645.944202
3.79,21,646.273349
1.82,18,646.280729
1.82,18,646.287309
3.81,19,646.293541
5.8,20,646.3001
1.87,13,646.304604
1.87,13,646.308848
1.83,17,646.315339
3.84,16,646.635893
1.88,12,646.640318
1.87,13,646.645014
3.79,21,646.651929
1.81,19,646.658142
3.77,23,646.665988
3.84,16,646.671646
1.89,11,646.675885
1.83,17,647.029406
5.76,24,647.038207
1.88,12,647.042399
3.85,15,647.04787
1.77,23,647.055845
1.82,18,647.061747
3.83,17,647.06781
3.81,19,647.440542
1.78,22,647.448618
3.79,21,647.455905
1.84,16,647.461116
5.77,23,647.469254
1.87,13,647.473568
5.81,19,647.480229
5.75,25,647.766786
13.78,22,647.77429
1.87,13,647.77858
5.82,18,647.784249
1.86,14,647.788724
5.77,23,647.796381
1.85,15,648.076896
3.81,19,648.083042
3.84,16,648.088043
1.83,17,648.09328
3.8,20,648.099411
5.82,18,648.104939
1.87,13,648.108974
1.83,17,648.114187
1.86,14,648.380976
3.88,12,648.385052
1.88,12,648.38904
3.8,20,648.39545
1.83,17,648.401119
1.87,13,648.405234
5.82,18,648.41129
1.79,21,648.418724
3.82,18,648.76283
5.85,15,648.768092
1.85,15,648.775055
3.78,22,648.78412
1.87,13,648.788357
1.85,15,648.794404
1.8,20,648.801627
1.79,21,649.142376
3.8,20,649.149723
1.83,17,649.155814
1.83,17,649.162213
3.86,14,649.167046
1.87,13,649.171673
1.82,18,649.177905
1.85,15,649.183508
13.79,21,649.523655
1.83,17,649.529925
3.87,13,649.534554
1.88,12,649.539041
1.87,13,649.543382
5.85,15,649.549334
1.78,22,649.55702
1.81,19,649.56363
3.8,20,649.904202
3.79,21,649.911669
3.87,13,649.916207
1.85,15,649.921603
1.87,13,649.925886
3.82,18,649.931744
1.86,14,649.936814
1.83,17,649.942713
1.81,19,650.265469
1.84,16,650.270876
3.87,13,650.275022
3.82,18,650.280759
1.89,11,650.284291
1.87,13,650.288484
3.78,22,650.295942
1.88,12,650.300704
3.86,14,650.655691
3.78,22,650.663228
1.86,14,650.668537
5.83,17,650.675005
3.84,16,650.680631
3.8,20,650.688347
1.83,17,650.69482
3.85,15,650.700257
13.81,19,651.019954
1.85,15,651.025519
1.82,18,651.031587
3.83,17,651.037244
5.75,25,651.045922
1.89,11,651.049647
3.8,20,651.056682
3.83,17,651.429803
1.86,14,651.434874
1.88,12,651.439088
1.89,11,651.443242
5.8,20,651.449905
3.87,13,651.454252
1.84,16,651.459361
1.84,16,651.464352
1.8,20,651.77687
3.83,17,651.782289
3.84,16,651.787863
3.8,20,651.794257
3.83,17,651.799545
13.79,21,651.80604
3.84,16,651.811432
1.86,14,652.127842
1.87,13,652.132195
3.81,19,652.138868
3.77,23,652.146625
3.78,22,652.153997
1.89,11,652.157663
5.77,23,652.165267
1.85,15,652.17044
5.79,21,652.51161
1.87,13,652.515777
1.84,16,652.520731
3.78,22,652.527479
1.86,14,652.531806
5.81,19,652.537646
3.81,19,652.543467
1.81,19,652.866896
5.83,17,652.872283
1.8,20,652.878475
3.84,16,652.883438
1.85,15,652.888078
1.85,15,652.892699
1.82,18,652.898205
1.87,13,652.902241
1.85,15,653.245853
1.84,16,653.25153
13.82,18,653.257544
1.83,17,653.263759
1.83,17,653.269219
13.74,26,653.277861
1.81,19,653.284263
1.87,13,653.584537
3.79,21,653.591744
1.83,17,653.597298
1.85,15,653.60202
1.85,15,653.606656
1.83,17,653.611908
1.82,18,653.6175
1.84,16,653.912734
1.87,13,653.91695
1.84,16,653.922771
3.85,15,653.927653
5.82,18,653.934181
1.88,12,653.938632
3.84,16,653.944735
1.82,18,653.950411
3.86,14,653.955731
3.85,15,654.249111
3.8,20,654.256204
3.82,18,654.262553
1.88,12,654.266651
3.83,17,654.272372
1.85,15,654.27734
5.81,19,654.284289
1.86,14,654.289111
1.86,14,654.611762
1.88,12,654.615789
3.82,18,654.621842
1.81,19,654.628015
3.79,21,654.635031
3.88,12,654.638954
1.87,13,654.643059
1.83,17,654.648404
5.82,18,654.965349
1.85,15,654.970937
1.9,10,654.974546
1.84,16,654.98037
1.84,16,654.98574
3.83,17,654.991647
3.82,18,654.998306
3.82,18,655.005073
5.73,27,655.310195
3.87,13,655.315226
1.79,21,655.322568
1.86,14,655.327265
1.87,13,655.331436
3.86,14,655.336107
1.79,21,655.342812
1.87,13,655.702859
5.77,23,655.71132
3.83,17,655.717449
1.79,21,655.724814
1.86,14,655.729523
1.84,16,655.735191
1.86,14,655.740181
5.79,21,656.184571
1.83,17,656.190711
3.8,20,656.197602
1.85,15,656.202809
1.88,12,656.207122
5.74,26,656.216538
3.88,12,656.220697
1.81,19,656.227223
3.8,20,656.60947
3.8,20,656.617465
1.85,15,656.622218
3.83,17,656.628151
5.81,19,656.634455
1.8,20,656.641021
1.86,14,656.645915
1.79,21,656.948032
3.82,18,656.954453
1.83,17,656.96
1.88,12,656.963833
1.88,12,656.967621
1.81,19,656.973572
5.8,20,656.979928
3.8,20,657.274355
5.8,20,657.280908
1.83,17,657.286378
5.83,17,657.291801
3.79,21,657.298477
13.79,21,657.305137
1.83,17,657.310497
1.82,18,657.700405
1.84,16,657.705567
13.79,21,657.713698
1.86,14,657.718648
1.87,13,657.722996
3.84,16,657.72856
1.88,12,657.733195
1.88,12,657.737146
5.85,15,657.742386
3.8,20,658.076821
5.83,17,658.082872
3.79,21,658.090304
3.84,16,658.09584
1.86,14,658.100643
5.83,17,658.107122
1.84,16,658.112818
1.83,17,658.442445
1.81,19,658.449459
3.85,15,658.454508
1.88,12,658.458497
1.84,16,658.463956
1.89,11,658.467525
1.83,17,658.473484
1.87,13,658.477742
1.87,13,658.482215
1.87,13,658.772724
1.84,16,658.777799
3.79,21,658.784896
1.79,21,658.791471
3.83,17,658.796748
1.81,19,658.802718
5.84,16,658.80772
5.81,19,659.115307
3.75,25,659.123143
1.85,15,659.127791
1.78,22,659.134581
3.83,17,659.139831
3.85,15,659.144478
1.82,18,659.150002
1.81,19,659.51249
5.82,18,659.519042
5.78,22,659.526083
1.82,18,659.532315
1.83,17,659.537799
1.81,19,659.544016
3.83,17,659.549486
1.84,16,659.871679
1.84,16,659.877792
1.83,17,659.88342
1.86,14,659.888317
5.8,20,659.894946
1.87,13,659.899893
3.78,22,659.908581
1.83,17,660.254273
1.85,15,660.259195
1.84,16,660.264911
1.89,11,660.268727
1.88,12,660.27308
5.8,20,660.279918
5.82,18,660.286305
1.86,14,660.290739
3.85,15,660.296191
3.76,24,660.608546
3.82,18,660.615083
1.87,13,660.619505
1.9,10,660.622822
5.79,21,660.62962
1.88,12,660.633448
13.78,22,660.640356
1.89,11,660.643806
1.83,17,660.982671
3.86,14,660.987888
3.75,25,660.996227
3.87,13,661.001283
3.82,18,661.00773
1.86,14,661.01272
3.81,19,661.019231
5.75,25,661.399579
13.81,19,661.407023
3.8,20,661.414207
5.81,19,661.420466
5.81,19,661.428387
1.87,13,661.432636
1.83,17,661.438912
1.81,19,661.741547
1.83,17,661.747842
1.87,13,661.75205
1.83,17,661.75772
1.84,16,661.7632
1.8,20,661.769935
3.81,19,661.775905
13.78,22,662.089041
3.8,20,662.097435
3.81,19,662.103896
5.76,24,662.111892
1.82,18,662.117816
1.89,11,662.121636
1.89,11,662.125486
1.83,17,662.472643
3.86,14,662.477304
5.75,25,662.48579
3.83,17,662.491407
1.82,18,662.497218
1.83,17,662.502592
3.83,17,662.508401
1.83,17,662.513962
1.88,12,662.860022
1.86,14,662.864457
1.89,11,662.868603
3.82,18,662.87433
1.86,14,662.880087
1.8,20,662.887425
1.87,13,662.89166
1.83,17,662.897738
5.82,18,663.214318
1.88,12,663.218237
3.83,17,663.224007
1.82,18,663.230086
3.79,21,663.23739
3.81,19,663.244096
3.78,22,663.251505
1.84,16,663.579938
3.8,20,663.586839
3.84,16,663.592042
1.82,18,663.598018
3.76,24,663.605843
1.84,16,663.611385
1.82,18,663.617251
1.82,18,663.971161
3.87,13,663.97551
1.88,12,663.979628
3.8,20,663.985902
13.74,26,663.995931
1.86,14,664.000948
1.78,22,664.009555
1.88,12,664.013463
5.83,17,664.404468
13.81,19,664.412329
1.84,16,664.417465
3.83,17,664.424192
3.79,21,664.432416
3.86,14,664.436986
13.75,25,664.445877
1.89,11,664.739842
5.84,16,664.744961
1.86,14,664.749937
5.83,17,664.755385
5.84,16,664.760383
1.85,15,664.765062
3.85,15,664.769714
1.82,18,664.775334
1.83,17,665.058924
1.85,15,665.063724
1.85,15,665.069473
1.85,15,665.074496
13.81,19,665.08158
1.85,15,665.087038
1.88,12,665.090991
5.83,17,665.09726
1.81,19,665.414224
1.84,16,665.419349
3.82,18,665.425253
1.84,16,665.430809
1.84,16,665.436266
3.84,16,665.441632
1.82,18,665.447546
1.79,21,665.72859
3.82,18,665.734334
1.85,15,665.739078
1.83,17,665.744928
5.82,18,665.751088
1.9,10,665.754465
3.79,21,665.76199
1.88,12,665.766152
3.83,17,666.100173
1.82,18,666.106014
1.87,13,666.110128
1.81,19,666.115975
1.88,12,666.119715
1.82,18,666.125355
3.8,20,666.131572
3.84,16,666.136513
1.87,13,666.438427
1.85,15,666.443299
1.82,18,666.448921
1.77,23,666.456547
1.81,19,666.462891
3.82,18,666.468719
1.88,12,666.472637
1.84,16,666.479288
1.83,17,666.823186
3.81,19,666.829887
3.83,17,666.835493
3.83,17,666.841421
1.85,15,666.846149
5.82,18,666.852666
3.83,17,666.858426
1.81,19,667.156674
3.87,13,667.161589
1.81,19,667.168418
3.82,18,667.175143
1.79,21,667.182264
1.87,13,667.187334
1.84,16,667.192663
1.84,16,667.198891
1.84,16,667.549306
5.84,16,667.554661
1.83,17,667.560769
1.87,13,667.565576
3.85,15,667.57046
3.85,15,667.575579
1.83,17,667.58122
1.82,18,667.587608
5.8,20,667.869965
1.86,14,667.874457
1.79,21,667.881233
1.84,16,667.886627
1.86,14,667.89112
1.83,17,667.896572
13.77,23,667.903936
1.88,12,668.242144
1.8,20,668.248933
1.78,22,668.257267
3.86,14,668.262381
3.86,14,668.266825
3.81,19,668.273163
3.77,23,668.280816
5.79,21,668.638028
1.86,14,668.642609
3.78,22,668.650436
3.82,18,668.656787
1.81,19,668.662946
1.84,16,668.668064
1.83,17,668.673769
1.8,20,669.044382
3.84,16,669.050385
1.88,12,669.054352
1.83,17,669.060536
1.88,12,669.066079
5.83,17,669.074799
1.87,13,669.080349
13.77,23,669.091073
5.81,19,669.441349
1.8,20,669.448609
1.9,10,669.451949
13.8,20,669.458869
3.83,17,669.465219
3.85,15,669.47092
1.87,13,669.5292
3.83,17,669.535751
3.87,13,669.890931
3.86,14,669.896235
1.85,15,669.903006
1.78,22,669.911047
1.84,16,669.916374
1.87,13,669.921115
3.81,19,669.927414
1.84,16,669.933301
1.88,12,670.309169
13.8,20,670.316854
1.86,14,670.322158
1.82,18,670.3286
3.85,15,670.334006
1.84,16,670.340004
3.87,13,670.34449
5.8,20,670.351292
3.82,18,670.696811
1.81,19,670.702855
3.79,21,670.709471
3.83,17,670.714966
1.88,12,670.718836
3.84,16,670.724835
3.78,22,670.733024
3.87,13,671.065851
13.83,17,671.072144
13.75,25,671.081484
1.84,16,671.087848
1.88,12,671.09235
5.84,16,671.098051
3.87,13,671.102215
1.87,13,671.106853
1.86,14,671.111289
3.85,15,671.481568
5.81,19,671.488289
1.83,17,671.493889
1.87,13,671.498707
1.86,14,671.503779
1.82,18,671.509898
3.85,15,671.514691
3.87,13,671.5196
1.87,13,671.821134
1.88,12,671.825147
1.84,16,671.830294
3.83,17,671.835731
1.83,17,671.84114
1.83,17,671.846532
3.78,22,671.854078
3.86,14,671.858609
3.85,15,672.17425
3.87,13,672.178476
1.78,22,672.185829
3.82,18,672.191526
3.84,16,672.196523
1.88,12,672.200284
3.84,16,672.206047
1.87,13,672.210828
3.84,16,672.532891
1.79,21,672.540298
1.88,12,672.544452
3.82,18,672.550134
1.86,14,672.554831
13.79,21,672.561712
1.85,15,672.566701
1.8,20,672.89251
3.86,14,672.897413
1.82,18,672.903862
1.85,15,672.908619
1.84,16,672.914641
3.85,15,672.919455
1.87,13,672.92396
3.84,16,672.929347
1.9,10,672.932712
1.89,11,673.203053
3.81,19,673.209222
1.83,17,673.215398
1.79,21,673.222228
1.83,17,673.22794
3.85,15,673.23288
1.86,14,673.237844
3.81,19,673.244362
3.84,16,673.551368
3.84,16,673.556692
1.85,15,673.561873
1.81,19,673.567818
1.79,21,673.574296
3.8,20,673.580464
3.82,18,673.586018
3.77,23,673.897654
3.8,20,673.90394
1.86,14,673.908313
3.78,22,673.915145
5.8,20,673.921311
1.85,15,673.925959
1.88,12,673.929717
5.78,22,674.246604
1.82,18,674.253088
3.8,20,674.259873
1.84,16,674.26493
3.83,17,674.270213
1.85,15,674.274888
3.83,17,674.280755
1.84,16,674.569021
5.74,26,674.57783
5.8,20,674.584114
1.88,12,674.587885
3.8,20,674.594061
1.83,17,674.599311
1.86,14,674.603641
1.85,15,674.608296
3.81,19,674.94701
3.82,18,674.953458
5.84,16,674.958648
1.86,14,674.963444
3.79,21,674.970371
1.85,15,674.975472
1.78,22,674.982357
3.85,15,675.288111
1.83,17,675.293573
1.85,15,675.298291
1.79,21,675.304839
3.79,21,675.311379
1.82,18,675.317
1.79,21,675.3235
1.85,15,675.642528
13.79,21,675.649749
1.87,13,675.654031
1.86,14,675.658512
1.87,13,675.663098
3.84,16,675.668268
1.83,17,675.674447
1.82,18,675.680706
3.79,21,675.990222
3.79,21,675.998039
3.83,17,676.004012
1.86,14,676.008577
1.85,15,676.013358
1.83,17,676.018741
3.85,15,676.023554
1.81,19,676.312338
5.82,18,676.318156
1.84,16,676.323482
3.84,16,676.32856
3.8,20,676.334801
1.82,18,676.340405
1.87,13,676.344442
5.85,15,676.349097
1.86,14,676.646444
5.79,21,676.653045
3.84,16,676.658027
1.87,13,676.662111
1.88,12,676.665892
5.76,24,676.673285
3.86,14,676.677644
1.84,16,676.682606
1.87,13,677.049822
3.81,19,677.056483
3.78,22,677.064172
1.87,13,677.068915
3.85,15,677.073706
5.83,17,677.079585
5.81,19,677.085879
1.87,13,677.090018
13.72,28,677.400787
3.77,23,677.408187
1.87,13,677.412559
3.85,15,677.417295
1.86,14,677.421686
5.81,19,677.427882
1.8,20,677.74969
1.79,21,677.756485
3.82,18,677.763852
1.82,18,677.769512
1.84,16,677.774582
1.82,18,677.78048
1.82,18,677.78656
5.76,24,678.100296
1.86,14,678.104824
3.86,14,678.109992
1.83,17,678.115973
1.83,17,678.121375
1.86,14,678.125798
3.86,14,678.130479
13.77,23,678.138085
5.78,22,678.532369
1.86,14,678.537372
3.8,20,678.543739
13.79,21,678.552357
3.84,16,678.558751
1.86,14,678.564462
1.8,20,678.572011
1.79,21,678.942163
1.82,18,678.950792
1.86,14,678.956059
1.84,16,678.96209
1.82,18,678.96904
5.81,19,678.975554
3.85,15,678.980981
3.77,23,679.352621
3.83,17,679.359215
1.84,16,679.366689
1.86,14,679.373289
3.83,17,679.379774
3.86,14,679.384727
1.82,18,679.391317
3.8,20,679.397794
1.79,21,679.716173
5.81,19,679.723204
1.87,13,679.728544
3.82,18,679.734787
3.84,16,679.740615
1.83,17,679.747099
13.83,17,679.753704
3.77,23,680.082035
3.79,21,680.090066
1.84,16,680.095291
1.85,15,680.10072
1.89,11,680.104298
5.84,16,680.109946
1.79,21,680.117259
1.79,21,680.433122
1.86,14,680.437714
1.89,11,680.44126
3.82,18,680.446906
1.83,17,680.452231
1.84,16,680.457235
13.79,21,680.463778
1.79,21,680.470337
1.8,20,680.798414
5.8,20,680.805394
3.81,19,680.812314
1.82,18,680.818538
1.8,20,680.825391
1.84,16,680.831346
3.85,15,680.836867
1.84,16,681.158587
5.84,16,681.164356
1.83,17,681.170364
13.8,20,681.17724
1.86,14,681.181902
1.82,18,681.188525
1.87,13,681.192667
3.8,20,681.516271
3.77,23,681.52368
3.84,16,681.529872
3.83,17,681.535588
1.86,14,681.540938
5.84,16,681.546726
5.79,21,681.553636
1.83,17,681.559545
13.79,21,681.927628
1.85,15,681.93361
3.8,20,681.94212
3.81,19,681.950943
1.83,17,681.956903
5.75,25,681.966315
3.83,17,682.300303
1.8,20,682.307341
1.84,16,682.312706
3.84,16,682.317802
1.83,17,682.323471
1.87,13,682.327823
13.81,19,682.334475
3.85,15,682.339518
5.75,25,682.669705
3.84,16,682.675218
1.85,15,682.680648
13.72,28,682.690476
3.84,16,682.696245
3.84,16,682.701313
3.82,18,682.707466
3.82,18,683.09138
1.84,16,683.097454
1.78,22,683.10446
3.8,20,683.111498
1.78,22,683.119601
3.83,17,683.126278
3.85,15,683.131349
1.88,12,683.417635
3.83,17,683.423116
1.83,17,683.428801
3.82,18,683.43465
3.87,13,683.438909
1.86,14,683.443382
1.81,19,683.449786
3.8,20,683.756373
3.87,13,683.760745
5.83,17,683.766748
1.78,22,683.774679
13.82,18,683.781321
3.84,16,683.786944
1.85,15,683.7922
1.87,13,683.797125
1.83,17,684.127193
1.83,17,684.132957
5.78,22,684.140201
1.85,15,684.145059
3.78,22,684.152163
1.83,17,684.157587
3.79,21,684.164293
1.84,16,684.496235
1.87,13,684.500498
1.81,19,684.507541
5.82,18,684.513805
1.89,11,684.517471
1.83,17,684.523113
1.86,14,684.527861
1.83,17,684.533379
3.86,14,684.82094
1.85,15,684.825853
5.84,16,684.831388
3.84,16,684.836548
1.85,15,684.841285
3.87,13,684.845393
1.87,13,684.849494
1.83,17,684.854802
3.77,23,685.17382
1.87,13,685.178253
13.73,27,685.186822
1.85,15,685.191601
5.79,21,685.198244
5.77,23,685.205504
1.84,16,685.211182
3.85,15,685.611272
1.81,19,685.61742
3.84,16,685.623216
1.82,18,685.62952
3.8,20,685.635901
3.81,19,685.641942
1.89,11,685.645596
13.8,20,685.652785
1.84,16,685.962465
3.85,15,685.96793
3.86,14,685.972933
3.86,14,685.977705
3.85,15,685.982518
5.85,15,685.98773
3.85,15,685.993235
3.85,15,685.999028
3.84,16,686.259023
3.82,18,686.265921
13.82,18,686.272511
1.86,14,686.277819
1.87,13,686.281963
3.82,18,686.287739
1.86,14,686.292223
5.83,17,686.298179
1.89,11,686.587538
3.86,14,686.592785
5.85,15,686.598383
3.86,14,686.602976
1.83,17,686.609899
13.77,23,686.618137
1.81,19,686.624739
5.82,18,686.631161
3.76,24,686.970429
3.83,17,686.976727
1.82,18,686.982378
5.83,17,686.988777
3.8,20,686.996855
3.86,14,687.001403
1.8,20,687.008029
3.88,12,687.314345
1.78,22,687.322095
3.78,22,687.329808
1.87,13,687.334839
1.87,13,687.339482
1.89,11,687.343489
3.81,19,687.349776
3.81,19,687.356886
1.86,14,687.693965
1.85,15,687.698927
1.82,18,687.705523
3.82,18,687.711597
1.89,11,687.715321
1.83,17,687.720732
1.83,17,687.726151
3.83,17,687.731501
1.85,15,688.088795
5.78,22,688.096918
3.85,15,688.10252
1.86,14,688.107086
1.81,19,688.113258
1.86,14,688.117753
1.81,19,688.124453
1.89,11,688.128365
1.85,15,688.447898
1.87,13,688.452244
1.85,15,688.457072
1.81,19,688.463612
1.88,12,688.467536
1.84,16,688.473214
3.8,20,688.481421
5.8,20,688.490303
3.77,23,688.839302
1.84,16,688.845185
1.85,15,688.849976
1.86,14,688.854763
1.87,13,688.858876
1.82,18,688.864893
5.79,21,688.872184
5.78,22,689.34344
5.83,17,689.349508
3.84,16,689.355274
1.86,14,689.360143
3.83,17,689.36571
1.84,16,689.371058
1.85,15,689.376115
3.85,15,689.381562
1.88,12,689.654255
3.79,21,689.66155
1.85,15,689.666604
13.84,16,689.672884
3.82,18,689.6788
1.79,21,689.686241
1.84,16,689.691973
13.82,18,690.02905
3.86,14,690.033694
5.8,20,690.04041
1.81,19,690.047998
1.85,15,690.053049
5.83,17,690.059321
3.86,14,690.06401
3.86,14,690.069121
5.84,16,690.381456
3.87,13,690.385814
1.87,13,690.389958
1.86,14,690.394894
5.84,16,690.40014
1.88,12,690.404764
3.86,14,690.40933
1.83,17,690.41521
3.79,21,690.422484
5.74,26,690.751912
1.88,12,690.756511
1.85,15,690.762197
3.77,23,690.770265
3.77,23,690.778214
3.79,21,690.785598
1.79,21,691.156112
3.82,18,691.162324
1.79,21,691.16903
1.83,17,691.174412
1.84,16,691.179523
3.84,16,691.184592
1.83,17,691.189988
3.84,16,691.458297
3.81,19,691.46469
5.77,23,691.471887
5.77,23,691.479014
1.87,13,691.483079
1.8,20,691.489441
1.87,13,691.49354
3.82,18,691.832064
13.75,25,691.840258
3.83,17,691.846205
3.79,21,691.853828
3.85,15,691.858632
1.84,16,691.864495
1.89,11,691.868016
3.83,17,691.874333
5.8,20,692.265255
3.79,21,692.272654
1.85,15,692.277731
3.85,15,692.282644
5.75,25,692.290833
1.89,11,692.294388
5.76,24,692.59439
1.81,19,692.600632
1.86,14,692.605721
5.78,22,692.61321
3.87,13,692.617594
1.84,16,692.622807
1.87,13,692.627187
5.81,19,692.633266
3.87,13,692.976681
3.85,15,692.981614
1.84,16,692.98669
3.87,13,692.99082
1.79,21,692.999799
3.85,15,693.005378
1.81,19,693.011771
13.77,23,693.020294
13.78,22,693.360208
13.74,26,693.36909
3.84,16,693.374555
1.82,18,693.380307
5.82,18,693.386215
1.86,14,693.390882
13.81,19,693.662412
1.86,14,693.667138
3.78,22,693.674196
3.83,17,693.679651
1.83,17,693.685077
1.8,20,693.691809
1.82,18,693.697703
1.86,14,693.702215
3.79,21,694.053605
5.85,15,694.059439
1.84,16,694.06465
3.87,13,694.069208
3.85,15,694.074057
13.83,17,694.079895
1.84,16,694.085936
1.81,19,694.092558
1.82,18,694.382381
1.84,16,694.387474
3.81,19,694.39336
1.89,11,694.396833
3.86,14,694.401193
13.78,22,694.407986
3.85,15,694.41343
1.81,19,694.73079
-0.11,11,694.735179
5.8,20,694.742534
5.79,21,694.75055
3.85,15,694.755938
3.86,14,694.760925
5.74,26,694.769145
1.79,21,695.15089
1.83,17,695.156374
1.85,15,695.16258
1.81,19,695.169203
1.85,15,695.174035
1.82,18,695.180403
1.88,12,695.184538
1.84,16,695.18982
1.86,14,695.503876
1.8,20,695.510759
1.84,16,695.516904
3.79,21,695.524065
1.85,15,695.528958
3.81,19,695.535511
3.83,17,695.540948
1.85,15,695.546765
5.85,15,695.880973
1.86,14,695.886668
5.85,15,695.891649
1.83,17,695.897771
3.82,18,695.904022
1.87,13,695.908846
5.84,16,695.914929
5.82,18,695.921054
5.83,17,696.206849
13.75,25,696.214692
5.78,22,696.22146
3.78,22,696.228173
3.86,14,696.232482
3.78,22,696.239192
1.88,12,696.541433
1.83,17,696.547463
1.86,14,696.552506
1.88,12,696.556698
1.85,15,696.562014
5.83,17,696.567427
3.84,16,696.573399
1.84,16,696.578646
5.8,20,696.878371
3.78,22,696.88544
1.86,14,696.89054
3.86,14,696.895503
1.84,16,696.901267
3.78,22,696.908963
1.83,17,696.914674
3.85,15,696.919957
1.85,15,697.265628
1.82,18,697.273564
3.81,19,697.279714
3.84,16,697.285753
1.88,12,697.289657
3.81,19,697.296444
1.86,14,697.302815
1.83,17,697.309967
1.88,12,697.623781
1.86,14,697.628436
3.81,19,697.635162
5.8,20,697.642269
5.78,22,697.65003
1.87,13,697.654626
1.85,15,697.659421
1.78,22,697.980177
1.83,17,697.985621
3.78,22,697.992462
3.83,17,697.997726
13.78,22,698.004486
1.79,21,698.010933
5.83,17,698.016195
1.8,20,698.33753
1.86,14,698.342032
1.82,18,698.347655
1.86,14,698.352019
3.81,19,698.357889
3.82,18,698.363486
1.86,14,698.367821
1.89,11,698.371251
1.89,11,698.662821
1.86,14,698.667426
5.74,26,698.676328
3.85,15,698.68154
1.83,17,698.686913
1.79,21,698.694143
5.8,20,698.701496
3.85,15,699.06171
1.86,14,699.066269
1.82,18,699.07254
3.87,13,699.076743
3.86,14,699.08118
3.85,15,699.086328
1.89,11,699.090003
1.82,18,699.095625
1.87,13,699.099823
1.81,19,699.403108
3.84,16,699.408759
3.79,21,699.41565
1.87,13,699.420609
1.86,14,699.425077
3.79,21,699.432591
1.86,14,699.437092
1.85,15,699.442788
3.83,17,699.766235
3.83,17,699.772613
3.84,16,699.777824
1.85,15,699.78302
1.84,16,699.788328
5.84,16,699.79425
3.87,13,699.798636
1.84,16,699.803843
1.86,14,700.077566
1.84,16,700.082752
13.79,21,700.090205
1.79,21,700.097763
3.86,14,700.102419
3.8,20,700.110801
1.88,12,700.116392
3.8,20,700.450816
3.83,17,700.456641
1.87,13,700.461072
3.85,15,700.465895
1.85,15,700.471472
3.79,21,700.478828
3.76,24,700.487073
3.86,14,700.492298
5.78,22,700.853136
13.81,19,700.860012
1.87,13,700.864256
3.86,14,700.869425
1.84,16,700.874807
1.87,13,700.879597
1.81,19,700.886288
1.84,16,700.892516
1.87,13,701.19786
1.86,14,701.202311
3.79,21,701.20957
3.79,21,701.216852
3.87,13,701.221371
3.85,15,701.226477
3.84,16,701.231848
1.83,17,701.533346
1.87,13,701.537602
3.79,21,701.544679
1.88,12,701.548584
3.78,22,701.555395
5.8,20,701.561564
13.8,20,701.567884
5.81,19,701.887978
3.81,19,701.894659
1.89,11,701.898753
1.89,11,701.902396
3.79,21,701.909302
1.87,13,701.914039
1.88,12,701.918755
1.82,18,701.925404
1.83,17,701.931459
3.84,16,702.256983
3.81,19,702.263476
1.89,11,702.267535
1.88,12,702.271913
3.83,17,702.277541
3.82,18,702.283375
3.87,13,702.287455
1.84,16,702.292595
3.81,19,702.593755
5.82,18,702.599564
3.84,16,702.60532
1.82,18,702.61113
1.88,12,702.615697
1.88,12,702.619538
1.85,15,702.625546
5.84,16,702.631201
1.86,14,702.926122
3.84,16,702.931795
3.83,17,702.937676
3.8,20,702.944068
13.79,21,702.950909
5.82,18,702.956965
1.82,18,702.963278
3.81,19,703.28713
1.84,16,703.292299
3.85,15,703.29786
1.83,17,703.303901
1.87,13,703.309092
1.78,22,703.316777
13.8,20,703.323551
1.78,22,703.330901
5.82,18,703.703655
5.81,19,703.710539
1.85,15,703.715658
1.84,16,703.721499
5.8,20,703.728152
13.8,20,703.734472
1.83,17,703.74041
1.88,12,704.066812
3.81,19,704.073793
1.79,21,704.080964
3.84,16,704.086552
3.86,14,704.091219
13.78,22,704.098975
1.85,15,704.104293
1.86,14,704.430241
1.87,13,704.434941
1.81,19,704.44157
1.81,19,704.448004
1.9,10,704.451661
1.85,15,704.456398
3.84,16,704.46208
5.82,18,704.468615
1.88,12,704.47282
1.82,18,704.776081
1.86,14,704.7808
3.81,19,704.78755
1.87,13,704.791748
3.82,18,704.797792
3.87,13,704.801995
1.87,13,704.806413
1.85,15,704.811206
3.82,18,705.120102
1.89,11,705.123701
1.83,17,705.129535
3.79,21,705.136149
5.82,18,705.141727
1.85,15,705.146363
1.84,16,705.151295
13.81,19,705.157161
1.85,15,705.467889
5.81,19,705.473871
1.82,18,705.480005
1.84,16,705.485165
1.83,17,705.491572
3.82,18,705.498423
3.83,17,705.504397
1.85,15,705.804692
3.85,15,705.809531
13.75,25,705.817901
1.86,14,705.822371
1.87,13,705.826411
3.82,18,705.83193
3.85,15,705.836555
13.78,22,705.843301
1.83,17,706.189564
1.85,15,706.19551
1.85,15,706.200405
1.83,17,706.206131
5.81,19,706.212605
1.82,18,706.218575
5.76,24,706.226258
5.78,22,706.596196
3.82,18,706.602413
3.8,20,706.608978
1.84,16,706.614523
1.86,14,706.619249
3.84,16,706.624571
1.86,14,706.629028
1.87,13,706.633235
1.86,14,706.924988
1.85,15,706.930208
3.78,22,706.937502
5.85,15,706.942468
1.85,15,706.947291
1.86,14,706.951664
3.78,22,706.958441
1.83,17,707.281256
5.83,17,707.286911
1.85,15,707.291962
3.79,21,707.298597
1.82,18,707.30417
1.84,16,707.309109
1.82,18,707.315281
1.86,14,707.319902
1.84,16,707.637911
13.77,23,707.645176
3.82,18,707.650773
1.85,15,707.655432
1.83,17,707.660667
5.77,23,707.66777
5.79,21,707.949711
1.84,16,707.954898
1.84,16,707.959866
5.84,16,707.964814
3.83,17,707.970058
1.85,15,707.974671
13.78,22,707.981428
1.85,15,707.986088
3.85,15,708.307683
3.85,15,708.312677
1.81,19,708.318767
3.81,19,708.324812
5.83,17,708.33019
5.84,16,708.335294
3.8,20,708.341621
1.89,11,708.34513
3.84,16,708.649155
1.84,16,708.655013
1.85,15,708.660442
3.78,22,708.667813
13.75,25,708.675891
1.89,11,708.67946
5.84,16,708.684619
5.78,22,709.040004
1.86,14,709.044709
1.87,13,709.049173
3.84,16,709.054426
1.87,13,709.058635
1.82,18,709.064391
3.82,18,709.070304
5.78,22,709.077283
1.77,23,709.415496
5.85,15,709.420243
3.86,14,709.424583
1.89,11,709.427995
1.84,16,709.432935
1.81,19,709.438777
1.85,15,709.443404
1.82,18,709.448906
3.85,15,709.741954
1.85,15,709.74673
1.86,14,709.751078
3.84,16,709.75601
1.87,13,709.760038
1.87,13,709.764048
1.88,12,709.767768
1.86,14,709.772052
3.81,19,710.075568
1.88,12,710.080859
1.81,19,710.087551
1.88,12,710.091523
5.8,20,710.098375
5.76,24,710.105992
5.83,17,710.112028
1.85,15,710.116889
1.85,15,710.475957
1.87,13,710.480425
1.86,14,710.4849
1.82,18,710.490594
3.84,16,710.495857
1.85,15,710.500821
5.79,21,710.507608
1.87,13,710.511797
3.85,15,710.826724
1.86,14,710.831224
5.8,20,710.8375
1.89,11,710.840938
5.73,27,710.849166
1.82,18,710.854698
1.84,16,710.8596
1.79,21,711.214882
1.9,10,711.218323
3.8,20,711.224723
1.81,19,711.230757
1.87,13,711.234907
3.76,24,711.242551
1.83,17,711.248456
3.83,17,711.256484
3.85,15,711.64203
3.85,15,711.647765
1.84,16,711.652933
3.85,15,711.658257
1.86,14,711.66307
1.8,20,711.669792
5.8,20,711.676187
1.82,18,711.98162
1.88,12,711.985659
3.84,16,711.990632
1.82,18,711.996205
1.84,16,712.001151
1.86,14,712.005484
1.82,18,712.011641
5.81,19,712.017768
3.86,14,712.022591
1.83,17,712.323
1.83,17,712.328538
1.85,15,712.333844
13.83,17,712.33927
1.87,13,712.344769
1.88,12,712.34882
3.82,18,712.354991
5.83,17,712.360763
3.8,20,712.642358
3.84,16,712.647935
1.86,14,712.652685
3.82,18,712.659019
3.78,22,712.666165
1.88,12,712.670354
3.81,19,712.676607
1.86,14,713.007754
13.8,20,713.01481
1.88,12,713.019269
3.84,16,713.024468
1.88,12,713.028532
5.77,23,713.035761
1.87,13,713.039854
1.88,12,713.044096
1.89,11,713.047639
3.83,17,713.387325
1.89,11,713.390999
3.8,20,713.398
1.84,16,713.403332
1.88,12,713.407275
1.89,11,713.410766
1.85,15,713.415424
3.77,23,713.42251
5.74,26,713.759101
1.85,15,713.764566
1.82,18,713.770683
1.84,16,713.776585
3.81,19,713.783051
1.84,16,713.789115
13.79,21,713.796449
3.87,13,714.108032
1.84,16,714.113697
3.83,17,714.119512
1.87,13,714.123645
1.87,13,714.127764
1.83,17,714.133021
1.81,19,714.138882
3.86,14,714.143238
1.84,16,714.447785
5.82,18,714.453461
3.82,18,714.459087
1.87,13,714.463102
5.81,19,714.468927
1.78,22,714.475649
1.84,16,714.481169
1.84,16,714.486328
3.85,15,714.808633
1.86,14,714.813427
1.85,15,714.818401
1.86,14,714.822986
5.84,16,714.829155
1.77,23,714.83657
3.86,14,714.841347
1.84,16,714.846429
1.83,17,715.190611
1.86,14,715.195573
1.8,20,715.202019
1.86,14,715.207153
3.81,19,715.213653
1.88,12,715.218279
1.83,17,715.223944
5.76,24,715.627759
1.85,15,715.634339
3.85,15,715.63965
5.79,21,715.646901
1.86,14,715.651487
5.8,20,715.658109
1.87,13,715.662584
1.83,17,715.668084
3.77,23,715.995795
13.75,25,716.003866
1.8,20,716.01023
3.83,17,716.015639
3.82,18,716.021454
1.84,16,716.026961
3.81,19,716.308188
5.82,18,716.313906
1.79,21,716.320377
13.8,20,716.326512
5.85,15,716.331131
13.75,25,716.33875
1.79,21,716.345174
3.82,18,716.69454
3.85,15,716.699373
3.81,19,716.705236
1.88,12,716.708994
1.81,19,716.71484
1.81,19,716.720681
3.81,19,716.726522
3.8,20,717.020141
3.83,17,717.025546
3.8,20,717.031697
3.86,14,717.036024
3.81,19,717.041888
13.82,18,717.047452
3.85,15,717.05207
1.83,17,717.34412
3.83,17,717.349633
3.85,15,717.354316
1.86,14,717.358668
1.82,18,717.364228
5.79,21,717.370678
1.85,15,717.375326
1.86,14,717.379656
1.86,14,717.695173
1.83,17,717.700636
5.78,22,717.707427
1.87,13,717.711437
1.86,14,717.715767
13.8,20,717.721911
3.82,18,717.727435
5.77,23,718.039866
1.88,12,718.043955
1.89,11,718.047447
1.85,15,718.052657
3.84,16,718.057774
3.82,18,718.063787
1.85,15,718.06855
5.82,18,718.074158
1.85,15,718.078846
5.84,16,718.363252
3.84,16,718.368388
1.83,17,718.374631
3.8,20,718.381145
3.86,14,718.385808
1.88,12,718.389995
1.85,15,718.395495
1.85,15,718.400844
3.8,20,718.699577
13.78,22,718.707081
1.86,14,718.711646
1.89,11,718.715119
1.84,16,718.720102
1.83,17,718.725368
3.79,21,718.731833
3.86,14,718.736188
3.86,14,719.064699
1.85,15,719.069858
3.87,13,719.074093
3.81,19,719.079986
1.82,18,719.085525
3.81,19,719.091363
3.82,18,719.096895
1.84,16,719.379045
1.84,16,719.384279
1.86,14,719.389104
1.83,17,719.394563
5.85,15,719.399473
3.86,14,719.404364
1.85,15,719.409534
5.82,18,719.415206
1.82,18,719.420773
3.84,16,719.698811
1.88,12,719.702648
5.78,22,719.709959
3.82,18,719.7156
1.84,16,719.720955
13.8,20,719.728572
3.79,21,719.735165
5.82,18,720.057246
1.89,11,720.060848
5.82,18,720.067116
1.77,23,720.074422
3.83,17,720.079703
1.84,16,720.084671
1.83,17,720.089915
3.84,16,720.391462
1.87,13,720.395653
3.85,15,720.400353
3.88,12,720.404103
1.83,17,720.409333
1.84,16,720.414242
1.87,13,720.418238
3.8,20,720.424344
5.79,21,720.724658
1.82,18,720.73076
1.82,18,720.73667
1.88,12,720.740543
1.83,17,720.74605
1.81,19,720.751998
1.86,14,720.756426
3.87,13,720.760503
1.86,14,721.051175
1.82,18,721.057105
1.86,14,721.062011
3.87,13,721.066281
3.81,19,721.072588
3.84,16,721.07778
3.85,15,721.082605
1.78,22,721.08977
3.82,18,721.455244
1.85,15,721.461947
1.83,17,721.468082
1.86,14,721.473002
1.89,11,721.476912
5.74,26,721.486074
1.88,12,721.490285
1.82,18,721.496584
1.87,13,721.874646
1.84,16,721.879863
1.81,19,721.886652
1.82,18,721.892453
3.85,15,721.897195
1.83,17,721.902487
1.88,12,721.90624
1.86,14,721.910572
3.79,21,722.19705
5.76,24,722.204849
3.85,15,722.209672
1.89,11,722.213211
3.8,20,722.21956
1.83,17,722.224941
1.88,12,722.228785
3.81,19,722.234781
1.82,18,722.648579
1.86,14,722.65895
1.85,15,722.668357
3.84,16,722.673846
1.89,11,722.677686
1.83,17,722.683655
1.85,15,722.688511
1.84,16,722.694255
3.84,16,723.071932
13.79,21,723.079832
1.79,21,723.087602
1.83,17,723.093479
1.86,14,723.098535
1.86,14,723.103078
3.81,19,723.10989
1.88,12,723.113741
1.88,12,723.475338
1.86,14,723.48068
1.83,17,723.486901
3.85,15,723.492358
5.75,25,723.501183
5.84,16,723.508115
1.85,15,723.514824
1.84,16,723.915177
1.84,16,723.921485
3.81,19,723.928745
1.81,19,723.935454
13.75,25,723.94437
1.87,13,723.9489
13.82,18,723.955433
1.87,13,723.959703
1.83,17,724.330138
3.81,19,724.336793
1.83,17,724.342419
1.84,16,724.348056
1.81,19,724.354163
1.84,16,724.359409
1.85,15,724.36414
1.85,15,724.653928
1.87,13,724.658198
3.86,14,724.662852
1.82,18,724.668688
1.86,14,724.673697
1.88,12,724.678192
1.78,22,724.685953
1.86,14,724.690784
1.85,15,724.696556
3.78,22,725.031828
1.84,16,725.037228
3.86,14,725.042081
1.86,14,725.046685
3.85,15,725.051498
1.86,14,725.055991
1.88,12,725.059844
13.78,22,725.066963
1.89,11,725.388561
1.84,16,725.393642
1.81,19,725.400245
3.82,18,725.405997
1.87,13,725.410138
1.84,16,725.415123
1.85,15,725.419781
1.87,13,725.423825
5.81,19,725.710505
1.82,18,725.716195
1.87,13,725.720277
1.84,16,725.725315
1.84,16,725.730264
1.86,14,725.734608
1.87,13,725.738659
1.89,11,725.742092
5.79,21,726.030792
1.79,21,726.037561
1.87,13,726.042387
5.83,17,726.047941
1.89,11,726.052287
1.87,13,726.056584
1.83,17,726.062504
13.78,22,726.069473
1.88,12,726.397471
13.8,20,726.403856
1.88,12,726.408176
1.86,14,726.412673
5.81,19,726.418651
1.85,15,726.423376
1.84,16,726.428327
1.83,17,726.433593
5.78,22,726.736317
3.8,20,726.743127
1.86,14,726.747757
3.83,17,726.75307
3.84,16,726.758039
3.81,19,726.763892
3.86,14,726.768231
1.83,17,726.773844
1.83,17,727.075771
3.82,18,727.081407
3.8,20,727.087536
1.78,22,727.094285
1.86,14,727.098577
13.74,26,727.106527
3.81,19,727.381756
1.78,22,727.388659
3.82,18,727.394545
3.86,14,727.39927
3.81,19,727.405255
3.84,16,727.410262
1.8,20,727.416442
1.87,13,727.420475
5.8,20,727.703
5.84,16,727.708692
1.8,20,727.715418
1.78,22,727.722356
1.89,11,727.725878
3.86,14,727.730269
5.83,17,727.735537
1.85,15,728.060772
3.86,14,728.065454
1.89,11,728.069437
3.83,17,728.075265
3.83,17,728.081519
5.82,18,728.087759
5.84,16,728.093285
1.84,16,728.099333
3.8,20,728.391211
1.88,12,728.395366
1.88,12,728.399846
1.88,12,728.403812
3.86,14,728.40865
5.78,22,728.416386
3.84,16,728.421763
3.85,15,728.426856
3.81,19,728.801223
1.79,21,728.808908
13.8,20,728.81614
1.82,18,728.822781
13.81,19,728.828837
1.86,14,728.834558
1.82,18,728.843763
1.88,12,728.848778
1.84,16,729.193151
1.85,15,729.197983
3.81,19,729.204721
3.86,14,729.209259
1.89,11,729.212723
3.84,16,729.218073
1.87,13,729.222397
1.84,16,729.22778
5.83,17,729.518231
3.82,18,729.523918
5.84,16,729.529782
1.82,18,729.535409
1.88,12,729.54021
3.84,16,729.545813
5.83,17,729.55166
1.8,20,729.558851
1.87,13,729.874695
3.82,18,729.880546
3.76,24,729.889192
5.79,21,729.896092
1.86,14,729.900686
3.86,14,729.905182
1.78,22,729.912198
3.84,16,730.261692
5.84,16,730.267723
1.88,12,730.27187
1.86,14,730.276431
1.82,18,730.282773
13.76,24,730.29084
1.86,14,730.295542
1.86,14,730.299997
3.8,20,730.653919
1.89,11,730.657542
3.83,17,730.663822
1.82,18,730.670002
1.84,16,730.67515
5.83,17,730.68078
1.86,14,730.685369
3.85,15,730.69013
1.89,11,730.958799
1.89,11,730.9624
1.8,20,730.969151
1.85,15,730.974031
13.75,25,730.981901
13.78,22,730.988818
5.84,16,730.993896
3.82,18,731.348513
3.86,14,731.353152
5.83,17,731.358529
1.85,15,731.363249
1.85,15,731.368187
1.86,14,731.372607
5.8,20,731.378823
1.87,13,731.382865
3.84,16,731.387805
3.79,21,731.683573
1.79,21,731.69079
1.84,16,731.696299
1.87,13,731.700621
1.84,16,731.706055
1.85,15,731.711066
3.85,15,731.715994
3.84,16,732.024556
5.81,19,732.031159
1.89,11,732.035072
1.85,15,732.040031
1.89,11,732.043575
1.87,13,732.049936
3.83,17,732.056846
5.82,18,732.063773
5.84,16,732.070966
1.84,16,732.473812
1.86,14,732.483821
5.78,22,732.499266
1.85,15,732.507876
5.78,22,732.518249
3.79,21,732.526886
1.85,15,732.533871
13.74,26,732.902717
1.86,14,732.907948
3.77,23,732.915388
5.77,23,732.923529
3.82,18,732.930517
3.84,16,732.936057
5.83,17,733.227572
1.83,17,733.233694
1.86,14,733.239578
1.82,18,733.245355
3.79,21,733.251946
3.84,16,733.2573
3.82,18,733.263134
1.83,17,733.269137
3.86,14,733.594121
1.86,14,733.599185
1.89,11,733.603825
1.77,23,733.611156
3.85,15,733.616593
5.84,16,733.622624
3.82,18,733.628364
1.87,13,733.633193
1.86,14,734.02866
13.77,23,734.036018
1.85,15,734.041307
5.82,18,734.047671
1.89,11,734.051211
1.81,19,734.057553
5.81,19,734.063769
3.85,15,734.068547
5.81,19,734.39736
1.81,19,734.403356
5.81,19,734.409242
1.85,15,734.413897
5.84,16,734.418872
1.89,11,734.422321
3.79,21,734.428762
3.84,16,734.736005
1.85,15,734.740974
1.86,14,734.745701
5.81,19,734.752353
1.82,18,734.758759
13.81,19,734.765793
1.83,17,734.771621
5.83,17,734.77893
13.82,18,735.094587
1.88,12,735.099034
1.87,13,735.103958
1.82,18,735.110633
1.88,12,735.114583
1.82,18,735.121361
3.84,16,735.127666
3.86,14,735.132631
3.81,19,735.424953
5.78,22,735.432284
1.86,14,735.437033
1.78,22,735.444496
1.83,17,735.450411
1.86,14,735.454881
1.87,13,735.459467
1.85,15,735.464701
1.83,17,735.801673
1.89,11,735.805346
1.88,12,735.810219
3.82,18,735.816263
1.86,14,735.821081
1.83,17,735.826887
13.79,21,735.833936
13.82,18,735.839734
3.84,16,736.157645
3.83,17,736.163068
3.82,18,736.169278
1.86,14,736.173851
3.84,16,736.179603
1.88,12,736.183745
3.78,22,736.19082
1.86,14,736.195817
1.85,15,736.509176
1.8,20,736.516008
1.86,14,736.520605
3.78,22,736.527449
1.84,16,736.532469
3.83,17,736.538303
5.82,18,736.544101
1.88,12,736.876177
3.88,12,736.880643
1.86,14,736.885642
3.85,15,736.890745
5.81,19,736.89706
3.84,16,736.902473
5.8,20,736.90883
3.84,16,736.914505
1.86,14,737.229861
1.85,15,737.234947
1.82,18,737.241371
3.8,20,737.248349
3.82,18,737.254617
1.89,11,737.258175
5.8,20,737.265665
1.85,15,737.27078
3.78,22,737.621486
1.83,17,737.628658
1.89,11,737.633476
1.83,17,737.640644
5.83,17,737.647192
1.87,13,737.652263
13.78,22,737.661173
5.8,20,737.996521
1.85,15,738.001597
1.84,16,738.007178
1.88,12,738.011553
5.76,24,738.019479
1.83,17,738.024952
3.82,18,738.030743
1.85,15,738.035678
3.76,24,738.37058
1.85,15,738.3755
1.88,12,738.379352
3.85,15,738.384122
1.89,11,738.387681
13.8,20,738.394043
5.79,21,738.400666
13.79,21,738.722562
3.85,15,738.727617
3.84,16,738.732762
1.86,14,738.737532
1.8,20,738.743977
3.77,23,738.751259
1.85,15,738.756033
1.88,12,738.760496
3.87,13,739.12996
1.87,13,739.135308
1.85,15,739.140223
1.86,14,739.144735
3.78,22,739.152489
3.77,23,739.159774
1.85,15,739.165342
1.86,14,739.169972
3.86,14,739.521357
3.86,14,739.526551
1.84,16,739.5326
1.78,22,739.539971
3.84,16,739.545056
1.83,17,739.551039
1.85,15,739.556196
1.8,20,739.562754
5.77,23,739.989636
3.84,16,739.995647
1.85,15,740.000661
1.82,18,740.007074
1.81,19,740.013501
5.81,19,740.020094
1.83,17,740.025556
3.77,23,740.319917
1.86,14,740.324463
1.88,12,740.328229
3.81,19,740.33414
5.83,17,740.339431
5.82,18,740.345013
1.89,11,740.348434
3.87,13,740.352495
1.87,13,740.652135
3.83,17,740.658701
3.84,16,740.665666
1.87,13,740.670433
3.82,18,740.676692
3.85,15,740.681993
1.88,12,740.686453
1.79,21,740.693447
5.85,15,741.012557
5.83,17,741.018046
1.87,13,741.0227
1.83,17,741.029288
3.76,24,741.037245
5.83,17,741.043135
3.79,21,741.050053
1.84,16,741.407889
5.83,17,741.413758
1.84,16,741.419026
1.83,17,741.42464
3.86,14,741.429249
3.82,18,741.435041
1.84,16,741.440245
1.84,16,741.445522
1.84,16,741.757508
5.78,22,741.766675
3.86,14,741.772292
5.79,21,741.780366
1.8,20,741.787211
13.83,17,741.792714
1.88,12,741.798054
1.88,12,741.802019
1.88,12,742.145908
3.81,19,742.15259
1.81,19,742.159054
1.89,11,742.162951
1.82,18,742.168758
1.84,16,742.173849
1.87,13,742.178082
3.86,14,742.182639
5.79,21,742.516393
5.83,17,742.522722
3.84,16,742.528024
1.87,13,742.532302
1.88,12,742.53687
3.85,15,742.541655
5.83,17,742.547686
3.82,18,742.553941
3.77,23,742.84167
3.77,23,742.850463
1.8,20,742.857478
5.78,22,742.865094
3.85,15,742.870269
1.88,12,742.874116
3.76,24,742.882258
3.86,14,743.161376
3.8,20,743.168158
13.83,17,743.173846
3.81,19,743.180257
1.79,21,743.187115
3.86,14,743.191686
3.82,18,743.197564
3.86,14,743.492154
1.88,12,743.496458
1.84,16,743.501825
1.82,18,743.507635
1.85,15,743.512508
5.8,20,743.518951
1.84,16,743.524063
5.76,24,743.885736
5.78,22,743.893737
3.84,16,743.89942
5.8,20,743.907397
1.85,15,743.913289
1.85,15,743.919294
1.84,16,743.924575
5.81,19,743.930928
3.81,19,744.266344
13.79,21,744.273512
1.86,14,744.278255
5.75,25,744.290412
5.79,21,744.298059
1.84,16,744.303435
1.85,15,744.308349
13.79,21,744.612356
5.8,20,744.619676
1.8,20,744.626684
5.8,20,744.633407
3.87,13,744.638093
3.85,15,744.643201
5.8,20,744.893352
5.81,19,744.8998
1.86,14,744.905241
1.82,18,744.911569
1.84,16,744.917106
1.87,13,744.921384
1.86,14,744.925837
5.79,21,744.932398
3.83,17,745.206035
3.85,15,745.211422
1.88,12,745.215554
5.74,26,745.225639
5.85,15,745.231077
3.86,14,745.236245
1.88,12,745.240097
3.86,14,745.244629
1.84,16,745.722608
13.79,21,745.729597
1.86,14,745.735098
1.78,22,745.742792
1.81,19,745.748964
5.78,22,745.756211
3.75,25,745.764831
3.78,22,746.155148
3.84,16,746.161255
5.82,18,746.166948
3.84,16,746.173076
1.84,16,746.178681
3.83,17,746.184227
1.88,12,746.188622
1.87,13,746.193061
3.8,20,746.487836
3.77,23,746.495875
1.88,12,746.499718
1.81,19,746.505916
5.79,21,746.512691
1.87,13,746.516835
1.84,16,746.521927
5.8,20,746.868108
1.84,16,746.87382
13.82,18,746.880149
1.88,12,746.884419
3.76,24,746.892992
1.81,19,746.899555
1.88,12,746.904066
1.87,13,746.908828
3.85,15,747.24328
1.88,12,747.247465
1.86,14,747.251988
1.89,11,747.255586
1.89,11,747.259174
3.79,21,747.265889
1.8,20,747.272274
1.89,11,747.275797
3.81,19,747.597029
3.79,21,747.603801
1.85,15,747.60913
3.77,23,747.616743
3.82,18,747.622564
1.85,15,747.627563
3.8,20,747.634293
3.81,19,747.961356
1.88,12,747.965226
1.87,13,747.969305
1.84,16,747.97429
1.84,16,747.979263
1.88,12,747.983009
1.82,18,747.988585
1.85,15,747.993242
3.82,18,748.282668
3.83,17,748.288393
13.78,22,748.296305
1.82,18,748.30265
1.86,14,748.307229
3.84,16,748.312333
13.73,27,748.321084
5.84,16,748.751666
13.82,18,748.758183
1.85,15,748.763586
3.79,21,748.772024
1.85,15,748.777701
13.8,20,748.785034
5.78,22,748.793457
3.82,18,749.264099
1.89,11,749.267765
1.82,18,749.273475
1.89,11,749.277104
5.78,22,749.284144
3.8,20,749.290632
3.83,17,749.296635
13.82,18,749.302452
3.81,19,749.640719
3.86,14,749.645295
1.9,10,749.649204
3.88,12,749.653382
3.86,14,749.658344
1.83,17,749.663922
5.84,16,749.67
1.87,13,749.674359
1.86,14,749.679255
3.82,18,749.962128
1.84,16,749.96755
1.83,17,749.973302
3.81,19,749.979258
1.88,12,749.983038
3.83,17,749.988312
1.87,13,749.992376
3.78,22,749.999539
3.81,19,750.315569
3.8,20,750.32181
1.85,15,750.326466
1.82,18,750.333487
1.86,14,750.338399
5.81,19,750.344384
3.83,17,750.349873
3.84,16,750.667563
1.87,13,750.671954
5.85,15,750.677624
1.84,16,750.68338
5.8,20,750.690522
5.84,16,750.696158
5.81,19,750.702294
1.83,17,750.708019
1.87,13,751.066181
1.85,15,751.073773
1.81,19,751.081386
1.84,16,751.086629
1.85,15,751.092953
1.79,21,751.100849
1.87,13,751.10556
1.83,17,751.111707
1.87,13,751.448157
13.74,26,751.456765
3.81,19,751.463264
5.77,23,751.47117
1.85,15,751.476136
1.85,15,751.481237
3.85,15,751.486462
3.84,16,751.901746
1.86,14,751.906226
1.89,11,751.909688
1.86,14,751.914038
3.87,13,751.91809
1.87,13,751.922111
1.84,16,751.927039
3.84,16,751.931973
3.86,14,751.936307
1.79,21,752.204241
1.8,20,752.211517
13.78,22,752.218789
3.77,23,752.225998
1.82,18,752.231715
1.86,14,752.236082
1.89,11,752.239584
3.88,12,752.571688
1.84,16,752.577086
1.87,13,752.581294
3.85,15,752.586247
3.85,15,752.591214
3.84,16,752.596418
3.81,19,752.602356
1.87,13,752.606438
3.75,25,752.893537
1.84,16,752.898626
1.85,15,752.903282
5.82,18,752.908844
5.76,24,752.916197
5.85,15,752.920862
3.85,15,752.925499
1.87,13,753.254669
3.8,20,753.262456
1.82,18,753.269113
1.82,18,753.275366
3.8,20,753.281909
5.79,21,753.288926
5.83,17,753.294391
5.8,20,753.591216
5.82,18,753.59698
1.85,15,753.602467
1.83,17,753.607932
3.84,16,753.614297
1.83,17,753.621795
3.81,19,753.627858
13.73,27,753.918393
13.82,18,753.92468
1.89,11,753.928612
1.84,16,753.933842
3.87,13,753.938353
3.77,23,753.945715
1.78,22,753.952754
1.85,15,753.957591
3.87,13,754.292145
13.77,23,754.299407
1.89,11,754.302878
3.77,23,754.310089
1.85,15,754.314956
1.83,17,754.320368
5.82,18,754.326248
1.83,17,754.650975
3.83,17,754.656786
1.87,13,754.661286
5.83,17,754.666737
1.87,13,754.671025
1.84,16,754.676037
1.89,11,754.679483
3.81,19,754.685299
1.88,12,754.688993
1.85,15,754.978232
5.85,15,754.983896
1.81,19,754.989927
1.82,18,754.995527
3.81,19,755.001398
1.82,18,755.006958
1.82,18,755.012478
1.86,14,755.300676
1.85,15,755.305518
3.85,15,755.310734
3.85,15,755.315524
1.81,19,755.321419
1.86,14,755.32578
1.8,20,755.33206
3.8,20,755.339083
1.8,20,755.640609
3.86,14,755.645529
1.88,12,755.649676
1.85,15,755.654511
1.84,16,755.659717
1.84,16,755.664805
1.85,15,755.670296
3.85,15,755.675133
5.83,17,755.929554
5.77,23,755.93695
13.78,22,755.943899
1.83,17,755.949269
1.83,17,755.954885
3.82,18,755.960763
5.77,23,755.9686
1.84,16,756.299182
5.77,23,756.306429
1.86,14,756.310798
1.86,14,756.315159
3.84,16,756.320501
3.78,22,756.328475
1.88,12,756.332455
1.89,11,756.33622
1.83,17,756.677331
13.78,22,756.684906
1.86,14,756.689387
3.77,23,756.697498
3.78,22,756.704915
1.79,21,756.711925
1.89,11,756.984059
1.85,15,756.989049
3.87,13,756.993208
5.8,20,756.999541
5.85,15,757.004845
1.85,15,757.01
5.81,19,757.016229
1.81,19,757.022484
3.82,18,757.366141
1.85,15,757.372569
3.82,18,757.378832
3.84,16,757.38462
3.84,16,757.390233
3.88,12,757.394556
1.82,18,757.400741
1.87,13,757.405326
1.88,12,757.409679
1.85,15,757.698947
1.81,19,757.705519
3.84,16,757.710779
1.8,20,757.717087
3.84,16,757.722116
3.81,19,757.728087
1.84,16,757.733167
1.87,13,758.027776
3.85,15,758.032642
3.82,18,758.039237
1.84,16,758.044823
1.84,16,758.050431
1.82,18,758.05652
3.79,21,758.06361
1.86,14,758.068173
1.82,18,758.427059
5.84,16,758.434157
3.82,18,758.440724
3.81,19,758.447812
1.85,15,758.45263
1.86,14,758.457182
3.84,16,758.463381
1.83,17,758.469375
1.84,16,758.778846
1.87,13,758.783214
1.88,12,758.78751
1.86,14,758.792107
3.86,14,758.797352
5.83,17,758.803211
3.84,16,758.808348
1.89,11,758.812051
5.77,23,759.092083
1.81,19,759.098547
1.81,19,759.106625
1.83,17,759.113407
5.81,19,759.120594
1.79,21,759.128288
3.82,18,759.135201
5.78,22,759.488691
3.84,16,759.494439
13.76,24,759.502938
5.79,21,759.509973
1.9,10,759.513974
3.82,18,759.520415
5.83,17,759.526438
3.85,15,759.890377
3.83,17,759.895952
3.82,18,759.902305
5.73,27,759.911796
3.82,18,759.917924
1.81,19,759.924509
1.83,17,759.930089
1.85,15,760.311906
1.85,15,760.316829
1.83,17,760.322273
1.83,17,760.32771
1.81,19,760.333717
1.83,17,760.339136
5.85,15,760.344609
1.82,18,760.655438
5.85,15,760.661893
1.81,19,760.66924
3.81,19,760.677274
1.86,14,760.682289
1.83,17,760.689842
1.85,15,760.695042
1.88,12,760.700166
1.86,14,760.706329
1.89,11,761.033088
1.86,14,761.037593
1.85,15,761.043017
13.77,23,761.050741
3.85,15,761.056169
3.83,17,761.061876
1.89,11,761.065763
1.87,13,761.070057
1.85,15,761.409791
5.83,17,761.415375
1.84,16,761.420502
1.82,18,761.426226
3.85,15,761.431003
1.83,17,761.436394
3.81,19,761.442379
1.87,13,761.44652
1.82,18,761.746148
1.83,17,761.751656
3.87,13,761.7564
1.84,16,761.76159
13.77,23,761.768836
1.83,17,761.774192
3.85,15,761.778927
3.82,18,761.784565
1.83,17,762.11085
1.88,12,762.115173
1.89,11,762.118906
1.79,21,762.126245
13.76,24,762.134607
3.83,17,762.140346
5.86,14,762.144928
1.82,18,762.492559
5.83,17,762.498001
1.8,20,762.50424
5.84,16,762.509221
1.87,13,762.513302
1.83,17,762.518548
1.86,14,762.523079
5.79,21,762.530756
5.84,16,762.841606
1.83,17,762.847003
1.85,15,762.85169
3.79,21,762.858212
3.86,14,762.862576
3.78,22,762.869354
1.82,18,762.874893
1.87,13,763.196388
1.81,19,763.20394
1.84,16,763.209376
1.84,16,763.21539
1.88,12,763.219326
1.85,15,763.224674
1.83,17,763.230023
3.86,14,763.235184
3.81,19,763.528178
5.77,23,763.535768
1.84,16,763.541845
1.89,11,763.5455
1.82,18,763.551226
1.88,12,763.556151
3.83,17,763.561937
3.87,13,763.566622
1.84,16,763.910614
1.83,17,763.916676
3.78,22,763.925039
3.86,14,763.931275
5.75,25,763.939111
1.84,16,763.944886
5.81,19,763.951343
3.85,15,764.316409
1.87,13,764.320651
1.86,14,764.325429
1.81,19,764.331705
3.79,21,764.338456
1.84,16,764.343787
3.84,16,764.350089
1.86,14,764.354633
1.86,14,764.667781
1.81,19,764.674417
5.81,19,764.680628
3.8,20,764.687259
1.85,15,764.692045
1.84,16,764.697154
3.84,16,764.702198
1.86,14,764.706593
1.84,16,765.01337
5.79,21,765.020559
3.78,22,765.028063
1.81,19,765.034247
1.8,20,765.041216
1.82,18,765.046983
3.81,19,765.053458
5.76,24,765.430512
3.8,20,765.4378
3.78,22,765.444914
3.87,13,765.449089
1.81,19,765.45541
1.84,16,765.460507
1.83,17,765.7149
3.84,16,765.720284
1.83,17,765.725752
5.78,22,765.732793
1.85,15,765.737548
1.86,14,765.742327
5.81,19,765.749376
1.87,13,765.75418
1.83,17,766.055898
3.76,24,766.064016
3.82,18,766.070405
5.85,15,766.075324
3.85,15,766.08055
3.86,14,766.085256
3.79,21,766.092217
5.8,20,766.444863
3.82,18,766.451769
5.8,20,766.45815
1.89,11,766.462513
1.82,18,766.468364
5.82,18,766.474673
5.8,20,766.481465
1.89,11,766.48547
3.8,20,766.797115
5.83,17,766.802584
1.87,13,766.806708
1.85,15,766.811414
3.79,21,766.818302
1.83,17,766.82379
3.85,15,766.828654
1.8,20,767.141174
1.85,15,767.146823
5.79,21,767.154502
1.87,13,767.158846
3.82,18,767.165476
1.9,10,767.16902
1.84,16,767.174449
1.82,18,767.180713
1.87,13,767.185172
3.82,18,767.514704
1.86,14,767.519901
1.88,12,767.523953
1.86,14,767.528804
3.84,16,767.533974
3.85,15,767.539148
3.8,20,767.546074
1.86,14,767.55066
5.85,15,767.856185
1.81,19,767.862549
1.87,13,767.866743
1.85,15,767.871523
1.82,18,767.877196
1.82,18,767.882872
3.83,17,767.888284
1.84,16,767.893313
3.85,15,768.190573
3.81,19,768.196652
1.85,15,768.203101
3.85,15,768.208193
1.83,17,768.213812
3.77,23,768.220981
1.84,16,768.226004
1.89,11,768.553149
3.77,23,768.560674
1.86,14,768.565978
5.79,21,768.572672
1.83,17,768.578014
1.86,14,768.582401
3.81,19,768.588288
3.8,20,768.920154
3.86,14,768.92503
1.85,15,768.929883
13.75,25,768.937869
1.84,16,768.943002
3.86,14,768.947486
1.87,13,768.95165
3.79,21,768.958772
5.83,17,769.317328
1.87,13,769.321533
1.88,12,769.325313
3.79,21,769.331819
3.82,18,769.337447
3.86,14,769.341826
3.8,20,769.347989
1.84,16,769.352961
3.8,20,769.675863
5.78,22,769.683405
3.81,19,769.689793
5.81,19,769.696323
1.89,11,769.700121
1.83,17,769.706095
5.83,17,769.712075
1.83,17,770.049126
3.78,22,770.057732
3.83,17,770.063816
1.83,17,770.069496
1.83,17,770.074954
1.85,15,770.080105
3.86,14,770.084769
1.89,11,770.088407
3.85,15,770.419037
1.88,12,770.425088
3.79,21,770.433354
1.86,14,770.439018
3.82,18,770.445772
1.82,18,770.4519
3.82,18,770.458199
5.81,19,770.467099
5.8,20,770.829369
3.81,19,770.83663
1.88,12,770.840725
1.82,18,770.846473
3.86,14,770.850945
3.82,18,770.857682
1.84,16,770.862776
1.88,12,771.159719
1.81,19,771.165963
1.88,12,771.170355
1.83,17,771.175894
3.87,13,771.180058
1.84,16,771.185093
1.86,14,771.189623
5.82,18,771.195297
5.82,18,771.201734
3.81,19,771.508198
1.86,14,771.513246
1.84,16,771.518689
1.89,11,771.522388
1.79,21,771.529423
3.84,16,771.534583
1.84,16,771.540016
1.8,20,771.843806
13.78,22,771.851321
13.8,20,771.85814
1.82,18,771.863912
1.84,16,771.868908
3.82,18,771.874563
3.8,20,771.881319
1.82,18,772.231046
1.79,21,772.23843
1.87,13,772.242799
1.84,16,772.248392
1.86,14,772.253867
3.84,16,772.259362
3.81,19,772.265482
3.8,20,772.272824
3.85,15,772.596419
5.81,19,772.603044
5.85,15,772.60786
1.85,15,772.612999
5.84,16,772.618285
1.89,11,772.621822
3.81,19,772.627865
3.81,19,772.923705
1.8,20,772.93022
1.86,14,772.935315
5.77,23,772.942804
1.81,19,772.949295
5.84,16,772.954889
1.87,13,772.959456
3.83,17,772.965207
1.81,19,773.309713
1.84,16,773.315377
1.85,15,773.320376
3.82,18,773.326106
3.82,18,773.331757
3.8,20,773.338008
1.85,15,773.342746
1.83,17,773.632974
3.86,14,773.63755
5.83,17,773.643255
13.76,24,773.65149
3.84,16,773.657075
3.81,19,773.663727
1.84,16,773.66899
1.85,15,773.674048
1.81,19,774.026086
3.82,18,774.031845
1.84,16,774.036843
1.86,14,774.041229
5.81,19,774.047152
1.89,11,774.050642
1.88,12,774.054406
1.85,15,774.059095
1.83,17,774.354042
1.78,22,774.361952
1.89,11,774.365787
1.83,17,774.371917
1.86,14,774.376452
3.81,19,774.383251
1.84,16,774.388507
1.83,17,774.394397
1.86,14,774.72167
1.85,15,774.72669
3.77,23,774.73449
3.87,13,774.739094
1.87,13,774.743309
1.84,16,774.748309
5.79,21,774.75479
3.83,17,775.083109
3.81,19,775.089895
5.8,20,775.097037
1.89,11,775.100643
1.87,13,775.105904
3.83,17,775.111886
1.8,20,775.119408
1.78,22,775.127367
3.82,18,775.452372
3.83,17,775.458402
1.82,18,775.464626
1.88,12,775.469622
5.81,19,775.475747
1.85,15,775.481156
1.86,14,775.485753
5.77,23,775.764949
1.84,16,775.771011
3.8,20,775.777732
1.89,11,775.781683
3.83,17,775.787635
5.81,19,775.79364
1.85,15,775.798356
3.84,16,775.803351
5.83,17,776.11446
1.86,14,776.119082
1.82,18,776.125536
3.84,16,776.130977
1.79,21,776.137879
3.81,19,776.14412
5.79,21,776.150878
1.84,16,776.473924
1.8,20,776.480343
1.85,15,776.48609
3.83,17,776.491975
1.85,15,776.497041
1.9,10,776.500276
1.84,16,776.505614
3.81,19,776.511685
3.84,16,776.819976
5.79,21,776.827032
3.86,14,776.831511
3.83,17,776.836852
3.84,16,776.841855
3.85,15,776.846635
3.87,13,776.850709
3.83,17,776.856284
1.86,14,777.174928
3.83,17,777.180435
1.84,16,777.186053
1.85,15,777.190926
1.85,15,777.195677
1.82,18,777.201324
3.84,16,777.206681
3.81,19,777.212853
3.84,16,777.512969
3.79,21,777.520712
5.82,18,777.526741
1.82,18,777.532386
1.86,14,777.536735
1.84,16,777.541685
5.83,17,777.546938
1.84,16,777.551889
1.88,12,777.873483
1.85,15,777.879443
3.8,20,777.886121
3.85,15,777.890934
1.82,18,777.896844
3.86,14,777.901337
1.78,22,777.90874
1.85,15,778.235887
3.82,18,778.241728
3.8,20,778.248817
1.85,15,778.254098
1.86,14,778.258672
1.8,20,778.265077
1.87,13,778.269245
13.79,21,778.276298
1.86,14,778.592677
1.89,11,778.598378
1.86,14,778.603029
1.88,12,778.606887
13.74,26,778.615755
3.83,17,778.621495
1.89,11,778.625196
1.87,13,778.629465
3.83,17,779.025258
5.81,19,779.032205
5.79,21,779.040077
3.81,19,779.046975
3.79,21,779.054413
1.86,14,779.058943
1.81,19,779.066272
1.83,17,779.389947
5.86,14,779.39478
1.86,14,779.399299
1.85,15,779.404188
3.82,18,779.410069
1.82,18,779.416514
1.84,16,779.421852
1.8,20,779.428949
3.81,19,779.737511
1.85,15,779.742348
1.86,14,779.747337
3.86,14,779.752134
3.85,15,779.757043
1.87,13,779.761142
1.85,15,779.765859
3.83,17,779.771223
1.84,16,780.043142
1.87,13,780.04762
3.86,14,780.05215
3.86,14,780.056649
1.81,19,780.062956
3.77,23,780.070522
1.81,19,780.076697
1.8,20,780.0832
1.82,18,780.433489
1.83,17,780.439022
5.82,18,780.444649
1.87,13,780.448734
1.82,18,780.454303
3.82,18,780.459893
1.89,11,780.463323
13.8,20,780.758437
1.87,13,780.76315
1.84,16,780.769142
1.85,15,780.774243
1.89,11,780.778208
1.86,14,780.782844
1.9,10,780.786082
3.82,18,780.79215
3.85,15,780.797115
1.86,14,780.801998
1.83,17,781.09882
1.87,13,781.103271
1.86,14,781.108325
3.87,13,781.112687
1.83,17,781.118811
3.83,17,781.124334
1.84,16,781.12979
1.84,16,781.135079
3.8,20,781.413452
3.83,17,781.419275
5.79,21,781.425949
3.81,19,781.432007
1.83,17,781.437383
3.84,16,781.442419
1.83,17,781.447736
3.8,20,781.764516
1.78,22,781.7715
3.79,21,781.778017
5.81,19,781.783955
3.82,18,781.789608
5.78,22,781.796424
3.82,18,782.063144
1.86,14,782.068171
1.84,16,782.073463
1.86,14,782.077926
3.78,22,782.085287
1.89,11,782.088916
1.83,17,782.094464
3.86,14,782.099645
1.86,14,782.104274
5.79,21,782.443107
3.84,16,782.449007
1.84,16,782.454451
5.75,25,782.463535
1.83,17,782.469634
1.88,12,782.474085
1.81,19,782.480438
3.82,18,782.843888
3.82,18,782.850523
3.84,16,782.856165
1.82,18,782.862157
13.77,23,782.86985
1.85,15,782.874589
5.85,15,782.879312
3.8,20,783.22173
3.84,16,783.227219
5.78,22,783.234179
1.81,19,783.240164
3.82,18,783.246206
1.82,18,783.252008
1.87,13,783.256195
1.82,18,783.575344
13.79,21,783.582433
3.79,21,783.589233
3.87,13,783.593315
3.81,19,783.599197
1.83,17,783.605029
3.82,18,783.611042
1.87,13,783.91741
1.81,19,783.926009
1.83,17,783.934122
5.82,18,783.939998
3.84,16,783.945158
3.87,13,783.949264
3.82,18,783.954833
1.83,17,783.960063
3.8,20,784.25426
1.86,14,784.258739
1.83,17,784.2641
1.85,15,784.26877
3.85,15,784.273414
1.8,20,784.279585
1.84,16,784.28454
1.86,14,784.288875
3.79,21,784.601233
3.84,16,784.606689
1.89,11,784.61017
1.85,15,784.614826
1.86,14,784.620239
1.83,17,784.626853
3.78,22,784.63383
1.83,17,784.639684
3.83,17,784.942273
13.82,18,784.9481
5.79,21,784.954766
1.87,13,784.958916
1.81,19,784.964928
3.76,24,784.97249
1.82,18,785.246021
1.84,16,785.251202
3.87,13,785.255283
1.87,13,785.25932
3.83,17,785.264544
3.85,15,785.269174
3.82,18,785.274681
3.81,19,785.280504
3.85,15,785.285126
1.89,11,785.534382
3.86,14,785.539326
1.85,15,785.544222
5.82,18,785.549967
1.84,16,785.555041
3.83,17,785.560471
1.86,14,785.564929
3.82,18,785.573223
1.85,15,785.858521
5.86,14,785.863034
3.79,21,785.869517
1.83,17,785.874753
1.85,15,785.879383
1.86,14,785.883889
1.84,16,785.889091
1.84,16,785.894179
3.81,19,786.199967
3.83,17,786.205909
3.85,15,786.21135
1.81,19,786.217508
1.84,16,786.222859
1.82,18,786.228538
5.83,17,786.233859
1.82,18,786.535596
1.89,11,786.539295
1.85,15,786.545023
1.84,16,786.550147
3.83,17,786.556229
5.86,14,786.560959
1.87,13,786.565313
1.84,16,786.570722
3.83,17,786.576632
1.82,18,786.935584
3.86,14,786.940129
1.83,17,786.945854
1.89,11,786.951925
3.8,20,786.958707
1.85,15,786.964221
3.87,13,786.968698
1.88,12,786.972808
1.88,12,787.273957
1.84,16,787.280189
3.86,14,787.285568
1.88,12,787.289474
3.84,16,787.294636
1.86,14,787.299083
1.83,17,787.30532
5.77,23,787.312618
3.84,16,787.683284
1.79,21,787.69019
1.85,15,787.696044
5.79,21,787.703107
5.76,24,787.71136
5.85,15,787.716721
1.88,12,787.720967
3.83,17,787.727388
1.85,15,788.100658
13.75,25,788.109615
3.85,15,788.115021
3.8,20,788.122216
1.88,12,788.126907
3.83,17,788.132532
1.85,15,788.137914
1.89,11,788.142131
1.84,16,788.522916
1.83,17,788.528916
1.83,17,788.534736
1.81,19,788.541144
3.84,16,788.546614
1.8,20,788.553493
1.81,19,788.560097
1.85,15,788.936804
13.77,23,788.944494
1.85,15,788.950197
3.82,18,788.956555
1.88,12,788.960476
1.82,18,788.967369
1.85,15,788.972667
1.82,18,789.330187
1.85,15,789.336076
3.84,16,789.342293
3.83,17,789.347804
1.9,10,789.351686
1.85,15,789.356847
3.85,15,789.362622
3.83,17,789.36808
3.86,14,789.37324
3.83,17,789.663352
3.81,19,789.670904
1.86,14,789.675984
3.85,15,789.681326
1.85,15,789.68647
5.79,21,789.693865
1.86,14,789.698447
1.82,18,789.704638
13.76,24,790.027854
3.83,17,790.033968
5.76,24,790.042118
13.8,20,790.048663
1.81,19,790.05505
3.8,20,790.061826
1.88,12,790.355118
3.79,21,790.361795
3.85,15,790.36722
1.87,13,790.372014
5.81,19,790.379153
1.83,17,790.38563
3.82,18,790.391886
5.83,17,790.398352
1.89,11,790.779291
5.82,18,790.787756
1.88,12,790.791845
1.87,13,790.796668
1.88,12,790.800628
5.79,21,790.808403
1.78,22,790.816065
1.9,10,790.819475
1.89,11,790.823404
5.75,25,791.169435
3.79,21,791.177655
1.85,15,791.183227
1.85,15,791.188739
1.81,19,791.195249
1.86,14,791.199712
1.89,11,791.203741
13.77,23,791.572409
1.82,18,791.579163
1.84,16,791.584852
1.85,15,791.590184
1.87,13,791.594585
1.89,11,791.598295
3.8,20,791.604586
1.79,21,791.88986
5.82,18,791.896036
1.83,17,791.9037
5.83,17,791.909618
1.83,17,791.915109
1.86,14,791.920282
1.77,23,791.929592
1.89,11,791.933461
1.84,16,792.291777
1.83,17,792.297535
3.82,18,792.304242
3.83,17,792.310021
3.84,16,792.31509
5.83,17,792.320939
5.8,20,792.327791
1.85,15,792.333079
1.85,15,792.700182
3.87,13,792.704735
13.82,18,792.710886
3.79,21,792.717998
1.85,15,792.72293
1.83,17,792.728529
1.83,17,792.734136
1.84,16,793.063579
1.8,20,793.070057
5.82,18,793.07659
3.82,18,793.082656
3.82,18,793.089079
1.82,18,793.09538
1.84,16,793.100485
3.82,18,793.106711
5.81,19,793.417951
1.87,13,793.42273
3.81,19,793.428727
3.83,17,793.435168
3.85,15,793.440131
1.84,16,793.446055
1.84,16,793.451465
1.86,14,793.829258
1.87,13,793.834154
5.83,17,793.840341
5.84,16,793.845877
1.85,15,793.851431
5.85,15,793.856183
1.87,13,793.860936
5.78,22,793.868016
1.81,19,794.213276
1.89,11,794.216987
1.85,15,794.22304
3.82,18,794.230205
1.88,12,794.235378
1.82,18,794.241648
1.88,12,794.245972
5.77,23,794.253881
1.81,19,794.607169
3.83,17,794.613346
1.87,13,794.618029
3.86,14,794.622768
5.85,15,794.627959
1.81,19,794.634229
1.88,12,794.638108
5.83,17,794.643552
3.78,22,794.999057
5.77,23,795.006928
3.84,16,795.012318
1.84,16,795.01778
1.89,11,795.021316
1.81,19,795.027896
3.84,16,795.03309
1.83,17,795.039131
3.8,20,795.391658
1.84,16,795.3984
5.84,16,795.404117
1.88,12,795.408643
5.8,20,795.41518
1.83,17,795.421197
3.86,14,795.425659
5.85,15,795.430494
1.83,17,795.748052
1.8,20,795.755886
1.85,15,795.76086
1.79,21,795.768652
1.88,12,795.772767
1.89,11,795.77637
1.85,15,795.781178
13.79,21,795.7881
1.84,16,796.168502
5.78,22,796.175916
3.86,14,796.180374
1.88,12,796.184545
3.84,16,796.189561
3.84,16,796.194845
1.88,12,796.198656
5.85,15,796.204015
3.88,12,796.544899
3.85,15,796.549794
1.84,16,796.555385
1.85,15,796.560144
5.76,24,796.568314
3.85,15,796.573107
5.83,17,796.57854
1.85,15,796.583518
3.88,12,796.96228
1.85,15,796.968262
3.84,16,796.973495
3.83,17,796.97967
1.86,14,796.984381
1.78,22,796.991746
13.75,25,797.00044
1.86,14,797.48167
3.76,24,797.490773
1.85,15,797.496531
3.85,15,797.502109
3.86,14,797.506606
1.82,18,797.513197
3.86,14,797.517677
1.85,15,797.52304
1.85,15,797.869759
1.88,12,797.873745
1.87,13,797.878704
3.79,21,797.885964
1.83,17,797.891398
3.83,17,797.897315
1.84,16,797.902779
1.84,16,797.908453
5.79,21,798.248874
1.85,15,798.254578
5.81,19,798.260989
1.86,14,798.266061
3.85,15,798.271403
1.85,15,798.277065
3.87,13,798.281254
1.83,17,798.286762
1.79,21,798.593011
1.8,20,798.600586
3.79,21,798.607729
1.79,21,798.615135
3.75,25,798.624101
3.83,17,798.62979
3.83,17,798.955042
3.83,17,798.961499
5.83,17,798.967575
5.8,20,798.975442
1.83,17,798.982586
1.89,11,798.987057
3.85,15,798.993026
5.78,22,799.000256
1.78,22,799.378968
1.86,14,799.384076
3.84,16,799.389467
3.82,18,799.396113
3.86,14,799.40078
1.81,19,799.408812
3.85,15,799.415403
5.8,20,799.723837
1.86,14,799.728673
1.85,15,799.73538
13.8,20,799.742327
1.86,14,799.747486
1.87,13,799.752243
1.8,20,799.75878
5.81,19,799.765207
3.8,20,800.173405
1.87,13,800.178219
3.84,16,800.184189
1.85,15,800.189757
1.86,14,800.195141
3.83,17,800.202752
3.85,15,800.208924
3.83,17,800.215831
1.81,19,800.516177
3.77,23,800.525061
1.82,18,800.530878
1.88,12,800.536069
5.79,21,800.543017
1.84,16,800.54824
1.85,15,800.55361
3.85,15,800.928579
1.87,13,800.933356
3.79,21,800.941561
1.89,11,800.945764
3.79,21,800.953382
3.84,16,800.959361
3.85,15,800.965111
3.8,20,800.972903
1.88,12,801.339065
1.8,20,801.346749
1.77,23,801.355634
1.88,12,801.360578
3.86,14,801.365305
3.8,20,801.37236
3.8,20,801.379441
5.82,18,801.759404
1.87,13,801.763798
1.81,19,801.770556
1.84,16,801.775741
3.79,21,801.783384
1.85,15,801.789558
1.86,14,801.794739
1.87,13,801.799542
3.87,13,801.806361
3.8,20,802.123949
5.75,25,802.134011
1.85,15,802.139742
3.85,15,802.144735
5.8,20,802.158313
1.85,15,802.219423
1.87,13,802.248015
3.86,14,802.666172
3.88,12,802.670249
3.86,14,802.676025
3.84,16,802.681953
1.85,15,802.688602
1.84,16,802.694548
1.87,13,802.698711
1.83,17,802.704487
5.83,17,802.710742
3.83,17,802.996807
3.78,22,803.004668
3.77,23,803.013121
1.88,12,803.01737
1.84,16,803.023429
3.82,18,803.02958
1.8,20,803.036605
3.78,22,803.41656
1.86,14,803.421945
1.83,17,803.428228
1.83,17,803.434046
5.83,17,803.439859
1.83,17,803.445596
1.87,13,803.450196
5.79,21,803.763605
3.8,20,803.770417
1.9,10,803.774272
3.79,21,803.781778
3.82,18,803.787728
1.84,16,803.793562
1.86,14,803.798047
3.86,14,803.803402
3.84,16,804.131782
3.82,18,804.137793
1.86,14,804.143186
3.86,14,804.148321
1.86,14,804.155845
1.84,16,804.160955
1.84,16,804.166595
1.86,14,804.171584
1.86,14,804.448482
3.83,17,804.45402
3.78,22,804.460841
1.87,13,804.464891
1.86,14,804.469272
5.78,22,804.476029
1.79,21,804.482464
3.78,22,804.824611
13.8,20,804.832018
1.84,16,804.837394
1.8,20,804.844391
1.87,13,804.848554
5.79,21,804.855843
5.81,19,804.862
3.81,19,805.173469
1.81,19,805.179491
3.87,13,805.183585
5.82,18,805.189151
3.82,18,805.194722
3.86,14,805.199046
1.85,15,805.203685
1.86,14,805.208026
3.84,16,805.494499
1.78,22,805.501463
1.88,12,805.50524
13.77,23,805.512334
13.82,18,805.51789
3.86,14,805.522222
1.88,12,805.525935
5.79,21,805.53236
1.83,17,805.876947
5.83,17,805.88347
1.81,19,805.889601
1.79,21,805.897843
3.88,12,805.902049
1.85,15,805.928651
13.77,23,805.94432
1.86,14,806.29228
3.83,17,806.298281
1.84,16,806.303591
3.82,18,806.310293
1.88,12,806.315754
1.86,14,806.321449
3.82,18,806.328561
1.85,15,806.335234
5.77,23,806.633379
1.84,16,806.639077
1.86,14,806.644025
5.8,20,806.651096
13.77,23,806.658859
1.88,12,806.663005
1.85,15,806.667786
1.89,11,806.671773
1.86,14,807.016731
5.79,21,807.024052
1.85,15,807.029098
1.87,13,807.033826
3.78,22,807.040843
1.86,14,807.046318
3.78,22,807.054265
1.86,14,807.383833
1.83,17,807.389296
1.88,12,807.393101
1.84,16,807.398599
5.8,20,807.404989
3.78,22,807.413017
1.79,21,807.420115
3.75,25,807.750296
5.82,18,807.756525
1.84,16,807.761953
1.85,15,807.766907
1.86,14,807.771615
1.81,19,807.778295
1.81,19,807.784706
5.79,21,808.070508
1.82,18,808.076348
1.81,19,808.082262
3.81,19,808.088145
3.83,17,808.093833
3.78,22,808.100884
3.86,14,808.105812
1.8,20,808.412421
3.85,15,808.417757
3.84,16,808.42328
3.85,15,808.428236
3.84,16,808.433369
1.85,15,808.438176
3.86,14,808.442659
5.78,22,808.449734
3.82,18,808.755922
3.78,22,808.762893
5.81,19,808.768768
1.87,13,808.772822
3.83,17,808.778075
1.88,12,808.781828
3.85,15,808.786456
3.85,15,808.791079
3.82,18,809.242008
3.78,22,809.249683
1.8,20,809.256636
3.78,22,809.264132
3.82,18,809.270418
1.86,14,809.275005
1.78,22,809.282283
1.86,14,809.622358
1.86,14,809.628585
1.83,17,809.6341
3.85,15,809.639663
1.87,13,809.643844
1.83,17,809.649791
1.87,13,809.653944
3.8,20,809.660673
3.83,17,809.989961
1.86,14,809.994431
3.76,24,810.003049
1.85,15,810.008144
1.89,11,810.011981
5.81,19,810.018451
3.85,15,810.023236
3.84,16,810.028542
1.83,17,810.374956
1.85,15,810.380467
3.84,16,810.385891
1.79,21,810.393193
1.86,14,810.397653
1.88,12,810.401928
3.85,15,810.406703
5.79,21,810.413512
1.87,13,810.729463
1.89,11,810.733011
5.8,20,810.739288
1.85,15,810.744467
3.8,20,810.751484
1.81,19,810.757733
3.82,18,810.764132
1.8,20,811.065671
1.79,21,811.072812
1.83,17,811.078861
3.84,16,811.084475
1.78,22,811.091473
1.85,15,811.096571
5.8,20,811.103099
5.79,21,811.439074
5.76,24,811.44723
1.85,15,811.452023
5.82,18,811.457674
1.86,14,811.462028
1.83,17,811.467314
1.84,16,811.472264
3.81,19,811.818806
5.76,24,811.827143
3.84,16,811.832259
3.84,16,811.837741
3.84,16,811.843386
1.87,13,811.84793
1.86,14,811.852573
3.84,16,811.857882
3.83,17,812.198825
1.82,18,812.205383
1.84,16,812.210767
1.84,16,812.215865
1.85,15,812.221026
1.82,18,812.226939
5.81,19,812.233246
1.88,12,812.237087
1.87,13,812.551414
3.83,17,812.556822
3.82,18,812.563101
3.82,18,812.569001
3.86,14,812.573497
1.83,17,812.57938
1.79,21,812.586412
1.86,14,812.898706
3.85,15,812.903966
1.84,16,812.909915
1.88,12,812.914294
5.78,22,812.921581
1.83,17,812.927446
1.86,14,812.93272
3.83,17,812.938439
3.87,13,812.942726
5.77,23,813.266517
1.83,17,813.272415
1.83,17,813.277725
1.89,11,813.281834
3.79,21,813.289201
1.84,16,813.294656
1.89,11,813.298276
3.8,20,813.633183
1.83,17,813.639272
1.85,15,813.644811
1.88,12,813.648776
13.77,23,813.656939
5.81,19,813.663614
1.83,17,813.669443
3.82,18,813.675524
1.89,11,814.045227
1.81,19,814.051823
1.85,15,814.05672
5.79,21,814.064347
1.88,12,814.068895
1.85,15,814.07364
3.79,21,814.080205
3.79,21,814.404666
3.84,16,814.410466
1.84,16,814.415987
1.89,11,814.419528
3.78,22,814.4272
1.85,15,814.432318
1.86,14,814.436797
3.79,21,814.44382
3.86,14,814.793678
3.81,19,814.800379
5.84,16,814.806249
1.84,16,814.811594
1.82,18,814.817599
3.84,16,814.823349
1.8,20,814.830376
1.85,15,814.835611
1.85,15,815.160054
3.86,14,815.164666
1.87,13,815.169235
3.8,20,815.175674
5.77,23,815.183329
1.8,20,815.189813
3.84,16,815.194991
1.84,16,815.546512
1.81,19,815.554378
13.78,22,815.563315
5.83,17,815.569142
3.86,14,815.574395
3.81,19,815.580627
5.77,23,815.588566
3.83,17,815.934005
1.86,14,815.93858
3.79,21,815.946271
1.79,21,815.95374
3.83,17,815.96015
1.84,16,815.965755
1.84,16,815.971577
5.83,17,816.292888
1.84,16,816.299115
5.8,20,816.306006
13.8,20,816.312788
3.8,20,816.319544
3.82,18,816.325584
3.77,23,816.334135
1.81,19,816.678893
1.88,12,816.683155
5.77,23,816.691242
5.79,21,816.69798
1.82,18,816.704143
1.88,12,816.708212
3.75,25,816.7167
3.85,15,817.098644
1.87,13,817.102903
1.84,16,817.108684
1.87,13,817.113477
3.78,22,817.121067
3.8,20,817.128086
1.84,16,817.133143
5.82,18,817.481672
1.82,18,817.487966
5.84,16,817.494371
5.8,20,817.501098
1.84,16,817.506205
1.85,15,817.511257
3.85,15,817.516008
5.79,21,817.523169
3.76,24,817.861985
3.85,15,817.867467
1.86,14,817.872352
13.82,18,817.878698
1.89,11,817.882229
5.8,20,817.888924
1.85,15,817.893897
1.85,15,817.899109
1.85,15,818.219623
1.87,13,818.223828
1.86,14,818.229238
1.86,14,818.23367
3.85,15,818.239346
3.84,16,818.245357
3.85,15,818.250286
1.85,15,818.255803
-0.12,12,818.260001
3.82,18,818.531933
1.84,16,818.537922
1.81,19,818.544825
3.81,19,818.568251
5.82,18,818.573996
5.78,22,818.58156
3.8,20,818.859427
1.85,15,818.864355
3.81,19,818.871855
1.82,18,818.877838
1.85,15,818.882651
1.86,14,818.887377
1.87,13,818.892061
3.86,14,818.896507
1.87,13,818.901505
1.83,17,819.208762
3.85,15,819.214607
1.84,16,819.220136
5.76,24,819.228876
3.83,17,819.234867
1.87,13,819.238994
5.76,24,819.246495
3.82,18,819.617724
1.87,13,819.621969
1.87,13,819.627091
1.82,18,819.633483
5.84,16,819.638905
3.82,18,819.645319
3.86,14,819.649889
1.86,14,819.654927
3.77,23,819.945711
3.81,19,819.951814
3.79,21,819.958465
3.83,17,819.963846
5.81,19,819.97122
1.84,16,819.976574
3.86,14,819.98164
1.83,17,820.302841
1.82,18,820.308975
3.85,15,820.314538
1.83,17,820.320192
1.86,14,820.325047
1.87,13,820.329375
3.79,21,820.336852
3.81,19,820.343948
3.85,15,820.663876
1.84,16,820.669154
5.82,18,820.675007
3.85,15,820.680404
3.8,20,820.687722
3.86,14,820.692869
1.88,12,820.696695
1.89,11,820.700506
1.84,16,821.000689
1.87,13,821.005243
13.72,28,821.014889
1.84,16,821.020107
5.77,23,821.027725
5.84,16,821.033045
5.82,18,821.038786
1.81,19,821.436102
1.86,14,821.44056
1.87,13,821.445282
5.75,25,821.453605
3.81,19,821.460099
1.81,19,821.466308
3.85,15,821.471143
5.83,17,821.843957
1.82,18,821.849842
1.83,17,821.856158
1.86,14,821.861218
1.82,18,821.867334
1.81,19,821.873997
1.81,19,821.880483
1.88,12,821.884321
1.85,15,822.190072
1.79,21,822.197303
1.83,17,822.203363
3.78,22,822.210799
3.86,14,822.215622
1.8,20,822.222054
3.84,16,822.227766
5.81,19,822.556419
1.87,13,822.561073
1.86,14,822.56622
1.83,17,822.571969
1.78,22,822.579164
1.82,18,822.584936
1.85,15,822.590085
1.85,15,822.594954
1.88,12,822.935839
1.84,16,822.940951
3.84,16,822.946771
3.84,16,822.952099
13.72,28,822.961408
5.82,18,822.967782
1.8,20,822.974445
3.85,15,823.336467
1.84,16,823.341531
3.8,20,823.348381
1.88,12,823.352806
1.85,15,823.357587
1.83,17,823.363395
3.8,20,823.369903
3.87,13,823.37432
3.85,15,823.680161
1.86,14,823.684636
1.84,16,823.690477
3.84,16,823.695623
1.83,17,823.701867
1.81,19,823.708162
13.71,29,823.717365
3.84,16,824.124828
3.81,19,824.130885
5.79,21,824.137412
3.85,15,824.142087
1.85,15,824.147207
5.86,14,824.151646
1.88,12,824.155908
3.81,19,824.162389
3.82,18,824.478032
1.88,12,824.481911
1.86,14,824.487215
5.77,23,824.494635
1.8,20,824.500936
1.87,13,824.505458
1.82,18,824.511337
5.84,16,824.846167
1.85,15,824.851406
5.8,20,824.858249
1.82,18,824.86414
5.79,21,824.8712
1.86,14,824.875894
3.77,23,824.883899
1.88,12,824.888068
1.87,13,825.226803
5.82,18,825.232709
3.8,20,825.239684
1.87,13,825.244174
3.81,19,825.250238
3.84,16,825.256315
3.81,19,825.262421
3.86,14,825.562598
3.87,13,825.566917
13.8,20,825.573142
1.79,21,825.580123
1.84,16,825.585353
3.77,23,825.592854
3.81,19,825.598859
1.85,15,825.603584
1.81,19,825.957829
1.77,23,825.96575
3.82,18,825.971786
3.82,18,825.978138
1.82,18,825.984083
13.74,26,825.992582
3.81,19,826.295346
1.84,16,826.300842
1.82,18,826.306771
3.81,19,826.31313
5.79,21,826.320104
3.8,20,826.326753
5.78,22,826.595294
13.76,24,826.603833
3.85,15,826.608581
3.78,22,826.615891
3.8,20,826.622571
5.83,17,826.628376
5.84,16,826.633746
3.86,14,826.979767
3.87,13,826.984147
3.82,18,826.990629
5.78,22,826.997815
1.79,21,827.004881
1.87,13,827.009309
1.84,16,827.014483
5.83,17,827.019792
1.83,17,827.360588
1.79,21,827.367246
3.85,15,827.371944
1.81,19,827.378361
3.88,12,827.38231
1.87,13,827.386717
1.84,16,827.39189
3.87,13,827.396356
1.84,16,827.71257
1.83,17,827.718066
3.85,15,827.722806
3.84,16,827.727773
1.86,14,827.732695
1.87,13,827.736881
1.83,17,827.743164
1.84,16,827.748329
3.85,15,828.018355
1.8,20,828.024897
1.84,16,828.030427
3.85,15,828.035201
3.81,19,828.041098
1.85,15,828.045782
1.84,16,828.050748
1.8,20,828.056933
1.88,12,828.37929
1.85,15,828.385273
5.79,21,828.393281
1.84,16,828.398622
1.8,20,828.405492
3.86,14,828.410742
1.82,18,828.417475
1.86,14,828.422812
5.81,19,828.804685
3.78,22,828.812548
1.86,14,828.817144
13.79,21,828.824329
1.83,17,828.83123
1.9,10,828.834611
1.85,15,828.840581
3.86,14,829.204021
1.84,16,829.209979
3.79,21,829.217467
5.85,15,829.222335
3.86,14,829.229016
1.87,13,829.234192
13.81,19,829.240364
1.87,13,829.24515
1.87,13,829.249331
3.83,17,829.674634
3.86,14,829.681189
3.84,16,829.689737
3.81,19,829.696647
5.77,23,829.704974
1.85,15,829.710253
3.83,17,829.718213
13.77,23,830.059021
5.73,27,830.069054
1.85,15,830.074229
1.78,22,830.08124
13.77,23,830.088885
5.74,26,830.097417
1.88,12,830.434596
1.84,16,830.440966
1.79,21,830.449144
1.86,14,830.454196
1.89,11,830.457827
1.88,12,830.462359
5.8,20,830.468988
3.86,14,830.474115
13.78,22,830.811214
3.85,15,830.816615
13.8,20,830.823474
3.82,18,830.829422
1.87,13,830.833633
1.85,15,830.839298
1.86,14,830.843795
3.83,17,830.850005
1.83,17,831.166707
1.85,15,831.172814
1.88,12,831.177386
5.8,20,831.18459
1.78,22,831.192291
5.83,17,831.197855
3.82,18,831.203852
1.79,21,831.552116
1.82,18,831.558468
5.77,23,831.566041
1.85,15,831.571182
3.83,17,831.576963
1.83,17,831.583029
3.86,14,831.587876
3.8,20,831.932362
3.81,19,831.940239
1.84,16,831.945776
3.85,15,831.951477
5.77,23,831.958788
3.85,15,831.964285
1.87,13,831.96849
1.87,13,831.972797
5.78,22,832.327341
3.85,15,832.332754
1.85,15,832.338608
5.81,19,832.345537
3.81,19,832.351594
1.84,16,832.357487
13.81,19,832.364273
1.85,15,832.677197
1.78,22,832.684864
13.78,22,832.691947
5.84,16,832.698207
3.82,18,832.703995
3.87,13,832.708188
3.8,20,832.714915
3.83,17,833.075796
5.78,22,833.083658
3.85,15,833.088576
1.85,15,833.093372
3.79,21,833.101403
3.82,18,833.107855
1.89,11,833.112342
1.84,16,833.118179
1.9,10,833.470017
1.83,17,833.475529
5.84,16,833.480843
1.85,15,833.485642
3.85,15,833.491066
1.85,15,833.496076
1.8,20,833.503364
1.87,13,833.5079
5.79,21,833.840746
3.87,13,833.845353
5.83,17,833.851671
1.86,14,833.856157
5.83,17,833.86225
3.83,17,833.868323
1.81,19,833.874368
1.88,12,833.878388
3.77,23,834.196265
1.85,15,834.20137
3.81,19,834.207389
1.83,17,834.213806
5.78,22,834.220994
1.89,11,834.224877
5.82,18,834.231088
3.81,19,834.573953
3.79,21,834.581235
1.85,15,834.587645
1.8,20,834.595285
1.84,16,834.600439
1.83,17,834.606356
1.85,15,834.611412
3.85,15,834.6163
5.8,20,834.971765
3.84,16,834.977593
1.87,13,834.981746
1.82,18,834.988034
1.8,20,834.994286
3.81,19,835.000328
3.84,16,835.005982
3.79,21,835.319576
5.83,17,835.325542
3.84,16,835.331105
3.81,19,835.338042
1.87,13,835.342195
1.87,13,835.3471
5.81,19,835.353597
1.89,11,835.357628
1.82,18,835.66039
1.87,13,835.664612
3.84,16,835.670656
1.84,16,835.675786
3.82,18,835.682234
3.84,16,835.687804
3.8,20,835.695208
1.84,16,835.70156
1.86,14,836.009276
1.86,14,836.013816
1.86,14,836.018961
3.84,16,836.024035
3.82,18,836.030601
3.79,21,836.037827
5.82,18,836.043688
1.83,17,836.050529
1.88,12,836.386869
3.83,17,836.393423
5.78,22,836.400527
3.75,25,836.408448
1.85,15,836.413658
1.89,11,836.417174
1.82,18,836.424096
1.9,10,836.791241
5.83,17,836.796925
3.84,16,836.803194
3.78,22,836.810684
5.78,22,836.81785
3.83,17,836.828674
1.79,21,836.836729
1.89,11,836.840481
1.84,16,837.178433
13.8,20,837.187229
1.83,17,837.193533
3.84,16,837.198704
1.86,14,837.203506
1.81,19,837.209523
5.84,16,837.215532
1.84,16,837.530822
5.79,21,837.537655
1.83,17,837.543912
1.85,15,837.549324
3.84,16,837.554692
1.89,11,837.55896
1.88,12,837.563699
5.79,21,837.571004
3.81,19,837.905429
1.83,17,837.911635
1.82,18,837.917795
1.88,12,837.92198
1.77,23,837.929264
1.86,14,837.934519
1.82,18,837.940462
3.82,18,838.300563
5.8,20,838.307869
1.88,12,838.31292
1.81,19,838.319402
3.81,19,838.3268
1.84,16,838.332794
5.8,20,838.341136
5.8,20,838.352594
5.82,18,838.660179
3.85,15,838.6656
3.81,19,838.672435
5.85,15,838.678018
1.79,21,838.685129
5.8,20,838.69141
1.82,18,838.69851
1.81,19,839.010395
13.78,22,839.01851
13.81,19,839.024759
13.77,23,839.03225
1.85,15,839.037078
3.86,14,839.041577
1.85,15,839.046351
1.87,13,839.400865
13.75,25,839.411065
5.79,21,839.419139
1.85,15,839.424023
1.83,17,839.429884
5.83,17,839.43539
13.82,18,839.442055
1.86,14,839.808066
1.85,15,839.813221
1.78,22,839.821158
3.84,16,839.826989
5.81,19,839.832971
5.83,17,839.838667
3.81,19,839.845271
1.87,13,840.186074
5.82,18,840.192138
1.87,13,840.196836
3.87,13,840.201385
5.73,27,840.210988
5.84,16,840.216612
1.85,15,840.221668
1.87,13,840.226566
5.81,19,840.648976
1.86,14,840.655559
1.86,14,840.660198
1.87,13,840.665458
1.86,14,840.670509
1.83,17,840.676617
5.78,22,840.684196
1.85,15,840.689455
3.86,14,841.07156
1.83,17,841.07826
5.8,20,841.085216
1.83,17,841.09075
1.85,15,841.096038
3.78,22,841.103491
1.83,17,841.109412
3.84,16,841.115189
3.84,16,841.46446
1.88,12,841.468908
1.83,17,841.47452
1.83,17,841.48183
13.76,24,841.489921
1.82,18,841.496746
3.87,13,841.501732
1.89,11,841.505659
1.82,18,841.915353
1.83,17,841.92124
1.83,17,841.927696
3.82,18,841.93468
1.8,20,841.942501
1.85,15,841.947584
3.85,15,841.953079
3.82,18,842.281252
13.81,19,842.289484
1.85,15,842.29614
1.8,20,842.305187
1.88,12,842.309701
1.88,12,842.313759
1.84,16,842.321801
1.87,13,842.32834
1.84,16,842.710006
1.84,16,842.715519
1.89,11,842.719665
5.8,20,842.727016
1.88,12,842.73122
13.77,23,842.739962
3.84,16,842.745538
5.83,17,842.751563
5.81,19,843.250292
1.89,11,843.253926
5.82,18,843.260384
1.83,17,843.265878
3.82,18,843.272248
3.82,18,843.27858
5.79,21,843.285539
3.85,15,843.290948
1.85,15,843.644378
3.87,13,843.649652
3.86,14,843.654493
3.82,18,843.661234
3.82,18,843.667589
1.89,11,843.671575
1.86,14,843.676391
5.81,19,843.682795
1.86,14,843.984398
3.88,12,843.98837
1.87,13,843.993406
1.85,15,843.998305
1.89,11,844.002174
13.77,23,844.009553
1.86,14,844.015217
5.78,22,844.022825
1.88,12,844.36512
1.84,16,844.371424
1.88,12,844.375381
1.87,13,844.38007
1.85,15,844.385523
3.81,19,844.39204
1.85,15,844.397376
1.84,16,844.40257
1.84,16,844.408366
5.82,18,844.721745
3.82,18,844.728382
13.76,24,844.736544
3.84,16,844.742691
1.84,16,844.748374
13.79,21,844.755853
1.85,15,844.761027
1.85,15,845.128765
1.88,12,845.132754
1.82,18,845.138525
1.82,18,845.144516
1.84,16,845.149652
1.83,17,845.155452
1.88,12,845.159554
1.85,15,845.164656
1.85,15,845.462273
3.85,15,845.467105
3.81,19,845.474102
1.83,17,845.480369
3.88,12,845.484785
1.82,18,845.49138
1.83,17,845.49698
1.87,13,845.501811
5.78,22,845.807721
5.82,18,845.814027
3.85,15,845.818922
3.77,23,845.828278
1.84,16,845.834318
1.82,18,845.840384
5.8,20,845.846989
1.88,12,846.194922
3.85,15,846.199736
3.78,22,846.207579
3.82,18,846.213943
1.84,16,846.218997
1.84,16,846.224614
3.8,20,846.232002
3.85,15,846.237852
1.82,18,846.587904
3.83,17,846.593961
1.81,19,846.600167
1.87,13,846.605025
5.81,19,846.611621
1.87,13,846.616273
5.83,17,846.622151
1.89,11,846.626189
5.78,22,846.944933
3.82,18,846.951346
1.87,13,846.955425
1.87,13,846.960435
1.83,17,846.96635
1.89,11,846.97003
1.87,13,846.974642
5.79,21,846.981685
3.8,20,847.331279
5.76,24,847.339756
3.8,20,847.346351
1.85,15,847.352163
1.83,17,847.357778
1.85,15,847.363244
13.81,19,847.369849
1.89,11,847.668884
5.81,19,847.675777
1.82,18,847.68185
3.82,18,847.688419
5.75,25,847.697266
1.86,14,847.70238
1.81,19,847.70883
5.81,19,848.087757
1.84,16,848.094366
3.86,14,848.098869
1.87,13,848.103694
5.8,20,848.11022
1.83,17,848.116019
1.84,16,848.121408
1.88,12,848.12606
3.83,17,848.446052
5.78,22,848.45346
3.85,15,848.458225
1.85,15,848.464088
1.89,11,848.467952
3.85,15,848.473279
1.82,18,848.479245
1.78,22,848.816431
3.83,17,848.822293
1.87,13,848.827052
3.8,20,848.834063
3.83,17,848.839696
1.84,16,848.845875
5.83,17,848.851516
3.84,16,848.857584
1.82,18,849.165476
3.84,16,849.171019
1.86,14,849.175735
1.87,13,849.180472
1.85,15,849.185352
3.82,18,849.191745
1.82,18,849.197853
5.77,23,849.205402
3.8,20,849.536589
1.85,15,849.542347
1.83,17,849.54845
3.84,16,849.554399
3.81,19,849.560727
1.8,20,849.567133
3.77,23,849.574319
1.85,15,849.915328
5.75,25,849.9245
5.84,16,849.930422
3.83,17,849.936412
3.83,17,849.942272
3.81,19,849.948737
5.79,21,850.252156
3.76,24,850.260013
1.9,10,850.264163
1.85,15,850.269106
1.84,16,850.27482
1.87,13,850.279136
5.81,19,850.285971
3.83,17,850.292331
1.86,14,850.663544
1.87,13,850.668239
3.8,20,850.675974
5.73,27,850.685749
3.8,20,850.69337
13.73,27,850.702974
3.83,17,850.708628
13.79,21,851.125048
5.79,21,851.132762
3.81,19,851.139575
1.86,14,851.144207
3.79,21,851.151367
5.8,20,851.158406
1.84,16,851.431458
3.86,14,851.436776
13.78,22,851.44401
5.74,26,851.452666
1.8,20,851.45886
5.79,21,851.466033
1.85,15,851.471985
3.78,22,851.887499
3.84,16,851.89334
1.88,12,851.897465
3.81,19,851.903841
1.85,15,851.909837
1.82,18,851.916502
1.85,15,851.922135
1.85,15,851.928407
5.82,18,852.248039
3.84,16,852.253697
1.8,20,852.262741
13.77,23,852.270088
1.84,16,852.275717
3.84,16,852.282627
5.84,16,852.288051
3.87,13,852.64316
3.83,17,852.648737
1.85,15,852.653548
3.79,21,852.660132
3.8,20,852.667081
1.82,18,852.673155
1.85,15,852.678031
1.81,19,852.987513
1.86,14,852.992144
1.88,12,852.996405
5.82,18,853.002735
5.81,19,853.008944
3.85,15,853.014084
3.82,18,853.019841
3.77,23,853.027778
5.85,15,853.370789
5.84,16,853.376784
5.8,20,853.383783
5.8,20,853.391117
1.86,14,853.395886
1.83,17,853.402297
13.76,24,853.410433
3.85,15,853.76798
1.87,13,853.772255
3.8,20,853.779949
1.86,14,853.784726
3.87,13,853.789324
3.84,16,853.794659
3.83,17,853.801091
1.81,19,853.807495
3.8,20,854.160452
3.83,17,854.166443
3.81,19,854.172954
1.8,20,854.179453
5.8,20,854.187339
1.84,16,854.193832
1.81,19,854.199918
3.84,16,854.52804
1.9,10,854.531357
1.81,19,854.537848
1.79,21,854.545019
3.82,18,854.551048
1.83,17,854.556985
5.77,23,854.564941
3.82,18,854.905949
1.85,15,854.910893
5.85,15,854.91688
1.82,18,854.923555
1.83,17,854.92942
3.82,18,854.935216
1.8,20,854.941953
1.84,16,854.94734
1.88,12,855.266566
3.82,18,855.272736
3.76,24,855.28096
1.89,11,855.285585
1.88,12,855.289496
1.85,15,855.294615
1.83,17,855.300254
1.83,17,855.306032
5.83,17,855.6744
3.79,21,855.682614
1.86,14,855.68779
1.82,18,855.694203
3.84,16,855.699623
1.81,19,855.706208
3.82,18,855.711996
1.89,11,856.023302
1.83,17,856.028799
1.83,17,856.03515
1.86,14,856.040189
5.83,17,856.046078
1.87,13,856.050223
3.76,24,856.05871
5.82,18,856.064589
3.83,17,856.431618
1.81,19,856.438334
1.82,18,856.444573
1.81,19,856.451604
1.87,13,856.455852
3.77,23,856.463182
1.78,22,856.471547
3.83,17,856.839519
3.84,16,856.8447
13.76,24,856.85259
1.82,18,856.858314
1.8,20,856.865616
1.86,14,856.870562
1.83,17,856.876741
1.82,18,857.23374
1.83,17,857.239746
3.86,14,857.244574
1.85,15,857.249461
5.84,16,857.255019
3.84,16,857.260117
5.79,21,857.267024
3.86,14,857.271864
1.85,15,857.626291
13.82,18,857.633402
3.85,15,857.638862
1.88,12,857.64395
3.8,20,857.650887
1.82,18,857.657388
3.87,13,857.662294
1.87,13,857.666646
3.78,22,857.99828
1.88,12,858.002907
1.83,17,858.008791
1.81,19,858.015103
3.81,19,858.021858
3.87,13,858.026504
1.82,18,858.032732
3.83,17,858.351919
1.83,17,858.357935
3.79,21,858.365821
1.87,13,858.370356
3.86,14,858.375149
1.83,17,858.380789
3.77,23,858.388482
1.84,16,858.394239
1.86,14,858.756861
1.89,11,858.761368
3.85,15,858.76716
3.85,15,858.772149
3.87,13,858.777022
1.81,19,858.783038
3.76,24,858.790655
5.85,15,858.796053
1.83,17,859.158458
13.77,23,859.166912
1.89,11,859.170826
1.84,16,859.176622
3.81,19,859.182663
13.74,26,859.192312
3.78,22,859.199848
1.85,15,859.542112
1.84,16,859.547893
1.88,12,859.553006
1.86,14,859.557564
1.85,15,859.563338
1.82,18,859.569716
1.86,14,859.574641
3.87,13,859.57906
1.81,19,859.868662
3.84,16,859.873832
1.85,15,859.879616
1.84,16,859.885011
1.82,18,859.890942
3.79,21,859.898117
1.82,18,859.904601
13.81,19,860.212164
13.78,22,860.219408
3.79,21,860.226488
5.82,18,860.232215
1.83,17,860.237669
1.87,13,860.241837
5.85,15,860.247078
13.78,22,860.592102
1.81,19,860.598954
1.85,15,860.604424
5.8,20,860.611565
1.84,16,860.617109
3.77,23,860.625145
3.86,14,860.62992
1.8,20,860.976256
1.87,13,860.980721
1.85,15,860.986017
3.77,23,860.993405
5.79,21,861.000013
1.84,16,861.005602
1.84,16,861.01104
13.73,27,861.372044
3.83,17,861.377571
1.8,20,861.384782
1.82,18,861.391005
1.81,19,861.397585
3.85,15,861.403028
3.87,13,861.407222
3.87,13,861.412172
1.84,16,861.735831
3.87,13,861.740687
1.85,15,861.746323
1.83,17,861.751869
3.84,16,861.757995
1.86,14,861.762716
5.76,24,861.770329
1.84,16,861.776546
1.88,12,862.149674
3.84,16,862.155386
3.83,17,862.161529
3.81,19,862.168336
1.88,12,862.17256
3.86,14,862.177242
3.84,16,862.182374
3.82,18,862.18884
1.81,19,862.489619
3.84,16,862.494753
3.8,20,862.501358
1.88,12,862.505422
1.86,14,862.509922
3.84,16,862.515276
3.81,19,862.522062
1.83,17,862.527608
5.84,16,862.848845
3.86,14,862.854137
3.85,15,862.859465
3.81,19,862.865899
1.78,22,862.873418
1.83,17,862.879297
1.8,20,862.885777
3.82,18,863.209806
1.87,13,863.214055
13.81,19,863.220592
5.81,19,863.2266
1.85,15,863.231289
13.76,24,863.238712
1.89,11,863.242162
1.85,15,863.246811
3.84,16,863.611571
3.88,12,863.615506
3.86,14,863.620139
1.85,15,863.625582
1.8,20,863.632491
1.79,21,863.639815
1.79,21,863.646778
1.86,14,863.964844
1.85,15,863.970369
1.81,19,863.977027
1.88,12,863.98083
1.86,14,863.985877
5.78,22,863.992752
5.82,18,863.999309
3.83,17,864.005632
5.8,20,864.347621
3.83,17,864.35441
1.89,11,864.357997
1.88,12,864.362
1.84,16,864.367801
1.81,19,864.374725
1.85,15,864.380404
1.85,15,864.385758
5.82,18,864.701472
1.87,13,864.705719
1.88,12,864.709925
1.86,14,864.714423
5.84,16,864.720146
3.82,18,864.726513
3.79,21,864.733957
3.78,22,864.741402
13.77,23,865.079335
1.84,16,865.085214
5.85,15,865.090093
3.85,15,865.095514
1.86,14,865.100016
3.86,14,865.105129
1.81,19,865.112036
1.8,20,865.420367
3.87,13,865.424695
5.83,17,865.43086
1.86,14,865.435712
3.84,16,865.441513
5.83,17,865.44726
1.85,15,865.452629
3.78,22,865.460098
1.82,18,865.80437
1.83,17,865.809882
1.89,11,865.814241
3.82,18,865.820473
3.84,16,865.826223
5.8,20,865.833186
1.86,14,865.837677
3.82,18,865.844506
1.88,12,866.168739
3.82,18,866.174603
1.84,16,866.179908
5.8,20,866.186814
3.77,23,866.19452
1.88,12,866.198726
3.84,16,866.204008
3.84,16,866.210744
3.84,16,866.579004
1.87,13,866.583297
1.81,19,866.589662
13.78,22,866.597413
1.86,14,866.60241
1.85,15,866.607774
1.79,21,866.615109
5.81,19,866.959146
1.86,14,866.963749
3.85,15,866.969223
1.87,13,866.973409
1.82,18,866.979324
5.77,23,866.98717
3.84,16,866.992571
1.84,16,866.998218
1.8,20,867.346854
1.85,15,867.351716
13.8,20,867.358075
3.85,15,867.363337
1.84,16,867.369153
1.81,19,867.375513
3.84,16,867.380722
1.84,16,867.712258
3.84,16,867.717774
5.78,22,867.72605
1.85,15,867.73154
1.88,12,867.735713
3.8,20,867.742571
3.87,13,867.746739
1.84,16,867.752398
1.85,15,868.091192
1.88,12,868.09577
1.86,14,868.100651
13.73,27,868.109679
1.86,14,868.114263
3.79,21,868.121463
1.86,14,868.126585
1.88,12,868.131224
1.86,14,868.520316
3.78,22,868.527794
1.86,14,868.532368
1.82,18,868.538075
1.86,14,868.543009
3.77,23,868.550387
1.84,16,868.556024
1.81,19,868.947936
1.87,13,868.962815
5.83,17,868.969105
1.84,16,868.974825
3.86,14,868.97991
3.83,17,868.986436
3.81,19,868.993708
3.88,12,868.998288
13.72,28,869.335009
3.84,16,869.340783
1.85,15,869.34616
1.81,19,869.352922
1.86,14,869.357394
3.82,18,869.363159
3.88,12,869.367015
13.77,23,869.375287
1.84,16,869.715541
1.81,19,869.721575
1.79,21,869.728059
1.87,13,869.732108
13.81,19,869.73797
1.87,13,869.742017
1.87,13,869.746049
1.79,21,870.061027
3.83,17,870.066761
5.79,21,870.074309
1.85,15,870.079885
5.75,25,870.089234
1.86,14,870.094158
1.88,12,870.098606
3.85,15,870.103476
1.82,18,870.444789
5.84,16,870.450698
1.86,14,870.455878
1.84,16,870.461435
5.83,17,870.467214
3.82,18,870.473156
3.85,15,870.477996
1.85,15,870.482692
1.82,18,870.77677
5.83,17,870.782793
5.82,18,870.788884
5.77,23,870.79678
3.81,19,870.80279
5.84,16,870.807872
1.78,22,871.090693
3.87,13,871.094984
1.87,13,871.099746
3.8,20,871.10661
1.83,17,871.112576
3.85,15,871.117364
1.82,18,871.123914
1.85,15,871.130004
1.87,13,871.1344
3.81,19,871.447395
1.83,17,871.453351
1.9,10,871.456661
1.89,11,871.460527
3.82,18,871.466302
5.83,17,871.471615
5.84,16,871.476617
3.81,19,871.482486
5.77,23,871.793541
3.78,22,871.801132
3.86,14,871.805816
3.85,15,871.810606
1.87,13,871.814737
1.8,20,871.822075
1.78,22,871.829591
3.83,17,872.105246
1.88,12,872.109655
3.81,19,872.115801
3.86,14,872.120154
3.82,18,872.125748
13.79,21,872.132213
5.82,18,872.13789
3.82,18,872.459028
1.81,19,872.465295
1.88,12,872.469797
1.85,15,872.474534
1.86,14,872.47893
1.82,18,872.484518
13.79,21,872.491483
3.79,21,872.814345
3.81,19,872.820958
1.86,14,872.825666
3.82,18,872.83154
1.8,20,872.837985
5.83,17,872.843459
5.82,18,872.849185
1.85,15,872.854131
3.85,15,873.159519
3.86,14,873.164003
1.8,20,873.170179
5.79,21,873.176637
1.84,16,873.181603
1.81,19,873.187432
1.88,12,873.191162
3.86,14,873.19548
1.82,18,873.511533
1.86,14,873.516382
3.86,14,873.521518
3.77,23,873.530347
3.82,18,873.536796
1.79,21,873.544336
5.82,18,873.5505
13.8,20,873.892471
3.82,18,873.899063
1.82,18,873.90635
1.83,17,873.912067
1.85,15,873.917073
1.84,16,873.922475
1.87,13,873.926629
5.76,24,874.231122
1.88,12,874.235059
1.82,18,874.241269
1.83,17,874.247156
3.83,17,874.253009
3.77,23,874.260443
1.86,14,874.264934
3.81,19,874.271377
5.84,16,874.616622
3.86,14,874.621957
3.86,14,874.626648
1.83,17,874.632844
3.84,16,874.638028
5.84,16,874.643792
1.84,16,874.64907
5.82,18,874.655342
3.82,18,874.951033
1.83,17,874.957017
3.86,14,874.961484
3.85,15,874.966663
1.85,15,874.971587
1.87,13,874.976315
5.84,16,874.98135
1.84,16,874.986713
3.79,21,875.26251
5.82,18,875.268588
3.8,20,875.275033
1.87,13,875.279265
1.87,13,875.283371
1.85,15,875.288108
1.85,15,875.292809
1.88,12,875.296583
5.85,15,875.602467
3.8,20,875.609322
3.85,15,875.614468
5.84,16,875.620514
13.77,23,875.627915
3.79,21,875.634712
5.8,20,875.641061
1.78,22,875.996585
1.85,15,876.001773
1.78,22,876.008716
3.82,18,876.015157
1.88,12,876.019227
5.76,24,876.027252
5.81,19,876.033987
1.84,16,876.346531
1.89,11,876.350096
3.85,15,876.354833
3.82,18,876.360852
1.88,12,876.365228
5.8,20,876.372435
13.76,24,876.380985
1.89,11,876.385246
1.86,14,876.748267
5.8,20,876.755132
1.8,20,876.761627
5.83,17,876.767017
1.86,14,876.771444
5.78,22,876.778343
3.83,17,876.783723
1.85,15,877.103355
1.78,22,877.111266
3.84,16,877.116404
3.85,15,877.121773
1.89,11,877.125455
3.84,16,877.131177
1.8,20,877.13858
5.8,20,877.482334
3.83,17,877.488563
13.84,16,877.494103
5.82,18,877.500411
5.75,25,877.508448
3.87,13,877.512761
1.85,15,877.517764
3.86,14,877.522374
1.79,21,877.865916
13.8,20,877.872246
3.83,17,877.877496
5.8,20,877.883673
1.85,15,877.888695
5.82,18,877.894437
5.78,22,877.901639
3.84,16,878.220778
5.84,16,878.226005
1.86,14,878.230486
1.84,16,878.235567
1.9,10,878.238767
1.85,15,878.243534
5.82,18,878.249431
1.84,16,878.254714
3.82,18,878.53915
1.79,21,878.546096
1.82,18,878.552089
3.86,14,878.556569
1.84,16,878.561593
1.83,17,878.56693
1.81,19,878.572858
3.84,16,878.875153
1.86,14,878.879936
3.84,16,878.885086
3.82,18,878.890818
3.82,18,878.896527
1.79,21,878.903173
1.83,17,878.908589
3.78,22,878.916092
3.83,17,879.240918
3.85,15,879.246349
3.86,14,879.251474
1.8,20,879.258547
1.83,17,879.26434
1.82,18,879.270621
3.85,15,879.276069
1.83,17,879.57123
3.79,21,879.578086
5.8,20,879.584501
1.82,18,879.590242
1.82,18,879.595962
3.77,23,879.603248
3.87,13,879.607417
3.83,17,879.941355
1.81,19,879.947484
13.77,23,879.955267
3.82,18,879.961313
13.73,27,879.971367
1.85,15,879.976945
1.84,16,879.98252
3.84,16,880.356847
1.83,17,880.362663
1.86,14,880.367175
1.87,13,880.371341
5.78,22,880.378477
1.8,20,880.384689
1.87,13,880.388748
1.82,18,880.713564
1.82,18,880.719535
3.86,14,880.724507
1.88,12,880.728468
1.81,19,880.734488
1.85,15,880.739267
3.79,21,880.745858
3.85,15,880.750918
1.82,18,881.06772
3.86,14,881.072233
1.81,19,881.078156
1.83,17,881.083393
1.84,16,881.088337
1.83,17,881.093571
1.84,16,881.098498
5.78,22,881.105413
1.84,16,881.41903
5.81,19,881.425092
3.82,18,881.43101
3.82,18,881.436774
3.86,14,881.441177
3.84,16,881.446187
1.83,17,881.45148
1.84,16,881.740901
1.83,17,881.746428
3.86,14,881.75087
3.86,14,881.755272
5.84,16,881.760299
3.82,18,881.765934
5.77,23,881.773064
1.88,12,881.776858
5.76,24,882.117886
5.79,21,882.124493
1.87,13,882.128577
13.81,19,882.134459
5.8,20,882.140607
3.77,23,882.147678
5.8,20,882.396818
5.83,17,882.402463
13.77,23,882.409761
3.81,19,882.415793
5.78,22,882.422716
5.79,21,882.429399
1.81,19,882.43618
5.82,18,882.724314
5.8,20,882.730674
1.89,11,882.734154
1.81,19,882.740017
1.81,19,882.745884
1.87,13,882.749936
3.83,17,882.755192
5.8,20,883.051881
3.85,15,883.056748
13.74,26,883.064815
1.88,12,883.068576
3.84,16,883.073525
5.83,17,883.078778
1.87,13,883.082818
3.82,18,883.088383
1.86,14,883.464917
3.82,18,883.471495
13.74,26,883.480229
5.8,20,883.487118
3.81,19,883.493314
5.77,23,883.50052
3.85,15,883.505554
13.82,18,883.793483
5.82,18,883.799168
3.84,16,883.804147
3.82,18,883.809703
1.86,14,883.81405
3.85,15,883.818688
5.79,21,883.82512
1.83,17,884.100253
5.82,18,884.106239
5.77,23,884.114299
1.8,20,884.121453
1.85,15,884.126905
3.82,18,884.133352
1.87,13,884.13768
1.86,14,884.480654
3.86,14,884.486627
13.77,23,884.494341
3.86,14,884.499033
1.84,16,884.504502
1.79,21,884.511794
5.83,17,884.517575
3.82,18,884.523434
1.83,17,884.863371
3.85,15,884.86943
1.83,17,884.874915
1.86,14,884.879937
3.82,18,884.887327
3.85,15,884.892777
1.84,16,884.897875
5.8,20,885.189843
3.83,17,885.195449
3.82,18,885.201924
13.81,19,885.208048
1.85,15,885.213461
1.87,13,885.217739
1.88,12,885.222361
3.82,18,885.228163
1.83,17,885.520666
3.77,23,885.528421
3.85,15,885.533305
1.84,16,885.538523
3.81,19,885.544652
1.8,20,885.551208
1.84,16,885.556329
1.85,15,885.561418
3.84,16,885.898748
1.85,15,885.90379
3.86,14,885.90827
1.86,14,885.912658
3.81,19,885.919071
1.86,14,885.92355
3.83,17,885.929396
3.87,13,885.933676
3.86,14,886.22508
13.8,20,886.231431
5.84,16,886.236418
1.86,14,886.240754
1.85,15,886.245387
1.79,21,886.25235
3.83,17,886.258461
3.85,15,886.264137
1.83,17,886.590797
1.83,17,886.596525
3.81,19,886.602814
1.89,11,886.606414
1.85,15,886.611326
1.8,20,886.617762
3.85,15,886.622571
1.85,15,886.627369
1.84,16,886.947717
3.84,16,886.953187
1.88,12,886.957252
1.84,16,886.962302
13.8,20,886.968895
3.85,15,886.974038
1.86,14,886.978684
1.85,15,886.984255
1.89,11,887.293726
1.87,13,887.297968
3.82,18,887.304316
3.81,19,887.310519
1.83,17,887.316492
1.85,15,887.321872
1.87,13,887.326303
1.87,13,887.330503
1.89,11,887.334177
5.84,16,887.624953
3.8,20,887.631877
3.8,20,887.638175
5.8,20,887.644961
1.84,16,887.650072
1.86,14,887.654537
1.85,15,887.659238
3.87,13,887.970262
1.85,15,887.97551
13.78,22,887.9824
1.82,18,887.988466
13.82,18,887.994357
1.86,14,887.999217
3.83,17,888.005115
1.86,14,888.01041
5.82,18,888.348647
1.84,16,888.35378
3.77,23,888.361909
1.86,14,888.366972
3.8,20,888.3733
1.87,13,888.377803
3.83,17,888.383294
3.83,17,888.708222
3.81,19,888.714493
1.84,16,888.720164
3.78,22,888.727392
3.84,16,888.732768
5.79,21,888.739449
1.85,15,888.745275
3.79,21,889.070417
3.83,17,889.075952
1.86,14,889.081007
1.89,11,889.084815
1.88,12,889.088786
3.82,18,889.09451
1.87,13,889.098898
3.82,18,889.104863
13.79,21,889.112079
5.77,23,889.442258
3.83,17,889.448206
1.84,16,889.453276
1.85,15,889.457949
13.77,23,889.465026
1.84,16,889.469964
5.79,21,889.729975
3.81,19,889.736132
1.82,18,889.741717
1.85,15,889.746431
3.85,15,889.751116
1.83,17,889.756337
3.81,19,889.763764
13.81,19,889.771056
3.77,23,890.026834
1.85,15,890.0316
1.86,14,890.035961
3.87,13,890.040041
5.75,25,890.047746
1.86,14,890.052088
1.84,16,890.057068
3.84,16,890.416227
1.85,15,890.42105
1.88,12,890.424831
1.84,16,890.429834
3.8,20,890.436608
1.88,12,890.440556
1.9,10,890.443793
5.78,22,890.451689
1.89,11,890.455837
5.8,20,890.786934
1.8,20,890.795093
1.81,19,890.801264
3.81,19,890.807322
1.88,12,890.811535
5.8,20,890.818504
3.79,21,890.825447
3.82,18,891.136915
1.86,14,891.141381
3.76,24,891.14876
1.86,14,891.153098
3.77,23,891.160147
5.84,16,891.165074
1.85,15,891.169689
1.88,12,891.522107
1.86,14,891.526826
5.79,21,891.534188
3.81,19,891.540308
1.83,17,891.545816
1.78,22,891.55268
1.85,15,891.55815
3.8,20,891.871419
1.82,18,891.877219
5.81,19,891.883716
1.86,14,891.888209
3.8,20,891.894428
1.86,14,891.898835
1.79,21,891.905455
1.81,19,892.212419
3.85,15,892.217301
3.87,13,892.221391
3.82,18,892.227005
5.84,16,892.231982
3.79,21,892.238481
1.85,15,892.243123
5.79,21,892.249584
1.87,13,892.574396
5.81,19,892.580732
3.82,18,892.586511
3.86,14,892.590912
1.82,18,892.597445
3.8,20,892.60415
5.83,17,892.609779
1.84,16,892.614846
1.85,15,892.911738
3.77,23,892.919169
3.83,17,892.924613
13.8,20,892.93102
5.78,22,892.937986
3.86,14,892.942444
1.83,17,892.947822
3.8,20,893.223311
5.83,17,893.228775
5.77,23,893.235926
3.83,17,893.241235
1.85,15,893.245916
1.86,14,893.250727
1.89,11,893.254406
1.84,16,893.591379
3.82,18,893.597135
13.82,18,893.602753
1.88,12,893.606491
3.87,13,893.610543
1.83,17,893.615787
3.79,21,893.622251
1.87,13,893.626279
1.84,16,893.942085
3.84,16,893.947227
5.82,18,893.952831
1.85,15,893.957474
5.8,20,893.963628
1.88,12,893.96736
1.83,17,893.97259
1.81,19,893.978458
3.79,21,894.282859
3.87,13,894.287033
1.88,12,894.290767
1.86,14,894.295086
13.83,17,894.300342
1.84,16,894.305304
1.84,16,894.310237
3.86,14,894.31457
13.79,21,894.582798
1.89,11,894.58662
1.87,13,894.591129
3.84,16,894.596335
3.76,24,894.604106
3.82,18,894.609962
5.79,21,894.616441
1.84,16,894.958169
1.86,14,894.962845
13.73,27,894.971143
1.85,15,894.976406
3.83,17,894.98223
1.87,13,894.986921
1.82,18,894.993282
1.81,19,894.999576
1.81,19,895.361857
1.85,15,895.366751
1.83,17,895.372161
3.82,18,895.377849
3.82,18,895.383571
5.81,19,895.390094
1.83,17,895.396046
1.79,21,895.707244
1.82,18,895.713743
3.85,15,895.718579
1.83,17,895.723946
3.85,15,895.729133
13.77,23,895.736664
5.79,21,895.743417
1.84,16,896.084281
3.8,20,896.090788
3.81,19,896.096816
1.79,21,896.103755
1.86,14,896.108428
1.9,10,896.111731
1.87,13,896.116806
1.88,12,896.120751
13.79,21,896.439362
3.83,17,896.445805
1.88,12,896.449924
13.76,24,896.458122
1.84,16,896.463597
1.86,14,896.468604
5.79,21,896.476006
1.83,17,896.838679
1.82,18,896.844496
1.83,17,896.850507
1.84,16,896.855654
3.86,14,896.860308
5.8,20,896.866664
1.83,17,896.87263
13.79,21,896.879678
3.76,24,897.212496
1.87,13,897.217098
1.88,12,897.221127
1.87,13,897.225284
3.85,15,897.230836
1.87,13,897.23713
3.82,18,897.243934
1.83,17,897.249678
3.82,18,897.580317
5.79,21,897.587395
1.83,17,897.592792
1.87,13,897.59687
3.78,22,897.604518
1.87,13,897.608758
5.84,16,897.614096
5.81,19,897.945376
5.85,15,897.950199
3.85,15,897.955421
1.88,12,897.959322
1.81,19,897.96521
1.84,16,897.970159
1.88,12,897.973889
3.86,14,897.97822
3.87,13,897.982255
1.8,20,898.282229
1.87,13,898.286529
1.82,18,898.29263
3.84,16,898.2977
1.81,19,898.303635
1.81,19,898.309532
3.84,16,898.314517
1.87,13,898.603194
3.84,16,898.609138
5.76,24,898.617835
3.79,21,898.625253
1.87,13,898.629466
3.85,15,898.634685
1.88,12,898.638587
3.84,16,898.643666
1.84,16,898.987085
1.83,17,898.992506
3.82,18,898.998829
1.85,15,899.003547
5.83,17,899.009284
1.87,13,899.013434
3.82,18,899.019028
1.84,16,899.02398
3.84,16,899.298943
5.85,15,899.303896
1.82,18,899.30954
1.84,16,899.314501
3.79,21,899.321048
1.84,16,899.326014
1.8,20,899.332547
3.8,20,899.640629
1.81,19,899.646734
1.86,14,899.651903
3.79,21,899.659492
5.79,21,899.666725
5.8,20,899.674255
3.81,19,899.680836
3.83,17,900.012707
1.86,14,900.017616
1.84,16,900.023216
5.79,21,900.029946
5.76,24,900.037898
1.86,14,900.042564
3.82,18,900.04823
1.79,21,900.39156
1.88,12,900.395557
1.79,21,900.402454
5.8,20,900.40902
3.83,17,900.414534
1.81,19,900.420574
1.84,16,900.425676
1.79,21,900.729638
3.84,16,900.73473
3.82,18,900.74098
1.82,18,900.746641
1.86,14,900.751003
3.81,19,900.756853
1.87,13,900.76087
1.88,12,900.76482
3.83,17,901.055345
3.86,14,901.059855
3.85,15,901.064545
1.83,17,901.06982
1.87,13,901.073861
3.86,14,901.078197
5.84,16,901.083147
1.87,13,901.087182
1.88,12,901.09092
1.84,16,901.385296
1.83,17,901.39085
5.82,18,901.397247
1.86,14,901.401967
13.79,21,901.408807
1.85,15,901.413683
13.81,19,901.419839
3.81,19,901.732489
3.87,13,901.736725
1.86,14,901.741118
5.83,17,901.746367
1.85,15,901.751015
1.88,12,901.754753
1.88,12,901.758481
3.86,14,901.762809
3.84,16,901.767739
3.84,16,902.038951
1.83,17,902.044375
1.88,12,902.048149
1.87,13,902.052208
1.9,10,902.055361
5.74,26,902.063282
3.82,18,902.068801
1.84,16,902.073754
1.83,17,902.44859
3.84,16,902.454091
1.77,23,902.461349
1.86,14,902.465733
3.84,16,902.470691
1.88,12,902.474446
3.85,15,902.479168
3.82,18,902.484797
1.89,11,902.815111
1.81,19,902.822045
1.88,12,902.826976
1.8,20,902.833913
1.86,14,902.83863
1.84,16,902.844914
3.84,16,902.850283
3.78,22,902.857951
5.81,19,903.191798
1.84,16,903.197024
3.8,20,903.204236
3.85,15,903.209183
3.79,21,903.215885
1.85,15,903.220896
1.78,22,903.227881
5.81,19,903.551655
1.81,19,903.557659
1.86,14,903.562036
1.83,17,903.567301
5.83,17,903.572588
1.89,11,903.576033
1.83,17,903.581304
1.84,16,903.586246
1.81,19,903.875139
1.85,15,903.879962
3.84,16,903.884963
1.84,16,903.88995
3.84,16,903.894926
1.85,15,903.899563
1.83,17,903.90484
3.83,17,903.910113
1.84,16,904.185341
1.88,12,904.189501
1.83,17,904.195236
1.79,21,904.202137
13.84,16,904.207355
5.84,16,904.212934
3.83,17,904.218547
5.82,18,904.529731
1.87,13,904.533995
1.86,14,904.538838
1.85,15,904.543686
1.87,13,904.547781
1.82,18,904.553359
1.85,15,904.558044
1.84,16,904.562996
1.88,12,904.566745
1.83,17,904.846094
13.78,22,904.853582
3.85,15,904.858732
3.82,18,904.86478
3.81,19,904.871034
5.74,26,904.879571
5.81,19,904.885735
3.81,19,905.235517
3.83,17,905.240901
5.84,16,905.2459
5.8,20,905.252086
1.85,15,905.256744
1.88,12,905.260489
3.81,19,905.266358
3.84,16,905.567848
3.86,14,905.572508
1.86,14,905.577021
3.81,19,905.583068
13.71,29,905.592216
1.85,15,905.596991
1.85,15,905.601759
3.86,14,905.60623
1.82,18,906.000665
1.86,14,906.005318
1.83,17,906.010643
3.85,15,906.01532
5.85,15,906.020014
3.86,14,906.024389
1.81,19,906.030252
3.86,14,906.034611
1.81,19,906.323854
1.81,19,906.330426
1.84,16,906.33563
1.85,15,906.340396
1.85,15,906.345078
3.77,23,906.352174
3.82,18,906.357737
1.88,12,906.693688
3.86,14,906.698256
1.83,17,906.704262
3.85,15,906.709142
1.84,16,906.71417
5.8,20,906.720384
3.84,16,906.725362
1.84,16,906.730818
1.88,12,907.02616
5.8,20,907.032656
1.87,13,907.037317
3.8,20,907.043713
1.81,19,907.049623
1.86,14,907.053987
1.87,13,907.058019
1.85,15,907.062658
3.8,20,907.368008
1.88,12,907.3719
3.85,15,907.376595
5.81,19,907.382505
3.84,16,907.387471
5.82,18,907.393028
3.79,21,907.399499
3.85,15,907.404136
1.84,16,907.720138
3.84,16,907.725376
5.84,16,907.730801
3.87,13,907.734892
3.82,18,907.740469
1.87,13,907.744517
3.81,19,907.750351
1.84,16,907.755276
1.85,15,908.049143
1.89,11,908.052917
3.85,15,908.058862
3.84,16,908.064018
13.79,21,908.071096
1.87,13,908.075241
3.85,15,908.079966
1.8,20,908.087449
1.79,21,908.404082
3.82,18,908.410192
3.85,15,908.415063
5.78,22,908.422109
3.87,13,908.426312
3.87,13,908.430479
1.87,13,908.434638
1.85,15,908.439406
1.8,20,908.764162
3.81,19,908.770403
3.85,15,908.77519
1.87,13,908.779279
13.83,17,908.784712
3.83,17,908.79028
3.82,18,908.796037
1.88,12,908.799888
1.86,14,909.090809
3.83,17,909.096875
1.86,14,909.101833
1.85,15,909.106579
1.89,11,909.110123
1.86,14,909.114493
13.81,19,909.120685
1.87,13,909.124795
1.82,18,909.417662
1.84,16,909.422791
1.84,16,909.427756
1.81,19,909.434006
5.78,22,909.441267
1.84,16,909.446871
1.82,18,909.4529
3.83,17,909.774443
3.86,14,909.779077
5.8,20,909.785305
3.83,17,909.790591
3.86,14,909.794933
3.81,19,909.800779
3.8,20,909.806914
3.86,14,909.811236
1.82,18,910.121105
1.85,15,910.125911
1.86,14,910.130313
3.82,18,910.13592
5.83,17,910.141187
3.79,21,910.14796
3.83,17,910.153296
13.78,22,910.463625
3.81,19,910.469878
1.84,16,910.475006
1.89,11,910.478576
1.89,11,910.482142
5.8,20,910.488514
1.85,15,910.493277
3.82,18,910.499003
1.81,19,910.809364
3.83,17,910.814783
3.85,15,910.81949
3.83,17,910.824773
3.83,17,910.830064
1.84,16,910.835036
5.82,18,910.840609
3.85,15,910.845541
1.86,14,911.118928
1.89,11,911.122504
1.87,13,911.126604
13.76,24,911.134015
5.79,21,911.140512
1.82,18,911.146069
5.79,21,911.152671
13.71,29,911.493931
1.82,18,911.499671
13.8,20,911.505861
13.74,26,911.514027
3.85,15,911.518715
5.75,25,911.526379
3.79,21,911.828088
3.78,22,911.835466
5.83,17,911.840911
1.82,18,911.846505
1.84,16,911.851459
3.87,13,911.855556
5.81,19,911.86142
13.77,23,912.1776
3.8,20,912.183927
13.81,19,912.189825
1.78,22,912.19661
1.86,14,912.200957
1.83,17,912.206224
3.83,17,912.211472
3.86,14,912.524376
3.86,14,912.52886
1.82,18,912.535016
3.86,14,912.539542
1.83,17,912.546142
3.82,18,912.552272
1.85,15,912.557325
1.84,16,912.562337
1.84,16,912.838068
1.79,21,912.845039
1.81,19,912.851179
1.86,14,912.855575
1.79,21,912.862149
5.83,17,912.867745
1.83,17,912.873331
1.81,19,913.1908
1.88,12,913.194685
5.8,20,913.200917
3.85,15,913.205569
3.86,14,913.209941
1.89,11,913.213385
3.83,17,913.218627
1.87,13,913.222882
3.84,16,913.227968
5.79,21,913.542003
1.82,18,913.548347
3.84,16,913.553893
1.83,17,913.559238
1.83,17,913.564546
5.83,17,913.569817
1.86,14,913.574171
1.83,17,913.864981
3.83,17,913.870404
1.87,13,913.874494
1.89,11,913.878049
13.81,19,913.884046
3.82,18,913.889635
3.85,15,913.894282
1.84,16,913.899248
1.85,15,914.189184
3.84,16,914.194413
1.88,12,914.198936
3.79,21,914.206073
1.89,11,914.210106
1.88,12,914.213957
3.78,22,914.221177
1.87,13,914.225393
3.82,18,914.231021
1.87,13,914.561167
3.83,17,914.567261
3.85,15,914.572519
1.88,12,914.576937
1.89,11,914.580679
1.83,17,914.586103
5.79,21,914.593097
3.8,20,914.599526
1.88,12,914.91699
3.79,21,914.924126
1.86,14,914.928646
3.82,18,914.934255
1.83,17,914.939538
3.86,14,914.943896
5.79,21,914.950358
1.82,18,915.267383
3.8,20,915.273809
3.8,20,915.280596
5.82,18,915.286296
3.83,17,915.291572
1.81,19,915.297425
1.87,13,915.301473
5.8,20,915.610294
1.87,13,915.614552
1.87,13,915.61911
3.84,16,915.624616
1.82,18,915.630359
3.81,19,915.636724
3.84,16,915.642233
1.89,11,915.645843
5.84,16,915.650852
3.8,20,915.943617
1.82,18,915.95016
5.83,17,915.955866
1.83,17,915.961385
1.8,20,915.967621
13.75,25,915.975343
3.84,16,916.276168
3.81,19,916.28246
1.8,20,916.288844
5.81,19,916.294892
1.83,17,916.300295
5.8,20,916.306645
1.89,11,916.310262
3.82,18,916.31599
1.83,17,916.631141
1.82,18,916.63748
3.85,15,916.64283
1.89,11,916.646787
1.86,14,916.651587
1.83,17,916.657179
5.83,17,916.662663
13.75,25,916.973244
1.83,17,916.97868
1.79,21,916.985751
5.82,18,916.991443
3.86,14,916.995798
1.87,13,916.999846
1.86,14,917.004194
1.83,17,917.009406
5.83,17,917.328031
1.83,17,917.333452
3.87,13,917.337537
1.88,12,917.341292
1.86,14,917.345703
1.8,20,917.351855
3.81,19,917.35819
13.79,21,917.365264
3.83,17,917.68514
3.8,20,917.691392
1.83,17,917.696656
3.83,17,917.70191
1.85,15,917.70652
1.89,11,917.709933
13.77,23,917.717419
5.79,21,918.06869
1.85,15,918.07361
1.78,22,918.080889
1.9,10,918.084189
5.82,18,918.089888
1.84,16,918.095
1.81,19,918.101818
1.86,14,918.106326
3.85,15,918.439303
3.84,16,918.444432
5.77,23,918.451567
1.77,23,918.458698
1.82,18,918.464309
3.79,21,918.470804
1.83,17,918.476081
3.85,15,918.736746
3.83,17,918.7421
1.82,18,918.747648
3.84,16,918.752591
1.82,18,918.758501
1.88,12,918.762477
5.81,19,918.768555
1.87,13,918.772729
1.84,16,919.02809
1.79,21,919.034647
3.82,18,919.04022
1.83,17,919.045472
1.83,17,919.050709
1.89,11,919.054139
13.82,18,919.059674
1.82,18,919.373609
1.83,17,919.379468
1.84,16,919.384783
1.82,18,919.39052
1.83,17,919.396729
1.83,17,919.402348
1.86,14,919.407092
3.77,23,919.705686
1.81,19,919.71178
1.81,19,919.717628
1.82,18,919.723175
1.88,12,919.726893
1.86,14,919.731222
1.8,20,919.737365
3.86,14,919.741703
5.85,15,920.053421
1.82,18,920.059409
3.84,16,920.06443
5.82,18,920.070007
5.79,21,920.076969
5.82,18,920.082837
5.79,21,920.090001
5.83,17,920.405595
1.86,14,920.410136
3.83,17,920.415432
1.87,13,920.419485
13.81,19,920.425358
1.87,13,920.429379
1.86,14,920.433709
1.86,14,920.438041
3.86,14,920.442379
3.78,22,920.737607
3.81,19,920.744631
3.85,15,920.749892
3.88,12,920.754155
1.85,15,920.759033
3.83,17,920.764634
1.82,18,920.770557
3.84,16,921.060568
3.8,20,921.067001
3.81,19,921.072927
1.85,15,921.077569
1.84,16,921.082549
3.84,16,921.087498
1.85,15,921.09215
1.86,14,921.096481
1.87,13,921.3951
3.85,15,921.400087
3.86,14,921.404983
3.81,19,921.411488
3.85,15,921.416266
1.82,18,921.421937
1.87,13,921.426045
1.87,13,921.430118
5.85,15,921.434798
1.86,14,921.728085
3.88,12,921.731944
1.87,13,921.736512
3.79,21,921.743535
1.86,14,921.748966
5.83,17,921.755498
3.82,18,921.761221
3.78,22,921.768655
13.76,24,922.096795
3.86,14,922.101737
3.82,18,922.107456
1.86,14,922.111846
3.81,19,922.117746
5.81,19,922.123654
1.83,17,922.128901
1.86,14,922.45973
1.88,12,922.463616
1.85,15,922.468337
3.87,13,922.472399
1.85,15,922.477076
1.84,16,922.482045
1.81,19,922.487959
1.88,12,922.491721
1.88,12,922.495486
5.8,20,922.786326
1.86,14,922.790787
5.79,21,922.797249
1.81,19,922.803095
3.8,20,922.809255
3.81,19,922.815069
13.8,20,923.069527
1.84,16,923.074884
3.85,15,923.080055
1.83,17,923.085491
3.82,18,923.091115
1.88,12,923.094854
1.85,15,923.099487
1.87,13,923.103507
3.81,19,923.109624
5.77,23,923.40788
3.79,21,923.414852
3.82,18,923.421124
1.84,16,923.426531
3.79,21,923.433174
3.81,19,923.439115
5.81,19,923.695965
1.87,13,923.700269
3.85,15,923.705094
5.8,20,923.711425
3.82,18,923.717154
1.84,16,923.722251
1.85,15,923.72703
13.82,18,923.732752
1.87,13,924.0371
1.86,14,924.041641
5.76,24,924.050126
1.84,16,924.055271
1.9,10,924.058428
13.8,20,924.064645
3.86,14,924.069421
1.85,15,924.074281
1.79,21,924.436587
1.83,17,924.442411
1.85,15,924.447294
1.83,17,924.452598
1.87,13,924.456685
1.9,10,924.459852
1.8,20,924.466
3.84,16,924.470948
3.81,19,924.763907
5.85,15,924.76872
3.84,16,924.774302
5.81,19,924.780284
1.82,18,924.785885
1.83,17,924.791124
1.87,13,924.795148
1.83,17,924.800394
3.84,16,925.094209
13.78,22,925.101167
1.83,17,925.106448
3.81,19,925.112327
1.85,15,925.117125
3.83,17,925.122547
3.77,23,925.129764
3.84,16,925.40584
5.79,21,925.41242
3.8,20,925.418587
3.81,19,925.424452
1.86,14,925.429402
3.82,18,925.435145
1.87,13,925.439533
3.81,19,925.748556
3.78,22,925.755447
3.8,20,925.761583
1.85,15,925.766221
13.8,20,925.77234
1.82,18,925.777857
1.85,15,925.782481
1.85,15,926.102374
3.78,22,926.109513
1.86,14,926.114012
13.73,27,926.122555
1.8,20,926.128874
1.84,16,926.133965
1.89,11,926.137489
5.84,16,926.517207
3.85,15,926.522047
1.87,13,926.526666
3.82,18,926.532375
3.86,14,926.536817
3.82,18,926.542385
3.85,15,926.547054
3.82,18,926.55338
1.88,12,926.834686
1.78,22,926.841702
13.76,24,926.849671
3.84,16,926.85475
1.85,15,926.859425
13.74,26,926.868083
5.83,17,926.873648
1.82,18,927.242501
5.85,15,927.24727
5.74,26,927.25558
1.86,14,927.26
3.81,19,927.265876
3.88,12,927.269625
13.73,27,927.277891
1.85,15,927.648459
1.83,17,927.654028
3.88,12,927.6579
3.77,23,927.665224
3.84,16,927.670363
1.84,16,927.675444
1.86,14,927.679915
1.83,17,927.685302
5.82,18,928.027748
1.83,17,928.033199
3.87,13,928.037288
13.81,19,928.043179
1.85,15,928.047838
1.84,16,928.052797
5.84,16,928.05774
3.83,17,928.343086
13.75,25,928.351004
1.89,11,928.354962
5.78,22,928.361883
3.82,18,928.367485
1.83,17,928.372765
1.87,13,928.376803
1.88,12,928.38053
1.81,19,928.742779
1.79,21,928.750866
3.8,20,928.757403
5.83,17,928.763326
3.77,23,928.771499
3.79,21,928.778672
5.75,25,929.118826
1.78,22,929.126398
13.8,20,929.132918
1.81,19,929.139713
3.84,16,929.14535
1.85,15,929.150298
1.83,17,929.155998
3.78,22,929.48669
3.83,17,929.492105
1.87,13,929.496178
1.88,12,929.499935
1.86,14,929.504303
1.87,13,929.508352
3.84,16,929.513313
1.89,11,929.516744
5.81,19,929.522599
1.82,18,929.812982
1.83,17,929.819024
1.86,14,929.82394
1.86,14,929.829012
1.84,16,929.834347
1.82,18,929.840174
1.88,12,929.843961
3.84,16,929.848957
3.85,15,930.13595
1.83,17,930.141748
1.79,21,930.148475
1.87,13,930.153577
3.83,17,930.159123
3.78,22,930.166808
1.82,18,930.172976
3.82,18,930.501616
1.88,12,930.505754
3.83,17,930.511774
1.85,15,930.516639
1.86,14,930.521452
1.81,19,930.527455
3.84,16,930.532446
1.82,18,930.537963
1.89,11,930.855191
3.84,16,930.860419
1.81,19,930.867528
1.87,13,930.87192
3.77,23,930.879775
1.88,12,930.883988
1.78,22,930.890946
5.83,17,930.896665
1.86,14,931.246721
5.84,16,931.252314
1.81,19,931.258623
3.82,18,931.264723
3.83,17,931.270285
5.77,23,931.278219
1.88,12,931.282237
1.86,14,931.601989
5.81,19,931.608139
3.82,18,931.613744
3.78,22,931.621283
1.8,20,931.628051
3.86,14,931.632557
1.82,18,931.638156
3.79,21,931.963663
1.88,12,931.967561
3.78,22,931.974404
5.81,19,931.980326
5.85,15,931.985012
13.81,19,931.990937
1.84,16,931.995892
3.83,17,932.001167
1.87,13,932.332035
3.84,16,932.337159
3.85,15,932.341856
3.82,18,932.347464
3.84,16,932.352413
3.87,13,932.356463
3.82,18,932.36202
1.85,15,932.366668
3.81,19,932.659905
1.87,13,932.664132
1.87,13,932.668911
1.88,12,932.672761
3.81,19,932.679209
13.83,17,932.684731
5.75,25,932.692711
1.81,19,933.059169
3.79,21,933.066056
3.86,14,933.070744
3.82,18,933.076547
1.79,21,933.083459
3.84,16,933.088473
5.85,15,933.093616
1.87,13,933.097788
1.85,15,933.434437
3.85,15,933.439277
1.84,16,933.445091
3.85,15,933.449911
1.84,16,933.455609
13.81,19,933.462272
1.84,16,933.467604
1.85,15,933.472751
1.85,15,933.7672
1.83,17,933.772588
1.8,20,933.778778
3.83,17,933.784014
1.84,16,933.788979
3.86,14,933.793415
1.88,12,933.797139
1.8,20,933.803299
3.83,17,934.110106
5.79,21,934.117483
1.88,12,934.121382
1.88,12,934.125618
3.78,22,934.132613
3.78,22,934.139912
1.86,14,934.144969
3.81,19,934.472578
3.85,15,934.478008
5.85,15,934.483151
1.83,17,934.488518
1.84,16,934.493496
1.87,13,934.497608
5.81,19,934.503444
1.84,16,934.508383
1.85,15,934.799799
1.84,16,934.804929
5.81,19,934.81091
1.85,15,934.815644
3.84,16,934.820623
3.8,20,934.826861
1.84,16,934.831863
3.8,20,934.83801
3.79,21,935.14677
1.88,12,935.15154
1.82,18,935.15788
3.87,13,935.163291
3.83,17,935.170749
3.87,13,935.175125
3.82,18,935.180829
1.87,13,935.185443
3.8,20,935.493459
5.79,21,935.500275
1.77,23,935.507636
1.83,17,935.513042
1.84,16,935.518093
3.8,20,935.524665
3.85,15,935.5299
3.84,16,935.896996
3.81,19,935.904122
5.84,16,935.910305
3.83,17,935.915824
3.81,19,935.922578
5.8,20,935.929204
3.82,18,935.936372
3.84,16,936.249461
1.85,15,936.255587
1.85,15,936.260526
1.88,12,936.264732
1.88,12,936.268759
1.84,16,936.273928
1.88,12,936.278415
1.82,18,936.284312
1.82,18,936.576537
1.86,14,936.581547
1.86,14,936.586187
3.84,16,936.591285
1.85,15,936.597038
3.86,14,936.603479
5.82,18,936.610319
1.84,16,936.616583
5.81,19,936.9017
1.82,18,936.90817
3.85,15,936.913584
5.85,15,936.918479
3.85,15,936.923199
3.82,18,936.929082
1.86,14,936.933818
3.8,20,936.940194
1.81,19,937.234843
1.86,14,937.239363
1.86,14,937.243756
3.76,24,937.251147
3.82,18,937.256711
3.84,16,937.261664
3.87,13,937.265716
1.86,14,937.270051
3.82,18,937.609114
3.81,19,937.615664
3.88,12,937.619771
5.83,17,937.62537
3.82,18,937.631411
3.85,15,937.636343
1.81,19,937.642717
3.87,13,937.647012
5.76,24,937.943402
1.89,11,937.947578
1.88,12,937.951745
3.85,15,937.956928
1.79,21,937.964272
3.83,17,937.969698
1.88,12,937.973645
3.81,19,937.980198
3.81,19,938.300115
3.85,15,938.305485
5.77,23,938.314066
1.88,12,938.317998
1.81,19,938.324428
1.85,15,938.32982
1.8,20,938.336583
3.83,17,938.662909
3.79,21,938.670346
1.86,14,938.675398
1.83,17,938.681931
1.82,18,938.688337
1.87,13,938.693024
3.84,16,938.698797
3.82,18,938.704633
3.8,20,939.005594
3.82,18,939.011827
1.88,12,939.015704
1.82,18,939.022085
3.87,13,939.027027
3.84,16,939.032475
3.86,14,939.037072
3.83,17,939.042899
13.81,19,939.350049
3.77,23,939.357889
13.79,21,939.365893
3.8,20,939.37376
5.78,22,939.38124
3.83,17,939.386953
1.84,16,939.671998
3.83,17,939.677695
3.78,22,939.68516
3.81,19,939.691421
1.85,15,939.696885
5.76,24,939.704978
5.8,20,939.711372
1.84,16,940.048325
1.86,14,940.053064
3.83,17,940.058938
1.85,15,940.063822
5.77,23,940.071109
1.84,16,940.076101
5.77,23,940.083224
1.81,19,940.418989
5.85,15,940.423807
3.84,16,940.428837
5.79,21,940.43538
3.84,16,940.440413
1.85,15,940.445071
3.87,13,940.449196
1.82,18,940.45478
3.76,24,940.766373
1.79,21,940.773653
3.83,17,940.779133
5.76,24,940.786639
1.89,11,940.790106
3.87,13,940.794194
3.82,18,940.799778
5.81,19,941.158103
5.81,19,941.164722
1.82,18,941.170444
1.78,22,941.177324
1.85,15,941.182014
1.87,13,941.186108
3.83,17,941.19138
1.86,14,941.498366
1.82,18,941.505324
5.78,22,941.512885
1.84,16,941.518802
1.83,17,941.524703
5.82,18,941.530762
1.82,18,941.537186
1.88,12,941.858555
3.85,15,941.863582
1.87,13,941.868144
1.87,13,941.873216
1.77,23,941.881317
1.8,20,941.887986
1.82,18,941.893825
1.82,18,941.899912
1.84,16,942.233679
1.86,14,942.238234
1.85,15,942.243455
3.79,21,942.25017
5.85,15,942.254881
3.81,19,942.260803
1.81,19,942.266758
3.83,17,942.574661
1.81,19,942.581291
3.86,14,942.586406
1.81,19,942.592465
1.86,14,942.597276
3.79,21,942.603907
3.81,19,942.60984
1.82,18,942.615419
1.81,19,942.928965
3.82,18,942.934716
1.87,13,942.939037
3.85,15,942.944315
1.82,18,942.950398
3.84,16,942.955444
1.81,19,942.961365
3.79,21,943.240355
1.88,12,943.24425
1.83,17,943.250106
1.89,11,943.253745
1.86,14,943.258141
3.84,16,943.263109
1.8,20,943.269321
3.84,16,943.274265
13.77,23,943.57796
1.87,13,943.582339
3.85,15,943.587201
1.86,14,943.591709
1.84,16,943.596869
1.9,10,943.600092
1.81,19,943.606117
1.82,18,943.611831
3.85,15,943.898818
1.86,14,943.903768
5.82,18,943.909891
1.85,15,943.914835
3.83,17,943.920531
1.8,20,943.927005
1.81,19,943.9332
13.82,18,943.938811
13.82,18,944.23139
1.86,14,944.235895
1.83,17,944.241218
1.82,18,944.246794
5.85,15,944.251463
3.86,14,944.25589
1.82,18,944.261442
1.85,15,944.266103
1.8,20,944.539802
5.75,25,944.547646
3.83,17,944.552944
3.82,18,944.55858
1.82,18,944.564134
13.79,21,944.571024
1.86,14,944.576078
1.83,17,944.857515
3.85,15,944.862737
1.87,13,944.866948
1.89,11,944.87044
1.81,19,944.876876
5.79,21,944.883828
1.82,18,944.889594
3.84,16,945.149527
1.82,18,945.155357
3.82,18,945.161519
3.85,15,945.166347
3.81,19,945.1723
3.87,13,945.176406
3.84,16,945.181412
5.82,18,945.187011
3.85,15,945.47833
13.83,17,945.483866
3.82,18,945.490162
1.86,14,945.494706
5.83,17,945.500066
13.78,22,945.506936
1.83,17,945.512246
1.81,19,945.826713
1.84,16,945.831931
3.78,22,945.839376
5.85,15,945.844207
1.86,14,945.849569
1.86,14,945.854783
3.8,20,945.861215
3.83,17,945.866635
3.79,21,946.192015
1.88,12,946.195915
1.84,16,946.201626
1.84,16,946.206773
13.83,17,946.212132
5.81,19,946.218079
1.82,18,946.22372
1.86,14,946.228128
1.83,17,946.514686
1.82,18,946.520392
5.75,25,946.528112
1.87,13,946.532175
1.88,12,946.535907
1.85,15,946.540562
1.89,11,946.543998
5.79,21,946.902769
13.76,24,946.910772
5.84,16,946.916058
1.86,14,946.920543
3.8,20,946.926901
1.84,16,946.932703
1.85,15,946.937538
13.77,23,947.288343
1.84,16,947.294168
5.82,18,947.300243
1.85,15,947.305521
1.87,13,947.310047
3.77,23,947.31748
1.82,18,947.32376
3.79,21,947.332238
3.79,21,947.665816
1.86,14,947.670329
3.75,25,947.678046
1.84,16,947.683018
1.86,14,947.687373
3.86,14,947.691742
3.85,15,947.696407
1.86,14,948.006509
1.85,15,948.011399
5.83,17,948.017238
1.83,17,948.022746
5.78,22,948.029722
1.86,14,948.034138
1.85,15,948.038863
1.85,15,948.04356
3.79,21,948.370433
1.79,21,948.389619
1.82,18,948.401321
1.84,16,948.408583
1.87,13,948.414181
1.87,13,948.419727
3.85,15,948.425166
1.89,11,948.42925
3.78,22,948.747377
5.8,20,948.754668
5.84,16,948.759906
1.84,16,948.764962
3.84,16,948.770225
1.84,16,948.775386
3.86,14,948.780346
1.85,15,948.785181
1.87,13,949.081347
1.85,15,949.086482
3.82,18,949.092329
3.85,15,949.097119
1.83,17,949.103585
5.76,24,949.111153
3.82,18,949.117598
1.83,17,949.466438
1.87,13,949.470901
1.86,14,949.475408
1.82,18,949.481096
13.78,22,949.488007
3.84,16,949.493598
3.82,18,949.499405
3.86,14,949.50418
3.82,18,949.818012
1.89,11,949.821589
3.85,15,949.826959
3.79,21,949.833709
3.85,15,949.838442
5.83,17,949.843827
3.83,17,949.849667
1.86,14,949.854261
1.85,15,950.158576
1.82,18,950.164334
3.81,19,950.170872
1.82,18,950.17663
1.83,17,950.181976
1.81,19,950.18792
1.86,14,950.192345
1.86,14,950.196792
1.89,11,950.494244
13.79,21,950.501689
1.86,14,950.506414
1.84,16,950.511552
1.85,15,950.516327
3.81,19,950.522297
13.83,17,950.52775
1.87,13,950.531998
1.87,13,950.844552
1.84,16,950.849707
1.8,20,950.856571
5.83,17,950.862462
3.83,17,950.868071
3.85,15,950.873214
1.83,17,950.879423
13.81,19,951.173738
1.86,14,951.17836
1.86,14,951.182727
1.85,15,951.187375
13.81,19,951.193333
1.87,13,951.197568
5.85,15,951.202609
5.77,23,951.21085
5.79,21,951.533543
3.84,16,951.538816
1.8,20,951.545605
1.88,12,951.549511
5.81,19,951.555899
3.85,15,951.560801
1.86,14,951.565446
3.84,16,951.57067
5.79,21,951.865671
1.85,15,951.870433
13.81,19,951.876944
1.89,11,951.880508
5.8,20,951.886793
1.84,16,951.891849
3.82,18,951.897472
3.82,18,952.189668
1.8,20,952.19625
5.78,22,952.203295
3.79,21,952.209978
3.78,22,952.216994
5.82,18,952.222701
3.84,16,952.227761
1.89,11,952.555912
3.84,16,952.56104
1.85,15,952.566297
1.88,12,952.570239
1.84,16,952.575305
1.84,16,952.580335
3.84,16,952.585947
5.78,22,952.593062
1.87,13,952.917586
3.86,14,952.922154
1.88,12,952.925942
3.86,14,952.930333
13.8,20,952.936499
5.84,16,952.94144
13.79,21,952.94819
5.84,16,952.953796
1.89,11,952.957624
5.81,19,953.274689
3.86,14,953.279858
5.75,25,953.287769
1.84,16,953.293912
3.84,16,953.300912
1.83,17,953.306728
1.85,15,953.312147
13.8,20,953.683451
3.84,16,953.688784
1.87,13,953.693127
3.85,15,953.697984
1.86,14,953.702521
3.84,16,953.707673
3.82,18,953.713391
3.86,14,953.717859
1.88,12,953.993043
5.76,24,954.001301
1.84,16,954.007303
1.85,15,954.012654
1.87,13,954.017216
3.84,16,954.022379
13.78,22,954.029348
1.86,14,954.033807
1.85,15,954.372775
1.87,13,954.376939
1.88,12,954.380729
13.77,23,954.387817
13.78,22,954.394913
1.84,16,954.400006
3.82,18,954.40567
1.85,15,954.410369
1.81,19,954.734873
1.85,15,954.740371
5.8,20,954.747226
3.83,17,954.752962
3.83,17,954.758737
3.8,20,954.765401
5.79,21,955.014995
3.87,13,955.019377
1.83,17,955.025157
3.83,17,955.030706
1.8,20,955.036977
1.84,16,955.041987
5.79,21,955.048555
1.84,16,955.053874
1.86,14,955.366546
5.81,19,955.372599
1.85,15,955.377629
3.85,15,955.382427
13.82,18,955.388096
3.82,18,955.393726
3.83,17,955.399172
5.82,18,955.404796
3.79,21,955.693108
5.83,17,955.698594
1.87,13,955.702704
1.82,18,955.708325
3.83,17,955.713624
1.85,15,955.718313
1.85,15,955.723499
1.86,14,956.011424
1.86,14,956.016596
1.86,14,956.021613
1.86,14,956.026255
5.84,16,956.031757
3.85,15,956.036621
1.85,15,956.041423
1.86,14,956.045822
1.89,11,956.04934
5.84,16,956.306758
3.8,20,956.31327
3.84,16,956.318414
5.83,17,956.323808
5.83,17,956.329158
5.84,16,956.334158
3.87,13,956.338325
1.81,19,956.344414
3.79,21,956.643992
3.8,20,956.650998
3.78,22,956.658402
5.75,25,956.666881
5.79,21,956.674186
3.87,13,956.678799
13.8,20,956.976995
3.83,17,956.982609
1.83,17,956.988038
1.83,17,956.993441
1.89,11,956.996964
1.89,11,957.000502
5.78,22,957.007466
3.84,16,957.012541
5.8,20,957.320328
1.83,17,957.325816
1.85,15,957.331051
13.76,24,957.338616
1.86,14,957.343003
1.83,17,957.348292
1.87,13,957.352335
1.88,12,957.356075
3.85,15,957.683642
1.88,12,957.687493
3.79,21,957.694013
1.83,17,957.699314
1.87,13,957.703359
3.82,18,957.708915
3.83,17,957.714193
1.81,19,957.720066
1.87,13,958.029805
3.84,16,958.035058
1.86,14,958.040114
1.86,14,958.045106
5.79,21,958.052196
1.85,15,958.057214
1.85,15,958.062206
3.8,20,958.068912
3.79,21,958.384609
1.86,14,958.389642
1.8,20,958.396148
1.89,11,958.400985
5.8,20,958.407405
1.8,20,958.417674
1.81,19,958.425355
13.82,18,958.730038
1.88,12,958.73396
5.86,14,958.738926
3.82,18,958.744835
1.81,19,958.751178
13.76,24,958.759166
13.75,25,958.767377
3.81,19,959.135554
1.84,16,959.140689
5.82,18,959.14688
3.84,16,959.152379
1.81,19,959.158631
13.78,22,959.16585
1.83,17,959.171628
3.8,20,959.489424
13.79,21,959.496662
1.82,18,959.502363
1.82,18,959.507976
5.81,19,959.513836
3.75,25,959.521471
3.81,19,959.793567
1.85,15,959.798383
5.76,24,959.806558
3.83,17,959.812131
1.83,17,959.817486
1.87,13,959.821955
1.87,13,959.826253
5.76,24,960.125775
1.79,21,960.133017
13.75,25,960.142151
3.83,17,960.147796
3.83,17,960.153382
1.87,13,960.157937
1.83,17,960.163528
1.88,12,960.167368
3.84,16,960.523548
13.82,18,960.529704
5.79,21,960.536443
1.84,16,960.541464
3.85,15,960.546148
1.82,18,960.552204
1.84,16,960.55736
3.83,17,960.859935
3.78,22,960.867184
3.77,23,960.874852
1.82,18,960.8811
1.85,15,960.886248
3.84,16,960.891479
3.82,18,960.89735
1.82,18,961.244395
1.88,12,961.248318
3.83,17,961.254461
1.87,13,961.25884
3.86,14,961.263404
3.82,18,961.269158
3.86,14,961.273651
1.85,15,961.278425
3.8,20,961.55584
1.83,17,961.561401
1.86,14,961.565815
1.87,13,961.569879
1.86,14,961.57425
1.81,19,961.580161
1.87,13,961.584229
1.86,14,961.588551
3.83,17,961.594387
1.86,14,961.943161
1.84,16,961.949914
3.78,22,961.957824
1.81,19,961.964083
5.83,17,961.974705
1.86,14,961.980224
3.82,18,961.986633
3.86,14,962.316936
1.85,15,962.322408
13.82,18,962.328912
1.79,21,962.336532
13.82,18,962.342898
1.82,18,962.349027
3.79,21,962.356329
3.82,18,962.694565
3.83,17,962.700209
3.81,19,962.70618
3.82,18,962.711841
1.86,14,962.716291
1.85,15,962.721018
3.81,19,962.726931
5.76,24,962.734326
5.82,18,963.082952
1.82,18,963.089759
3.85,15,963.094947
3.82,18,963.101022
3.81,19,963.107664
3.86,14,963.112514
3.84,16,963.117862
5.82,18,963.400511
5.81,19,963.406572
3.86,14,963.410953
3.78,22,963.418072
1.87,13,963.422524
1.84,16,963.428003
1.81,19,963.434237
1.86,14,963.438849
1.85,15,963.756066
1.86,14,963.760617
3.87,13,963.764734
3.85,15,963.769411
3.87,13,963.773479
1.89,11,963.776923
1.85,15,963.781591
3.81,19,963.787442
1.85,15,963.792093
1.84,16,964.079805
1.86,14,964.084301
1.87,13,964.088349
3.83,17,964.093606
1.89,11,964.097048
1.88,12,964.100774
3.85,15,964.105412
1.81,19,964.111249
1.86,14,964.398039
1.85,15,964.403292
5.8,20,964.409803
1.87,13,964.41423
1.8,20,964.420955
5.78,22,964.428175
3.83,17,964.433798
3.77,23,964.755896
5.76,24,964.763613
3.83,17,964.768961
13.8,20,964.775141
1.85,15,964.779797
1.84,16,964.784737
1.87,13,964.78876
3.87,13,964.792794
5.79,21,965.143813
1.84,16,965.149427
1.8,20,965.155915
1.86,14,965.160357
1.87,13,965.164483
1.87,13,965.169211
3.85,15,965.174422
1.79,21,965.183192
1.87,13,965.495334
5.8,20,965.502237
1.86,14,965.506779
1.78,22,965.513599
1.87,13,965.517657
1.81,19,965.523542
5.77,23,965.53065
1.88,12,965.848378
5.82,18,965.8541
1.82,18,965.860225
5.86,14,965.864686
1.8,20,965.870874
1.86,14,965.875263
5.83,17,965.880848
1.88,12,965.884724
1.85,15,966.183226
3.82,18,966.188964
5.76,24,966.196952
5.82,18,966.202644
1.88,12,966.206443
1.77,23,966.213939
13.82,18,966.219775
3.8,20,966.556244
5.81,19,966.562241
3.82,18,966.567823
3.77,23,966.574878
1.88,12,966.579344
1.88,12,966.583276
3.84,16,966.58919
1.86,14,966.594063
3.8,20,966.925967
1.84,16,966.931619
1.84,16,966.937162
1.87,13,966.941527
1.82,18,966.947323
3.79,21,966.954007
3.82,18,966.959811
1.86,14,967.261095
5.84,16,967.266262
5.82,18,967.271972
5.8,20,967.278176
3.8,20,967.284364
5.85,15,967.289048
1.84,16,967.294006
1.84,16,967.29898
3.84,16,967.602849
1.85,15,967.608057
3.85,15,967.612989
1.86,14,967.617385
1.87,13,967.621479
1.87,13,967.625553
3.83,17,967.630879
13.79,21,967.637363
3.83,17,967.935274
3.83,17,967.941563
5.84,16,967.946781
1.86,14,967.95138
5.8,20,967.957647
1.82,18,967.963284
1.85,15,967.968317
1.84,16,967.97353
3.81,19,968.251481
1.79,21,968.258243
1.85,15,968.263005
1.82,18,968.268695
5.78,22,968.275612
1.84,16,968.280684
1.79,21,968.538743
5.77,23,968.546371
3.84,16,968.551693
3.83,17,968.557207
1.85,15,968.561995
5.83,17,968.567371
1.84,16,968.572453
1.83,17,968.577819
1.86,14,968.869543
3.79,21,968.876144
1.86,14,968.880549
5.77,23,968.888707
1.82,18,968.895032
1.86,14,968.899709
3.77,23,968.907642
13.79,21,969.24589
1.86,14,969.250557
1.81,19,969.256556
13.79,21,969.264539
5.78,22,969.27268
3.82,18,969.278495
1.9,10,969.282082
5.78,22,969.735954
1.86,14,969.741955
1.89,11,969.745662
3.87,13,969.749993
3.81,19,969.755963
13.82,18,969.761663
3.84,16,969.766864
3.8,20,969.773351
1.85,15,970.075212
1.84,16,970.080313
1.82,18,970.086375
3.84,16,970.091679
5.84,16,970.0967
3.8,20,970.102881
1.85,15,970.107539
13.8,20,970.404021
1.88,12,970.407913
5.8,20,970.414109
5.8,20,970.420281
1.86,14,970.424609
1.84,16,970.429506
1.79,21,970.435926
1.81,19,970.441719
13.78,22,970.761824
1.85,15,970.766869
1.85,15,970.771748
1.84,16,970.77708
1.82,18,970.783254
3.85,15,970.788088
3.8,20,970.794556
1.85,15,971.113003
1.83,17,971.118397
3.84,16,971.123935
1.89,11,971.127514
1.85,15,971.132234
1.8,20,971.138402
3.84,16,971.14335
1.87,13,971.147376
1.81,19,971.450976
3.87,13,971.455188
1.86,14,971.460189
1.86,14,971.464709
1.8,20,971.470954
1.84,16,971.476398
1.86,14,971.480784
3.79,21,971.487249
1.8,20,971.798596
5.81,19,971.805283
1.83,17,971.811073
3.85,15,971.816011
1.85,15,971.820991
1.84,16,971.826326
1.78,22,971.833357
13.76,24,972.151212
3.83,17,972.156692
1.81,19,972.162692
1.86,14,972.167072
1.87,13,972.171116
1.84,16,972.176045
3.81,19,972.182482
5.8,20,972.475904
1.78,22,972.483149
1.84,16,972.488164
3.85,15,972.492837
1.82,18,972.498386
1.86,14,972.502697
1.81,19,972.508521
3.86,14,972.512861
3.8,20,972.85118
3.85,15,972.855945
3.84,16,972.86209
3.81,19,972.8685
1.86,14,972.873255
1.8,20,972.879644
1.9,10,972.883153
13.84,16,972.888426
1.86,14,973.192088
1.88,12,973.196057
1.78,22,973.203661
1.84,16,973.20891
3.82,18,973.214838
3.84,16,973.220323
1.87,13,973.224527
1.89,11,973.228427
3.81,19,973.551221
3.77,23,973.558947
3.85,15,973.563862
5.82,18,973.569497
1.83,17,973.574898
5.77,23,973.58202
1.82,18,973.587554
3.83,17,973.920366
5.77,23,973.927763
5.81,19,973.934284
1.89,11,973.937912
3.79,21,973.945421
5.77,23,973.95324
1.84,16,973.95834
1.88,12,974.289808
3.82,18,974.295571
5.85,15,974.301165
1.87,13,974.305521
1.88,12,974.30965
3.86,14,974.314122
3.8,20,974.32083
1.88,12,974.32485
1.85,15,974.32984
1.84,16,974.636815
1.84,16,974.642043
1.88,12,974.645812
3.83,17,974.651056
1.87,13,974.655737
1.82,18,974.661516
13.76,24,974.669067
3.86,14,974.673866
13.73,27,975.005656
1.82,18,975.011667
1.85,15,975.016495
1.89,11,975.020054
3.85,15,975.024806
1.84,16,975.029879
1.83,17,975.035734
3.8,20,975.35638
1.86,14,975.360835
3.84,16,975.366231
1.83,17,975.371685
5.81,19,975.37777
13.74,26,975.385978
1.87,13,975.390108
5.79,21,975.727753
5.77,23,975.735901
1.85,15,975.74081
5.85,15,975.746438
3.84,16,975.751726
5.82,18,975.758374
3.82,18,975.76462
1.85,15,975.769525
1.82,18,976.104313
1.85,15,976.110026
5.81,19,976.116308
5.75,25,976.125807
1.86,14,976.130886
13.76,24,976.139191
1.82,18,976.43482
3.8,20,976.441389
3.85,15,976.447132
1.8,20,976.454021
5.84,16,976.459681
1.88,12,976.46359
13.74,26,976.47174
1.84,16,976.850913
1.89,11,976.85497
5.78,22,976.864012
1.85,15,976.869024
5.82,18,976.875707
13.79,21,976.882784
5.85,15,976.888671
5.82,18,976.89524
3.8,20,977.228434
5.77,23,977.236552
1.81,19,977.243389
1.84,16,977.248608
3.82,18,977.254327
3.79,21,977.261238
1.82,18,977.552534
1.88,12,977.556568
1.86,14,977.560965
3.84,16,977.56667
5.75,25,977.574649
3.84,16,977.579737
1.83,17,977.585493
1.81,19,977.591514
1.83,17,977.934364
5.75,25,977.943015
1.84,16,977.948153
1.89,11,977.952342
13.79,21,977.959295
3.85,15,977.964926
3.84,16,977.97134
5.8,20,978.32295
3.88,12,978.326884
1.84,16,978.332425
3.81,19,978.338943
1.83,17,978.344981
1.78,22,978.352523
1.88,12,978.356996
1.83,17,978.363041
1.84,16,978.697615
1.83,17,978.703111
3.85,15,978.708516
3.79,21,978.715734
1.85,15,978.720466
1.79,21,978.72793
5.83,17,978.733546
3.87,13,978.738307
1.78,22,979.059719
5.78,22,979.067156
3.84,16,979.072249
1.86,14,979.076613
3.81,19,979.082487
3.87,13,979.086538
3.86,14,979.09086
3.78,22,979.417263
1.85,15,979.422718
1.83,17,979.428299
3.83,17,979.433629
5.81,19,979.439958
3.83,17,979.445369
1.89,11,979.44919
3.85,15,979.454223
1.89,11,979.743006
1.84,16,979.748243
1.88,12,979.75252
5.83,17,979.757944
3.85,15,979.762631
1.85,15,979.767287
3.84,16,979.772241
1.83,17,979.777463
3.88,12,979.78119
5.8,20,980.048317
3.83,17,980.054204
3.87,13,980.058688
5.81,19,980.065056
1.8,20,980.071295
3.85,15,980.076441
5.8,20,980.083025
1.86,14,980.389074
3.86,14,980.393603
1.86,14,980.398576
1.86,14,980.403074
1.84,16,980.408083
5.82,18,980.413646
3.87,13,980.417704
3.81,19,980.423596
5.74,26,980.719772
3.86,14,980.724395
1.83,17,980.730266
3.87,13,980.734567
3.86,14,980.739422
3.79,21,980.746007
3.8,20,980.752189
1.87,13,980.756244
1.86,14,981.065429
1.87,13,981.070324
1.86,14,981.075412
1.86,14,981.080001
3.77,23,981.087579
1.85,15,981.092602
1.81,19,981.098652
1.83,17,981.104199
3.82,18,981.430927
1.86,14,981.440007
1.9,10,981.444319
3.76,24,981.454225
13.77,23,981.461931
3.82,18,981.467995
1.86,14,981.47253
13.82,18,981.819706
1.86,14,981.824669
1.83,17,981.830776
1.86,14,981.835936
5.82,18,981.84268
3.77,23,981.850606
1.87,13,981.855259
13.83,17,981.861361
1.83,17,982.179652
1.86,14,982.184151
5.83,17,982.191222
13.81,19,982.197823
1.85,15,982.20312
1.85,15,982.20845
1.87,13,982.212996
1.85,15,982.218337
1.86,14,982.56549
1.88,12,982.569598
3.85,15,982.574414
1.86,14,982.57907
1.81,19,982.585031
1.86,14,982.589965
13.77,23,982.599035
1.85,15,982.60571
1.82,18,982.978535
1.86,14,982.983589
1.81,19,982.990544
1.86,14,982.995884
1.83,17,983.001545
1.85,15,983.006612
3.85,15,983.011478
1.83,17,983.017486
1.83,17,983.306135
3.85,15,983.310969
1.9,10,983.314122
1.83,17,983.319449
1.8,20,983.32559
1.79,21,983.332106
1.9,10,983.335228
3.84,16,983.340168
5.8,20,983.646378
5.83,17,983.651735
1.88,12,983.655502
1.85,15,983.66015
3.87,13,983.664216
5.81,19,983.670084
5.82,18,983.675647
1.86,14,983.68
1.88,12,983.965362
3.86,14,983.969954
1.87,13,983.974537
3.83,17,983.979985
1.86,14,983.984379
1.84,16,983.98959
1.84,16,983.994683
1.87,13,983.998801
5.85,15,984.004796
3.8,20,984.280497
1.81,19,984.288822
3.83,17,984.294766
1.83,17,984.300708
3.79,21,984.307341
5.85,15,984.312261
1.85,15,984.317033
3.86,14,984.662427
5.79,21,984.669215
3.79,21,984.676873
1.84,16,984.682397
3.85,15,984.687328
13.8,20,984.694266
1.87,13,984.698382
1.87,13,984.702972
1.84,16,985.012504
1.84,16,985.017596
3.78,22,985.024675
1.85,15,985.02954
13.76,24,985.03716
1.85,15,985.041935
1.84,16,985.046992
3.83,17,985.404111
13.79,21,985.410723
5.73,27,985.419027
3.81,19,985.424886
1.87,13,985.428911
3.87,13,985.43294
1.81,19,985.438751
1.82,18,985.791997
1.83,17,985.797338
3.79,21,985.803777
1.82,18,985.809332
1.84,16,985.814243
1.85,15,985.818853
1.85,15,985.823461
1.88,12,985.827182
3.77,23,986.137818
13.81,19,986.144493
1.87,13,986.148621
3.82,18,986.155183
3.83,17,986.161532
1.86,14,986.166361
3.86,14,986.171075
1.86,14,986.468673
1.83,17,986.474281
3.82,18,986.480672
5.85,15,986.486186
5.73,27,986.495426
5.82,18,986.501966
3.79,21,986.509108
3.87,13,986.894392
1.83,17,986.901057
3.82,18,986.907163
13.75,25,986.916377
1.86,14,986.920896
13.75,25,986.929528
3.83,17,986.935698
3.79,21,987.309942
3.85,15,987.314715
13.76,24,987.322954
3.87,13,987.327155
1.84,16,987.332168
1.89,11,987.335903
1.85,15,987.340687
5.83,17,987.346079
1.87,13,987.676585
1.84,16,987.681703
1.83,17,987.687019
1.8,20,987.693236
1.84,16,987.698215
13.8,20,987.704421
3.85,15,987.709093
1.85,15,987.713748
3.78,22,988.015931
5.8,20,988.022194
1.85,15,988.026834
3.86,14,988.031159
3.86,14,988.035996
13.82,18,988.041827
1.85,15,988.047759
3.82,18,988.368605
5.77,23,988.376067
5.79,21,988.382733
1.9,10,988.38646
5.81,19,988.392976
5.73,27,988.40289
3.83,17,988.409276
1.85,15,988.822643
3.86,14,988.827159
1.86,14,988.832802
3.83,17,988.838883
1.88,12,988.844449
3.87,13,988.848625
3.86,14,988.853713
1.87,13,988.857886
3.84,16,988.863855
1.86,14,989.274033
1.88,12,989.278733
1.88,12,989.282613
5.81,19,989.290078
1.85,15,989.295226
5.83,17,989.301572
1.82,18,989.307759
1.82,18,989.313488
5.79,21,989.608118
1.86,14,989.612714
1.82,18,989.6185
3.8,20,989.625425
1.81,19,989.632165
3.85,15,989.637678
3.82,18,989.643576
3.78,22,989.933804
3.85,15,989.938746
3.88,12,989.943722
5.8,20,989.950778
1.85,15,989.956605
13.78,22,989.964333
1.86,14,989.968815
1.84,16,989.974262
5.84,16,990.310378
1.87,13,990.314579
3.86,14,990.319552
1.8,20,990.326433
1.87,13,990.330573
1.82,18,990.337468
1.84,16,990.342845
3.8,20,990.349798
3.83,17,990.664759
1.89,11,990.669226
3.82,18,990.675096
1.8,20,990.682103
5.8,20,990.689019
1.81,19,990.695219
5.79,21,990.70233
3.83,17,991.018409
1.87,13,991.023316
5.84,16,991.029112
3.82,18,991.035522
1.87,13,991.039678
1.85,15,991.044647
13.84,16,991.049772
3.81,19,991.057223
5.82,18,991.367018
1.88,12,991.37107
5.83,17,991.37735
1.85,15,991.382632
1.82,18,991.388818
3.85,15,991.394466
3.79,21,991.401266
1.83,17,991.733789
1.82,18,991.739839
1.84,16,991.745662
1.82,18,991.751391
3.81,19,991.757379
1.8,20,991.76429
5.84,16,991.770123
1.8,20,991.77714
5.83,17,992.095882
1.81,19,992.10373
1.86,14,992.108292
1.79,21,992.115761
1.85,15,992.120841
1.87,13,992.125353
1.81,19,992.131959
1.88,12,992.44467
3.84,16,992.450676
1.79,21,992.457807
13.74,26,992.468134
3.81,19,992.474773
1.84,16,992.479906
1.83,17,992.485869
3.84,16,992.860149
3.85,15,992.865024
1.9,10,992.868832
5.8,20,992.875396
3.82,18,992.881346
1.81,19,992.887386
5.84,16,992.892407
1.87,13,992.896556
1.86,14,993.20061
3.8,20,993.207079
1.89,11,993.211615
1.86,14,993.216497
5.78,22,993.224093
5.8,20,993.231158
1.84,16,993.236894
1.89,11,993.240874
1.8,20,993.583485
3.79,21,993.591428
5.84,16,993.596621
3.85,15,993.602177
13.83,17,993.608085
1.83,17,993.613984
5.81,19,993.620081
1.81,19,993.95192
1.87,13,993.956351
1.81,19,993.96258
3.86,14,993.967544
3.79,21,993.974676
1.85,15,993.979882
3.79,21,993.986901
13.78,22,994.33349
1.87,13,994.337895
3.83,17,994.344079
1.84,16,994.349787
1.78,22,994.357216
3.85,15,994.362326
1.84,16,994.368789
3.86,14,994.373359
1.87,13,994.378247
3.86,14,994.708851
5.83,17,994.714984
5.75,25,994.723516
3.81,19,994.730751
1.82,18,994.737597
5.83,17,994.743015
1.84,16,994.748569
1.81,19,995.118023
3.82,18,995.124648
1.81,19,995.131356
3.76,24,995.139136
5.8,20,995.145553
1.85,15,995.150281
3.87,13,995.15503
3.76,24,995.552853
3.86,14,995.558391
1.86,14,995.562885
1.81,19,995.56938
3.86,14,995.574159
3.83,17,995.57986
1.86,14,995.584554
1.81,19,995.896476
1.82,18,995.902256
5.77,23,995.910121
1.86,14,995.915322
3.77,23,995.922709
3.85,15,995.928366
1.84,16,995.933751
5.79,21,996.281076
13.78,22,996.288067
3.84,16,996.293058
1.81,19,996.298929
1.88,12,996.302675
1.85,15,996.307331
1.87,13,996.311397
5.81,19,996.317273
1.84,16,996.637
3.81,19,996.643418
3.85,15,996.64877
13.82,18,996.654623
1.84,16,996.659748
5.8,20,996.666101
5.85,15,996.670881
1.85,15,996.67572
1.84,16,996.979077
5.81,19,996.986034
1.81,19,996.992177
1.78,22,996.99974
1.83,17,997.005693
1.87,13,997.010138
13.81,19,997.017705
1.82,18,997.334737
3.84,16,997.339845
5.86,14,997.344204
1.82,18,997.349803
3.86,14,997.354151
1.8,20,997.360342
1.85,15,997.36499
3.82,18,997.650631
1.81,19,997.656705
3.79,21,997.663189
1.82,18,997.668751
3.85,15,997.673382
3.85,15,997.67802
1.86,14,997.682385
5.82,18,997.687934
1.88,12,997.990049
5.85,15,997.994946
1.83,17,998.001071
1.88,12,998.005089
1.83,17,998.010463
1.87,13,998.014748
3.86,14,998.019185
3.84,16,998.024238
3.84,16,998.029361
1.89,11,998.297703
1.85,15,998.302473
1.86,14,998.306823
1.87,13,998.310863
5.84,16,998.315786
1.85,15,998.320394
3.82,18,998.32592
1.84,16,998.330822
1.86,14,998.606063
5.77,23,998.613627
3.86,14,998.618118
3.81,19,998.624151
1.82,18,998.629864
1.85,15,998.63502
1.86,14,998.639796
1.84,16,998.644824
1.83,17,998.974639
3.8,20,998.981429
5.83,17,998.986923
5.79,21,998.993435
1.84,16,998.998364
1.87,13,999.002416
1.84,16,999.007374
1.85,15,999.012036
1.86,14,999.313483
3.85,15,999.318772
1.89,11,999.322434
1.87,13,999.326857
5.81,19,999.333029
1.87,13,999.337182
3.82,18,999.342847
13.76,24,999.350271
3.83,17,999.707482
3.82,18,999.713736
1.84,16,999.718868
13.76,24,999.726641
1.88,12,999.730503
5.81,19,999.736615
1.82,18,999.742189
5.78,22,1000.072467
1.85,15,1000.077774
3.81,19,1000.083967
5.8,20,1000.090824
3.86,14,1000.096359
1.86,14,1000.101461
5.82,18,1000.108111
3.78,22,1000.397142
13.8,20,1000.403461
3.81,19,1000.409369
1.83,17,1000.414606
1.81,19,1000.420461
3.82,18,1000.425986
1.9,10,1000.429112
1.84,16,1000.725541
3.85,15,1000.730517
3.77,23,1000.737688
3.87,13,1000.741782
1.86,14,1000.746162
3.8,20,1000.752331
5.79,21,1000.758826
13.82,18,1000.764379
3.86,14,1001.092476
5.8,20,1001.098808
1.86,14,1001.103184
1.86,14,1001.107589
1.82,18,1001.113149
1.8,20,1001.119338
3.81,19,1001.125218
3.83,17,1001.417805
1.83,17,1001.423254
1.9,10,1001.426407
1.88,12,1001.430156
13.83,17,1001.435455
1.86,14,1001.439826
1.86,14,1001.444154
3.8,20,1001.45033
1.87,13,1001.454355
1.86,14,1001.74656
3.85,15,1001.751375
1.87,13,1001.755462
3.78,22,1001.762227
1.87,13,1001.766258
3.85,15,1001.770876
1.79,21,1001.777317
1.86,14,1001.781628
1.89,11,1002.116114
1.87,13,1002.120945
1.89,11,1002.125222
3.83,17,1002.130955
1.8,20,1002.137395
1.88,12,1002.141264
1.86,14,1002.146082
5.85,15,1002.151572
1.87,13,1002.156265
1.83,17,1002.459512
1.87,13,1002.463751
1.84,16,1002.469409
1.82,18,1002.475185
1.86,14,1002.480064
1.85,15,1002.484927
13.8,20,1002.491218
5.85,15,1002.495943
5.82,18,1002.793736
13.82,18,1002.799713
1.83,17,1002.805485
3.84,16,1002.810484
13.8,20,1002.816689
13.82,18,1002.822265
1.9,10,1002.825393
1.84,16,1002.830345
3.81,19,1003.126902
3.81,19,1003.133068
1.82,18,1003.138775
1.87,13,1003.142944
3.87,13,1003.14713
1.87,13,1003.151293
1.85,15,1003.156045
1.89,11,1003.160268
3.83,17,1003.455633
1.83,17,1003.461698
1.83,17,1003.467778
1.85,15,1003.472944
1.86,14,1003.477704
1.87,13,1003.481887
3.85,15,1003.486747
1.8,20,1003.493319
1.83,17,1003.791409
3.88,12,1003.795344
5.79,21,1003.802559
1.85,15,1003.80747
5.81,19,1003.813747
1.88,12,1003.817596
1.84,16,1003.822669
3.81,19,1003.828807
3.84,16,1004.140098
1.83,17,1004.145947
3.81,19,1004.151997
1.86,14,1004.156436
1.81,19,1004.162823
1.83,17,1004.16819
1.85,15,1004.172847
1.89,11,1004.176276
13.82,18,1004.462203
1.83,17,1004.467582
3.84,16,1004.473158
1.88,12,1004.476991
5.79,21,1004.483504
3.8,20,1004.48968
1.78,22,1004.496438
1.84,16,1004.798147
1.87,13,1004.803658
1.86,14,1004.808067
5.76,24,1004.81546
1.81,19,1004.821296
1.81,19,1004.82824
1.86,14,1004.833517
1.85,15,1004.839148
3.84,16,1005.183602
3.83,17,1005.18982
1.82,18,1005.196041
3.84,16,1005.201794
1.87,13,1005.206001
1.88,12,1005.211554
13.82,18,1005.217334
3.86,14,1005.222483
3.82,18,1005.500287
1.86,14,1005.504772
1.87,13,1005.509321
5.8,20,1005.515614
3.84,16,1005.520887
1.83,17,1005.527181
1.77,23,1005.534733
1.83,17,1005.867038
3.78,22,1005.874255
1.89,11,1005.878011
5.82,18,1005.883831
1.87,13,1005.888452
1.88,12,1005.892395
3.82,18,1005.89861
1.77,23,1005.907059
1.83,17,1006.245416
5.79,21,1006.252459
1.85,15,1006.257395
1.82,18,1006.263055
1.84,16,1006.268179
3.81,19,1006.274095
5.79,21,1006.281616
3.78,22,1006.598035
5.83,17,1006.603909
1.85,15,1006.609006
1.81,19,1006.615196
1.85,15,1006.62006
1.86,14,1006.624461
1.84,16,1006.629441
3.83,17,1006.634734
3.82,18,1006.920199
1.85,15,1006.925548
1.82,18,1006.931505
3.85,15,1006.936791
5.73,27,1006.945556
13.73,27,1006.954219
3.86,14,1007.260917
1.87,13,1007.265346
1.86,14,1007.269919
5.78,22,1007.277692
1.86,14,1007.282429
3.86,14,1007.28712
5.81,19,1007.29309
1.84,16,1007.298336
5.85,15,1007.569932
3.82,18,1007.575875
1.84,16,1007.581006
1.87,13,1007.585171
3.87,13,1007.589619
1.86,14,1007.594248
5.82,18,1007.599992
1.87,13,1007.604142
3.84,16,1007.609241
1.84,16,1007.888863
1.82,18,1007.894577
3.81,19,1007.900472
5.77,23,1007.907569
1.83,17,1007.912819
1.78,22,1007.919606
1.9,10,1007.922752
3.86,14,1008.253201
1.85,15,1008.25805
5.79,21,1008.265193
3.8,20,1008.271768
1.82,18,1008.277715
3.81,19,1008.284111
1.87,13,1008.288352
1.85,15,1008.293342
1.85,15,1008.60121
3.85,15,1008.606
5.81,19,1008.611876
1.8,20,1008.618063
3.79,21,1008.624541
5.83,17,1008.630412
13.79,21,1008.63754
13.76,24,1008.897095
3.76,24,1008.904589
3.84,16,1008.910144
1.83,17,1008.915928
3.83,17,1008.921449
3.87,13,1008.925542
1.79,21,1009.212142
3.87,13,1009.216378
1.87,13,1009.220468
1.83,17,1009.225709
3.82,18,1009.231267
3.8,20,1009.237404
1.84,16,1009.242339
3.84,16,1009.247257
1.87,13,1009.535263
1.83,17,1009.540761
3.78,22,1009.547654
3.81,19,1009.553518
1.87,13,1009.557587
3.78,22,1009.564368
3.83,17,1009.569617
1.79,21,1009.89314
3.79,21,1009.899828
3.8,20,1009.906606
1.82,18,1009.912295
1.87,13,1009.916566
1.82,18,1009.92267
1.85,15,1009.927479
5.75,25,1010.231991
1.83,17,1010.237577
1.85,15,1010.242498
5.8,20,1010.248996
1.82,18,1010.254804
3.78,22,1010.262389
3.85,15,1010.267195
5.83,17,1010.582555
1.83,17,1010.588109
13.82,18,1010.594255
5.77,23,1010.601532
3.81,19,1010.607442
1.86,14,1010.611799
1.87,13,1010.615831
13.75,25,1010.941409
1.87,13,1010.945738
5.8,20,1010.952164
5.82,18,1010.957911
3.82,18,1010.963672
1.88,12,1010.967532
1.87,13,1010.971698
1.84,16,1010.976822
1.84,16,1011.278728
1.81,19,1011.284951
3.83,17,1011.290832
1.83,17,1011.296228
3.81,19,1011.302183
3.84,16,1011.307177
1.86,14,1011.311547
1.84,16,1011.31651
5.75,25,1011.609947
3.77,23,1011.617792
1.79,21,1011.624396
13.81,19,1011.63027
1.82,18,1011.63587
1.88,12,1011.639622
5.8,20,1011.899454
5.82,18,1011.905825
3.85,15,1011.910738
1.88,12,1011.916476
5.78,22,1011.925306
3.85,15,1011.930016
3.77,23,1011.93712
5.78,22,1012.226819
1.78,22,1012.234344
3.84,16,1012.239557
3.85,15,1012.244529
1.81,19,1012.250574
13.8,20,1012.256904
3.8,20,1012.263352
3.82,18,1012.58028
1.89,11,1012.583939
5.8,20,1012.590686
3.82,18,1012.596414
3.86,14,1012.600825
1.89,11,1012.604266
1.83,17,1012.609808
1.88,12,1012.613746
1.87,13,1012.617975
1.83,17,1012.913881
1.86,14,1012.918415
1.85,15,1012.923597
1.8,20,1012.929915
3.84,16,1012.934909
1.87,13,1012.938966
13.77,23,1012.946348
1.83,17,1012.951987
3.81,19,1013.285408
1.83,17,1013.291319
1.85,15,1013.296122
5.75,25,1013.30386
1.82,18,1013.309478
3.79,21,1013.315969
1.84,16,1013.600467
1.86,14,1013.605173
5.79,21,1013.61211
1.8,20,1013.618449
1.83,17,1013.623751
5.8,20,1013.629924
1.84,16,1013.634924
3.87,13,1013.638994
3.77,23,1013.947815
3.81,19,1013.953874
1.86,14,1013.958258
13.79,21,1013.965149
1.89,11,1013.968785
13.81,19,1013.975369
1.89,11,1013.979235
1.82,18,1014.277921
1.84,16,1014.283192
5.78,22,1014.2908
3.83,17,1014.296537
1.85,15,1014.302111
1.89,11,1014.305775
3.83,17,1014.311355
3.84,16,1014.316402
1.86,14,1014.636118
5.78,22,1014.643195
3.84,16,1014.648337
1.84,16,1014.653839
13.78,22,1014.66081
1.84,16,1014.665798
3.81,19,1014.671658
3.85,15,1014.676304
13.78,22,1014.996438
1.85,15,1015.002103
3.79,21,1015.00986
1.82,18,1015.015696
5.8,20,1015.02248
3.82,18,1015.028237
1.89,11,1015.032214
1.8,20,1015.362619
1.87,13,1015.367317
1.85,15,1015.372224
3.82,18,1015.377924
13.77,23,1015.384999
1.9,10,1015.388345
1.83,17,1015.394129
3.84,16,1015.746643
3.82,18,1015.75253
1.87,13,1015.757281
1.86,14,1015.762318
1.85,15,1015.767517
3.8,20,1015.77438
3.79,21,1015.782161
1.86,14,1015.787199
3.84,16,1016.121018
1.8,20,1016.127423
1.87,13,1016.132397
1.87,13,1016.136932
3.8,20,1016.144212
3.8,20,1016.151361
1.83,17,1016.157189
5.82,18,1016.163349
3.86,14,1016.475873
3.87,13,1016.480419
1.82,18,1016.486079
3.83,17,1016.491378
1.88,12,1016.495127
5.73,27,1016.503932
1.84,16,1016.509159
3.88,12,1016.513593
1.82,18,1016.884731
3.83,17,1016.890502
3.82,18,1016.896316
1.87,13,1016.90056
1.89,11,1016.904504
1.89,11,1016.908209
5.77,23,1016.915454
5.74,26,1017.242307
1.88,12,1017.246189
5.78,22,1017.253012
3.82,18,1017.258586
1.84,16,1017.26391
5.85,15,1017.268716
1.87,13,1017.272884
3.79,21,1017.279361
3.85,15,1017.603559
1.86,14,1017.608103
1.89,11,1017.612083
5.85,15,1017.616881
1.87,13,1017.621016
1.84,16,1017.625987
1.87,13,1017.630064
3.85,15,1017.63472
3.77,23,1017.940088
1.8,20,1017.94701
3.82,18,1017.953644
3.85,15,1017.958495
3.81,19,1017.964818
1.87,13,1017.968955
1.86,14,1017.973878
1.85,15,1017.978937
1.89,11,1017.982875
1.81,19,1018.282158
1.81,19,1018.288853
1.86,14,1018.293787
3.86,14,1018.298504
1.87,13,1018.302747
1.84,16,1018.307809
1.84,16,1018.312806
3.82,18,1018.594925
1.87,13,1018.599551
1.88,12,1018.603428
3.83,17,1018.608977
5.8,20,1018.615388
3.79,21,1018.622184
1.86,14,1018.626679
1.77,23,1018.633926
1.88,12,1018.963896
1.85,15,1018.97042
5.84,16,1018.976208
1.83,17,1018.981623
1.88,12,1018.985406
5.81,19,1018.991291
1.84,16,1018.996252
5.83,17,1019.001522
1.82,18,1019.296169
1.82,18,1019.301886
13.81,19,1019.308064
3.82,18,1019.313651
1.85,15,1019.318317
1.86,14,1019.322677
1.84,16,1019.327611
1.82,18,1019.333121
5.83,17,1019.61596
1.84,16,1019.621069
1.84,16,1019.626022
1.88,12,1019.629777
3.85,15,1019.634502
1.88,12,1019.638239
1.84,16,1019.643196
1.86,14,1019.647554
1.85,15,1019.903045
1.86,14,1019.90781
3.83,17,1019.913147
3.83,17,1019.918452
1.84,16,1019.923447
5.83,17,1019.929266
1.86,14,1019.933814
1.9,10,1019.937546
3.83,17,1019.942925
1.88,12,1020.210581
5.83,17,1020.215999
3.85,15,1020.22067
5.83,17,1020.225955
1.8,20,1020.232074
3.75,25,1020.240208
13.8,20,1020.246654
1.82,18,1020.601457
1.89,11,1020.605043
5.83,17,1020.610876
3.86,14,1020.615365
3.78,22,1020.622203
1.86,14,1020.626557
1.9,10,1020.629705
1.89,11,1020.633154
5.83,17,1020.638401
1.84,16,1020.965215
1.82,18,1020.971449
1.86,14,1020.975976
5.81,19,1020.982714
3.85,15,1020.987544
3.85,15,1020.992706
3.83,17,1020.998124
1.88,12,1021.001947
5.85,15,1021.293313
1.86,14,1021.298259
5.74,26,1021.306725
5.81,19,1021.313012
5.82,18,1021.318696
3.85,15,1021.32337
13.83,17,1021.328648
1.84,16,1021.691462
3.81,19,1021.697938
3.85,15,1021.702904
3.82,18,1021.708537
3.79,21,1021.715038
3.86,14,1021.719394
1.88,12,1021.723179
1.83,17,1021.72876
3.82,18,1022.047624
1.87,13,1022.052236
1.89,11,1022.055974
3.85,15,1022.060742
3.84,16,1022.066198
5.78,22,1022.07344
1.85,15,1022.078232
1.88,12,1022.082006
1.83,17,1022.403909
1.84,16,1022.409218
1.83,17,1022.415274
1.88,12,1022.419134
1.82,18,1022.425237
1.85,15,1022.430217
1.84,16,1022.435811
3.8,20,1022.442413
1.84,16,1022.745546
1.84,16,1022.750691
3.82,18,1022.757068
1.79,21,1022.76438
5.75,25,1022.773417
3.83,17,1022.778951
3.84,16,1022.784355
1.84,16,1023.141229
3.81,19,1023.14753
1.84,16,1023.153358
13.81,19,1023.159533
5.85,15,1023.164623
3.85,15,1023.169926
3.85,15,1023.175112
1.85,15,1023.180753
3.8,20,1023.478771
3.87,13,1023.484139
3.82,18,1023.489852
3.85,15,1023.495192
3.82,18,1023.501212
13.79,21,1023.508358
3.85,15,1023.513096
1.79,21,1023.950774
3.83,17,1023.956983
1.86,14,1023.961742
1.83,17,1023.967886
1.86,14,1023.972923
3.78,22,1023.98016
1.87,13,1023.984362
1.82,18,1023.99003
1.81,19,1024.336306
3.8,20,1024.343567
1.88,12,1024.347494
1.85,15,1024.353011
1.89,11,1024.356584
3.83,17,1024.362498
5.84,16,1024.367623
1.86,14,1024.372776
1.78,22,1024.680933
1.88,12,1024.684784
1.86,14,1024.689144
1.84,16,1024.694097
1.85,15,1024.698731
3.87,13,1024.702783
1.84,16,1024.707694
13.75,25,1024.715375
3.77,23,1025.05926
1.89,11,1025.063294
3.81,19,1025.069332
1.81,19,1025.075281
5.74,26,1025.083349
1.86,14,1025.088038
1.85,15,1025.092809
3.8,20,1025.459962
1.89,11,1025.463583
3.82,18,1025.469224
1.81,19,1025.475087
1.84,16,1025.480103
3.83,17,1025.485392
1.86,14,1025.489793
1.86,14,1025.49414
3.81,19,1025.796642
1.87,13,1025.800991
1.8,20,1025.807639
1.87,13,1025.811844
3.82,18,1025.817524
1.85,15,1025.822405
1.84,16,1025.827609
1.87,13,1025.831796
1.86,14,1026.125069
1.86,14,1026.129552
1.82,18,1026.136596
3.88,12,1026.140768
3.83,17,1026.146716
3.8,20,1026.153629
1.84,16,1026.158675
1.86,14,1026.163534
1.82,18,1026.465955
13.83,17,1026.471798
5.82,18,1026.477621
3.82,18,1026.483258
5.79,21,1026.489745
5.75,25,1026.497425
3.8,20,1026.792856
1.83,17,1026.7984
1.86,14,1026.803802
1.89,11,1026.808207
3.82,18,1026.814764
1.82,18,1026.821783
1.81,19,1026.828478
5.81,19,1026.835215
1.86,14,1027.139733
1.82,18,1027.145666
13.81,19,1027.1523
1.78,22,1027.16001
1.86,14,1027.164757
1.8,20,1027.171649
3.85,15,1027.176619
1.82,18,1027.515429
1.81,19,1027.522198
3.83,17,1027.528675
5.81,19,1027.535
1.89,11,1027.538537
1.84,16,1027.544304
1.89,11,1027.548616
5.77,23,1027.556993
3.87,13,1027.899513
3.83,17,1027.905084
1.87,13,1027.910017
1.86,14,1027.914482
3.82,18,1027.920624
3.86,14,1027.925023
1.86,14,1027.930069
13.76,24,1027.938116
3.82,18,1028.311445
1.87,13,1028.31572
1.84,16,1028.321528
13.76,24,1028.33023
1.79,21,1028.337196
5.8,20,1028.344932
3.82,18,1028.351266
3.84,16,1028.709697
13.82,18,1028.715705
5.83,17,1028.722037
3.76,24,1028.730842
1.81,19,1028.73793
3.86,14,1028.74326
3.79,21,1028.751565
3.82,18,1029.097067
1.84,16,1029.102427
1.82,18,1029.109168
3.86,14,1029.113774
5.82,18,1029.120062
3.77,23,1029.127991
1.83,17,1029.133784
3.84,16,1029.484156
1.81,19,1029.490268
3.82,18,1029.496579
5.82,18,1029.50249
3.85,15,1029.507592
3.85,15,1029.512703
1.87,13,1029.516918
1.88,12,1029.520895
1.83,17,1029.809402
5.77,23,1029.816678
3.81,19,1029.822547
1.86,14,1029.826899
3.8,20,1029.833064
3.87,13,1029.837117
1.85,15,1029.84177
3.86,14,1029.846143
1.8,20,1030.174731
1.81,19,1030.180671
1.84,16,1030.185611
1.89,11,1030.189028
1.84,16,1030.193953
1.84,16,1030.198866
5.83,17,1030.204108
1.85,15,1030.209409
1.84,16,1030.493262
3.82,18,1030.498935
1.84,16,1030.503914
3.79,21,1030.51035
5.85,15,1030.515007
1.84,16,1030.519965
1.82,18,1030.525485
5.77,23,1030.829634
3.86,14,1030.834111
3.84,16,1030.83973
5.83,17,1030.845589
3.78,22,1030.852622
1.81,19,1030.858657
3.85,15,1030.863902
1.82,18,1031.175425
1.85,15,1031.180355
1.86,14,1031.185009
1.88,12,1031.189059
3.81,19,1031.195396
3.85,15,1031.200121
1.88,12,1031.203913
3.84,16,1031.209139
1.83,17,1031.214516
5.81,19,1031.512118
1.89,11,1031.515672
3.83,17,1031.521949
1.83,17,1031.528012
1.86,14,1031.532689
3.85,15,1031.53786
1.84,16,1031.543157
1.83,17,1031.548576
3.85,15,1031.819236
3.84,16,1031.824459
3.78,22,1031.832105
1.86,14,1031.837391
3.81,19,1031.843677
3.83,17,1031.849695
5.83,17,1031.855484
3.78,22,1032.181786
1.83,17,1032.187215
1.86,14,1032.192832
1.87,13,1032.197047
3.87,13,1032.201868
3.8,20,1032.208475
1.81,19,1032.214536
3.8,20,1032.221728
1.82,18,1032.539957
5.83,17,1032.546062
3.82,18,1032.55216
3.84,16,1032.5573
3.79,21,1032.564054
13.77,23,1032.57121
1.85,15,1032.575874
3.84,16,1032.909291
1.85,15,1032.914426
1.84,16,1032.919567
1.86,14,1032.924728
1.81,19,1032.9311
1.86,14,1032.936095
1.8,20,1032.942539
3.85,15,1032.947742
1.81,19,1033.265504
1.84,16,1033.271642
3.87,13,1033.276238
1.84,16,1033.28178
5.83,17,1033.28741
1.77,23,1033.29499
1.85,15,1033.29994
1.87,13,1033.623682
1.88,12,1033.628103
3.82,18,1033.634944
3.82,18,1033.64089
3.86,14,1033.64593
3.78,22,1033.653675
3.77,23,1033.661501
1.83,17,1033.667315
5.85,15,1033.995533
1.8,20,1034.002393
13.77,23,1034.009673
5.82,18,1034.015279
1.8,20,1034.021475
3.79,21,1034.027912
1.85,15,1034.296674
3.83,17,1034.302164
5.79,21,1034.308723
3.79,21,1034.315411
3.82,18,1034.321268
1.86,14,1034.32578
1.81,19,1034.331773
1.83,17,1034.64023
1.83,17,1034.645777
5.82,18,1034.651905
5.81,19,1034.657968
1.84,16,1034.662955
1.86,14,1034.667629
3.83,17,1034.673733
1.9,10,1034.676919
1.87,13,1034.680968
1.83,17,1034.971413
1.77,23,1034.97919
1.8,20,1034.985483
3.83,17,1034.990767
1.82,18,1034.996314
1.87,13,1035.000345
1.83,17,1035.005574
1.88,12,1035.322327
5.76,24,1035.329957
1.8,20,1035.336216
5.77,23,1035.34337
1.82,18,1035.348957
1.84,16,1035.353959
3.83,17,1035.359239
1.87,13,1035.690151
1.81,19,1035.696337
13.78,22,1035.703346
1.83,17,1035.708719
3.82,18,1035.714407
3.83,17,1035.719791
1.83,17,1035.725182
1.83,17,1036.037912
5.8,20,1036.044539
1.84,16,1036.049939
1.84,16,1036.054947
5.75,25,1036.062646
1.85,15,1036.067293
3.84,16,1036.072225
1.88,12,1036.076087
3.78,22,1036.420988
5.8,20,1036.427829
3.79,21,1036.434422
1.81,19,1036.440284
3.82,18,1036.445869
3.86,14,1036.450216
3.8,20,1036.716273
1.84,16,1036.721392
1.8,20,1036.728153
1.87,13,1036.732314
1.86,14,1036.736722
1.86,14,1036.741071
1.87,13,1036.745165
1.87,13,1036.749184
3.8,20,1037.045822
1.77,23,1037.053163
1.85,15,1037.057838
1.88,12,1037.061603
1.9,10,1037.06475
1.81,19,1037.070598
3.76,24,1037.077953
1.81,19,1037.083762
3.84,16,1037.42375
1.88,12,1037.427657
1.85,15,1037.432377
1.87,13,1037.436453
13.76,24,1037.443873
5.74,26,1037.452023
3.82,18,1037.457909
5.75,25,1037.820636
3.85,15,1037.825432
5.84,16,1037.830492
1.82,18,1037.836062
1.85,15,1037.84072
1.83,17,1037.845966
1.86,14,1037.850317
3.85,15,1037.854968
1.8,20,1038.131274
1.87,13,1038.135441
1.81,19,1038.141406
1.87,13,1038.145494
1.87,13,1038.149567
3.81,19,1038.155438
13.8,20,1038.162036
1.88,12,1038.166457
3.76,24,1038.484265
3.86,14,1038.488838
1.78,22,1038.495937
3.84,16,1038.501952
1.82,18,1038.508092
3.83,17,1038.51371
5.8,20,1038.790223
13.79,21,1038.79696
3.79,21,1038.804244
3.85,15,1038.809581
1.87,13,1038.814225
1.84,16,1038.819607
3.85,15,1038.825166
1.81,19,1038.831504
3.84,16,1039.157861
3.81,19,1039.164667
5.78,22,1039.171942
1.88,12,1039.176269
1.78,22,1039.183407
3.81,19,1039.190263
1.81,19,1039.196716
3.77,23,1039.537366
5.8,20,1039.544279
1.86,14,1039.548774
3.83,17,1039.554823
1.87,13,1039.559285
1.83,17,1039.565549
1.78,22,1039.572843
3.86,14,1039.899209
5.74,26,1039.908231
1.84,16,1039.913485
3.81,19,1039.920429
1.8,20,1039.927421
1.84,16,1039.932582
1.89,11,1039.936266
3.83,17,1040.317532
1.87,13,1040.322156
3.77,23,1040.33004
3.83,17,1040.336257
1.86,14,1040.341307
3.85,15,1040.346778
1.79,21,1040.353688
1.86,14,1040.358666
1.8,20,1040.701607
3.86,14,1040.706235
1.88,12,1040.710284
1.79,21,1040.717168
5.81,19,1040.723969
1.87,13,1040.72851
1.87,13,1040.733048
1.8,20,1040.739412
3.83,17,1041.058013
1.82,18,1041.064417
1.88,12,1041.068446
3.83,17,1041.074505
1.88,12,1041.078714
1.83,17,1041.08472
1.78,22,1041.091994
1.83,17,1041.433064
5.83,17,1041.438944
5.82,18,1041.445354
3.81,19,1041.451667
1.85,15,1041.457978
3.83,17,1041.46492
3.79,21,1041.471706
3.78,22,1041.799621
3.88,12,1041.804888
1.8,20,1041.812248
3.83,17,1041.818285
1.84,16,1041.824074
3.79,21,1041.831212
5.77,23,1041.838675
1.88,12,1041.843331
1.87,13,1042.185445
1.82,18,1042.19145
1.83,17,1042.197355
1.85,15,1042.202334
3.81,19,1042.208582
1.83,17,1042.21431
1.8,20,1042.221349
3.84,16,1042.519174
5.85,15,1042.524557
1.86,14,1042.529719
1.84,16,1042.535177
1.84,16,1042.540523
5.8,20,1042.546782
3.83,17,1042.552647
1.84,16,1042.557726
1.82,18,1042.860525
1.86,14,1042.865083
1.82,18,1042.871334
1.86,14,1042.87584
1.86,14,1042.880305
1.85,15,1042.884983
1.88,12,1042.888808
5.81,19,1042.895219
1.84,16,1042.900773
1.87,13,1043.191577
1.81,19,1043.197802
3.81,19,1043.204147
3.84,16,1043.209268
5.8,20,1043.215476
1.87,13,1043.219538
1.81,19,1043.225495
3.84,16,1043.525587
1.83,17,1043.531072
3.87,13,1043.535728
1.86,14,1043.540204
1.82,18,1043.545804
3.79,21,1043.55231
3.86,14,1043.556719
3.82,18,1043.562296
3.82,18,1043.871012
1.87,13,1043.875168
1.85,15,1043.879856
13.74,26,1043.887866
1.9,10,1043.890994
5.82,18,1043.896541
1.9,10,1043.899667
1.84,16,1043.904583
1.88,12,1044.258021
1.81,19,1044.264723
1.85,15,1044.270081
3.87,13,1044.274267
5.82,18,1044.280173
1.8,20,1044.287796
1.85,15,1044.292881
1.87,13,1044.297089
3.84,16,1044.603387
1.85,15,1044.608396
1.85,15,1044.614298
5.84,16,1044.619531
5.84,16,1044.625148
3.85,15,1044.629955
1.87,13,1044.635225
1.85,15,1044.640062
1.79,21,1044.931293
1.87,13,1044.936043
1.85,15,1044.941385
1.87,13,1044.94573
1.86,14,1044.950618
1.83,17,1044.95633
1.87,13,1044.96101
5.79,21,1044.967894
1.85,15,1044.972776
1.89,11,1045.278506
1.87,13,1045.282738
3.79,21,1045.289284
1.81,19,1045.295207
1.84,16,1045.30019
1.85,15,1045.304869
1.84,16,1045.309838
3.86,14,1045.314203
1.8,20,1045.650288
1.82,18,1045.656442
3.81,19,1045.662849
1.82,18,1045.668506
1.89,11,1045.672009
3.83,17,1045.677294
5.75,25,1045.685767
1.83,17,1046.035253
5.84,16,1046.040412
5.82,18,1046.046051
1.86,14,1046.050459
1.84,16,1046.056171
13.75,25,1046.064065
3.85,15,1046.068775
5.8,20,1046.41398
3.8,20,1046.421273
5.84,16,1046.42666
1.87,13,1046.430996
3.86,14,1046.435821
3.83,17,1046.441527
1.87,13,1046.445722
1.83,17,1046.451611
5.79,21,1046.754134
13.8,20,1046.760695
5.82,18,1046.766914
3.83,17,1046.772488
5.74,26,1046.781127
1.85,15,1046.786293
1.87,13,1046.790496
3.82,18,1047.168293
1.86,14,1047.172788
1.8,20,1047.179555
1.83,17,1047.18492
5.8,20,1047.191117
1.84,16,1047.196059
1.8,20,1047.202216
13.77,23,1047.5014
1.89,11,1047.505099
5.81,19,1047.51162
1.85,15,1047.516383
3.85,15,1047.52178
3.8,20,1047.528479
1.83,17,1047.533836
1.84,16,1047.538842
5.79,21,1047.841915
1.83,17,1047.847869
3.85,15,1047.852747
1.84,16,1047.857769
1.87,13,1047.861824
1.89,11,1047.865283
1.82,18,1047.870863
3.81,19,1047.876747
1.88,12,1048.16013
1.83,17,1048.165612
5.85,15,1048.170833
3.85,15,1048.175955
3.8,20,1048.182967
3.86,14,1048.187686
1.79,21,1048.194578
1.84,16,1048.200226
13.8,20,1048.516694
1.86,14,1048.521731
5.84,16,1048.526899
1.83,17,1048.532274
3.79,21,1048.539142
1.82,18,1048.545165
5.8,20,1048.551668
3.81,19,1048.850653
3.85,15,1048.855512
3.84,16,1048.860516
3.87,13,1048.8646
3.83,17,1048.869849
3.86,14,1048.874259
5.78,22,1048.88103
1.83,17,1049.246525
3.8,20,1049.254771
1.86,14,1049.259786
3.85,15,1049.265608
1.83,17,1049.272691
13.82,18,1049.278736
5.8,20,1049.285803
1.86,14,1049.290449
3.84,16,1049.598693
3.82,18,1049.604424
1.87,13,1049.609226
13.78,22,1049.616246
5.83,17,1049.621598
1.87,13,1049.625768
5.83,17,1049.631063
5.81,19,1049.63704
1.82,18,1050.038242
5.81,19,1050.047698
1.81,19,1050.055552
1.88,12,1050.059896
1.83,17,1050.066456
1.88,12,1050.070554
1.85,15,1050.076327
5.85,15,1050.081133
3.85,15,1050.378469
1.89,11,1050.382073
13.8,20,1050.38913
1.88,12,1050.393674
13.76,24,1050.401583
1.82,18,1050.408135
1.87,13,1050.412262
1.86,14,1050.417339
3.84,16,1050.763411
3.8,20,1050.769788
3.8,20,1050.775964
1.85,15,1050.780636
1.87,13,1050.784687
13.79,21,1050.791145
3.83,17,1050.796506
3.82,18,1051.109362
1.78,22,1051.117103
5.78,22,1051.124132
1.86,14,1051.129118
1.85,15,1051.134151
3.79,21,1051.141432
13.77,23,1051.149327
1.89,11,1051.488234
5.85,15,1051.493604
3.78,22,1051.500636
1.83,17,1051.506492
1.86,14,1051.511017
1.84,16,1051.516559
3.82,18,1051.522856
1.86,14,1051.527474
1.83,17,1051.852206
3.77,23,1051.859883
3.82,18,1051.865644
1.81,19,1051.872212
1.85,15,1051.877631
5.84,16,1051.883032
3.86,14,1051.888302
1.85,15,1052.222922
1.86,14,1052.22742
3.87,13,1052.232418
3.84,16,1052.237705
1.84,16,1052.243391
5.82,18,1052.249526
1.84,16,1052.255132
1.82,18,1052.260842
1.87,13,1052.560806
3.8,20,1052.567807
3.85,15,1052.573247
5.84,16,1052.579508
1.83,17,1052.58624
1.87,13,1052.591055
13.82,18,1052.597521
3.86,14,1052.603269
1.83,17,1052.915974
3.84,16,1052.921134
1.79,21,1052.927629
3.84,16,1052.932588
3.79,21,1052.93909
1.84,16,1052.944019
3.84,16,1052.948983
1.87,13,1052.953045
1.84,16,1053.272033
1.77,23,1053.281678
3.84,16,1053.289429
13.81,19,1053.296199
1.82,18,1053.303201
3.8,20,1053.310143
1.81,19,1053.316962
3.8,20,1053.669731
5.82,18,1053.67631
3.81,19,1053.683359
1.81,19,1053.689416
5.78,22,1053.696961
1.85,15,1053.701822
3.82,18,1053.991211
1.84,16,1053.996536
3.8,20,1054.003247
1.81,19,1054.009407
1.78,22,1054.016384
1.87,13,1054.020557
3.86,14,1054.025151
3.86,14,1054.030163
3.83,17,1054.351362
3.79,21,1054.358425
1.82,18,1054.364336
5.75,25,1054.37217
1.86,14,1054.376527
1.87,13,1054.380629
5.85,15,1054.385287
5.81,19,1054.739131
1.84,16,1054.744288
1.82,18,1054.749913
3.81,19,1054.755838
1.84,16,1054.760791
3.83,17,1054.766041
1.82,18,1054.771602
1.83,17,1054.776832
1.85,15,1055.064719
5.82,18,1055.070436
1.85,15,1055.075098
3.79,21,1055.081532
1.86,14,1055.085881
3.82,18,1055.091445
1.83,17,1055.096683
5.81,19,1055.398133
3.85,15,1055.402933
5.84,16,1055.408517
1.86,14,1055.413019
1.86,14,1055.417421
1.89,11,1055.420868
3.87,13,1055.424942
3.83,17,1055.430231
1.82,18,1055.435795
1.81,19,1055.70377
3.86,14,1055.708689
1.83,17,1055.714281
3.84,16,1055.719276
1.9,10,1055.722417
3.83,17,1055.727683
5.79,21,1055.734143
3.79,21,1056.024268
1.85,15,1056.02913
1.8,20,1056.035322
3.86,14,1056.039698
5.79,21,1056.046157
3.82,18,1056.051683
3.81,19,1056.057523
1.86,14,1056.062218
1.86,14,1056.371226
3.79,21,1056.378099
3.86,14,1056.38276
3.79,21,1056.389361
1.86,14,1056.393867
1.88,12,1056.397664
1.85,15,1056.402725
5.81,19,1056.408876
3.81,19,1056.715837
3.82,18,1056.721979
13.8,20,1056.728335
13.83,17,1056.733658
5.82,18,1056.73927
1.81,19,1056.745141
1.86,14,1056.749713
1.85,15,1057.044008
3.83,17,1057.049592
1.87,13,1057.054174
1.81,19,1057.060892
5.84,16,1057.066266
1.89,11,1057.069793
5.79,21,1057.076305
3.82,18,1057.082261
1.81,19,1057.393642
1.86,14,1057.39895
13.79,21,1057.406058
1.84,16,1057.411839
3.82,18,1057.417959
1.81,19,1057.424192
3.78,22,1057.431382
1.84,16,1057.801914
3.81,19,1057.81659
3.81,19,1057.825539
3.84,16,1057.830995
1.86,14,1057.836209
5.82,18,1057.842539
1.86,14,1057.847385
1.84,16,1058.195344
1.84,16,1058.201324
5.82,18,1058.207678
1.86,14,1058.212235
3.86,14,1058.21696
3.77,23,1058.224869
1.8,20,1058.23128
5.76,24,1058.609551
1.85,15,1058.61442
3.84,16,1058.620132
3.84,16,1058.625765
1.84,16,1058.631497
3.82,18,1058.637688
1.86,14,1058.642459
5.78,22,1058.650091
5.84,16,1059.004965
1.87,13,1059.009629
1.83,17,1059.015302
1.82,18,1059.023026
1.83,17,1059.029151
3.82,18,1059.035873
1.88,12,1059.040437
3.84,16,1059.046538
1.83,17,1059.326111
1.82,18,1059.332751
3.79,21,1059.339582
3.85,15,1059.34478
1.82,18,1059.35048
1.87,13,1059.354684
3.81,19,1059.361496
1.86,14,1059.366311
1.88,12,1059.696984
1.86,14,1059.701466
3.86,14,1059.705873
1.85,15,1059.710534
3.8,20,1059.717652
1.88,12,1059.721539
1.81,19,1059.727993
1.86,14,1059.732791
3.86,14,1060.036895
1.84,16,1060.042658
5.82,18,1060.049085
5.76,24,1060.05799
3.82,18,1060.064294
5.84,16,1060.069412
1.87,13,1060.073956
1.84,16,1060.079124
1.87,13,1060.434813
3.84,16,1060.439962
5.83,17,1060.445287
1.82,18,1060.451532
1.83,17,1060.457701
1.81,19,1060.46467
1.82,18,1060.470636
1.89,11,1060.474711
3.82,18,1060.939121
1.85,15,1060.944882
1.79,21,1060.952472
1.8,20,1060.960717
5.76,24,1060.970803
1.83,17,1060.978274
5.84,16,1061.332426
3.79,21,1061.339567
13.77,23,1061.347157
5.77,23,1061.355953
5.83,17,1061.362405
3.85,15,1061.368913
1.87,13,1061.376181
3.84,16,1061.762794
1.85,15,1061.768831
3.87,13,1061.773642
5.8,20,1061.7809
5.84,16,1061.787072
1.89,11,1061.790905
5.77,23,1061.798852
5.74,26,1061.809102
3.84,16,1062.317835
1.83,17,1062.324693
1.85,15,1062.331121
3.82,18,1062.337751
1.85,15,1062.343583
1.89,11,1062.347251
13.8,20,1062.354825
5.82,18,1062.36136
3.81,19,1062.769485
1.83,17,1062.77546
1.85,15,1062.780234
3.85,15,1062.785786
5.84,16,1062.791207
3.88,12,1062.795396
5.82,18,1062.801607
1.83,17,1063.13836
1.87,13,1063.143435
3.87,13,1063.148172
1.83,17,1063.154398
1.85,15,1063.160246
3.8,20,1063.167652
3.8,20,1063.178159
1.83,17,1063.185177
1.89,11,1063.189048
1.86,14,1063.581313
1.81,19,1063.594797
1.87,13,1063.599635
1.86,14,1063.604829
3.82,18,1063.611391
1.88,12,1063.616381
1.82,18,1063.622195
1.88,12,1063.626383
5.85,15,1063.957572
1.79,21,1063.966835
5.75,25,1063.976511
5.8,20,1063.983874
1.81,19,1063.990696
3.84,16,1063.997111
1.89,11,1064.001299
1.85,15,1064.412508
3.81,19,1064.420338
1.85,15,1064.426576
1.85,15,1064.43215
5.81,19,1064.439014
1.86,14,1064.445005
1.82,18,1064.451907
3.77,23,1064.460235
1.83,17,1064.829066
1.84,16,1064.83574
1.87,13,1064.840057
1.83,17,1064.846687
3.79,21,1064.854728
3.83,17,1064.861038
1.83,17,1064.867696
1.86,14,1065.213008
3.83,17,1065.219433
5.81,19,1065.226738
13.78,22,1065.234634
1.87,13,1065.238829
3.82,18,1065.244973
1.83,17,1065.250903
1.84,16,1065.256793
5.8,20,1065.617389
1.87,13,1065.622097
13.82,18,1065.629987
3.79,21,1065.643676
5.85,15,1065.650294
3.85,15,1065.655831
3.81,19,1065.662805
3.82,18,1065.986212
1.85,15,1065.9913
1.82,18,1065.997579
1.89,11,1066.001805
1.83,17,1066.009193
1.86,14,1066.013911
1.88,12,1066.018804
13.81,19,1066.025555
1.85,15,1066.335103
5.81,19,1066.342036
3.82,18,1066.348397
1.86,14,1066.354173
13.77,23,1066.362209
5.79,21,1066.370023
1.89,11,1066.373593
1.82,18,1066.379821
1.86,14,1066.742977
1.83,17,1066.749455
1.85,15,1066.754444
3.8,20,1066.761207
3.87,13,1066.765334
3.81,19,1066.772171
13.79,21,1066.7798
3.8,20,1067.118868
13.82,18,1067.124973
5.84,16,1067.130155
3.83,17,1067.136928
1.85,15,1067.142065
1.87,13,1067.150568
3.84,16,1067.155955
1.86,14,1067.160667
3.81,19,1067.467326
5.86,14,1067.472462
5.81,19,1067.480172
1.82,18,1067.486575
3.76,24,1067.495133
5.77,23,1067.503791
1.81,19,1067.510514
3.78,22,1067.912523
5.82,18,1067.920029
1.86,14,1067.925443
1.86,14,1067.930398
1.87,13,1067.934925
1.86,14,1067.940086
1.88,12,1067.944561
1.8,20,1067.95199
1.77,23,1068.29246
1.86,14,1068.297683
3.82,18,1068.304281
3.87,13,1068.309574
1.89,11,1068.313145
1.79,21,1068.320735
5.83,17,1068.327344
3.79,21,1068.723681
5.81,19,1068.729794
1.89,11,1068.734473
1.82,18,1068.741086
1.86,14,1068.746108
1.87,13,1068.750624
3.81,19,1068.757246
1.82,18,1068.763535
1.88,12,1069.086077
1.86,14,1069.090768
1.8,20,1069.097467
1.86,14,1069.102303
1.83,17,1069.108817
1.9,10,1069.112988
13.78,22,1069.120541
3.8,20,1069.127422
3.81,19,1069.499182
1.89,11,1069.504124
1.78,22,1069.511239
5.77,23,1069.519547
1.79,21,1069.527477
1.87,13,1069.53166
3.87,13,1069.53585
5.8,20,1069.925555
1.85,15,1069.931041
1.85,15,1069.93658
1.86,14,1069.942297
1.85,15,1069.94746
3.8,20,1069.956287
3.85,15,1069.962657
1.84,16,1069.970788
1.86,14,1070.293023
1.82,18,1070.299593
1.85,15,1070.305142
3.81,19,1070.312385
1.87,13,1070.317193
3.82,18,1070.323311
3.86,14,1070.328306
3.84,16,1070.334476
5.83,17,1070.665411
1.86,14,1070.670947
1.85,15,1070.67661
1.81,19,1070.682724
5.84,16,1070.688222
1.82,18,1070.694817
1.84,16,1070.701048
1.86,14,1070.705822
3.83,17,1071.033124
3.87,13,1071.037513
1.87,13,1071.042467
3.85,15,1071.047241
5.75,25,1071.055624
3.85,15,1071.061306
1.78,22,1071.069142
1.82,18,1071.075968
3.83,17,1071.455562
5.76,24,1071.464369
1.8,20,1071.471823
3.83,17,1071.477366
3.85,15,1071.483311
13.79,21,1071.490278
13.79,21,1071.80473
5.83,17,1071.811046
5.82,18,1071.818153
3.82,18,1071.824761
3.85,15,1071.830168
5.82,18,1071.836474
1.85,15,1071.84199
1.83,17,1071.847949
1.87,13,1072.191612
3.85,15,1072.196952
1.81,19,1072.204278
3.86,14,1072.209886
1.86,14,1072.214526
1.85,15,1072.219784
1.8,20,1072.22616
1.79,21,1072.232944
1.9,10,1072.563088
1.86,14,1072.567613
3.86,14,1072.572338
3.84,16,1072.577944
1.84,16,1072.5844
1.84,16,1072.590716
1.86,14,1072.595682
3.84,16,1072.600813
13.79,21,1072.87849
1.87,13,1072.884374
3.85,15,1072.889523
1.84,16,1072.895243
5.79,21,1072.902342
13.74,26,1072.911068
3.84,16,1072.917272
1.81,19,1073.305152
3.83,17,1073.310772
3.87,13,1073.31608
1.83,17,1073.321909
3.87,13,1073.327143
13.75,25,1073.336615
1.86,14,1073.34108
13.81,19,1073.347715
1.81,19,1073.744852
1.83,17,1073.751326
3.82,18,1073.757422
5.8,20,1073.765233
3.87,13,1073.769727
1.85,15,1073.774511
1.86,14,1073.778941
5.8,20,1074.0953
5.8,20,1074.101841
1.81,19,1074.108495
13.79,21,1074.116529
3.78,22,1074.124245
1.86,14,1074.128984
1.86,14,1074.133969
5.81,19,1074.478115
3.83,17,1074.483846
13.81,19,1074.490708
3.83,17,1074.497672
5.82,18,1074.503618
3.82,18,1074.510126
3.79,21,1074.517341
1.86,14,1074.522035
1.84,16,1074.840572
5.8,20,1074.847679
1.83,17,1074.853391
3.83,17,1074.859776
1.87,13,1074.864692
3.75,25,1074.873059
1.86,14,1074.878259
1.85,15,1075.253105
13.79,21,1075.260396
3.83,17,1075.265947
13.83,17,1075.271822
3.83,17,1075.27775
1.89,11,1075.281836
3.79,21,1075.288873
1.85,15,1075.294168
3.85,15,1075.632122
3.88,12,1075.636594
1.86,14,1075.643072
3.85,15,1075.650444
3.86,14,1075.657738
1.84,16,1075.664325
3.86,14,1075.672233
1.84,16,1075.678874
3.87,13,1075.958192
13.82,18,1075.964205
3.87,13,1075.96987
1.85,15,1075.976687
1.85,15,1075.981624
3.87,13,1075.987084
1.86,14,1075.991707
3.84,16,1075.997996
3.79,21,1076.005628
3.83,17,1076.370352
3.84,16,1076.376879
1.89,11,1076.380456
3.83,17,1076.386449
5.85,15,1076.391544
1.81,19,1076.398132
1.9,10,1076.40167
13.73,27,1076.763686
1.85,15,1076.768545
1.82,18,1076.776431
3.87,13,1076.780939
1.86,14,1076.786062
3.82,18,1076.791747
1.84,16,1076.798104
3.78,22,1076.806515
5.83,17,1077.166945
3.85,15,1077.171918
3.85,15,1077.177873
1.82,18,1077.184426
5.77,23,1077.194883
1.85,15,1077.200086
5.84,16,1077.205999
1.85,15,1077.211959
3.82,18,1077.615665
1.9,10,1077.620578
1.83,17,1077.626212
1.88,12,1077.63189
3.81,19,1077.638918
1.85,15,1077.644875
1.8,20,1077.652432
3.81,19,1077.659144
13.83,17,1077.980515
1.84,16,1077.986297
3.83,17,1077.992682
5.8,20,1077.999886
1.86,14,1078.004572
3.83,17,1078.010761
1.87,13,1078.015392
1.9,10,1078.019119
1.83,17,1078.328922
3.82,18,1078.335804
1.85,15,1078.340821
1.88,12,1078.344912
3.87,13,1078.349108
1.84,16,1078.354545
1.83,17,1078.360507
1.85,15,1078.366218
1.83,17,1078.669519
5.8,20,1078.677176
1.89,11,1078.680749
3.85,15,1078.686021
1.86,14,1078.690775
1.87,13,1078.694941
1.87,13,1078.700197
1.83,17,1078.705629
3.86,14,1078.711023
5.81,19,1079.042945
5.74,26,1079.052413
1.83,17,1079.05776
1.84,16,1079.063461
3.83,17,1079.069209
5.79,21,1079.076678
3.79,21,1079.410457
3.79,21,1079.417458
3.84,16,1079.423396
1.84,16,1079.428876
1.85,15,1079.433705
3.81,19,1079.440576
1.87,13,1079.444927
5.81,19,1079.452061
1.88,12,1079.80198
1.84,16,1079.808428
3.86,14,1079.813663
1.85,15,1079.818809
1.84,16,1079.824187
1.86,14,1079.830138
5.82,18,1079.836779
1.81,19,1079.843312
1.88,12,1080.148744
1.86,14,1080.153451
1.84,16,1080.159144
3.76,24,1080.167454
1.84,16,1080.174044
5.78,22,1080.181304
1.85,15,1080.18762
1.85,15,1080.192634
3.82,18,1080.565569
1.87,13,1080.569872
1.8,20,1080.576209
3.85,15,1080.581672
5.78,22,1080.589271
1.85,15,1080.594931
5.8,20,1080.601794
1.82,18,1080.946295
1.87,13,1080.950505
1.87,13,1080.955241
1.8,20,1080.962389
1.86,14,1080.96764
1.88,12,1080.97248
1.89,11,1080.976383
1.88,12,1080.980824
5.8,20,1080.988112
1.88,12,1081.312928
1.83,17,1081.318664
3.82,18,1081.324621
3.85,15,1081.330246
1.82,18,1081.335994
1.89,11,1081.340013
3.82,18,1081.346467
3.83,17,1081.352561
1.9,10,1081.657016
3.8,20,1081.66364
1.87,13,1081.668769
3.81,19,1081.675554
3.82,18,1081.681688
3.86,14,1081.686618
3.85,15,1081.691387
1.89,11,1081.695205
1.85,15,1082.024288
1.86,14,1082.029164
5.78,22,1082.036822
1.84,16,1082.042154
5.8,20,1082.049662
5.82,18,1082.055882
1.85,15,1082.061537
3.86,14,1082.06696
5.82,18,1082.458882
3.83,17,1082.464927
1.86,14,1082.470483
1.85,15,1082.475877
3.77,23,1082.483743
13.8,20,1082.491596
5.79,21,1082.499796
5.75,25,1082.893779
5.83,17,1082.901615
1.82,18,1082.907876
5.79,21,1082.914953
1.88,12,1082.919868
3.85,15,1082.925374
3.85,15,1082.930605
1.83,17,1083.307585
1.84,16,1083.314975
3.83,17,1083.323269
1.86,14,1083.330987
1.85,15,1083.336972
1.87,13,1083.342662
3.87,13,1083.347208
5.83,17,1083.353947
3.84,16,1083.360952
1.85,15,1083.679196
3.85,15,1083.684602
5.83,17,1083.690554
3.84,16,1083.696395
1.8,20,1083.702965
1.85,15,1083.709762
1.81,19,1083.716665
3.82,18,1084.044691
13.81,19,1084.051693
1.81,19,1084.058958
1.82,18,1084.065048
1.8,20,1084.072111
1.82,18,1084.078841
1.82,18,1084.085531
1.87,13,1084.407877
3.82,18,1084.414134
3.81,19,1084.420806
5.81,19,1084.427823
5.79,21,1084.435454
3.81,19,1084.44197
1.86,14,1084.447073
3.82,18,1084.775604
1.9,10,1084.778966
1.82,18,1084.785665
1.88,12,1084.790045
3.87,13,1084.79482
1.83,17,1084.801056
1.78,22,1084.808705
1.89,11,1084.812514
1.88,12,1084.817035
3.86,14,1085.171202
1.87,13,1085.176711
1.86,14,1085.182576
13.79,21,1085.189888
1.88,12,1085.194657
3.81,19,1085.202643
1.8,20,1085.210651
3.82,18,1085.216912
5.81,19,1085.593756
3.77,23,1085.60269
1.85,15,1085.6076
1.87,13,1085.611981
3.82,18,1085.618489
1.86,14,1085.623993
3.79,21,1085.631866
1.87,13,1085.637166
3.84,16,1086.065878
1.87,13,1086.070638
1.84,16,1086.077354
5.82,18,1086.08401
5.79,21,1086.091909
3.82,18,1086.098052
3.77,23,1086.105687
1.84,16,1086.461107
13.8,20,1086.468027
5.84,16,1086.473606
3.84,16,1086.478986
1.82,18,1086.484737
3.81,19,1086.491302
1.85,15,1086.496504
1.9,10,1086.500574
3.81,19,1086.828439
1.84,16,1086.834621
1.89,11,1086.83815
1.88,12,1086.842527
1.8,20,1086.848954
1.85,15,1086.855257
1.89,11,1086.85965
1.82,18,1086.865879
1.86,14,1087.191692
3.81,19,1087.198283
1.85,15,1087.203865
5.77,23,1087.212152
3.86,14,1087.216577
5.81,19,1087.223216
1.87,13,1087.227757
1.85,15,1087.233482
3.83,17,1087.589645
3.82,18,1087.596877
1.89,11,1087.601121
1.85,15,1087.606513
1.85,15,1087.611474
5.77,23,1087.619563
1.82,18,1087.627058
1.9,10,1087.630865
1.83,17,1087.978847
5.8,20,1087.986205
1.81,19,1087.992799
1.88,12,1087.99709
1.84,16,1088.00269
1.82,18,1088.009318
3.85,15,1088.014413
1.84,16,1088.34312
3.86,14,1088.348618
1.83,17,1088.355615
13.81,19,1088.362861
1.77,23,1088.371195
1.87,13,1088.377051
13.72,28,1088.387755
3.81,19,1088.832738
5.79,21,1088.840812
1.86,14,1088.845381
3.84,16,1088.850967
1.87,13,1088.855164
1.86,14,1088.859919
1.82,18,1088.865545
1.87,13,1088.870714
13.76,24,1089.292106
3.84,16,1089.298118
1.84,16,1089.304214
5.85,15,1089.310796
1.81,19,1089.317233
13.84,16,1089.322354
5.82,18,1089.329389
1.85,15,1089.335379
1.85,15,1089.669824
1.85,15,1089.675589
1.8,20,1089.68203
1.83,17,1089.688822
3.82,18,1089.696249
1.82,18,1089.702772
3.85,15,1089.708679
3.82,18,1090.047968
3.86,14,1090.053555
13.8,20,1090.061277
1.84,16,1090.067136
5.77,23,1090.074982
1.78,22,1090.083219
5.77,23,1090.091329
1.88,12,1090.47254
3.87,13,1090.477508
3.85,15,1090.48353
3.81,19,1090.490275
3.83,17,1090.496135
1.86,14,1090.500906
3.85,15,1090.505691
1.79,21,1090.513603
1.9,10,1090.911399
3.79,21,1090.919229
1.85,15,1090.924919
5.83,17,1090.931124
5.82,18,1090.937992
3.83,17,1090.943987
3.79,21,1090.951575
3.82,18,1091.286987
1.84,16,1091.29223
1.83,17,1091.298647
3.85,15,1091.303476
3.85,15,1091.309106
1.84,16,1091.314253
3.8,20,1091.320996
1.89,11,1091.324521
3.82,18,1091.646017
1.82,18,1091.652917
1.85,15,1091.658417
3.8,20,1091.664949
1.85,15,1091.670415
3.78,22,1091.678617
1.86,14,1091.683379
1.88,12,1091.687435
5.75,25,1092.038627
5.86,14,1092.044199
1.84,16,1092.050136
3.76,24,1092.059508
5.85,15,1092.064629
3.81,19,1092.071266
1.89,11,1092.075521
3.78,22,1092.441419
1.83,17,1092.44694
1.84,16,1092.453128
1.9,10,1092.456536
1.82,18,1092.462951
5.8,20,1092.470379
1.86,14,1092.475793
3.87,13,1092.48036
3.82,18,1092.849986
1.83,17,1092.855574
1.85,15,1092.861437
5.77,23,1092.868939
1.85,15,1092.87368
3.83,17,1092.879929
3.86,14,1092.885195
1.88,12,1092.889408
3.84,16,1093.292741
3.88,12,1093.298123
1.86,14,1093.303687
1.86,14,1093.309648
5.79,21,1093.316831
1.83,17,1093.325313
3.8,20,1093.333777
13.82,18,1093.340365
1.84,16,1093.747726
1.9,10,1093.751153
1.81,19,1093.758013
1.86,14,1093.763381
1.81,19,1093.77013
1.84,16,1093.776025
5.78,22,1093.783846
1.84,16,1093.789295
3.82,18,1094.13641
5.8,20,1094.143815
5.77,23,1094.151947
1.86,14,1094.156498
3.87,13,1094.161488
1.82,18,1094.167814
1.87,13,1094.172321
1.81,19,1094.513995
5.84,16,1094.52032
1.87,13,1094.524881
3.84,16,1094.530541
1.86,14,1094.535664
5.84,16,1094.541301
3.79,21,1094.547997
3.8,20,1094.555329
1.88,12,1094.88962
1.88,12,1094.8935
1.87,13,1094.898196
1.82,18,1094.904987
3.85,15,1094.910512
3.78,22,1094.918115
3.77,23,1094.926299
3.84,16,1095.288216
3.83,17,1095.294901
3.86,14,1095.300208
5.84,16,1095.305395
3.86,14,1095.310619
3.8,20,1095.31795
5.81,19,1095.32439
3.86,14,1095.330561
1.88,12,1095.336012
3.84,16,1095.689208
3.84,16,1095.695192
1.83,17,1095.700684
1.84,16,1095.706883
1.83,17,1095.713365
5.79,21,1095.720672
1.89,11,1095.725191
1.83,17,1096.070548
1.84,16,1096.076789
3.82,18,1096.082609
1.85,15,1096.087505
1.83,17,1096.093651
5.77,23,1096.101511
1.84,16,1096.106669
3.86,14,1096.112252
1.87,13,1096.49348
5.78,22,1096.50239
1.87,13,1096.506742
5.84,16,1096.512433
1.87,13,1096.516887
1.85,15,1096.522548
1.8,20,1096.529253
1.87,13,1096.534644
5.81,19,1096.905726
1.87,13,1096.91057
5.81,19,1096.918167
1.84,16,1096.924314
3.85,15,1096.92928
1.86,14,1096.934458
13.81,19,1096.940528
3.83,17,1096.947148
3.83,17,1097.269088
1.86,14,1097.273627
1.84,16,1097.279674
1.81,19,1097.287197
3.84,16,1097.2929
1.81,19,1097.300362
1.84,16,1097.30592
3.83,17,1097.312436
5.83,17,1097.619942
3.79,21,1097.627352
5.77,23,1097.635949
3.83,17,1097.642205
3.86,14,1097.647257
1.87,13,1097.651605
3.81,19,1097.659522
1.88,12,1098.103659
3.86,14,1098.109668
3.83,17,1098.115899
5.85,15,1098.121338
1.87,13,1098.126343
13.76,24,1098.135127
5.84,16,1098.141033
1.89,11,1098.144869
1.85,15,1098.500707
1.87,13,1098.505174
3.86,14,1098.511073
1.82,18,1098.518184
1.84,16,1098.524072
1.84,16,1098.530194
3.82,18,1098.536739
1.86,14,1098.542736
1.86,14,1098.547305
3.8,20,1098.85672
3.82,18,1098.863671
3.87,13,1098.868544
1.85,15,1098.87429
3.82,18,1098.880659
3.81,19,1098.887353
1.85,15,1098.893025
3.85,15,1099.217701
5.85,15,1099.222635
1.89,11,1099.227077
5.83,17,1099.233506
13.76,24,1099.24219
1.84,16,1099.247828
3.82,18,1099.254761
3.82,18,1099.261131
1.83,17,1099.631129
1.84,16,1099.637521
1.84,16,1099.643559
1.83,17,1099.649727
1.88,12,1099.653653
1.88,12,1099.658269
1.86,14,1099.662869
1.87,13,1099.667293
5.79,21,1099.952606
5.78,22,1099.960807
13.83,17,1099.967335
3.82,18,1099.973536
3.8,20,1099.981243
1.81,19,1099.98858
3.8,20,1099.995503
5.82,18,1100.33172
1.82,18,1100.338215
1.86,14,1100.343273
3.79,21,1100.350634
3.81,19,1100.357607
5.75,25,1100.366496
1.81,19,1100.372902
1.83,17,1100.654885
5.79,21,1100.663042
1.87,13,1100.668492
1.82,18,1100.676303
1.82,18,1100.683881
1.84,16,1100.689304
1.86,14,1100.694488
13.78,22,1100.994447
3.82,18,1101.001295
3.84,16,1101.006531
1.88,12,1101.011134
3.85,15,1101.016002
1.83,17,1101.021762
5.83,17,1101.027834
3.8,20,1101.035242
5.78,22,1101.388173
5.8,20,1101.396417
1.86,14,1101.401995
1.89,11,1101.405714
3.81,19,1101.412811
1.86,14,1101.41771
1.84,16,1101.424037
1.87,13,1101.429011
5.77,23,1101.813255
5.8,20,1101.821124
1.87,13,1101.825642
1.82,18,1101.831457
5.84,16,1101.837731
1.87,13,1101.842545
1.79,21,1101.850304
3.85,15,1102.187973
1.86,14,1102.192989
1.78,22,1102.200899
5.77,23,1102.209215
1.87,13,1102.213397
5.84,16,1102.219553
5.8,20,1102.22663
1.89,11,1102.577009
1.83,17,1102.584103
1.83,17,1102.591102
3.78,22,1102.599423
1.8,20,1102.606342
5.79,21,1102.61337
1.87,13,1102.617922
1.87,13,1102.62232
1.87,13,1102.971259
3.81,19,1102.978287
13.78,22,1102.986009
1.9,10,1102.989554
3.85,15,1102.995514
5.76,24,1103.00668
1.85,15,1103.012388
1.82,18,1103.372049
3.79,21,1103.379712
5.79,21,1103.387413
1.82,18,1103.393594
3.79,21,1103.40128
1.86,14,1103.40579
5.8,20,1103.413822
1.81,19,1103.741726
1.86,14,1103.746353
1.78,22,1103.754441
5.81,19,1103.760818
1.84,16,1103.765879
1.81,19,1103.773183
1.81,19,1103.780003
3.8,20,1104.117331
3.84,16,1104.122835
3.81,19,1104.129292
1.81,19,1104.136456
3.82,18,1104.143798
1.8,20,1104.15132
1.81,19,1104.15799
1.85,15,1104.477015
1.87,13,1104.481443
1.88,12,1104.485894
13.82,18,1104.492517
1.84,16,1104.498318
1.82,18,1104.504363
13.74,26,1104.513002
3.81,19,1104.904161
1.79,21,1104.911617
3.85,15,1104.916907
5.79,21,1104.924179
1.85,15,1104.929158
5.8,20,1104.938656
5.83,17,1104.948036
3.85,15,1104.952773
1.81,19,1105.290263
1.83,17,1105.296383
1.86,14,1105.301382
3.81,19,1105.308173
1.84,16,1105.313713
5.85,15,1105.318656
3.77,23,1105.32676
1.83,17,1105.662697
3.84,16,1105.669197
1.85,15,1105.675036
1.86,14,1105.680104
3.86,14,1105.685356
1.84,16,1105.69169
5.8,20,1105.698222
3.82,18,1105.70446
1.8,20,1106.025792
1.89,11,1106.02969
5.85,15,1106.0354
5.81,19,1106.043039
3.86,14,1106.047556
1.86,14,1106.052933
1.82,18,1106.059507
5.78,22,1106.382248
1.85,15,1106.387519
5.83,17,1106.393338
3.81,19,1106.400204
5.79,21,1106.407794
13.81,19,1106.414393
1.87,13,1106.419308
1.87,13,1106.424273
1.87,13,1106.753516
1.85,15,1106.759386
3.83,17,1106.765543
1.79,21,1106.772907
3.81,19,1106.77947
1.85,15,1106.784602
1.86,14,1106.789029
3.84,16,1106.794784
1.86,14,1107.17114
1.81,19,1107.17723
1.86,14,1107.182882
1.83,17,1107.189676
1.83,17,1107.196229
1.87,13,1107.200981
1.88,12,1107.204838
1.88,12,1107.208974
3.85,15,1107.213794
3.85,15,1107.519168
5.77,23,1107.527345
1.85,15,1107.53224
3.77,23,1107.540343
3.8,20,1107.547736
1.82,18,1107.554351
3.79,21,1107.846967
3.85,15,1107.854019
3.84,16,1107.859936
13.79,21,1107.867112
3.88,12,1107.871259
1.85,15,1107.876035
3.76,24,1107.884368
1.82,18,1107.890682
3.84,16,1108.256227
5.79,21,1108.264455
1.87,13,1108.269565
3.84,16,1108.275687
3.83,17,1108.281125
1.86,14,1108.286853
1.84,16,1108.292958
3.8,20,1108.620521
1.85,15,1108.626594
1.85,15,1108.631702
5.8,20,1108.639
3.78,22,1108.646944
5.8,20,1108.653666
1.87,13,1108.658456
13.77,23,1109.103658
1.83,17,1109.111025
1.88,12,1109.115582
1.81,19,1109.121731
3.8,20,1109.12857
1.87,13,1109.133053
1.85,15,1109.1385
1.82,18,1109.14454
1.87,13,1109.464491
3.84,16,1109.47045
1.84,16,1109.476592
1.83,17,1109.482442
3.79,21,1109.489722
1.86,14,1109.494372
1.89,11,1109.498293
13.79,21,1109.505114
3.85,15,1109.842126
1.82,18,1109.848431
3.78,22,1109.855884
13.75,25,1109.865138
3.83,17,1109.872243
1.88,12,1109.876929
1.81,19,1109.883846
1.81,19,1110.290677
3.81,19,1110.297367
3.88,12,1110.301686
3.78,22,1110.309686
13.82,18,1110.315429
1.85,15,1110.320578
1.89,11,1110.324147
3.87,13,1110.329049
1.86,14,1110.675973
3.84,16,1110.68177
5.78,22,1110.689342
5.83,17,1110.695167
1.87,13,1110.700651
1.85,15,1110.706169
1.85,15,1110.711535
1.82,18,1110.718416
3.87,13,1111.081297
1.86,14,1111.087722
1.88,12,1111.093557
1.86,14,1111.09844
1.81,19,1111.105759
5.79,21,1111.114407
3.83,17,1111.121714
13.81,19,1111.129533
13.79,21,1111.476163
1.82,18,1111.482872
5.82,18,1111.488639
3.87,13,1111.49354
1.86,14,1111.498616
1.86,14,1111.504372
3.85,15,1111.509975
1.79,21,1111.517921
3.77,23,1111.869469
13.81,19,1111.876642
3.8,20,1111.88336
3.77,23,1111.891194
1.87,13,1111.895749
1.82,18,1111.901461
5.79,21,1112.338525
1.81,19,1112.347796
1.85,15,1112.356198
3.82,18,1112.363105
3.84,16,1112.37424
5.83,17,1112.420626
1.87,13,1112.430801
1.88,12,1112.439487
3.8,20,1112.761466
5.84,16,1112.768028
1.85,15,1112.773355
1.87,13,1112.778906
1.88,12,1112.785363
5.76,24,1112.80187
3.8,20,1112.827926
13.8,20,1113.266505
1.81,19,1113.273295
1.83,17,1113.280671
3.8,20,1113.289451
1.85,15,1113.295384
1.82,18,1113.302393
3.82,18,1113.309052
1.89,11,1113.313526
3.84,16,1113.633632
1.88,12,1113.637583
3.81,19,1113.644604
5.84,16,1113.649762
5.85,15,1113.65548
3.86,14,1113.660737
1.81,19,1113.667118
3.81,19,1113.673677
3.81,19,1113.999
1.85,15,1114.005412
1.88,12,1114.010132
1.85,15,1114.015916
3.85,15,1114.021927
3.86,14,1114.027287
3.82,18,1114.036385
5.78,22,1114.046606
3.83,17,1114.38706
3.81,19,1114.394261
3.84,16,1114.399987
1.82,18,1114.40659
1.88,12,1114.410435
1.87,13,1114.415043
1.85,15,1114.420055
3.82,18,1114.427232
1.79,21,1114.73775
5.81,19,1114.744427
3.81,19,1114.75089
1.89,11,1114.754898
13.8,20,1114.761423
1.86,14,1114.76692
1.82,18,1114.773137
1.86,14,1115.08889
1.8,20,1115.097063
1.87,13,1115.102921
5.78,22,1115.110452
3.83,17,1115.116649
5.86,14,1115.121454
1.86,14,1115.126162
5.84,16,1115.131868
3.88,12,1115.479295
1.78,22,1115.486712
1.89,11,1115.490885
3.81,19,1115.497501
5.75,25,1115.506284
3.84,16,1115.511796
1.87,13,1115.515998
3.81,19,1115.876298
1.83,17,1115.882644
3.84,16,1115.888496
1.86,14,1115.893375
1.85,15,1115.898688
13.77,23,1115.906276
5.83,17,1115.912593
1.85,15,1115.917646
1.88,12,1116.297186
3.85,15,1116.302901
1.8,20,1116.310267
3.77,23,1116.318619
1.8,20,1116.32665
1.85,15,1116.331606
3.8,20,1116.339984
13.8,20,1116.692837
3.85,15,1116.698322
1.84,16,1116.704453
3.82,18,1116.711223
5.82,18,1116.717257
1.82,18,1116.72409
5.82,18,1116.730621
3.83,17,1116.736657
1.9,10,1117.04302
5.78,22,1117.050858
1.87,13,1117.055112
1.86,14,1117.060641
5.86,14,1117.0652
3.8,20,1117.071987
1.84,16,1117.07742
1.8,20,1117.084361
1.83,17,1117.475882
1.81,19,1117.483282
1.85,15,1117.488115
1.87,13,1117.493395
1.86,14,1117.497965
1.87,13,1117.502415
3.82,18,1117.508343
1.87,13,1117.512485
3.86,14,1117.822499
1.87,13,1117.827228
3.88,12,1117.831981
1.88,12,1117.836293
13.8,20,1117.843825
13.79,21,1117.850988
1.87,13,1117.85657
13.75,25,1117.866482
13.82,18,1118.254493
3.82,18,1118.263854
3.81,19,1118.272494
1.87,13,1118.278214
1.84,16,1118.284246
1.83,17,1118.29081
1.82,18,1118.296644
3.79,21,1118.611735
1.83,17,1118.617576
1.83,17,1118.623451
1.87,13,1118.6284
1.81,19,1118.63511
3.78,22,1118.642793
3.83,17,1118.648167
1.82,18,1118.985956
1.8,20,1118.993161
5.79,21,1119.000916
1.85,15,1119.006157
1.88,12,1119.010523
3.79,21,1119.017642
1.85,15,1119.022732
1.84,16,1119.028149
1.89,11,1119.358464
3.86,14,1119.363058
1.86,14,1119.36899
1.85,15,1119.374644
3.82,18,1119.380508
5.82,18,1119.38689
1.87,13,1119.393088
1.89,11,1119.397292
1.9,10,1119.401286
1.81,19,1119.701556
5.81,19,1119.708585
1.88,12,1119.712768
13.76,24,1119.721859
1.83,17,1119.727514
5.79,21,1119.73515
1.87,13,1119.740512
3.82,18,1120.217596
1.83,17,1120.226322
1.81,19,1120.233426
3.83,17,1120.23946
3.87,13,1120.244698
13.78,22,1120.254129
1.87,13,1120.259742
5.8,20,1120.266884
5.81,19,1120.653454
1.79,21,1120.661148
1.83,17,1120.667359
5.79,21,1120.674643
1.83,17,1120.680754
3.83,17,1120.686941
13.72,28,1120.970534
1.88,12,1120.97572
3.85,15,1120.980661
5.74,26,1120.990488
5.78,22,1121.001229
13.81,19,1121.009456
3.82,18,1121.016675
5.82,18,1121.441424
1.84,16,1121.447005
3.81,19,1121.45379
3.77,23,1121.461807
13.8,20,1121.469007
1.89,11,1121.473371
13.73,27,1121.809124
1.83,17,1121.814744
1.84,16,1121.820812
1.87,13,1121.825712
1.86,14,1121.830616
1.81,19,1121.836706
3.83,17,1121.842454
5.8,20,1121.848875
1.81,19,1122.172831
1.78,22,1122.180818
1.84,16,1122.186412
3.82,18,1122.193195
5.82,18,1122.199111
1.81,19,1122.205151
3.8,20,1122.212413
1.87,13,1122.539997
1.83,17,1122.546024
1.81,19,1122.553974
5.83,17,1122.560884
1.83,17,1122.566332
3.79,21,1122.573384
1.85,15,1122.579763
1.84,16,1122.585764
5.79,21,1123.086507
5.84,16,1123.093354
3.79,21,1123.102934
1.86,14,1123.109654
13.78,22,1123.117426
1.85,15,1123.123923
1.86,14,1123.129218
3.81,19,1123.597352
5.83,17,1123.606518
3.84,16,1123.621092
13.78,22,1123.631155
1.87,13,1123.637546
1.86,14,1123.64514
5.82,18,1123.6535
5.85,15,1124.046607
13.79,21,1124.05543
1.84,16,1124.063885
1.89,11,1124.068788
1.83,17,1124.076228
1.88,12,1124.080886
13.79,21,1124.097612
3.83,17,1124.111263
1.8,20,1125.008776
3.83,17,1125.031272
3.82,18,1125.047113
1.83,17,1125.059852
5.83,17,1125.071975
5.85,15,1125.07869
1.87,13,1125.08469
1.86,14,1125.093662
1.84,16,1125.5421
1.89,11,1125.545921
3.8,20,1125.553386
1.87,13,1125.558722
5.83,17,1125.565286
3.79,21,1125.57327
3.77,23,1125.581454
3.83,17,1125.970881
3.82,18,1125.97849
3.82,18,1125.985614
3.81,19,1125.992994
1.86,14,1125.998102
3.84,16,1126.004467
1.87,13,1126.009472
5.8,20,1126.017106
