#{"t_start": 1787203118.856313, "env_id": "None"}
r,l,t,success,collision,max_y
-0.11,11,0.572567,False,True,1
-0.03,3,0.572753,False,True,1
-0.03,3,0.572903,False,True,1
-0.04,4,0.573079,False,True,1
1.95,5,0.577431,False,True,3
-0.01,1,0.578006,False,True,1
-0.01,1,0.578096,False,True,1
1.92,8,0.578476,False,True,3
0.9,10,0.579484,False,True,2
-0.05,5,0.579702,False,True,1
-0.06,6,0.57996,False,True,1
1.86,14,0.580479,False,True,3
-0.01,1,0.580607,False,True,1
-0.06,6,0.580993,False,True,1
-0.04,4,0.581221,False,True,1
-0.02,2,0.581328,False,True,1
-0.05,5,0.581874,False,True,1
-0.05,5,0.582152,False,True,1
-0.06,6,0.582405,False,True,1
-0.06,6,0.582669,False,True,1
-0.1,10,0.583157,False,True,1
-0.05,5,0.583388,False,True,1
-0.03,3,0.583513,False,True,1
1.95,5,0.583733,False,True,3
-0.03,3,0.583975,False,True,1
-0.01,1,0.584068,False,True,1
1.97,3,0.584196,False,True,3
-0.05,5,0.584427,False,True,1
-0.04,4,0.584669,False,True,1
-0.12,12,0.585126,False,True,1
-0.03,3,0.585252,False,True,1
0.86,14,0.585786,False,True,2
-0.03,3,0.585995,False,True,1
-0.09,9,0.586346,False,True,1
0.9,10,0.586731,False,True,2
-0.04,4,0.586906,False,True,1
-0.02,2,0.587082,False,True,1
-0.04,4,0.587257,False,True,1
-0.05,5,0.587463,False,True,1
-0.01,1,0.587525,False,True,1
-0.04,4,0.587758,False,True,1
-0.04,4,0.587946,False,True,1
-0.09,9,0.588303,False,True,1
-0.04,4,0.588477,False,True,1
-0.02,2,0.588626,False,True,1
0.96,4,0.588801,False,True,2
-0.06,6,0.589059,False,True,1
-0.08,8,0.589373,False,True,1
-0.1,10,0.589818,False,True,1
-0.04,4,0.589991,False,True,1
-0.14,14,0.590629,False,True,1
0.89,11,0.591226,False,True,2
-0.02,2,0.591521,False,True,1
-0.02,2,0.591704,False,True,1
-0.07,7,0.592066,False,True,1
-0.05,5,0.59228,False,True,1
-0.16,16,0.593,False,True,1
-0.03,3,0.593156,False,True,1
-0.04,4,0.593338,False,True,1
-0.24,24,0.594233,False,True,1
-0.01,1,0.594392,False,True,1
-0.02,2,0.594516,False,True,1
1.95,5,0.594725,False,True,3
-0.13,13,0.595208,False,True,1
-0.06,6,0.595537,False,True,1
-0.03,3,0.595679,False,True,1
-0.02,2,0.595771,False,True,1
-0.07,7,0.59605,False,True,1
-0.09,9,0.596469,False,True,1
-0.09,9,0.596811,False,True,1
-0.05,5,0.597032,False,True,1
-0.07,7,0.59729,False,True,1
1.95,5,0.597589,False,True,3
-0.04,4,0.597759,False,True,1
-0.03,3,0.597878,False,True,1
-0.04,4,0.598045,False,True,1
-0.03,3,0.598256,False,True,1
-0.02,2,0.598368,False,True,1
0.96,4,0.59854,False,True,2
-0.01,1,0.598599,False,True,1
-0.11,11,0.599092,False,True,1
-0.02,2,0.599183,False,True,1
-0.08,8,0.599494,False,True,1
-0.09,9,0.599834,False,True,1
-0.13,13,0.600409,False,True,1
-0.21,21,0.601392,False,True,1
0.86,14,0.60198,False,True,2
-0.04,4,0.602172,False,True,1
-0.14,14,0.602921,False,True,1
-0.08,8,0.603276,False,True,1
-0.07,7,0.603652,False,True,1
-0.02,2,0.603842,False,True,1
-0.12,12,0.604464,False,True,1
-0.03,3,0.604624,False,True,1
-0.19,19,0.605318,False,True,1
-0.04,4,0.605488,False,True,1
-0.02,2,0.605657,False,True,1
-0.09,9,0.606003,False,True,1
-0.02,2,0.606114,False,True,1
-0.1,10,0.606479,False,True,1
0.92,8,0.606879,False,True,2
-0.08,8,0.607185,False,True,1
-0.12,12,0.607634,False,True,1
-0.01,1,0.607711,False,True,1
0.85,15,0.608347,False,True,2
-0.26,26,0.609358,False,True,1
-0.1,10,0.609817,False,True,1
-0.04,4,0.610004,False,True,1
-0.01,1,0.610204,False,True,1
-0.03,3,0.610349,False,True,1
-0.05,5,0.610582,False,True,1
-0.01,1,0.610643,False,True,1
-0.04,4,0.610921,False,True,1
-0.05,5,0.61131,False,True,1
-0.02,2,0.61144,False,True,1
-0.05,5,0.611656,False,True,1
-0.05,5,0.612028,False,True,1
-0.02,2,0.612146,False,True,1
-0.02,2,0.612236,False,True,1
-0.02,2,0.612349,False,True,1
-0.15,15,0.612985,False,True,1
-0.04,4,0.613158,False,True,1
-0.04,4,0.613333,False,True,1
-0.07,7,0.613613,False,True,1
-0.01,1,0.613736,False,True,1
-0.36,36,0.61504,False,True,1
-0.16,16,0.615637,False,True,1
-0.03,3,0.615777,False,True,1
-0.02,2,0.615962,False,True,1
-0.01,1,0.616024,False,True,1
-0.01,1,0.616098,False,True,1
1.95,5,0.616308,False,True,3
-0.04,4,0.616572,False,True,1
-0.02,2,0.616697,False,True,1
1.85,15,0.617274,False,True,3
1.94,6,0.617503,False,True,3
-0.04,4,0.617745,False,True,1
-0.03,3,0.617894,False,True,1
-0.09,9,0.618239,False,True,1
-0.06,6,0.618499,False,True,1
-0.02,2,0.618664,False,True,1
-0.04,4,0.618845,False,True,1
-0.01,1,0.618901,False,True,1
-0.07,7,0.619184,False,True,1
-0.01,1,0.619303,False,True,1
-0.02,2,0.619558,False,True,1
-0.02,2,0.619681,False,True,1
-0.04,4,0.61987,False,True,1
-0.06,6,0.620238,False,True,1
-0.1,10,0.620658,False,True,1
-0.07,7,0.620981,False,True,1
-0.01,1,0.621093,False,True,1
-0.05,5,0.621434,False,True,1
-0.13,13,0.621914,False,True,1
0.88,12,0.622361,False,True,2
-0.03,3,0.622498,False,True,1
-0.27,27,0.623511,False,True,1
1.85,15,0.628864,False,True,3
2.89,11,0.629337,False,True,4
1.92,8,0.629661,False,True,3
0.77,23,0.630656,False,True,2
-0.01,1,0.63072,False,True,1
-0.01,1,0.630777,False,True,1
-0.07,7,0.63106,False,True,1
-0.11,11,0.63157,False,True,1
-0.02,2,0.631667,False,True,1
-0.02,2,0.631778,False,True,1
-0.13,13,0.632246,False,True,1
-0.04,4,0.632498,False,True,1
-0.03,3,0.632642,False,True,1
-0.09,9,0.632989,False,True,1
-0.02,2,0.633078,False,True,1
-0.01,1,0.633217,False,True,1
-0.05,5,0.633486,False,True,1
1.95,5,0.633697,False,True,3
-0.02,2,0.63381,False,True,1
-0.09,9,0.634241,False,True,1
-0.08,8,0.634561,False,True,1
-0.03,3,0.634701,False,True,1
-0.03,3,0.634819,False,True,1
-0.03,3,0.635054,False,True,1
-0.18,18,0.635781,False,True,1
-0.1,10,0.636186,False,True,1
-0.03,3,0.636348,False,True,1
-0.16,16,0.637043,False,True,1
-0.07,7,0.637336,False,True,1
-0.02,2,0.637421,False,True,1
-0.12,12,0.637878,False,True,1
-0.01,1,0.637998,False,True,1
-0.05,5,0.638235,False,True,1
-0.04,4,0.638416,False,True,1
-0.03,3,0.638535,False,True,1
-0.04,4,0.638783,False,True,1
-0.09,9,0.639155,False,True,1
-0.01,1,0.639216,False,True,1
0.86,14,0.639731,False,True,2
0.91,9,0.640194,False,True,2
-0.04,4,0.640373,False,True,1
-0.01,1,0.640433,False,True,1
-0.04,4,0.640598,False,True,1
-0.06,6,0.640903,False,True,1
-0.01,1,0.640982,False,True,1
-0.04,4,0.64115,False,True,1
-0.04,4,0.641317,False,True,1
-0.1,10,0.641781,False,True,1
-0.03,3,0.641918,False,True,1
-0.06,6,0.642142,False,True,1
-0.13,13,0.642633,False,True,1
-0.04,4,0.642877,False,True,1
-0.05,5,0.643092,False,True,1
-0.01,1,0.643153,False,True,1
-0.02,2,0.64327,False,True,1
-0.22,22,0.644164,False,True,1
-0.07,7,0.644445,False,True,1
-0.17,17,0.645067,False,True,1
0.88,12,0.645517,False,True,2
-0.03,3,0.645738,False,True,1
-0.1,10,0.646117,False,True,1
-0.1,10,0.646504,False,True,1
-0.07,7,0.646778,False,True,1
-0.02,2,0.64694,False,True,1
-0.04,4,0.647117,False,True,1
-0.02,2,0.647227,False,True,1
-0.01,1,0.647289,False,True,1
-0.06,6,0.647586,False,True,1
-0.02,2,0.647702,False,True,1
-0.01,1,0.647755,False,True,1
1.86,14,0.648284,False,True,3
-0.06,6,0.648581,False,True,1
-0.08,8,0.648898,False,True,1
-0.06,6,0.649144,False,True,1
-0.09,9,0.649475,False,True,1
0.9,10,0.649918,False,True,2
1.94,6,0.650299,False,True,3
-0.05,5,0.650494,False,True,1
0.79,21,0.65126,False,True,2
-0.11,11,0.651829,False,True,1
-0.07,7,0.652129,False,True,1
-0.15,15,0.652746,False,True,1
-0.11,11,0.653171,False,True,1
-0.04,4,0.653487,False,True,1
-0.01,1,0.653564,False,True,1
-0.12,12,0.65401,False,True,1
0.96,4,0.654179,False,True,2
-0.01,1,0.654306,False,True,1
-0.05,5,0.654516,False,True,1
-0.07,7,0.654795,False,True,1
-0.02,2,0.654883,False,True,1
-0.12,12,0.6554,False,True,1
-0.01,1,0.655475,False,True,1
-0.26,26,0.656387,False,True,1
-0.01,1,0.656474,False,True,1
-0.05,5,0.656823,False,True,1
-0.02,2,0.656922,False,True,1
-0.02,2,0.657036,False,True,1
-0.04,4,0.657206,False,True,1
-0.05,5,0.657486,False,True,1
-0.06,6,0.657716,False,True,1
-0.05,5,0.657942,False,True,1
-0.1,10,0.658314,False,True,1
-0.05,5,0.658583,False,True,1
-0.03,3,0.658727,False,True,1
1.95,5,0.658937,False,True,3
-0.04,4,0.659103,False,True,1
-0.04,4,0.659342,False,True,1
-0.06,6,0.659606,False,True,1
-0.05,5,0.659812,False,True,1
1.95,5,0.66001,False,True,3
-0.03,3,0.660216,False,True,1
-0.03,3,0.660364,False,True,1
-0.24,24,0.661256,False,True,1
0.91,9,0.661724,False,True,2
-0.05,5,0.662093,False,True,1
-0.05,5,0.662334,False,True,1
1.96,4,0.662517,False,True,3
-0.06,6,0.662748,False,True,1
-0.06,6,0.663097,False,True,1
-0.02,2,0.663189,False,True,1
-0.07,7,0.663472,False,True,1
-0.06,6,0.663702,False,True,1
-0.07,7,0.664068,False,True,1
-0.07,7,0.664345,False,True,1
-0.04,4,0.664515,False,True,1
-0.03,3,0.664653,False,True,1
-0.02,2,0.664811,False,True,1
-0.23,23,0.665642,False,True,1
-0.01,1,0.665701,False,True,1
-0.09,9,0.666039,False,True,1
-0.04,4,0.666279,False,True,1
-0.06,6,0.666546,False,True,1
-0.01,1,0.6666,False,True,1
-0.13,13,0.667074,False,True,1
-0.14,14,0.667849,False,True,1
-0.02,2,0.667984,False,True,1
-0.02,2,0.668102,False,True,1
-0.04,4,0.668274,False,True,1
-0.04,4,0.668581,False,True,1
1.85,15,0.669188,False,True,3
-0.13,13,0.669682,False,True,1
-0.03,3,0.669821,False,True,1
-0.08,8,0.670238,False,True,1
-0.02,2,0.670332,False,True,1
-0.1,10,0.670714,False,True,1
-0.08,8,0.671014,False,True,1
-0.12,12,0.671627,False,True,1
-0.14,14,0.672199,False,True,1
-0.06,6,0.672452,False,True,1
-0.06,6,0.672854,False,True,1
-0.02,2,0.673096,False,True,1
-0.1,10,0.673488,False,True,1
-0.01,1,0.673544,False,True,1
-0.01,1,0.67362,False,True,1
-0.07,7,0.673964,False,True,1
-0.13,13,0.674456,False,True,1
-0.04,4,0.674629,False,True,1
-0.01,1,0.674688,False,True,1
-0.04,4,0.674928,False,True,1
-0.03,3,0.675064,False,True,1
-0.01,1,0.675246,False,True,1
-0.1,10,0.675612,False,True,1
-0.15,15,0.676238,False,True,1
-0.12,12,0.676703,False,True,1
-0.08,8,0.677016,False,True,1
1.85,15,0.677617,False,True,3
-0.01,1,0.67777,False,True,1
-0.07,7,0.678085,False,True,1
-0.01,1,0.678144,False,True,1
-0.06,6,0.678402,False,True,1
-0.08,8,0.678787,False,True,1
0.94,6,0.679021,False,True,2
-0.09,9,0.679354,False,True,1
-0.02,2,0.679462,False,True,1
-0.02,2,0.679607,False,True,1
-0.13,13,0.680106,False,True,1
-0.04,4,0.680274,False,True,1
-0.08,8,0.680575,False,True,1
-0.03,3,0.680759,False,True,1
-0.05,5,0.680985,False,True,1
-0.02,2,0.681083,False,True,1
-0.04,4,0.68125,False,True,1
2.91,9,0.681669,False,True,4
-0.05,5,0.681882,False,True,1
-0.07,7,0.682135,False,True,1
-0.01,1,0.682209,False,True,1
-0.01,1,0.682328,False,True,1
-0.1,10,0.682768,False,True,1
-0.05,5,0.682993,False,True,1
-0.07,7,0.683275,False,True,1
-0.05,5,0.683597,False,True,1
-0.06,6,0.683842,False,True,1
-0.07,7,0.684125,False,True,1
-0.06,6,0.684353,False,True,1
-0.12,12,0.684894,False,True,1
-0.15,15,0.685552,False,True,1
-0.04,4,0.685747,False,True,1
-0.27,27,0.686733,False,True,1
-0.01,1,0.686909,False,True,1
-0.3,30,0.687977,False,True,1
-0.03,3,0.688094,False,True,1
-0.04,4,0.688266,False,True,1
-0.23,23,0.689173,False,True,1
-0.01,1,0.689235,False,True,1
-0.02,2,0.689346,False,True,1
-0.05,5,0.689544,False,True,1
-0.08,8,0.689924,False,True,1
-0.05,5,0.690124,False,True,1
1.97,3,0.690264,False,True,3
0.94,6,0.690513,False,True,2
-0.02,2,0.690671,False,True,1
-0.16,16,0.691256,False,True,1
-0.02,2,0.691369,False,True,1
-0.01,1,0.691428,False,True,1
-0.2,20,0.692213,False,True,1
-0.02,2,0.692303,False,True,1
0.93,7,0.692708,False,True,2
-0.08,8,0.693059,False,True,1
-0.18,18,0.693948,False,True,1
-0.02,2,0.694059,False,True,1
-0.01,1,0.69412,False,True,1
-0.08,8,0.694426,False,True,1
1.93,7,0.694822,False,True,3
-0.02,2,0.694934,False,True,1
-0.03,3,0.695055,False,True,1
-0.12,12,0.695497,False,True,1
-0.1,10,0.695962,False,True,1
-0.01,1,0.69602,False,True,1
-0.03,3,0.696157,False,True,1
-0.04,4,0.696329,False,True,1
-0.02,2,0.696479,False,True,1
-0.03,3,0.696625,False,True,1
-0.07,7,0.696902,False,True,1
-0.03,3,0.697042,False,True,1
-0.01,1,0.697157,False,True,1
-0.09,9,0.69751,False,True,1
1.82,18,0.698169,False,True,3
-0.17,17,0.698797,False,True,1
-0.08,8,0.699173,False,True,1
-0.01,1,0.699229,False,True,1
-0.04,4,0.699399,False,True,1
-0.01,1,0.699458,False,True,1
-0.03,3,0.699665,False,True,1
-0.04,4,0.69986,False,True,1
-0.01,1,0.699918,False,True,1
0.86,14,0.700437,False,True,2
-0.04,4,0.700674,False,True,1
-0.02,2,0.700759,False,True,1
-0.01,1,0.700837,False,True,1
-0.02,2,0.700922,False,True,1
-0.03,3,0.701122,False,True,1
-0.07,7,0.701399,False,True,1
-0.02,2,0.701486,False,True,1
-0.06,6,0.701732,False,True,1
-0.02,2,0.701881,False,True,1
-0.05,5,0.702091,False,True,1
-0.05,5,0.70231,False,True,1
-0.05,5,0.702605,False,True,1
0.97,3,0.702906,False,True,2
-0.03,3,0.703038,False,True,1
0.82,18,0.703746,False,True,2
-0.03,3,0.703905,False,True,1
-0.07,7,0.704338,False,True,1
-0.04,4,0.704554,False,True,1
-0.09,9,0.704924,False,True,1
-0.03,3,0.70505,False,True,1
-0.03,3,0.705293,False,True,1
-0.01,1,0.705363,False,True,1
-0.1,10,0.705756,False,True,1
-0.02,2,0.705848,False,True,1
-0.05,5,0.706152,False,True,1
-0.02,2,0.706241,False,True,1
-0.01,1,0.706299,False,True,1
-0.05,5,0.706516,False,True,1
-0.05,5,0.706784,False,True,1
-0.08,8,0.707087,False,True,1
-0.1,10,0.707452,False,True,1
-0.06,6,0.707701,False,True,1
-0.12,12,0.708215,False,True,1
-0.11,11,0.708628,False,True,1
1.89,11,0.709023,False,True,3
-0.03,3,0.709163,False,True,1
-0.07,7,0.709525,False,True,1
-0.02,2,0.70962,False,True,1
-0.02,2,0.709735,False,True,1
-0.07,7,0.710023,False,True,1
-0.05,5,0.710308,False,True,1
-0.02,2,0.710421,False,True,1
-0.11,11,0.710861,False,True,1
0.91,9,0.7112,False,True,2
-0.05,5,0.711494,False,True,1
1.9,10,0.711867,False,True,3
-0.13,13,0.712346,False,True,1
-0.03,3,0.712487,False,True,1
-0.01,1,0.712601,False,True,1
-0.09,9,0.712974,False,True,1
-0.16,16,0.713551,False,True,1
0.8,20,0.714265,False,True,2
-0.1,10,0.714724,False,True,1
-0.03,3,0.714886,False,True,1
-0.14,14,0.715385,False,True,1
1.87,13,0.715889,False,True,3
-0.02,2,0.716051,False,True,1
-0.12,12,0.716523,False,True,1
-0.08,8,0.717022,False,True,1
-0.03,3,0.717161,False,True,1
-0.1,10,0.717596,False,True,1
0.95,5,0.71782,False,True,2
-0.13,13,0.718289,False,True,1
-0.1,10,0.718648,False,True,1
-0.01,1,0.718791,False,True,1
-0.12,12,0.719293,False,True,1
-0.06,6,0.719542,False,True,1
-0.05,5,0.719754,False,True,1
-0.32,32,0.72105,False,True,1
-0.03,3,0.721195,False,True,1
-0.02,2,0.721305,False,True,1
-0.01,1,0.721359,False,True,1
-0.1,10,0.721798,False,True,1
-0.03,3,0.721935,False,True,1
-0.05,5,0.722126,False,True,1
-0.06,6,0.722375,False,True,1
1.94,6,0.722675,False,True,3
-0.11,11,0.723086,False,True,1
-0.01,1,0.723138,False,True,1
-0.02,2,0.723243,False,True,1
-0.02,2,0.723398,False,True,1
-0.03,3,0.72354,False,True,1
-0.03,3,0.72368,False,True,1
-0.02,2,0.723765,False,True,1
-0.05,5,0.724109,False,True,1
-0.05,5,0.724335,False,True,1
-0.06,6,0.724571,False,True,1
-0.03,3,0.724714,False,True,1
-0.09,9,0.725179,False,True,1
-0.09,9,0.725533,False,True,1
-0.03,3,0.72566,False,True,1
-0.04,4,0.725861,False,True,1
-0.09,9,0.726302,False,True,1
-0.02,2,0.726399,False,True,1
-0.03,3,0.726555,False,True,1
-0.05,5,0.726779,False,True,1
-0.03,3,0.727003,False,True,1
-0.02,2,0.727094,False,True,1
-0.05,5,0.727318,False,True,1
-0.14,14,0.727824,False,True,1
-0.03,3,0.728033,False,True,1
-0.1,10,0.728404,False,True,1
-0.03,3,0.728542,False,True,1
-0.11,11,0.728971,False,True,1
-0.06,6,0.729271,False,True,1
-0.22,22,0.730071,False,True,1
-0.01,1,0.730132,False,True,1
-0.01,1,0.73019,False,True,1
-0.16,16,0.730866,False,True,1
-0.18,18,0.731547,False,True,1
-0.02,2,0.731639,False,True,1
-0.05,5,0.731851,False,True,1
-0.07,7,0.73218,False,True,1
-0.02,2,0.73229,False,True,1
-0.01,1,0.732344,False,True,1
-0.07,7,0.732622,False,True,1
-0.05,5,0.732887,False,True,1
0.9,10,0.73329,False,True,2
-0.05,5,0.73349,False,True,1
-0.07,7,0.733765,False,True,1
-0.04,4,0.734148,False,True,1
1.94,6,0.734419,False,True,3
-0.07,7,0.734709,False,True,1
-0.03,3,0.73486,False,True,1
-0.12,12,0.735421,False,True,1
-0.01,1,0.735485,False,True,1
-0.03,3,0.735626,False,True,1
-0.06,6,0.73609,False,True,1
-0.02,2,0.736334,False,True,1
-0.07,7,0.736631,False,True,1
-0.02,2,0.736761,False,True,1
-0.01,1,0.736817,False,True,1
-0.1,10,0.737296,False,True,1
-0.06,6,0.737532,False,True,1
-0.14,14,0.738058,False,True,1
-0.03,3,0.738173,False,True,1
-0.06,6,0.738488,False,True,1
-0.05,5,0.738687,False,True,1
-0.07,7,0.738967,False,True,1
-0.07,7,0.73924,False,True,1
-0.17,17,0.739936,False,True,1
-0.03,3,0.740084,False,True,1
0.94,6,0.740333,False,True,2
-0.07,7,0.740635,False,True,1
-0.07,7,0.740989,False,True,1
-0.01,1,0.741046,False,True,1
1.96,4,0.741212,False,True,3
-0.02,2,0.741306,False,True,1
-0.04,4,0.741544,False,True,1
-0.01,1,0.741623,False,True,1
-0.04,4,0.741803,False,True,1
-0.06,6,0.742027,False,True,1
-0.11,11,0.742504,False,True,1
-0.09,9,0.742844,False,True,1
-0.06,6,0.7431,False,True,1
-0.02,2,0.743184,False,True,1
1.8,20,0.743998,False,True,3
-0.05,5,0.744203,False,True,1
-0.02,2,0.744312,False,True,1
-0.01,1,0.744368,False,True,1
1.92,8,0.744823,False,True,3
-0.02,2,0.744952,False,True,1
-0.14,14,0.745465,False,True,1
-0.05,5,0.745668,False,True,1
-0.08,8,0.746082,False,True,1
0.83,17,0.746713,False,True,2
-0.02,2,0.746799,False,True,1
-0.1,10,0.74718,False,True,1
-0.05,5,0.747538,False,True,1
-0.11,11,0.747985,False,True,1
-0.02,2,0.74808,False,True,1
-0.03,3,0.748224,False,True,1
-0.03,3,0.74847,False,True,1
-0.04,4,0.748642,False,True,1
1.79,21,0.749395,False,True,3
1.79,21,0.750143,False,True,3
0.78,22,0.751014,False,True,2
-0.13,13,0.751476,False,True,1
-0.03,3,0.751624,False,True,1
-0.03,3,0.751749,False,True,1
-0.03,3,0.751962,False,True,1
0.94,6,0.752217,False,True,2
-0.11,11,0.752617,False,True,1
-0.01,1,0.752694,False,True,1
-0.02,2,0.752843,False,True,1
-0.05,5,0.753056,False,True,1
-0.07,7,0.753344,False,True,1
-0.05,5,0.753541,False,True,1
-0.03,3,0.753746,False,True,1
0.91,9,0.754098,False,True,2
-0.06,6,0.75434,False,True,1
-0.05,5,0.754534,False,True,1
-0.09,9,0.754935,False,True,1
-0.03,3,0.755073,False,True,1
-0.1,10,0.755456,False,True,1
-0.05,5,0.755649,False,True,1
0.84,16,0.75629,False,True,2
-0.1,10,0.756654,False,True,1
-0.02,2,0.756761,False,True,1
-0.07,7,0.757032,False,True,1
-0.02,2,0.757185,False,True,1
-0.12,12,0.757834,False,True,1
1.93,7,0.758179,False,True,3
-0.13,13,0.758663,False,True,1
-0.11,11,0.75923,False,True,1
-0.03,3,0.75937,False,True,1
-0.17,17,0.759994,False,True,1
-0.09,9,0.760357,False,True,1
-0.04,4,0.760784,False,True,1
-0.03,3,0.760982,False,True,1
-0.01,1,0.761044,False,True,1
-0.1,10,0.761437,False,True,1
-0.02,2,0.76162,False,True,1
-0.04,4,0.761806,False,True,1
-0.01,1,0.76187,False,True,1
-0.02,2,0.761982,False,True,1
-0.04,4,0.762235,False,True,1
0.94,6,0.76247,False,True,2
-0.01,1,0.762547,False,True,1
-0.09,9,0.76288,False,True,1
-0.13,13,0.763506,False,True,1
-0.06,6,0.763763,False,True,1
-0.08,8,0.764067,False,True,1
-0.04,4,0.764236,False,True,1
-0.03,3,0.764438,False,True,1
-0.04,4,0.764609,False,True,1
-0.07,7,0.764886,False,True,1
-0.36,36,0.766154,False,True,1
-0.01,1,0.766278,False,True,1
-0.08,8,0.766617,False,True,1
-0.03,3,0.766754,False,True,1
-0.1,10,0.767139,False,True,1
-0.03,3,0.767331,False,True,1
-0.03,3,0.767507,False,True,1
-0.04,4,0.767696,False,True,1
-0.1,10,0.768106,False,True,1
-0.01,1,0.768247,False,True,1
-0.09,9,0.768632,False,True,1
-0.01,1,0.768693,False,True,1
-0.24,24,0.769556,False,True,1
-0.01,1,0.769703,False,True,1
-0.16,16,0.770301,False,True,1
-0.1,10,0.770671,False,True,1
-0.12,12,0.771109,False,True,1
-0.06,6,0.771431,False,True,1
-0.18,18,0.772061,False,True,1
-0.03,3,0.772201,False,True,1
-0.04,4,0.772371,False,True,1
-0.1,10,0.772807,False,True,1
-0.03,3,0.772949,False,True,1
-0.15,15,0.773491,False,True,1
-0.1,10,0.77385,False,True,1
-0.01,1,0.773989,False,True,1
-0.02,2,0.774085,False,True,1
-0.08,8,0.774388,False,True,1
-0.14,14,0.774919,False,True,1
-0.11,11,0.775393,False,True,1
2.85,15,0.775951,False,True,4
-0.12,12,0.776414,False,True,1
-0.01,1,0.776471,False,True,1
1.96,4,0.776718,False,True,3
-0.09,9,0.777093,False,True,1
-0.04,4,0.77727,False,True,1
-0.06,6,0.777506,False,True,1
-0.01,1,0.777635,False,True,1
-0.04,4,0.777922,False,True,1
-0.06,6,0.77821,False,True,1
-0.03,3,0.778362,False,True,1
-0.06,6,0.778706,False,True,1
-0.07,7,0.779006,False,True,1
-0.08,8,0.779311,False,True,1
-0.11,11,0.779724,False,True,1
-0.28,28,0.780781,False,True,1
-0.04,4,0.780953,False,True,1
-0.01,1,0.781011,False,True,1
-0.05,5,0.781206,False,True,1
-0.04,4,0.781439,False,True,1
-0.02,2,0.781553,False,True,1
-0.04,4,0.781723,False,True,1
-0.23,23,0.782519,False,True,1
-0.01,1,0.782655,False,True,1
-0.01,1,0.782718,False,True,1
-0.02,2,0.782806,False,True,1
-0.17,17,0.783443,False,True,1
-0.02,2,0.783602,False,True,1
-0.01,1,0.783659,False,True,1
-0.02,2,0.783771,False,True,1
-0.09,9,0.784108,False,True,1
-0.01,1,0.784222,False,True,1
-0.01,1,0.784299,False,True,1
-0.04,4,0.784469,False,True,1
0.97,3,0.784584,False,True,2
-0.13,13,0.785141,False,True,1
-0.02,2,0.785233,False,True,1
-0.05,5,0.785442,False,True,1
-0.02,2,0.785551,False,True,1
-0.01,1,0.785663,False,True,1
-0.17,17,0.786307,False,True,1
-0.01,1,0.786389,False,True,1
0.89,11,0.786794,False,True,2
-0.1,10,0.787259,False,True,1
-0.16,16,0.787996,False,True,1
-0.01,1,0.788084,False,True,1
-0.07,7,0.788401,False,True,1
-0.03,3,0.788682,False,True,1
-0.07,7,0.788943,False,True,1
-0.09,9,0.789328,False,True,1
-0.11,11,0.789737,False,True,1
0.91,9,0.790214,False,True,2
-0.02,2,0.790305,False,True,1
-0.11,11,0.790728,False,True,1
-0.22,22,0.791495,False,True,1
-0.03,3,0.79171,False,True,1
-0.01,1,0.791772,False,True,1
-0.07,7,0.792057,False,True,1
-0.03,3,0.792198,False,True,1
-0.03,3,0.792406,False,True,1
0.93,7,0.792667,False,True,2
-0.01,1,0.792743,False,True,1
-0.01,1,0.792798,False,True,1
-0.04,4,0.793078,False,True,1
-0.02,2,0.79318,False,True,1
-0.13,13,0.793676,False,True,1
-0.12,12,0.79412,False,True,1
-0.05,5,0.794402,False,True,1
-0.03,3,0.794551,False,True,1
1.89,11,0.79495,False,True,3
-0.07,7,0.795233,False,True,1
-0.1,10,0.795687,False,True,1
1.7,30,0.796729,False,True,3
1.95,5,0.796932,False,True,3
-0.07,7,0.797201,False,True,1
-0.01,1,0.797319,False,True,1
-0.02,2,0.797431,False,True,1
-0.01,1,0.797487,False,True,1
-0.11,11,0.798042,False,True,1
-0.01,1,0.798235,False,True,1
-0.05,5,0.798466,False,True,1
-0.21,21,0.799234,False,True,1
-0.17,17,0.799867,False,True,1
-0.04,4,0.800126,False,True,1
-0.03,3,0.800263,False,True,1
-0.03,3,0.800385,False,True,1
-0.01,1,0.80046,False,True,1
-0.01,1,0.800576,False,True,1
-0.26,26,0.801513,False,True,1
-0.01,1,0.801601,False,True,1
-0.1,10,0.801986,False,True,1
-0.07,7,0.802365,False,True,1
-0.08,8,0.802694,False,True,1
1.85,15,0.803306,False,True,3
-0.1,10,0.803904,False,True,1
-0.02,2,0.80414,False,True,1
-0.04,4,0.80433,False,True,1
-0.06,6,0.804571,False,True,1
-0.12,12,0.805025,False,True,1
-0.04,4,0.805277,False,True,1
-0.06,6,0.80554,False,True,1
-0.03,3,0.805661,False,True,1
-0.02,2,0.805779,False,True,1
-0.01,1,0.805896,False,True,1
-0.03,3,0.806056,False,True,1
-0.02,2,0.806146,False,True,1
0.96,4,0.806314,False,True,2
-0.03,3,0.806526,False,True,1
-0.07,7,0.806811,False,True,1
-0.03,3,0.80695,False,True,1
-0.02,2,0.80704,False,True,1
-0.01,1,0.807152,False,True,1
-0.04,4,0.807331,False,True,1
-0.01,1,0.807411,False,True,1
-0.03,3,0.80753,False,True,1
-0.01,1,0.807669,False,True,1
-0.04,4,0.807855,False,True,1
-0.07,7,0.80811,False,True,1
-0.05,5,0.808323,False,True,1
-0.02,2,0.808485,False,True,1
-0.2,20,0.809208,False,True,1
-0.03,3,0.809355,False,True,1
-0.05,5,0.809557,False,True,1
-0.03,3,0.80977,False,True,1
-0.14,14,0.810311,False,True,1
-0.01,1,0.810393,False,True,1
1.97,3,0.810528,False,True,3
-0.03,3,0.810786,False,True,1
0.85,15,0.811348,False,True,2
-0.09,9,0.811688,False,True,1
-0.02,2,0.811795,False,True,1
-0.07,7,0.812152,False,True,1
-0.17,17,0.812787,False,True,1
-0.04,4,0.812955,False,True,1
-0.09,9,0.813288,False,True,1
-0.02,2,0.813437,False,True,1
-0.01,1,0.813519,False,True,1
-0.04,4,0.813686,False,True,1
-0.03,3,0.813801,False,True,1
-0.02,2,0.813973,False,True,1
-0.09,9,0.814311,False,True,1
-0.03,3,0.814447,False,True,1
-0.03,3,0.814583,False,True,1
-0.08,8,0.814975,False,True,1
-0.06,6,0.815207,False,True,1
-0.05,5,0.815401,False,True,1
-0.02,2,0.815507,False,True,1
-0.08,8,0.815891,False,True,1
-0.05,5,0.816089,False,True,1
1.95,5,0.816294,False,True,3
-0.08,8,0.81663,False,True,1
-0.01,1,0.816762,False,True,1
-0.04,4,0.816946,False,True,1
-0.04,4,0.817114,False,True,1
-0.07,7,0.817366,False,True,1
-0.04,4,0.817604,False,True,1
-0.32,32,0.818726,False,True,1
-0.01,1,0.818803,False,True,1
-0.07,7,0.819152,False,True,1
-0.02,2,0.819374,False,True,1
-0.04,4,0.819567,False,True,1
-0.02,2,0.819658,False,True,1
-0.04,4,0.819837,False,True,1
-0.06,6,0.820261,False,True,1
-0.01,1,0.820335,False,True,1
-0.04,4,0.820523,False,True,1
-0.01,1,0.820581,False,True,1
-0.05,5,0.820896,False,True,1
-0.02,2,0.82099,False,True,1
-0.1,10,0.821379,False,True,1
0.91,9,0.821719,False,True,2
1.92,8,0.822109,False,True,3
-0.02,2,0.8222,False,True,1
-0.07,7,0.822481,False,True,1
-0.03,3,0.822617,False,True,1
-0.23,23,0.823518,False,True,1
-0.02,2,0.823606,False,True,1
-0.02,2,0.823715,False,True,1
-0.04,4,0.823881,False,True,1
-0.05,5,0.82415,False,True,1
-0.16,16,0.824741,False,True,1
0.94,6,0.824972,False,True,2
-0.02,2,0.82508,False,True,1
-0.18,18,0.825892,False,True,1
-0.09,9,0.826279,False,True,1
-0.04,4,0.826449,False,True,1
-0.07,7,0.826707,False,True,1
-0.11,11,0.827252,False,True,1
-0.13,13,0.827735,False,True,1
-0.03,3,0.827875,False,True,1
-0.06,6,0.828127,False,True,1
-0.02,2,0.828281,False,True,1
-0.06,6,0.828537,False,True,1
-0.07,7,0.828802,False,True,1
-0.2,20,0.829645,False,True,1
-0.11,11,0.830212,False,True,1
-0.1,10,0.830615,False,True,1
-0.06,6,0.830849,False,True,1
1.93,7,0.831132,False,True,3
-0.02,2,0.831285,False,True,1
-0.08,8,0.831623,False,True,1
-0.04,4,0.831796,False,True,1
-0.12,12,0.832237,False,True,1
-0.05,5,0.832535,False,True,1
-0.15,15,0.833075,False,True,1
-0.06,6,0.833336,False,True,1
-0.14,14,0.833829,False,True,1
-0.07,7,0.834187,False,True,1
0.9,10,0.834603,False,True,2
-0.02,2,0.834696,False,True,1
-0.05,5,0.834904,False,True,1
-0.06,6,0.835246,False,True,1
-0.04,4,0.835429,False,True,1
-0.08,8,0.835739,False,True,1
-0.04,4,0.835933,False,True,1
-0.07,7,0.836306,False,True,1
-0.02,2,0.836393,False,True,1
-0.04,4,0.836571,False,True,1
-0.03,3,0.836722,False,True,1
-0.04,4,0.836969,False,True,1
-0.03,3,0.837106,False,True,1
-0.04,4,0.83727,False,True,1
-0.03,3,0.837383,False,True,1
-0.06,6,0.837702,False,True,1
-0.04,4,0.837867,False,True,1
-0.06,6,0.838089,False,True,1
-0.03,3,0.838228,False,True,1
-0.04,4,0.838466,False,True,1
-0.04,4,0.838633,False,True,1
-0.08,8,0.83894,False,True,1
-0.03,3,0.839088,False,True,1
-0.02,2,0.839236,False,True,1
-0.02,2,0.839346,False,True,1
-0.04,4,0.839515,False,True,1
-0.07,7,0.8398,False,True,1
-0.03,3,0.839982,False,True,1
-0.01,1,0.840066,False,True,1
-0.02,2,0.840157,False,True,1
-0.04,4,0.84033,False,True,1
-0.03,3,0.840569,False,True,1
-0.03,3,0.840726,False,True,1
-0.02,2,0.840819,False,True,1
-0.06,6,0.841072,False,True,1
1.91,9,0.841524,False,True,3
-0.01,1,0.841584,False,True,1
1.89,11,0.842006,False,True,3
-0.05,5,0.842208,False,True,1
-0.05,5,0.842482,False,True,1
-0.02,2,0.842591,False,True,1
-0.12,12,0.843031,False,True,1
-0.04,4,0.843202,False,True,1
-0.15,15,0.84385,False,True,1
-0.04,4,0.844024,False,True,1
-0.03,3,0.844148,False,True,1
-0.09,9,0.844522,False,True,1
0.97,3,0.84472,False,True,2
-0.05,5,0.844951,False,True,1
-0.05,5,0.84516,False,True,1
-0.04,4,0.845335,False,True,1
-0.13,13,0.845884,False,True,1
-0.02,2,0.845994,False,True,1
-0.04,4,0.846164,False,True,1
-0.12,12,0.846608,False,True,1
-0.03,3,0.846813,False,True,1
-0.16,16,0.847406,False,True,1
-0.01,1,0.847482,False,True,1
-0.19,19,0.848139,False,True,1
-0.19,19,0.849077,False,True,1
-0.02,2,0.849185,False,True,1
-0.01,1,0.84924,False,True,1
-0.06,6,0.849465,False,True,1
-0.11,11,0.849969,False,True,1
-0.06,6,0.850218,False,True,1
-0.09,9,0.850552,False,True,1
-0.12,12,0.851076,False,True,1
0.95,5,0.851435,False,True,2
-0.06,6,0.851693,False,True,1
-0.09,9,0.852033,False,True,1
-0.05,5,0.852237,False,True,1
-0.01,1,0.852355,False,True,1
-0.05,5,0.85259,False,True,1
-0.03,3,0.852707,False,True,1
-0.11,11,0.853151,False,True,1
-0.09,9,0.853562,False,True,1
-0.02,2,0.853669,False,True,1
-0.02,2,0.85377,False,True,1
-0.06,6,0.854025,False,True,1
-0.14,14,0.854602,False,True,1
-0.06,6,0.854856,False,True,1
-0.04,4,0.855033,False,True,1
-0.01,1,0.855088,False,True,1
-0.04,4,0.855322,False,True,1
-0.01,1,0.855384,False,True,1
-0.05,5,0.85561,False,True,1
-0.05,5,0.855805,False,True,1
-0.11,11,0.856294,False,True,1
-0.02,2,0.85638,False,True,1
-0.02,2,0.856491,False,True,1
-0.1,10,0.85685,False,True,1
-0.08,8,0.85723,False,True,1
-0.08,8,0.857532,False,True,1
-0.12,12,0.85797,False,True,1
-0.02,2,0.85808,False,True,1
0.85,15,0.858681,False,True,2
-0.01,1,0.85876,False,True,1
-0.06,6,0.858987,False,True,1
-0.04,4,0.859154,False,True,1
-0.02,2,0.859323,False,True,1
-0.01,1,0.859379,False,True,1
-0.11,11,0.859793,False,True,1
-0.03,3,0.859911,False,True,1
-0.04,4,0.860149,False,True,1
-0.02,2,0.860261,False,True,1
-0.04,4,0.860426,False,True,1
-0.09,9,0.860807,False,True,1
-0.03,3,0.861123,False,True,1
-0.02,2,0.861265,False,True,1
-0.08,8,0.86161,False,True,1
-0.01,1,0.861688,False,True,1
-0.11,11,0.862238,False,True,1
-0.07,7,0.862522,False,True,1
-0.06,6,0.862773,False,True,1
-0.07,7,0.863025,False,True,1
-0.01,1,0.863172,False,True,1
-0.01,1,0.863233,False,True,1
-0.03,3,0.863378,False,True,1
-0.05,5,0.863577,False,True,1
-0.07,7,0.863924,False,True,1
-0.15,15,0.864458,False,True,1
-0.06,6,0.8647,False,True,1
-0.05,5,0.864903,False,True,1
-0.01,1,0.86502,False,True,1
-0.01,1,0.865104,False,True,1
-0.01,1,0.865161,False,True,1
-0.06,6,0.865398,False,True,1
-0.07,7,0.865755,False,True,1
-0.04,4,0.865927,False,True,1
-0.04,4,0.866136,False,True,1
0.93,7,0.866424,False,True,2
-0.12,12,0.867025,False,True,1
-0.05,5,0.867245,False,True,1
-0.08,8,0.867567,False,True,1
-0.01,1,0.867621,False,True,1
-0.06,6,0.867968,False,True,1
1.81,19,0.868677,False,True,3
-0.05,5,0.86887,False,True,1
-0.01,1,0.868922,False,True,1
-0.01,1,0.869045,False,True,1
-0.04,4,0.869246,False,True,1
-0.04,4,0.869418,False,True,1
-0.11,11,0.869848,False,True,1
-0.01,1,0.869963,False,True,1
-0.02,2,0.870083,False,True,1
-0.03,3,0.870236,False,True,1
-0.07,7,0.870493,False,True,1
-0.02,2,0.870673,False,True,1
-0.01,1,0.870731,False,True,1
-0.26,26,0.871897,False,True,1
-0.03,3,0.872099,False,True,1
-0.16,16,0.872855,False,True,1
-0.01,1,0.872937,False,True,1
-0.06,6,0.873173,False,True,1
-0.02,2,0.873283,False,True,1
-0.07,7,0.873635,False,True,1
-0.06,6,0.873882,False,True,1
0.93,7,0.874173,False,True,2
-0.06,6,0.874402,False,True,1
-0.01,1,0.874514,False,True,1
-0.01,1,0.874601,False,True,1
-0.02,2,0.874697,False,True,1
-0.11,11,0.875115,False,True,1
1.93,7,0.875466,False,True,3
0.87,13,0.875946,False,True,2
-0.07,7,0.87624,False,True,1
-0.01,1,0.876298,False,True,1
-0.04,4,0.876547,False,True,1
-0.07,7,0.876835,False,True,1
-0.13,13,0.877316,False,True,1
-0.15,15,0.877897,False,True,1
-0.05,5,0.878183,False,True,1
-0.11,11,0.878609,False,True,1
-0.15,15,0.879135,False,True,1
-0.07,7,0.879415,False,True,1
-0.01,1,0.879532,False,True,1
-0.02,2,0.879647,False,True,1
-0.01,1,0.879709,False,True,1
-0.01,1,0.879763,False,True,1
-0.02,2,0.879933,False,True,1
-0.05,5,0.880137,False,True,1
-0.03,3,0.880275,False,True,1
-0.12,12,0.880713,False,True,1
-0.07,7,0.881064,False,True,1
-0.02,2,0.881153,False,True,1
1.9,10,0.881543,False,True,3
-0.05,5,0.881741,False,True,1
-0.01,1,0.881875,False,True,1
-0.13,13,0.882398,False,True,1
-0.01,1,0.882489,False,True,1
-0.1,10,0.882857,False,True,1
-0.02,2,0.883062,False,True,1
2.9,10,0.883502,False,True,4
-0.07,7,0.883789,False,True,1
-0.13,13,0.884264,False,True,1
-0.03,3,0.884484,False,True,1
-0.13,13,0.884959,False,True,1
-0.15,15,0.885515,False,True,1
-0.01,1,0.885575,False,True,1
0.95,5,0.885856,False,True,2
-0.05,5,0.886088,False,True,1
-0.09,9,0.886442,False,True,1
1.94,6,0.886685,False,True,3
-0.01,1,0.886842,False,True,1
-0.1,10,0.887245,False,True,1
-0.03,3,0.887393,False,True,1
-0.01,1,0.88746,False,True,1
-0.01,1,0.887576,False,True,1
-0.02,2,0.887693,False,True,1
-0.03,3,0.88783,False,True,1
-0.03,3,0.88795,False,True,1
-0.09,9,0.888384,False,True,1
-0.02,2,0.888475,False,True,1
-0.05,5,0.888676,False,True,1
-0.09,9,0.889039,False,True,1
-0.02,2,0.889196,False,True,1
-0.08,8,0.889517,False,True,1
-0.03,3,0.889658,False,True,1
-0.02,2,0.889742,False,True,1
-0.05,5,0.890036,False,True,1
-0.06,6,0.890265,False,True,1
-0.03,3,0.890405,False,True,1
1.93,7,0.890681,False,True,3
-0.15,15,0.891281,False,True,1
0.94,6,0.891535,False,True,2
-0.01,1,0.89159,False,True,1
-0.02,2,0.8917,False,True,1
-0.02,2,0.891856,False,True,1
-0.02,2,0.891975,False,True,1
-0.09,9,0.892319,False,True,1
-0.03,3,0.892457,False,True,1
-0.02,2,0.892616,False,True,1
-0.01,1,0.892676,False,True,1
-0.05,5,0.892908,False,True,1
-0.01,1,0.892966,False,True,1
-0.09,9,0.89367,False,True,1
-0.05,5,0.89394,False,True,1
-0.03,3,0.894083,False,True,1
-0.03,3,0.89423,False,True,1
-0.03,3,0.894491,False,True,1
-0.02,2,0.894582,False,True,1
-0.14,14,0.895107,False,True,1
-0.02,2,0.895199,False,True,1
-0.1,10,0.895658,False,True,1
-0.06,6,0.895886,False,True,1
-0.06,6,0.896138,False,True,1
-0.03,3,0.896257,False,True,1
1.91,9,0.896689,False,True,3
-0.14,14,0.897201,False,True,1
-0.01,1,0.897258,False,True,1
-0.01,1,0.897334,False,True,1
-0.03,3,0.897524,False,True,1
-0.09,9,0.897893,False,True,1
-0.02,2,0.897982,False,True,1
-0.03,3,0.898125,False,True,1
-0.06,6,0.898423,False,True,1
-0.02,2,0.898533,False,True,1
-0.01,1,0.898588,False,True,1
1.7,30,0.899645,False,True,3
-0.12,12,0.900163,False,True,1
-0.15,15,0.900697,False,True,1
-0.06,6,0.900951,False,True,1
-0.04,4,0.901122,False,True,1
-0.08,8,0.901492,False,True,1
-0.16,16,0.902076,False,True,1
1.93,7,0.902352,False,True,3
-0.04,4,0.902525,False,True,1
-0.04,4,0.902756,False,True,1
-0.13,13,0.903347,False,True,1
-0.03,3,0.90353,False,True,1
-0.04,4,0.903737,False,True,1
-0.06,6,0.904126,False,True,1
-0.24,24,0.904979,False,True,1
-0.08,8,0.90529,False,True,1
-0.01,1,0.905349,False,True,1
0.95,5,0.905649,False,True,2
-0.01,1,0.905705,False,True,1
-0.05,5,0.905907,False,True,1
-0.01,1,0.905968,False,True,1
-0.03,3,0.906178,False,True,1
-0.01,1,0.906235,False,True,1
-0.01,1,0.906313,False,True,1
-0.12,12,0.90676,False,True,1
1.9,10,0.907208,False,True,3
-0.11,11,0.907635,False,True,1
-0.07,7,0.907909,False,True,1
-0.03,3,0.908026,False,True,1
-0.03,3,0.908241,False,True,1
1.85,15,0.908799,False,True,3
-0.05,5,0.908997,False,True,1
-0.12,12,0.909454,False,True,1
-0.01,1,0.909573,False,True,1
-0.08,8,0.90991,False,True,1
-0.08,8,0.910227,False,True,1
-0.17,17,0.910915,False,True,1
-0.05,5,0.911202,False,True,1
-0.03,3,0.911338,False,True,1
-0.07,7,0.9116,False,True,1
-0.06,6,0.911853,False,True,1
0.84,16,0.912503,False,True,2
-0.11,11,0.912921,False,True,1
-0.02,2,0.913008,False,True,1
-0.08,8,0.91332,False,True,1
-0.06,6,0.913677,False,True,1
1.95,5,0.913893,False,True,3
-0.01,1,0.913955,False,True,1
-0.05,5,0.914155,False,True,1
-0.06,6,0.914491,False,True,1
-0.01,1,0.914558,False,True,1
-0.06,6,0.91482,False,True,1
-0.05,5,0.915017,False,True,1
-0.05,5,0.91529,False,True,1
-0.02,2,0.915403,False,True,1
-0.11,11,0.915818,False,True,1
-0.38,38,0.917139,False,True,1
-0.1,10,0.917576,False,True,1
-0.08,8,0.917894,False,True,1
-0.01,1,0.917974,False,True,1
-0.03,3,0.918093,False,True,1
-0.02,2,0.918285,False,True,1
-0.02,2,0.918378,False,True,1
0.82,18,0.919078,False,True,2
-0.06,6,0.919327,False,True,1
-0.04,4,0.919585,False,True,1
-0.06,6,0.919844,False,True,1
-0.03,3,0.919987,False,True,1
-0.07,7,0.920248,False,True,1
-0.07,7,0.920597,False,True,1
-0.17,17,0.921227,False,True,1
-0.08,8,0.921536,False,True,1
-0.05,5,0.92175,False,True,1
9.93,7,0.922093,True,False,5
-0.04,4,0.922263,False,True,1
-0.04,4,0.922433,False,True,1
-0.01,1,0.922507,False,True,1
-0.05,5,0.922771,False,True,1
-0.09,9,0.923113,False,True,1
-0.07,7,0.92339,False,True,1
-0.11,11,0.923812,False,True,1
0.8,20,0.924676,False,True,2
-0.04,4,0.924861,False,True,1
-0.04,4,0.925038,False,True,1
-0.02,2,0.925125,False,True,1
1.86,14,0.92576,False,True,3
1.9,10,0.926153,False,True,3
-0.09,9,0.926506,False,True,1
-0.06,6,0.926771,False,True,1
-0.02,2,0.926954,False,True,1
-0.03,3,0.927106,False,True,1
-0.02,2,0.92722,False,True,1
-0.01,1,0.927282,False,True,1
-0.08,8,0.927687,False,True,1
-0.07,7,0.927984,False,True,1
-0.02,2,0.92808,False,True,1
-0.14,14,0.92863,False,True,1
1.91,9,0.929083,False,True,3
-0.11,11,0.929531,False,True,1
-0.01,1,0.929595,False,True,1
-0.1,10,0.929978,False,True,1
-0.04,4,0.930242,False,True,1
-0.02,2,0.930357,False,True,1
-0.02,2,0.930445,False,True,1
-0.04,4,0.93062,False,True,1
-0.05,5,0.93093,False,True,1
-0.03,3,0.931052,False,True,1
-0.04,4,0.931227,False,True,1
-0.1,10,0.931635,False,True,1
-0.05,5,0.931914,False,True,1
-0.18,18,0.932604,False,True,1
-0.09,9,0.932956,False,True,1
-0.06,6,0.933204,False,True,1
-0.09,9,0.933662,False,True,1
-0.14,14,0.934474,False,True,1
-0.06,6,0.934782,False,True,1
-0.03,3,0.934913,False,True,1
-0.07,7,0.935342,False,True,1
-0.12,12,0.935819,False,True,1
-0.22,22,0.936658,False,True,1
-0.12,12,0.937313,False,True,1
-0.04,4,0.937614,False,True,1
-0.03,3,0.937743,False,True,1
1.94,6,0.938008,False,True,3
-0.11,11,0.938441,False,True,1
-0.09,9,0.938874,False,True,1
-0.01,1,0.93894,False,True,1
-0.03,3,0.939087,False,True,1
-0.06,6,0.939322,False,True,1
-0.01,1,0.939477,False,True,1
-0.01,1,0.939539,False,True,1
-0.18,18,0.940311,False,True,1
1.86,14,0.940972,False,True,3
-0.01,1,0.941137,False,True,1
-0.01,1,0.941203,False,True,1
-0.03,3,0.941359,False,True,1
-0.08,8,0.941693,False,True,1
-0.12,12,0.942248,False,True,1
-0.03,3,0.942399,False,True,1
-0.08,8,0.942732,False,True,1
-0.07,7,0.943029,False,True,1
-0.1,10,0.943499,False,True,1
-0.01,1,0.94356,False,True,1
-0.03,3,0.943703,False,True,1
0.96,4,0.943874,False,True,2
-0.03,3,0.94408,False,True,1
1.96,4,0.945106,False,True,3
-0.03,3,0.945908,False,True,1
-0.12,12,0.946686,False,True,1
-0.06,6,0.947113,False,True,1
-0.02,2,0.947241,False,True,1
-0.02,2,0.947339,False,True,1
-0.2,20,0.948121,False,True,1
-0.02,2,0.948322,False,True,1
-0.15,15,0.948885,False,True,1
-0.08,8,0.949207,False,True,1
-0.06,6,0.949463,False,True,1
-0.13,13,0.950026,False,True,1
-0.05,5,0.950225,False,True,1
-0.02,2,0.950333,False,True,1
-0.03,3,0.950472,False,True,1
-0.02,2,0.950628,False,True,1
-0.03,3,0.950771,False,True,1
-0.06,6,0.950996,False,True,1
-0.01,1,0.951073,False,True,1
-0.11,11,0.951549,False,True,1
-0.01,1,0.951631,False,True,1
-0.01,1,0.951686,False,True,1
-0.05,5,0.951891,False,True,1
1.9,10,0.952365,False,True,3
-0.01,1,0.952425,False,True,1
-0.07,7,0.952715,False,True,1
-0.02,2,0.952809,False,True,1
-0.03,3,0.953025,False,True,1
-0.04,4,0.953205,False,True,1
-0.03,3,0.953353,False,True,1
-0.11,11,0.953762,False,True,1
-0.01,1,0.953915,False,True,1
-0.02,2,0.954015,False,True,1
-0.02,2,0.954131,False,True,1
-0.11,11,0.954547,False,True,1
-0.03,3,0.954978,False,True,1
-0.01,1,0.95504,False,True,1
-0.05,5,0.955269,False,True,1
-0.03,3,0.955394,False,True,1
-0.04,4,0.95564,False,True,1
-0.01,1,0.955724,False,True,1
-0.03,3,0.955843,False,True,1
-0.02,2,0.955963,False,True,1
-0.01,1,0.956086,False,True,1
-0.04,4,0.95627,False,True,1
-0.03,3,0.956414,False,True,1
-0.12,12,0.956876,False,True,1
-0.01,1,0.957,False,True,1
-0.15,15,0.957601,False,True,1
-0.01,1,0.957661,False,True,1
-0.01,1,0.957718,False,True,1
-0.02,2,0.9579,False,True,1
-0.07,7,0.958205,False,True,1
-0.13,13,0.958693,False,True,1
-0.04,4,0.958868,False,True,1
-0.03,3,0.95909,False,True,1
-0.03,3,0.959216,False,True,1
-0.01,1,0.959292,False,True,1
-0.09,9,0.959629,False,True,1
-0.01,1,0.959744,False,True,1
-0.09,9,0.960094,False,True,1
-0.1,10,0.960484,False,True,1
0.94,6,0.960728,False,True,2
-0.05,5,0.96101,False,True,1
-0.01,1,0.961069,False,True,1
-0.09,9,0.961407,False,True,1
0.94,6,0.961659,False,True,2
-0.02,2,0.961836,False,True,1
-0.13,13,0.962316,False,True,1
-0.03,3,0.962458,False,True,1
-0.05,5,0.962653,False,True,1
-0.01,1,0.962791,False,True,1
-0.02,2,0.962884,False,True,1
-0.09,9,0.963219,False,True,1
-0.02,2,0.963325,False,True,1
-0.03,3,0.963532,False,True,1
-0.08,8,0.963842,False,True,1
-0.03,3,0.96396,False,True,1
-0.2,20,0.964743,False,True,1
-0.09,9,0.965486,False,True,1
-0.06,6,0.965744,False,True,1
0.93,7,0.966039,False,True,2
-0.07,7,0.966332,False,True,1
-0.09,9,0.966785,False,True,1
-0.01,1,0.966843,False,True,1
-0.07,7,0.967121,False,True,1
-0.05,5,0.967319,False,True,1
-0.01,1,0.967445,False,True,1
-0.08,8,0.967763,False,True,1
-0.01,1,0.967841,False,True,1
-0.03,3,0.967955,False,True,1
-0.02,2,0.96813,False,True,1
-0.1,10,0.96852,False,True,1
1.92,8,0.968836,False,True,3
1.89,11,0.969286,False,True,3
-0.01,1,0.969414,False,True,1
-0.11,11,0.969871,False,True,1
-0.14,14,0.970444,False,True,1
-0.16,16,0.971151,False,True,1
-0.16,16,0.971868,False,True,1
-0.01,1,0.971934,False,True,1
-0.03,3,0.972077,False,True,1
-0.03,3,0.972196,False,True,1
-0.07,7,0.972561,False,True,1
-0.04,4,0.972734,False,True,1
-0.17,17,0.973357,False,True,1
-0.09,9,0.973716,False,True,1
-0.03,3,0.973903,False,True,1
1.96,4,0.974074,False,True,3
-0.05,5,0.974291,False,True,1
-0.04,4,0.974462,False,True,1
-0.02,2,0.974619,False,True,1
-0.09,9,0.974966,False,True,1
-0.05,5,0.97519,False,True,1
-0.04,4,0.975359,False,True,1
-0.1,10,0.975848,False,True,1
-0.09,9,0.976203,False,True,1
-0.08,8,0.976517,False,True,1
-0.01,1,0.976599,False,True,1
-0.02,2,0.97678,False,True,1
-0.01,1,0.976839,False,True,1
1.66,34,0.978121,False,True,3
0.82,18,0.978788,False,True,2
-0.08,8,0.979202,False,True,1
-0.05,5,0.979422,False,True,1
-0.03,3,0.979538,False,True,1
-0.02,2,0.979649,False,True,1
-0.05,5,0.979923,False,True,1
-0.03,3,0.980064,False,True,1
-0.05,5,0.980266,False,True,1
-0.03,3,0.980404,False,True,1
-0.08,8,0.980784,False,True,1
0.8,20,0.981518,False,True,2
0.93,7,0.981799,False,True,2
-0.03,3,0.981913,False,True,1
-0.11,11,0.982543,False,True,1
-0.05,5,0.982786,False,True,1
-0.07,7,0.983075,False,True,1
-0.03,3,0.98322,False,True,1
-0.02,2,0.983436,False,True,1
-0.07,7,0.983724,False,True,1
-0.03,3,0.983867,False,True,1
-0.11,11,0.984279,False,True,1
-0.37,37,0.985826,False,True,1
-0.08,8,0.98616,False,True,1
-0.04,4,0.98633,False,True,1
-0.02,2,0.986416,False,True,1
-0.01,1,0.986553,False,True,1
-0.02,2,0.986649,False,True,1
-0.02,2,0.986763,False,True,1
-0.07,7,0.987019,False,True,1
-0.01,1,0.98716,False,True,1
-0.04,4,0.987336,False,True,1
-0.08,8,0.987637,False,True,1
-0.07,7,0.987893,False,True,1
-0.01,1,0.988028,False,True,1
-0.09,9,0.988366,False,True,1
-0.02,2,0.988454,False,True,1
-0.03,3,0.988593,False,True,1
-0.01,1,0.988709,False,True,1
1.84,16,0.989301,False,True,3
-0.01,1,0.989384,False,True,1
-0.1,10,0.989746,False,True,1
-0.17,17,0.990437,False,True,1
-0.05,5,0.990657,False,True,1
-0.06,6,0.990886,False,True,1
-0.02,2,0.990992,False,True,1
-0.15,15,0.991593,False,True,1
-0.02,2,0.991705,False,True,1
-0.05,5,0.991903,False,True,1
-0.03,3,0.992041,False,True,1
-0.01,1,0.992159,False,True,1
-0.11,11,0.992594,False,True,1
-0.04,4,0.99277,False,True,1
-0.1,10,0.993135,False,True,1
-0.01,1,0.993279,False,True,1
-0.01,1,0.993342,False,True,1
-0.1,10,0.993803,False,True,1
-0.11,11,0.99423,False,True,1
-0.05,5,0.994522,False,True,1
-0.05,5,0.994759,False,True,1
-0.03,3,0.994878,False,True,1
-0.01,1,0.994953,False,True,1
-0.03,3,0.995148,False,True,1
-0.05,5,0.995376,False,True,1
-0.02,2,0.995467,False,True,1
-0.01,1,0.995523,False,True,1
-0.03,3,0.99573,False,True,1
0.92,8,0.996043,False,True,2
-0.12,12,0.996485,False,True,1
0.96,4,0.996653,False,True,2
-0.02,2,0.996827,False,True,1
0.92,8,0.997146,False,True,2
-0.04,4,0.997313,False,True,1
-0.04,4,0.997479,False,True,1
0.94,6,0.997786,False,True,2
-0.03,3,0.997929,False,True,1
-0.01,1,0.997984,False,True,1
-0.06,6,0.998236,False,True,1
-0.01,1,0.998355,False,True,1
-0.02,2,0.998452,False,True,1
-0.01,1,0.998529,False,True,1
-0.08,8,0.998835,False,True,1
-0.11,11,0.999301,False,True,1
-0.06,6,0.999547,False,True,1
-0.05,5,0.999745,False,True,1
-0.17,17,1.000341,False,True,1
-0.04,4,1.000575,False,True,1
-0.17,17,1.001199,False,True,1
-0.03,3,1.001315,False,True,1
-0.08,8,1.001615,False,True,1
-0.15,15,1.002244,False,True,1
-0.05,5,1.002444,False,True,1
-0.06,6,1.002697,False,True,1
-0.15,15,1.003258,False,True,1
-0.06,6,1.003715,False,True,1
-0.04,4,1.003933,False,True,1
-0.13,13,1.004418,False,True,1
-0.09,9,1.004787,False,True,1
-0.03,3,1.00503,False,True,1
-0.17,17,1.00567,False,True,1
-0.07,7,1.005923,False,True,1
-0.18,18,1.006568,False,True,1
-0.02,2,1.006721,False,True,1
-0.05,5,1.006993,False,True,1
-0.03,3,1.007125,False,True,1
-0.09,9,1.007493,False,True,1
-0.03,3,1.007708,False,True,1
-0.08,8,1.008031,False,True,1
-0.04,4,1.008203,False,True,1
-0.12,12,1.008652,False,True,1
-0.03,3,1.008866,False,True,1
-0.17,17,1.009476,False,True,1
-0.08,8,1.009789,False,True,1
0.93,7,1.01008,False,True,2
-0.12,12,1.01063,False,True,1
1.94,6,1.010896,False,True,3
1.9,10,1.011304,False,True,3
-0.05,5,1.011504,False,True,1
-0.16,16,1.012265,False,True,1
-0.04,4,1.01246,False,True,1
-0.01,1,1.012542,False,True,1
-0.03,3,1.012671,False,True,1
-0.19,19,1.013483,False,True,1
-0.09,9,1.013827,False,True,1
-0.04,4,1.014003,False,True,1
-0.03,3,1.014143,False,True,1
-0.07,7,1.014512,False,True,1
-0.15,15,1.01508,False,True,1
-0.19,19,1.015751,False,True,1
-0.01,1,1.015831,False,True,1
-0.01,1,1.015946,False,True,1
-0.04,4,1.016133,False,True,1
-0.02,2,1.016221,False,True,1
-0.04,4,1.016391,False,True,1
-0.03,3,1.016602,False,True,1
-0.02,2,1.016716,False,True,1
-0.13,13,1.017199,False,True,1
-0.07,7,1.017476,False,True,1
-0.08,8,1.017873,False,True,1
-0.03,3,1.017999,False,True,1
-0.07,7,1.018335,False,True,1
-0.07,7,1.018725,False,True,1
-0.02,2,1.018935,False,True,1
-0.05,5,1.019193,False,True,1
-0.03,3,1.019322,False,True,1
-0.03,3,1.019474,False,True,1
-0.02,2,1.019672,False,True,1
-0.01,1,1.019735,False,True,1
-0.07,7,1.020019,False,True,1
0.95,5,1.020234,False,True,2
-0.1,10,1.020704,False,True,1
-0.08,8,1.021021,False,True,1
-0.02,2,1.021134,False,True,1
-0.03,3,1.021275,False,True,1
-0.01,1,1.021394,False,True,1
-0.08,8,1.021728,False,True,1
-0.01,1,1.021784,False,True,1
-0.05,5,1.021984,False,True,1
-0.05,5,1.022279,False,True,1
-0.04,4,1.022449,False,True,1
-0.01,1,1.022505,False,True,1
-0.01,1,1.022565,False,True,1
-0.1,10,1.023026,False,True,1
-0.01,1,1.023086,False,True,1
-0.02,2,1.023173,False,True,1
-0.07,7,1.023456,False,True,1
-0.12,12,1.023985,False,True,1
-0.03,3,1.024131,False,True,1
-0.12,12,1.024567,False,True,1
-0.08,8,1.02487,False,True,1
-0.04,4,1.025177,False,True,1
-0.01,1,1.02525,False,True,1
-0.03,3,1.025407,False,True,1
-0.04,4,1.025583,False,True,1
-0.02,2,1.025763,False,True,1
-0.03,3,1.025918,False,True,1
-0.03,3,1.026073,False,True,1
0.88,12,1.026544,False,True,2
-0.07,7,1.02692,False,True,1
-0.06,6,1.02716,False,True,1
-0.02,2,1.027274,False,True,1
-0.04,4,1.027449,False,True,1
-0.13,13,1.028041,False,True,1
-0.02,2,1.028131,False,True,1
1.88,12,1.028594,False,True,3
-0.12,12,1.06715,False,True,1
-0.09,9,1.074695,False,True,1
-0.01,1,1.074832,False,True,1
-0.16,16,1.086838,False,True,1
-0.05,5,1.091063,False,True,1
-0.12,12,1.098628,False,True,1
-0.01,1,1.098764,False,True,1
-0.16,16,1.110082,False,True,1
-0.01,1,1.112489,False,True,1
-0.02,2,1.112985,False,True,1
-0.03,3,1.115329,False,True,1
-0.03,3,1.117543,False,True,1
-0.01,1,1.117738,False,True,1
-0.07,7,1.122825,False,True,1
1.96,4,1.125486,False,True,3
-0.08,8,1.131255,False,True,1
-0.1,10,1.137347,False,True,1
-0.03,3,1.140111,False,True,1
-0.01,1,1.140232,False,True,1
-0.04,4,1.14264,False,True,1
-0.02,2,1.145272,False,True,1
1.96,4,1.148071,False,True,3
-0.01,1,1.148297,False,True,1
-0.01,1,1.148374,False,True,1
-0.02,2,1.151001,False,True,1
-0.03,3,1.151401,False,True,1
-0.01,1,1.153934,False,True,1
1.92,8,1.159293,False,True,3
-0.03,3,1.159561,False,True,1
1.91,9,1.167761,False,True,3
-0.05,5,1.171223,False,True,1
1.97,3,1.174005,False,True,3
-0.03,3,1.1743,False,True,1
-0.02,2,1.176946,False,True,1
-0.08,8,1.182163,False,True,1
1.97,3,1.184671,False,True,3
-0.01,1,1.18484,False,True,1
1.95,5,1.18831,False,True,3
1.91,9,1.19371,False,True,3
-0.01,1,1.19627,False,True,1
-0.01,1,1.196449,False,True,1
-0.01,1,1.196733,False,True,1
-0.01,1,1.196818,False,True,1
-0.02,2,1.199151,False,True,1
-0.02,2,1.199301,False,True,1
-0.02,2,1.201859,False,True,1
-0.02,2,1.202087,False,True,1
-0.01,1,1.204884,False,True,1
-0.04,4,1.207322,False,True,1
-0.01,1,1.207683,False,True,1
1.95,5,1.210515,False,True,3
-0.03,3,1.213356,False,True,1
0.95,5,1.216214,False,True,2
-0.01,1,1.216535,False,True,1
1.95,5,1.221826,False,True,3
1.96,4,1.224435,False,True,3
1.94,6,1.227223,False,True,3
-0.04,4,1.230238,False,True,1
-0.02,2,1.232632,False,True,1
-0.01,1,1.232872,False,True,1
-0.03,3,1.235483,False,True,1
1.95,5,1.238707,False,True,3
-0.02,2,1.238947,False,True,1
-0.04,4,1.241564,False,True,1
1.95,5,1.246956,False,True,3
-0.01,1,1.247306,False,True,1
-0.01,1,1.2474,False,True,1
1.95,5,1.250199,False,True,3
-0.01,1,1.252478,False,True,1
-0.02,2,1.25294,False,True,1
-0.01,1,1.25316,False,True,1
1.97,3,1.256295,False,True,3
1.9,10,1.264267,False,True,3
-0.01,1,1.264507,False,True,1
-0.03,3,1.266889,False,True,1
-0.01,1,1.267079,False,True,1
9.93,7,1.273076,True,False,5
-0.02,2,1.273482,False,True,1
-0.01,1,1.273634,False,True,1
-0.03,3,1.276327,False,True,1
-0.04,4,1.279195,False,True,1
1.92,8,1.284638,False,True,3
9.87,13,1.293178,True,False,5
-0.01,1,1.295648,False,True,1
-0.02,2,1.295906,False,True,1
-0.01,1,1.296199,False,True,1
-0.01,1,1.298514,False,True,1
-0.01,1,1.298715,False,True,1
-0.01,1,1.298868,False,True,1
1.94,6,1.304613,False,True,3
-0.02,2,1.304891,False,True,1
-0.01,1,1.305039,False,True,1
1.97,3,1.307753,False,True,3
-0.01,1,1.308064,False,True,1
1.96,4,1.310755,False,True,3
-0.01,1,1.313315,False,True,1
1.91,9,1.318779,False,True,3
-0.02,2,1.319161,False,True,1
-0.01,1,1.321688,False,True,1
-0.05,5,1.324316,False,True,1
-0.02,2,1.324528,False,True,1
1.96,4,1.327875,False,True,3
-0.01,1,1.330391,False,True,1
-0.01,1,1.330565,False,True,1
-0.03,3,1.333207,False,True,1
-0.02,2,1.333574,False,True,1
-0.06,6,1.338649,False,True,1
-0.02,2,1.338914,False,True,1
-0.01,1,1.339059,False,True,1
2.89,11,1.347272,False,True,4
-0.01,1,1.347505,False,True,1
-0.02,2,1.349868,False,True,1
-0.03,3,1.352321,False,True,1
-0.04,4,1.355155,False,True,1
1.95,5,1.357662,False,True,3
1.97,3,1.360316,False,True,3
-0.02,2,1.360545,False,True,1
1.97,3,1.363833,False,True,3
-0.01,1,1.364031,False,True,1
-0.01,1,1.364185,False,True,1
-0.01,1,1.366771,False,True,1
-0.02,2,1.367148,False,True,1
-0.01,1,1.367315,False,True,1
-0.01,1,1.370246,False,True,1
-0.01,1,1.370504,False,True,1
-0.01,1,1.370807,False,True,1
-0.03,3,1.37345,False,True,1
-0.01,1,1.373651,False,True,1
1.92,8,1.379106,False,True,3
9.92,8,1.384689,True,False,5
-0.01,1,1.3848,False,True,1
-0.01,1,1.387624,False,True,1
-0.04,4,1.390296,False,True,1
-0.02,2,1.390674,False,True,1
-0.02,2,1.393178,False,True,1
-0.02,2,1.393427,False,True,1
-0.01,1,1.393574,False,True,1
9.93,7,1.399522,True,False,5
-0.03,3,1.402378,False,True,1
1.97,3,1.405313,False,True,3
-0.01,1,1.40546,False,True,1
-0.01,1,1.405773,False,True,1
1.97,3,1.408202,False,True,3
-0.01,1,1.408425,False,True,1
-0.01,1,1.408507,False,True,1
-0.02,2,1.41074,False,True,1
1.94,6,1.413888,False,True,3
-0.03,3,1.416395,False,True,1
-0.01,1,1.41657,False,True,1
-0.01,1,1.419149,False,True,1
-0.01,1,1.41943,False,True,1
-0.01,1,1.419505,False,True,1
-0.01,1,1.419652,False,True,1
-0.04,4,1.422339,False,True,1
-0.01,1,1.424691,False,True,1
-0.03,3,1.424971,False,True,1
-0.02,2,1.427596,False,True,1
-0.02,2,1.427951,False,True,1
-0.05,5,1.433189,False,True,1
-0.04,4,1.435957,False,True,1
-0.05,5,1.438665,False,True,1
-0.02,2,1.439005,False,True,1
-0.04,4,1.441666,False,True,1
-0.01,1,1.444286,False,True,1
-0.03,3,1.444599,False,True,1
-0.02,2,1.44711,False,True,1
1.96,4,1.449797,False,True,3
1.96,4,1.452678,False,True,3
-0.01,1,1.452859,False,True,1
9.91,9,1.458476,True,False,5
-0.01,1,1.46104,False,True,1
-0.01,1,1.461224,False,True,1
-0.01,1,1.461373,False,True,1
-0.01,1,1.461637,False,True,1
-0.01,1,1.464089,False,True,1
0.97,3,1.464486,False,True,2
1.94,6,1.469938,False,True,3
9.94,6,1.473016,True,False,5
-0.01,1,1.475376,False,True,1
9.92,8,1.481229,True,False,5
-0.03,3,1.481556,False,True,1
-0.02,2,1.484048,False,True,1
-0.01,1,1.48421,False,True,1
-0.04,4,1.487297,False,True,1
-0.01,1,1.487484,False,True,1
1.91,9,1.495532,False,True,3
-0.02,2,1.495814,False,True,1
-0.02,2,1.498191,False,True,1
1.97,3,1.49859,False,True,3
1.93,7,1.504273,False,True,3
-0.05,5,1.507211,False,True,1
-0.01,1,1.509593,False,True,1
-0.03,3,1.50987,False,True,1
1.96,4,1.512985,False,True,3
1.97,3,1.515628,False,True,3
-0.01,1,1.515818,False,True,1
-0.02,2,1.518594,False,True,1
-0.02,2,1.518984,False,True,1
-0.01,1,1.521471,False,True,1
-0.05,5,1.524269,False,True,1
-0.02,2,1.524491,False,True,1
1.97,3,1.527374,False,True,3
-0.04,4,1.530009,False,True,1
-0.03,3,1.532742,False,True,1
-0.01,1,1.532922,False,True,1
-0.02,2,1.53573,False,True,1
-0.01,1,1.535953,False,True,1
0.95,5,1.538815,False,True,2
-0.04,4,1.541369,False,True,1
-0.01,1,1.541685,False,True,1
-0.01,1,1.544296,False,True,1
-0.02,2,1.544562,False,True,1
1.96,4,1.547613,False,True,3
-0.02,2,1.550307,False,True,1
-0.01,1,1.550509,False,True,1
-0.01,1,1.550665,False,True,1
0.96,4,1.553682,False,True,2
-0.01,1,1.553953,False,True,1
-0.01,1,1.556544,False,True,1
-0.01,1,1.556667,False,True,1
-0.01,1,1.556827,False,True,1
-0.01,1,1.557104,False,True,1
-0.01,1,1.559425,False,True,1
9.95,5,1.562815,True,False,5
-0.06,6,1.565577,False,True,1
-0.01,1,1.568038,False,True,1
-0.01,1,1.568285,False,True,1
-0.04,4,1.571485,False,True,1
-0.02,2,1.571727,False,True,1
-0.04,4,1.574578,False,True,1
-0.01,1,1.577026,False,True,1
-0.01,1,1.57721,False,True,1
-0.01,1,1.577355,False,True,1
-0.03,3,1.580022,False,True,1
-0.01,1,1.580262,False,True,1
-0.02,2,1.582798,False,True,1
-0.01,1,1.582984,False,True,1
-0.01,1,1.583192,False,True,1
1.96,4,1.58575,False,True,3
-0.02,2,1.588469,False,True,1
-0.01,1,1.588686,False,True,1
1.94,6,1.591506,False,True,3
-0.02,2,1.593966,False,True,1
1.96,4,1.596845,False,True,3
-0.01,1,1.597019,False,True,1
-0.02,2,1.599546,False,True,1
-0.05,5,1.602326,False,True,1
-0.01,1,1.602516,False,True,1
-0.01,1,1.60267,False,True,1
0.97,3,1.605587,False,True,2
-0.01,1,1.605768,False,True,1
-0.01,1,1.60822,False,True,1
-0.04,4,1.610756,False,True,1
1.97,3,1.61124,False,True,3
1.96,4,1.613933,False,True,3
-0.02,2,1.616427,False,True,1
-0.03,3,1.619008,False,True,1
-0.01,1,1.619349,False,True,1
1.96,4,1.622427,False,True,3
-0.01,1,1.622632,False,True,1
-0.01,1,1.622782,False,True,1
1.94,6,1.62792,False,True,3
-0.01,1,1.628085,False,True,1
-0.02,2,1.630581,False,True,1
-0.01,1,1.630877,False,True,1
-0.01,1,1.631192,False,True,1
1.96,4,1.633978,False,True,3
9.95,5,1.637028,True,False,5
-0.01,1,1.639526,False,True,1
-0.01,1,1.639837,False,True,1
1.94,6,1.642597,False,True,3
1.97,3,1.645734,False,True,3
-0.03,3,1.648068,False,True,1
1.97,3,1.653045,False,True,3
-0.01,1,1.653275,False,True,1
-0.05,5,1.656136,False,True,1
-0.01,1,1.656338,False,True,1
-0.01,1,1.658887,False,True,1
1.96,4,1.662096,False,True,3
-0.01,1,1.662303,False,True,1
-0.02,2,1.662518,False,True,1
-0.02,2,1.66515,False,True,1
-0.03,3,1.6677,False,True,1
-0.01,1,1.667907,False,True,1
-0.02,2,1.668136,False,True,1
-0.01,1,1.671179,False,True,1
-0.01,1,1.671407,False,True,1
-0.01,1,1.671557,False,True,1
-0.01,1,1.671705,False,True,1
-0.01,1,1.67445,False,True,1
-0.01,1,1.674627,False,True,1
-0.02,2,1.674834,False,True,1
1.96,4,1.677532,False,True,3
-0.03,3,1.680218,False,True,1
-0.01,1,1.68045,False,True,1
-0.01,1,1.682866,False,True,1
1.95,5,1.685611,False,True,3
1.96,4,1.688528,False,True,3
-0.02,2,1.688665,False,True,1
-0.01,1,1.691031,False,True,1
-0.01,1,1.691247,False,True,1
-0.01,1,1.691506,False,True,1
-0.02,2,1.694264,False,True,1
-0.01,1,1.694495,False,True,1
0.97,3,1.697141,False,True,2
-0.01,1,1.697506,False,True,1
-0.04,4,1.700213,False,True,1
-0.03,3,1.702916,False,True,1
-0.01,1,1.703122,False,True,1
-0.02,2,1.703461,False,True,1
1.94,6,1.708606,False,True,3
-0.01,1,1.708709,False,True,1
-0.01,1,1.708868,False,True,1
-0.01,1,1.711885,False,True,1
-0.04,4,1.714445,False,True,1
-0.03,3,1.714735,False,True,1
-0.04,4,1.717309,False,True,1
-0.01,1,1.720062,False,True,1
-0.02,2,1.720326,False,True,1
-0.03,3,1.722896,False,True,1
-0.01,1,1.723073,False,True,1
-0.04,4,1.725758,False,True,1
1.95,5,1.728955,False,True,3
-0.01,1,1.731536,False,True,1
1.94,6,1.734389,False,True,3
-0.02,2,1.737448,False,True,1
-0.01,1,1.737697,False,True,1
-0.01,1,1.737857,False,True,1
9.91,9,1.743045,True,False,5
-0.01,1,1.745968,False,True,1
9.93,7,1.749088,True,False,5
-0.01,1,1.751528,False,True,1
-0.02,2,1.751767,False,True,1
-0.01,1,1.752032,False,True,1
-0.04,4,1.754901,False,True,1
-0.02,2,1.75753,False,True,1
-0.01,1,1.757626,False,True,1
-0.01,1,1.757915,False,True,1
-0.01,1,1.760289,False,True,1
-0.01,1,1.760477,False,True,1
-0.02,2,1.760603,False,True,1
-0.01,1,1.763234,False,True,1
-0.01,1,1.763442,False,True,1
-0.01,1,1.763603,False,True,1
-0.02,2,1.765962,False,True,1
-0.04,4,1.768763,False,True,1
-0.01,1,1.768959,False,True,1
-0.02,2,1.769155,False,True,1
-0.05,5,1.774591,False,True,1
1.97,3,1.775191,False,True,3
1.96,4,1.77796,False,True,3
-0.04,4,1.78067,False,True,1
-0.02,2,1.783221,False,True,1
9.95,5,1.786322,True,False,5
-0.06,6,1.791694,False,True,1
-0.01,1,1.79189,False,True,1
-0.02,2,1.792085,False,True,1
-0.01,1,1.794918,False,True,1
-0.01,1,1.795122,False,True,1
1.95,5,1.797767,False,True,3
1.96,4,1.800569,False,True,3
-0.01,1,1.800795,False,True,1
-0.03,3,1.803652,False,True,1
1.96,4,1.80651,False,True,3
-0.01,1,1.806685,False,True,1
-0.01,1,1.809267,False,True,1
0.96,4,1.812274,False,True,2
-0.01,1,1.812396,False,True,1
-0.01,1,1.812597,False,True,1
-0.02,2,1.815241,False,True,1
-0.04,4,1.817883,False,True,1
1.96,4,1.821084,False,True,3
-0.01,1,1.821316,False,True,1
-0.03,3,1.824093,False,True,1
-0.01,1,1.824326,False,True,1
-0.02,2,1.824533,False,True,1
1.93,7,1.830435,False,True,3
1.94,6,1.835929,False,True,3
-0.03,3,1.836238,False,True,1
-0.01,1,1.838955,False,True,1
-0.01,1,1.839099,False,True,1
-0.01,1,1.839398,False,True,1
9.94,6,1.844801,True,False,5
-0.03,3,1.845087,False,True,1
1.96,4,1.848037,False,True,3
-0.03,3,1.850766,False,True,1
-0.02,2,1.853666,False,True,1
-0.02,2,1.853933,False,True,1
-0.01,1,1.854077,False,True,1
1.96,4,1.856899,False,True,3
-0.03,3,1.859353,False,True,1
-0.01,1,1.859575,False,True,1
9.95,5,1.865247,True,False,5
-0.01,1,1.865587,False,True,1
9.92,8,1.871372,True,False,5
-0.03,3,1.874235,False,True,1
-0.01,1,1.874441,False,True,1
-0.01,1,1.874736,False,True,1
-0.04,4,1.877245,False,True,1
1.97,3,1.880239,False,True,3
1.95,5,1.883187,False,True,3
-0.03,3,1.885881,False,True,1
-0.01,1,1.885994,False,True,1
-0.01,1,1.886152,False,True,1
-0.03,3,1.888951,False,True,1
-0.01,1,1.889292,False,True,1
1.96,4,1.891889,False,True,3
0.97,3,1.894845,False,True,2
-0.03,3,1.897355,False,True,1
0.96,4,1.899988,False,True,2
-0.01,1,1.900174,False,True,1
9.93,7,1.905566,True,False,5
-0.01,1,1.905749,False,True,1
-0.02,2,1.908324,False,True,1
-0.03,3,1.908541,False,True,1
-0.01,1,1.911045,False,True,1
-0.01,1,1.911256,False,True,1
-0.03,3,1.913862,False,True,1
-0.01,1,1.914098,False,True,1
-0.04,4,1.91656,False,True,1
-0.01,1,1.916669,False,True,1
9.94,6,1.922627,True,False,5
-0.02,2,1.922811,False,True,1
-0.01,1,1.922963,False,True,1
-0.02,2,1.925639,False,True,1
-0.02,2,1.926036,False,True,1
-0.01,1,1.92894,False,True,1
-0.06,6,1.931751,False,True,1
1.97,3,1.934711,False,True,3
-0.02,2,1.935053,False,True,1
-0.01,1,1.937803,False,True,1
-0.02,2,1.938053,False,True,1
-0.01,1,1.938209,False,True,1
-0.02,2,1.940672,False,True,1
1.97,3,1.943297,False,True,3
-0.01,1,1.943511,False,True,1
1.94,6,1.946666,False,True,3
-0.01,1,1.949314,False,True,1
1.94,6,1.952315,False,True,3
-0.02,2,1.955061,False,True,1
-0.04,4,1.957625,False,True,1
0.94,6,1.960374,False,True,2
-0.01,1,1.960559,False,True,1
-0.03,3,1.96336,False,True,1
-0.01,1,1.963545,False,True,1
-0.01,1,1.965944,False,True,1
-0.01,1,1.966205,False,True,1
2.91,9,1.97188,False,True,4
-0.01,1,1.971995,False,True,1
9.92,8,1.977806,True,False,5
-0.02,2,1.980409,False,True,1
-0.02,2,1.980629,False,True,1
-0.04,4,1.983295,False,True,1
-0.02,2,1.985877,False,True,1
-0.02,2,1.986121,False,True,1
-0.03,3,1.989034,False,True,1
-0.04,4,1.991673,False,True,1
-0.01,1,1.991985,False,True,1
-0.01,1,1.994285,False,True,1
-0.01,1,1.994474,False,True,1
-0.01,1,1.994617,False,True,1
-0.01,1,1.994858,False,True,1
-0.02,2,1.997617,False,True,1
-0.02,2,1.997851,False,True,1
-0.01,1,2.000254,False,True,1
-0.01,1,2.000559,False,True,1
-0.02,2,2.000762,False,True,1
1.97,3,2.003816,False,True,3
-0.01,1,2.003998,False,True,1
-0.01,1,2.006627,False,True,1
1.96,4,2.009195,False,True,3
-0.02,2,2.009436,False,True,1
-0.03,3,2.012338,False,True,1
-0.01,1,2.01269,False,True,1
1.96,4,2.015393,False,True,3
-0.01,1,2.015555,False,True,1
-0.01,1,2.017914,False,True,1
1.96,4,2.021033,False,True,3
-0.01,1,2.021229,False,True,1
1.96,4,2.023811,False,True,3
-0.01,1,2.023978,False,True,1
-0.01,1,2.024177,False,True,1
-0.02,2,2.02671,False,True,1
-0.01,1,2.026811,False,True,1
-0.01,1,2.026881,False,True,1
-0.01,1,2.029687,False,True,1
-0.01,1,2.029882,False,True,1
-0.02,2,2.030006,False,True,1
-0.03,3,2.032627,False,True,1
-0.01,1,2.032932,False,True,1
-0.02,2,2.035319,False,True,1
-0.01,1,2.035402,False,True,1
1.93,7,2.040784,False,True,3
-0.05,5,2.04344,False,True,1
-0.01,1,2.043533,False,True,1
-0.01,1,2.046279,False,True,1
-0.03,3,2.046587,False,True,1
-0.01,1,2.049353,False,True,1
-0.01,1,2.049537,False,True,1
-0.01,1,2.049678,False,True,1
-0.01,1,2.049818,False,True,1
1.96,4,2.052859,False,True,3
-0.03,3,2.055723,False,True,1
1.95,5,2.058785,False,True,3
1.97,3,2.061696,False,True,3
-0.02,2,2.064152,False,True,1
-0.05,5,2.066711,False,True,1
-0.01,1,2.066912,False,True,1
1.94,6,2.071939,False,True,3
-0.02,2,2.072364,False,True,1
-0.01,1,2.072529,False,True,1
1.97,3,2.074896,False,True,3
1.97,3,2.077615,False,True,3
1.96,4,2.080689,False,True,3
-0.01,1,2.080904,False,True,1
-0.01,1,2.081055,False,True,1
-0.01,1,2.083462,False,True,1
1.96,4,2.086727,False,True,3
-0.02,2,2.086991,False,True,1
-0.01,1,2.087137,False,True,1
-0.01,1,2.089678,False,True,1
-0.01,1,2.089976,False,True,1
-0.01,1,2.090128,False,True,1
-0.01,1,2.090207,False,True,1
-0.01,1,2.092774,False,True,1
-0.03,3,2.093269,False,True,1
-0.01,1,2.096107,False,True,1
-0.03,3,2.096319,False,True,1
-0.02,2,2.098884,False,True,1
1.97,3,2.101335,False,True,3
-0.01,1,2.101453,False,True,1
-0.01,1,2.101613,False,True,1
9.94,6,2.107262,True,False,5
-0.01,1,2.107646,False,True,1
-0.01,1,2.107816,False,True,1
-0.01,1,2.107965,False,True,1
1.97,3,2.111593,False,True,3
1.97,3,2.114892,False,True,3
-0.03,3,2.117383,False,True,1
-0.02,2,2.117664,False,True,1
-0.03,3,2.120795,False,True,1
-0.04,4,2.123886,False,True,1
-0.01,1,2.124066,False,True,1
0.93,7,2.129203,False,True,2
1.94,6,2.13194,False,True,3
-0.01,1,2.134442,False,True,1
-0.02,2,2.134632,False,True,1
-0.02,2,2.137682,False,True,1
-0.02,2,2.13793,False,True,1
1.97,3,2.140612,False,True,3
-0.02,2,2.140788,False,True,1
-0.01,1,2.142878,False,True,1
-0.03,3,2.143181,False,True,1
-0.01,1,2.146159,False,True,1
-0.01,1,2.146366,False,True,1
-0.01,1,2.146513,False,True,1
-0.01,1,2.146658,False,True,1
-0.01,1,2.149282,False,True,1
-0.02,2,2.149548,False,True,1
-0.01,1,2.149698,False,True,1
-0.01,1,2.152048,False,True,1
-0.01,1,2.152292,False,True,1
-0.01,1,2.152501,False,True,1
0.96,4,2.155259,False,True,2
-0.01,1,2.155457,False,True,1
1.96,4,2.158368,False,True,3
-0.01,1,2.161128,False,True,1
-0.01,1,2.161333,False,True,1
-0.01,1,2.161418,False,True,1
-0.02,2,2.16409,False,True,1
-0.02,2,2.164352,False,True,1
-0.01,1,2.164501,False,True,1
-0.03,3,2.166944,False,True,1
1.97,3,2.170216,False,True,3
-0.01,1,2.170434,False,True,1
9.94,6,2.175597,True,False,5
-0.04,4,2.178339,False,True,1
-0.01,1,2.178674,False,True,1
-0.01,1,2.178842,False,True,1
1.96,4,2.181724,False,True,3
-0.02,2,2.184257,False,True,1
-0.01,1,2.184545,False,True,1
-0.01,1,2.184701,False,True,1
-0.02,2,2.187634,False,True,1
-0.02,2,2.18793,False,True,1
-0.02,2,2.190745,False,True,1
-0.03,3,2.190952,False,True,1
-0.05,5,2.196148,False,True,1
-0.01,1,2.196347,False,True,1
-0.01,1,2.196622,False,True,1
-0.01,1,2.196701,False,True,1
-0.03,3,2.199172,False,True,1
-0.02,2,2.201594,False,True,1
-0.01,1,2.201865,False,True,1
1.95,5,2.204827,False,True,3
1.95,5,2.207605,False,True,3
-0.01,1,2.210497,False,True,1
-0.03,3,2.210967,False,True,1
-0.01,1,2.213439,False,True,1
-0.03,3,2.213723,False,True,1
-0.01,1,2.216053,False,True,1
1.97,3,2.216635,False,True,3
-0.01,1,2.219339,False,True,1
-0.01,1,2.219644,False,True,1
1.94,6,2.222566,False,True,3
-0.01,1,2.225084,False,True,1
0.96,4,2.227758,False,True,2
-0.03,3,2.22811,False,True,1
-0.03,3,2.230836,False,True,1
-0.01,1,2.231152,False,True,1
-0.01,1,2.233631,False,True,1
-0.01,1,2.233822,False,True,1
-0.01,1,2.233968,False,True,1
-0.01,1,2.23424,False,True,1
-0.01,1,2.237148,False,True,1
-0.02,2,2.237444,False,True,1
-0.02,2,2.239992,False,True,1
-0.01,1,2.240308,False,True,1
-0.02,2,2.240512,False,True,1
-0.01,1,2.243074,False,True,1
2.92,8,2.248782,False,True,4
-0.02,2,2.249247,False,True,1
-0.01,1,2.24941,False,True,1
-0.03,3,2.251933,False,True,1
-0.01,1,2.252117,False,True,1
-0.01,1,2.254853,False,True,1
-0.01,1,2.255136,False,True,1
-0.01,1,2.255325,False,True,1
-0.01,1,2.255488,False,True,1
-0.01,1,2.258205,False,True,1
-0.01,1,2.258425,False,True,1
-0.02,2,2.25854,False,True,1
-0.03,3,2.261621,False,True,1
-0.01,1,2.261882,False,True,1
-0.06,6,2.267054,False,True,1
-0.04,4,2.26965,False,True,1
-0.02,2,2.269878,False,True,1
-0.01,1,2.278869,False,True,1
0.96,4,2.288334,False,True,2
-0.01,1,2.288637,False,True,1
-0.04,4,2.291461,False,True,1
-0.02,2,2.291843,False,True,1
-0.02,2,2.296044,False,True,1
-0.02,2,2.296302,False,True,1
-0.02,2,2.299791,False,True,1
0.95,5,2.303055,False,True,2
-0.01,1,2.303271,False,True,1
-0.01,1,2.305788,False,True,1
-0.01,1,2.305986,False,True,1
1.95,5,2.308931,False,True,3
-0.01,1,2.30911,False,True,1
-0.01,1,2.311596,False,True,1
-0.01,1,2.311849,False,True,1
-0.01,1,2.312153,False,True,1
-0.04,4,2.314921,False,True,1
-0.02,2,2.317362,False,True,1
9.94,6,2.32109,True,False,5
-0.02,2,2.323861,False,True,1
-0.02,2,2.324105,False,True,1
1.97,3,2.326718,False,True,3
-0.03,3,2.329717,False,True,1
-0.04,4,2.332355,False,True,1
1.96,4,2.334932,False,True,3
1.96,4,2.337977,False,True,3
-0.01,1,2.338193,False,True,1
-0.02,2,2.338532,False,True,1
-0.01,1,2.34081,False,True,1
-0.01,1,2.341027,False,True,1
-0.01,1,2.341182,False,True,1
-0.02,2,2.343969,False,True,1
-0.01,1,2.344198,False,True,1
-0.01,1,2.344376,False,True,1
1.94,6,2.349825,False,True,3
-0.06,6,2.352938,False,True,1
-0.01,1,2.353133,False,True,1
9.93,7,2.358513,True,False,5
9.95,5,2.36142,True,False,5
1.96,4,2.36437,False,True,3
-0.04,4,2.366887,False,True,1
-0.02,2,2.369515,False,True,1
-0.01,1,2.369633,False,True,1
-0.01,1,2.37002,False,True,1
-0.01,1,2.37248,False,True,1
-0.01,1,2.372696,False,True,1
0.94,6,2.37551,False,True,2
-0.01,1,2.378328,False,True,1
-0.01,1,2.378539,False,True,1
1.97,3,2.380953,False,True,3
-0.01,1,2.381123,False,True,1
-0.01,1,2.38138,False,True,1
-0.01,1,2.381526,False,True,1
-0.07,7,2.386809,False,True,1
-0.01,1,2.387049,False,True,1
-0.01,1,2.389772,False,True,1
-0.02,2,2.390024,False,True,1
-0.03,3,2.392678,False,True,1
1.95,5,2.396234,False,True,3
-0.02,2,2.398834,False,True,1
-0.04,4,2.40169,False,True,1
1.95,5,2.404951,False,True,3
9.94,6,2.407784,True,False,5
-0.01,1,2.410828,False,True,1
-0.01,1,2.411129,False,True,1
1.92,8,2.416156,False,True,3
-0.01,1,2.416341,False,True,1
-0.01,1,2.416627,False,True,1
9.92,8,2.422705,True,False,5
-0.01,1,2.42515,False,True,1
-0.03,3,2.42543,False,True,1
-0.01,1,2.428321,False,True,1
-0.01,1,2.428534,False,True,1
-0.02,2,2.428777,False,True,1
-0.02,2,2.43143,False,True,1
1.93,7,2.437747,False,True,3
-0.02,2,2.438017,False,True,1
1.94,6,2.443246,False,True,3
-0.01,1,2.44346,False,True,1
-0.01,1,2.443765,False,True,1
0.95,5,2.446587,False,True,2
-0.01,1,2.449014,False,True,1
-0.06,6,2.451607,False,True,1
9.95,5,2.455015,True,False,5
-0.02,2,2.457635,False,True,1
-0.01,1,2.457822,False,True,1
-0.01,1,2.457973,False,True,1
-0.02,2,2.460991,False,True,1
9.88,12,2.469002,True,False,5
1.96,4,2.471926,False,True,3
9.93,7,2.476922,True,False,5
-0.02,2,2.477213,False,True,1
-0.01,1,2.477375,False,True,1
-0.01,1,2.479823,False,True,1
-0.01,1,2.480004,False,True,1
-0.02,2,2.480287,False,True,1
-0.01,1,2.482524,False,True,1
9.91,9,2.488353,True,False,5
1.96,4,2.491096,False,True,3
-0.01,1,2.491423,False,True,1
-0.01,1,2.491589,False,True,1
-0.01,1,2.494215,False,True,1
1.97,3,2.494662,False,True,3
1.97,3,2.497398,False,True,3
-0.01,1,2.497567,False,True,1
-0.01,1,2.49993,False,True,1
-0.01,1,2.500099,False,True,1
-0.01,1,2.500353,False,True,1
-0.02,2,2.502915,False,True,1
-0.01,1,2.503127,False,True,1
-0.01,1,2.503214,False,True,1
1.97,3,2.506093,False,True,3
-0.02,2,2.506239,False,True,1
-0.01,1,2.508846,False,True,1
1.93,7,2.512208,False,True,3
9.95,5,2.517108,True,False,5
-0.01,1,2.517307,False,True,1
-0.01,1,2.517449,False,True,1
1.97,3,2.520645,False,True,3
-0.02,2,2.521042,False,True,1
-0.01,1,2.523457,False,True,1
-0.01,1,2.523638,False,True,1
-0.02,2,2.523826,False,True,1
-0.03,3,2.526569,False,True,1
-0.03,3,2.529308,False,True,1
9.94,6,2.532432,True,False,5
-0.01,1,2.534832,False,True,1
-0.01,1,2.535139,False,True,1
1.96,4,2.538283,False,True,3
-0.01,1,2.538487,False,True,1
-0.01,1,2.538561,False,True,1
-0.01,1,2.541092,False,True,1
1.97,3,2.54154,False,True,3
-0.03,3,2.544453,False,True,1
-0.01,1,2.544641,False,True,1
-0.02,2,2.547246,False,True,1
-0.01,1,2.547461,False,True,1
-0.01,1,2.547535,False,True,1
1.97,3,2.550284,False,True,3
-0.01,1,2.550591,False,True,1
-0.02,2,2.55369,False,True,1
-0.01,1,2.553889,False,True,1
-0.01,1,2.554029,False,True,1
-0.01,1,2.556837,False,True,1
-0.01,1,2.557042,False,True,1
-0.03,3,2.559488,False,True,1
-0.01,1,2.559603,False,True,1
-0.01,1,2.559893,False,True,1
1.97,3,2.562709,False,True,3
1.93,7,2.567834,False,True,3
-0.04,4,2.570702,False,True,1
0.97,3,2.571289,False,True,2
-0.03,3,2.573865,False,True,1
-0.01,1,2.573962,False,True,1
-0.01,1,2.576301,False,True,1
-0.01,1,2.576604,False,True,1
-0.02,2,2.576735,False,True,1
-0.03,3,2.57932,False,True,1
-0.03,3,2.581736,False,True,1
-0.01,1,2.581998,False,True,1
-0.02,2,2.584467,False,True,1
-0.01,1,2.584694,False,True,1
-0.01,1,2.584854,False,True,1
-0.02,2,2.587573,False,True,1
-0.01,1,2.58784,False,True,1
-0.02,2,2.588082,False,True,1
-0.01,1,2.590448,False,True,1
-0.02,2,2.590715,False,True,1
1.9,10,2.598375,False,True,3
-0.02,2,2.598637,False,True,1
-0.01,1,2.598785,False,True,1
1.97,3,2.601622,False,True,3
1.95,5,2.604704,False,True,3
-0.04,4,2.60759,False,True,1
-0.02,2,2.61014,False,True,1
-0.01,1,2.610387,False,True,1
1.96,4,2.613087,False,True,3
-0.01,1,2.61327,False,True,1
-0.01,1,2.615625,False,True,1
-0.01,1,2.615921,False,True,1
-0.01,1,2.616081,False,True,1
-0.01,1,2.616232,False,True,1
-0.02,2,2.618941,False,True,1
1.94,6,2.622354,False,True,3
-0.01,1,2.624802,False,True,1
1.97,3,2.62525,False,True,3
1.94,6,2.630728,False,True,3
-0.03,3,2.63329,False,True,1
-0.02,2,2.633509,False,True,1
-0.01,1,2.633577,False,True,1
1.97,3,2.636313,False,True,3
1.97,3,2.63915,False,True,3
1.96,4,2.64185,False,True,3
-0.01,1,2.641953,False,True,1
-0.01,1,2.642109,False,True,1
-0.01,1,2.645001,False,True,1
-0.01,1,2.645128,False,True,1
-0.01,1,2.645284,False,True,1
9.95,5,2.648102,True,False,5
-0.01,1,2.650669,False,True,1
-0.04,4,2.653534,False,True,1
-0.02,2,2.653996,False,True,1
-0.02,2,2.656715,False,True,1
-0.03,3,2.657148,False,True,1
-0.03,3,2.659553,False,True,1
1.96,4,2.662875,False,True,3
-0.02,2,2.665492,False,True,1
-0.01,1,2.665744,False,True,1
-0.03,3,2.668392,False,True,1
-0.01,1,2.668578,False,True,1
-0.01,1,2.668743,False,True,1
-0.03,3,2.671822,False,True,1
-0.03,3,2.67472,False,True,1
-0.01,1,2.674928,False,True,1
-0.01,1,2.67508,False,True,1
-0.01,1,2.675362,False,True,1
-0.04,4,2.678449,False,True,1
-0.02,2,2.681215,False,True,1
-0.03,3,2.683745,False,True,1
-0.01,1,2.684035,False,True,1
1.97,3,2.687315,False,True,3
-0.01,1,2.687477,False,True,1
-0.03,3,2.690221,False,True,1
-0.02,2,2.690632,False,True,1
1.95,5,2.693775,False,True,3
-0.01,1,2.696123,False,True,1
-0.02,2,2.696429,False,True,1
-0.02,2,2.699137,False,True,1
-0.01,1,2.699372,False,True,1
1.91,9,2.704782,False,True,3
1.95,5,2.707651,False,True,3
-0.01,1,2.710225,False,True,1
-0.01,1,2.710434,False,True,1
-0.01,1,2.710584,False,True,1
-0.02,2,2.713331,False,True,1
-0.01,1,2.713652,False,True,1
-0.02,2,2.713856,False,True,1
-0.01,1,2.716241,False,True,1
1.96,4,2.718862,False,True,3
-0.05,5,2.72179,False,True,1
-0.01,1,2.721981,False,True,1
-0.01,1,2.722057,False,True,1
-0.01,1,2.724654,False,True,1
-0.02,2,2.725072,False,True,1
-0.01,1,2.725232,False,True,1
-0.01,1,2.7278,False,True,1
0.96,4,2.730583,False,True,2
-0.01,1,2.731021,False,True,1
-0.01,1,2.7312,False,True,1
-0.01,1,2.731369,False,True,1
-0.01,1,2.733775,False,True,1
-0.01,1,2.734093,False,True,1
-0.02,2,2.7343,False,True,1
-0.01,1,2.737186,False,True,1
-0.01,1,2.737492,False,True,1
-0.01,1,2.737797,False,True,1
-0.02,2,2.74032,False,True,1
-0.02,2,2.740567,False,True,1
-0.03,3,2.742984,False,True,1
-0.01,1,2.743281,False,True,1
-0.01,1,2.743443,False,True,1
-0.01,1,2.746447,False,True,1
-0.01,1,2.746662,False,True,1
-0.01,1,2.74694,False,True,1
1.95,5,2.749831,False,True,3
-0.01,1,2.752261,False,True,1
-0.01,1,2.752456,False,True,1
-0.01,1,2.752738,False,True,1
-0.01,1,2.752821,False,True,1
-0.02,2,2.755469,False,True,1
9.91,9,2.760902,True,False,5
1.97,3,2.764276,False,True,3
-0.02,2,2.764508,False,True,1
1.95,5,2.770739,False,True,3
-0.01,1,2.77098,False,True,1
-0.01,1,2.771285,False,True,1
-0.01,1,2.771449,False,True,1
-0.01,1,2.774092,False,True,1
-0.01,1,2.774338,False,True,1
-0.01,1,2.774619,False,True,1
-0.01,1,2.774771,False,True,1
-0.01,1,2.777104,False,True,1
1.97,3,2.777514,False,True,3
9.93,7,2.782458,True,False,5
1.97,3,2.785405,False,True,3
-0.01,1,2.785512,False,True,1
-0.02,2,2.788272,False,True,1
-0.01,1,2.788591,False,True,1
-0.01,1,2.788743,False,True,1
-0.04,4,2.791401,False,True,1
9.94,6,2.797117,True,False,5
-0.01,1,2.797458,False,True,1
-0.01,1,2.797627,False,True,1
-0.01,1,2.797773,False,True,1
-0.01,1,2.80025,False,True,1
1.92,8,2.806242,False,True,3
1.95,5,2.809127,False,True,3
-0.02,2,2.809351,False,True,1
-0.03,3,2.812285,False,True,1
-0.02,2,2.81491,False,True,1
-0.01,1,2.815019,False,True,1
-0.01,1,2.815172,False,True,1
-0.03,3,2.817502,False,True,1
-0.01,1,2.817811,False,True,1
-0.02,2,2.820808,False,True,1
1.95,5,2.823672,False,True,3
-0.01,1,2.823864,False,True,1
-0.04,4,2.82675,False,True,1
-0.02,2,2.829381,False,True,1
9.94,6,2.832484,True,False,5
9.94,6,2.838317,True,False,5
-0.03,3,2.838795,False,True,1
-0.01,1,2.841178,False,True,1
-0.03,3,2.841456,False,True,1
-0.02,2,2.844039,False,True,1
1.96,4,2.846975,False,True,3
-0.01,1,2.847163,False,True,1
9.93,7,2.852694,True,False,5
-0.02,2,2.852942,False,True,1
-0.01,1,2.855568,False,True,1
-0.01,1,2.85577,False,True,1
-0.02,2,2.8559,False,True,1
-0.01,1,2.858365,False,True,1
-0.01,1,2.858668,False,True,1
9.95,5,2.861807,True,False,5
1.97,3,2.864526,False,True,3
-0.03,3,2.867201,False,True,1
1.97,3,2.867776,False,True,3
-0.01,1,2.870667,False,True,1
-0.01,1,2.870892,False,True,1
-0.02,2,2.871103,False,True,1
-0.01,1,2.873766,False,True,1
-0.01,1,2.873882,False,True,1
1.97,3,2.876523,False,True,3
1.94,6,2.880119,False,True,3
-0.03,3,2.882963,False,True,1
-0.01,1,2.883148,False,True,1
-0.01,1,2.883306,False,True,1
-0.05,5,2.888764,False,True,1
-0.01,1,2.889109,False,True,1
-0.01,1,2.88919,False,True,1
-0.03,3,2.891734,False,True,1
9.94,6,2.895232,True,False,5
-0.01,1,2.89786,False,True,1
-0.01,1,2.898057,False,True,1
9.93,7,2.90363,True,False,5
-0.02,2,2.90394,False,True,1
1.97,3,2.906704,False,True,3
-0.01,1,2.906874,False,True,1
-0.03,3,2.90925,False,True,1
-0.04,4,2.912121,False,True,1
-0.03,3,2.914747,False,True,1
-0.01,1,2.91494,False,True,1
9.95,5,2.919475,True,False,5
-0.02,2,2.922072,False,True,1
1.97,3,2.922638,False,True,3
-0.03,3,2.925031,False,True,1
1.92,8,2.931262,False,True,3
-0.01,1,2.931444,False,True,1
1.96,4,2.934246,False,True,3
-0.02,2,2.937068,False,True,1
-0.02,2,2.937223,False,True,1
-0.02,2,2.939823,False,True,1
-0.03,3,2.942362,False,True,1
-0.04,4,2.945228,False,True,1
1.96,4,2.947722,False,True,3
-0.01,1,2.94793,False,True,1
1.96,4,2.950634,False,True,3
-0.03,3,2.953308,False,True,1
-0.01,1,2.95363,False,True,1
1.97,3,2.956565,False,True,3
-0.01,1,2.956842,False,True,1
9.94,6,2.959718,True,False,5
-0.02,2,2.962625,False,True,1
9.94,6,2.965657,True,False,5
-0.02,2,2.968187,False,True,1
1.95,5,2.971424,False,True,3
-0.03,3,2.974019,False,True,1
-0.03,3,2.976568,False,True,1
-0.02,2,2.976934,False,True,1
-0.01,1,2.977092,False,True,1
1.96,4,2.979816,False,True,3
-0.01,1,2.982074,False,True,1
-0.01,1,2.982289,False,True,1
-0.01,1,2.982449,False,True,1
-0.01,1,2.98252,False,True,1
-0.01,1,2.985209,False,True,1
-0.01,1,2.985561,False,True,1
-0.02,2,2.985775,False,True,1
-0.01,1,2.988294,False,True,1
-0.01,1,2.988509,False,True,1
-0.01,1,2.988793,False,True,1
-0.03,3,2.991375,False,True,1
-0.02,2,2.991584,False,True,1
-0.01,1,2.994159,False,True,1
-0.01,1,2.994392,False,True,1
-0.01,1,2.99456,False,True,1
-0.01,1,2.99471,False,True,1
9.93,7,3.000152,True,False,5
-0.01,1,3.000471,False,True,1
-0.01,1,3.003256,False,True,1
-0.03,3,3.003585,False,True,1
-0.01,1,3.006293,False,True,1
-0.01,1,3.006583,False,True,1
-0.01,1,3.006761,False,True,1
-0.03,3,3.009304,False,True,1
-0.02,2,3.009523,False,True,1
-0.01,1,3.012337,False,True,1
-0.02,2,3.012645,False,True,1
-0.02,2,3.015141,False,True,1
-0.02,2,3.015371,False,True,1
1.96,4,3.018034,False,True,3
-0.04,4,3.021229,False,True,1
-0.01,1,3.021429,False,True,1
-0.01,1,3.024145,False,True,1
-0.03,3,3.024583,False,True,1
-0.01,1,3.027031,False,True,1
-0.02,2,3.027185,False,True,1
-0.01,1,3.027342,False,True,1
-0.02,2,3.030177,False,True,1
-0.01,1,3.030368,False,True,1
-0.02,2,3.032743,False,True,1
-0.02,2,3.032989,False,True,1
-0.01,1,3.033281,False,True,1
-0.01,1,3.035952,False,True,1
1.95,5,3.039035,False,True,3
1.95,5,3.041712,False,True,3
-0.01,1,3.042038,False,True,1
-0.01,1,3.04495,False,True,1
-0.01,1,3.045156,False,True,1
-0.05,5,3.047705,False,True,1
1.96,4,3.050573,False,True,3
-0.01,1,3.050665,False,True,1
-0.02,2,3.05354,False,True,1
9.95,5,3.056792,True,False,5
-0.01,1,3.05703,False,True,1
-0.01,1,3.059363,False,True,1
0.96,4,3.062403,False,True,2
0.97,3,3.062824,False,True,2
-0.02,2,3.06549,False,True,1
-0.02,2,3.065719,False,True,1
-0.01,1,3.068198,False,True,1
-0.03,3,3.068489,False,True,1
-0.03,3,3.071506,False,True,1
-0.02,2,3.074313,False,True,1
1.96,4,3.077191,False,True,3
0.95,5,3.080239,False,True,2
9.94,6,3.083533,True,False,5
-0.02,2,3.086577,False,True,1
-0.01,1,3.086768,False,True,1
-0.01,1,3.086917,False,True,1
-0.02,2,3.089597,False,True,1
-0.01,1,3.089763,False,True,1
-0.02,2,3.092131,False,True,1
-0.01,1,3.092364,False,True,1
9.89,11,3.100999,True,False,5
-0.03,3,3.101291,False,True,1
-0.02,2,3.104356,False,True,1
-0.02,2,3.104612,False,True,1
-0.01,1,3.107143,False,True,1
1.96,4,3.109931,False,True,3
-0.01,1,3.110142,False,True,1
-0.01,1,3.110305,False,True,1
-0.01,1,3.110586,False,True,1
-0.02,2,3.113318,False,True,1
-0.01,1,3.113418,False,True,1
-0.01,1,3.113561,False,True,1
-0.01,1,3.115907,False,True,1
-0.02,2,3.116132,False,True,1
-0.04,4,3.118815,False,True,1
-0.02,2,3.121541,False,True,1
-0.01,1,3.121917,False,True,1
-0.01,1,3.122084,False,True,1
-0.01,1,3.122231,False,True,1
-0.01,1,3.124645,False,True,1
-0.02,2,3.12507,False,True,1
1.97,3,3.12806,False,True,3
-0.01,1,3.128242,False,True,1
1.97,3,3.130846,False,True,3
-0.02,2,3.131207,False,True,1
-0.01,1,3.133579,False,True,1
1.97,3,3.134017,False,True,3
-0.02,2,3.13683,False,True,1
-0.01,1,3.137155,False,True,1
1.97,3,3.139727,False,True,3
-0.02,2,3.13986,False,True,1
0.97,3,3.14214,False,True,2
-0.02,2,3.144965,False,True,1
9.94,6,3.14808,True,False,5
-0.01,1,3.148261,False,True,1
-0.01,1,3.150685,False,True,1
-0.01,1,3.150991,False,True,1
-0.09,9,3.156452,False,True,1
9.92,8,3.162394,True,False,5
-0.01,1,3.162591,False,True,1
-0.02,2,3.165184,False,True,1
-0.01,1,3.165361,False,True,1
-0.01,1,3.165433,False,True,1
-0.01,1,3.167856,False,True,1
1.97,3,3.168378,False,True,3
-0.01,1,3.171066,False,True,1
-0.03,3,3.171336,False,True,1
-0.01,1,3.17384,False,True,1
-0.01,1,3.174202,False,True,1
9.93,7,3.179847,True,False,5
-0.02,2,3.180101,False,True,1
-0.01,1,3.180242,False,True,1
-0.01,1,3.182677,False,True,1
-0.02,2,3.182911,False,True,1
1.96,4,3.185615,False,True,3
-0.01,1,3.185733,False,True,1
-0.01,1,3.18844,False,True,1
-0.01,1,3.188682,False,True,1
9.94,6,3.191689,True,False,5
-0.03,3,3.194896,False,True,1
-0.01,1,3.19522,False,True,1
-0.01,1,3.197569,False,True,1
-0.01,1,3.197706,False,True,1
-0.01,1,3.197865,False,True,1
-0.01,1,3.198142,False,True,1
9.95,5,3.203831,True,False,5
9.86,14,3.211843,True,False,5
1.97,3,3.21454,False,True,3
-0.01,1,3.214789,False,True,1
-0.02,2,3.217311,False,True,1
-0.01,1,3.217484,False,True,1
-0.01,1,3.217631,False,True,1
-0.01,1,3.217868,False,True,1
1.96,4,3.220607,False,True,3
-0.01,1,3.223012,False,True,1
-0.01,1,3.22321,False,True,1
-0.01,1,3.223488,False,True,1
-0.06,6,3.228688,False,True,1
-0.02,2,3.228979,False,True,1
-0.07,7,3.234061,False,True,1
-0.02,2,3.234446,False,True,1
1.96,4,3.237593,False,True,3
1.95,5,3.242848,False,True,3
-0.01,1,3.243057,False,True,1
-0.01,1,3.243346,False,True,1
1.96,4,3.246309,False,True,3
1.96,4,3.249168,False,True,3
-0.01,1,3.249339,False,True,1
-0.01,1,3.251636,False,True,1
-0.02,2,3.251857,False,True,1
-0.02,2,3.254919,False,True,1
-0.01,1,3.255169,False,True,1
-0.01,1,3.255467,False,True,1
9.94,6,3.260615,True,False,5
-0.01,1,3.260894,False,True,1
-0.01,1,3.260983,False,True,1
0.97,3,3.263797,False,True,2
1.97,3,3.266343,False,True,3
-0.01,1,3.266542,False,True,1
-0.01,1,3.266689,False,True,1
-0.01,1,3.266943,False,True,1
-0.04,4,3.269753,False,True,1
1.95,5,3.275067,False,True,3
-0.01,1,3.275196,False,True,1
-0.03,3,3.278074,False,True,1
1.93,7,3.280994,False,True,3
-0.02,2,3.283553,False,True,1
9.9,10,3.289244,True,False,5
-0.01,1,3.291759,False,True,1
9.93,7,3.295044,True,False,5
-0.01,1,3.297626,False,True,1
-0.01,1,3.297818,False,True,1
-0.02,2,3.298145,False,True,1
-0.01,1,3.300448,False,True,1
0.97,3,3.30082,False,True,2
-0.01,1,3.303301,False,True,1
-0.02,2,3.303753,False,True,1
-0.02,2,3.306513,False,True,1
-0.03,3,3.306874,False,True,1
-0.02,2,3.309459,False,True,1
-0.02,2,3.309805,False,True,1
-0.01,1,3.312682,False,True,1
-0.01,1,3.312888,False,True,1
-0.01,1,3.313048,False,True,1
-0.01,1,3.313322,False,True,1
1.97,3,3.315841,False,True,3
-0.02,2,3.318417,False,True,1
-0.03,3,3.318699,False,True,1
-0.01,1,3.321744,False,True,1
-0.01,1,3.321965,False,True,1
-0.03,3,3.324404,False,True,1
-0.03,3,3.324671,False,True,1
-0.02,2,3.327407,False,True,1
1.97,3,3.329904,False,True,3
-0.02,2,3.330173,False,True,1
-0.02,2,3.332706,False,True,1
1.97,3,3.333315,False,True,3
-0.01,1,3.335696,False,True,1
-0.05,5,3.338834,False,True,1
-0.01,1,3.339008,False,True,1
-0.01,1,3.339294,False,True,1
1.89,11,3.347651,False,True,3
-0.01,1,3.347849,False,True,1
-0.01,1,3.350331,False,True,1
-0.01,1,3.350661,False,True,1
1.95,5,3.353841,False,True,3
1.96,4,3.356613,False,True,3
-0.03,3,3.359106,False,True,1
-0.01,1,3.359419,False,True,1
-0.04,4,3.362012,False,True,1
-0.02,2,3.364551,False,True,1
-0.01,1,3.364739,False,True,1
-0.01,1,3.36504,False,True,1
-0.01,1,3.365199,False,True,1
-0.01,1,3.367798,False,True,1
1.96,4,3.370692,False,True,3
1.96,4,3.37403,False,True,3
1.97,3,3.374459,False,True,3
-0.02,2,3.377431,False,True,1
-0.01,1,3.377647,False,True,1
-0.02,2,3.380193,False,True,1
-0.01,1,3.380465,False,True,1
-0.01,1,3.380627,False,True,1
-0.01,1,3.3807,False,True,1
-0.03,3,3.383408,False,True,1
-0.01,1,3.383583,False,True,1
1.96,4,3.386582,False,True,3
1.96,4,3.389566,False,True,3
-0.01,1,3.392218,False,True,1
-0.02,2,3.392491,False,True,1
1.95,5,3.395496,False,True,3
-0.01,1,3.398094,False,True,1
1.97,3,3.398713,False,True,3
0.97,3,3.401303,False,True,2
-0.01,1,3.401391,False,True,1
-0.01,1,3.40406,False,True,1
-0.01,1,3.404505,False,True,1
9.92,8,3.409859,True,False,5
-0.03,3,3.41325,False,True,1
-0.03,3,3.413546,False,True,1
-0.01,1,3.416415,False,True,1
-0.03,3,3.416731,False,True,1
-0.01,1,3.419303,False,True,1
-0.02,2,3.419578,False,True,1
9.94,6,3.425265,True,False,5
-0.01,1,3.425469,False,True,1
-0.01,1,3.425619,False,True,1
1.94,6,3.431489,False,True,3
-0.01,1,3.431841,False,True,1
-0.01,1,3.432002,False,True,1
1.95,5,3.434745,False,True,3
1.96,4,3.437836,False,True,3
1.95,5,3.443309,False,True,3
-0.02,2,3.443557,False,True,1
-0.01,1,3.443714,False,True,1
1.96,4,3.446523,False,True,3
-0.01,1,3.44919,False,True,1
-0.02,2,3.449426,False,True,1
-0.02,2,3.451825,False,True,1
-0.02,2,3.452092,False,True,1
-0.01,1,3.452369,False,True,1
-0.01,1,3.455276,False,True,1
-0.02,2,3.455536,False,True,1
-0.01,1,3.455681,False,True,1
-0.01,1,3.45842,False,True,1
1.97,3,3.458846,False,True,3
9.95,5,3.464293,True,False,5
-0.01,1,3.464511,False,True,1
-0.02,2,3.464852,False,True,1
9.92,8,3.470415,True,False,5
0.97,3,3.473382,False,True,2
1.96,4,3.475946,False,True,3
-0.04,4,3.478981,False,True,1
-0.02,2,3.481517,False,True,1
-0.02,2,3.481757,False,True,1
1.96,4,3.484492,False,True,3
-0.02,2,3.48738,False,True,1
-0.01,1,3.487596,False,True,1
-0.04,4,3.490215,False,True,1
-0.01,1,3.490383,False,True,1
-0.01,1,3.490659,False,True,1
0.97,3,3.493264,False,True,2
-0.02,2,3.496014,False,True,1
-0.02,2,3.496255,False,True,1
-0.01,1,3.49646,False,True,1
-0.02,2,3.499016,False,True,1
-0.01,1,3.499201,False,True,1
-0.02,2,3.501585,False,True,1
-0.01,1,3.50196,False,True,1
-0.01,1,3.502155,False,True,1
-0.03,3,3.504976,False,True,1
-0.01,1,3.50519,False,True,1
-0.01,1,3.505399,False,True,1
-0.01,1,3.50777,False,True,1
-0.01,1,3.507976,False,True,1
-0.01,1,3.508125,False,True,1
-0.01,1,3.508407,False,True,1
1.97,3,3.511224,False,True,3
-0.03,3,3.513888,False,True,1
1.97,3,3.516629,False,True,3
1.93,7,3.520164,False,True,3
1.93,7,3.52544,False,True,3
-0.01,1,3.525632,False,True,1
-0.02,2,3.528358,False,True,1
-0.02,2,3.528725,False,True,1
-0.03,3,3.531256,False,True,1
-0.02,2,3.533643,False,True,1
-0.02,2,3.533897,False,True,1
-0.03,3,3.536952,False,True,1
1.97,3,3.539794,False,True,3
-0.01,1,3.540026,False,True,1
1.96,4,3.542949,False,True,3
9.92,8,3.548507,True,False,5
-0.02,2,3.548776,False,True,1
-0.01,1,3.551166,False,True,1
-0.04,4,3.554171,False,True,1
-0.01,1,3.554563,False,True,1
-0.01,1,3.554715,False,True,1
-0.01,1,3.554855,False,True,1
-0.01,1,3.557326,False,True,1
-0.02,2,3.557678,False,True,1
-0.02,2,3.560118,False,True,1
1.97,3,3.560545,False,True,3
1.96,4,3.563261,False,True,3
-0.01,1,3.565792,False,True,1
-0.01,1,3.565972,False,True,1
9.95,5,3.569116,True,False,5
-0.02,2,3.571881,False,True,1
-0.01,1,3.572236,False,True,1
-0.02,2,3.572438,False,True,1
1.96,4,3.574944,False,True,3
-0.01,1,3.577459,False,True,1
-0.02,2,3.577821,False,True,1
1.96,4,3.580544,False,True,3
-0.01,1,3.580714,False,True,1
-0.01,1,3.58301,False,True,1
1.94,6,3.586071,False,True,3
-0.01,1,3.586251,False,True,1
9.93,7,3.591673,True,False,5
-0.01,1,3.591855,False,True,1
-0.01,1,3.594763,False,True,1
1.97,3,3.595152,False,True,3
9.94,6,3.600467,True,False,5
-0.01,1,3.60065,False,True,1
1.97,3,3.603852,False,True,3
-0.01,1,3.604037,False,True,1
-0.01,1,3.604189,False,True,1
-0.03,3,3.60682,False,True,1
-0.02,2,3.609439,False,True,1
1.96,4,3.61238,False,True,3
-0.04,4,3.615193,False,True,1
-0.02,2,3.615414,False,True,1
-0.02,2,3.618002,False,True,1
-0.01,1,3.61822,False,True,1
-0.01,1,3.618378,False,True,1
-0.01,1,3.618534,False,True,1
-0.01,1,3.621502,False,True,1
1.96,4,3.624282,False,True,3
-0.01,1,3.624491,False,True,1
-0.01,1,3.624644,False,True,1
-0.01,1,3.624937,False,True,1
-0.03,3,3.627567,False,True,1
0.97,3,3.630277,False,True,2
-0.01,1,3.630499,False,True,1
-0.03,3,3.633229,False,True,1
-0.01,1,3.633417,False,True,1
-0.01,1,3.633572,False,True,1
-0.01,1,3.63608,False,True,1
-0.01,1,3.636296,False,True,1
9.95,5,3.639522,True,False,5
-0.01,1,3.63971,False,True,1
-0.02,2,3.642317,False,True,1
1.96,4,3.645737,False,True,3
1.97,3,3.648461,False,True,3
-0.01,1,3.648656,False,True,1
-0.01,1,3.648735,False,True,1
-0.05,5,3.651325,False,True,1
1.95,5,3.656865,False,True,3
-0.03,3,3.657175,False,True,1
-0.02,2,3.659594,False,True,1
1.96,4,3.665211,False,True,3
-0.01,1,3.665415,False,True,1
-0.02,2,3.675479,False,True,1
-0.01,1,3.675647,False,True,1
-0.02,2,3.676028,False,True,1
-0.01,1,3.681702,False,True,1
-0.02,2,3.682026,False,True,1
-0.01,1,3.682111,False,True,1
-0.01,1,3.685836,False,True,1
-0.01,1,3.686096,False,True,1
1.97,3,3.690022,False,True,3
-0.01,1,3.690234,False,True,1
-0.01,1,3.690528,False,True,1
1.9,10,3.698683,False,True,3
1.96,4,3.701471,False,True,3
-0.01,1,3.701676,False,True,1
-0.03,3,3.704789,False,True,1
-0.01,1,3.705022,False,True,1
-0.02,2,3.705242,False,True,1
-0.01,1,3.707792,False,True,1
-0.01,1,3.70811,False,True,1
1.95,5,3.711364,False,True,3
1.97,3,3.714149,False,True,3
-0.07,7,3.719248,False,True,1
1.97,3,3.719796,False,True,3
-0.02,2,3.722516,False,True,1
-0.02,2,3.722755,False,True,1
-0.05,5,3.728094,False,True,1
1.97,3,3.728546,False,True,3
-0.02,2,3.730921,False,True,1
-0.03,3,3.733375,False,True,1
0.97,3,3.733743,False,True,2
-0.02,2,3.736586,False,True,1
-0.01,1,3.736682,False,True,1
-0.02,2,3.739183,False,True,1
-0.01,1,3.739428,False,True,1
-0.04,4,3.742196,False,True,1
-0.02,2,3.742417,False,True,1
-0.01,1,3.745315,False,True,1
-0.01,1,3.745445,False,True,1
-0.05,5,3.748643,False,True,1
-0.02,2,3.751152,False,True,1
-0.01,1,3.751397,False,True,1
-0.01,1,3.751577,False,True,1
2.94,6,3.757311,False,True,4
-0.01,1,3.757576,False,True,1
-0.01,1,3.757735,False,True,1
-0.02,2,3.760312,False,True,1
-0.01,1,3.760605,False,True,1
-0.02,2,3.76081,False,True,1
1.97,3,3.763558,False,True,3
-0.01,1,3.763739,False,True,1
-0.01,1,3.766311,False,True,1
1.97,3,3.76672,False,True,3
-0.02,2,3.769311,False,True,1
-0.01,1,3.769511,False,True,1
-0.01,1,3.7698,False,True,1
-0.01,1,3.772547,False,True,1
-0.03,3,3.772844,False,True,1
-0.01,1,3.775128,False,True,1
-0.01,1,3.77543,False,True,1
-0.01,1,3.775597,False,True,1
1.95,5,3.77861,False,True,3
-0.01,1,3.781005,False,True,1
-0.04,4,3.78377,False,True,1
-0.02,2,3.784093,False,True,1
-0.01,1,3.784251,False,True,1
1.97,3,3.787447,False,True,3
1.97,3,3.79037,False,True,3
-0.01,1,3.790557,False,True,1
-0.01,1,3.790701,False,True,1
-0.02,2,3.793127,False,True,1
-0.01,1,3.793385,False,True,1
1.97,3,3.79662,False,True,3
-0.01,1,3.796809,False,True,1
9.95,5,3.799959,True,False,5
-0.02,2,3.802936,False,True,1
-0.03,3,3.805679,False,True,1
-0.03,3,3.805946,False,True,1
-0.01,1,3.808326,False,True,1
-0.01,1,3.808649,False,True,1
-0.03,3,3.811379,False,True,1
-0.02,2,3.811679,False,True,1
-0.02,2,3.814244,False,True,1
-0.01,1,3.814547,False,True,1
-0.01,1,3.81477,False,True,1
9.94,6,3.820712,True,False,5
1.96,4,3.823563,False,True,3
-0.01,1,3.823907,False,True,1
-0.02,2,3.82412,False,True,1
-0.02,2,3.826648,False,True,1
-0.03,3,3.829579,False,True,1
-0.01,1,3.829923,False,True,1
1.91,9,3.835387,False,True,3
-0.01,1,3.8356,False,True,1
-0.01,1,3.838638,False,True,1
-0.02,2,3.839071,False,True,1
-0.01,1,3.839225,False,True,1
-0.01,1,3.841852,False,True,1
-0.01,1,3.842052,False,True,1
-0.01,1,3.842333,False,True,1
-0.01,1,3.842482,False,True,1
-0.01,1,3.845347,False,True,1
-0.01,1,3.845466,False,True,1
1.97,3,3.848403,False,True,3
9.94,6,3.851489,True,False,5
-0.01,1,3.851648,False,True,1
-0.01,1,3.854651,False,True,1
-0.03,3,3.855144,False,True,1
-0.01,1,3.857675,False,True,1
-0.03,3,3.857946,False,True,1
-0.01,1,3.860449,False,True,1
-0.01,1,3.860807,False,True,1
-0.01,1,3.860975,False,True,1
1.96,4,3.863695,False,True,3
-0.02,2,3.866066,False,True,1
-0.01,1,3.866398,False,True,1
-0.02,2,3.866633,False,True,1
1.97,3,3.869577,False,True,3
-0.01,1,3.869776,False,True,1
1.97,3,3.873023,False,True,3
-0.02,2,3.875516,False,True,1
-0.01,1,3.875705,False,True,1
1.93,7,3.881369,False,True,3
-0.01,1,3.881703,False,True,1
-0.03,3,3.884189,False,True,1
1.95,5,3.887402,False,True,3
-0.01,1,3.887586,False,True,1
-0.01,1,3.887791,False,True,1
-0.01,1,3.890164,False,True,1
-0.02,2,3.890392,False,True,1
-0.01,1,3.89053,False,True,1
-0.01,1,3.893137,False,True,1
-0.01,1,3.893469,False,True,1
-0.02,2,3.893698,False,True,1
-0.01,1,3.896415,False,True,1
1.97,3,3.896996,False,True,3
-0.01,1,3.89934,False,True,1
-0.01,1,3.899515,False,True,1
-0.01,1,3.899656,False,True,1
-0.01,1,3.899906,False,True,1
-0.01,1,3.902542,False,True,1
-0.01,1,3.902767,False,True,1
1.95,5,3.905687,False,True,3
1.97,3,3.908403,False,True,3
-0.01,1,3.908508,False,True,1
-0.01,1,3.90865,False,True,1
-0.02,2,3.911585,False,True,1
-0.01,1,3.911826,False,True,1
-0.03,3,3.91455,False,True,1
-0.03,3,3.917052,False,True,1
-0.02,2,3.917293,False,True,1
-0.02,2,3.92015,False,True,1
-0.01,1,3.920363,False,True,1
9.95,5,3.923455,True,False,5
-0.01,1,3.923625,False,True,1
-0.01,1,3.926486,False,True,1
-0.01,1,3.926684,False,True,1
9.93,7,3.932371,True,False,5
-0.01,1,3.932577,False,True,1
1.94,6,3.935834,False,True,3
-0.02,2,3.938822,False,True,1
9.92,8,3.944241,True,False,5
-0.01,1,3.944418,False,True,1
-0.01,1,3.94469,False,True,1
1.97,3,3.947426,False,True,3
-0.01,1,3.947593,False,True,1
-0.01,1,3.950002,False,True,1
-0.02,2,3.950269,False,True,1
-0.01,1,3.950442,False,True,1
1.95,5,3.956714,False,True,3
-0.02,2,3.957041,False,True,1
-0.02,2,3.959638,False,True,1
9.93,7,3.962971,True,False,5
-0.01,1,3.965596,False,True,1
1.97,3,3.966024,False,True,3
-0.01,1,3.968961,False,True,1
-0.02,2,3.969299,False,True,1
-0.01,1,3.969466,False,True,1
-0.01,1,3.972037,False,True,1
-0.02,2,3.97244,False,True,1
-0.01,1,3.972601,False,True,1
-0.01,1,3.974902,False,True,1
-0.01,1,3.975089,False,True,1
-0.01,1,3.975352,False,True,1
-0.01,1,3.975499,False,True,1
-0.06,6,3.981132,False,True,1
-0.01,1,3.981326,False,True,1
-0.01,1,3.981602,False,True,1
1.97,3,3.984221,False,True,3
-0.01,1,3.984382,False,True,1
1.97,3,3.987238,False,True,3
-0.01,1,3.987572,False,True,1
-0.02,2,3.990341,False,True,1
-0.01,1,3.990527,False,True,1
1.96,4,3.993235,False,True,3
-0.01,1,3.993529,False,True,1
-0.01,1,3.995981,False,True,1
-0.01,1,3.996101,False,True,1
-0.05,5,3.998755,False,True,1
-0.02,2,4.001477,False,True,1
-0.01,1,4.001656,False,True,1
-0.01,1,4.001801,False,True,1
-0.02,2,4.004696,False,True,1
-0.03,3,4.005133,False,True,1
1.97,3,4.00795,False,True,3
9.93,7,4.013799,True,False,5
-0.01,1,4.013992,False,True,1
-0.04,4,4.016607,False,True,1
-0.01,1,4.016782,False,True,1
-0.01,1,4.019541,False,True,1
1.96,4,4.022508,False,True,3
-0.04,4,4.025253,False,True,1
-0.01,1,4.025435,False,True,1
1.97,3,4.028463,False,True,3
-0.01,1,4.028604,False,True,1
-0.02,2,4.028971,False,True,1
-0.02,2,4.031564,False,True,1
-0.02,2,4.031783,False,True,1
1.97,3,4.034599,False,True,3
1.97,3,4.037919,False,True,3
-0.06,6,4.04071,False,True,1
1.97,3,4.043426,False,True,3
-0.01,1,4.043532,False,True,1
-0.02,2,4.046462,False,True,1
-0.01,1,4.046644,False,True,1
-0.02,2,4.049093,False,True,1
-0.01,1,4.049276,False,True,1
1.96,4,4.052233,False,True,3
-0.02,2,4.052461,False,True,1
1.95,5,4.057851,False,True,3
-0.03,3,4.058137,False,True,1
1.97,3,4.061042,False,True,3
-0.01,1,4.061215,False,True,1
-0.01,1,4.063786,False,True,1
1.95,5,4.067053,False,True,3
-0.01,1,4.067377,False,True,1
9.95,5,4.070898,True,False,5
1.94,6,4.07653,False,True,3
1.96,4,4.079597,False,True,3
-0.02,2,4.080022,False,True,1
-0.01,1,4.082675,False,True,1
-0.01,1,4.082876,False,True,1
-0.01,1,4.083029,False,True,1
0.96,4,4.086407,False,True,2
-0.01,1,4.086596,False,True,1
-0.01,1,4.089303,False,True,1
1.97,3,4.089718,False,True,3
0.97,3,4.092566,False,True,2
-0.01,1,4.092757,False,True,1
-0.01,1,4.095737,False,True,1
-0.01,1,4.095935,False,True,1
1.95,5,4.099047,False,True,3
-0.01,1,4.099234,False,True,1
-0.01,1,4.102011,False,True,1
1.97,3,4.10266,False,True,3
-0.01,1,4.10599,False,True,1
-0.01,1,4.106195,False,True,1
-0.01,1,4.106347,False,True,1
-0.02,2,4.108951,False,True,1
-0.01,1,4.109292,False,True,1
1.97,3,4.112574,False,True,3
2.92,8,4.118063,False,True,4
-0.02,2,4.11834,False,True,1
-0.01,1,4.118619,False,True,1
9.95,5,4.124603,True,False,5
9.95,5,4.128015,True,False,5
1.9,10,4.133475,False,True,3
-0.01,1,4.136224,False,True,1
-0.03,3,4.136551,False,True,1
-0.02,2,4.138971,False,True,1
1.96,4,4.141879,False,True,3
-0.03,3,4.145101,False,True,1
-0.01,1,4.14531,False,True,1
-0.03,3,4.148007,False,True,1
-0.01,1,4.148196,False,True,1
-0.01,1,4.148489,False,True,1
-0.01,1,4.148647,False,True,1
-0.01,1,4.150936,False,True,1
1.97,3,4.151337,False,True,3
-0.02,2,4.154254,False,True,1
-0.01,1,4.154453,False,True,1
-0.01,1,4.154599,False,True,1
9.94,6,4.159769,True,False,5
9.94,6,4.163049,True,False,5
-0.01,1,4.165453,False,True,1
-0.01,1,4.165579,False,True,1
-0.01,1,4.165729,False,True,1
-0.03,3,4.168377,False,True,1
-0.01,1,4.168544,False,True,1
1.95,5,4.171792,False,True,3
1.97,3,4.174569,False,True,3
-0.01,1,4.174887,False,True,1
1.97,3,4.177584,False,True,3
-0.02,2,4.180193,False,True,1
-0.02,2,4.180435,False,True,1
-0.01,1,4.180718,False,True,1
-0.01,1,4.183094,False,True,1
-0.03,3,4.183474,False,True,1
-0.03,3,4.186193,False,True,1
1.97,3,4.189185,False,True,3
-0.01,1,4.189357,False,True,1
-0.01,1,4.189502,False,True,1
1.97,3,4.192038,False,True,3
-0.01,1,4.192267,False,True,1
-0.01,1,4.195188,False,True,1
-0.01,1,4.195421,False,True,1
-0.01,1,4.195512,False,True,1
-0.02,2,4.19825,False,True,1
-0.01,1,4.198436,False,True,1
-0.03,3,4.200963,False,True,1
0.97,3,4.201321,False,True,2
-0.01,1,4.20435,False,True,1
-0.01,1,4.204573,False,True,1
-0.02,2,4.204772,False,True,1
-0.01,1,4.207162,False,True,1
-0.01,1,4.20753,False,True,1
-0.01,1,4.20769,False,True,1
-0.01,1,4.20784,False,True,1
1.95,5,4.213109,False,True,3
9.93,7,4.216324,True,False,5
-0.01,1,4.218778,False,True,1
-0.02,2,4.219036,False,True,1
1.96,4,4.22199,False,True,3
-0.02,2,4.224639,False,True,1
-0.02,2,4.224904,False,True,1
-0.01,1,4.225062,False,True,1
-0.02,2,4.227794,False,True,1
-0.01,1,4.228088,False,True,1
1.97,3,4.230912,False,True,3
-0.01,1,4.231096,False,True,1
-0.01,1,4.231247,False,True,1
1.97,3,4.234078,False,True,3
1.96,4,4.237316,False,True,3
-0.01,1,4.237524,False,True,1
-0.01,1,4.239938,False,True,1
-0.03,3,4.240341,False,True,1
-0.01,1,4.242856,False,True,1
-0.01,1,4.243081,False,True,1
-0.01,1,4.243233,False,True,1
-0.01,1,4.243508,False,True,1
1.97,3,4.246543,False,True,3
-0.03,3,4.249081,False,True,1
-0.01,1,4.249269,False,True,1
-0.01,1,4.24956,False,True,1
-0.01,1,4.25211,False,True,1
-0.01,1,4.252304,False,True,1
9.95,5,4.255318,True,False,5
1.97,3,4.258129,False,True,3
-0.01,1,4.258317,False,True,1
1.95,5,4.261147,False,True,3
-0.02,2,4.263716,False,True,1
-0.01,1,4.264023,False,True,1
-0.01,1,4.264177,False,True,1
-0.01,1,4.266684,False,True,1
-0.02,2,4.266951,False,True,1
-0.01,1,4.267226,False,True,1
-0.03,3,4.270451,False,True,1
1.97,3,4.273346,False,True,3
1.95,5,4.27593,False,True,3
-0.01,1,4.276241,False,True,1
-0.01,1,4.27911,False,True,1
-0.02,2,4.279358,False,True,1
-0.01,1,4.279506,False,True,1
1.96,4,4.282298,False,True,3
-0.01,1,4.284708,False,True,1
-0.01,1,4.284941,False,True,1
1.97,3,4.287884,False,True,3
0.96,4,4.290706,False,True,2
1.97,3,4.29115,False,True,3
-0.01,1,4.293548,False,True,1
-0.01,1,4.29377,False,True,1
-0.02,2,4.294153,False,True,1
-0.02,2,4.29672,False,True,1
-0.03,3,4.299222,False,True,1
-0.01,1,4.299462,False,True,1
-0.01,1,4.299742,False,True,1
-0.01,1,4.299907,False,True,1
-0.01,1,4.302633,False,True,1
1.95,5,4.305753,False,True,3
-0.01,1,4.306073,False,True,1
-0.04,4,4.308528,False,True,1
-0.01,1,4.308713,False,True,1
-0.01,1,4.311182,False,True,1
-0.01,1,4.311497,False,True,1
1.97,3,4.314208,False,True,3
-0.01,1,4.314409,False,True,1
-0.02,2,4.314608,False,True,1
9.92,8,4.32029,True,False,5
-0.02,2,4.322811,False,True,1
-0.01,1,4.322979,False,True,1
0.97,3,4.325584,False,True,2
-0.01,1,4.325907,False,True,1
-0.01,1,4.326069,False,True,1
-0.02,2,4.328582,False,True,1
-0.01,1,4.328746,False,True,1
-0.02,2,4.33137,False,True,1
-0.02,2,4.331635,False,True,1
-0.02,2,4.334188,False,True,1
-0.02,2,4.334431,False,True,1
-0.01,1,4.334703,False,True,1
-0.02,2,4.33752,False,True,1
-0.01,1,4.337719,False,True,1
-0.02,2,4.340227,False,True,1
9.93,7,4.343492,True,False,5
-0.01,1,4.346351,False,True,1
1.97,3,4.346736,False,True,3
-0.01,1,4.349175,False,True,1
-0.01,1,4.349481,False,True,1
1.96,4,4.352362,False,True,3
9.95,5,4.355705,True,False,5
-0.03,3,4.358454,False,True,1
9.94,6,4.362054,True,False,5
1.97,3,4.364617,False,True,3
-0.02,2,4.366804,False,True,1
-0.01,1,4.367065,False,True,1
1.97,3,4.370526,False,True,3
9.95,5,4.373545,True,False,5
-0.01,1,4.373745,False,True,1
-0.01,1,4.3739,False,True,1
1.96,4,4.37714,False,True,3
-0.01,1,4.380033,False,True,1
-0.01,1,4.380233,False,True,1
9.91,9,4.385918,True,False,5
-0.01,1,4.386173,False,True,1
-0.01,1,4.388927,False,True,1
1.96,4,4.391565,False,True,3
-0.01,1,4.391727,False,True,1
-0.01,1,4.391973,False,True,1
-0.01,1,4.392117,False,True,1
-0.01,1,4.394811,False,True,1
-0.01,1,4.394945,False,True,1
-0.01,1,4.395241,False,True,1
-0.02,2,4.397724,False,True,1
-0.01,1,4.397982,False,True,1
-0.02,2,4.398241,False,True,1
-0.01,1,4.400757,False,True,1
1.94,6,4.40388,False,True,3
-0.01,1,4.404074,False,True,1
-0.01,1,4.406513,False,True,1
1.97,3,4.407115,False,True,3
-0.01,1,4.409824,False,True,1
-0.01,1,4.410034,False,True,1
-0.01,1,4.410183,False,True,1
1.95,5,4.413126,False,True,3
1.97,3,4.415492,False,True,3
-0.01,1,4.415682,False,True,1
-0.02,2,4.418263,False,True,1
1.97,3,4.421538,False,True,3
1.96,4,4.424323,False,True,3
-0.02,2,4.424581,False,True,1
1.96,4,4.427362,False,True,3
9.95,5,4.430727,True,False,5
-0.01,1,4.433306,False,True,1
-0.02,2,4.433585,False,True,1
-0.04,4,4.436979,False,True,1
1.97,3,4.439862,False,True,3
-0.01,1,4.440024,False,True,1
-0.01,1,4.440097,False,True,1
-0.02,2,4.442697,False,True,1
-0.02,2,4.443115,False,True,1
1.95,5,4.448431,False,True,3
9.94,6,4.451542,True,False,5
-0.01,1,4.451746,False,True,1
-0.01,1,4.4547,False,True,1
-0.01,1,4.454892,False,True,1
1.97,3,4.457487,False,True,3
-0.01,1,4.457761,False,True,1
-0.01,1,4.458058,False,True,1
-0.01,1,4.458224,False,True,1
-0.01,1,4.460655,False,True,1
-0.01,1,4.460842,False,True,1
-0.01,1,4.461091,False,True,1
-0.02,2,4.463709,False,True,1
0.96,4,4.466432,False,True,2
-0.01,1,4.4667,False,True,1
-0.02,2,4.467055,False,True,1
-0.01,1,4.470331,False,True,1
-0.01,1,4.470589,False,True,1
-0.04,4,4.473161,False,True,1
-0.02,2,4.473549,False,True,1
-0.02,2,4.476067,False,True,1
-0.01,1,4.476244,False,True,1
-0.02,2,4.479162,False,True,1
-0.01,1,4.479531,False,True,1
-0.03,3,4.482005,False,True,1
-0.01,1,4.482208,False,True,1
-0.01,1,4.482355,False,True,1
1.95,5,4.485334,False,True,3
-0.04,4,4.488378,False,True,1
-0.01,1,4.49078,False,True,1
9.94,6,4.493781,True,False,5
-0.01,1,4.494069,False,True,1
1.95,5,4.499233,False,True,3
-0.01,1,4.499452,False,True,1
-0.03,3,4.50187,False,True,1
-0.03,3,4.502255,False,True,1
-0.02,2,4.505134,False,True,1
-0.01,1,4.505331,False,True,1
1.97,3,4.507894,False,True,3
-0.02,2,4.508279,False,True,1
-0.01,1,4.511021,False,True,1
-0.01,1,4.511232,False,True,1
-0.01,1,4.511384,False,True,1
1.96,4,4.514289,False,True,3
-0.02,2,4.516813,False,True,1
-0.01,1,4.516987,False,True,1
-0.01,1,4.517134,False,True,1
-0.02,2,4.519667,False,True,1
2.94,6,4.522959,False,True,4
-0.01,1,4.523135,False,True,1
-0.01,1,4.525681,False,True,1
-0.02,2,4.526068,False,True,1
-0.01,1,4.526217,False,True,1
-0.02,2,4.52889,False,True,1
-0.01,1,4.529143,False,True,1
1.97,3,4.532087,False,True,3
-0.01,1,4.532256,False,True,1
-0.02,2,4.534737,False,True,1
-0.02,2,4.534975,False,True,1
-0.04,4,4.537889,False,True,1
1.97,3,4.540592,False,True,3
9.93,7,4.546217,True,False,5
-0.01,1,4.546433,False,True,1
-0.02,2,4.546762,False,True,1
-0.01,1,4.549095,False,True,1
1.96,4,4.551884,False,True,3
-0.03,3,4.552356,False,True,1
-0.02,2,4.5552,False,True,1
-0.04,4,4.557745,False,True,1
-0.01,1,4.557915,False,True,1
-0.01,1,4.558068,False,True,1
-0.02,2,4.561071,False,True,1
-0.01,1,4.561266,False,True,1
9.95,5,4.564161,True,False,5
1.93,7,4.56927,False,True,3
-0.01,1,4.569607,False,True,1
-0.07,7,4.574815,False,True,1
-0.01,1,4.574919,False,True,1
-0.03,3,4.577754,False,True,1
-0.01,1,4.578074,False,True,1
-0.01,1,4.580409,False,True,1
-0.01,1,4.580604,False,True,1
-0.01,1,4.58075,False,True,1
-0.01,1,4.581007,False,True,1
1.97,3,4.583532,False,True,3
-0.01,1,4.583693,False,True,1
-0.01,1,4.586541,False,True,1
-0.02,2,4.587008,False,True,1
-0.01,1,4.587159,False,True,1
-0.01,1,4.589724,False,True,1
-0.01,1,4.589942,False,True,1
-0.03,3,4.59258,False,True,1
1.96,4,4.595524,False,True,3
-0.01,1,4.595771,False,True,1
-0.02,2,4.595972,False,True,1
-0.04,4,4.598456,False,True,1
-0.01,1,4.60091,False,True,1
-0.01,1,4.601101,False,True,1
-0.02,2,4.601309,False,True,1
1.92,8,4.607418,False,True,3
1.95,5,4.612873,False,True,3
-0.01,1,4.613089,False,True,1
-0.01,1,4.613235,False,True,1
-0.01,1,4.61352,False,True,1
-0.01,1,4.615895,False,True,1
-0.01,1,4.616075,False,True,1
-0.01,1,4.61622,False,True,1
1.97,3,4.618895,False,True,3
-0.01,1,4.619119,False,True,1
1.95,5,4.62204,False,True,3
-0.01,1,4.624412,False,True,1
-0.01,1,4.624674,False,True,1
-0.01,1,4.624832,False,True,1
-0.02,2,4.627449,False,True,1
-0.01,1,4.627645,False,True,1
-0.01,1,4.62793,False,True,1
-0.01,1,4.628094,False,True,1
1.97,3,4.631102,False,True,3
1.97,3,4.633744,False,True,3
-0.01,1,4.634034,False,True,1
-0.01,1,4.634179,False,True,1
-0.01,1,4.636624,False,True,1
-0.01,1,4.636819,False,True,1
-0.02,2,4.637143,False,True,1
1.97,3,4.640059,False,True,3
-0.01,1,4.640242,False,True,1
-0.01,1,4.642626,False,True,1
1.97,3,4.643143,False,True,3
-0.01,1,4.64594,False,True,1
-0.01,1,4.646141,False,True,1
-0.03,3,4.648578,False,True,1
1.97,3,4.64912,False,True,3
1.97,3,4.652002,False,True,3
-0.02,2,4.654915,False,True,1
0.97,3,4.655207,False,True,2
-0.01,1,4.657779,False,True,1
-0.02,2,4.658031,False,True,1
-0.01,1,4.65818,False,True,1
-0.01,1,4.660646,False,True,1
1.97,3,4.661046,False,True,3
1.96,4,4.664035,False,True,3
-0.01,1,4.666392,False,True,1
9.95,5,4.670316,True,False,5
0.96,4,4.673369,False,True,2
-0.02,2,4.673612,False,True,1
-0.01,1,4.675959,False,True,1
-0.01,1,4.676169,False,True,1
9.93,7,4.681711,True,False,5
-0.01,1,4.681921,False,True,1
-0.01,1,4.68207,False,True,1
-0.01,1,4.682221,False,True,1
-0.01,1,4.68523,False,True,1
9.95,5,4.688731,True,False,5
1.92,8,4.694063,False,True,3
-0.01,1,4.694244,False,True,1
-0.01,1,4.694548,False,True,1
-0.01,1,4.696833,False,True,1
9.89,11,4.70226,True,False,5
1.96,4,4.705438,False,True,3
-0.01,1,4.70796,False,True,1
-0.01,1,4.708162,False,True,1
-0.02,2,4.708361,False,True,1
-0.01,1,4.710993,False,True,1
1.95,5,4.714098,False,True,3
-0.02,2,4.714335,False,True,1
1.95,5,4.719273,False,True,3
-0.01,1,4.719457,False,True,1
-0.01,1,4.719715,False,True,1
1.97,3,4.722639,False,True,3
1.94,6,4.725497,False,True,3
-0.01,1,4.72843,False,True,1
-0.01,1,4.728757,False,True,1
-0.01,1,4.728912,False,True,1
-0.02,2,4.731364,False,True,1
-0.01,1,4.73155,False,True,1
1.96,4,4.734298,False,True,3
9.94,6,4.737406,True,False,5
-0.01,1,4.739962,False,True,1
1.97,3,4.740344,False,True,3
-0.02,2,4.743099,False,True,1
-0.01,1,4.743297,False,True,1
1.96,4,4.746035,False,True,3
-0.02,2,4.748753,False,True,1
-0.01,1,4.74906,False,True,1
-0.01,1,4.749214,False,True,1
1.97,3,4.751823,False,True,3
1.97,3,4.754961,False,True,3
-0.01,1,4.755315,False,True,1
-0.01,1,4.755513,False,True,1
-0.01,1,4.755667,False,True,1
-0.01,1,4.758058,False,True,1
-0.02,2,4.758425,False,True,1
-0.01,1,4.758575,False,True,1
1.97,3,4.761482,False,True,3
1.96,4,4.774873,False,True,3
-0.01,1,4.775231,False,True,1
-0.01,1,4.78096,False,True,1
-0.01,1,4.781182,False,True,1
1.96,4,4.785324,False,True,3
-0.03,3,4.788289,False,True,1
-0.01,1,4.788511,False,True,1
9.93,7,4.794235,True,False,5
-0.01,1,4.79451,False,True,1
-0.02,2,4.794934,False,True,1
-0.02,2,4.797538,False,True,1
-0.01,1,4.797699,False,True,1
1.97,3,4.800523,False,True,3
-0.01,1,4.800841,False,True,1
-0.01,1,4.801008,False,True,1
1.96,4,4.803966,False,True,3
1.97,3,4.806627,False,True,3
-0.01,1,4.806928,False,True,1
-0.02,2,4.809284,False,True,1
-0.01,1,4.809449,False,True,1
-0.01,1,4.809589,False,True,1
-0.03,3,4.812193,False,True,1
-0.01,1,4.812439,False,True,1
-0.01,1,4.814959,False,True,1
-0.01,1,4.815175,False,True,1
1.97,3,4.818027,False,True,3
1.96,4,4.821084,False,True,3
-0.01,1,4.821291,False,True,1
1.97,3,4.823846,False,True,3
-0.02,2,4.824231,False,True,1
-0.01,1,4.824389,False,True,1
9.95,5,4.829695,True,False,5
1.97,3,4.830152,False,True,3
1.97,3,4.832987,False,True,3
-0.02,2,4.835434,False,True,1
-0.01,1,4.835619,False,True,1
-0.01,1,4.835761,False,True,1
9.93,7,4.841225,True,False,5
1.92,8,4.84653,False,True,3
-0.01,1,4.846722,False,True,1
-0.02,2,4.8492,False,True,1
-0.01,1,4.849516,False,True,1
-0.01,1,4.849667,False,True,1
-0.01,1,4.84981,False,True,1
1.97,3,4.852333,False,True,3
-0.01,1,4.852601,False,True,1
-0.01,1,4.855179,False,True,1
-0.02,2,4.855469,False,True,1
-0.01,1,4.855625,False,True,1
-0.01,1,4.858199,False,True,1
-0.01,1,4.858394,False,True,1
-0.01,1,4.858548,False,True,1
-0.01,1,4.858687,False,True,1
-0.01,1,4.861641,False,True,1
-0.02,2,4.861917,False,True,1
0.97,3,4.864577,False,True,2
1.97,3,4.867281,False,True,3
1.97,3,4.867833,False,True,3
-0.01,1,4.870579,False,True,1
-0.02,2,4.87082,False,True,1
-0.01,1,4.870963,False,True,1
-0.01,1,4.873608,False,True,1
-0.01,1,4.873717,False,True,1
-0.01,1,4.873866,False,True,1
1.97,3,4.876432,False,True,3
-0.01,1,4.876713,False,True,1
1.97,3,4.879381,False,True,3
-0.01,1,4.879538,False,True,1
-0.03,3,4.88194,False,True,1
-0.01,1,4.882314,False,True,1
-0.01,1,4.882505,False,True,1
1.96,4,4.885134,False,True,3
-0.01,1,4.88788,False,True,1
1.97,3,4.888462,False,True,3
-0.01,1,4.89098,False,True,1
-0.01,1,4.891162,False,True,1
-0.01,1,4.89132,False,True,1
-0.02,2,4.894049,False,True,1
-0.01,1,4.894278,False,True,1
-0.02,2,4.894535,False,True,1
1.97,3,4.897531,False,True,3
-0.01,1,4.897841,False,True,1
-0.01,1,4.900048,False,True,1
-0.01,1,4.900244,False,True,1
1.95,5,4.903344,False,True,3
-0.02,2,4.906107,False,True,1
-0.02,2,4.906346,False,True,1
-0.02,2,4.908735,False,True,1
9.94,6,4.91213,True,False,5
-0.01,1,4.912463,False,True,1
9.95,5,4.917475,True,False,5
-0.01,1,4.917672,False,True,1
-0.01,1,4.917823,False,True,1
9.93,7,4.92318,True,False,5
9.95,5,4.926198,True,False,5
-0.01,1,4.926401,False,True,1
-0.02,2,4.929092,False,True,1
-0.01,1,4.929308,False,True,1
-0.01,1,4.929471,False,True,1
-0.01,1,4.932084,False,True,1
-0.01,1,4.932278,False,True,1
-0.02,2,4.932601,False,True,1
1.96,4,4.9352,False,True,3
1.96,4,4.938315,False,True,3
-0.01,1,4.940739,False,True,1
1.97,3,4.941293,False,True,3
1.97,3,4.94407,False,True,3
-0.01,1,4.944243,False,True,1
-0.01,1,4.946595,False,True,1
-0.01,1,4.946817,False,True,1
-0.01,1,4.946966,False,True,1
-0.01,1,4.947111,False,True,1
0.95,5,4.951812,False,True,2
-0.01,1,4.95209,False,True,1
-0.03,3,4.954994,False,True,1
-0.05,5,4.957725,False,True,1
-0.01,1,4.95791,False,True,1
1.95,5,4.960928,False,True,3
-0.01,1,4.963348,False,True,1
9.91,9,4.968977,True,False,5
-0.01,1,4.969155,False,True,1
-0.01,1,4.969438,False,True,1
-0.01,1,4.972171,False,True,1
-0.01,1,4.972381,False,True,1
-0.04,4,4.974704,False,True,1
9.93,7,4.980362,True,False,5
-0.03,3,4.980693,False,True,1
-0.03,3,4.983332,False,True,1
-0.01,1,4.983523,False,True,1
1.97,3,4.986821,False,True,3
1.97,3,4.989731,False,True,3
-0.01,1,4.989921,False,True,1
-0.03,3,4.992576,False,True,1
-0.02,2,4.992951,False,True,1
-0.02,2,4.995732,False,True,1
-0.01,1,4.99584,False,True,1
-0.02,2,4.998234,False,True,1
-0.01,1,4.998541,False,True,1
-0.01,1,4.998698,False,True,1
-0.01,1,4.998841,False,True,1
-0.01,1,5.001145,False,True,1
-0.01,1,5.001382,False,True,1
-0.02,2,5.001597,False,True,1
-0.01,1,5.004499,False,True,1
9.92,8,5.009811,True,False,5
-0.02,2,5.010196,False,True,1
-0.01,1,5.01035,False,True,1
-0.01,1,5.013084,False,True,1
-0.01,1,5.013275,False,True,1
-0.01,1,5.013458,False,True,1
-0.01,1,5.013612,False,True,1
1.97,3,5.016094,False,True,3
-0.02,2,5.018526,False,True,1
-0.03,3,5.01898,False,True,1
-0.01,1,5.021766,False,True,1
-0.01,1,5.021976,False,True,1
1.95,5,5.024623,False,True,3
-0.03,3,5.027391,False,True,1
-0.02,2,5.027671,False,True,1
-0.01,1,5.029986,False,True,1
-0.01,1,5.03011,False,True,1
-0.01,1,5.03046,False,True,1
-0.01,1,5.030661,False,True,1
-0.01,1,5.033198,False,True,1
1.97,3,5.033603,False,True,3
-0.01,1,5.036301,False,True,1
-0.01,1,5.036508,False,True,1
-0.01,1,5.036663,False,True,1
-0.01,1,5.036844,False,True,1
-0.01,1,5.039535,False,True,1
-0.01,1,5.039733,False,True,1
-0.01,1,5.039888,False,True,1
-0.01,1,5.040036,False,True,1
-0.01,1,5.042492,False,True,1
-0.01,1,5.042607,False,True,1
-0.01,1,5.042765,False,True,1
-0.01,1,5.042919,False,True,1
9.93,7,5.048768,True,False,5
-0.01,1,5.048954,False,True,1
-0.01,1,5.051554,False,True,1
1.97,3,5.05194,False,True,3
-0.01,1,5.054455,False,True,1
1.95,5,5.057165,False,True,3
0.97,3,5.059615,False,True,2
-0.01,1,5.059862,False,True,1
-0.02,2,5.060223,False,True,1
-0.01,1,5.06299,False,True,1
1.97,3,5.063433,False,True,3
1.97,3,5.066288,False,True,3
-0.01,1,5.066666,False,True,1
9.94,6,5.072362,True,False,5
9.95,5,5.075314,True,False,5
1.97,3,5.078206,False,True,3
-0.02,2,5.078614,False,True,1
-0.02,2,5.081031,False,True,1
9.95,5,5.08394,True,False,5
-0.01,1,5.084102,False,True,1
-0.01,1,5.086943,False,True,1
-0.02,2,5.087229,False,True,1
-0.01,1,5.087378,False,True,1
-0.01,1,5.089916,False,True,1
-0.03,3,5.09023,False,True,1
-0.01,1,5.092752,False,True,1
-0.01,1,5.092971,False,True,1
-0.01,1,5.093124,False,True,1
-0.01,1,5.093397,False,True,1
-0.02,2,5.096238,False,True,1
-0.01,1,5.096415,False,True,1
0.97,3,5.099105,False,True,2
-0.01,1,5.099417,False,True,1
-0.01,1,5.09956,False,True,1
9.95,5,5.105064,True,False,5
-0.02,2,5.105325,False,True,1
9.91,9,5.110952,True,False,5
-0.03,3,5.113611,False,True,1
-0.02,2,5.116163,False,True,1
-0.01,1,5.116353,False,True,1
-0.01,1,5.116646,False,True,1
-0.02,2,5.119041,False,True,1
-0.02,2,5.119267,False,True,1
-0.01,1,5.119411,False,True,1
9.9,10,5.127893,True,False,5
-0.01,1,5.128087,False,True,1
-0.01,1,5.128241,False,True,1
-0.05,5,5.133266,False,True,1
-0.03,3,5.13382,False,True,1
-0.03,3,5.136502,False,True,1
-0.06,6,5.142043,False,True,1
-0.04,4,5.14515,False,True,1
-0.05,5,5.148027,False,True,1
1.96,4,5.15085,False,True,3
-0.01,1,5.151021,False,True,1
-0.01,1,5.151168,False,True,1
-0.04,4,5.154393,False,True,1
-0.04,4,5.15706,False,True,1
-0.05,5,5.162616,False,True,1
-0.04,4,5.165341,False,True,1
-0.04,4,5.168276,False,True,1
-0.01,1,5.168498,False,True,1
1.96,4,5.171568,False,True,3
-0.02,2,5.17171,False,True,1
-0.04,4,5.174651,False,True,1
9.93,7,5.180252,True,False,5
1.93,7,5.185503,False,True,3
-0.02,2,5.185784,False,True,1
-0.04,4,5.189,False,True,1
-0.04,4,5.19162,False,True,1
-0.01,1,5.194316,False,True,1
1.95,5,5.197323,False,True,3
-0.01,1,5.197642,False,True,1
1.96,4,5.200517,False,True,3
-0.01,1,5.200699,False,True,1
-0.01,1,5.203584,False,True,1
1.95,5,5.20659,False,True,3
-0.02,2,5.206886,False,True,1
-0.01,1,5.209167,False,True,1
-0.03,3,5.209602,False,True,1
9.95,5,5.21551,True,False,5
-0.01,1,5.215709,False,True,1
-0.03,3,5.218461,False,True,1
-0.01,1,5.218688,False,True,1
-0.01,1,5.218959,False,True,1
-0.01,1,5.21911,False,True,1
9.95,5,5.224336,True,False,5
-0.05,5,5.227557,False,True,1
-0.01,1,5.227892,False,True,1
1.96,4,5.230762,False,True,3
-0.02,2,5.233514,False,True,1
-0.02,2,5.23377,False,True,1
-0.02,2,5.236859,False,True,1
1.96,4,5.239352,False,True,3
-0.01,1,5.239549,False,True,1
-0.01,1,5.239691,False,True,1
-0.01,1,5.239974,False,True,1
9.94,6,5.245682,True,False,5
-0.01,1,5.245887,False,True,1
-0.01,1,5.245959,False,True,1
-0.04,4,5.248682,False,True,1
-0.03,3,5.251242,False,True,1
9.94,6,5.257118,True,False,5
-0.02,2,5.257394,False,True,1
-0.03,3,5.260201,False,True,1
1.97,3,5.263081,False,True,3
-0.01,1,5.263291,False,True,1
-0.01,1,5.263446,False,True,1
2.94,6,5.269082,False,True,4
-0.02,2,5.26961,False,True,1
-0.02,2,5.272254,False,True,1
-0.02,2,5.272568,False,True,1
-0.01,1,5.272871,False,True,1
-0.01,1,5.275281,False,True,1
1.97,3,5.275712,False,True,3
9.93,7,5.281357,True,False,5
-0.01,1,5.281672,False,True,1
-0.01,1,5.283928,False,True,1
-0.01,1,5.28412,False,True,1
-0.01,1,5.284274,False,True,1
-0.03,3,5.287264,False,True,1
1.97,3,5.290071,False,True,3
-0.03,3,5.290348,False,True,1
-0.02,2,5.292789,False,True,1
1.97,3,5.295612,False,True,3
-0.01,1,5.295807,False,True,1
1.97,3,5.298245,False,True,3
-0.05,5,5.300913,False,True,1
-0.01,1,5.301219,False,True,1
-0.03,3,5.304269,False,True,1
-0.03,3,5.307009,False,True,1
1.96,4,5.309854,False,True,3
-0.01,1,5.31011,False,True,1
1.96,4,5.31287,False,True,3
1.96,4,5.315849,False,True,3
-0.01,1,5.316039,False,True,1
-0.03,3,5.318513,False,True,1
-0.01,1,5.318727,False,True,1
-0.01,1,5.318878,False,True,1
-0.01,1,5.321762,False,True,1
1.97,3,5.322396,False,True,3
-0.02,2,5.324948,False,True,1
-0.03,3,5.327921,False,True,1
-0.01,1,5.328129,False,True,1
1.97,3,5.330984,False,True,3
1.96,4,5.333733,False,True,3
-0.01,1,5.334044,False,True,1
-0.04,4,5.336842,False,True,1
-0.03,3,5.339607,False,True,1
-0.03,3,5.339862,False,True,1
9.95,5,5.345352,True,False,5
-0.01,1,5.345577,False,True,1
-0.02,2,5.345936,False,True,1
1.97,3,5.34871,False,True,3
-0.02,2,5.351088,False,True,1
-0.01,1,5.351275,False,True,1
1.97,3,5.3545,False,True,3
-0.02,2,5.354779,False,True,1
-0.01,1,5.354924,False,True,1
-0.01,1,5.357381,False,True,1
-0.01,1,5.357715,False,True,1
9.94,6,5.360864,True,False,5
1.96,4,5.363517,False,True,3
-0.01,1,5.365908,False,True,1
-0.02,2,5.366299,False,True,1
-0.04,4,5.368992,False,True,1
-0.01,1,5.369178,False,True,1
-0.02,2,5.371953,False,True,1
1.97,3,5.3748,False,True,3
1.97,3,5.375225,False,True,3
-0.01,1,5.377596,False,True,1
-0.01,1,5.377767,False,True,1
-0.01,1,5.378038,False,True,1
-0.01,1,5.378187,False,True,1
-0.01,1,5.380791,False,True,1
-0.01,1,5.380965,False,True,1
-0.01,1,5.38121,False,True,1
-0.01,1,5.381354,False,True,1
-0.01,1,5.383873,False,True,1
-0.01,1,5.384087,False,True,1
-0.01,1,5.384345,False,True,1
1.97,3,5.387534,False,True,3
1.97,3,5.390251,False,True,3
-0.01,1,5.390427,False,True,1
-0.01,1,5.390685,False,True,1
9.95,5,5.393614,True,False,5
1.97,3,5.396663,False,True,3
-0.01,1,5.396829,False,True,1
1.97,3,5.399622,False,True,3
-0.01,1,5.399829,False,True,1
-0.02,2,5.402279,False,True,1
-0.01,1,5.402463,False,True,1
9.94,6,5.408251,True,False,5
-0.01,1,5.408448,False,True,1
1.97,3,5.41134,False,True,3
-0.01,1,5.411483,False,True,1
1.96,4,5.414338,False,True,3
-0.01,1,5.414507,False,True,1
9.94,6,5.419663,True,False,5
-0.04,4,5.422418,False,True,1
-0.01,1,5.422676,False,True,1
-0.03,3,5.425175,False,True,1
-0.01,1,5.42538,False,True,1
-0.01,1,5.425536,False,True,1
-0.01,1,5.425786,False,True,1
-0.02,2,5.428969,False,True,1
-0.02,2,5.429221,False,True,1
-0.03,3,5.431779,False,True,1
1.97,3,5.434491,False,True,3
-0.01,1,5.434662,False,True,1
-0.04,4,5.437743,False,True,1
-0.01,1,5.437858,False,True,1
-0.02,2,5.440524,False,True,1
-0.03,3,5.44319,False,True,1
1.97,3,5.443668,False,True,3
9.94,6,5.449249,True,False,5
1.95,5,5.452258,False,True,3
9.95,5,5.455318,True,False,5
1.97,3,5.458113,False,True,3
-0.01,1,5.458228,False,True,1
-0.02,2,5.461144,False,True,1
-0.02,2,5.461457,False,True,1
-0.01,1,5.464032,False,True,1
-0.01,1,5.46422,False,True,1
-0.01,1,5.464498,False,True,1
-0.02,2,5.466914,False,True,1
-0.03,3,5.467173,False,True,1
-0.01,1,5.469773,False,True,1
-0.04,4,5.472776,False,True,1
-0.02,2,5.473035,False,True,1
9.94,6,5.478542,True,False,5
-0.01,1,5.478773,False,True,1
1.96,4,5.481603,False,True,3
-0.01,1,5.481775,False,True,1
-0.01,1,5.481919,False,True,1
-0.01,1,5.4844,False,True,1
-0.02,2,5.484956,False,True,1
-0.04,4,5.488216,False,True,1
-0.01,1,5.488417,False,True,1
-0.02,2,5.491108,False,True,1
1.96,4,5.494123,False,True,3
-0.03,3,5.496651,False,True,1
-0.01,1,5.496906,False,True,1
-0.01,1,5.497057,False,True,1
-0.01,1,5.497341,False,True,1
9.95,5,5.502863,True,False,5
-0.01,1,5.50301,False,True,1
-0.02,2,5.503223,False,True,1
-0.04,4,5.506281,False,True,1
-0.01,1,5.508563,False,True,1
-0.02,2,5.508777,False,True,1
-0.01,1,5.508921,False,True,1
1.96,4,5.511771,False,True,3
-0.01,1,5.514354,False,True,1
-0.02,2,5.514586,False,True,1
1.97,3,5.517374,False,True,3
-0.01,1,5.517606,False,True,1
-0.01,1,5.517769,False,True,1
-0.01,1,5.520699,False,True,1
-0.01,1,5.520901,False,True,1
-0.01,1,5.52117,False,True,1
1.96,4,5.523858,False,True,3
-0.01,1,5.524027,False,True,1
-0.01,1,5.52639,False,True,1
-0.01,1,5.526689,False,True,1
-0.01,1,5.526839,False,True,1
1.97,3,5.529734,False,True,3
9.92,8,5.535372,True,False,5
-0.02,2,5.535783,False,True,1
1.97,3,5.538829,False,True,3
-0.03,3,5.541444,False,True,1
-0.01,1,5.541633,False,True,1
-0.02,2,5.544481,False,True,1
-0.01,1,5.544712,False,True,1
-0.01,1,5.544859,False,True,1
9.95,5,5.547833,True,False,5
-0.03,3,5.55041,False,True,1
-0.02,2,5.552947,False,True,1
-0.03,3,5.553319,False,True,1
-0.02,2,5.556125,False,True,1
-0.01,1,5.556457,False,True,1
-0.02,2,5.558896,False,True,1
-0.01,1,5.559072,False,True,1
-0.01,1,5.559216,False,True,1
-0.01,1,5.55947,False,True,1
1.97,3,5.562527,False,True,3
-0.01,1,5.562709,False,True,1
-0.01,1,5.565039,False,True,1
-0.01,1,5.565346,False,True,1
-0.02,2,5.56555,False,True,1
-0.03,3,5.568116,False,True,1
-0.01,1,5.56828,False,True,1
-0.01,1,5.571034,False,True,1
-0.01,1,5.571221,False,True,1
-0.02,2,5.571481,False,True,1
-0.01,1,5.573923,False,True,1
-0.02,2,5.574367,False,True,1
1.95,5,5.57725,False,True,3
-0.04,4,5.580267,False,True,1
-0.01,1,5.58268,False,True,1
-0.02,2,5.583047,False,True,1
1.93,7,5.588633,False,True,3
-0.01,1,5.588826,False,True,1
-0.01,1,5.588969,False,True,1
9.95,5,5.594481,True,False,5
1.96,4,5.597383,False,True,3
-0.01,1,5.597585,False,True,1
-0.02,2,5.597861,False,True,1
-0.01,1,5.600487,False,True,1
-0.01,1,5.600695,False,True,1
-0.01,1,5.600846,False,True,1
1.97,3,5.603804,False,True,3
-0.02,2,5.604247,False,True,1
-0.01,1,5.606737,False,True,1
-0.04,4,5.609179,False,True,1
-0.01,1,5.609406,False,True,1
1.92,8,5.615265,False,True,3
-0.01,1,5.615461,False,True,1
-0.07,7,5.62124,False,True,1
1.96,4,5.623937,False,True,3
-0.01,1,5.624275,False,True,1
-0.05,5,5.627184,False,True,1
-0.04,4,5.629997,False,True,1
-0.02,2,5.632558,False,True,1
9.93,7,5.638471,True,False,5
0.95,5,5.641302,False,True,2
-0.06,6,5.644595,False,True,1
-0.04,4,5.647468,False,True,1
-0.09,9,5.655407,False,True,1
-0.01,1,5.655611,False,True,1
-0.02,2,5.655873,False,True,1
-0.04,4,5.658663,False,True,1
-0.04,4,5.661908,False,True,1
-0.04,4,5.664545,False,True,1
-0.05,5,5.670065,False,True,1
-0.04,4,5.67317,False,True,1
9.92,8,5.678647,True,False,5
-0.02,2,5.678915,False,True,1
1.94,6,5.684215,False,True,3
-0.09,9,5.689959,False,True,1
-0.03,3,5.692697,False,True,1
1.97,3,5.693092,False,True,3
1.97,3,5.69578,False,True,3
-0.03,3,5.698431,False,True,1
-0.06,6,5.701483,False,True,1
9.93,7,5.707352,True,False,5
-0.02,2,5.709921,False,True,1
-0.02,2,5.710228,False,True,1
-0.05,5,5.713353,False,True,1
-0.01,1,5.715791,False,True,1
-0.01,1,5.715971,False,True,1
-0.01,1,5.716114,False,True,1
1.97,3,5.719254,False,True,3
-0.01,1,5.719368,False,True,1
-0.01,1,5.719435,False,True,1
-0.03,3,5.72204,False,True,1
-0.01,1,5.722324,False,True,1
-0.01,1,5.72481,False,True,1
-0.01,1,5.725013,False,True,1
-0.03,3,5.727649,False,True,1
-0.04,4,5.730396,False,True,1
9.94,6,5.733435,True,False,5
1.97,3,5.736422,False,True,3
-0.02,2,5.736736,False,True,1
1.97,3,5.739688,False,True,3
-0.02,2,5.742115,False,True,1
1.96,4,5.745369,False,True,3
-0.04,4,5.748053,False,True,1
1.95,5,5.751161,False,True,3
-0.02,2,5.751461,False,True,1
-0.01,1,5.754248,False,True,1
-0.01,1,5.754455,False,True,1
1.95,5,5.757411,False,True,3
-0.03,3,5.7599,False,True,1
-0.01,1,5.760056,False,True,1
-0.03,3,5.763119,False,True,1
-0.01,1,5.763443,False,True,1
-0.03,3,5.76606,False,True,1
-0.01,1,5.766156,False,True,1
9.95,5,5.76947,True,False,5
-0.02,2,5.772195,False,True,1
1.94,6,5.774979,False,True,3
-0.03,3,5.777828,False,True,1
-0.01,1,5.777995,False,True,1
1.97,3,5.780902,False,True,3
-0.01,1,5.781058,False,True,1
-0.01,1,5.783434,False,True,1
1.95,5,5.786732,False,True,3
-0.01,1,5.787079,False,True,1
9.95,5,5.790187,True,False,5
-0.02,2,5.792627,False,True,1
-0.02,2,5.792932,False,True,1
-0.04,4,5.796223,False,True,1
-0.01,1,5.798706,False,True,1
-0.01,1,5.798885,False,True,1
-0.02,2,5.799143,False,True,1
-0.01,1,5.801666,False,True,1
1.97,3,5.802212,False,True,3
9.94,6,5.807893,True,False,5
-0.01,1,5.808082,False,True,1
-0.04,4,5.811045,False,True,1
-0.02,2,5.813604,False,True,1
9.94,6,5.816529,True,False,5
-0.01,1,5.816687,False,True,1
9.95,5,5.822096,True,False,5
1.97,3,5.822559,False,True,3
0.97,3,5.825297,False,True,2
-0.01,1,5.82548,False,True,1
0.97,3,5.82873,False,True,2
-0.02,2,5.831295,False,True,1
-0.03,3,5.831659,False,True,1
-0.01,1,5.834271,False,True,1
-0.01,1,5.834581,False,True,1
-0.02,2,5.834786,False,True,1
-0.01,1,5.837783,False,True,1
1.97,3,5.83821,False,True,3
-0.01,1,5.840838,False,True,1
1.97,3,5.841278,False,True,3
-0.02,2,5.844121,False,True,1
-0.01,1,5.84431,False,True,1
-0.02,2,5.846926,False,True,1
1.94,6,5.849804,False,True,3
1.96,4,5.852835,False,True,3
-0.03,3,5.855582,False,True,1
-0.02,2,5.856042,False,True,1
-0.01,1,5.858521,False,True,1
1.96,4,5.861571,False,True,3
-0.04,4,5.864245,False,True,1
-0.03,3,5.864692,False,True,1
9.95,5,5.870371,True,False,5
-0.03,3,5.870772,False,True,1
1.93,7,5.87605,False,True,3
-0.03,3,5.879134,False,True,1
-0.01,1,5.879308,False,True,1
-0.01,1,5.87946,False,True,1
-0.01,1,5.881852,False,True,1
-0.01,1,5.882126,False,True,1
-0.01,1,5.882281,False,True,1
1.96,4,5.88475,False,True,3
1.97,3,5.887628,False,True,3
1.97,3,5.890538,False,True,3
-0.01,1,5.890733,False,True,1
1.97,3,5.893222,False,True,3
-0.04,4,5.896331,False,True,1
-0.03,3,5.89686,False,True,1
-0.02,2,5.899245,False,True,1
-0.02,2,5.899513,False,True,1
-0.01,1,5.901871,False,True,1
-0.05,5,5.905295,False,True,1
-0.02,2,5.905522,False,True,1
-0.01,1,5.907833,False,True,1
-0.02,2,5.908149,False,True,1
-0.01,1,5.908436,False,True,1
1.97,3,5.911182,False,True,3
1.96,4,5.913948,False,True,3
1.95,5,5.916803,False,True,3
-0.01,1,5.919397,False,True,1
-0.01,1,5.91953,False,True,1
-0.03,3,5.922337,False,True,1
1.97,3,5.922785,False,True,3
-0.01,1,5.925322,False,True,1
-0.02,2,5.925678,False,True,1
-0.01,1,5.92583,False,True,1
9.94,6,5.931426,True,False,5
-0.01,1,5.931763,False,True,1
9.95,5,5.934669,True,False,5
9.92,8,5.940504,True,False,5
1.95,5,5.945916,False,True,3
1.95,5,5.948779,False,True,3
-0.01,1,5.948993,False,True,1
-0.03,3,5.951569,False,True,1
-0.02,2,5.951775,False,True,1
-0.02,2,5.954537,False,True,1
-0.02,2,5.954849,False,True,1
-0.02,2,5.957214,False,True,1
-0.03,3,5.960031,False,True,1
-0.01,1,5.960315,False,True,1
-0.02,2,5.960575,False,True,1
1.93,7,5.966008,False,True,3
-0.01,1,5.966174,False,True,1
-0.02,2,5.968833,False,True,1
9.95,5,5.972064,True,False,5
-0.01,1,5.972241,False,True,1
-0.05,5,5.977262,False,True,1
1.96,4,5.980061,False,True,3
-0.04,4,5.982825,False,True,1
-0.08,8,5.988435,False,True,1
-0.12,12,5.996305,False,True,1
-0.01,1,5.996678,False,True,1
-0.05,5,5.999493,False,True,1
1.93,7,6.005165,False,True,3
-0.03,3,6.007858,False,True,1
-0.06,6,6.01131,False,True,1
-0.03,3,6.013709,False,True,1
-0.04,4,6.016459,False,True,1
-0.02,2,6.016762,False,True,1
-0.06,6,6.022372,False,True,1
-0.01,1,6.022559,False,True,1
1.95,5,6.025525,False,True,3
1.92,8,6.031077,False,True,3
-0.02,2,6.033844,False,True,1
-0.01,1,6.034018,False,True,1
0.96,4,6.036881,False,True,2
-0.05,5,6.039677,False,True,1
1.96,4,6.042561,False,True,3
1.96,4,6.045467,False,True,3
9.92,8,6.051388,True,False,5
-0.01,1,6.054466,False,True,1
-0.02,2,6.054939,False,True,1
-0.06,6,6.060102,False,True,1
-0.02,2,6.060424,False,True,1
-0.02,2,6.062986,False,True,1
9.9,10,6.068654,True,False,5
-0.02,2,6.0714,False,True,1
-0.06,6,6.074507,False,True,1
-0.02,2,6.077311,False,True,1
-0.04,4,6.080321,False,True,1
1.9,10,6.086012,False,True,3
-0.01,1,6.086198,False,True,1
-0.02,2,6.088844,False,True,1
2.89,11,6.097716,False,True,4
-0.02,2,6.097892,False,True,1
9.94,6,6.103422,True,False,5
-0.03,3,6.103908,False,True,1
9.94,6,6.10915,True,False,5
1.97,3,6.111961,False,True,3
1.94,6,6.114957,False,True,3
-0.01,1,6.11506,False,True,1
-0.01,1,6.1176,False,True,1
-0.05,5,6.12079,False,True,1
-0.11,11,6.128934,False,True,1
1.97,3,6.129312,False,True,3
-0.04,4,6.132105,False,True,1
1.95,5,6.137585,False,True,3
-0.02,2,6.137841,False,True,1
-0.03,3,6.140428,False,True,1
1.97,3,6.14323,False,True,3
1.96,4,6.14633,False,True,3
1.96,4,6.148959,False,True,3
1.95,5,6.151815,False,True,3
1.97,3,6.155167,False,True,3
-0.05,5,6.157711,False,True,1
1.94,6,6.160882,False,True,3
1.95,5,6.165996,False,True,3
1.95,5,6.168884,False,True,3
-0.04,4,6.171536,False,True,1
-0.03,3,6.174122,False,True,1
1.97,3,6.174562,False,True,3
-0.02,2,6.177259,False,True,1
-0.01,1,6.177448,False,True,1
1.97,3,6.180375,False,True,3
-0.02,2,6.180696,False,True,1
-0.02,2,6.183478,False,True,1
-0.02,2,6.183752,False,True,1
-0.01,1,6.186024,False,True,1
-0.01,1,6.186216,False,True,1
1.94,6,6.189359,False,True,3
-0.05,5,6.194845,False,True,1
-0.01,1,6.195058,False,True,1
-0.02,2,6.195256,False,True,1
-0.01,1,6.197832,False,True,1
-0.01,1,6.198048,False,True,1
-0.04,4,6.200907,False,True,1
-0.04,4,6.203941,False,True,1
1.97,3,6.206804,False,True,3
-0.01,1,6.206988,False,True,1
-0.01,1,6.207068,False,True,1
-0.06,6,6.21273,False,True,1
1.94,6,6.215839,False,True,3
-0.03,3,6.218532,False,True,1
1.92,8,6.224292,False,True,3
1.95,5,6.227169,False,True,3
-0.01,1,6.227463,False,True,1
9.85,15,6.238487,True,False,5
-0.13,13,6.246667,False,True,1
9.77,23,6.262581,True,False,5
9.94,6,6.26779,True,False,5
-0.01,1,6.267982,False,True,1
-0.04,4,6.270643,False,True,1
9.9,10,6.276757,True,False,5
-0.04,4,6.27965,False,True,1
-0.04,4,6.282269,False,True,1
1.93,7,6.287815,False,True,3
1.92,8,6.2931,False,True,3
-0.02,2,6.295761,False,True,1
-0.02,2,6.296096,False,True,1
1.95,5,6.298734,False,True,3
-0.03,3,6.301353,False,True,1
-0.01,1,6.301581,False,True,1
9.93,7,6.307161,True,False,5
1.97,3,6.309944,False,True,3
-0.01,1,6.31011,False,True,1
-0.01,1,6.310376,False,True,1
1.97,3,6.312937,False,True,3
1.95,5,6.315886,False,True,3
-0.01,1,6.31833,False,True,1
-0.02,2,6.318794,False,True,1
-0.02,2,6.326781,False,True,1
-0.01,1,6.327025,False,True,1
-0.04,4,6.337152,False,True,1
-0.01,1,6.337507,False,True,1
-0.03,3,6.340897,False,True,1
1.91,9,6.349275,False,True,3
-0.01,1,6.349484,False,True,1
-0.01,1,6.352388,False,True,1
1.96,4,6.355237,False,True,3
-0.02,2,6.355527,False,True,1
1.96,4,6.35832,False,True,3
1.95,5,6.361651,False,True,3
-0.01,1,6.364298,False,True,1
-0.01,1,6.364478,False,True,1
-0.02,2,6.364673,False,True,1
9.95,5,6.370384,True,False,5
-0.02,2,6.370684,False,True,1
9.93,7,6.376267,True,False,5
-0.01,1,6.376462,False,True,1
-0.03,3,6.379497,False,True,1
-0.01,1,6.379679,False,True,1
1.96,4,6.38242,False,True,3
-0.01,1,6.382615,False,True,1
-0.01,1,6.385344,False,True,1
-0.01,1,6.385547,False,True,1
1.97,3,6.388259,False,True,3
-0.01,1,6.388448,False,True,1
-0.02,2,6.388914,False,True,1
-0.01,1,6.391151,False,True,1
-0.02,2,6.391435,False,True,1
-0.02,2,6.393859,False,True,1
1.96,4,6.397065,False,True,3
-0.01,1,6.397296,False,True,1
1.97,3,6.399975,False,True,3
-0.01,1,6.400164,False,True,1
-0.01,1,6.400444,False,True,1
1.97,3,6.40349,False,True,3
-0.02,2,6.403792,False,True,1
9.91,9,6.41169,True,False,5
1.97,3,6.412291,False,True,3
9.93,7,6.417551,True,False,5
-0.04,4,6.420559,False,True,1
1.95,5,6.423413,False,True,3
1.94,6,6.429156,False,True,3
-0.01,1,6.429354,False,True,1
1.93,7,6.434552,False,True,3
9.92,8,6.440361,True,False,5
-0.06,6,6.443538,False,True,1
1.93,7,6.449106,False,True,3
-0.03,3,6.451663,False,True,1
-0.08,8,6.457366,False,True,1
-0.11,11,6.46591,False,True,1
-0.01,1,6.466109,False,True,1
-0.02,2,6.466371,False,True,1
1.95,5,6.471879,False,True,3
1.94,6,6.474978,False,True,3
1.92,8,6.480437,False,True,3
-0.02,2,6.482795,False,True,1
-0.02,2,6.483163,False,True,1
9.94,6,6.488728,True,False,5
1.97,3,6.489168,False,True,3
-0.04,4,6.491794,False,True,1
-0.02,2,6.494413,False,True,1
-0.01,1,6.494709,False,True,1
-0.05,5,6.497551,False,True,1
-0.02,2,6.500126,False,True,1
-0.01,1,6.500307,False,True,1
-0.02,2,6.503225,False,True,1
-0.01,1,6.503486,False,True,1
-0.01,1,6.503657,False,True,1
-0.03,3,6.506298,False,True,1
-0.02,2,6.506767,False,True,1
-0.01,1,6.509242,False,True,1
-0.01,1,6.509448,False,True,1
9.93,7,6.51507,True,False,5
-0.01,1,6.515422,False,True,1
-0.04,4,6.517992,False,True,1
-0.03,3,6.520862,False,True,1
-0.02,2,6.521098,False,True,1
-0.02,2,6.523691,False,True,1
-0.03,3,6.524194,False,True,1
-0.02,2,6.526875,False,True,1
1.96,4,6.529867,False,True,3
-0.03,3,6.532709,False,True,1
9.92,8,6.538587,True,False,5
-0.01,1,6.538789,False,True,1
-0.03,3,6.541608,False,True,1
1.96,4,6.544826,False,True,3
1.94,6,6.548067,False,True,3
-0.01,1,6.548248,False,True,1
-0.01,1,6.550733,False,True,1
-0.09,9,6.55675,False,True,1
-0.05,5,6.559746,False,True,1
1.95,5,6.562796,False,True,3
-0.06,6,6.568005,False,True,1
-0.02,2,6.568379,False,True,1
9.91,9,6.57675,True,False,5
1.97,3,6.577137,False,True,3
1.82,18,6.590694,False,True,3
9.9,10,6.596579,True,False,5
1.9,10,6.605138,False,True,3
-0.04,4,6.607917,False,True,1
1.95,5,6.610833,False,True,3
-0.03,3,6.61353,False,True,1
1.97,3,6.616173,False,True,3
-0.01,1,6.616368,False,True,1
-0.04,4,6.619233,False,True,1
-0.03,3,6.622003,False,True,1
-0.04,4,6.62465,False,True,1
-0.08,8,6.630222,False,True,1
1.94,6,6.633369,False,True,3
9.92,8,6.639276,True,False,5
-0.03,3,6.642081,False,True,1
-0.09,9,6.64777,False,True,1
-0.02,2,6.650361,False,True,1
-0.03,3,6.650892,False,True,1
-0.03,3,6.653943,False,True,1
-0.04,4,6.656775,False,True,1
-0.04,4,6.659488,False,True,1
-0.05,5,6.662964,False,True,1
0.92,8,6.668457,False,True,2
-0.05,5,6.673628,False,True,1
1.94,6,6.676483,False,True,3
-0.02,2,6.679486,False,True,1
9.93,7,6.68236,True,False,5
1.96,4,6.685097,False,True,3
-0.02,2,6.687698,False,True,1
1.97,3,6.690385,False,True,3
-0.03,3,6.690808,False,True,1
-0.03,3,6.693402,False,True,1
-0.01,1,6.693499,False,True,1
1.95,5,6.698686,False,True,3
1.96,4,6.701823,False,True,3
9.95,5,6.704998,True,False,5
-0.03,3,6.707801,False,True,1
1.88,12,6.716131,False,True,3
-0.04,4,6.719344,False,True,1
-0.01,1,6.719521,False,True,1
9.95,5,6.722747,True,False,5
-0.03,3,6.725552,False,True,1
-0.02,2,6.725714,False,True,1
9.94,6,6.73128,True,False,5
1.95,5,6.7342,False,True,3
-0.01,1,6.734494,False,True,1
1.91,9,6.743009,False,True,3
1.94,6,6.746298,False,True,3
1.94,6,6.751742,False,True,3
-0.04,4,6.754903,False,True,1
9.94,6,6.757865,True,False,5
9.92,8,6.763882,True,False,5
0.97,3,6.766606,False,True,2
-0.03,3,6.769425,False,True,1
-0.02,2,6.769749,False,True,1
-0.05,5,6.772675,False,True,1
-0.03,3,6.775633,False,True,1
-0.04,4,6.77884,False,True,1
1.96,4,6.781659,False,True,3
-0.03,3,6.784388,False,True,1
-0.01,1,6.784561,False,True,1
-0.05,5,6.787717,False,True,1
1.96,4,6.790517,False,True,3
-0.02,2,6.793001,False,True,1
-0.05,5,6.796313,False,True,1
1.96,4,6.79928,False,True,3
-0.02,2,6.802012,False,True,1
-0.04,4,6.804908,False,True,1
-0.01,1,6.805094,False,True,1
9.95,5,6.808164,True,False,5
-0.02,2,6.810552,False,True,1
-0.01,1,6.81077,False,True,1
-0.04,4,6.813783,False,True,1
-0.01,1,6.814113,False,True,1
-0.01,1,6.814261,False,True,1
-0.01,1,6.816474,False,True,1
-0.01,1,6.816668,False,True,1
-0.03,3,6.819885,False,True,1
1.96,4,6.823076,False,True,3
-0.01,1,6.823274,False,True,1
-0.02,2,6.823534,False,True,1
-0.03,3,6.826277,False,True,1
-0.03,3,6.829283,False,True,1
9.95,5,6.832185,True,False,5
-0.02,2,6.834857,False,True,1
1.96,4,6.838132,False,True,3
9.94,6,6.841215,True,False,5
-0.02,2,6.843728,False,True,1
-0.02,2,6.843965,False,True,1
-0.01,1,6.844231,False,True,1
1.96,4,6.847197,False,True,3
-0.02,2,6.849897,False,True,1
-0.02,2,6.850181,False,True,1
-0.01,1,6.852608,False,True,1
-0.02,2,6.852848,False,True,1
-0.02,2,6.855818,False,True,1
-0.01,1,6.856051,False,True,1
9.91,9,6.861776,True,False,5
-0.01,1,6.861971,False,True,1
-0.01,1,6.864523,False,True,1
1.96,4,6.867046,False,True,3
-0.03,3,6.867549,False,True,1
-0.03,3,6.870683,False,True,1
-0.04,4,6.873495,False,True,1
1.97,3,6.87617,False,True,3
1.97,3,6.879285,False,True,3
1.97,3,6.879728,False,True,3
-0.02,2,6.882138,False,True,1
-0.02,2,6.882427,False,True,1
-0.04,4,6.885332,False,True,1
9.94,6,6.890791,True,False,5
1.95,5,6.893666,False,True,3
-0.03,3,6.896686,False,True,1
-0.01,1,6.897028,False,True,1
9.89,11,6.905057,True,False,5
-0.02,2,6.905378,False,True,1
-0.03,3,6.907879,False,True,1
-0.03,3,6.910491,False,True,1
-0.01,1,6.910691,False,True,1
-0.04,4,6.913434,False,True,1
-0.03,3,6.916193,False,True,1
-0.03,3,6.918865,False,True,1
-0.04,4,6.921668,False,True,1
-0.04,4,6.924469,False,True,1
-0.01,1,6.924604,False,True,1
-0.02,2,6.924957,False,True,1
-0.01,1,6.927884,False,True,1
-0.03,3,6.928203,False,True,1
-0.02,2,6.930771,False,True,1
-0.01,1,6.931079,False,True,1
1.95,5,6.934106,False,True,3
-0.02,2,6.937191,False,True,1
1.97,3,6.939975,False,True,3
-0.03,3,6.940576,False,True,1
-0.05,5,6.946167,False,True,1
-0.02,2,6.946491,False,True,1
-0.02,2,6.949192,False,True,1
-0.01,1,6.949536,False,True,1
-0.02,2,6.949807,False,True,1
-0.01,1,6.952304,False,True,1
1.93,7,6.955628,False,True,3
-0.03,3,6.95862,False,True,1
-0.02,2,6.961514,False,True,1
1.93,7,6.964476,False,True,3
-0.08,8,6.970332,False,True,1
-0.04,4,6.973571,False,True,1
-0.06,6,6.978934,False,True,1
-0.01,1,6.979053,False,True,1
-0.07,7,6.984504,False,True,1
-0.02,2,6.984885,False,True,1
1.93,7,6.990661,False,True,3
9.93,7,6.996701,True,False,5
-0.12,12,7.00535,False,True,1
1.92,8,7.010976,False,True,3
-0.05,5,7.014095,False,True,1
-0.01,1,7.014278,False,True,1
-0.02,2,7.01688,False,True,1
-0.17,17,7.028436,False,True,1
-0.03,3,7.031139,False,True,1
-0.03,3,7.033664,False,True,1
-0.05,5,7.036756,False,True,1
-0.05,5,7.039767,False,True,1
-0.07,7,7.045387,False,True,1
-0.02,2,7.04571,False,True,1
-0.03,3,7.048565,False,True,1
-0.03,3,7.0514,False,True,1
-0.05,5,7.05449,False,True,1
1.89,11,7.062742,False,True,3
9.92,8,7.067997,True,False,5
-0.04,4,7.070966,False,True,1
-0.02,2,7.071258,False,True,1
1.95,5,7.076527,False,True,3
1.96,4,7.079609,False,True,3
-0.03,3,7.080136,False,True,1
1.93,7,7.085972,False,True,3
-0.01,1,7.086181,False,True,1
-0.03,3,7.088962,False,True,1
-0.04,4,7.092115,False,True,1
-0.05,5,7.09611,False,True,1
9.94,6,7.101716,True,False,5
-0.02,2,7.101974,False,True,1
9.95,5,7.107878,True,False,5
1.97,3,7.108303,False,True,3
-0.01,1,7.111144,False,True,1
-0.01,1,7.111347,False,True,1
1.96,4,7.11466,False,True,3
-0.07,7,7.120668,False,True,1
-0.01,1,7.120883,False,True,1
-0.01,1,7.121031,False,True,1
-0.03,3,7.123846,False,True,1
-0.01,1,7.124023,False,True,1
-0.02,2,7.126908,False,True,1
9.95,5,7.130296,True,False,5
-0.01,1,7.130624,False,True,1
-0.02,2,7.13332,False,True,1
9.94,6,7.136632,True,False,5
-0.03,3,7.139512,False,True,1
1.96,4,7.142549,False,True,3
-0.02,2,7.142788,False,True,1
-0.01,1,7.145607,False,True,1
-0.01,1,7.145818,False,True,1
1.96,4,7.148868,False,True,3
-0.01,1,7.149054,False,True,1
1.97,3,7.151742,False,True,3
-0.01,1,7.151942,False,True,1
-0.01,1,7.152216,False,True,1
-0.01,1,7.155038,False,True,1
1.95,5,7.157942,False,True,3
1.95,5,7.161005,False,True,3
-0.02,2,7.163733,False,True,1
-0.01,1,7.163934,False,True,1
-0.04,4,7.166714,False,True,1
1.97,3,7.169937,False,True,3
-0.03,3,7.170563,False,True,1
-0.03,3,7.173341,False,True,1
-0.03,3,7.176139,False,True,1
-0.05,5,7.179227,False,True,1
9.95,5,7.182155,True,False,5
1.93,7,7.187934,False,True,3
-0.01,1,7.188113,False,True,1
1.92,8,7.193646,False,True,3
-0.03,3,7.196623,False,True,1
9.91,9,7.202268,True,False,5
-0.02,2,7.205066,False,True,1
-0.03,3,7.207544,False,True,1
-0.07,7,7.210629,False,True,1
-0.01,1,7.213073,False,True,1
-0.05,5,7.216061,False,True,1
-0.05,5,7.218979,False,True,1
9.94,6,7.224546,True,False,5
-0.01,1,7.224756,False,True,1
2.9,10,7.230764,False,True,4
1.97,3,7.233389,False,True,3
-0.04,4,7.23688,False,True,1
-0.03,3,7.239563,False,True,1
-0.02,2,7.239773,False,True,1
9.95,5,7.24516,True,False,5
1.94,6,7.248199,False,True,3
-0.01,1,7.248374,False,True,1
-0.02,2,7.250823,False,True,1
-0.02,2,7.251126,False,True,1
9.95,5,7.256894,True,False,5
1.97,3,7.257338,False,True,3
1.96,4,7.259984,False,True,3
1.97,3,7.262684,False,True,3
1.97,3,7.265529,False,True,3
-0.02,2,7.265833,False,True,1
-0.02,2,7.268393,False,True,1
1.96,4,7.271666,False,True,3
-0.01,1,7.272021,False,True,1
-0.01,1,7.272176,False,True,1
9.95,5,7.277538,True,False,5
-0.04,4,7.280449,False,True,1
-0.02,2,7.280893,False,True,1
-0.01,1,7.281037,False,True,1
-0.02,2,7.283548,False,True,1
9.95,5,7.28641,True,False,5
-0.02,2,7.289401,False,True,1
-0.01,1,7.28962,False,True,1
-0.02,2,7.289896,False,True,1
-0.04,4,7.29258,False,True,1
1.97,3,7.295669,False,True,3
-0.01,1,7.295858,False,True,1
-0.01,1,7.298398,False,True,1
-0.01,1,7.298606,False,True,1
-0.01,1,7.298893,False,True,1
-0.02,2,7.301336,False,True,1
-0.02,2,7.301645,False,True,1
-0.01,1,7.301795,False,True,1
-0.01,1,7.304759,False,True,1
-0.04,4,7.307694,False,True,1
-0.02,2,7.30801,False,True,1
-0.01,1,7.308159,False,True,1
-0.03,3,7.311231,False,True,1
-0.01,1,7.311433,False,True,1
1.92,8,7.317191,False,True,3
-0.01,1,7.319882,False,True,1
-0.05,5,7.322919,False,True,1
9.91,9,7.328352,True,False,5
-0.12,12,7.336874,False,True,1
-0.09,9,7.342561,False,True,1
-0.07,7,7.348002,False,True,1
-0.02,2,7.350683,False,True,1
9.91,9,7.356572,True,False,5
9.93,7,7.361899,True,False,5
-0.01,1,7.362235,False,True,1
-0.05,5,7.365049,False,True,1
-0.02,2,7.367577,False,True,1
-0.04,4,7.370384,False,True,1
-0.01,1,7.370755,False,True,1
-0.03,3,7.373524,False,True,1
9.95,5,7.376534,True,False,5
-0.02,2,7.376842,False,True,1
9.92,8,7.382561,True,False,5
-0.01,1,7.385261,False,True,1
-0.02,2,7.385608,False,True,1
-0.03,3,7.38827,False,True,1
1.97,3,7.391031,False,True,3
-0.01,1,7.391234,False,True,1
1.95,5,7.394286,False,True,3
-0.01,1,7.394477,False,True,1
-0.03,3,7.397255,False,True,1
-0.04,4,7.399907,False,True,1
-0.01,1,7.40012,False,True,1
-0.04,4,7.40345,False,True,1
-0.01,1,7.405951,False,True,1
1.95,5,7.408635,False,True,3
9.92,8,7.414437,True,False,5
1.97,3,7.417093,False,True,3
-0.03,3,7.417617,False,True,1
-0.02,2,7.420434,False,True,1
-0.02,2,7.420748,False,True,1
-0.02,2,7.423229,False,True,1
1.96,4,7.426231,False,True,3
1.95,5,7.429476,False,True,3
1.96,4,7.432262,False,True,3
9.94,6,7.438033,True,False,5
-0.02,2,7.43852,False,True,1
-0.01,1,7.43867,False,True,1
-0.01,1,7.441033,False,True,1
-0.05,5,7.443869,False,True,1
-0.03,3,7.446683,False,True,1
-0.07,7,7.449724,False,True,1
1.94,6,7.455209,False,True,3
-0.01,1,7.455388,False,True,1
1.96,4,7.458111,False,True,3
1.97,3,7.460952,False,True,3
-0.03,3,7.463903,False,True,1
9.94,6,7.466966,True,False,5
-0.01,1,7.467179,False,True,1
1.97,3,7.470258,False,True,3
-0.01,1,7.470451,False,True,1
-0.03,3,7.473117,False,True,1
-0.05,5,7.475965,False,True,1
-0.02,2,7.478983,False,True,1
9.95,5,7.482016,True,False,5
-0.04,4,7.484754,False,True,1
-0.04,4,7.488112,False,True,1
-0.01,1,7.488293,False,True,1
-0.01,1,7.490718,False,True,1
1.97,3,7.49116,False,True,3
-0.05,5,7.49635,False,True,1
-0.05,5,7.499176,False,True,1
0.96,4,7.501732,False,True,2
-0.04,4,7.504893,False,True,1
-0.01,1,7.505202,False,True,1
-0.02,2,7.507933,False,True,1
1.97,3,7.508398,False,True,3
1.97,3,7.511829,False,True,3
1.96,4,7.51482,False,True,3
-0.02,2,7.517291,False,True,1
-0.01,1,7.517465,False,True,1
-0.05,5,7.520938,False,True,1
-0.01,1,7.521197,False,True,1
-0.01,1,7.52371,False,True,1
1.95,5,7.526555,False,True,3
-0.03,3,7.52966,False,True,1
1.96,4,7.532593,False,True,3
1.97,3,7.533007,False,True,3
-0.02,2,7.535449,False,True,1
-0.03,3,7.538433,False,True,1
-0.05,5,7.541438,False,True,1
-0.01,1,7.541632,False,True,1
-0.02,2,7.544399,False,True,1
-0.01,1,7.544617,False,True,1
-0.01,1,7.544907,False,True,1
1.95,5,7.547899,False,True,3
-0.04,4,7.550607,False,True,1
-0.01,1,7.553532,False,True,1
-0.01,1,7.553841,False,True,1
-0.03,3,7.556616,False,True,1
-0.01,1,7.556801,False,True,1
1.94,6,7.559686,False,True,3
1.95,5,7.565272,False,True,3
9.94,6,7.568653,True,False,5
-0.02,2,7.571445,False,True,1
9.94,6,7.57435,True,False,5
1.97,3,7.5775,False,True,3
-0.02,2,7.577809,False,True,1
-0.02,2,7.580398,False,True,1
1.97,3,7.583146,False,True,3
-0.01,1,7.583462,False,True,1
9.95,5,7.586642,True,False,5
-0.02,2,7.589469,False,True,1
-0.02,2,7.589786,False,True,1
9.91,9,7.595691,True,False,5
-0.01,1,7.598392,False,True,1
-0.01,1,7.598593,False,True,1
-0.01,1,7.59874,False,True,1
-0.02,2,7.60129,False,True,1
-0.01,1,7.601487,False,True,1
-0.01,1,7.601648,False,True,1
-0.01,1,7.601803,False,True,1
-0.01,1,7.604589,False,True,1
0.96,4,7.60728,False,True,2
1.96,4,7.61014,False,True,3
9.95,5,7.613348,True,False,5
-0.01,1,7.613681,False,True,1
-0.01,1,7.613835,False,True,1
-0.02,2,7.61617,False,True,1
-0.01,1,7.616341,False,True,1
-0.04,4,7.619093,False,True,1
1.97,3,7.622038,False,True,3
-0.01,1,7.622215,False,True,1
-0.03,3,7.624776,False,True,1
-0.01,1,7.625113,False,True,1
1.95,5,7.628344,False,True,3
-0.01,1,7.630801,False,True,1
-0.03,3,7.631088,False,True,1
-0.04,4,7.633985,False,True,1
-0.05,5,7.639498,False,True,1
-0.18,18,7.650431,False,True,1
-0.06,6,7.65561,False,True,1
-0.02,2,7.656108,False,True,1
-0.03,3,7.658548,False,True,1
9.83,17,7.669843,True,False,5
1.84,16,7.680336,False,True,3
-0.04,4,7.683224,False,True,1
-0.01,1,7.683404,False,True,1
1.92,8,7.688794,False,True,3
-0.06,6,7.693998,False,True,1
-0.02,2,7.694359,False,True,1
-0.05,5,7.699427,False,True,1
-0.05,5,7.702478,False,True,1
-0.02,2,7.702733,False,True,1
-0.05,5,7.708372,False,True,1
9.94,6,7.711942,True,False,5
-0.06,6,7.717258,False,True,1
-0.03,3,7.717695,False,True,1
-0.07,7,7.723564,False,True,1
-0.01,1,7.723762,False,True,1
-0.04,4,7.726722,False,True,1
-0.03,3,7.729461,False,True,1
9.91,9,7.735407,True,False,5
-0.06,6,7.740744,False,True,1
-0.07,7,7.746379,False,True,1
-0.02,2,7.746716,False,True,1
-0.07,7,7.752185,False,True,1
-0.05,5,7.7553,False,True,1
9.92,8,7.760882,True,False,5
-0.04,4,7.763816,False,True,1
-0.01,1,7.764115,False,True,1
-0.04,4,7.766958,False,True,1
-0.16,16,7.777925,False,True,1
-0.09,9,7.786224,False,True,1
9.93,7,7.789726,True,False,5
9.91,9,7.797835,True,False,5
-0.06,6,7.800858,False,True,1
-0.02,2,7.80366,False,True,1
1.95,5,7.806788,False,True,3
-0.07,7,7.812446,False,True,1
-0.06,6,7.815461,False,True,1
-0.03,3,7.818171,False,True,1
-0.01,1,7.818482,False,True,1
-0.01,1,7.818644,False,True,1
-0.11,11,7.827095,False,True,1
-0.01,1,7.827278,False,True,1
-0.01,1,7.829877,False,True,1
9.94,6,7.833054,True,False,5
1.94,6,7.838488,False,True,3
-0.01,1,7.8387,False,True,1
-0.01,1,7.839,False,True,1
-0.02,2,7.841591,False,True,1
-0.03,3,7.841999,False,True,1
-0.01,1,7.844425,False,True,1
-0.01,1,7.844749,False,True,1
-0.03,3,7.847294,False,True,1
-0.02,2,7.847525,False,True,1
-0.01,1,7.847668,False,True,1
1.97,3,7.850436,False,True,3
9.94,6,7.856193,True,False,5
-0.01,1,7.856404,False,True,1
-0.01,1,7.856546,False,True,1
-0.04,4,7.859379,False,True,1
-0.02,2,7.862055,False,True,1
-0.02,2,7.86222,False,True,1
-0.05,5,7.865043,False,True,1
-0.03,3,7.867749,False,True,1
-0.01,1,7.867905,False,True,1
1.95,5,7.873785,False,True,3
-0.01,1,7.874022,False,True,1
1.97,3,7.876896,False,True,3
-0.05,5,7.88008,False,True,1
-0.01,1,7.880263,False,True,1
1.95,5,7.883233,False,True,3
1.97,3,7.88621,False,True,3
1.97,3,7.889119,False,True,3
1.96,4,7.891894,False,True,3
-0.03,3,7.894732,False,True,1
-0.01,1,7.895059,False,True,1
-0.02,2,7.895319,False,True,1
1.96,4,7.898255,False,True,3
-0.02,2,7.900815,False,True,1
-0.01,1,7.901121,False,True,1
-0.01,1,7.901281,False,True,1
-0.01,1,7.904166,False,True,1
-0.03,3,7.90461,False,True,1
-0.02,2,7.907311,False,True,1
-0.02,2,7.90759,False,True,1
9.95,5,7.912971,True,False,5
1.96,4,7.915814,False,True,3
-0.05,5,7.919002,False,True,1
9.88,12,7.927409,True,False,5
-0.01,1,7.927591,False,True,1
-0.02,2,7.930365,False,True,1
1.96,4,7.933502,False,True,3
1.94,6,7.936523,False,True,3
-0.01,1,7.936702,False,True,1
-0.01,1,7.939386,False,True,1
-0.02,2,7.939839,False,True,1
9.94,6,7.945455,True,False,5
9.88,12,7.954213,True,False,5
-0.03,3,7.954599,False,True,1
-0.01,1,7.957127,False,True,1
1.94,6,7.960185,False,True,3
-0.01,1,7.96037,False,True,1
-0.01,1,7.963095,False,True,1
-0.08,8,7.968817,False,True,1
-0.01,1,7.969037,False,True,1
1.94,6,7.972295,False,True,3
-0.06,6,7.977811,False,True,1
-0.03,3,7.980736,False,True,1
-0.03,3,7.981153,False,True,1
-0.03,3,7.983718,False,True,1
1.96,4,7.986832,False,True,3
-0.02,2,7.989569,False,True,1
1.97,3,7.989987,False,True,3
1.96,4,7.992616,False,True,3
-0.04,4,7.995649,False,True,1
9.95,5,8.001162,True,False,5
-0.01,1,8.001348,False,True,1
-0.01,1,8.001505,False,True,1
-0.03,3,8.004497,False,True,1
-0.05,5,8.007413,False,True,1
-0.01,1,8.007597,False,True,1
-0.04,4,8.010267,False,True,1
1.92,8,8.015942,False,True,3
-0.01,1,8.018727,False,True,1
9.95,5,8.021975,True,False,5
-0.01,1,8.022097,False,True,1
1.88,12,8.030812,False,True,3
-0.07,7,8.036621,False,True,1
-0.04,4,8.039696,False,True,1
1.93,7,8.044795,False,True,3
-0.02,2,8.045124,False,True,1
-0.01,1,8.045397,False,True,1
-0.02,2,8.048038,False,True,1
1.97,3,8.050785,False,True,3
-0.01,1,8.050959,False,True,1
1.97,3,8.054152,False,True,3
-0.06,6,8.057185,False,True,1
-0.02,2,8.059684,False,True,1
1.97,3,8.06011,False,True,3
-0.01,1,8.063033,False,True,1
-0.01,1,8.063237,False,True,1
-0.01,1,8.063388,False,True,1
0.97,3,8.066116,False,True,2
1.97,3,8.068807,False,True,3
-0.01,1,8.069009,False,True,1
1.97,3,8.071846,False,True,3
-0.01,1,8.072043,False,True,1
-0.02,2,8.072455,False,True,1
-0.02,2,8.075068,False,True,1
-0.03,3,8.077806,False,True,1
-0.03,3,8.078165,False,True,1
1.97,3,8.08113,False,True,3
1.95,5,8.084048,False,True,3
-0.02,2,8.08693,False,True,1
-0.01,1,8.087143,False,True,1
9.95,5,8.090142,True,False,5
1.97,3,8.092931,False,True,3
-0.03,3,8.09592,False,True,1
-0.03,3,8.098484,False,True,1
-0.02,2,8.098902,False,True,1
1.95,5,8.101754,False,True,3
-0.02,2,8.104586,False,True,1
1.97,3,8.107234,False,True,3
-0.01,1,8.107536,False,True,1
-0.01,1,8.107698,False,True,1
-0.03,3,8.110321,False,True,1
-0.02,2,8.11063,False,True,1
1.97,3,8.113988,False,True,3
-0.01,1,8.114176,False,True,1
-0.01,1,8.116642,False,True,1
-0.01,1,8.11682,False,True,1
-0.01,1,8.117099,False,True,1
-0.01,1,8.117248,False,True,1
-0.02,2,8.120283,False,True,1
-0.03,3,8.122945,False,True,1
-0.01,1,8.12328,False,True,1
-0.01,1,8.123476,False,True,1
-0.01,1,8.123636,False,True,1
-0.01,1,8.126024,False,True,1
1.97,3,8.126552,False,True,3
9.95,5,8.13233,True,False,5
1.97,3,8.132774,False,True,3
1.97,3,8.135281,False,True,3
1.96,4,8.138563,False,True,3
-0.02,2,8.140918,False,True,1
-0.01,1,8.141111,False,True,1
-0.02,2,8.141369,False,True,1
1.97,3,8.144245,False,True,3
-0.01,1,8.144421,False,True,1
-0.01,1,8.146982,False,True,1
-0.03,3,8.147378,False,True,1
1.97,3,8.150103,False,True,3
1.97,3,8.153273,False,True,3
1.97,3,8.161051,False,True,3
-0.01,1,8.161295,False,True,1
-0.04,4,8.169302,False,True,1
-0.01,1,8.169449,False,True,1
-0.01,1,8.169613,False,True,1
1.96,4,8.17461,False,True,3
-0.03,3,8.179974,False,True,1
-0.02,2,8.183127,False,True,1
-0.02,2,8.183483,False,True,1
-0.02,2,8.186087,False,True,1
-0.07,7,8.189553,False,True,1
-0.1,10,8.197818,False,True,1
-0.01,1,8.198,False,True,1
1.94,6,8.203522,False,True,3
1.97,3,8.204069,False,True,3
9.91,9,8.211862,True,False,5
-0.02,2,8.212123,False,True,1
-0.06,6,8.217271,False,True,1
-0.04,4,8.220606,False,True,1
1.97,3,8.221004,False,True,3
-0.04,4,8.22367,False,True,1
-0.03,3,8.226368,False,True,1
-0.03,3,8.229465,False,True,1
-0.01,1,8.229654,False,True,1
1.93,7,8.235149,False,True,3
-0.01,1,8.235323,False,True,1
-0.01,1,8.235586,False,True,1
-0.02,2,8.238509,False,True,1
9.94,6,8.241585,True,False,5
-0.03,3,8.24437,False,True,1
-0.04,4,8.247438,False,True,1
-0.05,5,8.250295,False,True,1
-0.02,2,8.253042,False,True,1
1.97,3,8.255891,False,True,3
-0.02,2,8.256336,False,True,1
1.96,4,8.259289,False,True,3
-0.03,3,8.262187,False,True,1
9.94,6,8.265325,True,False,5
-0.03,3,8.268048,False,True,1
-0.04,4,8.271156,False,True,1
9.93,7,8.276767,True,False,5
-0.02,2,8.277056,False,True,1
-0.01,1,8.279763,False,True,1
1.97,3,8.280161,False,True,3
9.94,6,8.285373,True,False,5
-0.01,1,8.285571,False,True,1
-0.02,2,8.28861,False,True,1
1.96,4,8.291565,False,True,3
-0.02,2,8.29186,False,True,1
1.97,3,8.295568,False,True,3
-0.01,1,8.295911,False,True,1
-0.01,1,8.296056,False,True,1
-0.02,2,8.298655,False,True,1
-0.01,1,8.298828,False,True,1
-0.02,2,8.301419,False,True,1
9.95,5,8.304695,True,False,5
-0.01,1,8.304883,False,True,1
1.97,3,8.307448,False,True,3
-0.01,1,8.307757,False,True,1
1.96,4,8.310575,False,True,3
-0.02,2,8.31355,False,True,1
-0.01,1,8.313754,False,True,1
-0.02,2,8.314159,False,True,1
1.97,3,8.316829,False,True,3
1.97,3,8.319711,False,True,3
1.96,4,8.322582,False,True,3
1.97,3,8.325413,False,True,3
1.93,7,8.328717,False,True,3
-0.02,2,8.331435,False,True,1
-0.01,1,8.331599,False,True,1
1.97,3,8.334408,False,True,3
-0.01,1,8.334576,False,True,1
-0.01,1,8.334718,False,True,1
-0.01,1,8.337558,False,True,1
1.97,3,8.338155,False,True,3
-0.03,3,8.340943,False,True,1
-0.01,1,8.3411,False,True,1
-0.01,1,8.343504,False,True,1
9.95,5,8.346678,True,False,5
1.97,3,8.349337,False,True,3
-0.01,1,8.349501,False,True,1
-0.01,1,8.349642,False,True,1
-0.01,1,8.349907,False,True,1
1.97,3,8.352689,False,True,3
9.94,6,8.358768,True,False,5
9.95,5,8.362255,True,False,5
-0.01,1,8.362581,False,True,1
1.97,3,8.365498,False,True,3
-0.02,2,8.365774,False,True,1
-0.01,1,8.36841,False,True,1
1.96,4,8.371642,False,True,3
-0.01,1,8.371857,False,True,1
-0.01,1,8.372014,False,True,1
-0.01,1,8.372158,False,True,1
-0.01,1,8.374747,False,True,1
9.94,6,8.378322,True,False,5
-0.02,2,8.381004,False,True,1
9.94,6,8.384039,True,False,5
-0.01,1,8.384329,False,True,1
-0.02,2,8.387115,False,True,1
1.97,3,8.389886,False,True,3
1.97,3,8.39032,False,True,3
1.96,4,8.393238,False,True,3
1.97,3,8.396347,False,True,3
9.93,7,8.401924,True,False,5
-0.01,1,8.402102,False,True,1
1.97,3,8.405469,False,True,3
-0.01,1,8.405665,False,True,1
9.95,5,8.408513,True,False,5
-0.02,2,8.411379,False,True,1
-0.02,2,8.41193,False,True,1
1.97,3,8.414729,False,True,3
-0.01,1,8.414911,False,True,1
1.96,4,8.41776,False,True,3
-0.02,2,8.420725,False,True,1
-0.01,1,8.420922,False,True,1
-0.01,1,8.421067,False,True,1
-0.01,1,8.423442,False,True,1
-0.01,1,8.423728,False,True,1
-0.03,3,8.426496,False,True,1
1.94,6,8.429741,False,True,3
-0.01,1,8.429913,False,True,1
-0.05,5,8.435254,False,True,1
-0.03,3,8.435527,False,True,1
-0.01,1,8.438156,False,True,1
-0.02,2,8.438503,False,True,1
-0.03,3,8.441151,False,True,1
-0.01,1,8.441323,False,True,1
-0.01,1,8.441462,False,True,1
1.97,3,8.444198,False,True,3
-0.02,2,8.447233,False,True,1
-0.05,5,8.45019,False,True,1
-0.04,4,8.453376,False,True,1
-0.04,4,8.456218,False,True,1
-0.05,5,8.459388,False,True,1
-0.01,1,8.459566,False,True,1
1.97,3,8.46257,False,True,3
1.91,9,8.468238,False,True,3
-0.05,5,8.474165,False,True,1
-0.12,12,8.482773,False,True,1
-0.02,2,8.483124,False,True,1
9.95,5,8.485859,True,False,5
-0.02,2,8.488756,False,True,1
-0.01,1,8.488937,False,True,1
-0.02,2,8.491367,False,True,1
-0.07,7,8.494681,False,True,1
-0.01,1,8.497578,False,True,1
-0.05,5,8.500548,False,True,1
-0.01,1,8.500751,False,True,1
-0.01,1,8.500898,False,True,1
9.93,7,8.506749,True,False,5
-0.03,3,8.509558,False,True,1
1.97,3,8.51258,False,True,3
-0.05,5,8.515648,False,True,1
-0.03,3,8.518731,False,True,1
-0.01,1,8.518959,False,True,1
9.94,6,8.522075,True,False,5
-0.02,2,8.524634,False,True,1
-0.01,1,8.52494,False,True,1
-0.01,1,8.525089,False,True,1
-0.01,1,8.527403,False,True,1
1.94,6,8.530711,False,True,3
-0.05,5,8.533761,False,True,1
-0.01,1,8.53644,False,True,1
9.93,7,8.539857,True,False,5
1.97,3,8.54247,False,True,3
0.96,4,8.545757,False,True,2
1.97,3,8.548671,False,True,3
1.96,4,8.55164,False,True,3
1.97,3,8.55465,False,True,3
1.96,4,8.557598,False,True,3
-0.02,2,8.557893,False,True,1
-0.03,3,8.56052,False,True,1
-0.01,1,8.560699,False,True,1
-0.02,2,8.563302,False,True,1
-0.02,2,8.563608,False,True,1
-0.06,6,8.56916,False,True,1
-0.04,4,8.57213,False,True,1
1.96,4,8.574986,False,True,3
1.97,3,8.575423,False,True,3
-0.04,4,8.578136,False,True,1
-0.03,3,8.581083,False,True,1
1.96,4,8.583929,False,True,3
1.97,3,8.58701,False,True,3
1.97,3,8.590048,False,True,3
1.97,3,8.590495,False,True,3
-0.04,4,8.593416,False,True,1
-0.05,5,8.598931,False,True,1
-0.06,6,8.601929,False,True,1
1.97,3,8.60491,False,True,3
9.95,5,8.607991,True,False,5
9.9,10,8.616142,True,False,5
1.93,7,8.61928,False,True,3
-0.03,3,8.622126,False,True,1
-0.02,2,8.62478,False,True,1
-0.03,3,8.625193,False,True,1
-0.02,2,8.627984,False,True,1
-0.01,1,8.62819,False,True,1
-0.03,3,8.631093,False,True,1
-0.02,2,8.631229,False,True,1
-0.03,3,8.633971,False,True,1
1.95,5,8.637346,False,True,3
-0.05,5,8.642662,False,True,1
-0.05,5,8.645784,False,True,1
-0.04,4,8.648466,False,True,1
-0.06,6,8.65146,False,True,1
1.96,4,8.654833,False,True,3
1.97,3,8.657626,False,True,3
-0.03,3,8.660261,False,True,1
-0.01,1,8.660438,False,True,1
-0.03,3,8.663451,False,True,1
-0.01,1,8.663634,False,True,1
1.94,6,8.668778,False,True,3
-0.01,1,8.668952,False,True,1
-0.06,6,8.672291,False,True,1
-0.04,4,8.67508,False,True,1
1.95,5,8.680445,False,True,3
-0.01,1,8.680669,False,True,1
-0.03,3,8.683448,False,True,1
-0.01,1,8.683659,False,True,1
-0.05,5,8.686373,False,True,1
-0.01,1,8.686536,False,True,1
9.93,7,8.692386,True,False,5
-0.07,7,8.69836,False,True,1
-0.06,6,8.701341,False,True,1
-0.01,1,8.704147,False,True,1
-0.01,1,8.70449,False,True,1
-0.05,5,8.70744,False,True,1
-0.02,2,8.709958,False,True,1
-0.01,1,8.710147,False,True,1
1.97,3,8.712909,False,True,3
-0.01,1,8.713083,False,True,1
1.96,4,8.715673,False,True,3
1.96,4,8.718486,False,True,3
9.94,6,8.721971,True,False,5
-0.06,6,8.727453,False,True,1
-0.01,1,8.727633,False,True,1
-0.08,8,8.73318,False,True,1
-0.01,1,8.7335,False,True,1
-0.03,3,8.736101,False,True,1
9.95,5,8.739257,True,False,5
-0.05,5,8.744674,False,True,1
-0.02,2,8.745147,False,True,1
-0.04,4,8.748051,False,True,1
-0.01,1,8.748231,False,True,1
-0.01,1,8.750679,False,True,1
1.95,5,8.753757,False,True,3
-0.01,1,8.753942,False,True,1
1.97,3,8.756881,False,True,3
-0.01,1,8.757053,False,True,1
-0.01,1,8.757321,False,True,1
-0.01,1,8.759807,False,True,1
9.93,7,8.763126,True,False,5
-0.01,1,8.765621,False,True,1
-0.01,1,8.765925,False,True,1
-0.02,2,8.766194,False,True,1
-0.01,1,8.768508,False,True,1
-0.03,3,8.768902,False,True,1
-0.01,1,8.771972,False,True,1
-0.02,2,8.772245,False,True,1
1.96,4,8.775031,False,True,3
-0.01,1,8.775194,False,True,1
-0.01,1,8.777649,False,True,1
-0.01,1,8.777763,False,True,1
1.97,3,8.780411,False,True,3
-0.01,1,8.780621,False,True,1
1.97,3,8.78347,False,True,3
-0.01,1,8.783652,False,True,1
-0.02,2,8.783919,False,True,1
-0.01,1,8.786544,False,True,1
-0.01,1,8.786917,False,True,1
-0.02,2,8.787293,False,True,1
1.97,3,8.790114,False,True,3
-0.01,1,8.790284,False,True,1
-0.02,2,8.792863,False,True,1
9.94,6,8.796222,True,False,5
1.97,3,8.798936,False,True,3
-0.01,1,8.799118,False,True,1
-0.01,1,8.801691,False,True,1
-0.02,2,8.802031,False,True,1
-0.01,1,8.802183,False,True,1
-0.02,2,8.805112,False,True,1
1.97,3,8.807858,False,True,3
1.93,7,8.810991,False,True,3
-0.02,2,8.813846,False,True,1
-0.01,1,8.814027,False,True,1
-0.03,3,8.816799,False,True,1
-0.01,1,8.81696,False,True,1
-0.01,1,8.817106,False,True,1
-0.01,1,8.819593,False,True,1
1.97,3,8.820147,False,True,3
-0.01,1,8.822738,False,True,1
9.94,6,8.825717,True,False,5
-0.01,1,8.825883,False,True,1
1.96,4,8.829203,False,True,3
-0.02,2,8.831757,False,True,1
1.94,6,8.834836,False,True,3
1.93,7,8.840643,False,True,3
-0.04,4,8.843662,False,True,1
9.9,10,8.851892,True,False,5
-0.04,4,8.85484,False,True,1
-0.04,4,8.857626,False,True,1
1.93,7,8.860904,False,True,3
-0.06,6,8.866263,False,True,1
-0.01,1,8.866442,False,True,1
1.97,3,8.869263,False,True,3
9.94,6,8.872713,True,False,5
-0.05,5,8.878184,False,True,1
1.9,10,8.884016,False,True,3
9.92,8,8.890085,True,False,5
-0.04,4,8.892927,False,True,1
-0.04,4,8.896028,False,True,1
1.97,3,8.898818,False,True,3
9.91,9,8.904784,True,False,5
-0.02,2,8.907493,False,True,1
9.95,5,8.910453,True,False,5
-0.02,2,8.910762,False,True,1
-0.01,1,8.913382,False,True,1
-0.04,4,8.916143,False,True,1
-0.05,5,8.919069,False,True,1
-0.07,7,8.92503,False,True,1
-0.05,5,8.928449,False,True,1
-0.01,1,8.928785,False,True,1
-0.07,7,8.934122,False,True,1
-0.06,6,8.937255,False,True,1
-0.04,4,8.940072,False,True,1
-0.04,4,8.94306,False,True,1
-0.03,3,8.945822,False,True,1
1.94,6,8.951373,False,True,3
-0.01,1,8.951559,False,True,1
9.92,8,8.95761,True,False,5
1.96,4,8.960584,False,True,3
-0.07,7,8.966299,False,True,1
-0.03,3,8.966768,False,True,1
1.97,3,8.969915,False,True,3
-0.01,1,8.970121,False,True,1
-0.02,2,8.972863,False,True,1
-0.05,5,8.975924,False,True,1
-0.01,1,8.976245,False,True,1
-0.01,1,8.978684,False,True,1
1.97,3,8.979112,False,True,3
-0.01,1,8.981615,False,True,1
1.95,5,8.984568,False,True,3
-0.02,2,8.984857,False,True,1
-0.03,3,8.987762,False,True,1
9.95,5,8.990864,True,False,5
9.92,8,8.996664,True,False,5
1.96,4,8.999518,False,True,3
-0.02,2,9.002066,False,True,1
1.96,4,9.005426,False,True,3
-0.02,2,9.005887,False,True,1
-0.01,1,9.008264,False,True,1
-0.03,3,9.00869,False,True,1
-0.01,1,9.011276,False,True,1
-0.01,1,9.011572,False,True,1
1.93,7,9.016936,False,True,3
9.94,6,9.020471,True,False,5
1.96,4,9.023337,False,True,3
-0.01,1,9.023686,False,True,1
-0.02,2,9.026107,False,True,1
-0.05,5,9.029045,False,True,1
1.97,3,9.031752,False,True,3
9.95,5,9.034737,True,False,5
-0.02,2,9.037669,False,True,1
-0.03,3,9.03813,False,True,1
-0.01,1,9.040814,False,True,1
-0.03,3,9.041402,False,True,1
-0.01,1,9.043815,False,True,1
-0.01,1,9.044022,False,True,1
-0.01,1,9.044169,False,True,1
1.94,6,9.04956,False,True,3
-0.02,2,9.049884,False,True,1
-0.03,3,9.052455,False,True,1
-0.03,3,9.055544,False,True,1
-0.02,2,9.056008,False,True,1
-0.02,2,9.058526,False,True,1
-0.05,5,9.061835,False,True,1
1.94,6,9.064977,False,True,3
-0.01,1,9.067578,False,True,1
1.97,3,9.068037,False,True,3
1.97,3,9.071102,False,True,3
-0.02,2,9.073656,False,True,1
-0.04,4,9.076515,False,True,1
-0.01,1,9.076712,False,True,1
1.96,4,9.079794,False,True,3
-0.01,1,9.079969,False,True,1
-0.03,3,9.082843,False,True,1
-0.01,1,9.083033,False,True,1
-0.02,2,9.085471,False,True,1
9.95,5,9.088883,True,False,5
1.96,4,9.091854,False,True,3
-0.01,1,9.092027,False,True,1
-0.01,1,9.092172,False,True,1
-0.03,3,9.094909,False,True,1
-0.01,1,9.095203,False,True,1
-0.05,5,9.100444,False,True,1
-0.01,1,9.100645,False,True,1
1.97,3,9.103792,False,True,3
1.96,4,9.106844,False,True,3
-0.03,3,9.107282,False,True,1
1.97,3,9.109961,False,True,3
1.97,3,9.113147,False,True,3
-0.02,2,9.113561,False,True,1
9.93,7,9.118946,True,False,5
-0.01,1,9.119161,False,True,1
-0.01,1,9.121803,False,True,1
9.95,5,9.124771,True,False,5
-0.04,4,9.127735,False,True,1
-0.01,1,9.127898,False,True,1
-0.01,1,9.128043,False,True,1
-0.01,1,9.13078,False,True,1
-0.01,1,9.130958,False,True,1
-0.01,1,9.131101,False,True,1
-0.01,1,9.131241,False,True,1
1.97,3,9.133949,False,True,3
-0.01,1,9.134196,False,True,1
-0.02,2,9.13696,False,True,1
-0.02,2,9.137294,False,True,1
-0.05,5,9.142677,False,True,1
-0.01,1,9.142862,False,True,1
-0.02,2,9.143119,False,True,1
-0.03,3,9.145982,False,True,1
-0.01,1,9.146325,False,True,1
-0.01,1,9.148846,False,True,1
-0.07,7,9.151973,False,True,1
-0.01,1,9.154653,False,True,1
9.95,5,9.157808,True,False,5
-0.02,2,9.158027,False,True,1
-0.01,1,9.160412,False,True,1
-0.01,1,9.160603,False,True,1
-0.02,2,9.160912,False,True,1
-0.02,2,9.163591,False,True,1
-0.01,1,9.163789,False,True,1
-0.04,4,9.166581,False,True,1
1.97,3,9.169763,False,True,3
1.97,3,9.172598,False,True,3
-0.02,2,9.172923,False,True,1
-0.01,1,9.173065,False,True,1
-0.02,2,9.175612,False,True,1
-0.02,2,9.175913,False,True,1
-0.03,3,9.178737,False,True,1
1.97,3,9.181441,False,True,3
1.96,4,9.184373,False,True,3
-0.02,2,9.184658,False,True,1
9.95,5,9.190331,True,False,5
-0.01,1,9.190546,False,True,1
1.97,3,9.193133,False,True,3
1.97,3,9.193566,False,True,3
-0.01,1,9.196461,False,True,1
-0.03,3,9.196836,False,True,1
-0.02,2,9.199617,False,True,1
9.95,5,9.202502,True,False,5
9.95,5,9.205764,True,False,5
-0.01,1,9.208171,False,True,1
9.95,5,9.211342,True,False,5
-0.01,1,9.211532,False,True,1
-0.02,2,9.214071,False,True,1
-0.01,1,9.214241,False,True,1
-0.01,1,9.214515,False,True,1
1.97,3,9.217192,False,True,3
1.97,3,9.220218,False,True,3
-0.01,1,9.220425,False,True,1
-0.01,1,9.220704,False,True,1
1.97,3,9.223409,False,True,3
-0.01,1,9.223576,False,True,1
9.95,5,9.226333,True,False,5
-0.01,1,9.229252,False,True,1
1.96,4,9.23208,False,True,3
-0.03,3,9.232425,False,True,1
-0.01,1,9.234846,False,True,1
9.95,5,9.238327,True,False,5
-0.01,1,9.238524,False,True,1
-0.01,1,9.238663,False,True,1
-0.01,1,9.241003,False,True,1
-0.01,1,9.241312,False,True,1
-0.01,1,9.241463,False,True,1
-0.01,1,9.241607,False,True,1
-0.01,1,9.244437,False,True,1
-0.01,1,9.244818,False,True,1
1.97,3,9.247534,False,True,3
-0.01,1,9.247726,False,True,1
-0.01,1,9.247875,False,True,1
1.97,3,9.250634,False,True,3
-0.01,1,9.2508,False,True,1
-0.01,1,9.250939,False,True,1
9.95,5,9.256341,True,False,5
-0.01,1,9.256719,False,True,1
-0.01,1,9.256881,False,True,1
-0.01,1,9.257027,False,True,1
1.96,4,9.259684,False,True,3
-0.01,1,9.262752,False,True,1
-0.01,1,9.26295,False,True,1
9.94,6,9.266006,True,False,5
1.97,3,9.268578,False,True,3
-0.01,1,9.268864,False,True,1
9.95,5,9.27428,True,False,5
-0.01,1,9.274483,False,True,1
9.94,6,9.277683,True,False,5
9.93,7,9.282875,True,False,5
-0.05,5,9.285753,False,True,1
-0.01,1,9.288369,False,True,1
1.97,3,9.288778,False,True,3
-0.01,1,9.291128,False,True,1
-0.01,1,9.291307,False,True,1
1.97,3,9.294197,False,True,3
-0.01,1,9.294435,False,True,1
-0.01,1,9.294722,False,True,1
-0.05,5,9.297724,False,True,1
-0.01,1,9.300071,False,True,1
-0.01,1,9.300277,False,True,1
-0.05,5,9.303743,False,True,1
-0.01,1,9.303935,False,True,1
-0.02,2,9.306685,False,True,1
-0.01,1,9.306853,False,True,1
-0.01,1,9.307128,False,True,1
1.96,4,9.30983,False,True,3
-0.03,3,9.312697,False,True,1
-0.01,1,9.312851,False,True,1
-0.02,2,9.315553,False,True,1
-0.01,1,9.315746,False,True,1
-0.01,1,9.315897,False,True,1
-0.01,1,9.318505,False,True,1
1.97,3,9.319098,False,True,3
1.97,3,9.322182,False,True,3
1.97,3,9.324974,False,True,3
-0.02,2,9.325293,False,True,1
1.97,3,9.328564,False,True,3
-0.01,1,9.328749,False,True,1
-0.02,2,9.331126,False,True,1
-0.01,1,9.331292,False,True,1
-0.04,4,9.334077,False,True,1
-0.02,2,9.336875,False,True,1
-0.02,2,9.337214,False,True,1
1.96,4,9.340072,False,True,3
-0.01,1,9.340387,False,True,1
-0.05,5,9.34608,False,True,1
1.97,3,9.346508,False,True,3
-0.02,2,9.349153,False,True,1
-0.03,3,9.35225,False,True,1
-0.01,1,9.352475,False,True,1
9.95,5,9.355808,True,False,5
-0.01,1,9.355918,False,True,1
-0.04,4,9.359053,False,True,1
1.97,3,9.362212,False,True,3
9.94,6,9.367972,True,False,5
9.94,6,9.371559,True,False,5
1.97,3,9.37445,False,True,3
1.96,4,9.377779,False,True,3
-0.01,1,9.377985,False,True,1
-0.06,6,9.383436,False,True,1
-0.02,2,9.383951,False,True,1
-0.06,6,9.389808,False,True,1
-0.01,1,9.390033,False,True,1
9.95,5,9.392924,True,False,5
-0.03,3,9.396091,False,True,1
1.96,4,9.398873,False,True,3
1.97,3,9.401595,False,True,3
-0.01,1,9.401774,False,True,1
1.96,4,9.405098,False,True,3
-0.02,2,9.405408,False,True,1
-0.01,1,9.407886,False,True,1
9.94,6,9.411067,True,False,5
-0.01,1,9.41137,False,True,1
-0.05,5,9.416734,False,True,1
-0.02,2,9.417059,False,True,1
1.95,5,9.420294,False,True,3
-0.01,1,9.42293,False,True,1
-0.01,1,9.42312,False,True,1
-0.05,5,9.425933,False,True,1
9.95,5,9.42922,True,False,5
-0.01,1,9.431818,False,True,1
9.95,5,9.434747,True,False,5
-0.01,1,9.434939,False,True,1
-0.01,1,9.4351,False,True,1
9.95,5,9.440683,True,False,5
-0.01,1,9.440881,False,True,1
9.95,5,9.443836,True,False,5
-0.02,2,9.446786,False,True,1
1.97,3,9.447364,False,True,3
-0.01,1,9.449701,False,True,1
-0.01,1,9.449934,False,True,1
9.95,5,9.452952,True,False,5
-0.02,2,9.455573,False,True,1
-0.01,1,9.455788,False,True,1
1.97,3,9.45848,False,True,3
-0.01,1,9.45872,False,True,1
-0.01,1,9.459041,False,True,1
-0.01,1,9.459189,False,True,1
-0.03,3,9.462016,False,True,1
1.96,4,9.464826,False,True,3
-0.01,1,9.465102,False,True,1
-0.01,1,9.467421,False,True,1
1.96,4,9.470756,False,True,3
-0.01,1,9.470982,False,True,1
-0.02,2,9.471432,False,True,1
-0.01,1,9.474009,False,True,1
-0.01,1,9.474206,False,True,1
1.96,4,9.476849,False,True,3
-0.01,1,9.477122,False,True,1
-0.01,1,9.477283,False,True,1
-0.04,4,9.480377,False,True,1
-0.02,2,9.483017,False,True,1
-0.02,2,9.483422,False,True,1
-0.01,1,9.48599,False,True,1
-0.01,1,9.486236,False,True,1
-0.02,2,9.486448,False,True,1
9.95,5,9.491984,True,False,5
-0.01,1,9.492188,False,True,1
9.95,5,9.495095,True,False,5
-0.01,1,9.495257,False,True,1
-0.03,3,9.498095,False,True,1
9.93,7,9.503898,True,False,5
-0.01,1,9.504105,False,True,1
-0.01,1,9.504255,False,True,1
-0.03,3,9.507042,False,True,1
-0.01,1,9.507213,False,True,1
-0.01,1,9.509793,False,True,1
-0.06,6,9.513193,False,True,1
-0.02,2,9.515995,False,True,1
1.95,5,9.518906,False,True,3
-0.03,3,9.521902,False,True,1
-0.01,1,9.52211,False,True,1
-0.03,3,9.524806,False,True,1
9.94,6,9.528455,True,False,5
-0.08,8,9.533947,False,True,1
-0.04,4,9.537289,False,True,1
9.94,6,9.542508,True,False,5
-0.09,9,9.548343,False,True,1
-0.01,1,9.548547,False,True,1
-0.02,2,9.550912,False,True,1
9.94,6,9.554171,True,False,5
-0.06,6,9.559387,False,True,1
-0.01,1,9.559591,False,True,1
-0.07,7,9.565129,False,True,1
-0.04,4,9.568438,False,True,1
-0.01,1,9.56865,False,True,1
-0.02,2,9.568856,False,True,1
-0.01,1,9.571392,False,True,1
-0.03,3,9.571917,False,True,1
-0.01,1,9.574253,False,True,1
-0.01,1,9.574449,False,True,1
-0.02,2,9.574713,False,True,1
9.94,6,9.580523,True,False,5
1.94,6,9.58354,False,True,3
-0.04,4,9.587155,False,True,1
1.96,4,9.590028,False,True,3
-0.02,2,9.592508,False,True,1
1.97,3,9.595107,False,True,3
9.93,7,9.598171,True,False,5
1.97,3,9.60111,False,True,3
-0.01,1,9.601436,False,True,1
-0.01,1,9.604128,False,True,1
-0.02,2,9.604458,False,True,1
1.96,4,9.607292,False,True,3
1.96,4,9.610316,False,True,3
-0.01,1,9.610481,False,True,1
9.95,5,9.615993,True,False,5
-0.04,4,9.618863,False,True,1
9.95,5,9.622303,True,False,5
0.97,3,9.6248,False,True,2
-0.03,3,9.625289,False,True,1
-0.01,1,9.627857,False,True,1
-0.03,3,9.628445,False,True,1
-0.03,3,9.631089,False,True,1
1.95,5,9.634146,False,True,3
1.95,5,9.639648,False,True,3
-0.01,1,9.639976,False,True,1
-0.01,1,9.640129,False,True,1
-0.03,3,9.642768,False,True,1
-0.01,1,9.642959,False,True,1
-0.02,2,9.645697,False,True,1
1.95,5,9.648667,False,True,3
1.94,6,9.651518,False,True,3
-0.01,1,9.65408,False,True,1
-0.01,1,9.654411,False,True,1
-0.03,3,9.657219,False,True,1
-0.04,4,9.659922,False,True,1
-0.03,3,9.660394,False,True,1
1.97,3,9.663178,False,True,3
-0.05,5,9.666113,False,True,1
1.95,5,9.671732,False,True,3
-0.01,1,9.671889,False,True,1
-0.01,1,9.672196,False,True,1
1.96,4,9.675005,False,True,3
9.94,6,9.680749,True,False,5
-0.01,1,9.680889,False,True,1
-0.01,1,9.681176,False,True,1
-0.01,1,9.68132,False,True,1
-0.02,2,9.683927,False,True,1
1.96,4,9.686833,False,True,3
-0.01,1,9.68713,False,True,1
-0.03,3,9.689765,False,True,1
-0.01,1,9.689945,False,True,1
-0.03,3,9.692525,False,True,1
-0.04,4,9.695957,False,True,1
-0.01,1,9.696143,False,True,1
9.95,5,9.699098,True,False,5
-0.01,1,9.701515,False,True,1
-0.02,2,9.702021,False,True,1
-0.02,2,9.704891,False,True,1
-0.01,1,9.705106,False,True,1
-0.02,2,9.705307,False,True,1
-0.01,1,9.707798,False,True,1
-0.01,1,9.707974,False,True,1
-0.02,2,9.708243,False,True,1
-0.02,2,9.710895,False,True,1
1.96,4,9.713829,False,True,3
1.95,5,9.716885,False,True,3
-0.03,3,9.719876,False,True,1
9.95,5,9.722852,True,False,5
1.97,3,9.725636,False,True,3
-0.01,1,9.725809,False,True,1
-0.02,2,9.728641,False,True,1
1.94,6,9.731766,False,True,3
-0.01,1,9.732053,False,True,1
-0.03,3,9.734573,False,True,1
-0.01,1,9.734732,False,True,1
-0.01,1,9.737509,False,True,1
9.95,5,9.740574,True,False,5
-0.01,1,9.740751,False,True,1
1.97,3,9.743237,False,True,3
1.97,3,9.746396,False,True,3
-0.03,3,9.746899,False,True,1
-0.03,3,9.749619,False,True,1
-0.01,1,9.749804,False,True,1
-0.01,1,9.75207,False,True,1
-0.08,8,9.757934,False,True,1
-0.01,1,9.758135,False,True,1
-0.01,1,9.758289,False,True,1
-0.04,4,9.761278,False,True,1
1.97,3,9.764285,False,True,3
-0.02,2,9.764585,False,True,1
9.93,7,9.770187,True,False,5
1.97,3,9.772892,False,True,3
-0.03,3,9.775721,False,True,1
-0.01,1,9.775924,False,True,1
-0.03,3,9.778918,False,True,1
-0.01,1,9.779129,False,True,1
1.93,7,9.784306,False,True,3
-0.01,1,9.784508,False,True,1
-0.02,2,9.784777,False,True,1
-0.01,1,9.787812,False,True,1
1.95,5,9.791029,False,True,3
1.97,3,9.793897,False,True,3
-0.01,1,9.794108,False,True,1
-0.01,1,9.794262,False,True,1
-0.03,3,9.800955,False,True,1
-0.01,1,9.80116,False,True,1
-0.01,1,9.801321,False,True,1
1.97,3,9.810103,False,True,3
-0.02,2,9.815314,False,True,1
-0.01,1,9.815551,False,True,1
-0.04,4,9.819301,False,True,1
-0.01,1,9.819586,False,True,1
-0.01,1,9.81989,False,True,1
1.97,3,9.822582,False,True,3
-0.02,2,9.825408,False,True,1
-0.02,2,9.825815,False,True,1
-0.01,1,9.8261,False,True,1
-0.01,1,9.829017,False,True,1
1.95,5,9.83203,False,True,3
1.95,5,9.835137,False,True,3
-0.01,1,9.835433,False,True,1
-0.03,3,9.838589,False,True,1
-0.01,1,9.838778,False,True,1
1.97,3,9.841407,False,True,3
-0.02,2,9.844418,False,True,1
1.97,3,9.844845,False,True,3
1.95,5,9.8501,False,True,3
-0.02,2,9.85042,False,True,1
-0.01,1,9.850706,False,True,1
-0.01,1,9.853543,False,True,1
-0.01,1,9.853769,False,True,1
1.97,3,9.856338,False,True,3
-0.02,2,9.856764,False,True,1
-0.03,3,9.859387,False,True,1
-0.01,1,9.859568,False,True,1
1.97,3,9.862836,False,True,3
9.95,5,9.866,True,False,5
1.97,3,9.868744,False,True,3
1.95,5,9.872078,False,True,3
1.95,5,9.874832,False,True,3
-0.01,1,9.877362,False,True,1
9.94,6,9.880546,True,False,5
-0.04,4,9.883328,False,True,1
-0.01,1,9.883528,False,True,1
-0.03,3,9.886652,False,True,1
-0.02,2,9.889286,False,True,1
-0.04,4,9.892135,False,True,1
-0.03,3,9.892466,False,True,1
-0.04,4,9.895317,False,True,1
1.94,6,9.900887,False,True,3
-0.01,1,9.901059,False,True,1
1.97,3,9.904067,False,True,3
-0.02,2,9.904518,False,True,1
-0.03,3,9.90706,False,True,1
-0.01,1,9.907238,False,True,1
-0.01,1,9.909548,False,True,1
-0.01,1,9.909844,False,True,1
-0.01,1,9.910008,False,True,1
-0.02,2,9.912654,False,True,1
-0.01,1,9.912878,False,True,1
1.97,3,9.915675,False,True,3
-0.01,1,9.915877,False,True,1
-0.01,1,9.916025,False,True,1
1.97,3,9.91866,False,True,3
-0.02,2,9.919113,False,True,1
-0.02,2,9.922135,False,True,1
1.97,3,9.924745,False,True,3
-0.02,2,9.924977,False,True,1
1.95,5,9.928252,False,True,3
-0.01,1,9.930579,False,True,1
-0.01,1,9.930806,False,True,1
-0.01,1,9.930954,False,True,1
1.96,4,9.933986,False,True,3
-0.02,2,9.936704,False,True,1
-0.03,3,9.937104,False,True,1
-0.01,1,9.939782,False,True,1
9.95,5,9.942775,True,False,5
1.97,3,9.945662,False,True,3
1.97,3,9.94608,False,True,3
-0.03,3,9.948655,False,True,1
-0.02,2,9.951155,False,True,1
1.97,3,9.951557,False,True,3
-0.01,1,9.954185,False,True,1
-0.01,1,9.954413,False,True,1
-0.01,1,9.95471,False,True,1
-0.03,3,9.957487,False,True,1
-0.01,1,9.957673,False,True,1
1.96,4,9.96035,False,True,3
-0.01,1,9.960617,False,True,1
1.97,3,9.963733,False,True,3
1.94,6,9.96956,False,True,3
1.97,3,9.970002,False,True,3
-0.01,1,9.972597,False,True,1
-0.02,2,9.9729,False,True,1
-0.01,1,9.973041,False,True,1
-0.01,1,9.975318,False,True,1
-0.01,1,9.975611,False,True,1
-0.01,1,9.975764,False,True,1
-0.01,1,9.97591,False,True,1
-0.02,2,9.978647,False,True,1
-0.03,3,9.981942,False,True,1
-0.01,1,9.982153,False,True,1
1.97,3,9.984813,False,True,3
-0.01,1,9.984983,False,True,1
-0.01,1,9.985259,False,True,1
-0.01,1,9.985414,False,True,1
-0.01,1,9.98817,False,True,1
1.97,3,9.988606,False,True,3
-0.01,1,9.99124,False,True,1
-0.01,1,9.991436,False,True,1
-0.01,1,9.991588,False,True,1
-0.01,1,9.991735,False,True,1
-0.01,1,9.994347,False,True,1
-0.01,1,9.994568,False,True,1
-0.01,1,9.994727,False,True,1
-0.01,1,9.994881,False,True,1
-0.02,2,9.997896,False,True,1
-0.03,3,10.000602,False,True,1
-0.01,1,10.000794,False,True,1
-0.01,1,10.000948,False,True,1
-0.01,1,10.001205,False,True,1
-0.03,3,10.004379,False,True,1
1.97,3,10.007123,False,True,3
-0.01,1,10.007305,False,True,1
-0.02,2,10.009842,False,True,1
9.95,5,10.013119,True,False,5
-0.02,2,10.013473,False,True,1
-0.01,1,10.015909,False,True,1
-0.02,2,10.016349,False,True,1
-0.01,1,10.016499,False,True,1
-0.01,1,10.0189,False,True,1
-0.01,1,10.019098,False,True,1
-0.01,1,10.019376,False,True,1
1.97,3,10.022352,False,True,3
-0.03,3,10.024873,False,True,1
-0.01,1,10.025074,False,True,1
9.95,5,10.028513,True,False,5
-0.01,1,10.028681,False,True,1
-0.01,1,10.031068,False,True,1
-0.03,3,10.031459,False,True,1
1.97,3,10.034233,False,True,3
-0.01,1,10.034391,False,True,1
-0.01,1,10.036964,False,True,1
-0.01,1,10.037188,False,True,1
9.94,6,10.040669,True,False,5
-0.01,1,10.043133,False,True,1
1.97,3,10.043547,False,True,3
-0.01,1,10.046153,False,True,1
1.93,7,10.049241,False,True,3
9.95,5,10.054818,True,False,5
-0.01,1,10.055027,False,True,1
-0.01,1,10.055193,False,True,1
-0.02,2,10.057835,False,True,1
-0.04,4,10.060574,False,True,1
1.96,4,10.063519,False,True,3
-0.03,3,10.063942,False,True,1
-0.01,1,10.066515,False,True,1
-0.01,1,10.066706,False,True,1
-0.01,1,10.066858,False,True,1
-0.05,5,10.069722,False,True,1
1.97,3,10.072597,False,True,3
-0.05,5,10.075412,False,True,1
-0.02,2,10.078526,False,True,1
-0.02,2,10.078831,False,True,1
-0.03,3,10.081543,False,True,1
-0.03,3,10.084343,False,True,1
-0.03,3,10.087629,False,True,1
-0.07,7,10.09089,False,True,1
-0.07,7,10.096792,False,True,1
-0.03,3,10.09981,False,True,1
-0.09,9,10.106516,False,True,1
-0.13,13,10.115405,False,True,1
-0.05,5,10.121006,False,True,1
-0.04,4,10.124236,False,True,1
-0.1,10,10.130541,False,True,1
-0.07,7,10.136225,False,True,1
-0.04,4,10.139246,False,True,1
-0.09,9,10.145115,False,True,1
-0.05,5,10.148018,False,True,1
-0.29,29,10.169177,False,True,1
9.9,10,10.175,True,False,5
1.97,3,10.177913,False,True,3
-0.03,3,10.180638,False,True,1
-0.05,5,10.183574,False,True,1
-0.03,3,10.186359,False,True,1
-0.01,1,10.186568,False,True,1
-0.01,1,10.186653,False,True,1
9.93,7,10.191982,True,False,5
-0.01,1,10.192258,False,True,1
1.96,4,10.195409,False,True,3
-0.02,2,10.198258,False,True,1
-0.02,2,10.198537,False,True,1
-0.01,1,10.198837,False,True,1
-0.01,1,10.201237,False,True,1
1.97,3,10.201657,False,True,3
-0.02,2,10.204766,False,True,1
1.97,3,10.207511,False,True,3
-0.04,4,10.210112,False,True,1
9.95,5,10.213495,True,False,5
-0.01,1,10.213676,False,True,1
-0.01,1,10.21395,False,True,1
9.95,5,10.219211,True,False,5
1.96,4,10.222371,False,True,3
-0.02,2,10.222676,False,True,1
-0.01,1,10.222965,False,True,1
-0.03,3,10.225544,False,True,1
-0.01,1,10.225703,False,True,1
1.97,3,10.228518,False,True,3
-0.01,1,10.228822,False,True,1
-0.01,1,10.231384,False,True,1
-0.01,1,10.231606,False,True,1
-0.01,1,10.231758,False,True,1
-0.03,3,10.234506,False,True,1
-0.03,3,10.237754,False,True,1
9.93,7,10.241044,True,False,5
1.95,5,10.246443,False,True,3
-0.03,3,10.246984,False,True,1
-0.01,1,10.249209,False,True,1
-0.01,1,10.249424,False,True,1
-0.02,2,10.249693,False,True,1
-0.02,2,10.252397,False,True,1
-0.01,1,10.252562,False,True,1
-0.01,1,10.252712,False,True,1
1.96,4,10.255759,False,True,3
-0.01,1,10.258344,False,True,1
-0.04,4,10.261404,False,True,1
-0.01,1,10.26163,False,True,1
1.95,5,10.264692,False,True,3
-0.01,1,10.26499,False,True,1
9.93,7,10.270838,True,False,5
-0.03,3,10.273714,False,True,1
-0.01,1,10.273892,False,True,1
-0.01,1,10.274179,False,True,1
-0.04,4,10.276904,False,True,1
-0.02,2,10.279708,False,True,1
-0.02,2,10.280012,False,True,1
-0.02,2,10.282706,False,True,1
1.96,4,10.285471,False,True,3
-0.05,5,10.288773,False,True,1
-0.03,3,10.291428,False,True,1
9.92,8,10.297385,True,False,5
1.94,6,10.300506,False,True,3
1.97,3,10.303407,False,True,3
1.97,3,10.306393,False,True,3
-0.01,1,10.306751,False,True,1
1.97,3,10.309325,False,True,3
-0.02,2,10.309612,False,True,1
-0.01,1,10.312174,False,True,1
-0.01,1,10.312497,False,True,1
-0.01,1,10.312651,False,True,1
-0.02,2,10.315233,False,True,1
1.96,4,10.317962,False,True,3
-0.01,1,10.318249,False,True,1
1.96,4,10.321553,False,True,3
-0.04,4,10.324396,False,True,1
-0.01,1,10.324584,False,True,1
-0.02,2,10.327515,False,True,1
1.97,3,10.327966,False,True,3
-0.02,2,10.330503,False,True,1
-0.05,5,10.333563,False,True,1
-0.03,3,10.336582,False,True,1
-0.01,1,10.336762,False,True,1
1.97,3,10.339747,False,True,3
-0.01,1,10.339915,False,True,1
-0.04,4,10.342875,False,True,1
-0.03,3,10.345785,False,True,1
-0.01,1,10.345974,False,True,1
-0.07,7,10.3517,False,True,1
1.97,3,10.354792,False,True,3
-0.02,2,10.355051,False,True,1
-0.03,3,10.357531,False,True,1
1.97,3,10.360474,False,True,3
1.96,4,10.36374,False,True,3
1.94,6,10.366738,False,True,3
9.93,7,10.372767,True,False,5
-0.01,1,10.372898,False,True,1
-0.01,1,10.373187,False,True,1
9.94,6,10.378807,True,False,5
-0.03,3,10.381535,False,True,1
1.93,7,10.384548,False,True,3
-0.01,1,10.387643,False,True,1
-0.01,1,10.387865,False,True,1
-0.01,1,10.388012,False,True,1
-0.01,1,10.388152,False,True,1
-0.06,6,10.393472,False,True,1
-0.01,1,10.393665,False,True,1
1.97,3,10.396806,False,True,3
-0.04,4,10.399495,False,True,1
1.97,3,10.402139,False,True,3
-0.01,1,10.402322,False,True,1
1.94,6,10.405536,False,True,3
-0.03,3,10.408665,False,True,1
1.92,8,10.4145,False,True,3
1.94,6,10.419941,False,True,3
-0.03,3,10.420414,False,True,1
9.89,11,10.42863,True,False,5
-0.05,5,10.43168,False,True,1
-0.01,1,10.434059,False,True,1
-0.15,15,10.443221,False,True,1
-0.06,6,10.448356,False,True,1
-0.01,1,10.448687,False,True,1
-0.07,7,10.453966,False,True,1
1.91,9,10.460011,False,True,3
-0.03,3,10.462864,False,True,1
1.94,6,10.465981,False,True,3
-0.03,3,10.468634,False,True,1
-0.11,11,10.47717,False,True,1
-0.12,12,10.485234,False,True,1
-0.05,5,10.488149,False,True,1
-0.05,5,10.491047,False,True,1
1.93,7,10.496539,False,True,3
-0.04,4,10.499105,False,True,1
-0.03,3,10.50188,False,True,1
-0.03,3,10.504736,False,True,1
-0.04,4,10.507699,False,True,1
-0.07,7,10.510771,False,True,1
-0.04,4,10.513824,False,True,1
-0.04,4,10.516557,False,True,1
-0.01,1,10.51904,False,True,1
1.95,5,10.522095,False,True,3
1.97,3,10.524816,False,True,3
-0.02,2,10.525118,False,True,1
1.95,5,10.527973,False,True,3
1.97,3,10.530826,False,True,3
-0.03,3,10.533516,False,True,1
-0.08,8,10.53921,False,True,1
9.95,5,10.542185,True,False,5
1.93,7,10.547785,False,True,3
9.94,6,10.550749,True,False,5
-0.04,4,10.553859,False,True,1
1.96,4,10.556694,False,True,3
-0.07,7,10.562317,False,True,1
1.97,3,10.565189,False,True,3
1.94,6,10.567978,False,True,3
9.91,9,10.576156,True,False,5
-0.18,18,10.587922,False,True,1
1.95,5,10.590895,False,True,3
-0.01,1,10.593423,False,True,1
9.92,8,10.599151,True,False,5
1.93,7,10.602401,False,True,3
1.94,6,10.607906,False,True,3
1.95,5,10.610712,False,True,3
1.5,50,10.645654,False,True,3
-0.1,10,10.651302,False,True,1
-0.03,3,10.654047,False,True,1
1.88,12,10.662081,False,True,3
-0.05,5,10.664975,False,True,1
-0.04,4,10.667758,False,True,1
-0.01,1,10.668078,False,True,1
1.95,5,10.673551,False,True,3
9.91,9,10.679436,True,False,5
-0.02,2,10.679677,False,True,1
-0.08,8,10.685144,False,True,1
-0.01,1,10.687878,False,True,1
1.91,9,10.693342,False,True,3
-0.01,1,10.69351,False,True,1
9.92,8,10.699476,True,False,5
-0.06,6,10.705298,False,True,1
-0.08,8,10.710972,False,True,1
-0.2,20,10.724346,False,True,1
-0.25,25,10.741222,False,True,1
-5.5,50,10.773633,False,False,0
-0.42,42,10.801552,False,True,1
1.77,23,10.817312,False,True,3
-0.12,12,10.825968,False,True,1
-0.03,3,10.826387,False,True,1
-0.01,1,10.828845,False,True,1
-0.22,22,10.842705,False,True,1
1.92,8,10.848465,False,True,3
-0.04,4,10.851526,False,True,1
-0.11,11,10.859618,False,True,1
-0.05,5,10.862555,False,True,1
-0.02,2,10.865178,False,True,1
-0.01,1,10.865369,False,True,1
-0.05,5,10.868306,False,True,1
-0.1,10,10.877109,False,True,1
-0.25,25,10.894513,False,True,1
-0.23,23,10.910287,False,True,1
9.92,8,10.915503,True,False,5
9.71,29,10.933559,True,False,5
1.9,10,10.939508,False,True,3
-0.05,5,10.944805,False,True,1
-0.02,2,10.945137,False,True,1
1.54,46,10.976876,False,True,3
1.94,6,10.979955,False,True,3
1.76,24,10.996508,False,True,3
-0.11,11,11.004416,False,True,1
9.9,10,11.009971,True,False,5
-0.24,24,11.02664,False,True,1
1.92,8,11.032005,False,True,3
9.9,10,11.039877,True,False,5
-0.11,11,11.047908,False,True,1
1.97,3,11.0485,False,True,3
-0.03,3,11.051055,False,True,1
1.96,4,11.053768,False,True,3
-0.01,1,11.05394,False,True,1
-0.12,12,11.062754,False,True,1
-0.1,10,11.070759,False,True,1
-0.24,24,11.086668,False,True,1
-0.36,36,11.109567,False,True,1
1.91,9,11.11499,False,True,3
-0.09,9,11.120898,False,True,1
-0.17,17,11.134019,False,True,1
9.89,11,11.139633,True,False,5
-0.03,3,11.142375,False,True,1
-0.01,1,11.142539,False,True,1
-0.26,26,11.161527,False,True,1
-0.18,18,11.172607,False,True,1
-0.07,7,11.177963,False,True,1
9.86,14,11.189032,True,False,5
9.89,11,11.194788,True,False,5
-0.01,1,11.197101,False,True,1
9.92,8,11.202578,True,False,5
-0.09,9,11.208382,False,True,1
-0.37,37,11.232878,False,True,1
-0.35,35,11.255908,False,True,1
-0.27,27,11.275253,False,True,1
9.76,24,11.290683,True,False,5
-0.02,2,11.291009,False,True,1
9.79,21,11.304657,True,False,5
-0.01,1,11.307236,False,True,1
1.93,7,11.30972,False,True,3
1.94,6,11.315187,False,True,3
9.91,9,11.321156,True,False,5
-0.05,5,11.32432,False,True,1
9.89,11,11.332606,True,False,5
9.95,5,11.335703,True,False,5
-0.03,3,11.338594,False,True,1
-0.07,7,11.344105,False,True,1
-0.01,1,11.344286,False,True,1
1.93,7,11.349975,False,True,3
1.95,5,11.353139,False,True,3
-0.03,3,11.356259,False,True,1
-0.37,37,11.382004,False,True,1
-0.07,7,11.387322,False,True,1
1.94,6,11.390404,False,True,3
1.97,3,11.393112,False,True,3
-5.5,50,11.428507,False,False,0
-0.24,24,11.444284,False,True,1
-5.5,50,11.475881,False,False,0
-5.5,50,11.51004,False,False,0
-0.02,2,11.510421,False,True,1
-0.16,16,11.521095,False,True,1
-0.13,13,11.529449,False,True,1
9.86,14,11.540068,True,False,5
-0.02,2,11.540378,False,True,1
-0.03,3,11.542751,False,True,1
9.7,30,11.563693,True,False,5
-5.5,50,11.595783,False,False,0
-0.02,2,11.598135,False,True,1
-5.5,50,11.636335,False,False,0
-0.16,16,11.651579,False,True,1
-5.5,50,11.698141,False,False,0
-5.5,50,11.732552,False,False,0
-0.34,34,11.75647,False,True,1
-5.5,50,11.795532,False,False,0
1.94,6,11.800769,False,True,3
-5.5,50,11.833627,False,False,0
-0.35,35,11.857135,False,True,1
1.85,15,11.867933,False,True,3
-5.5,50,11.901202,False,False,0
-5.5,50,11.935225,False,False,0
-0.12,12,11.943327,False,True,1
1.72,28,11.962216,False,True,3
9.9,10,11.967944,True,False,5
9.88,12,11.97655,True,False,5
-0.19,19,11.990538,False,True,1
-0.07,7,11.995653,False,True,1
-5.5,50,12.030002,False,False,0
-0.07,7,12.03514,False,True,1
-0.17,17,12.045713,False,True,1
9.6,40,12.072544,True,False,5
-0.12,12,12.081011,False,True,1
-5.5,50,12.118974,False,False,0
-5.5,50,12.154052,False,False,0
-0.07,7,12.159908,False,True,1
1.89,11,12.170098,False,True,3
-0.2,20,12.184229,False,True,1
1.8,20,12.199738,False,True,3
-5.5,50,12.234678,False,False,0
-5.5,50,12.273555,False,False,0
-5.5,50,12.30974,False,False,0
-5.5,50,12.346449,False,False,0
-0.43,43,12.373893,False,True,1
-5.5,50,12.409984,False,False,0
-0.17,17,12.420851,False,True,1
-0.11,11,12.428936,False,True,1
-0.03,3,12.431831,False,True,1
-5.5,50,12.466295,False,False,0
-5.5,50,12.502517,False,False,0
-5.5,50,12.538314,False,False,0
-0.42,42,12.57021,False,True,1
-5.5,50,12.608177,False,False,0
-5.5,50,12.646067,False,False,0
-2.5,50,12.681167,False,False,3
-0.45,45,12.710925,False,True,1
-0.03,3,12.713608,False,True,1
-5.5,50,12.750208,False,False,0
-0.45,45,12.779446,False,True,1
-0.11,11,12.787198,False,True,1
-5.5,50,12.82079,False,False,0
-5.5,50,12.854827,False,False,0
-0.43,43,12.881769,False,True,1
-5.5,50,12.917077,False,False,0
1.61,39,12.944272,False,True,3
-5.5,50,12.977517,False,False,0
-5.5,50,13.013127,False,False,0
-5.5,50,13.048493,False,False,0
-0.16,16,13.061467,False,True,1
-5.5,50,13.100132,False,False,0
-0.16,16,13.111558,False,True,1
9.81,19,13.1238,True,False,5
-5.5,50,13.162452,False,False,0
-5.5,50,13.198275,False,False,0
-5.5,50,13.234345,False,False,0
-5.5,50,13.265957,False,False,0
-5.5,50,13.301133,False,False,0
-0.29,29,13.319436,False,True,1
-5.5,50,13.353094,False,False,0
1.8,20,13.365965,False,True,3
-5.5,50,13.398983,False,False,0
-5.5,50,13.433185,False,False,0
-5.5,50,13.465766,False,False,0
-5.5,50,13.5014,False,False,0
-5.5,50,13.537107,False,False,0
-5.5,50,13.576678,False,False,0
-5.5,50,13.612007,False,False,0
-5.5,50,13.650736,False,False,0
-5.5,50,13.684312,False,False,0
-5.5,50,13.719118,False,False,0
-5.5,50,13.751411,False,False,0
-5.5,50,13.785789,False,False,0
1.59,41,13.813163,False,True,3
-0.25,25,13.829021,False,True,1
-5.5,50,13.863564,False,False,0
-5.5,50,13.896197,False,False,0
-5.5,50,13.930413,False,False,0
-5.5,50,13.961888,False,False,0
-5.5,50,13.997268,False,False,0
-5.5,50,14.030027,False,False,0
-0.32,32,14.052483,False,True,1
-5.5,50,14.087153,False,False,0
-5.5,50,14.12168,False,False,0
-0.35,35,14.146439,False,True,1
-5.5,50,14.179881,False,False,0
-0.38,38,14.205429,False,True,1
-0.23,23,14.220965,False,True,1
-0.06,6,14.223926,False,True,1
-0.2,20,14.237953,False,True,1
-5.5,50,14.272425,False,False,0
-0.34,34,14.293476,False,True,1
-0.46,46,14.324715,False,True,1
-5.5,50,14.37221,False,False,0
-5.5,50,14.419729,False,False,0
-0.17,17,14.431571,False,True,1
-5.5,50,14.464524,False,False,0
-5.5,50,14.501309,False,False,0
-5.5,50,14.533023,False,False,0
-0.39,39,14.559557,False,True,1
-5.5,50,14.595254,False,False,0
-5.5,50,14.628816,False,False,0
1.5,50,14.662768,False,True,3
-5.5,50,14.694863,False,False,0
9.82,18,14.707725,True,False,5
-5.5,50,14.740902,False,False,0
-5.5,50,14.775383,False,False,0
1.92,8,14.780924,False,True,3
-5.5,50,14.812847,False,False,0
-5.5,50,14.849106,False,False,0
1.72,28,14.868317,False,True,3
-5.5,50,14.902401,False,False,0
1.86,14,14.912994,False,True,3
-5.5,50,14.954006,False,False,0
1.9,10,14.964668,False,True,3
-5.5,50,15.008382,False,False,0
-5.5,50,15.048124,False,False,0
-0.05,5,15.050646,False,True,1
-5.5,50,15.084753,False,False,0
-5.5,50,15.121198,False,False,0
-5.5,50,15.155038,False,False,0
9.67,33,15.17982,True,False,5
-0.38,38,15.205374,False,True,1
-5.5,50,15.2417,False,False,0
9.95,5,15.245119,True,False,5
-0.32,32,15.268937,False,True,1
-5.5,50,15.304506,False,False,0
-5.5,50,15.346094,False,False,0
-5.5,50,15.384914,False,False,0
-5.5,50,15.424113,False,False,0
1.5,50,15.459339,False,True,3
-5.5,50,15.495956,False,False,0
1.52,48,15.532446,False,True,3
-0.12,12,15.541258,False,True,1
9.54,46,15.573417,True,False,5
-5.5,50,15.609768,False,False,0
-0.01,1,15.609922,False,True,1
-5.5,50,15.648712,False,False,0
-0.08,8,15.654388,False,True,1
-5.5,50,15.688344,False,False,0
-5.5,50,15.724243,False,False,0
-5.5,50,15.758469,False,False,0
-5.5,50,15.792556,False,False,0
-5.5,50,15.824492,False,False,0
-5.5,50,15.858055,False,False,0
-5.5,50,15.891169,False,False,0
-5.5,50,15.926338,False,False,0
-5.5,50,15.958552,False,False,0
-5.5,50,15.993191,False,False,0
-5.5,50,16.026225,False,False,0
-5.5,50,16.059987,False,False,0
-5.5,50,16.092076,False,False,0
1.68,32,16.112452,False,True,3
-5.5,50,16.148473,False,False,0
-0.22,22,16.162585,False,True,1
-0.18,18,16.175813,False,True,1
1.84,16,16.186322,False,True,3
-0.08,8,16.191602,False,True,1
-0.21,21,16.207765,False,True,1
-5.5,50,16.242086,False,False,0
1.76,24,16.261048,False,True,3
-5.5,50,16.298761,False,False,0
-5.5,50,16.331042,False,False,0
-0.21,21,16.347001,False,True,1
-5.5,50,16.378171,False,False,0
-5.5,50,16.413494,False,False,0
-5.5,50,16.48694,False,False,0
-5.5,50,16.522132,False,False,0
-0.42,42,16.551665,False,True,1
-5.5,50,16.59075,False,False,0
-5.5,50,16.624553,False,False,0
-5.5,50,16.661213,False,False,0
-5.5,50,16.694289,False,False,0
9.84,16,16.705817,True,False,5
-5.5,50,16.740777,False,False,0
-5.5,50,16.772994,False,False,0
-0.29,29,16.791721,False,True,1
-5.5,50,16.827993,False,False,0
-5.5,50,16.860614,False,False,0
-0.43,43,16.889621,False,True,1
1.6,40,16.915911,False,True,3
-5.5,50,16.951376,False,False,0
-5.5,50,16.983471,False,False,0
-0.3,30,17.004261,False,True,1
-5.5,50,17.036016,False,False,0
-0.26,26,17.056168,False,True,1
-5.5,50,17.088525,False,False,0
1.68,32,17.109926,False,True,3
-5.5,50,17.143779,False,False,0
-0.17,17,17.155258,False,True,1
-5.5,50,17.189005,False,False,0
-0.04,4,17.191639,False,True,1
-5.5,50,17.225277,False,False,0
-5.5,50,17.258218,False,False,0
1.96,4,17.260793,False,True,3
1.93,7,17.265957,False,True,3
-5.5,50,17.299673,False,False,0
-5.5,50,17.333431,False,False,0
-0.21,21,17.34739,False,True,1
-0.04,4,17.349897,False,True,1
-5.5,50,17.383852,False,False,0
-5.5,50,17.417681,False,False,0
-5.5,50,17.452595,False,False,0
-0.13,13,17.460643,False,True,1
-5.5,50,17.494642,False,False,0
-5.5,50,17.52811,False,False,0
-5.5,50,17.561711,False,False,0
-5.5,50,17.59428,False,False,0
-5.5,50,17.628188,False,False,0
-5.5,50,17.661279,False,False,0
1.92,8,17.6665,False,True,3
-0.21,21,17.679892,False,True,1
-5.5,50,17.716308,False,False,0
9.95,5,17.719321,True,False,5
-5.5,50,17.754901,False,False,0
-0.04,4,17.757423,False,True,1
-5.5,50,17.789423,False,False,0
1.78,22,17.806804,False,True,3
-5.5,50,17.839209,False,False,0
1.75,25,17.855595,False,True,3
-5.5,50,17.889462,False,False,0
-5.5,50,17.922887,False,False,0
-5.5,50,17.956577,False,False,0
-5.5,50,17.988481,False,False,0
-5.5,50,18.022661,False,False,0
-0.29,29,18.042597,False,True,1
-0.03,3,18.045277,False,True,1
-5.5,50,18.077538,False,False,0
1.85,15,18.087695,False,True,3
-0.04,4,18.09041,False,True,1
-5.5,50,18.126455,False,False,0
-0.12,12,18.134409,False,True,1
-5.5,50,18.166064,False,False,0
-5.5,50,18.201337,False,False,0
-5.5,50,18.233922,False,False,0
-0.32,32,18.254681,False,True,1
-5.5,50,18.288772,False,False,0
-5.5,50,18.322909,False,False,0
-0.11,11,18.330731,False,True,1
9.79,21,18.344016,True,False,5
-5.5,50,18.378321,False,False,0
-5.5,50,18.412237,False,False,0
-0.28,28,18.430649,False,True,1
-0.05,5,18.433536,False,True,1
-5.5,50,18.467865,False,False,0
-5.5,50,18.501715,False,False,0
-0.37,37,18.527819,False,True,1
-0.48,48,18.559068,False,True,1
-5.5,50,18.590392,False,False,0
-0.12,12,18.598811,False,True,1
-0.15,15,18.609872,False,True,1
-0.23,23,18.625823,False,True,1
-4.5,50,18.65808,False,False,1
-5.5,50,18.69376,False,False,0
1.73,27,18.70998,False,True,3
-5.5,50,18.743949,False,False,0
-5.5,50,18.774717,False,False,0
-5.5,50,18.810139,False,False,0
-0.2,20,18.822908,False,True,1
-5.5,50,18.854838,False,False,0
-5.5,50,18.888782,False,False,0
-0.16,16,18.900074,False,True,1
-5.5,50,18.932856,False,False,0
-5.5,50,18.967287,False,False,0
-5.5,50,18.998697,False,False,0
1.57,43,19.028486,False,True,3
-5.5,50,19.062982,False,False,0
-5.5,50,19.094897,False,False,0
-5.5,50,19.128117,False,False,0
-5.5,50,19.161983,False,False,0
-5.5,50,19.195783,False,False,0
-0.31,31,19.214947,False,True,1
9.7,30,19.237099,True,False,5
-0.11,11,19.246134,False,True,1
-5.5,50,19.281095,False,False,0
9.83,17,19.291995,True,False,5
-5.5,50,19.328934,False,False,0
-5.5,50,19.362221,False,False,0
-5.5,50,19.399196,False,False,0
9.66,34,19.421233,True,False,5
9.95,5,19.427861,True,False,5
-5.5,50,19.465068,False,False,0
-0.17,17,19.47596,False,True,1
-5.5,50,19.509546,False,False,0
9.69,31,19.530586,True,False,5
-5.5,50,19.564041,False,False,0
-0.02,2,19.566348,False,True,1
-0.28,28,19.584338,False,True,1
-5.5,50,19.616521,False,False,0
-3.5,50,19.652024,False,False,2
1.58,42,19.677733,False,True,3
-0.01,1,19.677922,False,True,1
-5.5,50,19.711881,False,False,0
-5.5,50,19.745084,False,False,0
-0.42,42,19.773437,False,True,1
1.86,14,19.781726,False,True,3
-0.37,37,19.808591,False,True,1
-0.07,7,19.811859,False,True,1
-5.5,50,19.846894,False,False,0
-0.03,3,19.849606,False,True,1
1.86,14,19.85803,False,True,3
-5.5,50,19.896511,False,False,0
1.74,26,19.913167,False,True,3
9.94,6,19.918492,True,False,5
-0.09,9,19.923908,False,True,1
1.85,15,19.93493,False,True,3
1.85,15,19.943752,False,True,3
-5.5,50,19.978713,False,False,0
9.9,10,19.984195,True,False,5
1.8,20,19.998085,False,True,3
1.72,28,20.017595,False,True,3
-0.47,47,20.0487,False,True,1
1.91,9,20.054116,False,True,3
-0.19,19,20.067811,False,True,1
-0.11,11,20.075931,False,True,1
-5.5,50,20.107767,False,False,0
-5.5,50,20.141352,False,False,0
1.96,4,20.144175,False,True,3
1.97,3,20.146753,False,True,3
-0.02,2,20.147065,False,True,1
-0.01,1,20.147227,False,True,1
-0.03,3,20.150687,False,True,1
1.67,33,20.173522,False,True,3
-0.22,22,20.188737,False,True,1
-0.01,1,20.188928,False,True,1
-0.4,40,20.217202,False,True,1
1.8,20,20.230425,False,True,3
9.9,10,20.23809,True,False,5
-0.03,3,20.238513,False,True,1
-5.5,50,20.274026,False,False,0
-0.2,20,20.287053,False,True,1
1.87,13,20.294989,False,True,3
-0.42,42,20.323183,False,True,1
1.93,7,20.326499,False,True,3
-0.04,4,20.329098,False,True,1
-0.01,1,20.331841,False,True,1
0.86,14,20.340708,False,True,2
-5.5,50,20.375522,False,False,0
1.96,4,20.378283,False,True,3
1.84,16,20.388787,False,True,3
-0.01,1,20.38902,False,True,1
9.95,5,20.391984,True,False,5
-5.5,50,20.427979,False,False,0
-0.24,24,20.444352,False,True,1
-0.02,2,20.444657,False,True,1
-5.5,50,20.480553,False,False,0
-0.12,12,20.488557,False,True,1
-5.5,50,20.520255,False,False,0
-0.07,7,20.525545,False,True,1
-0.04,4,20.528557,False,True,1
-5.5,50,20.561785,False,False,0
1.83,17,20.574954,False,True,3
-5.5,50,20.606548,False,False,0
1.78,22,20.622614,False,True,3
-0.08,8,20.627855,False,True,1
1.87,13,20.636179,False,True,3
9.58,42,20.663092,True,False,5
-5.5,50,20.69803,False,False,0
-5.5,50,20.729064,False,False,0
-0.09,9,20.736861,False,True,1
-5.5,50,20.768408,False,False,0
-0.03,3,20.771179,False,True,1
1.88,12,20.779579,False,True,3
-0.09,9,20.785319,False,True,1
-0.03,3,20.788064,False,True,1
1.96,4,20.790924,False,True,3
1.94,6,20.793769,False,True,3
-3.5,50,20.836281,False,False,2
1.95,5,20.838983,False,True,3
-0.06,6,20.844054,False,True,1
9.93,7,20.847276,True,False,5
-0.06,6,20.853069,False,True,1
1.95,5,20.855948,False,True,3
-0.5,50,20.89155,False,True,1
-0.12,12,20.899119,False,True,1
1.96,4,20.901647,False,True,3
-0.36,36,20.924822,False,True,1
1.97,3,20.925414,False,True,3
1.96,4,20.928195,False,True,3
1.92,8,20.933531,False,True,3
-0.03,3,20.936555,False,True,1
1.96,4,20.939506,False,True,3
-0.06,6,20.945366,False,True,1
-0.41,41,20.973369,False,True,1
1.96,4,20.976058,False,True,3
-0.03,3,20.978931,False,True,1
-0.04,4,20.981751,False,True,1
-0.23,23,20.996082,False,True,1
-0.2,20,21.008899,False,True,1
1.9,10,21.016932,False,True,3
1.87,13,21.026147,False,True,3
-0.21,21,21.040507,False,True,1
-0.5,50,21.07394,False,True,1
-0.22,22,21.088583,False,True,1
1.65,35,21.11267,False,True,3
-0.02,2,21.115179,False,True,1
-0.15,15,21.123413,False,True,1
-0.02,2,21.126036,False,True,1
-0.01,1,21.126206,False,True,1
-0.03,3,21.128725,False,True,1
-0.01,1,21.128894,False,True,1
-0.02,2,21.13205,False,True,1
1.82,18,21.143483,False,True,3
-0.01,1,21.143678,False,True,1
1.97,3,21.151131,False,True,3
-0.01,1,21.151489,False,True,1
1.97,3,21.16568,False,True,3
-0.01,1,21.165878,False,True,1
9.95,5,21.172994,True,False,5
-0.01,1,21.173433,False,True,1
1.97,3,21.176578,False,True,3
9.91,9,21.182952,True,False,5
-0.02,2,21.183303,False,True,1
-0.01,1,21.186509,False,True,1
-0.09,9,21.192663,False,True,1
-0.01,1,21.192859,False,True,1
-0.16,16,21.20473,False,True,1
-0.02,2,21.207486,False,True,1
-0.07,7,21.210497,False,True,1
-0.04,4,21.213621,False,True,1
-0.03,3,21.216276,False,True,1
1.97,3,21.219231,False,True,3
9.93,7,21.224733,True,False,5
9.92,8,21.230588,True,False,5
-0.1,10,21.236706,False,True,1
-5.5,50,21.272457,False,False,0
-0.25,25,21.288275,False,True,1
9.95,5,21.291079,True,False,5
-0.02,2,21.29336,False,True,1
9.95,5,21.296517,True,False,5
9.79,21,21.310975,True,False,5
-0.02,2,21.313624,False,True,1
-0.03,3,21.314046,False,True,1
-0.04,4,21.316808,False,True,1
-0.03,3,21.319338,False,True,1
-0.05,5,21.322291,False,True,1
-5.5,50,21.357864,False,False,0
1.95,5,21.360793,False,True,3
-0.04,4,21.363441,False,True,1
-0.34,34,21.387935,False,True,1
-0.01,1,21.388173,False,True,1
-0.06,6,21.3912,False,True,1
-0.05,5,21.39648,False,True,1
-0.04,4,21.399178,False,True,1
-0.01,1,21.399368,False,True,1
-0.01,1,21.399654,False,True,1
-0.41,41,21.428354,False,True,1
-0.02,2,21.431015,False,True,1
-0.01,1,21.431219,False,True,1
1.97,3,21.43395,False,True,3
9.9,10,21.439442,True,False,5
-0.5,50,21.473372,False,True,1
-5.5,50,21.505307,False,False,0
1.85,15,21.51639,False,True,3
-0.19,19,21.530426,False,True,1
1.94,6,21.533401,False,True,3
-0.05,5,21.538474,False,True,1
-0.05,5,21.541509,False,True,1
-0.02,2,21.541816,False,True,1
-0.21,21,21.558473,False,True,1
-0.03,3,21.55892,False,True,1
-5.5,50,21.594408,False,False,0
9.62,38,21.618083,True,False,5
-0.13,13,21.628097,False,True,1
1.97,3,21.628529,False,True,3
-0.01,1,21.630982,False,True,1
-0.17,17,21.642293,False,True,1
-0.03,3,21.645149,False,True,1
-0.05,5,21.648003,False,True,1
1.94,6,21.651121,False,True,3
-0.02,2,21.653969,False,True,1
9.93,7,21.660028,True,False,5
-0.03,3,21.660476,False,True,1
9.9,10,21.66872,True,False,5
1.97,3,21.671663,False,True,3
-0.02,2,21.67199,False,True,1
-0.05,5,21.674809,False,True,1
-0.1,10,21.682912,False,True,1
-0.01,1,21.683115,False,True,1
-0.04,4,21.685752,False,True,1
1.96,4,21.689051,False,True,3
9.94,6,21.694902,True,False,5
-0.06,6,21.697999,False,True,1
9.95,5,21.700791,True,False,5
-0.08,8,21.706799,False,True,1
-0.02,2,21.709394,False,True,1
1.86,14,21.718194,False,True,3
-0.03,3,21.721657,False,True,1
1.97,3,21.724417,False,True,3
-0.05,5,21.727606,False,True,1
-0.06,6,21.733004,False,True,1
-0.01,1,21.733212,False,True,1
1.97,3,21.735686,False,True,3
-0.03,3,21.736198,False,True,1
1.94,6,21.742364,False,True,3
-0.02,2,21.742687,False,True,1
-0.03,3,21.745587,False,True,1
-0.02,2,21.748425,False,True,1
1.9,10,21.754529,False,True,3
-0.06,6,21.760102,False,True,1
1.95,5,21.76292,False,True,3
-0.02,2,21.763352,False,True,1
1.91,9,21.771185,False,True,3
1.93,7,21.774532,False,True,3
-0.02,2,21.777454,False,True,1
-0.05,5,21.780584,False,True,1
1.97,3,21.783092,False,True,3
-0.05,5,21.786174,False,True,1
-0.39,39,21.814159,False,True,1
-0.01,1,21.814506,False,True,1
-0.02,2,21.816876,False,True,1
-0.01,1,21.817069,False,True,1
1.91,9,21.8227,False,True,3
1.97,3,21.825997,False,True,3
9.94,6,21.829199,True,False,5
-0.01,1,21.831595,False,True,1
9.89,11,21.838129,True,False,5
-0.04,4,21.841062,False,True,1
-0.01,1,21.843577,False,True,1
1.95,5,21.846702,False,True,3
-0.01,1,21.846886,False,True,1
-0.03,3,21.849634,False,True,1
1.94,6,21.852859,False,True,3
-0.01,1,21.85562,False,True,1
-0.02,2,21.855921,False,True,1
-0.01,1,21.85619,False,True,1
-0.01,1,21.858585,False,True,1
-0.03,3,21.859038,False,True,1
-0.01,1,21.862453,False,True,1
-0.01,1,21.8628,False,True,1
1.97,3,21.865554,False,True,3
1.97,3,21.866005,False,True,3
-0.01,1,21.868268,False,True,1
-0.01,1,21.868509,False,True,1
-0.05,5,21.872126,False,True,1
9.95,5,21.87502,True,False,5
-0.02,2,21.877924,False,True,1
1.97,3,21.880786,False,True,3
-0.01,1,21.88099,False,True,1
-0.01,1,21.881137,False,True,1
-0.01,1,21.881282,False,True,1
-0.01,1,21.88387,False,True,1
-0.01,1,21.884085,False,True,1
-0.02,2,21.884379,False,True,1
-0.01,1,21.88727,False,True,1
-0.02,2,21.887762,False,True,1
-0.05,5,21.890789,False,True,1
-0.01,1,21.893237,False,True,1
-0.01,1,21.893435,False,True,1
-0.01,1,21.893696,False,True,1
1.97,3,21.896501,False,True,3
1.94,6,21.899504,False,True,3
-0.04,4,21.902436,False,True,1
-0.06,6,21.90821,False,True,1
-0.02,2,21.908513,False,True,1
-0.01,1,21.911327,False,True,1
-5.5,50,21.945175,False,False,0
1.9,10,21.953638,False,True,3
-0.02,2,21.953948,False,True,1
1.83,17,21.96508,False,True,3
-5.5,50,21.998591,False,False,0
-0.02,2,21.999036,False,True,1
-0.01,1,22.001406,False,True,1
-0.01,1,22.001607,False,True,1
-0.02,2,22.001879,False,True,1
1.97,3,22.004722,False,True,3
1.97,3,22.007813,False,True,3
1.95,5,22.011087,False,True,3
-0.01,1,22.011261,False,True,1
-0.02,2,22.013882,False,True,1
-0.13,13,22.022641,False,True,1
9.95,5,22.025834,True,False,5
1.96,4,22.029058,False,True,3
-0.01,1,22.031729,False,True,1
-0.01,1,22.031942,False,True,1
-0.02,2,22.032214,False,True,1
1.88,12,22.04102,False,True,3
-0.05,5,22.046536,False,True,1
1.96,4,22.049432,False,True,3
9.9,10,22.05587,True,False,5
-0.06,6,22.060997,False,True,1
-0.07,7,22.06439,False,True,1
-0.05,5,22.069839,False,True,1
1.96,4,22.072947,False,True,3
1.96,4,22.075811,False,True,3
-0.01,1,22.076145,False,True,1
-0.03,3,22.079,False,True,1
-0.03,3,22.079428,False,True,1
1.94,6,22.084819,False,True,3
-0.04,4,22.088337,False,True,1
-0.04,4,22.090983,False,True,1
-0.03,3,22.093799,False,True,1
-0.07,7,22.097246,False,True,1
1.94,6,22.102859,False,True,3
1.96,4,22.106067,False,True,3
1.96,4,22.10883,False,True,3
1.94,6,22.11212,False,True,3
-0.01,1,22.114793,False,True,1
1.94,6,22.11789,False,True,3
-0.04,4,22.121166,False,True,1
9.92,8,22.126809,True,False,5
-0.02,2,22.129691,False,True,1
9.92,8,22.135428,True,False,5
-0.03,3,22.135865,False,True,1
1.92,8,22.141847,False,True,3
-0.1,10,22.15003,False,True,1
-0.17,17,22.161784,False,True,1
-0.08,8,22.167226,False,True,1
-0.03,3,22.169964,False,True,1
-0.08,8,22.175774,False,True,1
1.91,9,22.181884,False,True,3
-0.07,7,22.187525,False,True,1
1.8,20,22.200898,False,True,3
1.96,4,22.20371,False,True,3
-0.04,4,22.206372,False,True,1
-0.03,3,22.208963,False,True,1
1.87,13,22.217503,False,True,3
-0.01,1,22.217833,False,True,1
1.96,4,22.22069,False,True,3
-0.01,1,22.220795,False,True,1
-0.04,4,22.223331,False,True,1
-0.01,1,22.225884,False,True,1
1.92,8,22.231994,False,True,3
1.94,6,22.234953,False,True,3
-0.03,3,22.238127,False,True,1
-0.02,2,22.238569,False,True,1
-0.02,2,22.241223,False,True,1
-0.01,1,22.241398,False,True,1
9.91,9,22.247348,True,False,5
1.94,6,22.253862,False,True,3
-0.05,5,22.256949,False,True,1
1.93,7,22.263315,False,True,3
-0.02,2,22.263628,False,True,1
-0.06,6,22.269909,False,True,1
-0.01,1,22.270035,False,True,1
-0.03,3,22.273557,False,True,1
1.9,10,22.281091,False,True,3
1.95,5,22.287099,False,True,3
-0.28,28,22.308379,False,True,1
-0.09,9,22.314045,False,True,1
-0.12,12,22.322228,False,True,1
-0.08,8,22.327627,False,True,1
1.94,6,22.330802,False,True,3
-0.03,3,22.333691,False,True,1
1.96,4,22.336847,False,True,3
-0.02,2,22.339644,False,True,1
-0.01,1,22.339883,False,True,1
-0.01,1,22.340051,False,True,1
-0.04,4,22.342974,False,True,1
-0.03,3,22.346328,False,True,1
1.92,8,22.352328,False,True,3
-0.02,2,22.352634,False,True,1
-0.09,9,22.36045,False,True,1
-0.04,4,22.363587,False,True,1
-0.03,3,22.364025,False,True,1
-0.03,3,22.366777,False,True,1
9.92,8,22.373261,True,False,5
1.97,3,22.376171,False,True,3
-0.05,5,22.379108,False,True,1
1.91,9,22.384897,False,True,3
1.94,6,22.390797,False,True,3
1.88,12,22.39934,False,True,3
-0.06,6,22.402456,False,True,1
-0.03,3,22.405416,False,True,1
9.93,7,22.410769,True,False,5
9.93,7,22.415997,True,False,5
-0.03,3,22.416405,False,True,1
-0.03,3,22.419148,False,True,1
-0.05,5,22.422387,False,True,1
-0.06,6,22.428135,False,True,1
-0.04,4,22.431126,False,True,1
-0.22,22,22.445924,False,True,1
-0.03,3,22.448557,False,True,1
1.91,9,22.454486,False,True,3
1.8,20,22.468794,False,True,3
-0.04,4,22.471801,False,True,1
-0.04,4,22.474453,False,True,1
-0.03,3,22.477234,False,True,1
-0.02,2,22.479665,False,True,1
-0.04,4,22.482404,False,True,1
-0.02,2,22.482769,False,True,1
-0.01,1,22.483058,False,True,1
-0.04,4,22.486358,False,True,1
-0.02,2,22.489788,False,True,1
1.92,8,22.496082,False,True,3
1.96,4,22.499166,False,True,3
9.95,5,22.502191,True,False,5
1.92,8,22.508072,False,True,3
-0.03,3,22.51088,False,True,1
-0.03,3,22.513813,False,True,1
-0.05,5,22.516882,False,True,1
1.96,4,22.520056,False,True,3
-0.02,2,22.52041,False,True,1
-0.03,3,22.523346,False,True,1
1.96,4,22.526299,False,True,3
-0.05,5,22.529878,False,True,1
1.96,4,22.532707,False,True,3
-0.01,1,22.535188,False,True,1
-0.02,2,22.535511,False,True,1
-0.06,6,22.541267,False,True,1
-0.02,2,22.541622,False,True,1
-0.01,1,22.54192,False,True,1
9.95,5,22.547703,True,False,5
1.95,5,22.550604,False,True,3
1.92,8,22.556216,False,True,3
-0.03,3,22.558962,False,True,1
-0.02,2,22.559273,False,True,1
9.84,16,22.571638,True,False,5
-0.02,2,22.574165,False,True,1
1.95,5,22.577527,False,True,3
9.95,5,22.580482,True,False,5
1.93,7,22.586548,False,True,3
-0.06,6,22.589745,False,True,1
1.94,6,22.595603,False,True,3
-0.01,1,22.595795,False,True,1
-0.02,2,22.598429,False,True,1
1.95,5,22.601345,False,True,3
-0.01,1,22.601651,False,True,1
-0.02,2,22.604643,False,True,1
-0.02,2,22.604986,False,True,1
-0.04,4,22.607919,False,True,1
-0.06,6,22.61365,False,True,1
-0.03,3,22.614077,False,True,1
-0.03,3,22.616825,False,True,1
9.92,8,22.622922,True,False,5
-0.01,1,22.623261,False,True,1
-0.02,2,22.625809,False,True,1
9.95,5,22.629057,True,False,5
1.96,4,22.631939,False,True,3
-0.04,4,22.634919,False,True,1
-0.01,1,22.635086,False,True,1
-0.01,1,22.638169,False,True,1
-0.03,3,22.63863,False,True,1
9.95,5,22.644309,True,False,5
-0.04,4,22.647788,False,True,1
-0.01,1,22.647999,False,True,1
1.94,6,22.651013,False,True,3
-0.04,4,22.654392,False,True,1
1.92,8,22.660012,False,True,3
-0.03,3,22.663308,False,True,1
1.95,5,22.666421,False,True,3
-0.01,1,22.669164,False,True,1
-0.02,2,22.669489,False,True,1
1.95,5,22.672511,False,True,3
-0.02,2,22.675132,False,True,1
1.95,5,22.678299,False,True,3
1.97,3,22.681265,False,True,3
1.95,5,22.684243,False,True,3
-0.04,4,22.687756,False,True,1
1.92,8,22.693551,False,True,3
-0.02,2,22.696415,False,True,1
-0.02,2,22.696737,False,True,1
-0.05,5,22.699572,False,True,1
-0.06,6,22.705561,False,True,1
-0.04,4,22.708329,False,True,1
9.94,6,22.712027,True,False,5
-0.03,3,22.714831,False,True,1
-0.03,3,22.717676,False,True,1
-0.05,5,22.720661,False,True,1
1.93,7,22.726285,False,True,3
-0.07,7,22.732117,False,True,1
9.92,8,22.737979,True,False,5
1.96,4,22.741093,False,True,3
-0.06,6,22.744201,False,True,1
9.95,5,22.747448,True,False,5
-0.01,1,22.750137,False,True,1
-0.03,3,22.750536,False,True,1
1.96,4,22.753567,False,True,3
-0.01,1,22.756343,False,True,1
-0.01,1,22.75668,False,True,1
-0.01,1,22.756836,False,True,1
-0.02,2,22.759177,False,True,1
-0.03,3,22.759577,False,True,1
1.93,7,22.765693,False,True,3
-0.03,3,22.768419,False,True,1
1.93,7,22.774619,False,True,3
-0.01,1,22.774851,False,True,1
-0.06,6,22.777994,False,True,1
9.91,9,22.786075,True,False,5
-0.04,4,22.789276,False,True,1
-0.04,4,22.792114,False,True,1
-0.03,3,22.792675,False,True,1
-0.02,2,22.795344,False,True,1
1.94,6,22.798413,False,True,3
1.93,7,22.804831,False,True,3
9.84,16,22.815819,True,False,5
-0.03,3,22.818426,False,True,1
-0.03,3,22.821489,False,True,1
-0.07,7,22.824608,False,True,1
-0.03,3,22.827613,False,True,1
9.94,6,22.832729,True,False,5
-0.03,3,22.83314,False,True,1
-0.1,10,22.841276,False,True,1
-0.01,1,22.841608,False,True,1
-0.02,2,22.844184,False,True,1
1.95,5,22.847205,False,True,3
-0.02,2,22.847487,False,True,1
1.97,3,22.850277,False,True,3
-0.02,2,22.853056,False,True,1
-0.05,5,22.856292,False,True,1
1.97,3,22.85895,False,True,3
1.93,7,22.862893,False,True,3
-0.02,2,22.8655,False,True,1
-0.05,5,22.86859,False,True,1
-0.04,4,22.87201,False,True,1
1.94,6,22.877681,False,True,3
-0.03,3,22.878162,False,True,1
-0.01,1,22.880495,False,True,1
-0.02,2,22.880832,False,True,1
-0.02,2,22.88348,False,True,1
-0.04,4,22.886347,False,True,1
-0.03,3,22.8868,False,True,1
-0.04,4,22.889934,False,True,1
9.95,5,22.895965,True,False,5
1.92,8,22.901618,False,True,3
1.96,4,22.904702,False,True,3
-0.02,2,22.905027,False,True,1
9.9,10,22.913465,True,False,5
1.95,5,22.916416,False,True,3
-0.05,5,22.919584,False,True,1
9.95,5,22.922822,True,False,5
-0.02,2,22.925611,False,True,1
-0.03,3,22.928604,False,True,1
-0.05,5,22.931739,False,True,1
-0.02,2,22.931969,False,True,1
-0.03,3,22.934625,False,True,1
-0.02,2,22.93792,False,True,1
9.94,6,22.941176,True,False,5
-0.01,1,22.941295,False,True,1
1.96,4,22.944229,False,True,3
-0.03,3,22.947253,False,True,1
-0.01,1,22.947445,False,True,1
1.94,6,22.953129,False,True,3
-0.02,2,22.953579,False,True,1
-0.03,3,22.956407,False,True,1
-0.04,4,22.959331,False,True,1
-0.02,2,22.962056,False,True,1
-0.03,3,22.962647,False,True,1
1.97,3,22.965292,False,True,3
1.96,4,22.968221,False,True,3
-0.03,3,22.971645,False,True,1
1.96,4,22.974655,False,True,3
-0.03,3,22.977556,False,True,1
-0.06,6,22.98077,False,True,1
-0.03,3,22.983503,False,True,1
1.91,9,22.989845,False,True,3
9.93,7,22.995873,True,False,5
1.93,7,23.001254,False,True,3
-0.05,5,23.004556,False,True,1
-0.06,6,23.00767,False,True,1
-0.02,2,23.010051,False,True,1
-0.04,4,23.012776,False,True,1
-0.05,5,23.01583,False,True,1
-0.02,2,23.018869,False,True,1
-0.04,4,23.021845,False,True,1
1.95,5,23.02496,False,True,3
1.96,4,23.027703,False,True,3
9.86,14,23.037223,True,False,5
-0.05,5,23.042587,False,True,1
1.92,8,23.048624,False,True,3
1.93,7,23.051787,False,True,3
-0.03,3,23.054783,False,True,1
-0.06,6,23.060021,False,True,1
-0.11,11,23.065968,False,True,1
-0.06,6,23.071421,False,True,1
-0.03,3,23.074356,False,True,1
-0.03,3,23.074761,False,True,1
-0.02,2,23.077321,False,True,1
1.64,36,23.102548,False,True,3
-0.24,24,23.120217,False,True,1
-0.03,3,23.123134,False,True,1
9.9,10,23.128805,True,False,5
1.94,6,23.134066,False,True,3
-0.08,8,23.139621,False,True,1
1.93,7,23.143125,False,True,3
-0.06,6,23.148643,False,True,1
-0.04,4,23.151397,False,True,1
1.94,6,23.154883,False,True,3
-0.11,11,23.163327,False,True,1
-0.02,2,23.165862,False,True,1
1.94,6,23.168816,False,True,3
1.76,24,23.185569,False,True,3
9.93,7,23.191002,True,False,5
-0.06,6,23.193876,False,True,1
-0.03,3,23.196602,False,True,1
-0.03,3,23.199448,False,True,1
-0.11,11,23.207688,False,True,1
-0.12,12,23.216758,False,True,1
-0.03,3,23.217223,False,True,1
-0.02,2,23.2238,False,True,1
-0.04,4,23.227533,False,True,1
1.91,9,23.237425,False,True,3
-0.04,4,23.241085,False,True,1
-0.04,4,23.244854,False,True,1
-0.03,3,23.247942,False,True,1
1.91,9,23.255455,False,True,3
-0.03,3,23.258387,False,True,1
-0.04,4,23.262071,False,True,1
9.93,7,23.267881,True,False,5
-0.03,3,23.268513,False,True,1
-0.06,6,23.277096,False,True,1
-0.1,10,23.286889,False,True,1
-0.25,25,23.307635,False,True,1
-0.23,23,23.323498,False,True,1
1.92,8,23.329144,False,True,3
-0.03,3,23.332202,False,True,1
-0.03,3,23.335317,False,True,1
9.94,6,23.338724,True,False,5
9.93,7,23.344893,True,False,5
-0.03,3,23.34802,False,True,1
-0.02,2,23.348332,False,True,1
-0.04,4,23.3512,False,True,1
1.93,7,23.357497,False,True,3
-0.04,4,23.360588,False,True,1
1.95,5,23.363686,False,True,3
1.95,5,23.369202,False,True,3
1.96,4,23.37252,False,True,3
-0.03,3,23.373087,False,True,1
-0.03,3,23.375891,False,True,1
9.92,8,23.381824,True,False,5
-0.05,5,23.384577,False,True,1
-0.02,2,23.387553,False,True,1
-0.05,5,23.390545,False,True,1
1.96,4,23.393471,False,True,3
-0.07,7,23.399712,False,True,1
-0.03,3,23.402792,False,True,1
-0.08,8,23.408773,False,True,1
-0.04,4,23.411877,False,True,1
1.96,4,23.414804,False,True,3
9.92,8,23.420519,True,False,5
-0.07,7,23.423707,False,True,1
-0.05,5,23.429563,False,True,1
9.92,8,23.435189,True,False,5
-0.17,17,23.446911,False,True,1
-0.03,3,23.449552,False,True,1
-0.05,5,23.452456,False,True,1
-0.05,5,23.455631,False,True,1
-0.02,2,23.458226,False,True,1
1.94,6,23.461316,False,True,3
-0.06,6,23.473353,False,True,1
1.94,6,23.492054,False,True,3
-0.02,2,23.499342,False,True,1
9.92,8,23.507689,True,False,5
-0.03,3,23.508181,False,True,1
9.93,7,23.514767,True,False,5
9.92,8,23.5212,True,False,5
-0.03,3,23.524229,False,True,1
-0.04,4,23.527,False,True,1
0.94,6,23.530386,False,True,2
1.89,11,23.539637,False,True,3
-0.01,1,23.539765,False,True,1
1.94,6,23.545664,False,True,3
9.91,9,23.551598,True,False,5
-0.04,4,23.554851,False,True,1
9.89,11,23.563404,True,False,5
-0.2,20,23.577487,False,True,1
1.94,6,23.580499,False,True,3
-0.04,4,23.583347,False,True,1
-0.03,3,23.585854,False,True,1
-0.06,6,23.591011,False,True,1
1.94,6,23.594237,False,True,3
1.94,6,23.6,False,True,3
9.93,7,23.603749,True,False,5
-0.09,9,23.612035,False,True,1
-0.02,2,23.612298,False,True,1
9.93,7,23.61775,True,False,5
-0.04,4,23.621018,False,True,1
1.94,6,23.623985,False,True,3
-0.04,4,23.626538,False,True,1
-0.09,9,23.634602,False,True,1
1.93,7,23.63838,False,True,3
-0.06,6,23.643729,False,True,1
-0.06,6,23.646974,False,True,1
1.84,16,23.658665,False,True,3
1.94,6,23.664448,False,True,3
1.83,17,23.675917,False,True,3
-0.04,4,23.678713,False,True,1
9.91,9,23.684362,True,False,5
-0.05,5,23.690244,False,True,1
-0.15,15,23.700508,False,True,1
-0.03,3,23.703817,False,True,1
-0.03,3,23.707012,False,True,1
9.93,7,23.712538,True,False,5
1.92,8,23.71831,False,True,3
-0.06,6,23.721741,False,True,1
-0.08,8,23.727734,False,True,1
-0.08,8,23.733368,False,True,1
-0.04,4,23.736125,False,True,1
9.94,6,23.741995,True,False,5
-0.14,14,23.751338,False,True,1
-0.03,3,23.754215,False,True,1
-0.04,4,23.757238,False,True,1
-0.06,6,23.760155,False,True,1
9.81,19,23.775086,True,False,5
1.92,8,23.781212,False,True,3
-0.02,2,23.783671,False,True,1
-0.03,3,23.784099,False,True,1
-0.22,22,23.804196,False,True,1
1.88,12,23.815392,False,True,3
1.94,6,23.819138,False,True,3
-0.11,11,23.829652,False,True,1
9.92,8,23.836121,True,False,5
-0.05,5,23.839208,False,True,1
9.91,9,23.847371,True,False,5
9.92,8,23.853644,True,False,5
-0.08,8,23.864951,False,True,1
-0.06,6,23.868635,False,True,1
1.95,5,23.871879,False,True,3
1.92,8,23.877674,False,True,3
1.94,6,23.883149,False,True,3
-0.2,20,23.898261,False,True,1
-0.11,11,23.906441,False,True,1
-0.28,28,23.924659,False,True,1
-0.04,4,23.927538,False,True,1
-0.1,10,23.933142,False,True,1
-0.26,26,23.952669,False,True,1
-0.05,5,23.955535,False,True,1
-0.04,4,23.958239,False,True,1
1.87,13,23.96673,False,True,3
-0.04,4,23.969748,False,True,1
1.95,5,23.973192,False,True,3
-0.03,3,23.976073,False,True,1
9.92,8,23.981818,True,False,5
1.95,5,23.984723,False,True,3
-0.08,8,23.991183,False,True,1
1.84,16,24.003245,False,True,3
-0.03,3,24.006099,False,True,1
-0.04,4,24.009002,False,True,1
1.94,6,24.014535,False,True,3
-0.04,4,24.017498,False,True,1
-0.03,3,24.017915,False,True,1
-0.04,4,24.020611,False,True,1
-0.04,4,24.023663,False,True,1
-0.01,1,24.02627,False,True,1
-0.03,3,24.026712,False,True,1
-0.04,4,24.029827,False,True,1
-0.09,9,24.04205,False,True,1
-0.18,18,24.060113,False,True,1
1.94,6,24.066415,False,True,3
-0.03,3,24.067146,False,True,1
-0.04,4,24.071018,False,True,1
1.85,15,24.082921,False,True,3
9.92,8,24.0894,True,False,5
-0.03,3,24.092171,False,True,1
-0.01,1,24.09229,False,True,1
-0.04,4,24.095325,False,True,1
-0.03,3,24.098115,False,True,1
-0.03,3,24.101307,False,True,1
1.94,6,24.104638,False,True,3
-0.09,9,24.110698,False,True,1
1.95,5,24.116035,False,True,3
-0.1,10,24.122915,False,True,1
9.94,6,24.128373,True,False,5
-0.48,48,24.161695,False,True,1
-5.5,50,24.194595,False,False,0
9.82,18,24.207663,True,False,5
1.85,15,24.216142,False,True,3
-0.02,2,24.218892,False,True,1
-0.13,13,24.227431,False,True,1
-0.04,4,24.230416,False,True,1
9.88,12,24.238994,True,False,5
-0.05,5,24.241804,False,True,1
-0.07,7,24.247445,False,True,1
1.94,6,24.253593,False,True,3
1.92,8,24.259265,False,True,3
1.94,6,24.263131,False,True,3
-0.07,7,24.271295,False,True,1
1.88,12,24.284918,False,True,3
1.92,8,24.291579,False,True,3
-0.22,22,24.308173,False,True,1
-0.28,28,24.333147,False,True,1
-0.04,4,24.336488,False,True,1
9.92,8,24.342106,True,False,5
1.9,10,24.3513,False,True,3
-0.13,13,24.359903,False,True,1
1.93,7,24.365438,False,True,3
-0.31,31,24.388586,False,True,1
-0.47,47,24.422221,False,True,1
-0.07,7,24.427714,False,True,1
1.55,45,24.457087,False,True,3
1.9,10,24.468118,False,True,3
1.93,7,24.477504,False,True,3
-0.04,4,24.481536,False,True,1
1.91,9,24.489526,False,True,3
-0.12,12,24.498659,False,True,1
-0.13,13,24.507674,False,True,1
-0.16,16,24.519923,False,True,1
-0.05,5,24.523006,False,True,1
9.91,9,24.531111,True,False,5
-0.09,9,24.536882,False,True,1
9.9,10,24.542756,True,False,5
9.75,25,24.56226,True,False,5
-0.17,17,24.573021,False,True,1
-0.38,38,24.599315,False,True,1
9.66,34,24.623156,True,False,5
1.62,38,24.647518,False,True,3
-0.15,15,24.657656,False,True,1
1.56,44,24.694955,False,True,3
1.9,10,24.706443,False,True,3
-0.06,6,24.709697,False,True,1
9.77,23,24.728188,True,False,5
1.75,25,24.751137,False,True,3
-0.11,11,24.759511,False,True,1
-0.18,18,24.771088,False,True,1
-0.39,39,24.798846,False,True,1
-4.5,50,24.835421,False,False,1
1.87,13,24.843601,False,True,3
-5.5,50,24.876042,False,False,0
-5.5,50,24.922402,False,False,0
-5.5,50,24.958436,False,False,0
9.84,16,24.969339,True,False,5
-0.34,34,24.992771,False,True,1
1.93,7,24.998111,False,True,3
1.73,27,25.015972,False,True,3
1.93,7,25.021732,False,True,3
-5.5,50,25.056682,False,False,0
-0.05,5,25.059571,False,True,1
-0.49,49,25.093733,False,True,1
1.81,19,25.107429,False,True,3
-0.01,1,25.107563,False,True,1
1.83,17,25.118378,False,True,3
-0.02,2,25.120974,False,True,1
9.6,40,25.160415,True,False,5
-5.5,50,25.200182,False,False,0
9.81,19,25.2149,True,False,5
1.63,37,25.241725,False,True,3
9.81,19,25.255602,True,False,5
1.85,15,25.266109,False,True,3
9.9,10,25.271873,True,False,5
-5.5,50,25.308771,False,False,0
-5.5,50,25.349707,False,False,0
-5.5,50,25.390678,False,False,0
1.83,17,25.402737,False,True,3
-5.5,50,25.440014,False,False,0
9.93,7,25.443118,True,False,5
-0.05,5,25.448091,False,True,1
-0.05,5,25.450999,False,True,1
1.94,6,25.454101,False,True,3
1.83,17,25.468099,False,True,3
-0.02,2,25.46845,False,True,1
-0.05,5,25.471524,False,True,1
-0.04,4,25.474602,False,True,1
-0.03,3,25.477284,False,True,1
-0.43,43,25.508454,False,True,1
1.84,16,25.519267,False,True,3
-5.5,50,25.553687,False,False,0
9.8,20,25.568077,True,False,5
1.68,32,25.592231,False,True,3
-0.2,20,25.606001,False,True,1
-0.13,13,25.618527,False,True,1
-0.04,4,25.622025,False,True,1
1.96,4,25.625046,False,True,3
-5.5,50,25.659579,False,False,0
-3.5,50,25.697805,False,False,2
1.72,28,25.716552,False,True,3
9.88,12,25.724848,True,False,5
1.89,11,25.730606,False,True,3
-5.5,50,25.768203,False,False,0
-0.05,5,25.771198,False,True,1
1.85,15,25.781689,False,True,3
1.73,27,25.799808,False,True,3
-0.09,9,25.805643,False,True,1
9.81,19,25.820082,True,False,5
-5.5,50,25.852884,False,False,0
-5.5,50,25.887157,False,False,0
9.91,9,25.892832,True,False,5
-0.37,37,25.917726,False,True,1
1.85,15,25.92871,False,True,3
-0.4,40,25.955192,False,True,1
-0.42,42,25.983604,False,True,1
9.91,9,25.991686,True,False,5
-0.04,4,25.994462,False,True,1
-0.35,35,26.016267,False,True,1
0.95,5,26.021528,False,True,2
1.88,12,26.030432,False,True,3
-0.04,4,26.033225,False,True,1
1.82,18,26.044496,False,True,3
-5.5,50,26.080598,False,False,0
1.79,21,26.094179,False,True,3
1.8,20,26.107665,False,True,3
9.64,36,26.130923,True,False,5
1.93,7,26.136342,False,True,3
9.89,11,26.142507,True,False,5
1.92,8,26.148383,False,True,3
-0.05,5,26.153553,False,True,1
9.9,10,26.159484,True,False,5
-0.05,5,26.162409,False,True,1
1.94,6,26.167764,False,True,3
-0.08,8,26.173903,False,True,1
1.9,10,26.180032,False,True,3
-0.05,5,26.185914,False,True,1
9.9,10,26.192516,True,False,5
-0.04,4,26.195415,False,True,1
1.92,8,26.201226,False,True,3
9.91,9,26.207943,True,False,5
2.82,18,26.222169,False,True,4
-0.03,3,26.224955,False,True,1
-0.1,10,26.230806,False,True,1
-0.04,4,26.233694,False,True,1
1.75,25,26.251332,False,True,3
-5.5,50,26.285947,False,False,0
1.7,30,26.305994,False,True,3
-5.5,50,26.340921,False,False,0
-0.04,4,26.343718,False,True,1
1.92,8,26.349083,False,True,3
1.67,33,26.371076,False,True,3
9.62,38,26.397858,True,False,5
1.87,13,26.405916,False,True,3
-5.5,50,26.437402,False,False,0
1.9,10,26.445525,False,True,3
-5.5,50,26.478431,False,False,0
-0.21,21,26.49398,False,True,1
-5.5,50,26.52563,False,False,0
-5.5,50,26.561515,False,False,0
-5.5,50,26.593252,False,False,0
-0.28,28,26.611223,False,True,1
-5.5,50,26.644872,False,False,0
-5.5,50,26.678179,False,False,0
-0.16,16,26.688814,False,True,1
-5.5,50,26.722747,False,False,0
-0.13,13,26.73092,False,True,1
1.72,28,26.750573,False,True,3
1.75,25,26.767028,False,True,3
-5.5,50,26.800743,False,False,0
-0.08,8,26.805753,False,True,1
-0.13,13,26.814492,False,True,1
-5.5,50,26.848398,False,False,0
-5.5,50,26.883338,False,False,0
-0.13,13,26.891405,False,True,1
-0.2,20,26.905814,False,True,1
1.52,48,26.938189,False,True,3
-5.5,50,26.971867,False,False,0
1.64,36,26.995749,False,True,3
-0.33,33,27.018237,False,True,1
-5.5,50,27.050736,False,False,0
-5.5,50,27.084621,False,False,0
1.62,38,27.108046,False,True,3
-0.28,28,27.127597,False,True,1
-0.1,10,27.135534,False,True,1
9.63,37,27.159468,True,False,5
1.68,32,27.180771,False,True,3
-5.5,50,27.21677,False,False,0
-0.1,10,27.222398,False,True,1
-5.5,50,27.256712,False,False,0
-5.5,50,27.289155,False,False,0
-0.16,16,27.300502,False,True,1
-0.44,44,27.33074,False,True,1
-0.22,22,27.34648,False,True,1
1.88,12,27.35462,False,True,3
-5.5,50,27.38735,False,False,0
-0.15,15,27.398135,False,True,1
1.84,16,27.408504,False,True,3
-5.5,50,27.440224,False,False,0
1.82,18,27.45467,False,True,3
-5.5,50,27.486924,False,False,0
-5.5,50,27.521159,False,False,0
1.77,23,27.536604,False,True,3
-0.07,7,27.539815,False,True,1
1.92,8,27.54571,False,True,3
-5.5,50,27.582822,False,False,0
-5.5,50,27.615493,False,False,0
-0.26,26,27.635893,False,True,1
1.95,5,27.638956,False,True,3
-0.22,22,27.655055,False,True,1
-5.5,50,27.687005,False,False,0
-0.07,7,27.692256,False,True,1
-0.09,9,27.698034,False,True,1
-5.5,50,27.733203,False,False,0
9.59,41,27.759671,True,False,5
-5.5,50,27.79379,False,False,0
-0.22,22,27.809137,False,True,1
1.79,21,27.822331,False,True,3
9.57,43,27.851862,True,False,5
-0.2,20,27.865498,False,True,1
-5.5,50,27.898685,False,False,0
-5.5,50,27.932929,False,False,0
-5.5,50,27.964592,False,False,0
-5.5,50,27.999967,False,False,0
-5.5,50,28.033281,False,False,0
-0.31,31,28.054252,False,True,1
-0.33,33,28.076064,False,True,1
1.78,22,28.092956,False,True,3
-5.5,50,28.125998,False,False,0
1.73,27,28.144529,False,True,3
2.71,29,28.16346,False,True,4
-0.42,42,28.19349,False,True,1
1.7,30,28.212179,False,True,3
1.72,28,28.231114,False,True,3
-0.21,21,28.246824,False,True,1
9.72,28,28.266395,True,False,5
1.72,28,28.285627,False,True,3
1.91,9,28.290839,False,True,3
1.8,20,28.304739,False,True,3
-0.02,2,28.305126,False,True,1
1.92,8,28.310546,False,True,3
-0.29,29,28.333344,False,True,1
-5.5,50,28.372853,False,False,0
1.62,38,28.402703,False,True,3
1.92,8,28.408041,False,True,3
-0.48,48,28.440891,False,True,1
-0.08,8,28.446295,False,True,1
-5.5,50,28.4941,False,False,0
-5.5,50,28.528057,False,False,0
-0.05,5,28.530773,False,True,1
1.55,45,28.559527,False,True,3
-0.13,13,28.567998,False,True,1
1.86,14,28.579655,False,True,3
-0.04,4,28.582427,False,True,1
1.79,21,28.596138,False,True,3
9.54,46,28.629941,True,False,5
-5.5,50,28.662072,False,False,0
-5.5,50,28.696635,False,False,0
1.66,34,28.717985,False,True,3
9.63,37,28.743516,True,False,5
1.58,42,28.773159,False,True,3
-0.26,26,28.788771,False,True,1
-5.5,50,28.823312,False,False,0
-0.17,17,28.834677,False,True,1
9.82,18,28.848342,True,False,5
-5.5,50,28.881304,False,False,0
1.59,41,28.907548,False,True,3
-5.5,50,28.942655,False,False,0
1.53,47,28.974164,False,True,3
-5.5,50,29.015731,False,False,0
1.55,45,29.045325,False,True,3
1.64,36,29.070945,False,True,3
-0.1,10,29.078864,False,True,1
-4.5,50,29.11118,False,False,1
-5.5,50,29.145653,False,False,0
-0.11,11,29.154535,False,True,1
1.86,14,29.166984,False,True,3
-5.5,50,29.2069,False,False,0
-0.02,2,29.207169,False,True,1
-5.5,50,29.242482,False,False,0
-5.5,50,29.27427,False,False,0
-0.2,20,29.287682,False,True,1
-0.26,26,29.305474,False,True,1
-0.18,18,29.31687,False,True,1
-0.35,35,29.342679,False,True,1
-0.19,19,29.355878,False,True,1
-4.5,50,29.388566,False,False,1
-5.5,50,29.424528,False,False,0
-0.32,32,29.445753,False,True,1
-0.06,6,29.448749,False,True,1
-0.2,20,29.461891,False,True,1
1.85,15,29.472977,False,True,3
1.79,21,29.487467,False,True,3
1.78,22,29.503378,False,True,3
9.66,34,29.524954,True,False,5
-5.5,50,29.560468,False,False,0
9.94,6,29.563373,True,False,5
-5.5,50,29.597319,False,False,0
-3.5,50,29.629788,False,False,2
-0.48,48,29.663765,False,True,1
-5.5,50,29.697907,False,False,0
-0.11,11,29.703541,False,True,1
1.66,34,29.727128,False,True,3
-0.23,23,29.743824,False,True,1
-0.12,12,29.752225,False,True,1
9.81,19,29.76361,True,False,5
9.64,36,29.787516,True,False,5
-0.24,24,29.804869,False,True,1
-5.5,50,29.839741,False,False,0
-0.4,40,29.86602,False,True,1
-5.5,50,29.897804,False,False,0
-5.5,50,29.93376,False,False,0
-5.5,50,29.965717,False,False,0
1.64,36,29.989515,False,True,3
-5.5,50,30.024496,False,False,0
1.93,7,30.029981,False,True,3
1.77,23,30.045357,False,True,3
1.86,14,30.056532,False,True,3
1.73,27,30.075953,False,True,3
9.73,27,30.093935,True,False,5
-5.5,50,30.135085,False,False,0
-4.5,50,30.166573,False,False,1
-5.5,50,30.200043,False,False,0
-5.5,50,30.233088,False,False,0
-0.19,19,30.245594,False,True,1
-0.27,27,30.263893,False,True,1
-0.37,37,30.288137,False,True,1
-5.5,50,30.324474,False,False,0
-0.11,11,30.330235,False,True,1
-0.29,29,30.350808,False,True,1
1.67,33,30.372443,False,True,3
-5.5,50,30.406026,False,False,0
-5.5,50,30.440334,False,False,0
-0.38,38,30.464146,False,True,1
-5.5,50,30.49826,False,False,0
-0.32,32,30.520858,False,True,1
-0.02,2,30.52112,False,True,1
-0.36,36,30.545065,False,True,1
-0.24,24,30.560561,False,True,1
-5.5,50,30.595778,False,False,0
-5.5,50,30.6275,False,False,0
-5.5,50,30.66107,False,False,0
-0.07,7,30.665987,False,True,1
-0.02,2,30.666293,False,True,1
-0.13,13,30.674751,False,True,1
1.78,22,30.690922,False,True,3
-0.32,32,30.712347,False,True,1
-5.5,50,30.748584,False,False,0
-0.22,22,30.764512,False,True,1
1.84,16,30.775628,False,True,3
-5.5,50,30.807729,False,False,0
-5.5,50,30.843623,False,False,0
9.74,26,30.860256,True,False,5
-0.16,16,30.870724,False,True,1
-0.37,37,30.897018,False,True,1
-0.09,9,30.902695,False,True,1
-5.5,50,30.936094,False,False,0
-5.5,50,30.969428,False,False,0
1.88,12,30.977599,False,True,3
-0.14,14,30.985999,False,True,1
-0.11,11,30.994517,False,True,1
-5.5,50,31.029389,False,False,0
-0.09,9,31.034769,False,True,1
9.58,42,31.06317,True,False,5
9.8,20,31.076754,True,False,5
-5.5,50,31.110356,False,False,0
1.96,4,31.11322,False,True,3
-0.38,38,31.138347,False,True,1
-0.42,42,31.167277,False,True,1
-0.15,15,31.177645,False,True,1
1.72,28,31.19648,False,True,3
-5.5,50,31.229372,False,False,0
-0.12,12,31.237405,False,True,1
-0.41,41,31.264251,False,True,1
9.81,19,31.27738,True,False,5
-0.27,27,31.297038,False,True,1
-5.5,50,31.331515,False,False,0
-5.5,50,31.368355,False,False,0
-5.5,50,31.400614,False,False,0
-5.5,50,31.436994,False,False,0
-0.23,23,31.452793,False,True,1
-0.19,19,31.463957,False,True,1
1.6,40,31.489875,False,True,3
-0.21,21,31.506655,False,True,1
1.6,40,31.533627,False,True,3
-0.37,37,31.557467,False,True,1
-5.5,50,31.589086,False,False,0
-0.14,14,31.600246,False,True,1
1.65,35,31.624912,False,True,3
1.53,47,31.654571,False,True,3
-0.01,1,31.656806,False,True,1
-0.03,3,31.657313,False,True,1
9.87,13,31.6679,True,False,5
9.53,47,31.698021,True,False,5
1.79,21,31.713982,False,True,3
-0.45,45,31.744828,False,True,1
-0.01,1,31.744964,False,True,1
-0.13,13,31.752946,False,True,1
-5.5,50,31.78706,False,False,0
1.78,22,31.801666,False,True,3
1.62,38,31.828688,False,True,3
1.82,18,31.839754,False,True,3
-0.15,15,31.850159,False,True,1
-0.23,23,31.867131,False,True,1
9.85,15,31.878288,True,False,5
-0.39,39,31.903004,False,True,1
1.81,19,31.916193,False,True,3
-0.17,17,31.927664,False,True,1
-0.05,5,31.932812,False,True,1
-5.5,50,31.965298,False,False,0
-0.18,18,31.978532,False,True,1
-0.29,29,31.998097,False,True,1
-5.5,50,32.030447,False,False,0
-5.5,50,32.064526,False,False,0
-0.28,28,32.083122,False,True,1
1.52,48,32.116662,False,True,3
-0.43,43,32.146228,False,True,1
-0.38,38,32.170396,False,True,1
-0.09,9,32.17569,False,True,1
1.61,39,32.203936,False,True,3
9.61,39,32.230992,True,False,5
-0.47,47,32.262696,False,True,1
1.66,34,32.285104,False,True,3
1.86,14,32.296588,False,True,3
-0.04,4,32.299365,False,True,1
-0.33,33,32.321379,False,True,1
-0.23,23,32.337113,False,True,1
-0.44,44,32.370625,False,True,1
-0.06,6,32.373673,False,True,1
-0.1,10,32.3817,False,True,1
-0.4,40,32.408667,False,True,1
-0.47,47,32.440296,False,True,1
-0.07,7,32.445458,False,True,1
1.72,28,32.463974,False,True,3
9.93,7,32.469483,True,False,5
1.59,41,32.497343,False,True,3
-0.27,27,32.515895,False,True,1
-5.5,50,32.548,False,False,0
-5.5,50,32.582293,False,False,0
1.65,35,32.607786,False,True,3
-5.5,50,32.639833,False,False,0
1.64,36,32.663754,False,True,3
-0.15,15,32.674591,False,True,1
-5.5,50,32.708079,False,False,0
-0.43,43,32.737291,False,True,1
-0.48,48,32.768757,False,True,1
1.87,13,32.777028,False,True,3
-5.5,50,32.812515,False,False,0
-0.16,16,32.823154,False,True,1
-0.43,43,32.851984,False,True,1
-4.5,50,32.884087,False,False,1
-0.18,18,32.897758,False,True,1
-0.3,30,32.917515,False,True,1
-0.11,11,32.925468,False,True,1
1.78,22,32.939513,False,True,3
1.76,24,32.957109,False,True,3
1.89,11,32.964991,False,True,3
-5.5,50,32.999545,False,False,0
1.89,11,33.005061,False,True,3
1.81,19,33.018987,False,True,3
-5.5,50,33.053453,False,False,0
1.88,12,33.061499,False,True,3
-0.04,4,33.064206,False,True,1
-0.41,41,33.091575,False,True,1
1.81,19,33.104822,False,True,3
1.94,6,33.1077,False,True,3
-0.04,4,33.110366,False,True,1
1.85,15,33.121463,False,True,3
1.91,9,33.127874,False,True,3
9.9,10,33.137547,True,False,5
-0.08,8,33.143274,False,True,1
-0.04,4,33.146728,False,True,1
-0.02,2,33.146997,False,True,1
1.93,7,33.153149,False,True,3
-0.06,6,33.156359,False,True,1
-5.5,50,33.19304,False,False,0
-0.47,47,33.224744,False,True,1
1.69,31,33.243488,False,True,3
-0.05,5,33.248321,False,True,1
-0.03,3,33.248834,False,True,1
1.92,8,33.254251,False,True,3
-0.19,19,33.268293,False,True,1
-0.04,4,33.271355,False,True,1
-0.09,9,33.276918,False,True,1
1.71,29,33.299586,False,True,3
-0.4,40,33.32684,False,True,1
-0.05,5,33.329838,False,True,1
-0.03,3,33.332715,False,True,1
9.82,18,33.344741,True,False,5
-5.5,50,33.379045,False,False,0
-0.05,5,33.382082,False,True,1
-0.29,29,33.401789,False,True,1
9.52,48,33.433663,True,False,5
-0.1,10,33.441461,False,True,1
-0.04,4,33.444301,False,True,1
1.86,14,33.452543,False,True,3
1.86,14,33.46378,False,True,3
9.88,12,33.471958,True,False,5
1.92,8,33.477366,False,True,3
-0.11,11,33.483387,False,True,1
1.94,6,33.489002,False,True,3
-0.06,6,33.492075,False,True,1
9.92,8,33.497797,True,False,5
-0.12,12,33.506717,False,True,1
-0.01,1,33.509218,False,True,1
1.93,7,33.51254,False,True,3
1.95,5,33.517661,False,True,3
-0.38,38,33.542827,False,True,1
-5.5,50,33.577241,False,False,0
-5.5,50,33.609421,False,False,0
1.92,8,33.615055,False,True,3
1.76,24,33.63173,False,True,3
1.89,11,33.63986,False,True,3
1.9,10,33.645549,False,True,3
-0.31,31,33.667101,False,True,1
-0.07,7,33.672505,False,True,1
-0.35,35,33.697571,False,True,1
1.57,43,33.724541,False,True,3
1.91,9,33.731968,False,True,3
-5.5,50,33.765543,False,False,0
-0.02,2,33.767879,False,True,1
-0.04,4,33.770602,False,True,1
-0.35,35,33.792314,False,True,1
-0.34,34,33.817643,False,True,1
1.68,32,33.839586,False,True,3
-0.2,20,33.853065,False,True,1
9.92,8,33.858333,True,False,5
-0.03,3,33.861068,False,True,1
-0.09,9,33.866965,False,True,1
-5.5,50,33.901046,False,False,0
9.81,19,33.914425,True,False,5
-0.08,8,33.919822,False,True,1
1.66,34,33.945352,False,True,3
-0.09,9,33.950959,False,True,1
-0.23,23,33.966864,False,True,1
-0.24,24,33.983576,False,True,1
-0.21,21,33.997754,False,True,1
-0.15,15,34.007945,False,True,1
-0.02,2,34.008263,False,True,1
-0.02,2,34.010874,False,True,1
-0.03,3,34.011257,False,True,1
1.8,20,34.025398,False,True,3
-4.5,50,34.060003,False,False,1
-0.14,14,34.068151,False,True,1
-0.1,10,34.076845,False,True,1
-0.17,17,34.088219,False,True,1
9.88,12,34.096507,True,False,5
-0.12,12,34.104873,False,True,1
-0.19,19,34.119289,False,True,1
-0.04,4,34.122193,False,True,1
-0.12,12,34.129764,False,True,1
-0.04,4,34.132539,False,True,1
0.92,8,34.138237,False,True,2
9.92,8,34.144233,True,False,5
1.94,6,34.14743,False,True,3
1.96,4,34.15046,False,True,3
-0.09,9,34.158288,False,True,1
-0.03,3,34.158745,False,True,1
-0.03,3,34.161677,False,True,1
1.94,6,34.167213,False,True,3
-0.03,3,34.167571,False,True,1
1.93,7,34.173419,False,True,3
-0.05,5,34.17641,False,True,1
-0.04,4,34.179318,False,True,1
-0.24,24,34.196263,False,True,1
-0.04,4,34.199049,False,True,1
-0.06,6,34.20474,False,True,1
1.8,20,34.218097,False,True,3
-0.04,4,34.2215,False,True,1
9.92,8,34.227105,True,False,5
-0.03,3,34.229641,False,True,1
1.95,5,34.23268,False,True,3
-0.07,7,34.238293,False,True,1
1.95,5,34.241282,False,True,3
1.96,4,34.244199,False,True,3
9.87,13,34.253239,True,False,5
1.95,5,34.256571,False,True,3
-0.03,3,34.259296,False,True,1
-0.04,4,34.262326,False,True,1
1.93,7,34.267929,False,True,3
-0.03,3,34.271257,False,True,1
9.88,12,34.279854,True,False,5
1.9,10,34.285684,False,True,3
-0.03,3,34.288545,False,True,1
-0.02,2,34.288838,False,True,1
-0.03,3,34.291343,False,True,1
-0.04,4,34.294386,False,True,1
1.83,17,34.306499,False,True,3
1.96,4,34.309384,False,True,3
-0.21,21,34.326346,False,True,1
1.68,32,34.348008,False,True,3
9.92,8,34.353586,True,False,5
-0.11,11,34.359924,False,True,1
1.94,6,34.365762,False,True,3
-0.06,6,34.368955,False,True,1
1.9,10,34.379242,False,True,3
-0.03,3,34.382355,False,True,1
-0.08,8,34.389009,False,True,1
-0.21,21,34.404677,False,True,1
-0.1,10,34.411051,False,True,1
-0.38,38,34.439823,False,True,1
-5.5,50,34.472268,False,False,0
9.83,17,34.485774,True,False,5
-0.04,4,34.488552,False,True,1
-0.39,39,34.514886,False,True,1
1.79,21,34.53053,False,True,3
9.89,11,34.536364,True,False,5
1.78,22,34.553701,False,True,3
-0.11,11,34.561855,False,True,1
-0.16,16,34.5728,False,True,1
1.93,7,34.575904,False,True,3
-0.11,11,34.584427,False,True,1
-0.06,6,34.589865,False,True,1
1.86,14,34.598958,False,True,3
-0.1,10,34.606833,False,True,1
-0.42,42,34.634928,False,True,1
1.93,7,34.640516,False,True,3
-0.06,6,34.643496,False,True,1
-0.06,6,34.648597,False,True,1
1.87,13,34.656913,False,True,3
1.91,9,34.662878,False,True,3
-0.2,20,34.676382,False,True,1
-0.06,6,34.681678,False,True,1
-0.03,3,34.684522,False,True,1
1.94,6,34.687404,False,True,3
-0.05,5,34.690903,False,True,1
1.9,10,34.699596,False,True,3
1.94,6,34.702867,False,True,3
-0.03,3,34.705585,False,True,1
1.6,40,34.733829,False,True,3
-0.29,29,34.752661,False,True,1
1.92,8,34.758181,False,True,3
-0.19,19,34.772474,False,True,1
-0.03,3,34.775024,False,True,1
-0.17,17,34.785639,False,True,1
-0.03,3,34.788415,False,True,1
-0.3,30,34.808559,False,True,1
-5.5,50,34.842589,False,False,0
-0.44,44,34.871397,False,True,1
1.82,18,34.882951,False,True,3
-5.5,50,34.917461,False,False,0
1.9,10,34.922986,False,True,3
-5.5,50,34.957388,False,False,0
-0.14,14,34.965874,False,True,1
9.65,35,34.990027,True,False,5
1.84,16,35.000742,False,True,3
1.71,29,35.019266,False,True,3
9.88,12,35.027523,True,False,5
-5.5,50,35.062775,False,False,0
1.78,22,35.076074,False,True,3
-0.15,15,35.086849,False,True,1
-0.03,3,35.08943,False,True,1
1.88,12,35.097803,False,True,3
-0.08,8,35.103891,False,True,1
-0.08,8,35.109948,False,True,1
-0.03,3,35.113011,False,True,1
-0.08,8,35.119343,False,True,1
-0.25,25,35.138235,False,True,1
-0.03,3,35.141296,False,True,1
1.91,9,35.147858,False,True,3
-0.17,17,35.162001,False,True,1
-0.06,6,35.168335,False,True,1
-0.02,2,35.168602,False,True,1
9.83,17,35.180248,True,False,5
-0.24,24,35.197752,False,True,1
-0.28,28,35.216739,False,True,1
-0.09,9,35.224429,False,True,1
-0.05,5,35.227288,False,True,1
9.88,12,35.235845,True,False,5
9.91,9,35.2415,True,False,5
-0.07,7,35.246767,False,True,1
-0.04,4,35.24967,False,True,1
9.94,6,35.252844,True,False,5
-0.03,3,35.255762,False,True,1
-0.07,7,35.261408,False,True,1
9.93,7,35.266702,True,False,5
-0.07,7,35.269859,False,True,1
1.9,10,35.278413,False,True,3
-0.19,19,35.292036,False,True,1
1.92,8,35.29765,False,True,3
1.96,4,35.300679,False,True,3
-0.03,3,35.301119,False,True,1
-0.08,8,35.307335,False,True,1
-0.04,4,35.31023,False,True,1
9.88,12,35.31889,True,False,5
-0.07,7,35.32489,False,True,1
1.95,5,35.328026,False,True,3
1.79,21,35.345139,False,True,3
-0.39,39,35.37,False,True,1
1.78,22,35.385481,False,True,3
-0.05,5,35.38824,False,True,1
-0.08,8,35.393641,False,True,1
-0.03,3,35.396287,False,True,1
1.94,6,35.399579,False,True,3
1.93,7,35.405392,False,True,3
1.94,6,35.410981,False,True,3
-0.05,5,35.414502,False,True,1
-0.03,3,35.417367,False,True,1
1.92,8,35.423404,False,True,3
-0.28,28,35.443862,False,True,1
-0.27,27,35.460527,False,True,1
1.84,16,35.471336,False,True,3
1.93,7,35.476797,False,True,3
-0.04,4,35.479647,False,True,1
-0.04,4,35.48239,False,True,1
-0.03,3,35.48545,False,True,1
-0.03,3,35.488027,False,True,1
-0.04,4,35.490985,False,True,1
9.74,26,35.509338,True,False,5
-0.23,23,35.526296,False,True,1
1.83,17,35.537331,False,True,3
-0.03,3,35.540069,False,True,1
9.91,9,35.545873,True,False,5
-0.08,8,35.551602,False,True,1
-0.07,7,35.557096,False,True,1
-0.03,3,35.55977,False,True,1
-0.08,8,35.565179,False,True,1
-0.05,5,35.568268,False,True,1
-0.05,5,35.571485,False,True,1
-0.07,7,35.577111,False,True,1
-0.06,6,35.580393,False,True,1
-0.32,32,35.602262,False,True,1
1.91,9,35.610202,False,True,3
-0.29,29,35.630019,False,True,1
1.85,15,35.640916,False,True,3
-0.14,14,35.649296,False,True,1
-0.11,11,35.657329,False,True,1
-0.21,21,35.671694,False,True,1
-0.04,4,35.674602,False,True,1
-0.11,11,35.682727,False,True,1
-0.01,1,35.682849,False,True,1
-0.06,6,35.688024,False,True,1
-0.06,6,35.691165,False,True,1
1.97,3,35.693881,False,True,3
1.92,8,35.699515,False,True,3
-0.23,23,35.71698,False,True,1
-0.05,5,35.720223,False,True,1
-0.12,12,35.728231,False,True,1
1.92,8,35.733537,False,True,3
-0.02,2,35.733915,False,True,1
-0.06,6,35.739098,False,True,1
-0.05,5,35.74209,False,True,1
-0.03,3,35.746703,False,True,1
1.93,7,35.763002,False,True,3
-0.04,4,35.766422,False,True,1
-0.05,5,35.770739,False,True,1
-0.04,4,35.774279,False,True,1
-0.01,1,35.774536,False,True,1
-0.09,9,35.780385,False,True,1
-0.18,18,35.794677,False,True,1
9.9,10,35.8004,True,False,5
1.93,7,35.805682,False,True,3
1.94,6,35.811644,False,True,3
-0.05,5,35.814924,False,True,1
9.88,12,35.823962,True,False,5
1.87,13,35.832635,False,True,3
1.5,50,35.8682,False,True,3
-0.29,29,35.887367,False,True,1
-0.29,29,35.906026,False,True,1
9.81,19,35.919628,True,False,5
-0.04,4,35.92251,False,True,1
-0.06,6,35.925622,False,True,1
9.91,9,35.933517,True,False,5
1.88,12,35.942205,False,True,3
1.94,6,35.945404,False,True,3
9.93,7,35.950973,True,False,5
9.92,8,35.956783,True,False,5
1.89,11,35.965232,False,True,3
-0.05,5,35.968318,False,True,1
9.92,8,35.974284,True,False,5
1.9,10,35.979992,False,True,3
1.9,10,35.988247,False,True,3
-0.05,5,35.991202,False,True,1
-0.11,11,35.999424,False,True,1
-0.35,35,36.023182,False,True,1
1.87,13,36.03195,False,True,3
1.85,15,36.042955,False,True,3
-0.16,16,36.053955,False,True,1
9.91,9,36.059416,True,False,5
-0.03,3,36.062263,False,True,1
1.94,6,36.065136,False,True,3
1.79,21,36.079809,False,True,3
-0.04,4,36.082652,False,True,1
-0.06,6,36.087994,False,True,1
-0.11,11,36.096863,False,True,1
-0.04,4,36.099722,False,True,1
-0.09,9,36.105244,False,True,1
-0.05,5,36.108265,False,True,1
-0.05,5,36.11101,False,True,1
-0.05,5,36.116109,False,True,1
-0.05,5,36.119534,False,True,1
1.94,6,36.12279,False,True,3
-0.07,7,36.12891,False,True,1
-0.03,3,36.131752,False,True,1
1.92,8,36.138303,False,True,3
-0.03,3,36.141111,False,True,1
-0.04,4,36.144002,False,True,1
1.93,7,36.147316,False,True,3
-0.04,4,36.149949,False,True,1
1.91,9,36.158588,False,True,3
1.94,6,36.162232,False,True,3
1.91,9,36.168184,False,True,3
1.92,8,36.173938,False,True,3
-0.04,4,36.176952,False,True,1
-0.03,3,36.179898,False,True,1
-0.05,5,36.183747,False,True,1
1.94,6,36.189572,False,True,3
-0.09,9,36.195404,False,True,1
1.91,9,36.202075,False,True,3
-0.05,5,36.207552,False,True,1
1.94,6,36.210726,False,True,3
1.8,20,36.225374,False,True,3
2.92,8,36.231355,False,True,4
-0.14,14,36.24276,False,True,1
1.81,19,36.253879,False,True,3
1.93,7,36.25944,False,True,3
9.92,8,36.265299,True,False,5
1.94,6,36.271071,False,True,3
9.92,8,36.276757,True,False,5
0.92,8,36.282134,False,True,2
-0.04,4,36.285285,False,True,1
1.91,9,36.291287,False,True,3
-0.19,19,36.30473,False,True,1
-0.13,13,36.313089,False,True,1
1.82,18,36.324364,False,True,3
1.92,8,36.329937,False,True,3
1.92,8,36.335368,False,True,3
9.9,10,36.344194,True,False,5
-0.05,5,36.347281,False,True,1
-0.05,5,36.350223,False,True,1
-0.06,6,36.355832,False,True,1
1.86,14,36.364379,False,True,3
-0.49,49,36.399535,False,True,1
-0.3,30,36.418669,False,True,1
1.91,9,36.424013,False,True,3
-0.02,2,36.426534,False,True,1
1.96,4,36.42927,False,True,3
1.85,15,36.441087,False,True,3
-0.03,3,36.441534,False,True,1
-0.03,3,36.444397,False,True,1
-0.11,11,36.452945,False,True,1
-0.05,5,36.456071,False,True,1
1.94,6,36.46157,False,True,3
1.91,9,36.46741,False,True,3
-0.06,6,36.470833,False,True,1
-0.09,9,36.479181,False,True,1
-0.04,4,36.482147,False,True,1
-0.04,4,36.48517,False,True,1
-0.06,6,36.488111,False,True,1
-0.06,6,36.493876,False,True,1
1.91,9,36.499299,False,True,3
9.88,12,36.507671,True,False,5
1.93,7,36.513407,False,True,3
9.9,10,36.519307,True,False,5
-0.46,46,36.550654,False,True,1
9.92,8,36.55609,True,False,5
-0.04,4,36.558942,False,True,1
1.9,10,36.565127,False,True,3
1.91,9,36.571043,False,True,3
-0.08,8,36.576878,False,True,1
-0.14,14,36.587937,False,True,1
9.88,12,36.596376,True,False,5
-0.23,23,36.612396,False,True,1
1.92,8,36.618125,False,True,3
-0.03,3,36.618549,False,True,1
1.94,6,36.624603,False,True,3
-0.28,28,36.643751,False,True,1
1.85,15,36.655261,False,True,3
1.89,11,36.66126,False,True,3
-0.05,5,36.666514,False,True,1
1.86,14,36.675162,False,True,3
1.94,6,36.680482,False,True,3
-0.04,4,36.683431,False,True,1
-0.09,9,36.689807,False,True,1
1.9,10,36.695849,False,True,3
-0.15,15,36.707528,False,True,1
1.89,11,36.715954,False,True,3
-0.05,5,36.71881,False,True,1
1.94,6,36.724398,False,True,3
-0.06,6,36.727461,False,True,1
9.92,8,36.733067,True,False,5
1.92,8,36.739096,False,True,3
-0.15,15,36.750299,False,True,1
1.9,10,36.756229,False,True,3
9.78,22,36.773501,True,False,5
-0.25,25,36.789911,False,True,1
1.94,6,36.794936,False,True,3
-0.04,4,36.79773,False,True,1
-0.03,3,36.798148,False,True,1
1.93,7,36.803708,False,True,3
-0.06,6,36.809186,False,True,1
-0.05,5,36.812277,False,True,1
-0.03,3,36.815051,False,True,1
1.93,7,36.818398,False,True,3
-0.14,14,36.829971,False,True,1
1.94,6,36.833225,False,True,3
9.85,15,36.844706,True,False,5
1.86,14,36.855622,False,True,3
9.78,22,36.86933,True,False,5
-0.26,26,36.8892,False,True,1
1.69,31,36.908502,False,True,3
-0.06,6,36.913701,False,True,1
9.92,8,36.919012,True,False,5
-0.05,5,36.921872,False,True,1
-0.26,26,36.941768,False,True,1
-0.21,21,36.955064,False,True,1
-0.09,9,36.960456,False,True,1
9.91,9,36.966384,True,False,5
-0.09,9,36.974844,False,True,1
-0.06,6,36.978164,False,True,1
1.77,23,36.994502,False,True,3
-0.05,5,36.997512,False,True,1
-0.03,3,36.999993,False,True,1
1.95,5,37.00295,False,True,3
1.93,7,37.008855,False,True,3
-0.03,3,37.011807,False,True,1
1.93,7,37.014945,False,True,3
-0.05,5,37.020241,False,True,1
-0.05,5,37.023562,False,True,1
1.94,6,37.026784,False,True,3
1.89,11,37.035133,False,True,3
-0.22,22,37.051843,False,True,1
1.94,6,37.05495,False,True,3
-0.04,4,37.058,False,True,1
1.91,9,37.063806,False,True,3
-0.03,3,37.066537,False,True,1
9.79,21,37.080747,True,False,5
9.65,35,37.106023,True,False,5
-0.08,8,37.11157,False,True,1
9.76,24,37.127825,True,False,5
-0.04,4,37.130568,False,True,1
9.88,12,37.139007,True,False,5
-0.16,16,37.150602,False,True,1
9.92,8,37.156026,True,False,5
1.84,16,37.166475,False,True,3
-0.04,4,37.169232,False,True,1
1.94,6,37.174592,False,True,3
9.9,10,37.180883,True,False,5
-0.08,8,37.186404,False,True,1
-0.04,4,37.189498,False,True,1
1.72,28,37.209478,False,True,3
1.94,6,37.21486,False,True,3
-3.5,50,37.24758,False,False,2
-5.5,50,37.283338,False,False,0
1.86,14,37.291607,False,True,3
-0.04,4,37.29436,False,True,1
1.94,6,37.299725,False,True,3
-5.5,50,37.332796,False,False,0
-0.43,43,37.362945,False,True,1
-0.37,37,37.387023,False,True,1
-5.5,50,37.421085,False,False,0
-0.4,40,37.449475,False,True,1
-0.14,14,37.458953,False,True,1
1.86,14,37.470305,False,True,3
9.82,18,37.48212,True,False,5
9.82,18,37.496836,True,False,5
1.71,29,37.515831,False,True,3
1.86,14,37.523966,False,True,3
1.75,25,37.543003,False,True,3
-0.18,18,37.554566,False,True,1
1.87,13,37.563796,False,True,3
9.87,13,37.574683,True,False,5
-5.5,50,37.607264,False,False,0
1.84,16,37.618941,False,True,3
1.88,12,37.627001,False,True,3
-0.2,20,37.640971,False,True,1
-0.17,17,37.651779,False,True,1
1.77,23,37.668878,False,True,3
9.73,27,37.694872,True,False,5
-0.15,15,37.708826,False,True,1
1.8,20,37.726057,False,True,3
-0.37,37,37.762208,False,True,1
1.75,25,37.779464,False,True,3
-0.08,8,37.785095,False,True,1
-0.13,13,37.793383,False,True,1
1.82,18,37.807982,False,True,3
1.9,10,37.814041,False,True,3
9.91,9,37.82238,True,False,5
1.94,6,37.825531,False,True,3
-0.01,1,37.825772,False,True,1
1.76,24,37.842919,False,True,3
-0.14,14,37.854225,False,True,1
-0.05,5,37.857077,False,True,1
-0.04,4,37.859842,False,True,1
-0.08,8,37.865292,False,True,1
1.81,19,37.879414,False,True,3
-0.27,27,37.898215,False,True,1
1.67,33,37.921148,False,True,3
9.89,11,37.928972,True,False,5
1.92,8,37.934199,False,True,3
1.92,8,37.939653,False,True,3
1.84,16,37.951442,False,True,3
-0.19,19,37.963144,False,True,1
1.89,11,37.971373,False,True,3
-0.1,10,37.979179,False,True,1
1.89,11,37.984896,False,True,3
-0.03,3,37.987584,False,True,1
1.75,25,38.00482,False,True,3
1.75,25,38.023447,False,True,3
-0.42,42,38.052609,False,True,1
1.77,23,38.06874,False,True,3
-4.5,50,38.101017,False,False,1
-0.07,7,38.106259,False,True,1
-0.02,2,38.108899,False,True,1
1.82,18,38.120769,False,True,3
9.8,20,38.134582,True,False,5
1.81,19,38.14787,False,True,3
9.76,24,38.165406,True,False,5
-0.23,23,38.181541,False,True,1
-3.5,50,38.213712,False,False,2
1.84,16,38.223837,False,True,3
-0.46,46,38.257008,False,True,1
-0.12,12,38.264942,False,True,1
1.74,26,38.281622,False,True,3
-0.11,11,38.289565,False,True,1
-0.26,26,38.307322,False,True,1
-0.13,13,38.31794,False,True,1
1.7,30,38.336931,False,True,3
1.82,18,38.350133,False,True,3
-0.27,27,38.369825,False,True,1
1.76,24,38.387118,False,True,3
-0.03,3,38.389815,False,True,1
-0.37,37,38.414641,False,True,1
9.91,9,38.423636,True,False,5
1.79,21,38.440656,False,True,3
1.91,9,38.447085,False,True,3
1.84,16,38.459437,False,True,3
1.74,26,38.54581,False,True,3
1.93,7,38.549249,False,True,3
1.66,34,38.576089,False,True,3
-0.38,38,38.602158,False,True,1
-0.05,5,38.607442,False,True,1
-0.37,37,38.635286,False,True,1
1.6,40,38.664387,False,True,3
1.74,26,38.680988,False,True,3
-0.36,36,38.707751,False,True,1
-0.08,8,38.715063,False,True,1
-5.5,50,38.752081,False,False,0
1.9,10,38.757764,False,True,3
-0.25,25,38.77812,False,True,1
9.69,31,38.798695,True,False,5
9.82,18,38.812942,True,False,5
1.67,33,38.835818,False,True,3
-5.5,50,38.872863,False,False,0
9.86,14,38.881375,True,False,5
-0.34,34,38.905293,False,True,1
-0.37,37,38.929083,False,True,1
-0.13,13,38.937796,False,True,1
1.8,20,38.951878,False,True,3
1.84,16,38.963114,False,True,3
9.81,19,38.97613,True,False,5
1.8,20,38.993406,False,True,3
-5.5,50,39.027093,False,False,0
-0.37,37,39.054305,False,True,1
9.55,45,39.084374,True,False,5
-0.29,29,39.105035,False,True,1
-0.05,5,39.108018,False,True,1
-0.21,21,39.123917,False,True,1
-0.25,25,39.141512,False,True,1
-5.5,50,39.176409,False,False,0
-0.06,6,39.181872,False,True,1
1.9,10,39.187472,False,True,3
1.94,6,39.192728,False,True,3
-0.05,5,39.195688,False,True,1
1.85,15,39.207793,False,True,3
-5.5,50,39.24367,False,False,0
-0.22,22,39.260076,False,True,1
1.93,7,39.265533,False,True,3
-0.17,17,39.277339,False,True,1
9.75,25,39.293805,True,False,5
1.93,7,39.299147,False,True,3
1.91,9,39.305081,False,True,3
-0.04,4,39.308195,False,True,1
1.94,6,39.314122,False,True,3
1.94,6,39.317236,False,True,3
-0.25,25,39.33463,False,True,1
-0.16,16,39.34564,False,True,1
1.89,11,39.353701,False,True,3
1.73,27,39.37328,False,True,3
-0.19,19,39.390616,False,True,1
-0.07,7,39.393456,False,True,1
1.88,12,39.401818,False,True,3
1.62,38,39.430293,False,True,3
-0.07,7,39.435892,False,True,1
-0.05,5,39.439394,False,True,1
1.89,11,39.44829,False,True,3
1.89,11,39.455201,False,True,3
1.68,32,39.480206,False,True,3
1.89,11,39.48846,False,True,3
-0.39,39,39.514973,False,True,1
-0.02,2,39.515246,False,True,1
-5.5,50,39.550548,False,False,0
1.87,13,39.55919,False,True,3
1.59,41,39.586926,False,True,3
-0.2,20,39.600815,False,True,1
1.59,41,39.634317,False,True,3
9.8,20,39.648,True,False,5
-0.48,48,39.681894,False,True,1
9.5,50,39.714472,True,False,5
9.74,26,39.734509,True,False,5
1.93,7,39.737993,False,True,3
9.73,27,39.761482,True,False,5
1.75,25,39.779005,False,True,3
1.81,19,39.793065,False,True,3
1.72,28,39.813373,False,True,3
9.71,29,39.83198,True,False,5
-0.33,33,39.856352,False,True,1
-0.01,1,39.856649,False,True,1
1.8,20,39.872843,False,True,3
-0.06,6,39.8766,False,True,1
1.89,11,39.884971,False,True,3
9.62,38,39.912712,True,False,5
1.9,10,39.918673,False,True,3
9.92,8,39.924586,True,False,5
1.63,37,39.948111,False,True,3
1.84,16,39.959396,False,True,3
1.96,4,39.962398,False,True,3
1.72,28,39.981677,False,True,3
1.7,30,40.003918,False,True,3
-0.1,10,40.009517,False,True,1
9.92,8,40.015466,True,False,5
9.9,10,40.023871,True,False,5
1.68,32,40.045594,False,True,3
-0.05,5,40.048586,False,True,1
1.88,12,40.056922,False,True,3
1.93,7,40.062405,False,True,3
-0.26,26,40.078889,False,True,1
-0.18,18,40.09421,False,True,1
-0.16,16,40.105963,False,True,1
1.59,41,40.132969,False,True,3
-0.09,9,40.138387,False,True,1
-0.43,43,40.169365,False,True,1
9.89,11,40.177127,True,False,5
9.53,47,40.211434,True,False,5
-0.35,35,40.232772,False,True,1
9.88,12,40.241358,True,False,5
-0.35,35,40.267616,False,True,1
9.76,24,40.284154,True,False,5
-0.16,16,40.295407,False,True,1
9.75,25,40.312561,True,False,5
9.81,19,40.32601,True,False,5
1.84,16,40.336677,False,True,3
1.73,27,40.355467,False,True,3
1.72,28,40.375638,False,True,3
-0.05,5,40.378563,False,True,1
1.92,8,40.386507,False,True,3
-0.2,20,40.401601,False,True,1
1.87,13,40.412023,False,True,3
-0.02,2,40.414802,False,True,1
1.82,18,40.426807,False,True,3
-2.5,50,40.463819,False,False,3
-5.5,50,40.501113,False,False,0
-0.28,28,40.520314,False,True,1
1.75,25,40.540937,False,True,3
-0.27,27,40.557489,False,True,1
-0.2,20,40.572399,False,True,1
-0.41,41,40.602921,False,True,1
1.94,6,40.606046,False,True,3
-0.08,8,40.611349,False,True,1
-0.31,31,40.633548,False,True,1
0.92,8,40.639475,False,True,2
1.79,21,40.653367,False,True,3
1.89,11,40.663348,False,True,3
1.75,25,40.68196,False,True,3
-0.05,5,40.684808,False,True,1
-0.04,4,40.687814,False,True,1
-0.37,37,40.714602,False,True,1
-0.35,35,40.738062,False,True,1
1.65,35,40.762286,False,True,3
1.61,39,40.789171,False,True,3
1.68,32,40.813142,False,True,3
9.89,11,40.823101,True,False,5
1.79,21,40.837778,False,True,3
-5.5,50,40.870899,False,False,0
9.64,36,40.894557,True,False,5
9.9,10,40.902641,True,False,5
9.74,26,40.920741,True,False,5
-0.03,3,40.924467,False,True,1
1.91,9,40.931261,False,True,3
-0.08,8,40.936885,False,True,1
-0.48,48,40.971014,False,True,1
-5.5,50,41.00683,False,False,0
1.55,45,41.036417,False,True,3
1.74,26,41.056098,False,True,3
1.76,24,41.07246,False,True,3
1.75,25,41.0885,False,True,3
1.7,30,41.107229,False,True,3
-0.41,41,41.139322,False,True,1
1.55,45,41.169877,False,True,3
-0.06,6,41.172944,False,True,1
1.94,6,41.17811,False,True,3
1.83,17,41.189915,False,True,3
-0.05,5,41.192971,False,True,1
-0.1,10,41.201047,False,True,1
9.69,31,41.222384,True,False,5
2.88,12,41.230937,False,True,4
-0.06,6,41.234524,False,True,1
9.82,18,41.248545,True,False,5
-0.31,31,41.26784,False,True,1
-0.24,24,41.284944,False,True,1
-0.46,46,41.320693,False,True,1
-0.45,45,41.350617,False,True,1
9.84,16,41.361398,True,False,5
-0.26,26,41.381519,False,True,1
-0.11,11,41.387299,False,True,1
9.84,16,41.398574,True,False,5
1.97,3,41.40131,False,True,3
-0.03,3,41.404013,False,True,1
-0.33,33,41.426707,False,True,1
-0.33,33,41.45214,False,True,1
-0.39,39,41.47917,False,True,1
1.91,9,41.484924,False,True,3
-0.09,9,41.493257,False,True,1
1.56,44,41.523883,False,True,3
1.69,31,41.544824,False,True,3
-0.2,20,41.559582,False,True,1
-0.5,50,41.594286,False,True,1
1.7,30,41.613504,False,True,3
1.86,14,41.623595,False,True,3
1.83,17,41.635073,False,True,3
-0.09,9,41.641093,False,True,1
9.65,35,41.665753,True,False,5
9.83,17,41.676967,True,False,5
-0.37,37,41.705714,False,True,1
9.8,20,41.719483,True,False,5
-0.06,6,41.722531,False,True,1
-0.17,17,41.733571,False,True,1
-0.16,16,41.74941,False,True,1
-0.44,44,41.788453,False,True,1
1.85,15,41.801466,False,True,3
-0.33,33,41.823865,False,True,1
-0.32,32,41.847124,False,True,1
1.87,13,41.858105,False,True,3
1.94,6,41.861273,False,True,3
1.8,20,41.874811,False,True,3
-0.11,11,41.883817,False,True,1
9.8,20,41.898491,True,False,5
-5.5,50,41.931671,False,False,0
-0.12,12,41.940011,False,True,1
-0.09,9,41.947888,False,True,1
1.87,13,41.957022,False,True,3
-0.26,26,41.973384,False,True,1
9.92,8,41.979045,True,False,5
1.88,12,41.988092,False,True,3
9.89,11,41.996446,True,False,5
-0.41,41,42.024139,False,True,1
-0.1,10,42.031996,False,True,1
-0.35,35,42.059978,False,True,1
1.9,10,42.06586,False,True,3
1.69,31,42.088119,False,True,3
1.87,13,42.096364,False,True,3
-0.2,20,42.111036,False,True,1
1.8,20,42.12528,False,True,3
1.6,40,42.152315,False,True,3
9.91,9,42.158285,True,False,5
1.83,17,42.173504,False,True,3
-0.19,19,42.18547,False,True,1
1.86,14,42.196588,False,True,3
1.83,17,42.207482,False,True,3
1.92,8,42.213451,False,True,3
1.89,11,42.222284,False,True,3
9.77,23,42.239112,True,False,5
-0.16,16,42.249967,False,True,1
-0.1,10,42.255754,False,True,1
-0.04,4,42.258774,False,True,1
-0.2,20,42.272913,False,True,1
1.92,8,42.278354,False,True,3
1.76,24,42.296387,False,True,3
1.84,16,42.309195,False,True,3
-0.25,25,42.326809,False,True,1
-0.04,4,42.329563,False,True,1
-0.37,37,42.357688,False,True,1
1.83,17,42.368833,False,True,3
-0.19,19,42.38194,False,True,1
9.89,11,42.387508,True,False,5
-5.5,50,42.423958,False,False,0
1.51,49,42.458216,False,True,3
2.79,21,42.471736,False,True,4
-0.24,24,42.488102,False,True,1
-0.15,15,42.49951,False,True,1
1.93,7,42.505105,False,True,3
-0.03,3,42.507844,False,True,1
-0.15,15,42.517287,False,True,1
1.86,14,42.53169,False,True,3
9.85,15,42.543916,True,False,5
1.53,47,42.574892,False,True,3
-0.33,33,42.599206,False,True,1
1.78,22,42.614063,False,True,3
-0.04,4,42.616977,False,True,1
-0.28,28,42.635933,False,True,1
1.84,16,42.646605,False,True,3
-0.04,4,42.649376,False,True,1
9.92,8,42.655144,True,False,5
1.93,7,42.660798,False,True,3
-0.11,11,42.669171,False,True,1
-0.19,19,42.681185,False,True,1
1.94,6,42.686867,False,True,3
1.94,6,42.689931,False,True,3
-0.19,19,42.703136,False,True,1
9.85,15,42.715333,True,False,5
1.78,22,42.731578,False,True,3
1.91,9,42.739508,False,True,3
-0.28,28,42.75883,False,True,1
1.93,7,42.762048,False,True,3
-0.08,8,42.767973,False,True,1
-0.32,32,42.790428,False,True,1
1.85,15,42.801541,False,True,3
1.94,6,42.807087,False,True,3
-0.06,6,42.810469,False,True,1
1.91,9,42.816648,False,True,3
1.89,11,42.824705,False,True,3
1.8,20,42.839499,False,True,3
-0.13,13,42.848088,False,True,1
-0.34,34,42.872373,False,True,1
-0.31,31,42.893744,False,True,1
1.94,6,42.896808,False,True,3
-0.13,13,42.905915,False,True,1
-0.17,17,42.919637,False,True,1
-0.05,5,42.923176,False,True,1
9.75,25,42.941635,True,False,5
1.91,9,42.947699,False,True,3
1.92,8,42.953521,False,True,3
-0.03,3,42.956227,False,True,1
1.84,16,42.967282,False,True,3
1.93,7,42.973285,False,True,3
9.83,17,42.984879,True,False,5
1.88,12,42.993204,False,True,3
-0.28,28,43.012716,False,True,1
1.84,16,43.023576,False,True,3
1.94,6,43.028849,False,True,3
-0.03,3,43.029197,False,True,1
1.94,6,43.034723,False,True,3
1.89,11,43.044148,False,True,3
-0.05,5,43.047012,False,True,1
9.92,8,43.052738,True,False,5
-0.17,17,43.064634,False,True,1
-0.45,45,43.095631,False,True,1
1.81,19,43.109177,False,True,3
9.89,11,43.117002,True,False,5
-0.2,20,43.131209,False,True,1
-0.16,16,43.14258,False,True,1
-0.25,25,43.158858,False,True,1
9.85,15,43.169482,True,False,5
-0.07,7,43.176554,False,True,1
-0.22,22,43.191841,False,True,1
-0.33,33,43.21484,False,True,1
-0.1,10,43.223009,False,True,1
-0.34,34,43.245855,False,True,1
9.8,20,43.258803,True,False,5
1.84,16,43.269486,False,True,3
-0.01,1,43.271786,False,True,1
1.67,33,43.296579,False,True,3
-0.23,23,43.313711,False,True,1
-0.11,11,43.319367,False,True,1
-0.26,26,43.337742,False,True,1
1.91,9,43.343378,False,True,3
-0.18,18,43.356908,False,True,1
0.78,22,43.371109,False,True,2
-0.32,32,43.393344,False,True,1
1.78,22,43.410996,False,True,3
1.78,22,43.425521,False,True,3
-0.22,22,43.441788,False,True,1
1.91,9,43.44732,False,True,3
1.93,7,43.453005,False,True,3
9.92,8,43.459225,True,False,5
9.86,14,43.468529,True,False,5
1.87,13,43.477324,False,True,3
-0.08,8,43.482936,False,True,1
-0.15,15,43.495653,False,True,1
9.89,11,43.504212,True,False,5
-0.13,13,43.512874,False,True,1
9.9,10,43.521702,True,False,5
-0.16,16,43.533887,False,True,1
9.88,12,43.543051,True,False,5
1.93,7,43.547022,False,True,3
9.92,8,43.553776,True,False,5
-0.05,5,43.561011,False,True,1
1.87,13,43.570754,False,True,3
1.93,7,43.576406,False,True,3
-0.12,12,43.585412,False,True,1
9.92,8,43.591455,True,False,5
-0.04,4,43.594497,False,True,1
1.87,13,43.603388,False,True,3
-0.18,18,43.615149,False,True,1
9.91,9,43.623182,True,False,5
-0.05,5,43.626805,False,True,1
1.9,10,43.633435,False,True,3
-0.19,19,43.648966,False,True,1
-0.07,7,43.654847,False,True,1
1.93,7,43.660387,False,True,3
-0.13,13,43.668626,False,True,1
1.81,19,43.68293,False,True,3
1.88,12,43.691628,False,True,3
-0.07,7,43.694929,False,True,1
1.82,18,43.708409,False,True,3
1.85,15,43.720131,False,True,3
9.75,25,43.737624,True,False,5
-0.08,8,43.743391,False,True,1
9.83,17,43.754586,True,False,5
0.96,4,43.757443,False,True,2
1.93,7,43.763082,False,True,3
-0.17,17,43.774873,False,True,1
1.92,8,43.780453,False,True,3
1.88,12,43.788923,False,True,3
9.77,23,43.805995,True,False,5
-0.19,19,43.819805,False,True,1
9.91,9,43.825489,True,False,5
1.92,8,43.831104,False,True,3
-0.16,16,43.8429,False,True,1
1.92,8,43.848767,False,True,3
1.77,23,43.864907,False,True,3
1.87,13,43.874154,False,True,3
-0.05,5,43.877564,False,True,1
1.73,27,43.896501,False,True,3
-0.04,4,43.899495,False,True,1
-0.37,37,43.924403,False,True,1
-0.32,32,43.946024,False,True,1
9.89,11,43.953875,True,False,5
1.84,16,43.964263,False,True,3
1.83,17,43.975837,False,True,3
9.83,17,43.986953,True,False,5
1.85,15,43.997707,False,True,3
9.68,32,44.020062,True,False,5
9.9,10,44.028668,True,False,5
1.94,6,44.032008,False,True,3
-0.22,22,44.048333,False,True,1
1.88,12,44.056638,False,True,3
1.75,25,44.074067,False,True,3
1.66,34,44.096364,False,True,3
1.86,14,44.107016,False,True,3
-0.07,7,44.112076,False,True,1
1.94,6,44.115157,False,True,3
-0.19,19,44.129529,False,True,1
9.9,10,44.135156,True,False,5
9.86,14,44.147252,True,False,5
1.93,7,44.153694,False,True,3
9.92,8,44.160233,True,False,5
-0.14,14,44.168903,False,True,1
1.93,7,44.174531,False,True,3
1.88,12,44.183213,False,True,3
-0.17,17,44.19478,False,True,1
1.86,14,44.205323,False,True,3
-0.08,8,44.210905,False,True,1
-0.06,6,44.214033,False,True,1
1.9,10,44.222817,False,True,3
-0.05,5,44.226064,False,True,1
9.88,12,44.234515,True,False,5
9.9,10,44.240359,True,False,5
-0.07,7,44.246386,False,True,1
9.88,12,44.254883,True,False,5
-0.17,17,44.2659,False,True,1
1.93,7,44.271627,False,True,3
1.84,16,44.28321,False,True,3
-0.13,13,44.29156,False,True,1
9.91,9,44.299474,True,False,5
9.91,9,44.305259,True,False,5
-0.05,5,44.308234,False,True,1
-0.2,20,44.322147,False,True,1
1.93,7,44.327422,False,True,3
1.88,12,44.33539,False,True,3
1.67,33,44.357965,False,True,3
-0.01,1,44.358101,False,True,1
-0.06,6,44.363265,False,True,1
-0.05,5,44.366373,False,True,1
9.86,14,44.378302,True,False,5
-0.46,46,44.413632,False,True,1
1.91,9,44.419575,False,True,3
1.92,8,44.425182,False,True,3
1.87,13,44.436544,False,True,3
9.68,32,44.458271,True,False,5
-0.31,31,44.477949,False,True,1
1.88,12,44.48648,False,True,3
1.94,6,44.492261,False,True,3
-0.04,4,44.495428,False,True,1
1.76,24,44.511496,False,True,3
1.91,9,44.517139,False,True,3
1.68,32,44.539693,False,True,3
9.71,29,44.561372,True,False,5
1.92,8,44.567294,False,True,3
1.8,20,44.582505,False,True,3
1.89,11,44.590886,False,True,3
-0.18,18,44.604487,False,True,1
9.67,33,44.626292,True,False,5
1.93,7,44.631679,False,True,3
-0.23,23,44.646684,False,True,1
-0.18,18,44.660482,False,True,1
-0.2,20,44.673681,False,True,1
9.76,24,44.691138,True,False,5
-0.05,5,44.694321,False,True,1
-0.04,4,44.697216,False,True,1
-0.2,20,44.710518,False,True,1
9.9,10,44.71871,True,False,5
-0.14,14,44.727592,False,True,1
-0.16,16,44.738758,False,True,1
1.92,8,44.74404,False,True,3
-0.11,11,44.753155,False,True,1
-0.11,11,44.76141,False,True,1
-0.11,11,44.767259,False,True,1
-0.15,15,44.78007,False,True,1
9.76,24,44.798965,True,False,5
1.84,16,44.809809,False,True,3
1.65,35,44.833548,False,True,3
1.86,14,44.841976,False,True,3
-0.05,5,44.847098,False,True,1
-0.01,1,44.847212,False,True,1
9.7,30,44.866788,True,False,5
1.87,13,44.877557,False,True,3
1.74,26,44.894672,False,True,3
-0.15,15,44.905243,False,True,1
9.85,15,44.915908,True,False,5
-0.1,10,44.921559,False,True,1
-0.24,24,44.939762,False,True,1
1.94,6,44.945797,False,True,3
1.93,7,44.949058,False,True,3
9.65,35,44.973763,True,False,5
-0.16,16,44.985871,False,True,1
1.61,39,45.013057,False,True,3
1.69,31,45.034116,False,True,3
9.88,12,45.042439,True,False,5
1.77,23,45.056886,False,True,3
-0.25,25,45.077389,False,True,1
1.79,21,45.09044,False,True,3
1.89,11,45.098819,False,True,3
1.79,21,45.114346,False,True,3
1.77,23,45.131349,False,True,3
1.92,8,45.136845,False,True,3
1.92,8,45.142463,False,True,3
9.81,19,45.154664,True,False,5
-0.02,2,45.15739,False,True,1
-0.26,26,45.174495,False,True,1
1.8,20,45.187266,False,True,3
-0.13,13,45.198153,False,True,1
1.92,8,45.204241,False,True,3
9.87,13,45.212376,True,False,5
1.89,11,45.220109,False,True,3
1.64,36,45.245632,False,True,3
-0.1,10,45.251089,False,True,1
1.92,8,45.256558,False,True,3
-0.21,21,45.269909,False,True,1
-0.38,38,45.297437,False,True,1
1.87,13,45.305733,False,True,3
-0.03,3,45.308217,False,True,1
-0.04,4,45.311052,False,True,1
-0.18,18,45.322707,False,True,1
-0.43,43,45.35308,False,True,1
-0.07,7,45.358344,False,True,1
1.86,14,45.366522,False,True,3
1.92,8,45.372048,False,True,3
-0.05,5,45.377889,False,True,1
1.85,15,45.386639,False,True,3
-0.07,7,45.392325,False,True,1
1.65,35,45.419787,False,True,3
1.9,10,45.425512,False,True,3
9.75,25,45.446009,True,False,5
1.67,33,45.470055,False,True,3
1.81,19,45.486023,False,True,3
1.89,11,45.492565,False,True,3
1.74,26,45.513237,False,True,3
-0.3,30,45.534105,False,True,1
-0.1,10,45.543511,False,True,1
-0.13,13,45.552606,False,True,1
-0.31,31,45.576347,False,True,1
9.8,20,45.590963,True,False,5
-0.04,4,45.594257,False,True,1
-0.19,19,45.609634,False,True,1
-0.16,16,45.621723,False,True,1
-0.31,31,45.642687,False,True,1
-0.13,13,45.656139,False,True,1
9.8,20,45.671578,True,False,5
-0.19,19,45.683898,False,True,1
-0.29,29,45.706813,False,True,1
1.88,12,45.716592,False,True,3
9.9,10,45.723299,True,False,5
1.94,6,45.729028,False,True,3
1.89,11,45.735606,False,True,3
1.69,31,45.760823,False,True,3
-0.31,31,45.786142,False,True,1
1.92,8,45.792026,False,True,3
-0.17,17,45.803506,False,True,1
-0.2,20,45.817946,False,True,1
-0.2,20,45.832265,False,True,1
-0.13,13,45.840819,False,True,1
1.89,11,45.84873,False,True,3
1.93,7,45.854019,False,True,3
-0.05,5,45.857486,False,True,1
1.92,8,45.863401,False,True,3
-0.26,26,45.882417,False,True,1
-0.31,31,45.903807,False,True,1
1.65,35,45.929085,False,True,3
-0.17,17,45.94036,False,True,1
-0.08,8,45.946046,False,True,1
-0.23,23,45.963544,False,True,1
-0.05,5,45.966799,False,True,1
1.93,7,45.972369,False,True,3
-0.21,21,45.990512,False,True,1
1.8,20,46.014168,False,True,3
9.86,14,46.028836,True,False,5
-0.08,8,46.036459,False,True,1
1.8,20,46.054762,False,True,3
9.82,18,46.071182,True,False,5
1.91,9,46.080824,False,True,3
1.8,20,46.097659,False,True,3
1.67,33,46.124082,False,True,3
9.88,12,46.134868,True,False,5
-0.21,21,46.151373,False,True,1
-0.36,36,46.18041,False,True,1
-0.01,1,46.180544,False,True,1
1.92,8,46.186914,False,True,3
-0.43,43,46.222446,False,True,1
1.82,18,46.238753,False,True,3
1.71,29,46.260861,False,True,3
1.68,32,46.287952,False,True,3
-0.27,27,46.311114,False,True,1
-0.03,3,46.311507,False,True,1
1.88,12,46.320798,False,True,3
1.81,19,46.337413,False,True,3
1.84,16,46.351267,False,True,3
1.85,15,46.363874,False,True,3
-0.07,7,46.370028,False,True,1
1.73,27,46.388452,False,True,3
-0.03,3,46.391189,False,True,1
9.89,11,46.399365,True,False,5
9.88,12,46.410142,True,False,5
1.79,21,46.479799,False,True,3
-0.26,26,46.498556,False,True,1
-0.06,6,46.501603,False,True,1
9.87,13,46.511007,True,False,5
-0.25,25,46.533475,False,True,1
1.71,29,46.555367,False,True,3
-0.37,37,46.581973,False,True,1
9.9,10,46.590078,True,False,5
1.88,12,46.599465,False,True,3
-0.26,26,46.617492,False,True,1
1.88,12,46.626186,False,True,3
1.92,8,46.631848,False,True,3
-0.28,28,46.652784,False,True,1
-0.04,4,46.655883,False,True,1
-0.17,17,46.667568,False,True,1
-0.1,10,46.675893,False,True,1
9.79,21,46.692353,True,False,5
-0.03,3,46.695047,False,True,1
1.83,17,46.706298,False,True,3
0.92,8,46.71211,False,True,2
9.56,44,46.743677,True,False,5
1.65,35,46.767982,False,True,3
-0.09,9,46.773612,False,True,1
1.94,6,46.778796,False,True,3
1.87,13,46.788233,False,True,3
1.71,29,46.808149,False,True,3
1.78,22,46.824245,False,True,3
-0.14,14,46.832311,False,True,1
9.76,24,46.849068,True,False,5
9.91,9,46.854681,True,False,5
1.71,29,46.876045,False,True,3
-0.33,33,46.897408,False,True,1
-0.28,28,46.917103,False,True,1
-0.18,18,46.928265,False,True,1
-0.25,25,46.946855,False,True,1
-0.28,28,46.966138,False,True,1
-0.36,36,46.995615,False,True,1
1.81,19,47.008012,False,True,3
1.8,20,47.021665,False,True,3
9.84,16,47.033687,True,False,5
1.63,37,47.063061,False,True,3
9.87,13,47.071639,True,False,5
-0.33,33,47.094553,False,True,1
-0.01,1,47.094793,False,True,1
1.89,11,47.104021,False,True,3
1.83,17,47.116755,False,True,3
9.91,9,47.125454,True,False,5
1.88,12,47.134645,False,True,3
1.82,18,47.148037,False,True,3
1.72,28,47.17066,False,True,3
-0.31,31,47.195312,False,True,1
-0.06,6,47.198414,False,True,1
-0.09,9,47.20809,False,True,1
-0.04,4,47.21142,False,True,1
1.78,22,47.225565,False,True,3
9.88,12,47.234033,True,False,5
-0.07,7,47.239477,False,True,1
1.85,15,47.251406,False,True,3
9.88,12,47.259527,True,False,5
1.66,34,47.281773,False,True,3
-0.05,5,47.284794,False,True,1
1.71,29,47.307308,False,True,3
9.84,16,47.318853,True,False,5
1.88,12,47.327318,False,True,3
9.75,25,47.345321,True,False,5
-0.32,32,47.368795,False,True,1
1.83,17,47.380256,False,True,3
-0.31,31,47.402645,False,True,1
9.71,29,47.426063,True,False,5
-0.28,28,47.451427,False,True,1
-0.13,13,47.462217,False,True,1
1.91,9,47.472935,False,True,3
9.86,14,47.48396,True,False,5
9.73,27,47.506767,True,False,5
1.74,26,47.527341,False,True,3
1.66,34,47.55792,False,True,3
0.86,14,47.569106,False,True,2
-0.3,30,47.593138,False,True,1
1.87,13,47.602359,False,True,3
1.8,20,47.617571,False,True,3
-0.2,20,47.632793,False,True,1
1.79,21,47.647739,False,True,3
-0.1,10,47.656721,False,True,1
9.69,31,47.71566,True,False,5
-0.18,18,47.729089,False,True,1
1.78,22,47.745659,False,True,3
-0.23,23,47.75983,False,True,1
9.62,38,47.787179,True,False,5
9.74,26,47.80516,True,False,5
9.83,17,47.819366,True,False,5
9.79,21,47.833454,True,False,5
-0.05,5,47.836489,False,True,1
-0.07,7,47.84216,False,True,1
1.9,10,47.848427,False,True,3
1.58,42,47.879572,False,True,3
-0.06,6,47.882451,False,True,1
1.82,18,47.897425,False,True,3
1.88,12,47.906675,False,True,3
1.69,31,47.929431,False,True,3
1.83,17,47.940448,False,True,3
1.8,20,47.966232,False,True,3
9.79,21,47.983727,True,False,5
1.83,17,47.994982,False,True,3
9.61,39,48.021364,True,False,5
1.8,20,48.037123,False,True,3
1.71,29,48.058224,False,True,3
1.79,21,48.07725,False,True,3
-0.39,39,48.107812,False,True,1
-0.29,29,48.134372,False,True,1
1.75,25,48.154196,False,True,3
1.7,30,48.178717,False,True,3
-0.14,14,48.190764,False,True,1
1.69,31,48.219059,False,True,3
1.77,23,48.235855,False,True,3
-0.12,12,48.245903,False,True,1
-0.12,12,48.255596,False,True,1
1.81,19,48.271814,False,True,3
1.82,18,48.287497,False,True,3
-0.06,6,48.290943,False,True,1
1.71,29,48.310758,False,True,3
-0.06,6,48.317738,False,True,1
1.71,29,48.340684,False,True,3
-0.32,32,48.367907,False,True,1
-0.13,13,48.377301,False,True,1
1.77,23,48.396667,False,True,3
1.9,10,48.406466,False,True,3
1.71,29,48.42655,False,True,3
-0.19,19,48.441472,False,True,1
1.78,22,48.456706,False,True,3
-0.01,1,48.456839,False,True,1
1.9,10,48.465246,False,True,3
-0.24,24,48.482115,False,True,1
1.75,25,48.500348,False,True,3
1.87,13,48.508878,False,True,3
-0.2,20,48.52422,False,True,1
-0.08,8,48.53027,False,True,1
-0.29,29,48.556846,False,True,1
-0.38,38,48.583405,False,True,1
1.77,23,48.600089,False,True,3
1.84,16,48.611082,False,True,3
9.77,23,48.629013,True,False,5
1.91,9,48.634706,False,True,3
-0.1,10,48.64029,False,True,1
0.83,17,48.653636,False,True,2
1.82,18,48.665737,False,True,3
9.86,14,48.677103,True,False,5
-0.27,27,48.693798,False,True,1
-0.21,21,48.709702,False,True,1
9.83,17,48.721117,True,False,5
-0.02,2,48.721404,False,True,1
-0.09,9,48.729772,False,True,1
1.92,8,48.735141,False,True,3
-0.27,27,48.752529,False,True,1
1.87,13,48.763342,False,True,3
-0.11,11,48.769171,False,True,1
1.81,19,48.783041,False,True,3
9.84,16,48.794875,True,False,5
-0.34,34,48.821072,False,True,1
9.74,26,48.837884,True,False,5
1.8,20,48.851193,False,True,3
1.85,15,48.86233,False,True,3
1.82,18,48.873802,False,True,3
1.88,12,48.881934,False,True,3
9.67,33,48.906373,True,False,5
-0.18,18,48.919866,False,True,1
1.71,29,48.939853,False,True,3
9.71,29,48.961064,True,False,5
-0.29,29,48.980362,False,True,1
-0.27,27,49.000193,False,True,1
1.91,9,49.006242,False,True,3
1.67,33,49.029232,False,True,3
9.72,28,49.047043,True,False,5
9.79,21,49.062029,True,False,5
-0.17,17,49.077403,False,True,1
1.76,24,49.094742,False,True,3
9.71,29,49.115418,True,False,5
9.8,20,49.130943,True,False,5
1.79,21,49.145981,False,True,3
1.78,22,49.162006,False,True,3
1.78,22,49.175766,False,True,3
1.81,19,49.189865,False,True,3
-0.4,40,49.217315,False,True,1
1.82,18,49.228247,False,True,3
-0.19,19,49.241109,False,True,1
-0.03,3,49.243754,False,True,1
9.84,16,49.255125,True,False,5
9.88,12,49.263641,True,False,5
1.85,15,49.274522,False,True,3
-0.21,21,49.289004,False,True,1
1.87,13,49.297224,False,True,3
1.93,7,49.302586,False,True,3
1.88,12,49.31072,False,True,3
-0.24,24,49.327829,False,True,1
9.7,30,49.34692,True,False,5
-0.07,7,49.351895,False,True,1
-0.13,13,49.359768,False,True,1
-0.16,16,49.370937,False,True,1
-0.16,16,49.381821,False,True,1
9.85,15,49.393063,True,False,5
1.67,33,49.41515,False,True,3
1.85,15,49.426665,False,True,3
1.76,24,49.44147,False,True,3
9.81,19,49.455346,True,False,5
1.73,27,49.474773,False,True,3
9.93,7,49.478167,True,False,5
-0.27,27,49.498183,False,True,1
-0.13,13,49.509167,False,True,1
1.66,34,49.543099,False,True,3
1.71,29,49.566232,False,True,3
1.9,10,49.57622,False,True,3
9.79,21,49.590677,True,False,5
9.84,16,49.602599,True,False,5
-0.18,18,49.614485,False,True,1
-0.25,25,49.634093,False,True,1
-0.25,25,49.649988,False,True,1
9.91,9,49.655386,True,False,5
1.81,19,49.669908,False,True,3
1.71,29,49.689674,False,True,3
9.67,33,49.711327,True,False,5
-0.34,34,49.73551,False,True,1
1.87,13,49.744075,False,True,3
1.84,16,49.755215,False,True,3
1.9,10,49.763478,False,True,3
-0.3,30,49.782725,False,True,1
9.86,14,49.794676,True,False,5
9.89,11,49.801345,True,False,5
9.9,10,49.809472,True,False,5
9.82,18,49.821326,True,False,5
-0.24,24,49.838235,False,True,1
-0.22,22,49.854544,False,True,1
9.81,19,49.86763,True,False,5
-0.17,17,49.878058,False,True,1
-0.01,1,49.878312,False,True,1
1.69,31,49.900404,False,True,3
1.91,9,49.90661,False,True,3
-0.2,20,49.920439,False,True,1
-0.19,19,49.934593,False,True,1
1.81,19,49.948126,False,True,3
9.81,19,49.959637,True,False,5
1.86,14,49.970159,False,True,3
-0.3,30,49.990833,False,True,1
-0.17,17,50.004121,False,True,1
1.93,7,50.00728,False,True,3
-0.09,9,50.01499,False,True,1
1.74,26,50.033131,False,True,3
1.75,25,50.050175,False,True,3
1.88,12,50.058215,False,True,3
-0.21,21,50.073361,False,True,1
9.8,20,50.088365,True,False,5
1.82,18,50.099709,False,True,3
-0.05,5,50.102775,False,True,1
1.94,6,50.108109,False,True,3
1.81,19,50.121993,False,True,3
1.87,13,50.13032,False,True,3
-0.02,2,50.130556,False,True,1
-0.2,20,50.144383,False,True,1
1.82,18,50.159101,False,True,3
-0.32,32,50.181602,False,True,1
1.78,22,50.195304,False,True,3
9.68,32,50.216283,True,False,5
9.68,32,50.23918,True,False,5
1.89,11,50.247472,False,True,3
1.66,34,50.27341,False,True,3
9.68,32,50.294839,True,False,5
1.79,21,50.309404,False,True,3
1.7,30,50.32897,False,True,3
-0.3,30,50.350553,False,True,1
-0.29,29,50.369267,False,True,1
1.9,10,50.377545,False,True,3
1.87,13,50.386326,False,True,3
1.89,11,50.394568,False,True,3
9.56,44,50.424397,True,False,5
-0.3,30,50.445428,False,True,1
1.77,23,50.463474,False,True,3
-0.33,33,50.485626,False,True,1
-0.2,20,50.498924,False,True,1
1.85,15,50.511025,False,True,3
-0.19,19,50.524791,False,True,1
9.81,19,50.536106,True,False,5
9.72,28,50.555487,True,False,5
-0.39,39,50.584459,False,True,1
1.8,20,50.598387,False,True,3
9.8,20,50.611615,True,False,5
1.71,29,50.630252,False,True,3
1.87,13,50.64164,False,True,3
-0.19,19,50.653706,False,True,1
1.82,18,50.666794,False,True,3
1.89,11,50.674606,False,True,3
1.78,22,50.689032,False,True,3
1.91,9,50.694583,False,True,3
1.81,19,50.709016,False,True,3
1.88,12,50.718064,False,True,3
-0.06,6,50.724237,False,True,1
1.86,14,50.734367,False,True,3
-0.35,35,50.759965,False,True,1
1.7,30,50.778899,False,True,3
1.82,18,50.793574,False,True,3
1.62,38,50.820352,False,True,3
9.84,16,50.831199,True,False,5
9.75,25,50.849415,True,False,5
1.68,32,50.873122,False,True,3
-0.31,31,50.892751,False,True,1
1.82,18,50.905946,False,True,3
1.64,36,50.92959,False,True,3
9.77,23,50.948147,True,False,5
1.81,19,50.961016,False,True,3
9.8,20,50.974519,True,False,5
1.74,26,50.993615,False,True,3
1.81,19,51.009128,False,True,3
-0.26,26,51.02797,False,True,1
1.81,19,51.041495,False,True,3
-0.04,4,51.044218,False,True,1
9.77,23,51.061536,True,False,5
1.88,12,51.070324,False,True,3
-0.12,12,51.079011,False,True,1
-0.11,11,51.085041,False,True,1
-0.26,26,51.105347,False,True,1
9.87,13,51.113953,True,False,5
-0.3,30,51.135807,False,True,1
1.74,26,51.153411,False,True,3
1.59,41,51.182496,False,True,3
1.81,19,51.196652,False,True,3
1.68,32,51.218218,False,True,3
-0.21,21,51.231782,False,True,1
-0.15,15,51.243192,False,True,1
1.82,18,51.25684,False,True,3
1.89,11,51.262694,False,True,3
-0.33,33,51.290989,False,True,1
-0.28,28,51.31177,False,True,1
9.79,21,51.326034,True,False,5
-0.27,27,51.344666,False,True,1
1.86,14,51.353202,False,True,3
1.75,25,51.371363,False,True,3
1.79,21,51.387897,False,True,3
-0.34,34,51.412047,False,True,1
1.7,30,51.43369,False,True,3
-0.13,13,51.442903,False,True,1
-0.15,15,51.454156,False,True,1
-0.31,31,51.47453,False,True,1
1.82,18,51.488519,False,True,3
-0.1,10,51.4953,False,True,1
-0.24,24,51.514142,False,True,1
-0.29,29,51.536281,False,True,1
1.89,11,51.54207,False,True,3
1.94,6,51.54742,False,True,3
1.77,23,51.565813,False,True,3
-0.3,30,51.585932,False,True,1
1.64,36,51.610323,False,True,3
-0.15,15,51.621721,False,True,1
-0.11,11,51.631093,False,True,1
1.85,15,51.641121,False,True,3
1.91,9,51.649243,False,True,3
1.83,17,51.661549,False,True,3
-0.1,10,51.667527,False,True,1
1.92,8,51.673378,False,True,3
-0.08,8,51.678932,False,True,1
1.85,15,51.690758,False,True,3
1.68,32,51.712994,False,True,3
1.9,10,51.721055,False,True,3
-0.1,10,51.726865,False,True,1
1.85,15,51.738173,False,True,3
1.78,22,51.752695,False,True,3
-0.21,21,51.770059,False,True,1
1.75,25,51.786853,False,True,3
9.79,21,51.801856,True,False,5
9.68,32,51.823942,True,False,5
-0.27,27,51.842835,False,True,1
9.81,19,51.856112,True,False,5
-0.14,14,51.864568,False,True,1
1.88,12,51.873283,False,True,3
-0.22,22,51.889732,False,True,1
-0.02,2,51.889992,False,True,1
1.75,25,51.906813,False,True,3
1.88,12,51.914894,False,True,3
-0.03,3,51.917515,False,True,1
1.84,16,51.930301,False,True,3
-0.26,26,51.950766,False,True,1
1.72,28,51.970653,False,True,3
1.89,11,51.977533,False,True,3
-0.09,9,51.985314,False,True,1
9.82,18,51.997518,True,False,5
9.85,15,52.008985,True,False,5
-0.27,27,52.028406,False,True,1
1.78,22,52.043216,False,True,3
1.8,20,52.057737,False,True,3
-0.21,21,52.072069,False,True,1
-0.23,23,52.088138,False,True,1
9.67,33,52.109718,True,False,5
1.86,14,52.121959,False,True,3
9.85,15,52.134427,True,False,5
1.75,25,52.151466,False,True,3
1.69,31,52.17249,False,True,3
-0.29,29,52.193264,False,True,1
-0.1,10,52.198577,False,True,1
1.8,20,52.212413,False,True,3
-0.22,22,52.228399,False,True,1
1.81,19,52.242786,False,True,3
1.85,15,52.251465,False,True,3
1.9,10,52.259818,False,True,3
1.8,20,52.275883,False,True,3
-0.27,27,52.29647,False,True,1
1.83,17,52.307927,False,True,3
1.76,24,52.32423,False,True,3
-0.16,16,52.335215,False,True,1
-0.32,32,52.357672,False,True,1
-0.24,24,52.374263,False,True,1
9.92,8,52.379695,True,False,5
-0.18,18,52.391539,False,True,1
1.63,37,52.421572,False,True,3
-0.01,1,52.423882,False,True,1
-0.13,13,52.431525,False,True,1
-0.3,30,52.451775,False,True,1
-0.21,21,52.468233,False,True,1
-0.21,21,52.482392,False,True,1
-0.21,21,52.497019,False,True,1
9.66,34,52.520912,True,False,5
-0.03,3,52.523626,False,True,1
1.82,18,52.535632,False,True,3
-0.32,32,52.559203,False,True,1
0.82,18,52.573285,False,True,2
1.84,16,52.588539,False,True,3
-0.01,1,52.588741,False,True,1
-0.09,9,52.594705,False,True,1
1.78,22,52.6115,False,True,3
1.8,20,52.626093,False,True,3
-0.19,19,52.637941,False,True,1
-0.29,29,52.659211,False,True,1
1.81,19,52.670186,False,True,3
-0.34,34,52.695167,False,True,1
9.77,23,52.713467,True,False,5
1.81,19,52.725393,False,True,3
1.88,12,52.734096,False,True,3
1.87,13,52.746558,False,True,3
9.61,39,52.772099,True,False,5
1.8,20,52.785366,False,True,3
-0.26,26,52.804524,False,True,1
9.85,15,52.815718,True,False,5
1.83,17,52.827259,False,True,3
1.83,17,52.838877,False,True,3
1.84,16,52.849718,False,True,3
-0.15,15,52.861062,False,True,1
1.82,18,52.872584,False,True,3
-0.17,17,52.885497,False,True,1
-0.19,19,52.89684,False,True,1
1.87,13,52.908097,False,True,3
-0.13,13,52.91676,False,True,1
9.92,8,52.922795,True,False,5
1.8,20,52.936658,False,True,3
-0.13,13,52.945454,False,True,1
1.68,32,52.968487,False,True,3
-0.24,24,52.984992,False,True,1
1.83,17,52.995605,False,True,3
1.68,32,53.01875,False,True,3
-0.23,23,53.035203,False,True,1
9.81,19,53.048443,True,False,5
1.81,19,53.063706,False,True,3
-0.19,19,53.076364,False,True,1
1.8,20,53.091286,False,True,3
-0.16,16,53.102552,False,True,1
-0.04,4,53.105319,False,True,1
1.95,5,53.110422,False,True,3
1.84,16,53.12295,False,True,3
9.73,27,53.140537,True,False,5
9.6,40,53.167828,True,False,5
-0.18,18,53.181678,False,True,1
1.86,14,53.190739,False,True,3
-0.12,12,53.199316,False,True,1
-0.15,15,53.210326,False,True,1
1.8,20,53.224863,False,True,3
1.69,31,53.249,False,True,3
1.85,15,53.260276,False,True,3
-0.28,28,53.279398,False,True,1
1.76,24,53.297566,False,True,3
1.82,18,53.30908,False,True,3
-0.28,28,53.330446,False,True,1
9.74,26,53.349301,True,False,5
9.7,30,53.370387,True,False,5
-0.35,35,53.394757,False,True,1
1.81,19,53.408366,False,True,3
1.86,14,53.420108,False,True,3
-0.24,24,53.439194,False,True,1
9.88,12,53.449498,True,False,5
9.8,20,53.464179,True,False,5
1.82,18,53.477513,False,True,3
9.88,12,53.486618,True,False,5
1.9,10,53.492922,False,True,3
-0.22,22,53.510549,False,True,1
-0.16,16,53.521965,False,True,1
1.78,22,53.537122,False,True,3
9.81,19,53.551095,True,False,5
-0.11,11,53.559228,False,True,1
-0.32,32,53.58095,False,True,1
-0.34,34,53.606598,False,True,1
-0.3,30,53.629533,False,True,1
9.73,27,53.646382,True,False,5
1.73,27,53.665034,False,True,3
1.6,40,53.69309,False,True,3
-0.1,10,53.700933,False,True,1
9.63,37,53.728129,True,False,5
-0.31,31,53.750239,False,True,1
1.72,28,53.772281,False,True,3
1.94,6,53.775303,False,True,3
1.82,18,53.789038,False,True,3
9.7,30,53.808368,True,False,5
1.81,19,53.822442,False,True,3
1.88,12,53.830616,False,True,3
-0.17,17,53.841964,False,True,1
9.76,24,53.859088,True,False,5
-0.21,21,53.874732,False,True,1
-0.03,3,53.877461,False,True,1
9.76,24,53.895769,True,False,5
9.64,36,53.922815,True,False,5
-0.23,23,53.942194,False,True,1
9.85,15,53.95463,True,False,5
1.72,28,53.97384,False,True,3
1.87,13,53.982474,False,True,3
1.78,22,53.997236,False,True,3
1.89,11,54.005945,False,True,3
1.86,14,54.016577,False,True,3
1.87,13,54.02544,False,True,3
9.74,26,54.044715,True,False,5
1.76,24,54.061466,False,True,3
1.92,8,54.067045,False,True,3
-0.15,15,54.077869,False,True,1
1.95,5,54.080837,False,True,3
9.67,33,54.111585,True,False,5
-0.23,23,54.128215,False,True,1
1.81,19,54.14376,False,True,3
1.88,12,54.153566,False,True,3
-0.14,14,54.167194,False,True,1
1.69,31,54.189332,False,True,3
-0.23,23,54.208476,False,True,1
1.84,16,54.222963,False,True,3
1.71,29,54.250095,False,True,3
-0.27,27,54.27215,False,True,1
1.7,30,54.297766,False,True,3
-0.13,13,54.308997,False,True,1
1.67,33,54.334645,False,True,3
1.91,9,54.341203,False,True,3
-0.3,30,54.364565,False,True,1
1.71,29,54.386418,False,True,3
1.67,33,54.409598,False,True,3
-0.09,9,54.418554,False,True,1
-0.23,23,54.432248,False,True,1
1.78,22,54.450015,False,True,3
9.78,22,54.464531,True,False,5
-0.27,27,54.484237,False,True,1
9.74,26,54.502645,True,False,5
-0.03,3,54.503177,False,True,1
9.6,40,54.531437,True,False,5
-0.27,27,54.551108,False,True,1
1.77,23,54.566729,False,True,3
-0.34,34,54.589736,False,True,1
1.8,20,54.603703,False,True,3
1.79,21,54.619836,False,True,3
1.75,25,54.636372,False,True,3
1.8,20,54.650736,False,True,3
1.74,26,54.6679,False,True,3
1.67,33,54.692193,False,True,3
9.7,30,54.71148,True,False,5
9.86,14,54.722784,True,False,5
-0.11,11,54.729,False,True,1
1.74,26,54.750786,False,True,3
9.75,25,54.768586,True,False,5
-0.2,20,54.783705,False,True,1
-0.07,7,54.789757,False,True,1
1.88,12,54.798508,False,True,3
-0.32,32,54.820657,False,True,1
1.82,18,54.833386,False,True,3
-0.1,10,54.842144,False,True,1
9.68,32,54.868062,True,False,5
1.76,24,54.887595,False,True,3
-0.24,24,54.909798,False,True,1
-0.16,16,54.924529,False,True,1
1.83,17,54.938563,False,True,3
-0.21,21,54.953212,False,True,1
9.79,21,54.972432,True,False,5
-0.25,25,54.990306,False,True,1
-0.01,1,54.990446,False,True,1
-0.05,5,54.993275,False,True,1
1.8,20,55.008816,False,True,3
1.8,20,55.024556,False,True,3
9.9,10,55.036152,True,False,5
1.88,12,55.046344,False,True,3
1.85,15,55.060826,False,True,3
-0.11,11,55.067309,False,True,1
-0.06,6,55.073258,False,True,1
-0.19,19,55.08851,False,True,1
-0.08,8,55.095308,False,True,1
-0.04,4,55.099492,False,True,1
-0.21,21,55.115486,False,True,1
9.85,15,55.127443,True,False,5
-0.16,16,55.154483,False,True,1
1.88,12,55.169493,False,True,3
9.76,24,55.188081,True,False,5
1.8,20,55.223013,False,True,3
1.9,10,55.251037,False,True,3
-0.12,12,55.261094,False,True,1
1.93,7,55.268537,False,True,3
1.86,14,55.286733,False,True,3
1.92,8,55.295324,False,True,3
-0.21,21,55.319911,False,True,1
-0.16,16,55.333385,False,True,1
1.85,15,55.343056,False,True,3
9.87,13,55.355778,True,False,5
-0.15,15,55.366631,False,True,1
1.78,22,55.385858,False,True,3
1.84,16,55.398338,False,True,3
-0.06,6,55.401695,False,True,1
-0.23,23,55.421507,False,True,1
1.77,23,55.438913,False,True,3
9.88,12,55.447567,True,False,5
9.72,28,55.469667,True,False,5
-0.24,24,55.487846,False,True,1
1.83,17,55.500344,False,True,3
1.76,24,55.517845,False,True,3
-0.16,16,55.530175,False,True,1
9.73,27,55.550261,True,False,5
1.91,9,55.557286,False,True,3
-0.09,9,55.56231,False,True,1
1.68,32,55.587193,False,True,3
-0.27,27,55.608151,False,True,1
1.81,19,55.623977,False,True,3
1.8,20,55.639684,False,True,3
1.82,18,55.653324,False,True,3
1.8,20,55.668891,False,True,3
-0.24,24,55.686708,False,True,1
-0.1,10,55.695781,False,True,1
-0.26,26,55.715068,False,True,1
1.85,15,55.726237,False,True,3
-0.38,38,55.755602,False,True,1
-0.2,20,55.769367,False,True,1
-0.15,15,55.779436,False,True,1
1.87,13,55.791652,False,True,3
1.72,28,55.81224,False,True,3
1.86,14,55.821818,False,True,3
1.8,20,55.837676,False,True,3
1.86,14,55.848435,False,True,3
-0.17,17,55.86012,False,True,1
-0.07,7,55.865279,False,True,1
-0.1,10,55.871752,False,True,1
1.83,17,55.884224,False,True,3
1.73,27,55.904012,False,True,3
1.67,33,55.928739,False,True,3
1.74,26,55.950113,False,True,3
1.8,20,55.964726,False,True,3
1.86,14,55.973881,False,True,3
-0.28,28,55.994414,False,True,1
9.83,17,56.008659,True,False,5
1.71,29,56.029409,False,True,3
1.69,31,56.05151,False,True,3
9.64,36,56.076707,True,False,5
1.85,15,56.086499,False,True,3
1.75,25,56.105889,False,True,3
1.95,5,56.108995,False,True,3
1.84,16,56.120456,False,True,3
-0.23,23,56.139635,False,True,1
-0.08,8,56.146476,False,True,1
1.72,28,56.167484,False,True,3
-0.17,17,56.179258,False,True,1
9.81,19,56.195671,True,False,5
-0.31,31,56.216099,False,True,1
1.67,33,56.242694,False,True,3
1.84,16,56.25604,False,True,3
-0.04,4,56.259188,False,True,1
-0.14,14,56.270035,False,True,1
1.65,35,56.295366,False,True,3
9.73,27,56.314009,True,False,5
-0.3,30,56.337164,False,True,1
-0.18,18,56.351152,False,True,1
-0.18,18,56.362451,False,True,1
9.72,28,56.381344,True,False,5
-0.17,17,56.39323,False,True,1
1.77,23,56.409936,False,True,3
1.77,23,56.426287,False,True,3
1.83,17,56.437918,False,True,3
1.81,19,56.453294,False,True,3
-0.03,3,56.456044,False,True,1
1.7,30,56.475513,False,True,3
1.74,26,56.495498,False,True,3
-0.05,5,56.498763,False,True,1
1.62,38,56.525725,False,True,3
1.68,32,56.548487,False,True,3
-0.24,24,56.564967,False,True,1
1.7,30,56.587775,False,True,3
-0.27,27,56.608313,False,True,1
-0.14,14,56.617021,False,True,1
1.84,16,56.627501,False,True,3
-0.12,12,56.636316,False,True,1
-0.2,20,56.650824,False,True,1
-0.26,26,56.669651,False,True,1
-0.09,9,56.675042,False,True,1
-0.07,7,56.680366,False,True,1
-0.21,21,56.694615,False,True,1
-0.21,21,56.709191,False,True,1
-0.36,36,56.733207,False,True,1
-0.24,24,56.750173,False,True,1
9.82,18,56.764058,True,False,5
-0.25,25,56.780658,False,True,1
9.78,22,56.796026,True,False,5
-0.19,19,56.812288,False,True,1
-0.11,11,56.820597,False,True,1
-0.19,19,56.834766,False,True,1
1.69,31,56.854358,False,True,3
-0.25,25,56.875156,False,True,1
-0.25,25,56.891729,False,True,1
-0.29,29,56.911318,False,True,1
1.79,21,56.925014,False,True,3
-0.08,8,56.930724,False,True,1
9.75,25,56.951339,True,False,5
9.8,20,56.967315,True,False,5
-0.23,23,56.982489,False,True,1
1.86,14,56.995107,False,True,3
1.88,12,57.003334,False,True,3
1.72,28,57.025379,False,True,3
-0.26,26,57.042298,False,True,1
1.64,36,57.067893,False,True,3
-0.33,33,57.093516,False,True,1
1.83,17,57.105088,False,True,3
-0.24,24,57.121829,False,True,1
9.74,26,57.141269,True,False,5
1.77,23,57.157845,False,True,3
1.76,24,57.174038,False,True,3
2.71,29,57.193639,False,True,4
1.64,36,57.220399,False,True,3
-0.18,18,57.236176,False,True,1
-0.06,6,57.239133,False,True,1
-0.29,29,57.262203,False,True,1
1.75,25,57.28023,False,True,3
-0.2,20,57.29494,False,True,1
-0.33,33,57.317805,False,True,1
-0.24,24,57.335159,False,True,1
1.7,30,57.358669,False,True,3
1.77,23,57.373013,False,True,3
1.83,17,57.38714,False,True,3
-0.37,37,57.413077,False,True,1
9.73,27,57.433206,True,False,5
1.81,19,57.445069,False,True,3
-0.22,22,57.461347,False,True,1
-0.26,26,57.477828,False,True,1
-0.17,17,57.491815,False,True,1
9.78,22,57.506785,True,False,5
1.75,25,57.523935,False,True,3
-0.26,26,57.544687,False,True,1
1.81,19,57.560275,False,True,3
1.65,35,57.583187,False,True,3
1.8,20,57.596972,False,True,3
1.81,19,57.612177,False,True,3
9.64,36,57.638016,True,False,5
-0.04,4,57.640787,False,True,1
-0.3,30,57.662759,False,True,1
9.75,25,57.679798,True,False,5
-0.1,10,57.68575,False,True,1
1.8,20,57.701616,False,True,3
1.8,20,57.71559,False,True,3
9.74,26,57.734783,True,False,5
-0.19,19,57.751126,False,True,1
-0.02,2,57.751592,False,True,1
-0.14,14,57.764177,False,True,1
9.67,33,57.787462,True,False,5
1.83,17,57.800705,False,True,3
-0.35,35,57.826905,False,True,1
9.72,28,57.847018,True,False,5
1.97,3,57.849919,False,True,3
1.71,29,57.873121,False,True,3
1.64,36,57.898669,False,True,3
1.92,8,57.904742,False,True,3
1.69,31,57.927041,False,True,3
1.72,28,57.948283,False,True,3
-0.33,33,57.971409,False,True,1
1.63,37,57.99788,False,True,3
1.95,5,58.001216,False,True,3
1.65,35,58.028944,False,True,3
1.78,22,58.045537,False,True,3
-0.24,24,58.062809,False,True,1
1.73,27,58.07979,False,True,3
1.85,15,58.093714,False,True,3
1.92,8,58.09975,False,True,3
-0.27,27,58.118597,False,True,1
9.69,31,58.140725,True,False,5
-0.3,30,58.164461,False,True,1
1.66,34,58.189164,False,True,3
1.65,35,58.211059,False,True,3
1.74,26,58.229413,False,True,3
-0.27,27,58.2497,False,True,1
-0.27,27,58.266865,False,True,1
9.85,15,58.277712,True,False,5
1.81,19,58.291249,False,True,3
9.64,36,58.318359,True,False,5
1.69,31,58.340069,False,True,3
1.79,21,58.354159,False,True,3
-0.03,3,58.356875,False,True,1
1.73,27,58.376914,False,True,3
1.73,27,58.396385,False,True,3
1.84,16,58.407712,False,True,3
1.81,19,58.421978,False,True,3
9.74,26,58.439879,True,False,5
1.8,20,58.454167,False,True,3
-0.25,25,58.474005,False,True,1
-0.06,6,58.476935,False,True,1
-1.5,50,58.514199,False,False,4
1.66,34,58.537419,False,True,3
-0.09,9,58.543491,False,True,1
-0.31,31,58.567233,False,True,1
9.73,27,58.588057,True,False,5
1.64,36,58.61367,False,True,3
1.77,23,58.630744,False,True,3
-0.18,18,58.64257,False,True,1
-0.19,19,58.658158,False,True,1
9.77,23,58.677035,True,False,5
1.87,13,58.686065,False,True,3
9.63,37,58.711195,True,False,5
9.77,23,58.729392,True,False,5
-0.3,30,58.748806,False,True,1
-0.07,7,58.753962,False,True,1
1.78,22,58.771313,False,True,3
-0.28,28,58.793422,False,True,1
-0.29,29,58.812773,False,True,1
-0.34,34,58.835883,False,True,1
-0.3,30,58.857713,False,True,1
1.78,22,58.872877,False,True,3
1.68,32,58.895022,False,True,3
-0.24,24,58.911465,False,True,1
9.87,13,58.922479,True,False,5
1.8,20,58.940461,False,True,3
1.88,12,58.948989,False,True,3
1.85,15,58.958097,False,True,3
-0.29,29,58.979421,False,True,1
9.66,34,59.003729,True,False,5
9.66,34,59.029536,True,False,5
1.67,33,59.051243,False,True,3
-0.3,30,59.070972,False,True,1
1.73,27,59.092301,False,True,3
-0.34,34,59.117238,False,True,1
1.7,30,59.13712,False,True,3
-0.33,33,59.158951,False,True,1
-0.3,30,59.182193,False,True,1
-0.25,25,59.199945,False,True,1
9.76,24,59.219839,True,False,5
9.68,32,59.244101,True,False,5
-0.24,24,59.263604,False,True,1
9.75,25,59.282337,True,False,5
1.83,17,59.296678,False,True,3
-0.19,19,59.308772,False,True,1
9.7,30,59.336373,True,False,5
1.84,16,59.348816,False,True,3
9.76,24,59.367312,True,False,5
9.66,34,59.391568,True,False,5
9.84,16,59.404846,True,False,5
9.87,13,59.418035,True,False,5
9.79,21,59.432876,True,False,5
-0.31,31,59.456891,False,True,1
1.86,14,59.466565,False,True,3
-0.26,26,59.485789,False,True,1
-0.05,5,59.488885,False,True,1
-0.16,16,59.499589,False,True,1
1.76,24,59.517107,False,True,3
1.77,23,59.532935,False,True,3
-0.36,36,59.558377,False,True,1
-0.11,11,59.56454,False,True,1
1.81,19,59.580439,False,True,3
1.81,19,59.597085,False,True,3
9.78,22,59.614111,True,False,5
1.82,18,59.629577,False,True,3
9.8,20,59.645954,True,False,5
1.78,22,59.66081,False,True,3
9.69,31,59.683785,True,False,5
-0.28,28,59.706339,False,True,1
9.67,33,59.732796,True,False,5
1.77,23,59.750144,False,True,3
-0.15,15,59.761882,False,True,1
1.64,36,59.792637,False,True,3
9.75,25,59.8133,True,False,5
-0.12,12,59.821821,False,True,1
1.71,29,59.84215,False,True,3
-0.01,1,59.844567,False,True,1
9.79,21,59.860472,True,False,5
1.81,19,59.875825,False,True,3
-0.28,28,59.895588,False,True,1
1.8,20,59.90992,False,True,3
-0.34,34,59.934098,False,True,1
-0.3,30,59.956673,False,True,1
-0.18,18,59.968327,False,True,1
1.84,16,59.979223,False,True,3
9.64,36,60.004934,True,False,5
-0.12,12,60.013664,False,True,1
-0.12,12,60.023055,False,True,1
0.75,25,60.040578,False,True,2
-0.3,30,60.064532,False,True,1
9.73,27,60.085084,True,False,5
1.86,14,60.093741,False,True,3
-0.23,23,60.111236,False,True,1
9.76,24,60.13317,True,False,5
1.74,26,60.151042,False,True,3
1.79,21,60.168219,False,True,3
-0.18,18,60.180311,False,True,1
-0.02,2,60.183136,False,True,1
9.68,32,60.207581,True,False,5
1.75,25,60.227459,False,True,3
1.9,10,60.234017,False,True,3
1.66,34,60.260757,False,True,3
-0.05,5,60.263697,False,True,1
9.77,23,60.280908,True,False,5
9.73,27,60.300843,True,False,5
-0.28,28,60.321764,False,True,1
1.79,21,60.336645,False,True,3
-0.23,23,60.354823,False,True,1
1.81,19,60.367266,False,True,3
-0.29,29,60.392782,False,True,1
-0.32,32,60.416246,False,True,1
-0.06,6,60.419435,False,True,1
-0.2,20,60.434552,False,True,1
-0.39,39,60.464701,False,True,1
-0.43,43,60.496437,False,True,1
-1.5,50,60.531906,False,False,4
-1.5,50,60.569039,False,False,4
1.82,18,60.58249,False,True,3
-0.25,25,60.60006,False,True,1
-1.5,50,60.638876,False,False,4
1.68,32,60.663012,False,True,3
1.71,29,60.684877,False,True,3
-0.28,28,60.705364,False,True,1
-0.23,23,60.722408,False,True,1
-0.27,27,60.742686,False,True,1
9.73,27,60.761312,True,False,5
-0.24,24,60.778833,False,True,1
1.79,21,60.795621,False,True,3
-0.35,35,60.819309,False,True,1
9.74,26,60.840434,True,False,5
-0.18,18,60.852637,False,True,1
-0.32,32,60.876258,False,True,1
-0.16,16,60.888824,False,True,1
9.73,27,60.911231,True,False,5
1.76,24,60.928025,False,True,3
1.74,26,60.9481,False,True,3
1.7,30,60.968886,False,True,3
1.79,21,60.984019,False,True,3
1.73,27,61.003581,False,True,3
-0.17,17,61.015135,False,True,1
-0.33,33,61.03929,False,True,1
-1.5,50,61.073034,False,False,4
-0.26,26,61.09157,False,True,1
1.82,18,61.10269,False,True,3
1.77,23,61.119774,False,True,3
-0.32,32,61.143453,False,True,1
1.79,21,61.159156,False,True,3
-0.21,21,61.174903,False,True,1
-0.08,8,61.179965,False,True,1
9.71,29,61.205463,True,False,5
1.75,25,61.224711,False,True,3
-0.17,17,61.236251,False,True,1
1.73,27,61.257348,False,True,3
-0.31,31,61.282734,False,True,1
-0.03,3,61.283101,False,True,1
1.84,16,61.294673,False,True,3
-1.5,50,61.3341,False,False,4
9.8,20,61.350914,True,False,5
-0.03,3,61.353571,False,True,1
-0.28,28,61.37561,False,True,1
1.7,30,61.397754,False,True,3
-0.21,21,61.414158,False,True,1
1.87,13,61.425367,False,True,3
1.89,11,61.431689,False,True,3
-0.32,32,61.455381,False,True,1
-0.32,32,61.4799,False,True,1
1.78,22,61.497619,False,True,3
-0.23,23,61.515433,False,True,1
1.76,24,61.533368,False,True,3
1.73,27,61.55272,False,True,3
-0.3,30,61.575454,False,True,1
-0.01,1,61.57561,False,True,1
1.68,32,61.59971,False,True,3
1.82,18,61.615611,False,True,3
-0.01,1,61.615771,False,True,1
1.84,16,61.627743,False,True,3
-0.14,14,61.637122,False,True,1
1.83,17,61.65323,False,True,3
1.76,24,61.670962,False,True,3
1.81,19,61.683626,False,True,3
1.79,21,61.702358,False,True,3
-0.26,26,61.72233,False,True,1
9.6,40,61.751773,True,False,5
1.82,18,61.765984,False,True,3
-0.33,33,61.788809,False,True,1
-0.33,33,61.815078,False,True,1
-0.09,9,61.820749,False,True,1
1.85,15,61.832434,False,True,3
-0.21,21,61.846814,False,True,1
1.79,21,61.865533,False,True,3
-0.18,18,61.877533,False,True,1
-0.11,11,61.885702,False,True,1
1.71,29,61.906054,False,True,3
1.75,25,61.92506,False,True,3
-0.26,26,61.944666,False,True,1
-0.24,24,61.961949,False,True,1
-0.08,8,61.967305,False,True,1
1.77,23,61.984673,False,True,3
9.66,34,62.007505,True,False,5
1.7,30,62.029217,False,True,3
1.76,24,62.045312,False,True,3
9.7,30,62.066313,True,False,5
1.63,37,62.090812,False,True,3
1.76,24,62.107712,False,True,3
1.76,24,62.124125,False,True,3
-0.27,27,62.144943,False,True,1
-0.17,17,62.155983,False,True,1
-0.25,25,62.176101,False,True,1
9.84,16,62.187755,True,False,5
9.82,18,62.200716,True,False,5
1.86,14,62.212617,False,True,3
1.81,19,62.225556,False,True,3
1.82,18,62.239535,False,True,3
1.79,21,62.255088,False,True,3
1.94,6,62.260191,False,True,3
1.72,28,62.282465,False,True,3
-0.15,15,62.291629,False,True,1
-0.24,24,62.312033,False,True,1
1.71,29,62.335423,False,True,3
9.72,28,62.357966,True,False,5
1.77,23,62.375262,False,True,3
9.73,27,62.405549,True,False,5
1.75,25,62.425263,False,True,3
9.56,44,62.460792,True,False,5
1.73,27,62.481987,False,True,3
1.66,34,62.509271,False,True,3
-0.19,19,62.520825,False,True,1
1.8,20,62.535543,False,True,3
1.66,34,62.559774,False,True,3
9.72,28,62.583657,True,False,5
-0.1,10,62.590711,False,True,1
-0.21,21,62.608256,False,True,1
-0.2,20,62.624174,False,True,1
-0.22,22,62.639529,False,True,1
-0.3,30,62.661682,False,True,1
-0.31,31,62.680684,False,True,1
-0.26,26,62.699563,False,True,1
1.75,25,62.716586,False,True,3
1.81,19,62.730247,False,True,3
-0.27,27,62.748127,False,True,1
-0.21,21,62.762035,False,True,1
-0.22,22,62.776518,False,True,1
1.7,30,62.798552,False,True,3
1.81,19,62.81208,False,True,3
-0.24,24,62.829205,False,True,1
-0.2,20,62.843636,False,True,1
1.63,37,62.869133,False,True,3
-0.29,29,62.888141,False,True,1
1.65,35,62.911419,False,True,3
-0.24,24,62.928128,False,True,1
1.75,25,62.944342,False,True,3
1.74,26,62.964337,False,True,3
1.82,18,62.975458,False,True,3
-0.02,2,62.977956,False,True,1
1.76,24,62.995563,False,True,3
1.7,30,63.014905,False,True,3
-0.22,22,63.030861,False,True,1
-0.31,31,63.050723,False,True,1
9.74,26,63.069123,True,False,5
1.84,16,63.079668,False,True,3
-0.18,18,63.090226,False,True,1
1.78,22,63.107467,False,True,3
1.93,7,63.112677,False,True,3
-0.06,6,63.11562,False,True,1
1.8,20,63.129039,False,True,3
-0.03,3,63.131786,False,True,1
-0.18,18,63.143049,False,True,1
9.71,29,63.164826,True,False,5
-0.34,34,63.185917,False,True,1
9.73,27,63.205271,True,False,5
1.88,12,63.213503,False,True,3
-0.27,27,63.231844,False,True,1
1.77,23,63.245353,False,True,3
1.71,29,63.267375,False,True,3
-0.29,29,63.286176,False,True,1
-0.16,16,63.296639,False,True,1
-0.16,16,63.307197,False,True,1
-0.15,15,63.318038,False,True,1
-0.21,21,63.332312,False,True,1
9.62,38,63.356702,True,False,5
1.72,28,63.375275,False,True,3
1.83,17,63.38904,False,True,3
-0.05,5,63.391873,False,True,1
1.82,18,63.403066,False,True,3
1.69,31,63.424334,False,True,3
-0.35,35,63.449721,False,True,1
1.7,30,63.46876,False,True,3
9.71,29,63.490119,True,False,5
-0.36,36,63.514103,False,True,1
1.72,28,63.547739,False,True,3
1.83,17,63.558846,False,True,3
-0.3,30,63.5782,False,True,1
1.8,20,63.59135,False,True,3
-0.3,30,63.613187,False,True,1
1.77,23,63.629423,False,True,3
-0.29,29,63.648529,False,True,1
1.64,36,63.672704,False,True,3
-1.5,50,63.706624,False,False,4
1.67,33,63.730176,False,True,3
1.78,22,63.743491,False,True,3
1.7,30,63.764341,False,True,3
1.69,31,63.78449,False,True,3
1.8,20,63.798029,False,True,3
1.68,32,63.819161,False,True,3
1.82,18,63.83202,False,True,3
-0.12,12,63.840882,False,True,1
1.73,27,63.85985,False,True,3
-0.25,25,63.875699,False,True,1
9.68,32,63.896504,True,False,5
1.85,15,63.908426,False,True,3
-0.14,14,63.917409,False,True,1
-0.18,18,63.930954,False,True,1
1.73,27,63.946964,False,True,3
-0.31,31,63.968726,False,True,1
1.64,36,63.993325,False,True,3
-0.27,27,64.011244,False,True,1
-0.25,25,64.027548,False,True,1
9.7,30,64.050227,True,False,5
-0.21,21,64.064541,False,True,1
1.7,30,64.083855,False,True,3
1.78,22,64.099599,False,True,3
1.85,15,64.110695,False,True,3
1.87,13,64.11903,False,True,3
-0.19,19,64.132383,False,True,1
-0.14,14,64.140879,False,True,1
1.74,26,64.161211,False,True,3
-0.23,23,64.175855,False,True,1
-0.25,25,64.194148,False,True,1
-0.32,32,64.214995,False,True,1
9.71,29,64.234788,True,False,5
-0.28,28,64.253997,False,True,1
9.91,9,64.259556,True,False,5
-0.1,10,64.267379,False,True,1
-0.19,19,64.279181,False,True,1
-0.25,25,64.297747,False,True,1
1.7,30,64.317356,False,True,3
-0.19,19,64.33012,False,True,1
-0.22,22,64.344474,False,True,1
-0.06,6,64.349763,False,True,1
1.73,27,64.368627,False,True,3
9.8,20,64.381993,True,False,5
1.8,20,64.39772,False,True,3
1.69,31,64.418489,False,True,3
-0.3,30,64.439606,False,True,1
-0.26,26,64.456298,False,True,1
-0.18,18,64.470745,False,True,1
9.75,25,64.487275,True,False,5
-0.28,28,64.505731,False,True,1
1.78,22,64.521603,False,True,3
-0.16,16,64.533242,False,True,1
1.66,34,64.555712,False,True,3
-0.31,31,64.576626,False,True,1
-0.33,33,64.598179,False,True,1
1.65,35,64.622776,False,True,3
9.58,42,64.650061,True,False,5
1.67,33,64.673718,False,True,3
9.91,9,64.679366,True,False,5
-0.21,21,64.693998,False,True,1
1.69,31,64.715772,False,True,3
-0.11,11,64.723946,False,True,1
-0.18,18,64.735474,False,True,1
-0.18,18,64.75072,False,True,1
1.71,29,64.771661,False,True,3
9.75,25,64.788629,True,False,5
-0.29,29,64.807336,False,True,1
1.66,34,64.832733,False,True,3
1.76,24,64.848528,False,True,3
-0.28,28,64.867359,False,True,1
-0.32,32,64.88848,False,True,1
1.8,20,64.903495,False,True,3
1.7,30,64.92277,False,True,3
-0.33,33,64.946116,False,True,1
1.76,24,64.961754,False,True,3
-0.27,27,64.97944,False,True,1
1.66,34,65.00315,False,True,3
-0.31,31,65.02478,False,True,1
1.83,17,65.035634,False,True,3
-0.31,31,65.058087,False,True,1
-0.36,36,65.082263,False,True,1
-0.3,30,65.101373,False,True,1
1.7,30,65.122605,False,True,3
9.77,23,65.137475,True,False,5
1.84,16,65.148649,False,True,3
-0.28,28,65.167883,False,True,1
-0.19,19,65.18145,False,True,1
-0.24,24,65.198344,False,True,1
9.75,25,65.214296,True,False,5
1.61,39,65.240826,False,True,3
-0.34,34,65.264898,False,True,1
-0.31,31,65.284911,False,True,1
-0.25,25,65.303941,False,True,1
9.7,30,65.323042,True,False,5
-0.2,20,65.33669,False,True,1
1.74,26,65.356502,False,True,3
-0.29,29,65.378219,False,True,1
-1.5,50,65.414683,False,False,4
-0.24,24,65.433576,False,True,1
0.84,16,65.445873,False,True,2
1.78,22,65.464227,False,True,3
-0.27,27,65.485777,False,True,1
1.82,18,65.497831,False,True,3
9.79,21,65.514063,True,False,5
-0.28,28,65.535233,False,True,1
1.67,33,65.562524,False,True,3
-0.22,22,65.578083,False,True,1
-0.15,15,65.590371,False,True,1
-0.16,16,65.604329,False,True,1
-0.05,5,65.608024,False,True,1
-0.3,30,65.631023,False,True,1
-0.14,14,65.639979,False,True,1
1.81,19,65.655006,False,True,3
1.88,12,65.663595,False,True,3
-0.13,13,65.671929,False,True,1
1.72,28,65.692042,False,True,3
1.7,30,65.714054,False,True,3
-0.24,24,65.730453,False,True,1
1.8,20,65.744336,False,True,3
-0.26,26,65.762687,False,True,1
9.72,28,65.783846,True,False,5
-0.2,20,65.798128,False,True,1
1.77,23,65.814875,False,True,3
1.77,23,65.832435,False,True,3
1.72,28,65.852854,False,True,3
-0.13,13,65.862674,False,True,1
1.86,14,65.872325,False,True,3
1.71,29,65.898177,False,True,3
-0.29,29,65.919194,False,True,1
1.84,16,65.931051,False,True,3
