#{"t_start": 1787334549.554027, "env_id": "None"}
r,l,t
-0.04,4,0.473796
-0.17,17,0.479531
-0.02,2,0.48028
0.94,6,0.482205
0.93,7,0.48456
0.85,15,0.489441
1.95,5,0.491212
-0.12,12,0.495094
0.8,20,0.501127
-0.01,1,0.501522
-0.07,7,0.503693
-0.27,27,0.511749
-0.08,8,0.626935
-0.04,4,0.62836
-0.05,5,0.629974
-0.15,15,0.634642
1.9,10,0.63841
-0.09,9,0.64179
-0.03,3,0.642854
1.88,12,0.646985
-0.03,3,0.648267
0.61,39,0.660808
0.91,9,0.663676
-0.09,9,0.666506
1.95,5,0.668368
-0.1,10,0.794813
-0.08,8,0.797386
-0.04,4,0.798687
1.94,6,0.800578
-0.05,5,0.802626
0.85,15,0.8074
-0.03,3,0.808417
1.94,6,0.810293
-0.1,10,0.813551
-0.06,6,0.815614
-0.01,1,0.816017
-0.02,2,0.81672
-0.02,2,0.817414
1.87,13,0.821382
1.97,3,0.822378
1.84,16,0.827961
-0.06,6,0.830092
-0.03,3,0.831125
-0.04,4,0.832412
0.79,21,0.929515
-0.02,2,0.930296
-0.02,2,0.931006
-0.02,2,0.931712
-0.02,2,0.932413
-0.01,1,0.932813
1.75,25,0.940354
-0.17,17,0.945476
-0.06,6,0.947365
1.84,16,0.952495
-0.01,1,0.952928
-0.02,2,0.953618
-0.12,12,0.957241
-0.06,6,0.959492
1.91,9,0.962639
-0.02,2,0.963424
2.9,10,1.087417
-0.06,6,1.089531
-0.06,6,1.091442
-0.02,2,1.092138
-0.05,5,1.093725
-0.03,3,1.094707
0.91,9,1.098048
-0.03,3,1.099311
-0.02,2,1.100033
-0.05,5,1.101623
-0.11,11,1.104953
-0.03,3,1.105926
0.92,8,1.10892
1.9,10,1.11207
-0.04,4,1.113353
0.87,13,1.117679
1.9,10,1.121067
1.94,6,1.123007
2.9,10,1.126204
-0.08,8,1.128742
-0.08,8,1.20532
-0.05,5,1.207003
-0.02,2,1.207701
1.92,8,1.210568
-0.07,7,1.212825
0.83,17,1.219048
1.89,11,1.222615
-0.02,2,1.223421
-0.03,3,1.224424
-0.09,9,1.227402
-0.05,5,1.229057
-0.05,5,1.230627
1.79,21,1.236951
1.88,12,1.240557
-0.01,1,1.240943
-0.17,17,1.351921
0.92,8,1.354521
1.71,29,1.363046
-0.06,6,1.364892
1.93,7,1.36702
-0.09,9,1.369721
-0.08,8,1.372135
1.83,17,1.377125
-0.07,7,1.379258
-0.09,9,1.38195
-0.03,3,1.382918
-0.01,1,1.383299
1.94,6,1.385253
-0.03,3,1.386353
5.89,11,1.389804
-0.13,13,1.51233
1.94,6,1.514301
-0.03,3,1.515296
-0.02,2,1.515983
-0.02,2,1.516668
1.92,8,1.519725
1.88,12,1.523555
1.86,14,1.527863
-0.05,5,1.529648
0.93,7,1.531926
-0.13,13,1.535908
-0.03,3,1.536894
-0.06,6,1.538845
0.88,12,1.54279
-0.01,1,1.543222
3.91,9,1.546063
-0.1,10,1.549222
-0.07,7,1.630244
-0.01,1,1.630732
-0.05,5,1.632392
1.86,14,1.636724
-0.03,3,1.637741
1.95,5,1.639346
-0.05,5,1.640935
-0.04,4,1.642226
3.83,17,1.647393
1.93,7,1.649593
0.82,18,1.655027
-0.09,9,1.657784
0.9,10,1.661298
1.85,15,1.665936
-0.03,3,1.666935
1.94,6,1.668966
3.87,13,1.769339
-0.05,5,1.770994
-0.1,10,1.774074
-0.06,6,1.77628
0.9,10,1.779515
-0.02,2,1.780219
-0.04,4,1.781504
0.94,6,1.78337
1.97,3,1.784358
1.91,9,1.787097
-0.02,2,1.788034
0.9,10,1.791189
1.95,5,1.792759
-0.02,2,1.793435
1.9,10,1.796405
-0.09,9,1.799547
1.97,3,1.800656
-0.06,6,1.802855
-0.01,1,1.803281
-0.09,9,1.806117
-0.02,2,1.806821
-0.04,4,1.808182
1.95,5,1.875215
-0.05,5,1.876837
0.91,9,1.879518
-0.03,3,1.880484
-0.01,1,1.880875
3.9,10,1.884227
-0.02,2,1.884992
-0.07,7,1.887182
-0.04,4,1.888494
-0.04,4,1.889919
-0.03,3,1.890922
-0.01,1,1.891312
-0.01,1,1.891807
1.93,7,1.89438
1.91,9,1.897198
0.95,5,1.898777
0.89,11,1.902523
-0.04,4,1.903992
1.95,5,1.905668
-0.08,8,1.908288
1.93,7,1.910875
-0.05,5,1.912564
-0.01,1,1.912965
1.92,8,1.915445
-0.02,2,1.916132
1.9,10,1.990853
1.97,3,1.99195
-0.01,1,1.992364
1.96,4,1.993661
5.85,15,1.998615
1.89,11,2.002353
0.95,5,2.003964
-0.05,5,2.005531
-0.1,10,2.008965
-0.02,2,2.009696
-0.12,12,2.013337
-0.02,2,2.014043
-0.01,1,2.014423
-0.01,1,2.014804
-0.12,12,2.018707
1.88,12,2.022577
1.96,4,2.023872
-0.07,7,2.026284
-0.07,7,2.028549
-0.03,3,2.02955
0.94,6,2.113316
1.93,7,2.115563
-0.03,3,2.116546
-0.01,1,2.116953
0.97,3,2.118108
0.92,8,2.120686
1.96,4,2.121974
3.84,16,2.12703
-0.04,4,2.128396
1.91,9,2.131253
-0.02,2,2.131943
3.92,8,2.13456
3.94,6,2.136517
1.96,4,2.137973
1.95,5,2.139726
1.96,4,2.141085
-0.02,2,2.142133
-0.02,2,2.142986
1.93,7,2.145235
1.91,9,2.148344
3.92,8,2.151024
1.88,12,2.154762
5.88,12,2.284451
-0.03,3,2.285522
3.92,8,2.288008
1.94,6,2.290299
-0.03,3,2.291377
-0.01,1,2.291798
1.86,14,2.296153
1.91,9,2.298959
-0.02,2,2.299863
1.94,6,2.301811
-0.04,4,2.303097
-0.02,2,2.303782
1.95,5,2.305408
-0.02,2,2.306146
1.97,3,2.307471
1.91,9,2.311661
-0.01,1,2.312149
3.91,9,2.316409
1.96,4,2.317779
0.95,5,2.319389
3.89,11,2.323601
1.92,8,2.326341
-0.02,2,2.417476
3.93,7,2.419896
1.94,6,2.422057
-0.01,1,2.422582
1.94,6,2.424611
-0.04,4,2.425901
-0.03,3,2.427392
-0.08,8,2.430445
1.94,6,2.432958
2.95,5,2.434791
0.93,7,2.437273
1.97,3,2.438742
1.94,6,2.440709
1.96,4,2.442011
1.96,4,2.443312
1.92,8,2.445751
3.93,7,2.447966
3.91,9,2.450769
1.96,4,2.452068
3.92,8,2.454526
1.94,6,2.4564
-0.02,2,2.457612
-0.04,4,2.459382
-0.01,1,2.459856
1.97,3,2.461084
0.94,6,2.5358
-0.02,2,2.536651
5.91,9,2.539464
0.96,4,2.540758
-0.01,1,2.541153
3.93,7,2.543395
3.93,7,2.546121
-0.01,1,2.546604
0.95,5,2.548693
-0.02,2,2.549593
-0.08,8,2.5525
-0.01,1,2.552959
3.93,7,2.555689
-0.04,4,2.557292
1.97,3,2.558374
-0.01,1,2.558895
-0.03,3,2.560029
-0.03,3,2.561099
0.93,7,2.563509
1.92,8,2.56684
1.93,7,2.569228
1.93,7,2.571457
-0.03,3,2.57244
-0.01,1,2.572837
1.93,7,2.575354
1.92,8,2.578345
1.95,5,2.580251
-0.02,2,2.581061
1.93,7,2.64852
2.94,6,2.650836
1.97,3,2.651937
-0.02,2,2.652652
1.97,3,2.653651
5.91,9,2.65641
5.9,10,2.660364
-0.01,1,2.660782
1.97,3,2.661802
1.94,6,2.663689
3.93,7,2.665941
-0.03,3,2.667382
3.94,6,2.669961
1.92,8,2.672965
3.94,6,2.674946
1.93,7,2.677422
-0.02,2,2.678217
1.97,3,2.679366
3.94,6,2.681442
-0.04,4,2.682811
1.93,7,2.685624
-0.01,1,2.686084
-0.01,1,2.686488
1.96,4,2.688026
-0.02,2,2.688969
-0.02,2,2.689788
3.95,5,2.691383
-0.01,1,2.691857
-0.01,1,2.692328
1.93,7,2.767088
3.95,5,2.76928
3.93,7,2.771565
-0.03,3,2.772627
1.9,10,2.77571
0.94,6,2.778299
-0.01,1,2.778766
-0.01,1,2.779178
1.94,6,2.781171
5.93,7,2.78343
13.88,12,2.787462
1.95,5,2.789299
-0.03,3,2.790329
1.95,5,2.791909
13.88,12,2.79561
-0.01,1,2.796007
1.96,4,2.797284
1.97,3,2.798266
3.94,6,2.800733
-0.01,1,2.801124
1.97,3,2.802119
-0.01,1,2.802516
1.96,4,2.803786
3.93,7,2.805953
1.97,3,2.806939
-0.01,1,2.807346
1.97,3,2.808322
-0.03,3,2.809968
-0.02,2,2.810755
3.93,7,2.896509
1.97,3,2.897706
3.94,6,2.900023
3.95,5,2.901673
-0.03,3,2.902669
-0.01,1,2.903066
-0.04,4,2.904833
1.92,8,2.907903
3.91,9,2.910809
-0.02,2,2.911813
-0.01,1,2.91226
5.92,8,2.915568
3.95,5,2.917277
1.94,6,2.919149
-0.01,1,2.919533
-0.01,1,2.919929
-0.01,1,2.920302
1.96,4,2.921588
-0.01,1,2.922
-0.03,3,2.922978
-0.03,3,2.923945
3.95,5,2.925976
3.95,5,2.927533
1.96,4,2.928776
3.93,7,2.930882
-0.02,2,2.931564
-0.04,4,2.932842
-0.02,2,2.93351
-0.03,3,2.935002
1.96,4,2.936422
1.95,5,2.938354
-0.03,3,2.939871
1.94,6,3.024114
-0.01,1,3.024795
3.94,6,3.027536
5.93,7,3.029823
1.97,3,3.030936
-0.01,1,3.031371
3.93,7,3.034245
-0.01,1,3.034702
3.93,7,3.037652
0.96,4,3.039059
-0.02,2,3.039772
-0.01,1,3.040169
5.9,10,3.043609
-0.01,1,3.044038
-0.01,1,3.044532
13.84,16,3.049879
1.92,8,3.074012
1.95,5,3.075875
3.93,7,3.082778
1.94,6,3.08514
3.93,7,3.087815
-0.01,1,3.08825
3.94,6,3.090347
1.97,3,3.091336
3.94,6,3.093564
1.97,3,3.094619
-0.02,2,3.095545
-0.01,1,3.096145
1.95,5,3.195958
-0.01,1,3.196441
1.96,4,3.197797
1.96,4,3.199093
1.97,3,3.200652
-0.02,2,3.201468
-0.03,3,3.202522
3.95,5,3.204156
1.96,4,3.205706
-0.02,2,3.206471
-0.02,2,3.207194
1.97,3,3.208366
-0.01,1,3.208912
-0.02,2,3.209803
13.9,10,3.213087
-0.01,1,3.2135
-0.03,3,3.21452
-0.02,2,3.215214
-0.01,1,3.215606
-0.02,2,3.216359
-0.01,1,3.216873
5.9,10,3.220215
-0.02,2,3.220923
1.97,3,3.221915
1.97,3,3.222915
-0.01,1,3.223306
1.95,5,3.224997
-0.02,2,3.225801
-0.01,1,3.226338
-0.02,2,3.227102
5.93,7,3.229493
3.93,7,3.231763
5.91,9,3.234851
1.95,5,3.237051
3.92,8,3.239776
1.95,5,3.241457
-0.02,2,3.319568
1.97,3,3.320652
-0.02,2,3.32135
3.94,6,3.3232
-0.02,2,3.323885
-0.03,3,3.32485
5.92,8,3.32727
-0.01,1,3.327648
1.97,3,3.329323
-0.01,1,3.329899
-0.03,3,3.33113
5.92,8,3.334224
5.93,7,3.336472
-0.01,1,3.336865
-0.02,2,3.337555
-0.02,2,3.338423
1.97,3,3.33986
5.91,9,3.343769
1.96,4,3.345445
1.97,3,3.346899
5.91,9,3.34998
1.96,4,3.351554
-0.02,2,3.352288
3.93,7,3.354463
3.93,7,3.356621
1.96,4,3.357893
5.91,9,3.36183
1.95,5,3.363632
1.97,3,3.364679
0.97,3,3.365717
-0.01,1,3.366114
3.95,5,3.438887
-0.02,2,3.43966
1.95,5,3.441305
5.93,7,3.443507
-0.01,1,3.443911
1.97,3,3.444912
-0.01,1,3.44534
1.96,4,3.446624
1.96,4,3.448386
1.97,3,3.449596
-0.04,4,3.451296
1.97,3,3.452417
1.97,3,3.453475
5.93,7,3.455716
-0.01,1,3.456113
3.95,5,3.457761
1.97,3,3.458865
-0.01,1,3.459299
-0.05,5,3.460925
-0.01,1,3.46133
-0.01,1,3.461726
-0.01,1,3.462112
1.96,4,3.46343
3.93,7,3.465632
-0.01,1,3.466033
1.97,3,3.467162
1.96,4,3.468683
1.96,4,3.470133
3.93,7,3.472326
3.91,9,3.475186
-0.01,1,3.475681
3.92,8,3.478232
3.94,6,3.480177
3.91,9,3.550427
-0.01,1,3.550969
-0.01,1,3.551436
-0.01,1,3.551884
3.94,6,3.553878
-0.01,1,3.554312
-0.02,2,3.555003
1.97,3,3.556007
-0.03,3,3.557046
-0.04,4,3.558544
3.95,5,3.56034
-0.01,1,3.560757
1.95,5,3.562377
3.92,8,3.565649
3.95,5,3.567613
1.97,3,3.569553
1.97,3,3.572515
4.91,9,3.581982
3.95,5,3.584235
1.96,4,3.593776
-0.03,3,3.59671
1.97,3,3.615368
5.93,7,3.623348
3.93,7,3.641304
1.95,5,3.646498
5.93,7,3.648895
-0.01,1,3.650456
1.95,5,3.653681
3.93,7,3.656105
-0.02,2,3.656892
1.96,4,3.658623
1.95,5,3.781859
3.94,6,3.784436
1.97,3,3.785851
-0.02,2,3.786604
3.94,6,3.78854
1.97,3,3.789569
-0.01,1,3.789985
5.93,7,3.79251
1.97,3,3.794178
-0.01,1,3.794629
-0.01,1,3.795037
-0.02,2,3.795738
-0.01,1,3.796128
1.95,5,3.797727
-0.01,1,3.798119
0.97,3,3.799118
1.97,3,3.800398
5.92,8,3.804645
-0.01,1,3.80515
1.97,3,3.806363
3.91,9,3.810134
3.93,7,3.812419
3.94,6,3.814304
1.95,5,3.815863
1.93,7,3.819965
3.94,6,3.823962
13.91,9,3.828331
3.94,6,3.830345
-0.01,1,3.830746
3.95,5,3.832306
1.93,7,3.906778
-0.01,1,3.907274
-0.01,1,3.907666
1.96,4,3.908991
-0.02,2,3.909727
1.97,3,3.910719
1.97,3,3.911701
1.95,5,3.913294
5.92,8,3.916245
3.93,7,3.91889
3.94,6,3.920861
1.95,5,3.922445
1.97,3,3.923449
1.96,4,3.924725
1.96,4,3.926135
5.92,8,3.928558
1.96,4,3.929817
5.92,8,3.93221
-0.01,1,3.932588
1.97,3,3.933547
3.95,5,3.935374
1.97,3,3.936858
5.93,7,3.939491
13.88,12,3.943951
-0.02,2,3.944881
3.93,7,3.947435
-0.01,1,3.947877
1.97,3,3.948867
1.96,4,3.950479
3.94,6,4.073662
1.95,5,4.078871
-0.03,3,4.07998
-0.02,2,4.080698
-0.01,1,4.081102
-0.02,2,4.081804
-0.01,1,4.082203
-0.01,1,4.08261
1.97,3,4.083633
-0.01,1,4.084035
1.95,5,4.085905
1.95,5,4.087689
-0.01,1,4.088135
3.94,6,4.09052
-0.01,1,4.090987
-0.01,1,4.091398
-0.01,1,4.091924
1.94,6,4.093971
5.93,7,4.096699
1.96,4,4.098502
-0.01,1,4.098991
-0.02,2,4.099738
-0.02,2,4.100467
3.94,6,4.10261
-0.01,1,4.103089
-0.01,1,4.103503
1.96,4,4.105275
5.9,10,4.108711
-0.01,1,4.109269
5.92,8,4.112379
1.96,4,4.115047
3.95,5,4.11773
3.95,5,4.119445
1.94,6,4.12213
-0.01,1,4.122663
1.96,4,4.124068
-0.02,2,4.125254
1.97,3,4.126544
3.94,6,4.255276
3.95,5,4.257041
1.97,3,4.258071
-0.01,1,4.258865
-0.02,2,4.259727
1.97,3,4.263909
1.97,3,4.268554
1.97,3,4.269939
1.97,3,4.271022
1.97,3,4.272111
-0.02,2,4.272846
1.96,4,4.274185
-0.01,1,4.274585
3.94,6,4.277288
3.94,6,4.279845
3.94,6,4.281876
1.96,4,4.283202
-0.01,1,4.283597
3.95,5,4.285277
3.95,5,4.28852
3.94,6,4.291036
-0.01,1,4.291588
3.95,5,4.293415
-0.01,1,4.293855
1.97,3,4.294869
-0.01,1,4.295293
5.91,9,4.298111
1.96,4,4.300305
3.95,5,4.302112
5.91,9,4.305183
1.96,4,4.306506
1.94,6,4.308333
1.97,3,4.309545
1.97,3,4.381521
3.95,5,4.383283
3.95,5,4.384938
1.97,3,4.385921
-0.01,1,4.38631
1.94,6,4.388181
1.97,3,4.389165
1.97,3,4.39042
-0.01,1,4.391103
-0.01,1,4.391598
5.92,8,4.394285
-0.01,1,4.394689
1.97,3,4.395682
1.96,4,4.396978
3.95,5,4.398565
-0.01,1,4.398949
1.95,5,4.40141
1.97,3,4.402594
3.95,5,4.404759
-0.01,1,4.405203
1.97,3,4.406193
3.94,6,4.40809
-0.01,1,4.408475
-0.01,1,4.409186
1.97,3,4.410363
1.95,5,4.412416
-0.02,2,4.413152
-0.02,2,4.413931
-0.01,1,4.41437
5.93,7,4.416639
1.97,3,4.417637
-0.01,1,4.418039
1.97,3,4.41903
-0.01,1,4.41976
3.95,5,4.421902
-0.01,1,4.42231
1.97,3,4.423296
5.93,7,4.425526
13.87,13,4.499956
3.94,6,4.501979
3.93,7,4.504238
1.97,3,4.505287
1.97,3,4.506437
-0.01,1,4.506998
1.97,3,4.509292
13.89,11,4.512815
1.97,3,4.513809
-0.01,1,4.5142
-0.01,1,4.514584
1.97,3,4.515573
-0.03,3,4.516585
-0.01,1,4.516968
1.97,3,4.517947
-0.01,1,4.518336
1.95,5,4.519907
1.97,3,4.5209
1.97,3,4.52189
3.92,8,4.524372
0.97,3,4.525357
1.96,4,4.527195
3.93,7,4.529548
1.97,3,4.530599
3.94,6,4.532508
1.97,3,4.533695
3.95,5,4.536093
-0.01,1,4.536953
-0.01,1,4.537491
-0.01,1,4.538043
-0.01,1,4.5385
-0.01,1,4.538892
1.97,3,4.539896
1.97,3,4.540895
1.97,3,4.541889
5.92,8,4.545017
1.97,3,4.633807
13.91,9,4.636683
1.94,6,4.638526
1.97,3,4.6395
3.94,6,4.641353
1.97,3,4.64258
3.95,5,4.644126
-0.01,1,4.64451
1.96,4,4.645748
5.93,7,4.647861
1.97,3,4.648817
1.97,3,4.649771
5.92,8,4.65325
1.96,4,4.65489
1.96,4,4.656486
-0.01,1,4.657119
3.94,6,4.659221
3.94,6,4.66113
-0.01,1,4.661521
-0.01,1,4.661918
13.88,12,4.666273
-0.02,2,4.666985
1.96,4,4.668325
13.89,11,4.671697
-0.02,2,4.672806
-0.01,1,4.673398
3.93,7,4.675885
1.97,3,4.676879
-0.01,1,4.677267
1.96,4,4.759044
1.96,4,4.760475
1.97,3,4.761492
1.97,3,4.762503
3.94,6,4.764411
-0.01,1,4.764799
0.97,3,4.765787
1.96,4,4.767326
5.88,12,4.771062
1.97,3,4.772051
3.95,5,4.773624
1.97,3,4.774599
-0.02,2,4.77529
1.96,4,4.77764
-0.01,1,4.778193
1.97,3,4.779279
-0.01,1,4.779674
1.97,3,4.780671
1.96,4,4.781941
1.97,3,4.782921
5.91,9,4.785682
1.97,3,4.78669
-0.01,1,4.787072
-0.01,1,4.787798
5.93,7,4.790597
-0.01,1,4.791054
3.95,5,4.792944
-0.02,2,4.793667
-0.01,1,4.79408
13.91,9,4.796863
1.96,4,4.798515
1.97,3,4.799739
1.97,3,4.800763
1.96,4,4.802074
1.96,4,4.803368
1.97,3,4.887225
-0.01,1,4.887691
1.95,5,4.889322
3.91,9,4.892122
1.97,3,4.893121
1.97,3,4.89411
1.97,3,4.895121
-0.01,1,4.89575
-0.01,1,4.896295
-0.02,2,4.897046
1.97,3,4.898078
-0.01,1,4.898471
-0.01,1,4.898964
-0.01,1,4.899524
-0.01,1,4.900155
1.97,3,4.901321
1.97,3,4.902444
1.97,3,4.903471
1.97,3,4.90449
-0.01,1,4.904886
-0.03,3,4.906249
5.93,7,4.90875
-0.01,1,4.909231
13.88,12,4.913101
3.95,5,4.914732
13.9,10,4.917912
-0.01,1,4.918316
-0.01,1,4.918707
-0.01,1,4.919162
-0.01,1,4.919568
3.95,5,4.921338
13.91,9,4.924187
1.97,3,4.925175
5.93,7,4.927607
1.97,3,4.928727
1.96,4,4.930139
-0.01,1,4.930545
-0.01,1,4.930947
5.93,7,5.035159
-0.01,1,5.035642
-0.01,1,5.036042
1.97,3,5.037042
3.94,6,5.039032
-0.01,1,5.039449
-0.01,1,5.039837
1.97,3,5.040823
1.97,3,5.04186
3.94,6,5.044232
-0.01,1,5.044729
3.94,6,5.04668
1.95,5,5.048274
-0.01,1,5.048665
3.95,5,5.050248
3.95,5,5.051834
3.95,5,5.053411
3.94,6,5.055852
3.93,7,5.058312
5.93,7,5.060871
3.95,5,5.06264
13.9,10,5.065876
1.97,3,5.066907
-0.02,2,5.068316
-0.01,1,5.068793
-0.01,1,5.069199
-0.02,2,5.069919
3.95,5,5.071588
5.93,7,5.074466
-0.01,1,5.075077
1.97,3,5.076245
1.96,4,5.077613
3.93,7,5.153857
1.97,3,5.155093
1.97,3,5.156185
3.95,5,5.158006
1.97,3,5.159489
-0.01,1,5.159984
-0.01,1,5.160409
-0.01,1,5.160813
5.92,8,5.163621
1.97,3,5.16467
-0.01,1,5.165084
1.97,3,5.166093
-0.01,1,5.166555
1.96,4,5.168127
1.97,3,5.169153
1.97,3,5.170142
4.93,7,5.172304
3.95,5,5.174112
1.97,3,5.175319
3.95,5,5.177108
1.97,3,5.178138
1.97,3,5.179429
1.96,4,5.18078
3.95,5,5.182376
1.97,3,5.183632
-0.01,1,5.184066
-0.01,1,5.184462
-0.01,1,5.184855
1.97,3,5.185871
3.95,5,5.187807
1.97,3,5.188872
1.97,3,5.189867
-0.01,1,5.190264
1.96,4,5.191535
3.95,5,5.193655
1.97,3,5.194714
-0.01,1,5.195118
5.92,8,5.197741
-0.01,1,5.198178
3.95,5,5.200133
1.97,3,5.302123
-0.01,1,5.302591
1.97,3,5.303577
-0.03,3,5.304559
-0.01,1,5.304936
3.95,5,5.306487
1.97,3,5.307464
-0.01,1,5.307847
-0.01,1,5.30822
1.97,3,5.309171
-0.01,1,5.309544
1.97,3,5.310516
-0.01,1,5.311188
1.96,4,5.312672
-0.01,1,5.313077
1.97,3,5.314077
3.95,5,5.315658
-0.01,1,5.316039
1.97,3,5.31731
1.97,3,5.318386
1.97,3,5.319387
-0.01,1,5.319776
1.97,3,5.320888
1.97,3,5.322059
1.95,5,5.32367
3.95,5,5.3255
3.94,6,5.327511
3.91,9,5.330297
3.94,6,5.332384
3.93,7,5.334843
3.94,6,5.336816
3.94,6,5.338762
13.9,10,5.342121
3.95,5,5.343707
-0.01,1,5.34409
1.96,4,5.345356
3.95,5,5.424188
3.94,6,5.426504
-0.03,3,5.427562
1.96,4,5.42889
-0.01,1,5.429283
1.93,7,5.431454
1.97,3,5.432434
1.97,3,5.433508
-0.01,1,5.433905
-0.01,1,5.434302
-0.01,1,5.434688
1.97,3,5.435666
-0.02,2,5.436348
5.92,8,5.438793
3.94,6,5.440714
1.97,3,5.44196
-0.01,1,5.442478
-0.01,1,5.442907
1.96,4,5.444526
-0.01,1,5.444966
1.97,3,5.445964
-0.01,1,5.446354
1.96,4,5.447638
1.97,3,5.448626
1.97,3,5.449631
1.97,3,5.451001
-0.01,1,5.451481
-0.03,3,5.452486
1.96,4,5.453897
-0.01,1,5.454316
3.95,5,5.455964
5.93,7,5.458249
1.97,3,5.45943
-0.01,1,5.459826
1.97,3,5.46082
3.95,5,5.462396
13.91,9,5.465144
-0.01,1,5.465529
1.97,3,5.466733
1.97,3,5.538103
5.93,7,5.54071
-0.01,1,5.541331
-0.01,1,5.541787
-0.02,2,5.542534
-0.01,1,5.542924
1.97,3,5.54393
1.96,4,5.545227
1.97,3,5.546207
1.97,3,5.547442
1.97,3,5.548532
1.97,3,5.549534
-0.02,2,5.550325
-0.01,1,5.550757
1.97,3,5.551782
-0.01,1,5.552185
1.96,4,5.553488
1.97,3,5.5545
-0.01,1,5.554901
-0.01,1,5.555286
1.97,3,5.556299
3.95,5,5.557905
1.95,5,5.559706
1.96,4,5.561039
3.94,6,5.562927
5.92,8,5.565412
3.95,5,5.567361
-0.01,1,5.567889
3.95,5,5.569659
3.95,5,5.571253
5.92,8,5.573705
-0.01,1,5.574091
1.97,3,5.575073
1.97,3,5.576041
13.9,10,5.579634
1.97,3,5.580635
-0.02,2,5.581313
-0.02,2,5.581989
-0.02,2,5.656147
-0.01,1,5.656655
-0.01,1,5.657081
0.97,3,5.65815
3.95,5,5.659897
1.97,3,5.660907
1.97,3,5.661888
5.92,8,5.664339
1.96,4,5.665624
3.95,5,5.667523
-0.01,1,5.668006
3.95,5,5.669641
-0.01,1,5.670056
-0.01,1,5.670442
-0.02,2,5.671122
-0.01,1,5.671508
-0.03,3,5.672482
-0.01,1,5.672872
-0.03,3,5.673852
-0.01,1,5.674234
1.97,3,5.675211
3.95,5,5.676987
1.97,3,5.67802
1.95,5,5.6796
1.96,4,5.68088
2.94,6,5.682751
1.97,3,5.683735
3.94,6,5.685587
5.93,7,5.687747
-0.01,1,5.68813
3.95,5,5.68969
-0.01,1,5.690072
3.95,5,5.691641
3.94,6,5.693493
3.92,8,5.695948
1.95,5,5.697975
5.92,8,5.765401
3.94,6,5.767316
-0.01,1,5.767711
1.97,3,5.768669
1.97,3,5.769625
3.95,5,5.771173
-0.01,1,5.771555
1.97,3,5.772624
-0.01,1,5.77321
5.92,8,5.775825
1.97,3,5.776825
1.97,3,5.77781
-0.01,1,5.778193
1.97,3,5.779167
1.97,3,5.780299
1.97,3,5.781428
-0.01,1,5.781825
-0.01,1,5.782212
3.95,5,5.784281
1.97,3,5.785326
3.94,6,5.787192
5.93,7,5.789388
-0.01,1,5.789849
5.92,8,5.792852
1.97,3,5.793907
3.94,6,5.795831
1.96,4,5.797134
-0.01,1,5.797532
-0.01,1,5.797922
1.97,3,5.79891
1.94,6,5.800778
3.95,5,5.802357
3.95,5,5.804275
-0.01,1,5.804756
1.97,3,5.805785
5.91,9,5.875281
-0.01,1,5.875773
-0.01,1,5.876197
5.92,8,5.878727
-0.01,1,5.879461
-0.01,1,5.879964
1.97,3,5.881016
2.95,5,5.882706
1.97,3,5.883893
-0.01,1,5.884295
1.95,5,5.885908
-0.01,1,5.886296
5.93,7,5.888454
-0.01,1,5.888834
1.96,4,5.890098
-0.02,2,5.89079
1.96,4,5.89222
3.94,6,5.894175
1.95,5,5.895772
1.97,3,5.896743
3.95,5,5.898306
3.94,6,5.900157
-0.01,1,5.900545
1.97,3,5.901509
-0.01,1,5.901892
3.95,5,5.903459
-0.01,1,5.903841
-0.01,1,5.90421
3.95,5,5.905758
-0.02,2,5.906637
1.97,3,5.907702
3.95,5,5.909275
1.96,4,5.910525
-0.01,1,5.9109
1.97,3,5.911865
1.97,3,5.912822
-0.01,1,5.913192
3.95,5,5.914733
1.96,4,5.915973
1.97,3,5.981943
3.93,7,5.984223
1.96,4,5.985497
1.97,3,5.986697
-0.01,1,5.987138
3.95,5,5.988753
5.92,8,5.991633
1.97,3,5.99271
1.97,3,5.993716
1.97,3,5.994701
-0.01,1,5.995087
5.93,7,5.997265
-0.01,1,5.997649
3.95,5,5.999238
1.97,3,6.000214
1.97,3,6.001433
3.95,5,6.003217
1.96,4,6.004525
-0.01,1,6.004912
1.97,3,6.00591
3.95,5,6.007501
1.94,6,6.009671
3.95,5,6.011502
1.97,3,6.012615
-0.01,1,6.013013
5.93,7,6.015207
13.89,11,6.018811
1.97,3,6.01985
3.95,5,6.021486
3.95,5,6.023098
1.97,3,6.024099
3.95,5,6.099895
1.97,3,6.100978
1.97,3,6.101983
1.97,3,6.102989
-0.01,1,6.103372
-0.01,1,6.103755
3.95,5,6.10533
5.93,7,6.107475
1.97,3,6.108529
1.96,4,6.110151
-0.01,1,6.110557
-0.02,2,6.111259
-0.02,2,6.11195
3.95,5,6.113739
3.95,5,6.115381
1.97,3,6.116374
-0.01,1,6.116767
1.97,3,6.117753
3.95,5,6.119632
13.89,11,6.122982
5.92,8,6.125448
1.97,3,6.126444
5.93,7,6.128765
13.9,10,6.131996
-0.01,1,6.132401
3.9,10,6.135446
1.96,4,6.136708
3.95,5,6.138285
3.95,5,6.140111
1.97,3,6.141174
-0.01,1,6.141561
-0.01,1,6.141952
3.95,5,6.218167
-0.01,1,6.218612
3.95,5,6.220204
-0.01,1,6.220592
1.97,3,6.221574
-0.01,1,6.221962
3.95,5,6.223536
3.95,5,6.225103
1.97,3,6.22644
1.96,4,6.227899
-0.01,1,6.228311
5.93,7,6.230546
-0.01,1,6.230947
-0.01,1,6.231328
-0.01,1,6.231716
-0.01,1,6.232101
1.97,3,6.233079
13.91,9,6.236474
-0.01,1,6.236907
-0.01,1,6.237294
-0.01,1,6.237675
-0.02,2,6.238376
13.9,10,6.241476
1.97,3,6.242714
1.97,3,6.243758
3.94,6,6.245677
3.93,7,6.247817
-0.01,1,6.2482
-0.01,1,6.248574
3.95,5,6.250325
5.93,7,6.252533
5.92,8,6.255004
1.97,3,6.255981
5.92,8,6.258437
1.96,4,6.259708
1.96,4,6.334385
3.95,5,6.336017
1.97,3,6.336999
-0.01,1,6.337381
1.96,4,6.338669
3.95,5,6.34022
1.97,3,6.341186
-0.01,1,6.341571
3.93,7,6.344222
-0.01,1,6.344686
5.91,9,6.347473
-0.01,1,6.347866
-0.01,1,6.348255
1.97,3,6.349335
1.97,3,6.35045
5.93,7,6.352636
3.95,5,6.354196
1.97,3,6.355174
1.97,3,6.356153
1.95,5,6.357716
-0.01,1,6.358105
1.97,3,6.359071
-0.01,1,6.359459
-0.01,1,6.359836
3.93,7,6.361982
13.91,9,6.364723
3.95,5,6.366306
-0.01,1,6.366833
1.97,3,6.367868
-0.01,1,6.368257
-0.01,1,6.368631
13.9,10,6.371619
1.97,3,6.372577
-0.01,1,6.372952
-0.01,1,6.373321
1.97,3,6.374271
3.93,7,6.447757
-0.02,2,6.448545
1.97,3,6.449546
1.97,3,6.450542
1.97,3,6.451523
1.96,4,6.452776
3.94,6,6.454611
5.93,7,6.45721
-0.02,2,6.45798
-0.01,1,6.458408
1.97,3,6.459592
1.97,3,6.460587
1.96,4,6.461884
-0.01,1,6.462264
1.97,3,6.46324
3.94,6,6.465183
-0.02,2,6.465861
-0.01,1,6.466268
1.97,3,6.467279
1.97,3,6.468249
-0.01,1,6.468631
-0.01,1,6.469003
-0.02,2,6.469674
1.97,3,6.470639
5.93,7,6.472765
-0.01,1,6.473151
1.97,3,6.474121
1.97,3,6.475076
-0.02,2,6.475748
1.94,6,6.477608
1.97,3,6.478596
-0.01,1,6.478979
-0.01,1,6.479356
1.97,3,6.480315
3.95,5,6.481884
-0.01,1,6.482272
1.96,4,6.483527
-0.01,1,6.483904
-0.01,1,6.48428
3.94,6,6.486137
-0.03,3,6.487104
3.95,5,6.489171
3.95,5,6.551738
1.97,3,6.552833
-0.01,1,6.553233
-0.01,1,6.55365
1.97,3,6.554639
3.95,5,6.556225
1.97,3,6.557216
-0.01,1,6.557598
-0.01,1,6.557982
1.97,3,6.558954
-0.01,1,6.559334
-0.01,1,6.559851
-0.01,1,6.56047
3.95,5,6.562159
1.97,3,6.563166
3.93,7,6.565358
-0.01,1,6.565746
-0.01,1,6.566154
13.91,9,6.56924
5.93,7,6.57189
-0.01,1,6.572354
1.96,4,6.573658
1.96,4,6.575037
1.97,3,6.576036
1.97,3,6.577023
1.97,3,6.578013
-0.01,1,6.578401
-0.01,1,6.578788
1.97,3,6.579822
-0.01,1,6.580344
5.92,8,6.582864
-0.01,1,6.583265
1.97,3,6.584247
-0.01,1,6.584632
1.97,3,6.585612
3.95,5,6.587185
-0.01,1,6.587565
-0.01,1,6.58795
-0.01,1,6.588334
1.97,3,6.589308
1.97,3,6.590297
1.96,4,6.591578
13.91,9,6.594316
1.97,3,6.668399
1.96,4,6.66977
-0.01,1,6.670167
-0.01,1,6.670555
1.97,3,6.671548
-0.01,1,6.671939
-0.01,1,6.67232
1.97,3,6.673297
1.97,3,6.674293
1.97,3,6.675264
-0.01,1,6.675645
-0.02,2,6.676314
1.97,3,6.677658
-0.01,1,6.678113
-0.01,1,6.678515
-0.01,1,6.678918
-0.01,1,6.679305
3.93,7,6.681513
1.97,3,6.682489
-0.02,2,6.683174
1.97,3,6.68415
-0.01,1,6.684528
-0.01,1,6.684906
1.97,3,6.685874
3.95,5,6.687453
1.97,3,6.688427
3.94,6,6.690288
1.97,3,6.691265
1.97,3,6.69224
1.97,3,6.693216
-0.01,1,6.693593
1.97,3,6.694575
1.97,3,6.695547
3.94,6,6.697614
-0.03,3,6.698636
-0.01,1,6.699028
-0.01,1,6.699423
3.95,5,6.701039
1.97,3,6.702053
-0.01,1,6.702439
-0.01,1,6.70283
-0.02,2,6.703515
-0.01,1,6.703899
1.96,4,6.705175
1.97,3,6.706184
-0.01,1,6.706886
-0.01,1,6.707421
-0.01,1,6.707923
-0.01,1,6.708379
3.94,6,6.710357
-0.01,1,6.710745
1.97,3,6.711735
-0.01,1,6.775714
-0.01,1,6.776236
-0.03,3,6.777268
1.96,4,6.778578
-0.01,1,6.77897
1.97,3,6.77997
-0.01,1,6.780357
1.97,3,6.781353
-0.01,1,6.781883
1.96,4,6.783588
3.95,5,6.78523
1.96,4,6.786515
5.93,7,6.788674
-0.01,1,6.789058
-0.01,1,6.78944
3.94,6,6.791368
-0.01,1,6.791867
-0.01,1,6.792312
-0.01,1,6.792719
1.96,4,6.794071
-0.02,2,6.794779
1.97,3,6.795798
3.95,5,6.797417
-0.01,1,6.797808
-0.02,2,6.798507
5.93,7,6.800927
1.96,4,6.802252
-0.02,2,6.802949
-0.01,1,6.803342
1.96,4,6.804627
1.95,5,6.806215
5.93,7,6.80846
1.96,4,6.809819
1.97,3,6.810824
-0.01,1,6.811213
5.92,8,6.813731
1.97,3,6.8147
-0.01,1,6.81508
1.96,4,6.81635
3.95,5,6.819007
1.97,3,6.820131
1.97,3,6.886674
1.97,3,6.88775
3.93,7,6.889938
1.96,4,6.891214
-0.02,2,6.891886
-0.01,1,6.89227
1.97,3,6.893249
1.97,3,6.894218
-0.01,1,6.894595
1.96,4,6.89587
3.94,6,6.897706
3.95,5,6.899259
-0.01,1,6.89964
-0.01,1,6.90002
1.96,4,6.901284
3.95,5,6.902848
-0.01,1,6.903227
1.97,3,6.904186
-0.01,1,6.904558
3.93,7,6.906686
3.95,5,6.908591
1.96,4,6.909991
1.97,3,6.910998
-0.01,1,6.911387
1.97,3,6.912373
5.93,7,6.914545
3.95,5,6.91611
3.94,6,6.918392
3.95,5,6.920147
-0.01,1,6.920551
1.97,3,6.921549
3.95,5,6.923147
3.94,6,6.925057
1.97,3,6.926037
-0.02,2,6.926722
3.95,5,6.984954
3.95,5,6.986717
1.97,3,6.987723
1.97,3,6.98908
-0.01,1,6.989598
-0.01,1,6.990027
3.95,5,6.991753
-0.01,1,6.992279
-0.01,1,6.992965
1.97,3,6.994033
3.94,6,6.996103
1.97,3,6.997102
3.95,5,6.998679
3.95,5,7.000356
-0.01,1,7.000775
1.95,5,7.002354
-0.01,1,7.002735
1.97,3,7.003699
-0.01,1,7.004069
3.95,5,7.005848
-0.01,1,7.006259
-0.01,1,7.00665
1.97,3,7.007756
13.91,9,7.010742
-0.01,1,7.011141
3.95,5,7.012749
-0.02,2,7.013442
1.97,3,7.014588
3.95,5,7.016222
-0.01,1,7.016616
1.97,3,7.017603
1.97,3,7.01858
1.97,3,7.019544
3.95,5,7.021124
1.97,3,7.0221
-0.01,1,7.022477
1.97,3,7.023447
3.94,6,7.025493
1.96,4,7.026821
1.96,4,7.028116
-0.01,1,7.028503
-0.01,1,7.028892
-0.01,1,7.029273
3.95,5,7.098424
-0.01,1,7.098875
3.95,5,7.100479
-0.01,1,7.10088
1.96,4,7.102163
1.97,3,7.103163
3.95,5,7.104735
1.97,3,7.105706
-0.01,1,7.106126
4.93,7,7.108703
1.97,3,7.10971
1.97,3,7.111049
1.97,3,7.112167
-0.02,2,7.112879
-0.01,1,7.113283
-0.02,2,7.113983
3.95,5,7.115577
1.97,3,7.117057
3.95,5,7.118879
3.95,5,7.120729
-0.01,1,7.121144
3.95,5,7.122713
-0.01,1,7.123096
1.97,3,7.124067
3.95,5,7.125625
13.89,11,7.129247
1.97,3,7.130414
-0.01,1,7.13092
-0.01,1,7.131331
3.94,6,7.133186
-0.01,1,7.133572
-0.01,1,7.133947
1.97,3,7.134911
-0.01,1,7.135295
3.95,5,7.137098
3.95,5,7.138727
-0.01,1,7.139212
1.95,5,7.140945
3.95,5,7.218928
1.97,3,7.220002
1.97,3,7.221007
3.95,5,7.222607
13.9,10,7.225906
1.97,3,7.226947
-0.01,1,7.227661
-0.01,1,7.228205
-0.01,1,7.228693
3.95,5,7.230692
1.97,3,7.231854
3.95,5,7.234607
1.97,3,7.235731
1.97,3,7.236735
-0.02,2,7.237416
3.94,6,7.239912
1.97,3,7.241001
1.96,4,7.242567
-0.01,1,7.242993
3.95,5,7.244599
-0.01,1,7.244987
3.94,6,7.246866
1.97,3,7.248006
1.97,3,7.249102
-0.01,1,7.249512
-0.01,1,7.249966
-0.01,1,7.250414
1.97,3,7.251421
-0.01,1,7.251815
-0.01,1,7.252204
1.96,4,7.253489
1.97,3,7.254474
13.91,9,7.257221
3.94,6,7.259426
5.93,7,7.261629
-0.01,1,7.262013
-0.01,1,7.262405
1.97,3,7.263392
-0.01,1,7.263776
5.93,7,7.33958
3.95,5,7.341572
1.97,3,7.342687
-0.02,2,7.343406
1.97,3,7.344421
1.96,4,7.345728
-0.01,1,7.346125
-0.01,1,7.346506
1.97,3,7.347702
1.97,3,7.348836
-0.02,2,7.349551
1.97,3,7.350716
1.97,3,7.351759
1.97,3,7.352768
3.94,6,7.354662
-0.01,1,7.355054
3.95,5,7.356633
1.97,3,7.357618
1.97,3,7.358724
-0.01,1,7.359146
-0.01,1,7.359558
1.97,3,7.360571
1.97,3,7.361583
1.97,3,7.362575
0.96,4,7.363857
3.95,5,7.365427
1.97,3,7.366409
3.95,5,7.367992
3.95,5,7.369989
1.97,3,7.371064
1.97,3,7.372095
1.97,3,7.373105
1.96,4,7.374475
1.97,3,7.375598
-0.01,1,7.376032
-0.02,2,7.376751
1.96,4,7.378073
3.95,5,7.379723
-0.01,1,7.380137
1.96,4,7.381408
5.92,8,7.438329
-0.01,1,7.43878
13.91,9,7.442402
3.94,6,7.444737
5.93,7,7.447143
-0.01,1,7.447565
1.97,3,7.448574
5.92,8,7.451284
3.95,5,7.452897
-0.01,1,7.453284
-0.01,1,7.453669
1.97,3,7.454647
-0.01,1,7.455043
-0.02,2,7.45572
1.97,3,7.456723
-0.01,1,7.457103
-0.01,1,7.457484
-0.02,2,7.4583
-0.01,1,7.458817
3.95,5,7.460515
3.95,5,7.462104
1.96,4,7.46339
1.97,3,7.46439
-0.03,3,7.46537
-0.01,1,7.465753
1.97,3,7.466722
3.95,5,7.468514
-0.01,1,7.468966
5.93,7,7.471173
1.97,3,7.472155
1.97,3,7.473139
1.97,3,7.474109
1.97,3,7.475196
-0.01,1,7.47559
-0.01,1,7.475974
3.95,5,7.477543
1.97,3,7.478536
5.92,8,7.481198
13.91,9,7.553833
3.94,6,7.555772
1.97,3,7.556755
1.97,3,7.557738
1.97,3,7.558726
1.97,3,7.559703
-0.01,1,7.560093
3.95,5,7.562151
-0.01,1,7.562605
1.97,3,7.563607
-0.05,5,7.565187
3.92,8,7.567912
3.95,5,7.569535
1.97,3,7.570799
-0.01,1,7.571269
-0.02,2,7.572161
3.95,5,7.573849
5.93,7,7.576262
1.97,3,7.577284
1.97,3,7.578298
1.97,3,7.579298
1.97,3,7.58029
1.95,5,7.581888
1.97,3,7.58288
-0.01,1,7.583316
-0.01,1,7.583719
-0.01,1,7.584111
5.93,7,7.5863
1.97,3,7.587296
-0.01,1,7.587682
1.97,3,7.58865
-0.02,2,7.589374
-0.01,1,7.589776
-0.01,1,7.590162
-0.01,1,7.590546
3.95,5,7.592219
3.94,6,7.594118
1.97,3,7.663714
3.94,6,7.666314
3.95,5,7.668014
3.94,6,7.66992
5.93,7,7.672104
1.97,3,7.673408
3.95,5,7.675108
3.95,5,7.676727
3.95,5,7.678324
-0.01,1,7.678723
3.94,6,7.680577
13.91,9,7.683321
-0.01,1,7.683714
0.97,3,7.684694
1.97,3,7.685669
5.92,8,7.688097
1.97,3,7.689069
3.95,5,7.690617
1.97,3,7.69159
3.95,5,7.693138
5.93,7,7.695282
1.97,3,7.696262
3.95,5,7.697839
1.97,3,7.698835
1.97,3,7.699995
1.97,3,7.700976
1.97,3,7.70195
-0.01,1,7.702332
1.97,3,7.703322
1.97,3,7.704295
3.95,5,7.769315
3.95,5,7.771064
-0.01,1,7.771455
-0.01,1,7.771853
-0.02,2,7.77253
3.94,6,7.77437
5.93,7,7.776475
1.97,3,7.777431
1.97,3,7.778536
1.97,3,7.779541
5.92,8,7.781976
1.95,5,7.78352
1.97,3,7.78447
3.95,5,7.785984
3.95,5,7.787505
3.95,5,7.789502
1.97,3,7.790611
-0.01,1,7.791011
-0.01,1,7.791406
1.97,3,7.792452
13.9,10,7.795496
-0.01,1,7.795879
-0.01,1,7.796255
-0.02,2,7.796928
-0.01,1,7.797306
-0.01,1,7.797685
3.95,5,7.79926
13.91,9,7.801991
-0.01,1,7.802372
5.93,7,7.804512
1.97,3,7.805487
-0.01,1,7.805864
-0.01,1,7.806246
1.95,5,7.807788
5.93,7,7.809928
1.97,3,7.883718
3.94,6,7.885809
3.95,5,7.887416
1.97,3,7.888398
-0.01,1,7.888789
5.92,8,7.891252
-0.02,2,7.891935
3.95,5,7.893521
3.95,5,7.895103
-0.02,2,7.895778
13.91,9,7.898505
-0.01,1,7.89889
-0.01,1,7.899271
1.97,3,7.900231
1.97,3,7.901195
1.97,3,7.902169
3.95,5,7.903735
1.97,3,7.904979
1.97,3,7.906064
3.94,6,7.907944
5.92,8,7.910385
-0.01,1,7.91077
3.95,5,7.912335
-0.01,1,7.912716
13.9,10,7.916204
3.95,5,7.918006
-0.01,1,7.918424
1.97,3,7.919441
3.94,6,7.921316
1.97,3,7.922303
1.97,3,7.923285
-0.01,1,7.923667
-0.01,1,7.924047
3.95,5,7.925607
1.97,3,8.000159
-0.01,1,8.00062
1.97,3,8.001626
1.96,4,8.002951
3.95,5,8.004545
3.95,5,8.00614
5.93,7,8.008349
-0.01,1,8.008735
-0.01,1,8.009121
1.97,3,8.010114
1.97,3,8.011092
3.95,5,8.012669
-0.02,2,8.013355
1.97,3,8.014335
3.95,5,8.015918
-0.01,1,8.016311
-0.01,1,8.016692
1.95,5,8.018564
-0.01,1,8.019164
1.97,3,8.020218
3.95,5,8.021839
1.97,3,8.022856
1.97,3,8.023864
5.92,8,8.026325
1.97,3,8.02747
-0.01,1,8.027917
13.91,9,8.031156
3.95,5,8.03302
1.97,3,8.034084
1.97,3,8.03518
-0.02,2,8.035896
-0.01,1,8.036295
5.92,8,8.039011
1.97,3,8.040059
-0.01,1,8.040505
1.97,3,8.041678
-0.01,1,8.042277
-0.01,1,8.042722
-0.02,2,8.043428
3.95,5,8.115443
3.95,5,8.117658
1.97,3,8.118791
-0.01,1,8.11919
-0.01,1,8.119597
5.92,8,8.122096
1.97,3,8.123107
1.97,3,8.124389
1.97,3,8.125599
1.97,3,8.126722
1.95,5,8.12834
1.97,3,8.129332
-0.01,1,8.129739
-0.01,1,8.130118
3.94,6,8.13205
1.97,3,8.133154
1.97,3,8.134324
5.93,7,8.136561
-0.01,1,8.136948
1.97,3,8.137933
1.97,3,8.138921
5.93,7,8.141083
3.95,5,8.142654
1.97,3,8.143805
1.97,3,8.1449
3.95,5,8.146508
1.97,3,8.147506
1.96,4,8.148792
1.96,4,8.150068
-0.02,2,8.150747
-0.01,1,8.151137
-0.01,1,8.151515
1.97,3,8.152481
5.93,7,8.155191
-0.01,1,8.155638
-0.01,1,8.15603
5.92,8,8.158522
1.97,3,8.222962
3.94,6,8.224878
3.95,5,8.226431
1.97,3,8.227395
5.93,7,8.22949
-0.01,1,8.229872
3.95,5,8.23167
3.95,5,8.233743
1.96,4,8.235038
3.95,5,8.236572
1.97,3,8.237518
3.95,5,8.239047
13.91,9,8.241921
3.95,5,8.243597
1.97,3,8.244591
1.97,3,8.245581
-0.01,1,8.245975
5.93,7,8.24815
3.95,5,8.249721
1.97,3,8.250696
3.94,6,8.253226
-0.01,1,8.253708
3.95,5,8.255352
1.97,3,8.256363
1.97,3,8.257352
-0.01,1,8.257856
-0.01,1,8.258321
-0.01,1,8.258722
-0.01,1,8.259107
-0.01,1,8.259491
1.97,3,8.260469
13.91,9,8.263426
-0.01,1,8.263863
3.95,5,8.334916
-0.01,1,8.33543
1.97,3,8.33646
-0.01,1,8.336855
5.93,7,8.339085
1.97,3,8.340101
1.97,3,8.341095
5.93,7,8.343302
1.97,3,8.344279
1.97,3,8.345241
-0.01,1,8.345628
-0.01,1,8.346006
-0.01,1,8.346394
13.91,9,8.349116
-0.01,1,8.349502
3.95,5,8.351273
5.93,7,8.353479
1.97,3,8.354456
3.95,5,8.356027
1.97,3,8.357014
5.92,8,8.359502
1.97,3,8.360814
-0.01,1,8.361493
-0.01,1,8.361912
-0.02,2,8.36271
-0.01,1,8.363117
5.93,7,8.365384
3.95,5,8.367011
5.93,7,8.369207
-0.01,1,8.369598
3.95,5,8.371176
-0.01,1,8.371575
1.96,4,8.372883
1.97,3,8.373907
1.97,3,8.375191
5.93,7,8.377732
3.95,5,8.447874
3.95,5,8.449629
1.97,3,8.450743
3.95,5,8.452352
3.95,5,8.453962
1.97,3,8.454974
1.96,4,8.456281
5.92,8,8.458804
1.97,3,8.459815
5.93,7,8.462009
5.93,7,8.464203
3.95,5,8.465791
5.92,8,8.468255
3.95,5,8.469839
1.97,3,8.470813
3.95,5,8.472392
-0.01,1,8.472775
5.92,8,8.475235
-0.01,1,8.475621
-0.01,1,8.476008
1.97,3,8.476997
3.95,5,8.478602
-0.01,1,8.478989
-0.01,1,8.479372
3.95,5,8.480952
-0.01,1,8.481332
1.97,3,8.482312
1.97,3,8.483297
1.97,3,8.484285
3.94,6,8.486166
1.97,3,8.487153
5.92,8,8.550133
5.93,7,8.552431
1.97,3,8.553437
5.93,7,8.555638
1.97,3,8.556626
1.97,3,8.55762
-0.01,1,8.558003
5.93,7,8.560189
5.93,7,8.562374
1.97,3,8.563354
5.93,7,8.565518
1.96,4,8.566827
1.97,3,8.567809
1.96,4,8.569094
3.95,5,8.57111
-0.01,1,8.571587
-0.01,1,8.572019
-0.01,1,8.572424
1.96,4,8.573769
-0.02,2,8.574482
3.95,5,8.576739
3.95,5,8.578593
-0.01,1,8.57901
-0.01,1,8.579419
3.95,5,8.581098
-0.01,1,8.581548
-0.01,1,8.58196
1.96,4,8.583668
3.95,5,8.5853
1.96,4,8.586768
5.92,8,8.589528
-0.01,1,8.589964
13.9,10,8.658789
1.97,3,8.659993
3.95,5,8.661636
1.97,3,8.662651
13.89,11,8.666033
5.93,7,8.668553
-0.01,1,8.669024
-0.01,1,8.669435
-0.01,1,8.66983
5.93,7,8.672048
-0.01,1,8.672435
1.97,3,8.67342
3.95,5,8.674986
1.97,3,8.675977
-0.01,1,8.676365
1.97,3,8.677342
1.97,3,8.678324
13.9,10,8.681335
-0.02,2,8.682003
3.95,5,8.68355
-0.01,1,8.683934
3.95,5,8.685477
1.97,3,8.686441
1.97,3,8.687398
1.97,3,8.688361
1.97,3,8.689316
1.97,3,8.690267
3.95,5,8.691807
-0.01,1,8.692183
1.97,3,8.69314
1.97,3,8.694232
-0.01,1,8.694724
-0.01,1,8.695134
-0.01,1,8.695522
1.97,3,8.696514
1.97,3,8.69748
1.97,3,8.698439
3.95,5,8.699977
-0.01,1,8.700362
3.95,5,8.781727
-0.01,1,8.78219
-0.01,1,8.782595
-0.01,1,8.783078
-0.01,1,8.783554
-0.01,1,8.783956
-0.01,1,8.784339
1.97,3,8.785309
5.92,8,8.787762
3.95,5,8.789332
-0.01,1,8.789714
1.97,3,8.790694
-0.01,1,8.791084
5.92,8,8.793554
5.93,7,8.795691
-0.01,1,8.79607
3.93,7,8.798191
13.9,10,8.801194
1.97,3,8.80216
5.92,8,8.804579
3.95,5,8.80612
1.97,3,8.807081
3.95,5,8.80862
-0.01,1,8.809002
5.92,8,8.811409
3.95,5,8.81295
-0.01,1,8.813322
1.97,3,8.814273
-0.01,1,8.814645
-0.01,1,8.815015
1.97,3,8.815971
1.97,3,8.816927
-0.01,1,8.817297
-0.01,1,8.817668
3.95,5,8.819204
1.97,3,8.820256
-0.01,1,8.821082
2.95,5,8.896921
-0.01,1,8.897388
13.91,9,8.900485
-0.01,1,8.900974
-0.01,1,8.901391
3.95,5,8.903529
3.93,7,8.905941
-0.01,1,8.906377
3.95,5,8.907982
-0.01,1,8.908474
-0.01,1,8.908941
5.93,7,8.911375
5.93,7,8.91357
5.93,7,8.915744
1.96,4,8.917128
-0.01,1,8.917533
3.95,5,8.919153
1.97,3,8.920157
1.97,3,8.921159
1.96,4,8.922451
1.95,5,8.924048
1.97,3,8.925067
5.93,7,8.927309
3.95,5,8.928886
5.93,7,8.931019
1.97,3,8.931985
5.93,7,8.934111
1.97,3,8.935076
3.95,5,8.936662
1.97,3,8.937798
1.97,3,8.93904
3.95,5,9.007138
1.97,3,9.008218
1.96,4,9.009529
-0.01,1,9.009918
3.95,5,9.011503
-0.01,1,9.011893
-0.01,1,9.012275
-0.01,1,9.012652
5.93,7,9.014798
3.94,6,9.017096
3.95,5,9.018832
1.96,4,9.020199
-0.01,1,9.020678
-0.01,1,9.021105
-0.01,1,9.021524
-0.02,2,9.022287
3.95,5,9.02398
1.97,3,9.025022
5.93,7,9.027468
3.95,5,9.029501
-0.01,1,9.030029
5.93,7,9.032328
5.93,7,9.034545
1.97,3,9.035542
1.97,3,9.036515
-0.02,2,9.037367
-0.01,1,9.037981
-0.01,1,9.038431
-0.01,1,9.038857
1.97,3,9.039965
-0.01,1,9.040387
3.94,6,9.042309
-0.01,1,9.042698
1.97,3,9.043671
1.97,3,9.044652
1.97,3,9.045616
-0.03,3,9.046587
1.97,3,9.047935
-0.01,1,9.048478
1.97,3,9.04964
-0.02,2,9.050342
-0.01,1,9.050737
3.95,5,9.113308
-0.01,1,9.113779
1.97,3,9.114814
-0.01,1,9.115212
1.97,3,9.116217
1.97,3,9.117625
3.95,5,9.119318
-0.01,1,9.119711
1.97,3,9.120703
3.95,5,9.122455
-0.01,1,9.122942
-0.01,1,9.12337
1.96,4,9.124698
1.97,3,9.125756
3.95,5,9.127375
3.95,5,9.128965
1.97,3,9.129948
-0.01,1,9.130334
1.97,3,9.131309
1.97,3,9.132302
1.97,3,9.133279
1.97,3,9.134247
3.95,5,9.135814
1.97,3,9.136783
1.97,3,9.137749
1.97,3,9.138732
5.93,7,9.140894
1.95,5,9.142454
1.97,3,9.143428
-0.02,2,9.1441
3.95,5,9.145678
-0.01,1,9.146065
1.97,3,9.147039
3.93,7,9.149189
-0.01,1,9.149577
1.97,3,9.150542
-0.02,2,9.151217
-0.01,1,9.151821
1.97,3,9.153573
1.96,4,9.154933
1.97,3,9.155928
1.97,3,9.216775
-0.01,1,9.21729
1.97,3,9.218304
3.94,6,9.220159
3.94,6,9.22198
-0.01,1,9.222361
-0.01,1,9.222732
1.97,3,9.223689
-0.01,1,9.224067
13.9,10,9.227457
1.97,3,9.228537
1.97,3,9.229554
3.95,5,9.231123
1.97,3,9.232099
3.95,5,9.233673
1.97,3,9.234635
1.97,3,9.235599
1.95,5,9.237426
3.95,5,9.239003
3.95,5,9.240578
3.95,5,9.242165
1.97,3,9.243123
-0.02,2,9.24378
3.95,5,9.245296
1.97,3,9.246261
-0.01,1,9.246635
1.97,3,9.248019
1.97,3,9.24914
1.97,3,9.250273
-0.02,2,9.251069
-0.01,1,9.251474
-0.01,1,9.251879
1.97,3,9.252908
-0.01,1,9.253305
3.94,6,9.255227
-0.02,2,9.255936
-0.01,1,9.256329
-0.01,1,9.25673
3.95,5,9.258346
-0.01,1,9.25874
3.95,5,9.336559
1.97,3,9.33767
1.97,3,9.338681
1.97,3,9.339682
-0.01,1,9.340072
1.97,3,9.34106
-0.02,2,9.341739
-0.01,1,9.34212
5.93,7,9.344258
1.96,4,9.345845
3.95,5,9.347589
-0.01,1,9.347992
3.95,5,9.34958
-0.02,2,9.350261
1.97,3,9.351238
5.93,7,9.353406
5.93,7,9.35557
-0.01,1,9.355949
3.95,5,9.357501
13.91,9,9.360231
1.97,3,9.361874
-0.01,1,9.362429
-0.01,1,9.362852
3.95,5,9.364467
-0.01,1,9.364855
-0.01,1,9.365236
-0.01,1,9.365621
-0.01,1,9.366009
-0.01,1,9.366392
3.95,5,9.368303
5.93,7,9.370535
1.97,3,9.371693
-0.01,1,9.372102
3.95,5,9.373707
-0.01,1,9.374097
5.93,7,9.376477
5.93,7,9.378659
5.93,7,9.449139
3.95,5,9.450966
1.97,3,9.451989
3.95,5,9.453572
3.95,5,9.455144
-0.01,1,9.455526
1.97,3,9.45651
-0.02,2,9.457191
1.97,3,9.458221
3.95,5,9.459989
1.97,3,9.460991
1.97,3,9.461968
-0.01,1,9.462348
1.97,3,9.463326
3.95,5,9.464895
1.97,3,9.465868
-0.01,1,9.466248
13.91,9,9.469225
-0.01,1,9.469666
5.93,7,9.471834
1.95,5,9.47338
3.95,5,9.474928
1.97,3,9.476024
1.97,3,9.477052
-0.01,1,9.477445
-0.01,1,9.47784
1.97,3,9.478846
-0.01,1,9.479239
5.92,8,9.481737
-0.01,1,9.482133
5.93,7,9.484318
5.93,7,9.486503
5.92,8,9.489432
1.97,3,9.4906
1.97,3,9.558095
-0.01,1,9.558566
3.94,6,9.560495
-0.01,1,9.560888
1.97,3,9.561874
3.95,5,9.563471
-0.01,1,9.563863
3.95,5,9.565454
1.97,3,9.566451
-0.01,1,9.566842
5.93,7,9.56902
3.95,5,9.570593
-0.01,1,9.570974
-0.01,1,9.571354
0.97,3,9.572358
3.95,5,9.574339
5.92,8,9.576897
3.95,5,9.578525
-0.01,1,9.578908
3.95,5,9.580479
1.97,3,9.581447
-0.01,1,9.581834
1.95,5,9.583838
1.97,3,9.584931
1.97,3,9.585944
1.97,3,9.586947
-0.01,1,9.587335
-0.01,1,9.587708
3.95,5,9.589271
3.95,5,9.590836
5.93,7,9.593195
-0.02,2,9.593905
5.93,7,9.596082
3.95,5,9.597667
-0.01,1,9.598054
-0.01,1,9.598433
1.96,4,9.599939
3.95,5,9.665587
1.97,3,9.666632
1.97,3,9.667605
3.94,6,9.669444
3.95,5,9.670981
3.94,6,9.672794
-0.01,1,9.673171
-0.01,1,9.673547
3.94,6,9.675909
-0.01,1,9.676328
5.91,9,9.679118
1.97,3,9.680098
-0.01,1,9.680479
-0.01,1,9.680856
3.93,7,9.683023
5.93,7,9.685187
-0.01,1,9.685575
-0.01,1,9.685959
3.95,5,9.68753
1.97,3,9.688513
-0.01,1,9.688897
-0.01,1,9.689272
5.93,7,9.691421
1.97,3,9.692394
1.97,3,9.693373
-0.01,1,9.693755
1.97,3,9.694734
3.95,5,9.696309
-0.01,1,9.696918
-0.01,1,9.697379
1.97,3,9.698409
-0.01,1,9.698805
1.97,3,9.699794
3.95,5,9.701719
1.97,3,9.702765
5.93,7,9.705073
-0.01,1,9.705536
3.95,5,9.707238
-0.01,1,9.775461
-0.02,2,9.776289
3.95,5,9.777912
1.97,3,9.77891
-0.01,1,9.779297
3.94,6,9.781203
3.94,6,9.783118
-0.01,1,9.783519
5.93,7,9.786169
-0.01,1,9.786614
13.88,12,9.790418
1.97,3,9.791416
-0.03,3,9.792558
1.97,3,9.793576
-0.01,1,9.793957
5.93,7,9.796659
1.97,3,9.797833
-0.01,1,9.798287
-0.01,1,9.798732
3.95,5,9.800471
5.93,7,9.802649
-0.02,2,9.803335
13.9,10,9.806692
3.95,5,9.808484
13.91,9,9.811379
-0.01,1,9.811804
1.97,3,9.812792
1.97,3,9.813772
1.97,3,9.814767
1.97,3,9.815746
1.97,3,9.817025
-0.01,1,9.817469
5.93,7,9.900279
1.97,3,9.901443
1.97,3,9.902472
-0.01,1,9.902857
13.91,9,9.906004
-0.01,1,9.906516
5.93,7,9.908785
-0.01,1,9.909264
-0.01,1,9.909854
-0.01,1,9.910282
-0.01,1,9.910677
1.97,3,9.911666
-0.01,1,9.912059
1.97,3,9.913048
1.97,3,9.914054
-0.01,1,9.914441
-0.02,2,9.915116
1.97,3,9.916092
1.97,3,9.917205
1.96,4,9.91852
3.95,5,9.920258
-0.01,1,9.920642
1.97,3,9.921622
1.97,3,9.922594
3.94,6,9.924457
-0.01,1,9.924853
-0.01,1,9.925323
1.97,3,9.926402
3.95,5,9.928022
-0.01,1,9.928425
3.94,6,9.930295
3.95,5,9.931864
3.95,5,9.933479
1.95,5,9.935051
1.97,3,9.936021
-0.01,1,9.936401
3.95,5,9.937953
1.97,3,9.93895
1.97,3,9.940005
-0.02,2,9.940693
3.95,5,9.942262
1.96,4,9.943523
-0.01,1,10.015048
3.95,5,10.016861
1.97,3,10.017887
3.95,5,10.019505
3.95,5,10.021111
3.95,5,10.022716
1.97,3,10.023714
3.95,5,10.025304
-0.01,1,10.025692
1.97,3,10.026681
1.97,3,10.028218
5.92,8,10.030885
5.93,7,10.033103
1.97,3,10.034115
1.97,3,10.035104
-0.01,1,10.035497
3.95,5,10.037068
1.97,3,10.038512
1.97,3,10.03979
-0.01,1,10.04019
3.95,5,10.041769
-0.01,1,10.04216
-0.01,1,10.042541
3.95,5,10.044112
-0.01,1,10.044497
-0.01,1,10.044876
1.97,3,10.045851
1.97,3,10.046823
-0.01,1,10.047251
1.97,3,10.048679
3.94,6,10.050561
-0.01,1,10.050948
1.97,3,10.051923
5.89,11,10.055235
3.95,5,10.056797
13.9,10,10.136076
-0.01,1,10.13655
5.92,8,10.138994
5.93,7,10.141123
3.95,5,10.14266
3.95,5,10.144581
-0.01,1,10.145098
5.93,7,10.147404
5.92,8,10.150151
-0.02,2,10.150879
1.97,3,10.151888
5.91,9,10.154676
-0.01,1,10.155076
3.95,5,10.156942
1.97,3,10.158012
1.97,3,10.159061
-0.01,1,10.15946
5.93,7,10.161647
3.94,6,10.163518
3.94,6,10.165354
-0.01,1,10.165734
-0.01,1,10.166416
1.97,3,10.167594
-0.01,1,10.167996
1.97,3,10.169059
5.93,7,10.171466
-0.02,2,10.172189
-0.01,1,10.17259
-0.01,1,10.172981
3.95,5,10.174621
-0.01,1,10.17509
3.95,5,10.17692
1.97,3,10.177978
1.96,4,10.246928
1.95,5,10.248608
-0.01,1,10.249005
1.97,3,10.250109
1.97,3,10.251362
3.94,6,10.253315
-0.01,1,10.253711
13.9,10,10.257093
3.95,5,10.258757
-0.01,1,10.259286
-0.01,1,10.259761
1.96,4,10.261133
3.95,5,10.262783
1.96,4,10.264097
3.95,5,10.265706
1.96,4,10.267187
-0.01,1,10.267602
-0.01,1,10.267993
5.93,7,10.270184
1.97,3,10.271165
1.97,3,10.272157
5.93,7,10.274321
1.97,3,10.275451
1.97,3,10.276728
1.96,4,10.278077
-0.01,1,10.278464
1.97,3,10.279446
3.95,5,10.281062
1.97,3,10.282065
1.97,3,10.283065
1.97,3,10.284186
3.95,5,10.2858
3.95,5,10.287653
13.91,9,10.360546
5.91,9,10.363445
1.97,3,10.364435
-0.01,1,10.364828
1.97,3,10.365806
3.95,5,10.367382
1.97,3,10.368356
-0.01,1,10.368738
0.97,3,10.370205
1.96,4,10.371609
5.92,8,10.374144
3.95,5,10.376017
1.97,3,10.377066
-0.02,2,10.377773
-0.01,1,10.378169
13.91,9,10.381013
13.9,10,10.384155
1.97,3,10.385158
3.95,5,10.386768
1.96,4,10.388057
3.95,5,10.389651
1.97,3,10.390638
3.94,6,10.392542
3.95,5,10.394123
-0.02,2,10.394805
-0.01,1,10.395194
1.97,3,10.396194
-0.02,2,10.396883
3.94,6,10.398772
1.96,4,10.400053
1.96,4,10.401334
-0.01,1,10.401716
1.97,3,10.472208
1.96,4,10.473654
1.97,3,10.474661
-0.03,3,10.475629
-0.01,1,10.476006
3.95,5,10.477548
1.97,3,10.478505
3.95,5,10.480051
1.97,3,10.481015
3.94,6,10.483277
1.97,3,10.484323
1.96,4,10.485616
-0.01,1,10.486006
-0.02,2,10.486724
-0.02,2,10.487406
1.97,3,10.488383
-0.01,1,10.488947
-0.01,1,10.489569
-0.01,1,10.490069
1.97,3,10.491104
-0.02,2,10.492054
1.97,3,10.493128
-0.01,1,10.493539
3.95,5,10.495134
1.96,4,10.496406
1.97,3,10.497379
-0.01,1,10.497764
3.94,6,10.499619
-0.01,1,10.500007
3.95,5,10.501815
-0.01,1,10.502313
-0.03,3,10.50335
1.96,4,10.504665
1.97,3,10.505656
3.94,6,10.507529
1.97,3,10.508702
1.97,3,10.509821
3.95,5,10.511443
3.95,5,10.513044
1.97,3,10.51402
-0.01,1,10.514401
5.93,7,10.571835
1.96,4,10.573371
1.96,4,10.575368
-0.01,1,10.575847
3.93,7,10.578174
1.97,3,10.579218
-0.01,1,10.579616
1.97,3,10.580655
3.95,5,10.58256
1.97,3,10.583698
1.97,3,10.584866
1.96,4,10.586197
3.95,5,10.588
5.93,7,10.590185
1.97,3,10.591469
-0.03,3,10.592609
-0.01,1,10.593014
3.95,5,10.59457
-0.01,1,10.594954
1.97,3,10.595918
-0.03,3,10.596885
-0.02,2,10.597563
-0.01,1,10.597936
-0.02,2,10.598608
-0.02,2,10.599278
1.97,3,10.600242
-0.01,1,10.600612
3.94,6,10.602791
-0.01,1,10.603231
5.93,7,10.605407
1.97,3,10.606402
-0.01,1,10.606791
1.96,4,10.608064
1.97,3,10.609049
-0.02,2,10.609727
3.95,5,10.611296
1.97,3,10.612272
-0.02,2,10.612947
3.94,6,10.614797
1.96,4,10.674987
1.95,5,10.676781
13.91,9,10.679569
3.95,5,10.68114
3.95,5,10.682746
1.97,3,10.683721
1.97,3,10.685016
-0.01,1,10.68549
3.95,5,10.687151
1.97,3,10.688144
-0.01,1,10.688534
3.95,5,10.690108
-0.01,1,10.690489
-0.01,1,10.690879
1.97,3,10.691854
1.97,3,10.692828
-0.01,1,10.693201
3.95,5,10.694765
-0.01,1,10.695151
-0.01,1,10.695531
3.95,5,10.697483
-0.04,4,10.698839
1.96,4,10.700129
-0.01,1,10.700527
1.97,3,10.701498
-0.02,2,10.702178
13.9,10,10.705153
1.96,4,10.706628
-0.01,1,10.707185
3.95,5,10.708991
-0.01,1,10.709429
5.93,7,10.71168
3.95,5,10.713305
1.97,3,10.714306
-0.02,2,10.714991
1.96,4,10.716309
1.97,3,10.717293
3.95,5,10.791875
5.93,7,10.794184
5.89,11,10.797519
-0.01,1,10.797907
-0.03,3,10.798883
-0.03,3,10.799849
3.93,7,10.801998
1.95,5,10.803555
3.95,5,10.805107
1.96,4,10.806357
1.97,3,10.807321
-0.02,2,10.807994
13.9,10,10.81101
3.95,5,10.812575
1.97,3,10.813546
1.96,4,10.814783
-0.01,1,10.815161
1.97,3,10.816118
3.95,5,10.817659
5.91,9,10.820627
1.97,3,10.821925
1.97,3,10.822978
3.94,6,10.824883
1.97,3,10.825869
1.97,3,10.826838
1.97,3,10.827816
1.97,3,10.828783
-0.03,3,10.82975
3.95,5,10.831809
-0.01,1,10.832322
-0.02,2,10.907347
1.97,3,10.908449
1.97,3,10.909451
-0.02,2,10.910125
5.92,8,10.912524
1.97,3,10.91348
5.92,8,10.915864
1.96,4,10.917607
3.94,6,10.91982
5.92,8,10.922353
1.97,3,10.92335
-0.02,2,10.924045
5.91,9,10.927162
1.95,5,10.928876
-0.03,3,10.929871
3.94,6,10.931767
1.95,5,10.933398
1.96,4,10.934777
-0.02,2,10.935465
1.96,4,10.936901
1.95,5,10.938555
5.93,7,10.94087
1.97,3,10.942004
1.96,4,10.94378
-0.02,2,10.944567
-0.01,1,10.944973
3.95,5,10.946638
1.97,3,10.947671
-0.02,2,10.948363
1.96,4,10.949652
-0.02,2,10.950446
1.97,3,11.016218
3.93,7,11.018476
-0.02,2,11.019163
-0.01,1,11.019548
-0.01,1,11.019934
3.92,8,11.022344
3.93,7,11.024463
1.97,3,11.025561
3.95,5,11.027157
-0.03,3,11.028162
-0.01,1,11.028549
1.96,4,11.029805
-0.02,2,11.030495
5.92,8,11.032894
13.91,9,11.036096
5.92,8,11.038678
-0.01,1,11.039078
1.97,3,11.04007
13.91,9,11.043025
1.95,5,11.044659
1.95,5,11.046271
-0.03,3,11.047268
1.96,4,11.048616
3.95,5,11.050496
1.96,4,11.051834
3.95,5,11.053433
5.92,8,11.055873
1.96,4,11.057136
1.97,3,11.122756
3.94,6,11.12489
3.95,5,11.126825
1.96,4,11.128143
1.97,3,11.129137
3.94,6,11.130991
1.96,4,11.13257
-0.02,2,11.1334
3.93,7,11.135622
-0.03,3,11.136602
1.96,4,11.137883
13.91,9,11.140614
13.89,11,11.144156
-0.02,2,11.144873
-0.01,1,11.145277
3.95,5,11.146852
3.95,5,11.148423
1.97,3,11.149411
-0.01,1,11.149794
1.96,4,11.151058
3.94,6,11.152929
-0.03,3,11.153902
1.97,3,11.154874
13.9,10,11.158059
3.95,5,11.159644
-0.01,1,11.160029
5.9,10,11.163054
3.94,6,11.236753
-0.03,3,11.23783
3.95,5,11.239427
5.89,11,11.242802
1.97,3,11.243791
-0.01,1,11.244173
1.96,4,11.245856
-0.01,1,11.246353
-0.02,2,11.247091
-0.04,4,11.2484
5.93,7,11.250804
-0.04,4,11.252134
-0.02,2,11.252829
-0.02,2,11.253516
1.96,4,11.254791
1.96,4,11.256066
-0.03,3,11.257036
3.95,5,11.258594
3.94,6,11.260443
1.97,3,11.261408
1.97,3,11.262388
3.95,5,11.263938
1.97,3,11.264905
3.92,8,11.267326
3.95,5,11.268878
5.93,7,11.271
5.93,7,11.273141
-0.02,2,11.27381
-0.03,3,11.27477
-0.04,4,11.276032
5.93,7,11.349363
3.95,5,11.351321
1.97,3,11.352375
5.92,8,11.355036
3.94,6,11.356963
5.93,7,11.359842
-0.04,4,11.361158
5.93,7,11.363319
5.92,8,11.365779
5.92,8,11.368201
5.9,10,11.371222
5.93,7,11.373356
1.97,3,11.374328
1.96,4,11.375597
1.97,3,11.376569
-0.02,2,11.377245
-0.01,1,11.37762
5.92,8,11.380036
3.93,7,11.382174
-0.02,2,11.382841
5.92,8,11.385257
3.92,8,11.38768
13.9,10,11.462513
3.95,5,11.464198
-0.03,3,11.465202
1.93,7,11.467371
1.95,5,11.468943
3.93,7,11.471476
5.93,7,11.473815
1.96,4,11.475127
1.96,4,11.476425
1.97,3,11.477417
3.92,8,11.479895
13.91,9,11.482657
-0.03,3,11.48363
3.93,7,11.485772
3.95,5,11.487534
1.96,4,11.488813
1.96,4,11.490089
1.94,6,11.491946
5.92,8,11.494411
13.9,10,11.497856
-0.02,2,11.498646
1.96,4,11.499971
1.95,5,11.501552
3.93,7,11.570534
3.95,5,11.572228
3.92,8,11.574726
1.97,3,11.576199
13.91,9,11.579284
3.94,6,11.581377
-0.02,2,11.582092
-0.03,3,11.583097
3.94,6,11.585323
1.95,5,11.58697
1.96,4,11.58826
1.97,3,11.589405
3.94,6,11.591386
-0.01,1,11.591777
1.97,3,11.592747
1.96,4,11.594021
1.97,3,11.595003
3.95,5,11.596573
3.95,5,11.598135
3.95,5,11.599702
-0.01,1,11.600088
3.95,5,11.601652
-0.02,2,11.602323
-0.02,2,11.603001
1.97,3,11.603977
-0.03,3,11.604952
3.92,8,11.607385
3.91,9,11.610638
5.93,7,11.676583
-0.02,2,11.677399
1.97,3,11.678401
-0.02,2,11.679079
3.94,6,11.680944
-0.05,5,11.682478
1.95,5,11.684008
1.97,3,11.684968
-0.02,2,11.685732
-0.01,1,11.686342
1.95,5,11.688063
1.97,3,11.689073
13.9,10,11.692139
-0.05,5,11.693685
1.96,4,11.694949
5.93,7,11.697607
3.91,9,11.700546
5.91,9,11.70337
-0.02,2,11.704065
3.93,7,11.706254
5.91,9,11.709522
1.97,3,11.710663
3.94,6,11.712606
1.97,3,11.713615
1.96,4,11.714912
-0.04,4,11.716215
-0.03,3,11.717296
1.97,3,11.718297
1.97,3,11.786097
3.95,5,11.78792
-0.02,2,11.788658
1.96,4,11.789976
1.96,4,11.791281
3.94,6,11.793196
5.93,7,11.795731
1.97,3,11.796836
1.96,4,11.798151
1.97,3,11.799133
3.94,6,11.801031
5.92,8,11.80348
1.97,3,11.804468
1.97,3,11.805452
1.97,3,11.806416
1.96,4,11.807682
-0.03,3,11.80865
3.95,5,11.810194
3.94,6,11.81206
1.97,3,11.813024
1.96,4,11.814282
3.95,5,11.81585
1.97,3,11.816804
-0.02,2,11.817466
13.91,9,11.820315
-0.02,2,11.821044
1.96,4,11.822751
13.91,9,11.825624
5.93,7,11.827968
-0.02,2,11.89499
3.95,5,11.896683
1.92,8,11.899178
3.95,5,11.900957
3.91,9,11.90418
1.97,3,11.905334
13.9,10,11.908567
-0.02,2,11.909354
1.94,6,11.911289
-0.01,1,11.91168
1.97,3,11.912686
1.97,3,11.913687
3.93,7,11.915866
1.93,7,11.918282
-0.03,3,11.91933
-0.02,2,11.920033
1.97,3,11.921042
1.97,3,11.922045
1.95,5,11.923645
1.97,3,11.924638
1.97,3,11.925714
13.91,9,11.92853
5.93,7,11.930692
1.97,3,11.931672
13.88,12,11.935265
3.95,5,12.012443
1.97,3,12.013618
1.96,4,12.014926
3.95,5,12.016503
-0.03,3,12.017482
1.97,3,12.018452
5.93,7,12.02061
5.92,8,12.023059
3.94,6,12.024952
5.92,8,12.028624
-0.01,1,12.029088
3.95,5,12.030713
3.95,5,12.032294
1.93,7,12.034455
1.97,3,12.035716
-0.02,2,12.036509
13.87,13,12.040454
5.93,7,12.042597
5.93,7,12.044769
5.89,11,12.048086
3.95,5,12.049744
-0.01,1,12.050233
13.9,10,12.053832
13.9,10,12.133017
3.93,7,12.137131
1.97,3,12.138895
-0.04,4,12.140315
5.88,12,12.145297
1.94,6,12.147266
3.95,5,12.148848
1.97,3,12.149836
-0.02,2,12.151164
3.95,5,12.152889
1.97,3,12.153891
1.93,7,12.156061
3.94,6,12.157925
3.93,7,12.160464
5.92,8,12.163654
1.97,3,12.164771
1.97,3,12.165808
3.95,5,12.167766
3.92,8,12.170279
13.91,9,12.173259
3.94,6,12.175252
1.97,3,12.176448
-0.04,4,12.177757
3.95,5,12.25581
-0.01,1,12.256284
-0.03,3,12.2573
5.92,8,12.260257
3.92,8,12.264282
-0.02,2,12.264988
-0.02,2,12.265674
1.97,3,12.266693
5.89,11,12.27004
3.92,8,12.272503
13.91,9,12.275235
3.95,5,12.276799
5.9,10,12.279812
1.94,6,12.281738
3.94,6,12.283947
-0.01,1,12.284434
1.97,3,12.285484
3.95,5,12.287107
1.93,7,12.289575
-0.02,2,12.290317
-0.01,1,12.290718
1.96,4,12.292169
3.94,6,12.294101
-0.03,3,12.295445
-0.02,2,12.296366
1.97,3,12.297445
-0.05,5,12.299253
3.93,7,12.474725
1.97,3,12.47642
1.95,5,12.478118
1.96,4,12.479842
3.95,5,12.481503
3.95,5,12.483092
3.95,5,12.485449
1.97,3,12.486505
1.97,3,12.487509
3.94,6,12.48941
1.97,3,12.490398
1.96,4,12.491777
1.96,4,12.493313
1.97,3,12.494427
1.95,5,12.496187
1.96,4,12.497602
-0.02,2,12.498354
3.94,6,12.500554
1.97,3,12.501646
1.96,4,12.502992
1.97,3,12.503993
-0.02,2,12.504675
-0.02,2,12.505476
-0.03,3,12.506492
5.93,7,12.509254
-0.01,1,12.509723
13.91,9,12.51252
-0.03,3,12.513523
1.97,3,12.514523
-0.02,2,12.515401
3.92,8,12.518319
3.95,5,12.595742
3.95,5,12.597464
1.96,4,12.598763
-0.06,6,12.600629
5.9,10,12.603675
1.95,5,12.605631
1.97,3,12.606692
3.91,9,12.60975
-0.02,2,12.610504
13.91,9,12.613293
5.92,8,12.616153
1.96,4,12.617771
3.94,6,12.619726
3.95,5,12.621316
1.96,4,12.622612
-0.02,2,12.623298
1.97,3,12.624457
3.93,7,12.627013
1.97,3,12.628058
3.92,8,12.630532
1.97,3,12.63152
1.97,3,12.632509
1.94,6,12.634461
1.96,4,12.635757
1.97,3,12.636738
-0.03,3,12.637721
1.97,3,12.708909
5.93,7,12.711185
1.96,4,12.712478
1.96,4,12.713748
1.96,4,12.715025
1.96,4,12.716282
5.89,11,12.720135
3.94,6,12.722113
1.96,4,12.72351
-0.02,2,12.724285
1.97,3,12.725397
1.97,3,12.726408
5.93,7,12.728967
-0.01,1,12.729444
3.89,11,12.732857
1.9,10,12.736637
3.93,7,12.739076
3.9,10,12.742339
13.89,11,12.745721
13.9,10,12.749197
-0.01,1,12.749601
-0.04,4,12.750873
1.93,7,12.824613
3.91,9,12.827919
1.97,3,12.828974
1.97,3,12.829972
1.96,4,12.831255
1.97,3,12.83244
5.92,8,12.835291
1.96,4,12.836605
3.93,7,12.838726
3.94,6,12.840546
1.97,3,12.8415
1.97,3,12.842772
-0.01,1,12.843241
-0.07,7,12.845488
3.94,6,12.847376
-0.02,2,12.848054
13.86,14,12.852449
-0.07,7,12.854636
1.97,3,12.855674
1.95,5,12.857421
3.95,5,12.859727
-0.05,5,12.861529
-0.05,5,12.863392
-0.06,6,12.865705
1.97,3,12.86699
3.95,5,12.94966
-0.01,1,12.950294
3.92,8,12.953052
1.92,8,12.955567
1.97,3,12.956586
-0.02,2,12.957298
3.92,8,12.960167
1.97,3,12.961205
3.95,5,12.962809
1.97,3,12.964567
3.94,6,12.966683
1.95,5,12.968447
5.92,8,12.971075
1.96,4,12.972384
1.96,4,12.973663
1.96,4,12.974948
3.94,6,12.976962
-0.02,2,12.977702
5.91,9,12.98058
-0.02,2,12.981288
1.96,4,12.982557
-0.03,3,12.983849
1.94,6,12.98592
13.9,10,12.988977
1.97,3,12.989951
3.95,5,12.992172
1.95,5,13.0634
1.95,5,13.065088
3.93,7,13.067605
5.92,8,13.07057
1.96,4,13.07206
-0.05,5,13.073705
1.97,3,13.074726
3.95,5,13.076334
1.94,6,13.078214
3.95,5,13.079794
1.95,5,13.081717
-0.05,5,13.083543
3.95,5,13.085163
3.94,6,13.087055
1.97,3,13.088075
-0.03,3,13.089137
3.95,5,13.090726
3.95,5,13.092548
13.89,11,13.096322
1.97,3,13.097356
-0.04,4,13.098654
1.93,7,13.100802
-0.05,5,13.10259
1.96,4,13.10396
3.94,6,13.178108
1.97,3,13.179739
3.93,7,13.182052
1.92,8,13.184538
1.97,3,13.185535
1.92,8,13.188407
-0.03,3,13.189572
-0.03,3,13.190667
1.92,8,13.193861
1.97,3,13.194929
1.95,5,13.196512
3.95,5,13.198623
1.96,4,13.199943
-0.05,5,13.201597
5.93,7,13.203805
3.94,6,13.205709
1.97,3,13.206715
5.92,8,13.209998
1.97,3,13.211025
1.96,4,13.212304
1.95,5,13.213847
1.97,3,13.214798
-0.06,6,13.216685
1.97,3,13.217984
1.96,4,13.219491
3.93,7,13.221716
3.91,9,13.285332
3.95,5,13.287003
-0.04,4,13.288304
1.96,4,13.289733
1.94,6,13.291639
-0.06,6,13.293878
5.89,11,13.297297
3.95,5,13.298895
5.89,11,13.30223
1.97,3,13.303637
3.95,5,13.305379
1.97,3,13.306397
1.96,4,13.307701
13.88,12,13.311665
-0.02,2,13.312397
1.96,4,13.313684
1.93,7,13.315814
1.95,5,13.317735
-0.01,1,13.318154
1.95,5,13.319721
5.91,9,13.322462
-0.04,4,13.323762
-0.02,2,13.324439
3.92,8,13.403285
3.93,7,13.40555
1.97,3,13.406524
-0.02,2,13.407193
1.95,5,13.40873
1.97,3,13.409727
-0.03,3,13.410679
-0.02,2,13.411614
1.97,3,13.412837
3.93,7,13.415069
1.97,3,13.416063
3.93,7,13.41844
13.85,15,13.423006
-0.03,3,13.423978
3.95,5,13.425556
1.96,4,13.426998
1.96,4,13.42835
1.95,5,13.42998
-0.03,3,13.430974
3.92,8,13.433524
-0.02,2,13.434255
3.92,8,13.436722
3.93,7,13.438863
1.97,3,13.439929
1.96,4,13.441251
1.95,5,13.443239
3.94,6,13.535037
1.97,3,13.536118
3.95,5,13.537704
-0.03,3,13.538689
-0.05,5,13.540264
1.97,3,13.541239
1.97,3,13.542277
-0.04,4,13.543537
1.97,3,13.544505
3.94,6,13.546344
1.96,4,13.547597
13.91,9,13.550325
3.93,7,13.552682
1.95,5,13.5543
3.94,6,13.556182
1.97,3,13.55717
-0.05,5,13.558734
1.96,4,13.560006
-0.03,3,13.560976
5.91,9,13.563706
1.96,4,13.564955
3.9,10,13.567942
5.92,8,13.570513
1.95,5,13.572808
5.89,11,13.641475
-0.03,3,13.642539
-0.01,1,13.642932
5.93,7,13.645115
5.93,7,13.647286
3.95,5,13.648851
-0.01,1,13.649232
-0.02,2,13.650148
-0.01,1,13.650662
-0.01,1,13.651074
1.97,3,13.652087
-0.03,3,13.653073
-0.03,3,13.654171
1.96,4,13.655724
3.92,8,13.658347
3.92,8,13.661161
1.96,4,13.662535
1.96,4,13.663829
1.97,3,13.664804
1.96,4,13.666086
1.97,3,13.667146
3.94,6,13.669052
1.95,5,13.670702
3.92,8,13.67315
1.96,4,13.674419
1.96,4,13.675872
1.94,6,13.677848
3.93,7,13.680049
-0.01,1,13.68044
3.95,5,13.682024
1.96,4,13.683307
-0.01,1,13.742811
1.97,3,13.743939
1.97,3,13.744929
1.96,4,13.746196
1.94,6,13.748025
1.97,3,13.748973
3.95,5,13.750505
5.93,7,13.753186
1.97,3,13.754385
1.97,3,13.755501
13.89,11,13.759127
5.93,7,13.761655
-0.06,6,13.763759
-0.05,5,13.76536
3.91,9,13.768228
3.94,6,13.77012
1.97,3,13.771108
3.95,5,13.772736
-0.01,1,13.773133
-0.05,5,13.774707
3.93,7,13.777108
1.97,3,13.778131
3.95,5,13.779695
3.95,5,13.781223
-0.05,5,13.78302
1.95,5,13.784621
1.97,3,13.874767
5.93,7,13.877297
3.95,5,13.878914
1.95,5,13.880533
-0.02,2,13.881223
5.92,8,13.883702
5.93,7,13.886603
1.97,3,13.887785
3.95,5,13.889468
5.9,10,13.892948
-0.01,1,13.893424
-0.02,2,13.894159
5.93,7,13.896496
1.94,6,13.898428
3.92,8,13.9017
1.96,4,13.903125
-0.02,2,13.903845
3.95,5,13.905808
13.91,9,13.909165
3.95,5,13.91082
1.95,5,13.912435
1.96,4,13.913721
5.93,7,13.916177
5.93,7,13.918675
5.92,8,13.988344
1.97,3,13.989576
-0.03,3,13.99067
-0.01,1,13.991324
3.95,5,13.993206
5.92,8,13.995748
-0.03,3,13.997166
1.94,6,13.999243
0.97,3,14.0004
1.96,4,14.001888
1.95,5,14.003699
1.92,8,14.006683
3.94,6,14.008693
3.95,5,14.010475
3.95,5,14.012255
1.97,3,14.013372
-0.02,2,14.014078
1.95,5,14.015821
5.93,7,14.018204
1.97,3,14.019263
-0.02,2,14.020011
1.97,3,14.021032
3.94,6,14.022968
3.91,9,14.026241
-0.01,1,14.026874
3.95,5,14.028778
3.95,5,14.030798
1.94,6,14.032946
3.95,5,14.102048
1.96,4,14.103632
3.9,10,14.106883
1.96,4,14.108604
5.91,9,14.111934
1.97,3,14.113002
-0.02,2,14.113706
3.93,7,14.116155
5.9,10,14.119539
5.92,8,14.122177
1.94,6,14.124279
1.96,4,14.12599
-0.01,1,14.126447
5.93,7,14.128671
1.97,3,14.129663
1.95,5,14.131729
3.95,5,14.133493
13.88,12,14.137474
1.97,3,14.138504
1.97,3,14.139806
5.92,8,14.142699
3.93,7,14.145342
3.95,5,14.220292
-0.03,3,14.221382
5.89,11,14.224991
1.97,3,14.226047
1.97,3,14.227043
1.97,3,14.228028
-0.05,5,14.229608
1.97,3,14.230585
3.91,9,14.233483
1.96,4,14.235246
3.89,11,14.23864
5.93,7,14.240783
1.97,3,14.241882
1.97,3,14.242964
1.97,3,14.24425
1.97,3,14.245422
1.96,4,14.246729
3.95,5,14.248305
3.95,5,14.249871
3.95,5,14.251448
1.96,4,14.252722
1.95,5,14.254615
-0.04,4,14.256002
1.96,4,14.257285
3.92,8,14.259885
-0.03,3,14.260868
3.94,6,14.335281
-0.03,3,14.336466
1.96,4,14.337768
1.97,3,14.338754
1.97,3,14.339735
3.95,5,14.341296
3.95,5,14.343319
13.89,11,14.347104
5.93,7,14.349438
13.91,9,14.352283
1.97,3,14.353271
-0.03,3,14.354259
13.91,9,14.357019
2.94,6,14.359278
5.9,10,14.36262
3.95,5,14.364211
5.93,7,14.366376
1.97,3,14.367443
1.97,3,14.368436
1.94,6,14.370384
3.93,7,14.37257
1.93,7,14.374723
1.97,3,14.375779
3.95,5,14.377382
-0.04,4,14.448916
1.94,6,14.450923
1.96,4,14.452261
3.93,7,14.454468
1.92,8,14.457323
3.95,5,14.459393
1.95,5,14.461023
1.94,6,14.462898
1.97,3,14.463878
-0.03,3,14.464853
3.91,9,14.468136
-0.01,1,14.46863
1.95,5,14.470263
3.94,6,14.472142
5.91,9,14.474952
1.97,3,14.475931
1.92,8,14.478368
1.97,3,14.479496
3.95,5,14.481088
1.92,8,14.483912
1.97,3,14.48504
1.96,4,14.486375
1.97,3,14.487387
1.95,5,14.48897
1.96,4,14.490609
3.95,5,14.556588
1.94,6,14.558648
1.94,6,14.560607
1.93,7,14.562773
-0.04,4,14.564059
-0.06,6,14.565915
5.9,10,14.569585
-0.01,1,14.570026
3.9,10,14.573107
1.97,3,14.574087
1.92,8,14.57659
3.94,6,14.578984
1.97,3,14.579997
1.95,5,14.58179
1.96,4,14.5832
3.91,9,14.586149
5.93,7,14.588649
1.92,8,14.591291
1.97,3,14.592361
-0.06,6,14.594236
1.95,5,14.59583
3.91,9,14.665002
1.94,6,14.667025
-0.04,4,14.668319
3.94,6,14.670184
1.94,6,14.672042
1.94,6,14.673893
3.94,6,14.675751
1.97,3,14.676714
1.97,3,14.677683
1.93,7,14.679821
3.94,6,14.681675
1.97,3,14.682641
5.91,9,14.685357
1.97,3,14.686318
1.95,5,14.687865
-0.03,3,14.688827
1.97,3,14.6898
1.97,3,14.690768
3.92,8,14.69387
3.93,7,14.696221
-0.01,1,14.696636
1.97,3,14.697639
-0.03,3,14.698738
3.95,5,14.700727
-0.01,1,14.701211
3.95,5,14.702917
5.93,7,14.705217
1.97,3,14.706214
3.95,5,14.772465
1.97,3,14.773577
3.94,6,14.77552
3.93,7,14.777721
1.97,3,14.778717
3.95,5,14.781083
1.97,3,14.782219
3.95,5,14.794713
1.96,4,14.796244
5.93,7,14.798741
1.97,3,14.800394
5.92,8,14.803054
3.93,7,14.805239
3.95,5,14.806821
1.97,3,14.807806
1.96,4,14.809079
5.93,7,14.811656
3.92,8,14.814253
1.96,4,14.815548
1.97,3,14.816525
5.9,10,14.82041
1.97,3,14.82148
1.96,4,14.822805
1.95,5,14.824436
3.95,5,14.826201
5.93,7,14.896036
3.92,8,14.898579
3.94,6,14.900822
5.93,7,14.903092
1.93,7,14.905772
5.9,10,14.909193
13.9,10,14.912293
1.96,4,14.91356
1.97,3,14.914708
5.93,7,14.916951
1.97,3,14.917954
3.92,8,14.920423
3.92,8,14.922898
1.95,5,14.924973
1.97,3,14.926192
1.95,5,14.927848
3.95,5,14.929609
1.92,8,14.93209
5.93,7,14.934477
5.92,8,14.937068
1.97,3,15.003309
1.94,6,15.005316
1.94,6,15.007193
1.97,3,15.008176
-0.04,4,15.009741
1.95,5,15.011416
1.97,3,15.012815
1.95,5,15.014746
-0.03,3,15.01587
1.92,8,15.01838
1.97,3,15.019361
3.92,8,15.021826
3.93,7,15.023982
13.91,9,15.027097
3.95,5,15.02907
1.94,6,15.030985
5.92,8,15.033545
1.96,4,15.034924
5.89,11,15.038818
3.89,11,15.042716
1.95,5,15.044338
-0.04,4,15.045823
-0.04,4,15.117786
3.91,9,15.12071
5.93,7,15.122949
1.97,3,15.123935
3.95,5,15.125546
3.94,6,15.127836
3.94,6,15.129796
1.97,3,15.130778
5.93,7,15.132933
3.93,7,15.135351
1.97,3,15.136391
1.97,3,15.137408
1.97,3,15.138404
3.91,9,15.141259
1.97,3,15.142434
1.97,3,15.143445
1.97,3,15.144441
3.95,5,15.146024
-0.03,3,15.147002
1.96,4,15.148283
1.93,7,15.150816
3.94,6,15.152743
3.95,5,15.154316
3.95,5,15.15594
1.96,4,15.157209
3.95,5,15.15879
1.96,4,15.223565
1.97,3,15.224685
5.92,8,15.227378
1.97,3,15.228403
3.92,8,15.230963
1.93,7,15.233152
3.94,6,15.235669
1.93,7,15.237852
1.97,3,15.238854
3.91,9,15.241751
1.94,6,15.244186
5.91,9,15.247032
3.94,6,15.248888
-0.03,3,15.249871
1.96,4,15.251126
1.97,3,15.252089
-0.04,4,15.253345
3.94,6,15.255186
-0.05,5,15.256711
1.92,8,15.25912
1.92,8,15.261519
1.97,3,15.262507
3.9,10,15.328701
1.97,3,15.329895
1.96,4,15.331209
1.97,3,15.332203
3.95,5,15.3338
3.95,5,15.335376
1.97,3,15.336351
3.92,8,15.338799
3.93,7,15.340944
3.95,5,15.342505
3.95,5,15.34406
1.95,5,15.345615
5.9,10,15.34863
1.96,4,15.349884
-0.06,6,15.351713
1.97,3,15.352678
3.93,7,15.354807
-0.04,4,15.356061
13.89,11,15.359378
1.97,3,15.360338
3.93,7,15.362459
3.95,5,15.364039
1.94,6,15.36591
3.95,5,15.367717
5.93,7,15.438116
-0.05,5,15.439801
1.97,3,15.440807
3.92,8,15.443279
5.93,7,15.445631
1.97,3,15.446871
-0.03,3,15.448038
3.95,5,15.449677
3.94,6,15.45179
1.97,3,15.452845
1.95,5,15.454463
1.96,4,15.455785
1.96,4,15.457111
1.96,4,15.458454
1.93,7,15.460723
1.97,3,15.461723
5.89,11,15.465019
3.95,5,15.466578
1.95,5,15.468127
5.91,9,15.470833
-0.04,4,15.472094
3.91,9,15.474879
1.95,5,15.476428
1.97,3,15.477388
5.93,7,15.550111
3.9,10,15.553189
1.96,4,15.554449
3.91,9,15.55713
1.96,4,15.558781
1.96,4,15.560171
3.93,7,15.562385
5.92,8,15.564873
1.92,8,15.567327
1.96,4,15.568603
1.97,3,15.569578
1.93,7,15.57196
1.94,6,15.573941
3.95,5,15.575534
1.97,3,15.57653
1.97,3,15.577498
-0.04,4,15.578728
3.95,5,15.580255
1.97,3,15.581205
5.89,11,15.585222
5.93,7,15.587458
1.96,4,15.58877
1.94,6,15.66011
1.96,4,15.661483
1.94,6,15.663374
5.91,9,15.666104
3.95,5,15.667667
3.95,5,15.669225
5.92,8,15.67165
5.91,9,15.674373
-0.04,4,15.675624
5.92,8,15.678038
1.96,4,15.679317
3.94,6,15.681141
1.95,5,15.682684
3.95,5,15.684232
1.97,3,15.685194
3.89,11,15.688475
-0.06,6,15.690308
3.95,5,15.691847
3.95,5,15.693394
3.93,7,15.695519
3.92,8,15.698394
5.92,8,15.770351
-0.04,4,15.771716
1.95,5,15.773307
1.96,4,15.774575
5.92,8,15.777082
3.93,7,15.779815
-0.03,3,15.780892
1.97,3,15.781883
5.9,10,15.784932
1.94,6,15.786791
3.95,5,15.788386
1.96,4,15.789654
1.97,3,15.790615
1.93,7,15.792753
-0.05,5,15.794316
1.93,7,15.796438
5.88,12,15.800014
-0.05,5,15.80156
1.96,4,15.802818
1.96,4,15.804067
1.96,4,15.805322
1.97,3,15.806297
13.89,11,15.884551
1.93,7,15.886816
1.94,6,15.888648
3.95,5,15.890188
3.94,6,15.891998
1.96,4,15.893418
1.95,5,15.895294
5.92,8,15.89779
3.95,5,15.899373
1.97,3,15.900356
1.95,5,15.901924
3.91,9,15.904646
3.94,6,15.906536
1.94,6,15.908473
3.93,7,15.910814
5.91,9,15.913543
3.92,8,15.915965
1.96,4,15.917359
3.95,5,15.918967
1.97,3,15.919944
3.95,5,15.92151
1.96,4,15.922788
1.92,8,15.986994
1.96,4,15.988518
1.96,4,15.989852
1.97,3,15.990865
1.97,3,15.99186
1.96,4,15.993149
1.97,3,15.994129
1.93,7,15.996636
3.95,5,15.998303
1.97,3,15.999301
3.92,8,16.001763
1.96,4,16.00304
1.97,3,16.004013
1.97,3,16.004986
1.97,3,16.005972
3.91,9,16.008686
5.9,10,16.011675
3.94,6,16.013518
1.97,3,16.01448
3.94,6,16.016309
5.91,9,16.019021
1.95,5,16.020564
3.95,5,16.022106
1.97,3,16.02307
1.97,3,16.024028
-0.04,4,16.025265
3.95,5,16.026814
1.97,3,16.096631
3.95,5,16.098341
1.96,4,16.099777
3.95,5,16.101556
1.96,4,16.102963
5.93,7,16.105229
3.92,8,16.107743
13.9,10,16.110877
1.94,6,16.113222
5.93,7,16.115472
3.95,5,16.117048
1.97,3,16.118021
3.92,8,16.120464
3.95,5,16.122342
1.96,4,16.123697
1.96,4,16.125032
1.96,4,16.126343
-0.05,5,16.127919
3.95,5,16.129504
5.93,7,16.131661
3.95,5,16.13324
1.96,4,16.134611
3.95,5,16.136242
5.92,8,16.205163
1.96,4,16.2066
3.95,5,16.208245
1.97,3,16.209482
3.94,6,16.211531
1.96,4,16.212855
1.96,4,16.214165
1.96,4,16.21547
1.97,3,16.216476
3.93,7,16.218739
1.97,3,16.219738
-0.04,4,16.221081
3.95,5,16.22267
1.97,3,16.223649
5.86,14,16.228035
1.97,3,16.229073
3.91,9,16.231833
5.93,7,16.234727
1.97,3,16.235777
3.94,6,16.237659
1.97,3,16.238652
5.93,7,16.24105
5.91,9,16.24442
1.95,5,16.246089
1.97,3,16.247091
1.97,3,16.329531
1.97,3,16.330637
1.94,6,16.332486
1.97,3,16.333451
3.95,5,16.334979
1.97,3,16.335927
1.93,7,16.338014
1.97,3,16.33945
1.96,4,16.340949
-0.04,4,16.342417
3.93,7,16.34469
-0.02,2,16.345409
1.96,4,16.346717
3.92,8,16.349246
3.94,6,16.351334
1.94,6,16.353244
3.92,8,16.355692
1.94,6,16.357544
1.97,3,16.358775
1.97,3,16.360385
1.96,4,16.361746
1.97,3,16.362742
3.95,5,16.364315
-0.06,6,16.366226
-0.04,4,16.367565
3.91,9,16.370348
1.96,4,16.37162
3.91,9,16.43812
5.92,8,16.440654
-0.03,3,16.441632
1.97,3,16.442617
1.97,3,16.443806
3.95,5,16.445594
1.97,3,16.446614
1.97,3,16.447623
3.95,5,16.449218
1.95,5,16.450794
3.95,5,16.452584
-0.06,6,16.454635
1.96,4,16.456689
3.95,5,16.458619
1.96,4,16.460304
-0.05,5,16.462309
13.9,10,16.466278
-0.05,5,16.468173
1.94,6,16.470065
1.97,3,16.471044
3.95,5,16.472611
1.97,3,16.473588
5.91,9,16.476586
5.93,7,16.478859
1.96,4,16.480144
-0.02,2,16.545041
3.9,10,16.548278
1.94,6,16.550473
3.92,8,16.553069
-0.04,4,16.554363
-0.04,4,16.555628
1.93,7,16.5578
-0.05,5,16.559459
3.95,5,16.561042
1.96,4,16.562357
5.92,8,16.564793
1.96,4,16.566061
1.97,3,16.567278
5.93,7,16.569788
1.94,6,16.571748
1.91,9,16.574589
3.93,7,16.576957
1.96,4,16.578269
1.97,3,16.579263
3.92,8,16.58175
3.92,8,16.584295
1.96,4,16.585584
5.89,11,16.652905
3.95,5,16.65471
3.94,6,16.656929
13.9,10,16.660629
1.94,6,16.662584
1.96,4,16.663913
3.92,8,16.666562
13.86,14,16.671102
1.97,3,16.672153
3.93,7,16.674339
-0.05,5,16.67589
1.94,6,16.677743
3.93,7,16.679887
1.97,3,16.680858
5.93,7,16.68301
1.97,3,16.683971
-0.04,4,16.685228
1.97,3,16.686202
1.96,4,16.687461
1.97,3,16.688413
1.94,6,16.69025
5.91,9,16.77586
1.96,4,16.777289
1.97,3,16.778311
3.95,5,16.779908
1.95,5,16.781483
-0.02,2,16.782157
1.93,7,16.784599
1.94,6,16.786466
1.97,3,16.787442
1.94,6,16.789312
3.95,5,16.790868
1.96,4,16.792164
1.94,6,16.79416
1.93,7,16.796715
1.97,3,16.797714
1.97,3,16.79871
1.97,3,16.799705
5.91,9,16.802478
1.97,3,16.803496
1.96,4,16.804784
1.97,3,16.805756
-0.05,5,16.807295
3.93,7,16.809438
5.91,9,16.812177
5.93,7,16.814319
3.91,9,16.88039
1.96,4,16.881786
1.97,3,16.882786
1.94,6,16.884669
3.93,7,16.886833
5.93,7,16.889375
3.95,5,16.891171
1.96,4,16.892675
1.96,4,16.894041
1.92,8,16.896541
1.96,4,16.897817
1.95,5,16.899395
1.97,3,16.900369
3.93,7,16.902505
3.93,7,16.904675
3.95,5,16.906477
1.96,4,16.907841
1.93,7,16.910256
1.97,3,16.911275
1.92,8,16.913749
1.97,3,16.914741
3.95,5,16.916555
5.92,8,16.919147
1.97,3,16.920135
1.97,3,16.921102
1.97,3,16.980599
3.95,5,16.982387
3.92,8,16.98527
5.93,7,16.987553
3.95,5,16.989208
1.97,3,16.990608
5.91,9,16.993784
1.96,4,16.995131
3.93,7,16.997462
5.92,8,17.000151
3.91,9,17.002959
-0.06,6,17.004824
-0.04,4,17.00607
1.97,3,17.007035
3.94,6,17.008998
3.95,5,17.010605
1.97,3,17.011612
5.93,7,17.013846
1.93,7,17.016029
5.92,8,17.018551
1.94,6,17.020471
-0.06,6,17.022317
3.95,5,17.083538
3.92,8,17.086322
3.95,5,17.087972
-0.05,5,17.089546
1.96,4,17.090826
1.97,3,17.091855
5.92,8,17.094537
1.97,3,17.095544
1.94,6,17.097407
1.93,7,17.099594
1.95,5,17.101493
3.94,6,17.103604
3.95,5,17.105205
1.96,4,17.106496
1.97,3,17.107482
3.95,5,17.109265
1.95,5,17.110868
1.97,3,17.112182
-0.03,3,17.113313
1.97,3,17.114326
1.95,5,17.115911
5.93,7,17.118253
1.97,3,17.11927
3.95,5,17.12086
1.96,4,17.122181
3.95,5,17.123779
1.97,3,17.124769
1.96,4,17.186151
3.94,6,17.188144
1.97,3,17.189235
1.97,3,17.190356
3.94,6,17.193065
1.97,3,17.194201
3.94,6,17.196376
1.97,3,17.19745
1.94,6,17.199771
1.97,3,17.201285
3.93,7,17.203609
3.92,8,17.206337
5.92,8,17.209151
1.97,3,17.210198
1.97,3,17.211189
1.96,4,17.212453
5.93,7,17.214583
13.88,12,17.218626
3.95,5,17.220261
1.97,3,17.22126
3.95,5,17.222834
3.93,7,17.225103
1.97,3,17.226121
1.97,3,17.227123
5.92,8,17.229729
1.97,3,17.306729
3.95,5,17.308507
1.97,3,17.309644
-0.02,2,17.310348
1.97,3,17.311334
1.97,3,17.312306
5.9,10,17.315333
5.9,10,17.318356
1.96,4,17.31997
1.96,4,17.321353
5.93,7,17.323539
3.92,8,17.326004
1.96,4,17.327292
-0.02,2,17.327976
1.97,3,17.329253
1.95,5,17.331066
5.9,10,17.334279
1.97,3,17.335284
5.91,9,17.338029
5.92,8,17.340531
1.97,3,17.341533
1.97,3,17.342688
1.95,5,17.344326
1.97,3,17.345315
5.93,7,17.347502
1.97,3,17.417123
5.93,7,17.419408
1.97,3,17.42039
1.94,6,17.422261
1.97,3,17.423257
1.95,5,17.424814
3.95,5,17.427042
3.94,6,17.429348
1.97,3,17.430366
3.93,7,17.432522
13.91,9,17.435252
3.92,8,17.43825
5.92,8,17.440871
1.97,3,17.442423
1.97,3,17.443525
3.91,9,17.446742
1.97,3,17.447861
-0.04,4,17.449319
3.92,8,17.452164
1.96,4,17.453494
1.95,5,17.45506
5.93,7,17.457901
3.93,7,17.460469
5.93,7,17.524527
3.94,6,17.52701
1.97,3,17.528105
3.95,5,17.529714
5.93,7,17.531892
13.9,10,17.535513
1.97,3,17.53659
1.97,3,17.537577
5.93,7,17.539723
-0.04,4,17.54099
1.97,3,17.542195
13.87,13,17.546733
13.91,9,17.549571
1.97,3,17.55057
5.93,7,17.552949
-0.04,4,17.55435
1.97,3,17.555356
3.95,5,17.556945
1.95,5,17.558521
1.97,3,17.559495
1.95,5,17.561047
-0.04,4,17.562332
3.95,5,17.563909
1.97,3,17.564881
13.91,9,17.645911
-0.05,5,17.647569
1.96,4,17.648859
5.92,8,17.651326
3.95,5,17.652898
1.97,3,17.654188
3.95,5,17.656317
5.93,7,17.658585
1.94,6,17.660484
1.97,3,17.661465
3.93,7,17.663736
1.95,5,17.665647
1.94,6,17.667706
1.97,3,17.668714
1.97,3,17.669832
3.92,8,17.672436
3.95,5,17.674065
3.93,7,17.676389
5.93,7,17.678617
5.91,9,17.681458
1.97,3,17.682445
1.95,5,17.684014
3.95,5,17.685593
1.96,4,17.686855
1.95,5,17.750718
1.97,3,17.751839
1.97,3,17.752865
3.91,9,17.755673
1.96,4,17.756961
1.97,3,17.758073
5.89,11,17.761867
5.9,10,17.765076
1.95,5,17.766648
3.92,8,17.769186
1.94,6,17.771084
3.95,5,17.772648
-0.03,3,17.773611
0.97,3,17.774577
13.91,9,17.777321
1.95,5,17.77889
5.93,7,17.781053
1.97,3,17.782483
1.95,5,17.784266
5.93,7,17.786439
1.97,3,17.787418
3.94,6,17.789303
1.97,3,17.790265
3.95,5,17.862085
1.96,4,17.863473
3.94,6,17.865443
13.9,10,17.868562
5.93,7,17.871102
5.93,7,17.873478
1.97,3,17.874464
-0.01,1,17.874869
1.97,3,17.876089
5.93,7,17.87831
5.92,8,17.881015
-0.03,3,17.882125
5.9,10,17.885296
5.9,10,17.888348
3.94,6,17.890203
1.95,5,17.891772
1.94,6,17.893642
3.95,5,17.895212
3.92,8,17.897644
3.94,6,17.899526
1.97,3,17.900506
-0.02,2,17.901188
1.96,4,17.902453
1.97,3,17.969512
13.89,11,17.973085
1.97,3,17.974098
1.96,4,17.975388
3.95,5,17.977007
1.95,5,17.978607
3.95,5,17.9802
1.96,4,17.981483
3.93,7,17.983699
1.97,3,17.984693
-0.04,4,17.985971
3.95,5,17.987572
1.97,3,17.988908
3.91,9,17.991825
1.97,3,17.99284
3.92,8,17.995277
3.95,5,17.996854
-0.05,5,17.998759
1.97,3,18.000085
1.97,3,18.001141
5.93,7,18.003349
1.94,6,18.005204
5.92,8,18.007667
5.93,7,18.009887
3.95,5,18.084209
3.95,5,18.085936
13.91,9,18.088706
1.97,3,18.08992
1.97,3,18.090976
1.96,4,18.09235
3.95,5,18.094307
1.97,3,18.095399
1.97,3,18.096408
1.97,3,18.097377
1.92,8,18.09982
1.97,3,18.100778
1.97,3,18.101763
1.93,7,18.104175
1.93,7,18.106434
-0.04,4,18.107714
13.91,9,18.111273
5.93,7,18.113534
3.94,6,18.11545
1.97,3,18.116474
1.97,3,18.117884
-0.01,1,18.118362
1.97,3,18.119386
1.95,5,18.120969
1.96,4,18.122235
3.94,6,18.124085
-0.03,3,18.125058
5.93,7,18.190453
3.95,5,18.192517
13.91,9,18.195451
3.93,7,18.197706
5.93,7,18.200324
5.93,7,18.202692
-0.01,1,18.203098
5.93,7,18.205269
3.93,7,18.207451
1.97,3,18.208504
1.97,3,18.209631
1.97,3,18.210611
1.95,5,18.212179
5.93,7,18.214321
1.97,3,18.21537
3.95,5,18.217049
1.97,3,18.218036
3.94,6,18.219877
5.9,10,18.222881
3.95,5,18.224419
-0.04,4,18.225726
1.97,3,18.22675
5.93,7,18.22895
1.96,4,18.230256
1.97,3,18.231247
1.94,6,18.301085
1.96,4,18.302461
1.97,3,18.303488
1.96,4,18.304788
1.97,3,18.305777
1.95,5,18.307353
3.95,5,18.308912
1.97,3,18.310286
3.93,7,18.312629
1.97,3,18.313639
3.95,5,18.315211
3.94,6,18.317294
5.93,7,18.319772
13.91,9,18.322671
3.95,5,18.32428
1.97,3,18.325416
1.94,6,18.327388
13.9,10,18.330431
-0.05,5,18.33199
1.96,4,18.333264
1.97,3,18.334325
3.95,5,18.335894
1.97,3,18.336865
1.97,3,18.337826
1.96,4,18.339089
1.97,3,18.340106
5.91,9,18.409777
3.94,6,18.411829
13.91,9,18.41462
1.96,4,18.415908
1.97,3,18.416882
1.96,4,18.418143
1.97,3,18.419527
5.93,7,18.421795
3.94,6,18.42367
5.93,7,18.426021
1.97,3,18.427073
1.95,5,18.428785
1.97,3,18.430033
5.93,7,18.432302
1.97,3,18.433335
1.94,6,18.435294
1.96,4,18.436591
1.97,3,18.437565
5.93,7,18.439708
1.95,5,18.441255
3.95,5,18.443429
1.97,3,18.444464
3.95,5,18.446019
5.93,7,18.448159
5.93,7,18.450771
3.95,5,18.514207
3.95,5,18.515939
3.95,5,18.517512
-0.01,1,18.517895
1.96,4,18.519144
5.91,9,18.521826
5.93,7,18.524303
1.97,3,18.525397
3.94,6,18.527294
1.96,4,18.528713
5.91,9,18.531735
1.96,4,18.533079
5.91,9,18.536117
1.97,3,18.537142
1.97,3,18.538122
-0.03,3,18.539124
5.91,9,18.541935
-0.03,3,18.543125
3.95,5,18.54477
3.94,6,18.546643
1.97,3,18.54762
3.95,5,18.549206
1.96,4,18.550728
3.95,5,18.552315
3.95,5,18.553847
3.95,5,18.555387
1.97,3,18.618711
-0.01,1,18.619327
3.95,5,18.621352
3.95,5,18.62306
5.93,7,18.625289
5.92,8,18.627994
3.95,5,18.629801
1.97,3,18.630816
1.96,4,18.632106
1.97,3,18.63323
1.97,3,18.63426
1.97,3,18.635259
1.97,3,18.636249
1.96,4,18.63752
3.95,5,18.639255
3.95,5,18.64086
3.95,5,18.642431
13.91,9,18.64519
1.97,3,18.646163
1.97,3,18.647133
1.96,4,18.648404
1.97,3,18.649375
3.95,5,18.650924
1.97,3,18.651886
5.91,9,18.654607
13.91,9,18.657754
3.93,7,18.659968
5.91,9,18.725489
1.94,6,18.727573
1.97,3,18.728595
13.91,9,18.73145
1.96,4,18.732743
1.97,3,18.734098
13.91,9,18.737044
1.95,5,18.738634
3.94,6,18.740516
3.93,7,18.742682
3.95,5,18.744662
3.95,5,18.746343
5.93,7,18.748524
3.92,8,18.751216
1.97,3,18.752229
1.94,6,18.754265
3.95,5,18.755884
1.97,3,18.75686
1.97,3,18.757839
1.97,3,18.758808
1.94,6,18.760674
1.97,3,18.761641
3.93,7,18.763801
1.97,3,18.764767
13.91,9,18.829993
1.96,4,18.831394
5.93,7,18.833646
3.95,5,18.835326
1.97,3,18.83634
3.94,6,18.838368
1.96,4,18.839809
1.97,3,18.840858
3.94,6,18.843035
3.94,6,18.84499
3.92,8,18.847495
1.97,3,18.848691
1.96,4,18.850171
3.95,5,18.851815
1.96,4,18.853088
5.93,7,18.855261
1.97,3,18.856249
3.95,5,18.857819
1.95,5,18.859794
1.97,3,18.860822
1.95,5,18.862391
1.95,5,18.863954
5.92,8,18.866353
1.96,4,18.867593
1.97,3,18.868948
5.93,7,18.929932
-0.03,3,18.931352
-0.03,3,18.932447
3.95,5,18.934182
3.95,5,18.935918
-0.01,1,18.936345
1.96,4,18.937877
3.94,6,18.940159
3.95,5,18.941905
3.94,6,18.944781
1.94,6,18.946725
1.96,4,18.94801
-0.03,3,18.949
1.97,3,18.950307
5.93,7,18.952503
-0.03,3,18.953485
3.95,5,18.955071
13.9,10,18.958136
-0.03,3,18.959123
1.97,3,18.960302
1.97,3,18.961364
-0.01,1,18.961786
1.97,3,18.962816
3.95,5,18.964683
-0.01,1,18.965137
3.93,7,18.967681
1.97,3,18.968709
3.95,5,18.970479
13.91,9,18.973277
1.97,3,18.974264
1.97,3,19.046837
3.95,5,19.048621
1.95,5,19.050228
1.96,4,19.051518
1.97,3,19.052503
1.97,3,19.053511
1.97,3,19.054537
-0.01,1,19.054938
-0.01,1,19.055323
1.97,3,19.056657
3.95,5,19.058244
5.91,9,19.060992
3.93,7,19.06316
1.97,3,19.064248
1.96,4,19.065655
-0.03,3,19.066829
5.92,8,19.069963
3.95,5,19.072543
13.91,9,19.077007
1.95,5,19.078651
1.95,5,19.080204
3.94,6,19.082041
1.96,4,19.083292
1.96,4,19.085002
3.94,6,19.097109
1.95,5,19.098886
1.97,3,19.099874
1.96,4,19.101146
1.97,3,19.102106
1.97,3,19.179421
1.97,3,19.180573
13.91,9,19.183412
3.93,7,19.185623
1.97,3,19.186613
1.97,3,19.187599
3.95,5,19.189495
1.97,3,19.190585
1.97,3,19.191594
1.97,3,19.192594
5.92,8,19.195103
1.95,5,19.196707
1.94,6,19.198789
1.97,3,19.200249
1.94,6,19.202215
1.96,4,19.20352
3.95,5,19.20515
3.95,5,19.206727
3.95,5,19.20832
1.97,3,19.209587
1.97,3,19.210631
1.97,3,19.211612
1.97,3,19.212662
-0.01,1,19.213046
1.96,4,19.214321
3.93,7,19.216479
1.96,4,19.217741
3.95,5,19.219301
1.97,3,19.220285
5.9,10,19.288059
1.97,3,19.289164
1.97,3,19.290167
5.93,7,19.292722
1.96,4,19.29415
5.93,7,19.296486
1.94,6,19.298421
3.94,6,19.300306
1.97,3,19.301291
3.95,5,19.302918
3.95,5,19.304517
-0.01,1,19.30491
5.93,7,19.307056
1.96,4,19.308331
3.94,6,19.310181
3.94,6,19.312027
13.91,9,19.314741
3.95,5,19.316298
3.95,5,19.317849
1.97,3,19.319257
1.95,5,19.321483
13.89,11,19.325313
1.95,5,19.327209
5.92,8,19.399422
5.91,9,19.402333
1.97,3,19.403346
5.89,11,19.407431
1.94,6,19.409957
3.94,6,19.411982
1.97,3,19.412974
3.92,8,19.415448
1.95,5,19.417056
1.95,5,19.418831
5.93,7,19.421173
3.93,7,19.423396
1.97,3,19.424391
1.97,3,19.42547
1.96,4,19.426767
1.95,5,19.428336
1.97,3,19.429468
3.93,7,19.431716
1.94,6,19.433729
13.9,10,19.437055
5.93,7,19.439312
-0.02,2,19.440011
3.95,5,19.441672
1.97,3,19.513655
1.97,3,19.514764
3.92,8,19.517255
1.97,3,19.518239
1.96,4,19.519526
1.97,3,19.520503
3.91,9,19.523724
-0.05,5,19.52539
3.95,5,19.526996
1.97,3,19.527986
5.93,7,19.530183
1.95,5,19.531984
5.92,8,19.534703
3.94,6,19.536649
1.93,7,19.538893
3.95,5,19.540952
1.94,6,19.543163
1.97,3,19.544204
3.95,5,19.545782
1.95,5,19.547363
3.95,5,19.548998
5.93,7,19.551388
3.91,9,19.554344
5.93,7,19.617307
13.91,9,19.620324
3.93,7,19.622544
3.95,5,19.624144
1.95,5,19.625862
5.93,7,19.628429
3.95,5,19.63008
1.95,5,19.631675
3.95,5,19.633238
3.92,8,19.635667
1.94,6,19.637511
3.92,8,19.640008
1.94,6,19.641847
1.97,3,19.642816
3.95,5,19.644364
1.96,4,19.645629
3.95,5,19.64723
1.97,3,19.648201
3.93,7,19.650641
3.94,6,19.653163
13.91,9,19.656041
1.97,3,19.657043
3.95,5,19.658633
3.95,5,19.72199
13.91,9,19.724832
1.97,3,19.72583
1.95,5,19.727403
1.97,3,19.728378
3.95,5,19.73037
1.97,3,19.731445
5.92,8,19.733913
3.95,5,19.736044
3.94,6,19.738059
1.97,3,19.739052
1.93,7,19.741665
1.97,3,19.74291
3.95,5,19.744563
1.97,3,19.745553
1.97,3,19.74654
1.97,3,19.747519
1.96,4,19.748781
1.97,3,19.749759
3.94,6,19.752112
1.95,5,19.753848
1.96,4,19.755178
3.95,5,19.756776
1.97,3,19.757761
1.97,3,19.758748
1.95,5,19.76039
3.92,8,19.763088
1.95,5,19.825714
1.96,4,19.827505
1.97,3,19.82858
13.91,9,19.831401
3.92,8,19.833884
3.94,6,19.836029
1.97,3,19.837075
3.93,7,19.839627
3.94,6,19.841592
1.97,3,19.842599
1.97,3,19.843582
13.91,9,19.846722
5.93,7,19.848963
3.95,5,19.850659
1.97,3,19.851684
5.92,8,19.854147
1.97,3,19.855267
13.89,11,19.858674
1.96,4,19.859949
1.95,5,19.861508
1.96,4,19.862977
1.97,3,19.864378
5.91,9,19.867487
13.9,10,19.937503
1.97,3,19.938569
1.97,3,19.939555
1.96,4,19.940841
3.95,5,19.942398
3.94,6,19.944243
3.95,5,19.945806
-0.03,3,19.94688
3.95,5,19.94885
3.95,5,19.950458
1.96,4,19.951735
5.92,8,19.954185
5.92,8,19.956591
1.97,3,19.957886
1.97,3,19.959025
3.92,8,19.961863
1.97,3,19.962892
1.97,3,19.963901
1.97,3,19.964889
3.95,5,19.966474
-0.02,2,19.967402
3.94,6,19.969389
3.93,7,19.971566
5.93,7,19.973724
3.94,6,19.975647
3.95,5,19.977248
1.97,3,20.036651
1.97,3,20.037773
1.97,3,20.038786
5.91,9,20.041684
5.93,7,20.044043
5.93,7,20.046222
-0.03,3,20.047252
1.97,3,20.048367
-0.04,4,20.049749
3.95,5,20.051371
1.96,4,20.052655
3.93,7,20.05481
1.97,3,20.055786
1.96,4,20.057036
3.95,5,20.058697
5.93,7,20.060904
5.93,7,20.063066
1.97,3,20.064036
5.93,7,20.066164
3.93,7,20.069129
3.95,5,20.070807
3.94,6,20.072663
1.96,4,20.073931
1.97,3,20.075672
1.97,3,20.077299
1.97,3,20.078295
3.92,8,20.143129
3.95,5,20.14482
-0.05,5,20.146403
1.97,3,20.147385
3.95,5,20.148951
1.97,3,20.149927
1.95,5,20.151556
1.97,3,20.152583
1.96,4,20.153873
5.89,11,20.157225
1.96,4,20.158497
3.95,5,20.160056
3.92,8,20.16322
3.95,5,20.164818
1.93,7,20.166964
1.97,3,20.167972
1.95,5,20.169547
1.95,5,20.171312
1.93,7,20.173864
3.95,5,20.175776
1.97,3,20.17685
5.93,7,20.179628
1.97,3,20.180675
1.95,5,20.182994
5.93,7,20.185547
3.95,5,20.260098
1.97,3,20.261163
5.93,7,20.263396
3.95,5,20.265032
1.97,3,20.266023
5.93,7,20.2684
3.91,9,20.271722
-0.04,4,20.273113
1.96,4,20.274483
-0.04,4,20.276305
1.97,3,20.277817
1.97,3,20.27916
1.96,4,20.280678
1.96,4,20.28205
5.93,7,20.284406
1.95,5,20.286047
1.97,3,20.287074
3.95,5,20.289017
3.92,8,20.291571
1.96,4,20.292852
3.95,5,20.29443
5.93,7,20.296621
1.94,6,20.29874
5.93,7,20.301205
3.95,5,20.302811
1.94,6,20.369728
-0.05,5,20.371519
1.97,3,20.372616
13.91,9,20.375591
3.95,5,20.377207
5.93,7,20.379436
1.97,3,20.380417
3.94,6,20.382365
-0.01,1,20.382815
3.94,6,20.384985
1.97,3,20.38604
1.97,3,20.387142
1.97,3,20.388231
1.94,6,20.390204
1.94,6,20.39211
5.93,7,20.394303
5.93,7,20.39652
1.94,6,20.398382
3.95,5,20.399953
1.97,3,20.400917
5.93,7,20.403055
3.95,5,20.405139
1.97,3,20.406188
-0.05,5,20.407771
3.95,5,20.409387
3.95,5,20.410963
3.95,5,20.47309
3.95,5,20.474797
5.93,7,20.477052
5.93,7,20.479318
1.95,5,20.480934
5.93,7,20.483115
1.97,3,20.484099
3.95,5,20.485716
5.93,7,20.487847
1.97,3,20.489455
1.97,3,20.490589
1.97,3,20.491615
3.95,5,20.493226
5.93,7,20.495393
3.95,5,20.497168
1.96,4,20.511803
1.97,3,20.513377
1.97,3,20.514644
3.92,8,20.520618
3.95,5,20.522253
3.95,5,20.524169
1.97,3,20.525664
5.92,8,20.528781
3.95,5,20.530456
3.95,5,20.532079
-0.01,1,20.532491
1.97,3,20.594683
1.97,3,20.595776
1.97,3,20.596768
3.94,6,20.598639
-0.04,4,20.599905
1.94,6,20.601772
1.97,3,20.602732
5.92,8,20.605704
13.91,9,20.608891
3.95,5,20.610614
-0.01,1,20.611041
13.9,10,20.614608
3.94,6,20.616884
1.95,5,20.618575
1.97,3,20.619585
5.92,8,20.622069
3.95,5,20.623947
-0.01,1,20.62445
3.94,6,20.626411
1.97,3,20.627401
3.95,5,20.628981
1.97,3,20.629969
1.96,4,20.631232
1.97,3,20.632222
1.97,3,20.633265
5.92,8,20.635948
13.91,9,20.707741
-0.04,4,20.709221
1.97,3,20.710372
5.93,7,20.712588
1.97,3,20.71357
13.91,9,20.716327
1.97,3,20.717615
3.92,8,20.720214
1.96,4,20.721502
5.93,7,20.723674
1.97,3,20.724659
3.92,8,20.727355
3.95,5,20.729029
1.94,6,20.731089
3.94,6,20.733022
1.95,5,20.735334
3.93,7,20.737533
3.95,5,20.739124
3.95,5,20.74068
1.97,3,20.7417
1.97,3,20.742757
1.94,6,20.744668
5.93,7,20.74684
1.96,4,20.748116
3.94,6,20.813404
1.97,3,20.814442
1.97,3,20.81541
1.97,3,20.816376
3.93,7,20.818477
1.97,3,20.819434
1.97,3,20.82106
3.95,5,20.823012
3.95,5,20.82482
1.95,5,20.8267
5.91,9,20.829524
3.94,6,20.83141
3.92,8,20.834283
3.92,8,20.836886
3.94,6,20.838783
5.92,8,20.841449
-0.03,3,20.842658
1.97,3,20.843748
5.91,9,20.846591
1.97,3,20.847599
1.97,3,20.848577
1.96,4,20.849835
13.89,11,20.853151
5.93,7,20.855294
1.96,4,20.927087
1.95,5,20.928731
13.9,10,20.931729
1.97,3,20.932688
3.95,5,20.934229
3.94,6,20.936496
3.92,8,20.93911
1.97,3,20.940276
1.97,3,20.94131
3.95,5,20.943202
3.95,5,20.944862
1.96,4,20.946163
1.94,6,20.94805
3.95,5,20.950053
1.97,3,20.951254
3.95,5,20.952901
1.97,3,20.953902
1.97,3,20.954893
3.95,5,20.956465
3.92,8,20.958935
1.96,4,20.960397
1.97,3,20.961469
1.95,5,20.963049
1.95,5,20.964638
3.95,5,20.966229
1.97,3,20.967427
1.97,3,20.96846
3.95,5,21.037266
1.97,3,21.038308
3.93,7,21.040449
1.97,3,21.041405
1.95,5,21.042943
1.97,3,21.043894
3.94,6,21.046106
1.94,6,21.048144
-0.02,2,21.048841
3.91,9,21.051602
1.97,3,21.052585
3.95,5,21.054131
3.95,5,21.055704
1.97,3,21.056676
3.94,6,21.058529
5.92,8,21.060957
13.89,11,21.064278
5.89,11,21.067571
13.9,10,21.070584
3.95,5,21.072594
1.97,3,21.073727
1.95,5,21.075403
1.95,5,21.07698
1.96,4,21.147583
1.97,3,21.148661
3.93,7,21.150919
3.93,7,21.153151
13.91,9,21.156418
3.92,8,21.159315
5.93,7,21.161558
1.94,6,21.163462
-0.02,2,21.164151
1.97,3,21.165149
1.94,6,21.167228
1.97,3,21.16825
3.93,7,21.170425
1.94,6,21.172303
5.93,7,21.174461
5.93,7,21.176615
1.97,3,21.177604
1.97,3,21.178579
1.97,3,21.179678
5.92,8,21.182244
5.93,7,21.184436
13.91,9,21.187205
3.94,6,21.249405
1.96,4,21.250816
1.94,6,21.252708
1.95,5,21.254281
3.95,5,21.255845
1.97,3,21.256811
1.97,3,21.257782
1.97,3,21.258744
3.95,5,21.260294
13.9,10,21.263294
3.95,5,21.264854
1.97,3,21.265816
1.97,3,21.266782
3.95,5,21.268328
3.93,7,21.270465
1.97,3,21.271432
5.93,7,21.273566
3.93,7,21.275687
13.9,10,21.278695
-0.04,4,21.279939
1.95,5,21.281504
1.97,3,21.282487
3.94,6,21.284548
1.95,5,21.286188
1.97,3,21.287175
1.97,3,21.288144
3.95,5,21.358205
-0.02,2,21.358974
5.93,7,21.361163
5.93,7,21.363611
1.97,3,21.36475
3.95,5,21.366557
5.92,8,21.369108
13.91,9,21.371989
13.91,9,21.374767
1.94,6,21.376914
1.95,5,21.378547
3.94,6,21.380431
1.97,3,21.381414
1.95,5,21.382981
13.9,10,21.386007
3.95,5,21.38758
-0.03,3,21.388559
5.93,7,21.390701
1.97,3,21.39168
1.97,3,21.392662
3.95,5,21.394235
1.97,3,21.395202
1.97,3,21.396165
1.97,3,21.397122
1.96,4,21.398376
1.97,3,21.46765
1.97,3,21.468781
1.97,3,21.469802
1.96,4,21.471108
1.97,3,21.472107
5.92,8,21.474564
1.97,3,21.475544
1.97,3,21.476526
3.95,5,21.478112
1.97,3,21.479128
3.95,5,21.480696
1.97,3,21.481675
1.96,4,21.482935
-0.01,1,21.483321
3.94,6,21.485171
3.95,5,21.486724
-0.01,1,21.487361
1.97,3,21.488585
-0.02,2,21.489313
3.95,5,21.490924
1.97,3,21.491923
5.92,8,21.494383
-0.01,1,21.494777
3.94,6,21.496621
1.97,3,21.497857
1.95,5,21.499772
1.95,5,21.501479
1.97,3,21.502479
3.95,5,21.504062
3.94,6,21.505926
1.97,3,21.50691
1.97,3,21.508127
3.95,5,21.509844
3.95,5,21.573163
1.96,4,21.574592
5.91,9,21.577899
5.91,9,21.580888
3.95,5,21.582681
1.96,4,21.583986
1.97,3,21.584984
3.93,7,21.587158
1.97,3,21.588138
1.95,5,21.589698
3.95,5,21.591569
-0.02,2,21.592332
5.92,8,21.594851
3.93,7,21.597031
3.95,5,21.598631
1.96,4,21.599908
1.97,3,21.600885
3.94,6,21.602716
-0.03,3,21.603689
1.97,3,21.604659
3.95,5,21.606206
3.95,5,21.607753
1.97,3,21.608976
1.97,3,21.610229
-0.01,1,21.610686
1.97,3,21.611699
1.96,4,21.612997
3.95,5,21.690411
3.95,5,21.692187
3.94,6,21.694128
5.93,7,21.696346
1.97,3,21.697345
1.97,3,21.698331
3.95,5,21.700439
1.97,3,21.701465
1.97,3,21.702448
1.96,4,21.703724
3.93,7,21.705878
1.97,3,21.70685
1.94,6,21.708689
3.94,6,21.710955
3.95,5,21.712554
1.97,3,21.713547
5.93,7,21.715708
3.95,5,21.717283
1.97,3,21.71826
3.95,5,21.72003
1.97,3,21.721136
1.96,4,21.722455
1.97,3,21.723451
-0.02,2,21.724135
3.95,5,21.725762
1.97,3,21.726738
1.95,5,21.728299
3.94,6,21.730397
5.93,7,21.73261
1.95,5,21.788649
13.91,9,21.791516
1.97,3,21.792509
13.91,9,21.795264
5.93,7,21.797812
1.97,3,21.798891
1.97,3,21.799891
1.95,5,21.801475
1.97,3,21.802473
5.93,7,21.804621
5.91,9,21.80736
1.97,3,21.808337
3.95,5,21.809897
1.95,5,21.811461
-0.01,1,21.811854
3.95,5,21.813406
1.97,3,21.81438
1.97,3,21.815346
1.97,3,21.816314
3.95,5,21.817864
1.97,3,21.818836
3.94,6,21.820904
3.95,5,21.822493
3.95,5,21.824051
5.92,8,21.827127
1.97,3,21.828204
3.95,5,21.891611
1.97,3,21.892688
5.93,7,21.894867
1.97,3,21.895855
5.89,11,21.899189
1.97,3,21.900578
3.95,5,21.902238
1.97,3,21.903253
1.97,3,21.907275
3.95,5,21.909214
3.92,8,21.911845
1.97,3,21.91305
1.96,4,21.914485
5.93,7,21.917032
1.97,3,21.918263
3.95,5,21.920024
3.95,5,21.921707
1.96,4,21.923015
1.97,3,21.923996
1.97,3,21.925164
1.97,3,21.926237
3.93,7,21.928635
1.97,3,21.929748
1.97,3,21.93076
3.95,5,21.932338
3.93,7,21.934517
5.93,7,21.936741
1.97,3,22.008112
3.95,5,22.009898
1.97,3,22.010909
1.97,3,22.011899
3.94,6,22.013757
5.93,7,22.01592
1.95,5,22.017812
5.93,7,22.020154
1.97,3,22.02116
1.97,3,22.022149
1.96,4,22.023421
3.95,5,22.024981
3.95,5,22.02653
1.96,4,22.027801
-0.05,5,22.029352
3.95,5,22.031161
1.97,3,22.032169
13.87,13,22.036513
1.97,3,22.03757
1.96,4,22.038834
1.94,6,22.040844
3.93,7,22.043332
5.93,7,22.045582
1.97,3,22.046573
1.94,6,22.048453
1.97,3,22.049434
3.95,5,22.13171
1.97,3,22.132792
1.94,6,22.134672
3.94,6,22.136536
-0.04,4,22.137785
3.95,5,22.139347
5.9,10,22.142355
1.97,3,22.143327
13.91,9,22.146061
3.92,8,22.148464
1.96,4,22.149723
5.93,7,22.151853
1.97,3,22.152815
1.96,4,22.154056
3.95,5,22.1556
1.93,7,22.157752
1.96,4,22.159238
13.91,9,22.16205
1.94,6,22.163922
3.94,6,22.165777
1.97,3,22.166781
3.95,5,22.168451
3.95,5,22.17004
3.91,9,22.237417
1.95,5,22.239098
1.97,3,22.240096
3.92,8,22.242547
3.93,7,22.244745
3.94,6,22.247111
-0.02,2,22.247821
5.92,8,22.250608
1.94,6,22.252604
5.93,7,22.254815
3.95,5,22.25644
3.95,5,22.258089
3.95,5,22.259827
1.97,3,22.260832
1.97,3,22.261826
1.97,3,22.262816
1.97,3,22.263799
3.95,5,22.265364
1.97,3,22.266333
1.95,5,22.267977
3.95,5,22.269639
1.95,5,22.271208
3.92,8,22.27363
1.97,3,22.274609
5.91,9,22.277321
1.97,3,22.340792
3.95,5,22.342462
1.97,3,22.343454
-0.01,1,22.34385
3.95,5,22.345417
1.97,3,22.346391
3.95,5,22.347948
1.95,5,22.349871
-0.02,2,22.350722
1.94,6,22.352699
5.93,7,22.354905
1.97,3,22.355893
-0.01,1,22.356282
1.96,4,22.357554
1.95,5,22.359126
3.93,7,22.361271
1.94,6,22.363533
1.96,4,22.364915
1.96,4,22.366229
-0.02,2,22.366913
1.97,3,22.36789
3.95,5,22.369439
1.97,3,22.370397
3.94,6,22.372217
3.94,6,22.374432
3.94,6,22.376585
1.97,3,22.377624
3.93,7,22.379781
1.97,3,22.380744
3.95,5,22.382293
3.92,8,22.439715
13.89,11,22.443039
1.97,3,22.444014
3.95,5,22.446158
1.96,4,22.447517
1.96,4,22.448808
3.92,8,22.451718
1.97,3,22.452776
3.94,6,22.454669
1.95,5,22.456249
1.97,3,22.457222
1.94,6,22.459088
1.97,3,22.460071
1.97,3,22.461667
3.94,6,22.463731
3.95,5,22.465359
3.95,5,22.46696
5.93,7,22.469151
1.97,3,22.470154
1.97,3,22.47114
1.97,3,22.472143
3.95,5,22.473728
1.97,3,22.474763
1.97,3,22.47581
3.93,7,22.47807
3.95,5,22.479753
-0.05,5,22.554025
3.95,5,22.555821
3.93,7,22.558134
1.95,5,22.559906
1.97,3,22.560926
1.97,3,22.561917
1.97,3,22.562892
1.94,6,22.564744
1.94,6,22.566583
3.95,5,22.568629
1.97,3,22.569728
1.97,3,22.570868
3.95,5,22.572511
3.94,6,22.574367
13.91,9,22.577476
1.96,4,22.578907
1.97,3,22.579912
5.93,7,22.582085
1.95,5,22.58366
1.97,3,22.584652
1.95,5,22.586223
3.95,5,22.587786
1.97,3,22.588751
1.97,3,22.589722
3.93,7,22.591868
1.97,3,22.592854
1.97,3,22.59383
5.89,11,22.661998
1.95,5,22.66366
1.97,3,22.66465
5.92,8,22.667247
13.91,9,22.670179
3.95,5,22.671749
1.97,3,22.672727
3.95,5,22.674278
1.97,3,22.67525
1.97,3,22.676209
3.95,5,22.677765
1.94,6,22.679616
1.97,3,22.680588
1.97,3,22.681554
1.96,4,22.682819
3.95,5,22.684358
1.97,3,22.685316
3.95,5,22.686853
3.95,5,22.688394
5.92,8,22.690807
5.93,7,22.692924
3.93,7,22.695039
5.9,10,22.698455
1.97,3,22.699466
3.95,5,22.764966
-0.05,5,22.766691
1.97,3,22.767691
1.97,3,22.768679
5.93,7,22.770846
3.95,5,22.772433
1.95,5,22.774309
1.97,3,22.776157
1.97,3,22.777347
3.94,6,22.779323
3.93,7,22.78151
1.97,3,22.782506
5.93,7,22.784974
1.97,3,22.786055
1.97,3,22.78704
3.95,5,22.788638
3.95,5,22.790203
5.93,7,22.79237
1.97,3,22.793335
1.97,3,22.794302
1.95,5,22.795864
3.94,6,22.797714
1.97,3,22.798689
5.91,9,22.801765
1.97,3,22.8028
1.94,6,22.804655
1.97,3,22.805652
1.97,3,22.806635
5.92,8,22.873986
3.95,5,22.875641
3.95,5,22.877214
1.97,3,22.878171
3.95,5,22.87972
3.95,5,22.881255
3.92,8,22.8842
13.91,9,22.887017
1.97,3,22.888028
1.97,3,22.889354
1.96,4,22.890717
13.9,10,22.894268
1.97,3,22.895354
1.94,6,22.897325
1.97,3,22.898366
3.93,7,22.900782
1.96,4,22.902271
1.95,5,22.916235
1.94,6,22.922659
5.91,9,22.931724
3.95,5,22.93614
1.97,3,22.943103
1.97,3,22.954902
1.97,3,22.986448
1.97,3,22.987529
3.95,5,23.068076
1.96,4,23.069445
3.95,5,23.071016
5.92,8,23.073424
1.97,3,23.074392
5.92,8,23.077271
5.93,7,23.079875
1.95,5,23.081595
5.91,9,23.084643
1.97,3,23.0857
1.95,5,23.087602
1.97,3,23.088677
1.96,4,23.089991
1.97,3,23.090998
5.93,7,23.09339
3.93,7,23.095662
13.91,9,23.098447
5.9,10,23.101895
3.94,6,23.103859
1.97,3,23.104853
3.95,5,23.106485
3.94,6,23.108367
1.94,6,23.17584
1.97,3,23.176976
3.94,6,23.178898
1.97,3,23.179888
3.95,5,23.181476
-0.02,2,23.18217
3.94,6,23.184028
5.92,8,23.18699
1.97,3,23.18807
3.94,6,23.18998
1.97,3,23.191017
1.97,3,23.192292
1.94,6,23.194389
13.9,10,23.197781
1.97,3,23.198806
1.97,3,23.199796
1.97,3,23.200984
1.97,3,23.202018
1.97,3,23.203019
1.97,3,23.204009
1.97,3,23.205001
5.93,7,23.207181
1.94,6,23.209191
1.95,5,23.210945
3.95,5,23.21254
1.97,3,23.213518
1.97,3,23.214485
1.97,3,23.215462
1.97,3,23.216435
3.95,5,23.218116
3.95,5,23.289773
1.97,3,23.290931
5.9,10,23.294036
3.93,7,23.296179
1.97,3,23.297154
1.97,3,23.298477
3.95,5,23.300299
13.91,9,23.303124
3.92,8,23.3056
-0.03,3,23.30658
13.91,9,23.309608
1.96,4,23.310899
5.91,9,23.313639
1.95,5,23.315203
1.95,5,23.316902
3.95,5,23.319185
13.91,9,23.322063
1.97,3,23.323061
1.97,3,23.324038
1.97,3,23.325134
3.95,5,23.326992
1.97,3,23.327972
-0.02,2,23.328699
3.95,5,23.330528
3.92,8,23.400365
3.94,6,23.402829
1.97,3,23.403899
3.95,5,23.405498
1.96,4,23.406783
5.93,7,23.409113
3.95,5,23.410698
1.97,3,23.411684
3.94,6,23.413538
3.95,5,23.415097
3.93,7,23.417252
1.97,3,23.418402
3.95,5,23.420342
3.94,6,23.422274
3.93,7,23.424458
1.96,4,23.42584
3.95,5,23.427472
1.96,4,23.42877
3.95,5,23.430331
3.95,5,23.431899
3.92,8,23.434402
3.94,6,23.436311
1.97,3,23.437293
3.95,5,23.438859
1.97,3,23.440005
3.94,6,23.50067
1.97,3,23.501788
13.91,9,23.504608
3.95,5,23.506188
1.97,3,23.507176
5.93,7,23.509947
5.9,10,23.513171
-0.04,4,23.51446
1.97,3,23.51545
1.95,5,23.517025
5.93,7,23.519169
1.97,3,23.520715
-0.03,3,23.521775
-0.04,4,23.523216
3.95,5,23.524808
1.95,5,23.526541
3.94,6,23.5285
-0.03,3,23.529483
3.95,5,23.531044
1.97,3,23.532018
1.97,3,23.532985
3.95,5,23.534527
3.95,5,23.53608
1.95,5,23.537619
3.95,5,23.539167
1.97,3,23.540728
5.93,7,23.543194
1.97,3,23.611718
3.95,5,23.613467
3.95,5,23.61511
-0.02,2,23.615806
1.94,6,23.617671
5.91,9,23.620845
3.93,7,23.623171
3.95,5,23.624752
1.97,3,23.625972
3.95,5,23.627646
5.93,7,23.629917
5.91,9,23.632866
3.95,5,23.63467
5.93,7,23.636853
1.97,3,23.637829
5.91,9,23.64057
1.97,3,23.641748
3.95,5,23.643406
13.91,9,23.64617
1.97,3,23.647145
-0.03,3,23.648126
3.95,5,23.649825
13.9,10,23.653522
1.97,3,23.719687
3.95,5,23.721389
5.93,7,23.723582
1.97,3,23.724567
1.97,3,23.725656
3.94,6,23.727596
3.95,5,23.729192
5.92,8,23.731639
1.97,3,23.732622
3.95,5,23.735058
3.95,5,23.736836
1.97,3,23.737866
1.97,3,23.73887
1.95,5,23.740517
3.94,6,23.742874
1.97,3,23.744151
1.97,3,23.7452
5.93,7,23.747402
13.91,9,23.750188
3.93,7,23.752345
3.95,5,23.753916
3.95,5,23.755469
5.92,8,23.757906
1.97,3,23.758921
1.97,3,23.760042
3.95,5,23.761616
1.96,4,23.826781
1.94,6,23.82874
1.95,5,23.830307
1.97,3,23.831287
-0.02,2,23.831976
1.96,4,23.833243
-0.01,1,23.833712
1.95,5,23.835433
1.97,3,23.83645
-0.01,1,23.836847
3.95,5,23.83846
1.97,3,23.839457
1.96,4,23.840733
5.93,7,23.842951
1.95,5,23.844533
5.93,7,23.8467
1.97,3,23.84769
13.91,9,23.850893
1.96,4,23.852536
1.97,3,23.853684
1.97,3,23.854777
1.97,3,23.855889
3.95,5,23.857529
3.95,5,23.859697
1.96,4,23.861186
1.97,3,23.862222
1.96,4,23.86353
5.93,7,23.865723
5.93,7,23.868189
5.91,9,23.934478
3.94,6,23.936471
5.91,9,23.939272
1.96,4,23.940568
3.95,5,23.942476
3.95,5,23.944236
1.95,5,23.945839
1.97,3,23.94682
1.97,3,23.947804
5.93,7,23.949977
1.97,3,23.950976
5.93,7,23.953617
-0.01,1,23.954086
1.97,3,23.955096
-0.02,2,23.955804
3.95,5,23.957407
3.95,5,23.959167
1.95,5,23.960821
3.95,5,23.962438
1.97,3,23.963433
5.92,8,23.96593
3.93,7,23.968404
1.97,3,23.969429
3.95,5,23.971007
1.97,3,23.971999
3.94,6,23.973871
-0.03,3,23.974861
1.97,3,24.03773
1.97,3,24.038824
1.97,3,24.03983
1.97,3,24.040844
1.96,4,24.042123
3.95,5,24.043744
3.95,5,24.045333
1.97,3,24.046481
3.95,5,24.048405
1.97,3,24.04943
3.95,5,24.051262
5.92,8,24.053847
1.97,3,24.054853
3.93,7,24.05709
3.95,5,24.058757
3.95,5,24.060456
1.94,6,24.062372
5.91,9,24.065166
1.97,3,24.066201
5.92,8,24.069412
1.95,5,24.071084
1.95,5,24.072635
1.95,5,24.074174
1.94,6,24.076005
1.97,3,24.07696
1.97,3,24.077914
1.97,3,24.079104
3.95,5,24.144917
1.97,3,24.145995
3.95,5,24.147587
1.97,3,24.148572
3.95,5,24.150155
1.95,5,24.151996
1.97,3,24.153005
5.93,7,24.155622
3.95,5,24.157311
5.91,9,24.160392
1.95,5,24.162045
1.96,4,24.163345
1.96,4,24.164646
1.97,3,24.165641
1.95,5,24.167571
3.95,5,24.169306
1.96,4,24.170613
1.97,3,24.171606
1.97,3,24.172595
1.97,3,24.173581
3.95,5,24.175161
13.91,9,24.178387
3.94,6,24.180293
1.97,3,24.181278
3.95,5,24.182848
1.97,3,24.183831
3.95,5,24.185406
1.95,5,24.18718
3.95,5,24.251916
3.93,7,24.25414
13.89,11,24.2574
-0.01,1,24.257789
1.97,3,24.258746
3.94,6,24.260967
1.97,3,24.262091
1.97,3,24.263108
1.96,4,24.264403
3.93,7,24.266588
3.95,5,24.268391
5.93,7,24.270673
13.9,10,24.273792
1.97,3,24.274786
1.97,3,24.276145
3.95,5,24.277772
3.95,5,24.279304
3.95,5,24.280836
1.95,5,24.282357
3.95,5,24.283879
3.94,6,24.286135
1.97,3,24.287232
3.94,6,24.289281
1.97,3,24.290511
3.93,7,24.292664
3.94,6,24.364116
3.95,5,24.36578
1.97,3,24.366869
3.92,8,24.369396
1.97,3,24.370375
3.95,5,24.371966
13.89,11,24.375603
1.96,4,24.377122
3.94,6,24.379043
3.93,7,24.38123
1.97,3,24.382222
3.93,7,24.384386
1.96,4,24.385977
1.96,4,24.387365
3.95,5,24.388983
13.91,9,24.391903
3.95,5,24.3936
1.96,4,24.394922
3.93,7,24.397144
-0.01,1,24.397541
1.97,3,24.398552
3.95,5,24.400509
1.97,3,24.401676
3.95,5,24.403271
1.95,5,24.404813
3.95,5,24.476331
5.93,7,24.478643
1.95,5,24.480242
5.92,8,24.482812
1.97,3,24.484126
1.97,3,24.485347
1.95,5,24.487017
5.91,9,24.489824
3.94,6,24.491714
1.96,4,24.493014
1.96,4,24.494435
3.93,7,24.497069
1.97,3,24.498081
1.97,3,24.499086
3.93,7,24.501391
1.94,6,24.503322
1.96,4,24.504615
1.97,3,24.505609
3.94,6,24.5075
5.93,7,24.509937
-0.05,5,24.511557
5.93,7,24.513738
1.95,5,24.515311
1.97,3,24.516285
1.97,3,24.517254
1.97,3,24.580104
3.95,5,24.581835
5.93,7,24.584819
-0.03,3,24.585928
1.96,4,24.587245
1.97,3,24.58824
1.96,4,24.589944
3.93,7,24.592378
13.9,10,24.595484
5.92,8,24.597934
5.91,9,24.601002
1.97,3,24.602074
1.96,4,24.603421
3.93,7,24.60564
1.96,4,24.606972
-0.02,2,24.607655
1.97,3,24.609057
1.96,4,24.610797
1.97,3,24.611817
3.95,5,24.613369
5.91,9,24.616189
1.96,4,24.617676
-0.01,1,24.618104
3.95,5,24.619725
5.93,7,24.621914
1.97,3,24.622909
1.97,3,24.69247
3.95,5,24.694196
3.94,6,24.696085
3.95,5,24.697669
1.95,5,24.699213
1.97,3,24.700177
5.93,7,24.70282
3.95,5,24.704681
3.94,6,24.706652
1.97,3,24.707657
3.94,6,24.709722
-0.03,3,24.710764
5.93,7,24.712938
1.97,3,24.713917
3.95,5,24.715482
1.96,4,24.716795
-0.01,1,24.717196
1.95,5,24.718753
3.95,5,24.720338
3.95,5,24.721897
3.95,5,24.723443
1.97,3,24.724416
1.96,4,24.725817
5.93,7,24.727995
1.94,6,24.729817
3.95,5,24.731372
13.91,9,24.791997
1.97,3,24.793148
5.93,7,24.79531
1.96,4,24.796563
3.95,5,24.798106
3.94,6,24.799938
3.94,6,24.802143
1.97,3,24.803251
1.97,3,24.804253
3.95,5,24.805843
1.97,3,24.806836
1.94,6,24.808894
1.97,3,24.810085
1.97,3,24.811313
1.96,4,24.812794
3.94,6,24.814952
1.97,3,24.816187
-0.02,2,24.817038
1.97,3,24.818101
5.93,7,24.820398
1.96,4,24.82215
1.94,6,24.824499
5.93,7,24.826937
5.92,8,24.829505
1.97,3,24.830544
13.91,9,24.833933
1.97,3,24.835006
3.95,5,24.836685
13.88,12,24.905353
3.93,7,24.90757
3.95,5,24.909424
3.95,5,24.911057
1.96,4,24.912309
1.97,3,24.913669
1.97,3,24.914861
1.97,3,24.91593
1.97,3,24.916964
5.92,8,24.91978
1.94,6,24.921725
1.97,3,24.922732
5.93,7,24.925283
3.95,5,24.926921
1.94,6,24.928787
1.93,7,24.931148
1.97,3,24.932169
3.94,6,24.934237
1.95,5,24.935899
1.97,3,24.936883
13.91,9,24.939634
1.97,3,24.940606
1.96,4,24.942055
3.95,5,24.943993
5.92,8,25.021613
1.97,3,25.022688
1.94,6,25.024569
5.93,7,25.027175
1.97,3,25.028608
1.95,5,25.030624
3.95,5,25.03231
3.95,5,25.034245
1.95,5,25.035891
5.92,8,25.038374
1.94,6,25.0403
1.97,3,25.041288
5.9,10,25.044352
1.97,3,25.045327
3.95,5,25.04689
1.93,7,25.049028
1.97,3,25.050303
1.95,5,25.051999
3.95,5,25.053587
3.91,9,25.056331
1.94,6,25.058179
5.93,7,25.0606
1.97,3,25.06162
5.93,7,25.130133
13.89,11,25.133644
5.93,7,25.135818
1.97,3,25.1368
1.97,3,25.137767
3.93,7,25.140251
1.97,3,25.141343
1.97,3,25.142385
5.93,7,25.144567
5.9,10,25.147627
1.95,5,25.149317
3.95,5,25.151219
1.97,3,25.152268
1.94,6,25.154116
3.95,5,25.155665
1.95,5,25.157204
1.97,3,25.158175
3.95,5,25.160149
3.94,6,25.162164
1.97,3,25.163169
1.97,3,25.16416
3.91,9,25.167127
1.97,3,25.168144
-0.04,4,25.169585
1.96,4,25.170976
1.97,3,25.242485
1.95,5,25.24422
5.93,7,25.246366
1.96,4,25.247626
3.95,5,25.249177
5.93,7,25.251279
3.93,7,25.253911
3.95,5,25.25556
1.96,4,25.256862
5.93,7,25.259086
5.93,7,25.261249
5.93,7,25.263432
3.93,7,25.265581
3.94,6,25.267617
3.95,5,25.269289
1.97,3,25.270296
3.95,5,25.2719
1.97,3,25.272902
1.97,3,25.27389
3.95,5,25.275742
1.97,3,25.277036
5.93,7,25.279581
1.96,4,25.280894
1.97,3,25.281881
1.97,3,25.28287
3.94,6,25.338124
1.97,3,25.339324
1.97,3,25.340436
1.94,6,25.34239
1.97,3,25.343379
3.94,6,25.345232
3.94,6,25.347073
13.91,9,25.349817
1.95,5,25.351527
1.97,3,25.352612
1.97,3,25.353654
3.95,5,25.355261
5.91,9,25.358064
1.97,3,25.359582
1.94,6,25.361877
5.91,9,25.364693
1.97,3,25.365692
1.97,3,25.366664
1.97,3,25.367851
1.96,4,25.369168
1.97,3,25.370176
5.92,8,25.372684
1.97,3,25.373671
3.95,5,25.375311
-0.04,4,25.376627
1.97,3,25.377608
13.91,9,25.380815
13.91,9,25.446388
3.95,5,25.448015
1.94,6,25.449853
1.97,3,25.450819
13.91,9,25.453974
1.97,3,25.455083
5.93,7,25.457307
-0.03,3,25.458298
3.94,6,25.46053
-0.02,2,25.461263
1.96,4,25.46259
-0.02,2,25.463529
5.91,9,25.466503
1.97,3,25.467508
1.97,3,25.468519
1.97,3,25.469611
-0.02,2,25.470325
1.96,4,25.471614
3.94,6,25.47351
3.94,6,25.475522
1.97,3,25.476636
3.95,5,25.478273
1.97,3,25.479295
3.95,5,25.480896
1.97,3,25.481889
5.93,7,25.484278
3.95,5,25.486313
3.94,6,25.551502
3.94,6,25.553468
3.95,5,25.555061
1.97,3,25.55605
5.91,9,25.558804
1.96,4,25.560475
3.95,5,25.562233
3.95,5,25.563846
13.91,9,25.566618
1.97,3,25.567884
5.93,7,25.570366
3.94,6,25.572339
5.93,7,25.574497
1.97,3,25.575645
1.97,3,25.576638
3.95,5,25.578223
1.97,3,25.579212
1.97,3,25.580206
1.95,5,25.581782
13.9,10,25.585036
3.93,7,25.587284
1.97,3,25.58828
1.97,3,25.589274
1.97,3,25.590302
1.97,3,25.591297
3.95,5,25.659275
1.95,5,25.661096
1.97,3,25.662102
1.96,4,25.663375
1.95,5,25.664949
3.91,9,25.667887
5.92,8,25.670457
1.97,3,25.67146
1.97,3,25.672455
5.93,7,25.674647
5.91,9,25.677634
3.95,5,25.679311
1.97,3,25.680323
1.96,4,25.681595
1.97,3,25.682569
3.94,6,25.684485
1.97,3,25.685462
1.97,3,25.686427
5.9,10,25.689434
3.95,5,25.69099
-0.03,3,25.692345
1.97,3,25.69343
5.93,7,25.695573
1.97,3,25.696543
3.95,5,25.698075
3.95,5,25.699604
-0.03,3,25.700558
1.97,3,25.770134
1.96,4,25.77152
3.95,5,25.773135
1.97,3,25.774119
5.93,7,25.776766
3.95,5,25.778734
1.97,3,25.779851
1.94,6,25.781755
5.93,7,25.784188
1.96,4,25.785549
3.95,5,25.787168
5.93,7,25.789418
3.95,5,25.791058
3.92,8,25.793784
3.93,7,25.795979
1.93,7,25.798115
1.97,3,25.799086
1.94,6,25.801215
1.97,3,25.802236
1.96,4,25.803535
1.94,6,25.805429
1.97,3,25.806413
1.95,5,25.807996
1.97,3,25.809068
13.91,9,25.81196
3.94,6,25.878922
3.95,5,25.880583
3.95,5,25.882169
1.97,3,25.883289
5.93,7,25.885597
1.97,3,25.886588
1.97,3,25.887561
3.94,6,25.889634
1.95,5,25.89124
1.96,4,25.892602
1.97,3,25.893644
5.93,7,25.895868
1.95,5,25.897474
1.93,7,25.899653
1.96,4,25.901429
1.97,3,25.902639
3.93,7,25.904911
1.97,3,25.905927
1.97,3,25.906928
3.92,8,25.90941
1.95,5,25.911371
5.91,9,25.914207
3.95,5,25.915791
1.93,7,25.918005
1.97,3,25.918997
1.97,3,25.983481
1.95,5,25.985351
1.94,6,25.987294
3.95,5,25.988925
1.95,5,25.990522
1.97,3,25.991518
1.97,3,25.992796
-0.04,4,25.994418
5.93,7,25.996676
3.92,8,25.999132
3.94,6,26.001005
3.95,5,26.002719
1.97,3,26.003851
3.95,5,26.005461
5.92,8,26.007943
1.97,3,26.009081
1.97,3,26.010145
1.97,3,26.011168
3.95,5,26.012776
5.91,9,26.015757
3.92,8,26.018517
3.95,5,26.020126
5.91,9,26.02289
1.97,3,26.023874
1.96,4,26.025218
13.89,11,26.093517
1.97,3,26.094769
1.94,6,26.096905
3.92,8,26.0994
1.94,6,26.101554
3.95,5,26.103247
3.95,5,26.104881
1.97,3,26.105902
3.92,8,26.108605
1.97,3,26.109794
1.97,3,26.11114
1.96,4,26.112487
1.96,4,26.113905
-0.04,4,26.115287
1.94,6,26.117706
5.89,11,26.121378
1.97,3,26.122405
5.92,8,26.125055
3.92,8,26.127597
1.95,5,26.129197
1.96,4,26.130696
3.95,5,26.132435
1.94,6,26.134559
3.95,5,26.209583
5.93,7,26.211968
1.96,4,26.213281
-0.05,5,26.214857
5.93,7,26.217001
1.97,3,26.218394
1.95,5,26.220123
5.91,9,26.223134
1.92,8,26.225886
5.93,7,26.228106
1.97,3,26.229096
3.95,5,26.230674
1.93,7,26.232836
1.97,3,26.233942
3.95,5,26.235549
1.94,6,26.237487
5.89,11,26.240884
5.93,7,26.243124
1.96,4,26.244904
3.93,7,26.24727
1.96,4,26.248574
3.93,7,26.250953
5.89,11,26.326913
5.9,10,26.329972
3.95,5,26.331513
3.95,5,26.333402
1.94,6,26.335367
3.94,6,26.337236
5.92,8,26.339678
1.97,3,26.340651
3.95,5,26.34221
-0.03,3,26.343583
1.95,5,26.345325
1.96,4,26.34663
5.93,7,26.348821
1.97,3,26.349802
5.93,7,26.352177
3.95,5,26.354066
3.91,9,26.356994
3.93,7,26.359363
5.93,7,26.36199
-0.03,3,26.363003
3.91,9,26.365895
1.97,3,26.433636
3.94,6,26.435662
5.93,7,26.437873
1.92,8,26.440328
3.95,5,26.442181
5.93,7,26.445253
1.94,6,26.447215
1.93,7,26.449464
5.92,8,26.452164
3.95,5,26.453776
1.93,7,26.455965
1.96,4,26.457258
3.95,5,26.458936
3.94,6,26.460902
1.97,3,26.46189
1.96,4,26.463172
1.95,5,26.464735
5.89,11,26.468605
-0.04,4,26.470161
1.95,5,26.471792
5.91,9,26.474549
3.92,8,26.546008
3.95,5,26.547702
1.94,6,26.54973
1.95,5,26.551733
5.9,10,26.555288
1.96,4,26.556669
1.95,5,26.558277
3.95,5,26.560009
13.88,12,26.563777
1.93,7,26.566103
3.95,5,26.568066
1.97,3,26.569195
3.94,6,26.57115
1.97,3,26.572159
1.94,6,26.574364
3.95,5,26.576184
3.95,5,26.577821
3.94,6,26.579702
1.97,3,26.580691
3.94,6,26.582558
3.95,5,26.584361
1.97,3,26.585442
5.91,9,26.662397
1.96,4,26.66383
1.97,3,26.664846
13.9,10,26.667888
5.93,7,26.670064
1.97,3,26.671038
3.95,5,26.673026
3.95,5,26.674707
1.96,4,26.676225
5.89,11,26.679861
1.93,7,26.682053
1.94,6,26.684003
1.97,3,26.685009
3.93,7,26.687162
-0.06,6,26.689005
1.95,5,26.690569
1.97,3,26.691544
1.96,4,26.693151
1.97,3,26.694436
3.91,9,26.697293
5.9,10,26.700416
1.97,3,26.70143
3.95,5,26.703011
3.92,8,26.777458
1.97,3,26.778537
5.93,7,26.780721
3.95,5,26.782301
3.94,6,26.784317
1.95,5,26.78589
3.9,10,26.788911
3.92,8,26.791495
13.91,9,26.794419
3.95,5,26.795998
5.93,7,26.798146
1.93,7,26.800387
1.97,3,26.801385
1.97,3,26.802363
1.96,4,26.803648
1.97,3,26.804625
5.91,9,26.807388
5.89,11,26.811006
5.92,8,26.813563
3.94,6,26.815477
3.93,7,26.886725
1.97,3,26.8879
3.93,7,26.890077
3.92,8,26.892801
5.93,7,26.89524
-0.05,5,26.897285
3.93,7,26.899591
1.94,6,26.901714
3.95,5,26.90339
3.95,5,26.905014
1.96,4,26.906507
3.95,5,26.908173
13.9,10,26.911729
5.93,7,26.913995
5.93,7,26.916259
3.93,7,26.918483
3.95,5,26.920189
3.92,8,26.922626
1.93,7,26.924845
1.94,6,26.927156
3.95,5,26.928911
3.95,5,26.996077
1.97,3,26.99717
3.95,5,26.998766
5.91,9,27.00153
3.95,5,27.003115
1.94,6,27.005405
1.95,5,27.007212
1.95,5,27.009003
3.95,5,27.01074
1.97,3,27.01175
3.95,5,27.013384
5.93,7,27.015756
1.97,3,27.016865
1.97,3,27.017939
3.95,5,27.019573
-0.05,5,27.021139
1.94,6,27.023007
1.94,6,27.02503
3.93,7,27.027898
1.97,3,27.029294
1.96,4,27.030756
3.93,7,27.032983
1.97,3,27.033991
5.93,7,27.036609
5.9,10,27.102706
1.97,3,27.103837
1.97,3,27.104872
1.97,3,27.105883
1.97,3,27.106884
1.95,5,27.108758
1.97,3,27.110178
1.96,4,27.11156
1.97,3,27.112554
13.91,9,27.115289
3.93,7,27.117897
1.96,4,27.119308
1.97,3,27.120323
1.97,3,27.121323
1.97,3,27.12232
1.97,3,27.123309
1.97,3,27.124348
3.94,6,27.126247
3.95,5,27.128157
1.97,3,27.129242
13.91,9,27.132216
1.97,3,27.133216
5.93,7,27.135579
1.96,4,27.136951
-0.04,4,27.138353
3.95,5,27.139952
1.97,3,27.140929
1.97,3,27.141981
1.97,3,27.142994
1.94,6,27.144848
3.94,6,27.211699
3.95,5,27.213344
1.97,3,27.214314
1.96,4,27.215566
3.94,6,27.217387
1.95,5,27.218923
1.95,5,27.2208
1.97,3,27.221948
1.96,4,27.223269
-0.01,1,27.223666
3.95,5,27.225358
1.97,3,27.226464
1.95,5,27.228056
3.94,6,27.22993
1.97,3,27.230919
1.97,3,27.231899
1.95,5,27.233633
3.93,7,27.236031
1.96,4,27.237361
1.97,3,27.238379
5.93,7,27.240581
3.93,7,27.242791
1.97,3,27.244189
3.94,6,27.246173
1.94,6,27.248046
3.95,5,27.249629
1.97,3,27.250697
3.95,5,27.252279
3.92,8,27.309684
3.92,8,27.312276
-0.01,1,27.312674
3.95,5,27.314278
1.96,4,27.315565
1.97,3,27.316559
1.95,5,27.318382
1.97,3,27.319627
1.96,4,27.321057
3.95,5,27.322625
1.97,3,27.323607
1.94,6,27.325463
13.91,9,27.328524
3.93,7,27.330753
3.95,5,27.332386
5.93,7,27.334798
1.96,4,27.336182
5.93,7,27.338424
1.96,4,27.339747
3.95,5,27.341365
1.97,3,27.342427
-0.01,1,27.342823
1.97,3,27.343825
3.95,5,27.345424
3.95,5,27.347011
1.94,6,27.348897
-0.01,1,27.349287
1.96,4,27.350675
3.95,5,27.417249
5.93,7,27.419446
5.93,7,27.421564
3.94,6,27.423424
1.96,4,27.424669
5.93,7,27.427305
3.94,6,27.429457
3.94,6,27.431578
1.97,3,27.432583
1.97,3,27.43359
5.92,8,27.436251
13.91,9,27.439053
1.97,3,27.440037
1.95,5,27.441772
1.95,5,27.443312
5.9,10,27.446608
5.93,7,27.448818
3.95,5,27.450697
3.95,5,27.452358
1.96,4,27.453652
13.9,10,27.456881
1.97,3,27.457905
3.95,5,27.525635
5.93,7,27.528394
1.97,3,27.529497
1.97,3,27.530507
3.95,5,27.532115
1.95,5,27.533993
5.9,10,27.537171
1.97,3,27.538164
1.97,3,27.539207
1.97,3,27.540375
1.97,3,27.541402
1.97,3,27.542473
1.96,4,27.543774
3.92,8,27.54623
1.97,3,27.5472
1.97,3,27.548172
5.9,10,27.551229
1.97,3,27.552212
5.93,7,27.554336
5.93,7,27.556464
-0.03,3,27.557423
3.95,5,27.559059
3.93,7,27.56138
5.93,7,27.563536
13.89,11,27.633557
5.93,7,27.635974
1.97,3,27.636977
1.97,3,27.637972
5.93,7,27.640237
1.97,3,27.641228
3.95,5,27.643061
5.93,7,27.645355
1.97,3,27.646404
1.97,3,27.647419
3.95,5,27.649021
1.97,3,27.650014
3.95,5,27.652107
1.97,3,27.653276
1.96,4,27.654612
1.97,3,27.655614
3.95,5,27.65721
3.95,5,27.658809
1.97,3,27.659796
1.95,5,27.661359
3.95,5,27.66335
1.95,5,27.665034
1.94,6,27.66696
1.97,3,27.667945
5.92,8,27.670381
13.91,9,27.673126
1.97,3,27.674101
3.93,7,27.740302
3.95,5,27.742001
3.95,5,27.743682
1.96,4,27.744968
3.95,5,27.746568
1.95,5,27.748132
3.92,8,27.751326
1.97,3,27.752425
1.97,3,27.753441
1.96,4,27.754736
1.97,3,27.755732
5.9,10,27.758982
3.93,7,27.761214
3.95,5,27.762787
1.97,3,27.76377
3.95,5,27.765341
3.95,5,27.766977
3.95,5,27.768738
3.95,5,27.77039
1.94,6,27.772273
1.94,6,27.774118
5.93,7,27.77676
1.96,4,27.778106
13.88,12,27.782028
1.97,3,27.857096
3.95,5,27.859203
3.92,8,27.862287
3.95,5,27.864194
1.93,7,27.866521
1.97,3,27.867535
1.93,7,27.870014
3.94,6,27.871962
-0.05,5,27.873541
13.91,9,27.876432
1.95,5,27.878083
5.9,10,27.881237
5.92,8,27.883888
1.97,3,27.88491
1.95,5,27.886498
3.93,7,27.888667
1.95,5,27.890398
5.93,7,27.892715
1.97,3,27.893728
1.95,5,27.895336
13.88,12,27.899006
3.95,5,27.974619
5.89,11,27.978271
1.97,3,27.979317
1.97,3,27.980477
1.94,6,27.982394
3.94,6,27.984727
1.95,5,27.986426
1.96,4,27.987753
1.96,4,27.98909
3.95,5,27.990695
1.94,6,27.9926
1.97,3,27.993853
3.95,5,27.995646
1.96,4,27.996966
3.95,5,27.998559
1.96,4,27.999835
1.97,3,28.000899
1.97,3,28.001903
3.95,5,28.003487
1.97,3,28.004475
3.95,5,28.006035
1.97,3,28.007009
5.93,7,28.009301
1.95,5,28.011066
3.95,5,28.012666
1.97,3,28.013639
3.95,5,28.015212
5.93,7,28.087276
1.97,3,28.088319
1.97,3,28.089285
3.95,5,28.090833
3.95,5,28.092383
1.95,5,28.093918
1.97,3,28.094866
1.97,3,28.096258
1.95,5,28.09793
1.97,3,28.098921
3.93,7,28.101241
13.91,9,28.104216
1.97,3,28.105245
1.97,3,28.106258
5.91,9,28.109453
1.97,3,28.110819
3.95,5,28.11241
5.93,7,28.114554
13.9,10,28.11755
13.91,9,28.12073
5.93,7,28.123375
1.97,3,28.124429
3.95,5,28.126058
1.97,3,28.12705
3.94,6,28.195012
1.96,4,28.196519
3.94,6,28.198453
1.97,3,28.199454
1.97,3,28.200464
1.97,3,28.201458
3.95,5,28.20305
3.95,5,28.205055
1.97,3,28.206204
1.97,3,28.207248
5.93,7,28.209657
3.95,5,28.211317
5.92,8,28.213785
5.93,7,28.215954
1.96,4,28.217294
3.93,7,28.219724
1.95,5,28.221324
3.95,5,28.222889
1.97,3,28.223871
3.92,8,28.226415
1.97,3,28.227445
5.93,7,28.229731
1.94,6,28.232046
3.94,6,28.234172
1.96,4,28.235772
1.97,3,28.236788
3.94,6,28.299027
13.91,9,28.301965
1.97,3,28.302965
3.95,5,28.304554
-0.02,2,28.305244
3.94,6,28.307127
3.95,5,28.309182
3.92,8,28.311709
1.92,8,28.314162
3.95,5,28.315745
1.97,3,28.316722
1.97,3,28.317721
1.93,7,28.319875
1.97,3,28.320899
3.91,9,28.323711
1.95,5,28.325326
1.97,3,28.326323
3.95,5,28.328212
1.94,6,28.330479
1.94,6,28.332481
1.97,3,28.333559
5.93,7,28.335895
3.92,8,28.338359
1.97,3,28.33935
3.95,5,28.403424
5.93,7,28.4058
1.95,5,28.407413
1.96,4,28.408883
5.93,7,28.411229
1.94,6,28.413647
1.97,3,28.414665
1.97,3,28.415659
1.93,7,28.418091
3.92,8,28.420693
3.92,8,28.423409
3.93,7,28.425814
1.94,6,28.427711
1.95,5,28.429343
3.95,5,28.431008
3.95,5,28.432596
1.97,3,28.433618
5.9,10,28.436768
1.97,3,28.437788
3.93,7,28.439978
3.91,9,28.442908
1.97,3,28.444449
1.97,3,28.445617
1.97,3,28.446654
3.95,5,28.514991
3.95,5,28.516655
3.95,5,28.518241
3.95,5,28.519811
3.94,6,28.521664
1.96,4,28.52325
1.97,3,28.524401
1.97,3,28.52565
3.93,7,28.528037
1.94,6,28.530031
3.95,5,28.531645
1.95,5,28.533547
1.94,6,28.535638
3.94,6,28.537538
1.97,3,28.53853
5.89,11,28.542161
3.93,7,28.544492
1.97,3,28.545512
1.96,4,28.546818
3.95,5,28.548411
13.89,11,28.551928
3.95,5,28.553675
5.93,7,28.555957
3.93,7,28.641392
1.97,3,28.642493
3.95,5,28.644106
5.93,7,28.646301
5.93,7,28.648483
1.94,6,28.651161
13.91,9,28.653998
1.97,3,28.655028
1.95,5,28.65662
1.94,6,28.658513
1.96,4,28.660282
3.95,5,28.662015
1.96,4,28.663323
3.95,5,28.664907
1.96,4,28.666172
1.95,5,28.667812
1.94,6,28.669841
1.97,3,28.670909
3.92,8,28.673432
1.97,3,28.674447
1.97,3,28.675535
5.93,7,28.677845
1.97,3,28.678838
1.94,6,28.680698
3.92,8,28.745535
1.97,3,28.746614
1.96,4,28.747884
1.97,3,28.748861
3.93,7,28.750987
1.96,4,28.752241
1.96,4,28.753484
1.97,3,28.754889
1.97,3,28.755994
3.92,8,28.758535
3.95,5,28.760321
1.97,3,28.761361
-0.05,5,28.76297
1.97,3,28.763983
3.95,5,28.765588
3.95,5,28.767199
3.94,6,28.769102
5.91,9,28.771946
1.97,3,28.772952
1.97,3,28.773941
3.95,5,28.775872
-0.02,2,28.776652
3.93,7,28.778919
1.95,5,28.780948
3.95,5,28.782616
3.93,7,28.785029
3.95,5,28.786645
1.96,4,28.850797
1.97,3,28.85195
3.95,5,28.85356
3.95,5,28.855149
1.97,3,28.856141
1.95,5,28.857716
1.93,7,28.860737
5.9,10,28.86413
5.92,8,28.866623
1.97,3,28.867918
1.97,3,28.868975
1.97,3,28.869995
1.97,3,28.871246
1.97,3,28.872329
1.95,5,28.873901
3.93,7,28.876139
1.96,4,28.877428
3.92,8,28.880007
1.97,3,28.881058
1.97,3,28.882062
3.92,8,28.88459
1.97,3,28.885574
3.95,5,28.887214
1.97,3,28.888208
1.97,3,28.889186
5.9,10,28.892331
1.94,6,28.961821
1.97,3,28.962934
3.91,9,28.965724
3.95,5,28.967594
3.94,6,28.969601
3.94,6,28.971682
1.94,6,28.973591
1.96,4,28.97487
1.95,5,28.976618
1.97,3,28.977632
3.95,5,28.979249
3.95,5,28.980829
3.93,7,28.982983
1.95,5,28.984878
1.93,7,28.987073
3.95,5,28.988648
5.93,7,28.990787
1.97,3,28.991744
3.95,5,28.993303
3.94,6,28.995698
1.94,6,28.997628
1.97,3,28.998627
5.91,9,29.001398
1.97,3,29.002386
1.97,3,29.003362
5.91,9,29.068437
13.91,9,29.071467
3.95,5,29.073054
1.96,4,29.074322
1.97,3,29.075469
3.95,5,29.077142
3.92,8,29.079653
1.97,3,29.080651
1.97,3,29.081641
3.95,5,29.083279
1.97,3,29.084351
13.91,9,29.087136
1.97,3,29.088111
1.97,3,29.089092
1.95,5,29.091108
5.93,7,29.09345
1.96,4,29.094755
3.95,5,29.096325
1.97,3,29.097304
3.93,7,29.099625
3.91,9,29.102583
1.97,3,29.103604
3.95,5,29.105192
3.92,8,29.107661
1.95,5,29.173888
1.97,3,29.174958
3.95,5,29.176824
3.95,5,29.178453
1.96,4,29.179734
1.95,5,29.181304
1.97,3,29.182598
3.95,5,29.184613
-0.04,4,29.186021
1.97,3,29.187027
3.95,5,29.188649
1.96,4,29.189935
3.95,5,29.191534
5.93,7,29.193939
3.95,5,29.195562
1.94,6,29.197458
1.97,3,29.198458
1.97,3,29.199769
3.94,6,29.202011
3.94,6,29.204069
1.97,3,29.205064
3.95,5,29.206643
3.95,5,29.208431
5.93,7,29.210876
3.94,6,29.212971
3.94,6,29.214888
5.93,7,29.28572
1.97,3,29.286806
1.94,6,29.288694
5.93,7,29.290931
3.92,8,29.293388
1.94,6,29.295745
3.92,8,29.2984
13.88,12,29.302175
1.97,3,29.303168
1.97,3,29.30415
1.97,3,29.305119
1.96,4,29.306379
1.97,3,29.30734
3.95,5,29.309072
3.94,6,29.311121
5.93,7,29.313302
3.95,5,29.314862
5.91,9,29.318208
3.95,5,29.320152
1.97,3,29.321174
1.97,3,29.322228
3.92,8,29.324748
1.95,5,29.326753
1.97,3,29.327795
1.97,3,29.404283
1.97,3,29.405355
-0.04,4,29.406658
1.97,3,29.407641
5.92,8,29.410119
-0.04,4,29.411381
1.97,3,29.412361
3.92,8,29.415361
3.95,5,29.417179
1.96,4,29.418631
1.94,6,29.420568
3.95,5,29.422173
3.95,5,29.423981
1.97,3,29.425072
3.95,5,29.426663
3.93,7,29.428831
1.97,3,29.429809
5.91,9,29.432569
1.94,6,29.434553
1.97,3,29.43555
1.97,3,29.436543
1.97,3,29.437519
1.97,3,29.438494
1.97,3,29.439593
1.97,3,29.440588
13.88,12,29.445085
3.95,5,29.519543
1.96,4,29.521021
1.97,3,29.522029
1.96,4,29.523326
1.95,5,29.524912
3.95,5,29.527054
1.97,3,29.528144
1.97,3,29.529152
1.97,3,29.530129
1.97,3,29.531149
3.92,8,29.534172
5.92,8,29.537162
3.94,6,29.539602
1.94,6,29.541566
1.97,3,29.54291
1.94,6,29.544984
1.97,3,29.546059
1.97,3,29.547105
1.97,3,29.548109
1.97,3,29.549099
1.97,3,29.550085
5.93,7,29.552577
1.96,4,29.554081
3.95,5,29.555744
5.93,7,29.557986
1.94,6,29.560222
1.95,5,29.561913
1.97,3,29.563286
1.97,3,29.564402
5.91,9,29.628005
1.96,4,29.629403
13.91,9,29.632238
3.91,9,29.635207
3.95,5,29.636813
1.97,3,29.637809
1.95,5,29.639409
1.97,3,29.6404
1.97,3,29.641453
1.95,5,29.643063
5.93,7,29.64527
1.93,7,29.647456
3.94,6,29.649398
5.91,9,29.652969
3.94,6,29.654917
5.93,7,29.657088
1.96,4,29.658373
5.93,7,29.660937
1.93,7,29.663382
5.93,7,29.66558
13.91,9,29.729943
3.95,5,29.731735
1.97,3,29.73275
1.97,3,29.734195
1.96,4,29.73568
1.96,4,29.737057
5.9,10,29.740583
3.95,5,29.742448
1.97,3,29.743487
1.97,3,29.744494
5.93,7,29.746671
5.9,10,29.750084
3.92,8,29.752573
1.93,7,29.754741
1.97,3,29.755727
5.93,7,29.75789
1.97,3,29.758877
1.97,3,29.760153
3.92,8,29.762667
1.97,3,29.763665
-0.05,5,29.765234
1.97,3,29.766214
1.97,3,29.767196
3.91,9,29.770258
3.95,5,29.771953
3.92,8,29.84231
1.97,3,29.843439
5.93,7,29.845647
5.93,7,29.847867
1.94,6,29.849764
3.95,5,29.851517
1.97,3,29.852537
5.91,9,29.855296
5.91,9,29.858065
1.97,3,29.859073
1.97,3,29.860422
1.96,4,29.862054
3.95,5,29.863704
3.94,6,29.865617
1.96,4,29.866905
3.92,8,29.869383
1.93,7,29.872061
1.97,3,29.873156
1.96,4,29.87446
3.95,5,29.876223
1.97,3,29.877243
1.97,3,29.878249
1.97,3,29.879223
3.95,5,29.880793
3.95,5,29.882353
1.95,5,29.946844
5.93,7,29.949118
13.9,10,29.952177
5.93,7,29.95431
3.95,5,29.956301
1.97,3,29.957419
1.97,3,29.958465
3.95,5,29.960323
5.93,7,29.962577
3.92,8,29.96508
1.97,3,29.966075
5.93,7,29.968526
-0.05,5,29.97013
3.95,5,29.971695
3.95,5,29.973237
1.96,4,29.974479
1.94,6,29.976288
1.97,3,29.977582
3.94,6,29.979507
13.9,10,29.982586
1.97,3,29.983564
1.96,4,29.984833
3.91,9,29.987569
5.93,7,30.055654
3.95,5,30.057286
1.94,6,30.059113
13.91,9,30.061822
5.92,8,30.064658
13.91,9,30.067535
3.95,5,30.069108
5.93,7,30.071265
3.95,5,30.07282
3.95,5,30.074763
1.97,3,30.075867
1.97,3,30.076895
3.95,5,30.078521
3.93,7,30.080703
3.95,5,30.082273
3.95,5,30.083835
3.95,5,30.085706
1.97,3,30.086772
3.95,5,30.08835
1.95,5,30.089911
5.92,8,30.0926
3.94,6,30.094989
1.97,3,30.096168
5.9,10,30.160899
1.97,3,30.161941
1.97,3,30.16292
1.95,5,30.164481
5.91,9,30.167576
3.95,5,30.169358
3.95,5,30.171004
1.97,3,30.171986
1.97,3,30.172963
1.97,3,30.173945
1.94,6,30.175801
1.96,4,30.17707
1.97,3,30.178072
1.96,4,30.179409
5.9,10,30.182448
5.93,7,30.18459
3.95,5,30.186264
3.95,5,30.187829
3.95,5,30.189389
5.93,7,30.191524
3.95,5,30.193055
1.95,5,30.194592
5.93,7,30.197054
1.97,3,30.19817
3.92,8,30.267668
-0.03,3,30.268729
1.97,3,30.269731
5.93,7,30.271901
3.92,8,30.27436
1.97,3,30.275634
1.95,5,30.277457
1.94,6,30.279326
-0.01,1,30.27972
3.93,7,30.281909
3.94,6,30.283832
3.92,8,30.286912
5.92,8,30.289933
1.94,6,30.292365
1.97,3,30.293492
1.94,6,30.295426
3.93,7,30.298052
1.95,5,30.299663
1.93,7,30.302147
-0.04,4,30.303455
1.97,3,30.304449
1.95,5,30.306197
5.93,7,30.308522
1.96,4,30.310098
1.97,3,30.368537
1.97,3,30.369649
3.95,5,30.371268
1.96,4,30.37258
13.91,9,30.375391
1.96,4,30.376706
1.97,3,30.378063
3.95,5,30.379829
1.97,3,30.380824
1.95,5,30.382406
5.9,10,30.385755
5.93,7,30.388037
-0.01,1,30.388442
1.97,3,30.389464
3.95,5,30.391074
3.94,6,30.393175
3.91,9,30.395979
3.95,5,30.397576
-0.04,4,30.398859
5.9,10,30.402724
5.93,7,30.405041
1.97,3,30.406047
3.95,5,30.407674
5.93,7,30.410103
3.95,5,30.476611
3.92,8,30.479223
1.97,3,30.480224
13.91,9,30.483038
3.95,5,30.485076
1.94,6,30.487111
13.91,9,30.489967
3.95,5,30.491579
1.97,3,30.492855
1.91,9,30.495693
5.93,7,30.497885
3.95,5,30.499482
1.96,4,30.500945
5.92,8,30.503517
3.93,7,30.505699
1.97,3,30.506687
3.95,5,30.508272
1.96,4,30.509549
1.97,3,30.51052
3.95,5,30.512107
3.93,7,30.514261
1.97,3,30.515242
13.91,9,30.578766
13.9,10,30.582038
1.97,3,30.58303
-0.03,3,30.584326
3.92,8,30.586896
3.95,5,30.588719
3.92,8,30.591405
1.97,3,30.592413
5.93,7,30.59459
3.92,8,30.597021
13.91,9,30.599999
1.97,3,30.601044
1.97,3,30.602063
13.91,9,30.604829
5.9,10,30.607858
1.97,3,30.608836
1.97,3,30.609818
3.95,5,30.611392
3.95,5,30.612943
1.96,4,30.614246
1.93,7,30.616439
3.95,5,30.618297
5.93,7,30.685238
3.93,7,30.687586
1.97,3,30.688588
3.95,5,30.69015
1.97,3,30.69114
1.97,3,30.69212
5.93,7,30.694253
3.95,5,30.695799
1.96,4,30.697268
3.92,8,30.699877
1.97,3,30.700881
1.97,3,30.701892
3.95,5,30.703463
3.92,8,30.705904
3.92,8,30.708991
1.95,5,30.710665
1.95,5,30.71224
13.91,9,30.715
1.97,3,30.715992
1.97,3,30.717026
1.97,3,30.718117
1.97,3,30.719132
3.93,7,30.721357
3.95,5,30.722936
1.97,3,30.723915
1.97,3,30.724891
1.95,5,30.726735
1.96,4,30.790239
3.94,6,30.792359
1.96,4,30.793717
1.97,3,30.794739
13.91,9,30.797552
3.95,5,30.799155
3.95,5,30.800747
1.97,3,30.80174
1.97,3,30.802737
3.95,5,30.804337
1.97,3,30.805341
1.97,3,30.806332
3.95,5,30.807923
3.95,5,30.809524
1.96,4,30.81081
1.96,4,30.812102
1.97,3,30.81309
3.94,6,30.814969
1.97,3,30.815945
1.96,4,30.81722
1.97,3,30.818199
5.93,7,30.820366
1.97,3,30.821363
1.97,3,30.822349
5.93,7,30.824538
1.94,6,30.826769
1.97,3,30.827812
1.94,6,30.829669
1.97,3,30.830645
3.95,5,30.896924
1.94,6,30.898926
1.97,3,30.899923
5.93,7,30.902082
3.92,8,30.904516
1.96,4,30.905825
1.97,3,30.906825
3.93,7,30.9095
1.97,3,30.91062
1.95,5,30.912241
1.97,3,30.913247
1.97,3,30.914247
1.97,3,30.915233
1.97,3,30.916218
1.94,6,30.918306
1.96,4,30.919804
3.93,7,30.922078
5.92,8,30.924598
3.95,5,30.926224
3.91,9,30.929027
5.93,7,30.931332
3.92,8,30.933961
1.97,3,30.934987
1.94,6,30.936876
1.97,3,30.937858
5.9,10,31.003981
3.95,5,31.005619
1.97,3,31.006634
1.97,3,31.00762
3.92,8,31.010015
3.95,5,31.012104
3.93,7,31.014413
1.97,3,31.015416
1.97,3,31.016419
1.97,3,31.017605
3.92,8,31.020088
1.97,3,31.021088
-0.05,5,31.022639
1.96,4,31.023914
1.97,3,31.024894
1.95,5,31.026813
3.95,5,31.02847
3.95,5,31.030056
3.95,5,31.031622
1.97,3,31.032621
1.96,4,31.033895
1.97,3,31.034869
1.97,3,31.036329
3.95,5,31.038014
13.88,12,31.042121
3.91,9,31.121557
1.95,5,31.123229
3.95,5,31.124807
3.92,8,31.127322
5.93,7,31.129505
13.89,11,31.132858
13.91,9,31.135999
1.97,3,31.137126
3.95,5,31.138751
3.95,5,31.140409
3.94,6,31.142433
1.94,6,31.144403
5.89,11,31.147827
13.91,9,31.151163
1.95,5,31.152856
3.93,7,31.155062
1.96,4,31.156358
1.97,3,31.157349
1.97,3,31.158328
1.97,3,31.159294
1.94,6,31.16159
1.95,5,31.233016
13.88,12,31.237588
5.93,7,31.239894
1.95,5,31.241495
1.96,4,31.243006
3.95,5,31.244598
1.97,3,31.245588
1.97,3,31.246853
1.97,3,31.24796
5.93,7,31.250158
1.97,3,31.251149
1.97,3,31.252363
13.88,12,31.256201
1.97,3,31.25721
1.94,6,31.259185
1.94,6,31.261058
13.87,13,31.264976
3.95,5,31.266552
5.92,8,31.269186
3.95,5,31.27087
1.97,3,31.271874
1.93,7,31.274057
1.97,3,31.275042
5.9,10,31.357241
3.92,8,31.360457
3.95,5,31.362093
1.94,6,31.364336
5.92,8,31.367039
1.97,3,31.368143
5.93,7,31.370388
1.94,6,31.372305
-0.45,45,31.385846
1.97,3,31.386838
1.97,3,31.38782
13.91,9,31.39056
1.94,6,31.392574
1.97,3,31.393625
5.93,7,31.558939
3.95,5,31.560758
1.97,3,31.561787
1.93,7,31.564026
1.97,3,31.565019
1.97,3,31.566022
3.92,8,31.568523
3.93,7,31.570712
3.95,5,31.572313
1.96,4,31.574031
3.9,10,31.577259
3.95,5,31.578864
1.97,3,31.579839
-0.06,6,31.581661
1.97,3,31.582626
1.96,4,31.584414
1.97,3,31.585527
1.97,3,31.586542
1.95,5,31.588135
1.94,6,31.590149
5.9,10,31.593388
1.97,3,31.594399
3.95,5,31.595988
3.95,5,31.597613
1.97,3,31.598612
1.96,4,31.600003
-0.04,4,31.601554
1.95,5,31.672859
3.92,8,31.675774
1.96,4,31.677191
1.97,3,31.678213
1.97,3,31.679206
3.93,7,31.681585
1.95,5,31.683248
3.93,7,31.685422
-0.04,4,31.6867
1.97,3,31.687682
5.93,7,31.689827
3.95,5,31.691389
1.95,5,31.692929
5.93,7,31.695061
1.95,5,31.696708
1.97,3,31.697724
1.96,4,31.699028
1.97,3,31.700041
1.96,4,31.701334
1.94,6,31.703197
1.96,4,31.704461
3.95,5,31.706032
5.92,8,31.709075
1.97,3,31.710192
1.97,3,31.711198
3.93,7,31.713491
1.95,5,31.773353
5.93,7,31.776624
-0.05,5,31.778325
1.97,3,31.779308
3.95,5,31.780867
1.96,4,31.782584
1.97,3,31.783904
3.95,5,31.785629
5.93,7,31.787799
3.95,5,31.789385
1.97,3,31.790384
13.91,9,31.793165
3.93,7,31.795313
3.95,5,31.796867
-0.03,3,31.797832
1.97,3,31.798813
1.97,3,31.799778
5.93,7,31.802268
1.97,3,31.803358
1.94,6,31.805259
1.94,6,31.807137
1.97,3,31.80812
1.97,3,31.809096
5.9,10,31.812102
3.9,10,31.886362
3.95,5,31.888098
3.95,5,31.889717
3.91,9,31.892542
3.95,5,31.894148
1.97,3,31.895443
3.95,5,31.897448
5.93,7,31.899941
3.95,5,31.902021
5.9,10,31.905353
1.93,7,31.908008
1.95,5,31.909897
3.95,5,31.911579
13.91,9,31.914366
1.94,6,31.916565
13.91,9,31.919531
3.95,5,31.921138
1.96,4,31.922406
1.97,3,31.923386
1.92,8,31.92621
1.97,3,31.927302
1.97,3,31.928323
5.93,7,31.998533
1.96,4,32.000177
5.89,11,32.003666
1.94,6,32.005531
3.9,10,32.008631
5.93,7,32.011119
-0.06,6,32.013604
1.95,5,32.015452
1.96,4,32.016983
5.93,7,32.019557
1.96,4,32.020876
1.97,3,32.021898
1.97,3,32.022887
13.87,13,32.027563
1.94,6,32.0299
13.91,9,32.032701
3.95,5,32.034746
1.97,3,32.035793
1.97,3,32.036796
3.95,5,32.038392
3.95,5,32.040373
1.97,3,32.041388
1.97,3,32.042516
5.91,9,32.125021
1.96,4,32.126366
1.97,3,32.127378
1.97,3,32.128358
1.97,3,32.129338
1.97,3,32.130311
1.97,3,32.131295
1.97,3,32.132636
1.97,3,32.133823
5.89,11,32.137234
5.91,9,32.140101
1.95,5,32.141696
1.97,3,32.142896
13.9,10,32.146052
1.92,8,32.148522
3.95,5,32.150093
3.9,10,32.153674
5.93,7,32.155919
3.94,6,32.157799
5.93,7,32.160305
-0.05,5,32.161972
3.95,5,32.16371
3.94,6,32.237403
13.89,11,32.24085
3.92,8,32.243322
5.93,7,32.245486
1.95,5,32.247506
1.94,6,32.249638
1.97,3,32.250906
5.92,8,32.253455
3.95,5,32.255042
3.95,5,32.256842
1.97,3,32.257908
1.97,3,32.259009
1.97,3,32.260047
1.97,3,32.261047
13.91,9,32.263793
5.93,7,32.265934
1.94,6,32.267979
5.93,7,32.27017
1.96,4,32.271433
1.96,4,32.272691
-0.05,5,32.274248
5.93,7,32.276894
13.91,9,32.349344
3.95,5,32.351387
3.95,5,32.35309
3.95,5,32.354682
3.95,5,32.356262
1.97,3,32.35725
1.95,5,32.359235
3.9,10,32.362685
1.97,3,32.363726
1.94,6,32.36578
1.95,5,32.367569
1.96,4,32.368939
1.97,3,32.369945
13.91,9,32.372687
1.97,3,32.373671
1.94,6,32.37561
1.93,7,32.377852
-0.04,4,32.379141
3.94,6,32.381074
1.96,4,32.382353
13.9,10,32.385373
3.93,7,32.38752
3.91,9,32.390245
1.96,4,32.458791
1.97,3,32.460046
1.95,5,32.461675
1.97,3,32.46267
1.97,3,32.463662
1.96,4,32.464942
3.95,5,32.466499
1.97,3,32.467516
3.94,6,32.469366
1.97,3,32.470328
3.95,5,32.47188
5.93,7,32.474009
1.97,3,32.474966
3.93,7,32.477107
3.95,5,32.478658
1.95,5,32.480201
1.97,3,32.481166
1.97,3,32.482128
3.94,6,32.483951
13.9,10,32.487324
1.97,3,32.48844
1.94,6,32.490342
3.95,5,32.491917
3.93,7,32.494079
3.95,5,32.495647
3.94,6,32.497887
3.95,5,32.499569
3.92,8,32.566821
1.97,3,32.567976
5.93,7,32.57026
1.97,3,32.571266
1.95,5,32.572845
5.91,9,32.576305
1.96,4,32.577607
1.97,3,32.578595
13.91,9,32.581349
1.97,3,32.582335
3.95,5,32.584311
3.95,5,32.586067
5.93,7,32.588537
3.93,7,32.590764
1.97,3,32.591745
3.94,6,32.593615
1.94,6,32.596057
3.95,5,32.597717
5.93,7,32.599959
3.93,7,32.602206
1.97,3,32.603238
5.93,7,32.605479
1.97,3,32.606486
3.93,7,32.670817
1.97,3,32.671911
3.94,6,32.673805
5.93,7,32.675981
3.93,7,32.678145
5.93,7,32.680313
3.94,6,32.682162
1.97,3,32.68313
1.97,3,32.684107
3.95,5,32.685646
3.92,8,32.688054
1.95,5,32.689592
1.97,3,32.690551
3.94,6,32.692388
3.95,5,32.693922
1.97,3,32.694885
3.92,8,32.697287
1.93,7,32.699803
3.93,7,32.702089
1.97,3,32.703095
3.95,5,32.704693
3.95,5,32.706292
1.97,3,32.707287
3.95,5,32.709415
3.95,5,32.769106
1.97,3,32.770248
1.97,3,32.771254
3.95,5,32.77283
3.95,5,32.774392
1.97,3,32.775373
1.97,3,32.776335
3.95,5,32.777893
1.96,4,32.77916
3.95,5,32.780942
1.97,3,32.782032
5.92,8,32.784573
1.97,3,32.785565
1.97,3,32.786561
3.95,5,32.788154
1.97,3,32.789133
5.93,7,32.791636
5.92,8,32.794366
1.97,3,32.795373
1.97,3,32.796366
1.97,3,32.79735
3.95,5,32.798908
1.97,3,32.799888
3.95,5,32.801684
5.89,11,32.805245
1.96,4,32.80654
1.97,3,32.807519
1.97,3,32.808498
1.95,5,32.810057
1.97,3,32.811033
1.97,3,32.884024
3.95,5,32.885714
5.91,9,32.888473
1.97,3,32.889445
1.97,3,32.890426
5.93,7,32.892573
1.97,3,32.89354
3.94,6,32.895377
5.93,7,32.897534
13.91,9,32.900248
1.97,3,32.901215
1.96,4,32.902481
3.93,7,32.904615
1.95,5,32.906159
5.92,8,32.908769
3.93,7,32.911565
5.91,9,32.91439
3.93,7,32.916552
3.94,6,32.918412
3.95,5,32.919962
1.95,5,32.921544
3.95,5,32.923128
1.94,6,32.986946
1.97,3,32.988007
5.9,10,32.991076
1.96,4,32.992363
3.94,6,32.994205
1.97,3,32.995537
1.97,3,32.996655
1.96,4,32.997972
1.96,4,32.999368
13.9,10,33.002674
1.95,5,33.004267
3.95,5,33.006014
3.93,7,33.00823
1.93,7,33.01062
1.97,3,33.011643
3.95,5,33.013218
13.89,11,33.016563
13.9,10,33.019998
1.97,3,33.021028
3.95,5,33.022606
1.97,3,33.023595
3.95,5,33.025159
1.97,3,33.026251
1.97,3,33.02739
3.94,6,33.100351
3.94,6,33.102326
1.95,5,33.103911
3.95,5,33.105491
5.91,9,33.108466
1.93,7,33.111058
3.95,5,33.112709
3.94,6,33.114617
1.97,3,33.115601
1.94,6,33.117447
1.97,3,33.118638
3.95,5,33.120509
5.93,7,33.122695
3.95,5,33.124268
3.95,5,33.125996
1.97,3,33.127021
1.93,7,33.129201
5.93,7,33.131423
1.96,4,33.132694
3.95,5,33.134498
5.91,9,33.137252
5.93,7,33.139512
3.95,5,33.141428
5.93,7,33.207376
1.97,3,33.208434
3.95,5,33.210017
1.97,3,33.211001
1.96,4,33.212284
3.95,5,33.213861
3.93,7,33.216175
1.96,4,33.217459
3.95,5,33.219007
1.97,3,33.220001
3.95,5,33.221539
1.97,3,33.222501
1.97,3,33.223454
1.97,3,33.224535
3.94,6,33.226871
1.97,3,33.227898
1.97,3,33.228906
3.95,5,33.230692
13.91,9,33.233442
1.95,5,33.235381
5.93,7,33.237743
1.95,5,33.239369
1.94,6,33.241259
1.97,3,33.24227
1.97,3,33.243263
1.97,3,33.24423
3.95,5,33.246215
3.95,5,33.247876
1.97,3,33.31129
1.97,3,33.312361
5.91,9,33.315134
13.91,9,33.318561
1.97,3,33.31979
1.97,3,33.320868
1.96,4,33.322172
3.95,5,33.32375
5.93,7,33.326336
1.94,6,33.328335
1.97,3,33.32933
1.97,3,33.330475
1.97,3,33.331515
5.93,7,33.333712
1.97,3,33.334697
1.97,3,33.335682
-0.01,1,33.336071
1.97,3,33.337051
3.95,5,33.338606
3.93,7,33.34099
5.93,7,33.343367
5.93,7,33.345574
1.95,5,33.347149
1.97,3,33.348134
1.97,3,33.349127
3.94,6,33.350984
1.97,3,33.352034
1.97,3,33.353113
3.95,5,33.419651
1.97,3,33.420758
1.94,6,33.422642
1.97,3,33.423628
3.95,5,33.425233
1.97,3,33.426374
1.97,3,33.427406
5.91,9,33.430225
5.93,7,33.432418
1.97,3,33.43342
3.94,6,33.435313
3.94,6,33.437198
1.97,3,33.438191
1.97,3,33.43917
5.9,10,33.442223
1.97,3,33.443202
3.95,5,33.44477
1.97,3,33.446128
3.95,5,33.447892
1.94,6,33.449797
3.92,8,33.452264
1.97,3,33.453248
1.97,3,33.454235
1.97,3,33.455214
1.95,5,33.457134
3.95,5,33.45894
3.95,5,33.46059
1.97,3,33.529239
3.95,5,33.531311
1.94,6,33.53326
-0.03,3,33.534257
-0.04,4,33.535526
3.92,8,33.538293
1.97,3,33.539431
5.91,9,33.542282
1.95,5,33.543891
1.95,5,33.545491
3.95,5,33.547067
13.9,10,33.550119
5.92,8,33.552534
3.92,8,33.554943
1.97,3,33.555914
3.91,9,33.558621
1.96,4,33.559871
1.97,3,33.560834
5.93,7,33.562961
1.97,3,33.563923
1.97,3,33.564885
3.94,6,33.566717
1.94,6,33.568545
13.91,9,33.636048
3.95,5,33.637662
1.97,3,33.638628
1.95,5,33.640165
1.97,3,33.641123
13.89,11,33.644805
1.96,4,33.64618
3.95,5,33.647778
3.93,7,33.649936
3.91,9,33.652932
-0.05,5,33.65469
3.92,8,33.657135
1.97,3,33.658119
1.95,5,33.659667
3.95,5,33.661412
1.93,7,33.664067
1.96,4,33.665428
3.95,5,33.66718
3.95,5,33.669002
5.93,7,33.671397
5.93,7,33.673671
1.97,3,33.674782
3.92,8,33.748216
13.91,9,33.751027
3.95,5,33.752573
3.95,5,33.754097
3.95,5,33.755627
1.97,3,33.75684
1.97,3,33.758105
3.95,5,33.760003
3.95,5,33.761642
1.97,3,33.762668
1.97,3,33.763666
3.95,5,33.765281
13.87,13,33.769385
1.97,3,33.770551
1.97,3,33.771583
1.97,3,33.772592
13.91,9,33.775598
-0.04,4,33.777234
1.97,3,33.778377
3.94,6,33.780192
1.96,4,33.781436
5.92,8,33.783838
1.95,5,33.785395
1.97,3,33.786342
1.95,5,33.78829
2.94,6,33.872036
3.92,8,33.874725
13.91,9,33.877544
13.91,9,33.880286
1.97,3,33.881263
1.97,3,33.882232
1.97,3,33.88321
1.97,3,33.884358
3.95,5,33.885995
3.91,9,33.888742
1.96,4,33.890115
3.95,5,33.891685
1.97,3,33.892725
3.95,5,33.894297
2.9,10,33.897337
1.97,3,33.898316
3.95,5,33.899859
1.97,3,33.901259
1.96,4,33.902693
1.97,3,33.903744
3.95,5,33.90534
3.95,5,33.906926
1.97,3,33.907913
3.95,5,33.909489
1.96,4,33.911088
1.92,8,33.913586
-0.04,4,33.983009
1.94,6,33.985681
3.95,5,33.987339
1.97,3,33.988321
1.96,4,33.989589
5.93,7,33.991759
3.95,5,33.993742
5.93,7,33.996006
1.97,3,33.997029
1.97,3,33.99802
3.93,7,34.000204
3.95,5,34.001793
13.91,9,34.004789
1.94,6,34.006684
1.97,3,34.007662
1.97,3,34.008723
1.97,3,34.009708
3.94,6,34.011565
3.95,5,34.013137
1.96,4,34.014392
1.97,3,34.015358
1.92,8,34.017968
3.95,5,34.019695
3.94,6,34.021628
3.94,6,34.02354
3.95,5,34.089392
5.93,7,34.091682
1.97,3,34.092672
1.97,3,34.093651
1.97,3,34.09463
1.97,3,34.095604
1.94,6,34.097458
1.97,3,34.098861
3.95,5,34.10083
5.93,7,34.103087
5.93,7,34.105292
3.94,6,34.10715
3.95,5,34.108918
1.97,3,34.110013
3.95,5,34.111635
1.97,3,34.112621
3.95,5,34.114179
1.96,4,34.115436
1.97,3,34.116412
1.97,3,34.117394
3.95,5,34.119337
3.94,6,34.121349
3.95,5,34.122951
1.95,5,34.124517
3.95,5,34.126125
1.95,5,34.127688
1.97,3,34.128674
1.97,3,34.129789
1.97,3,34.130898
1.94,6,34.188273
13.91,9,34.191108
3.92,8,34.193753
13.91,9,34.196952
13.91,9,34.199991
3.93,7,34.20238
1.96,4,34.203724
5.93,7,34.205943
1.97,3,34.206953
1.95,5,34.208551
1.97,3,34.209793
5.93,7,34.212005
3.95,5,34.213585
1.94,6,34.215438
5.93,7,34.217642
1.97,3,34.218689
3.94,6,34.220573
1.97,3,34.221559
1.97,3,34.222551
1.97,3,34.223537
3.95,5,34.225137
1.97,3,34.22625
3.95,5,34.227913
1.96,4,34.291207
3.95,5,34.295046
1.97,3,34.296142
1.97,3,34.297154
3.95,5,34.298735
3.95,5,34.300299
3.93,7,34.302887
1.97,3,34.303951
3.95,5,34.30555
-0.04,4,34.306812
1.95,5,34.30839
1.97,3,34.309627
1.97,3,34.310622
13.91,9,34.313543
1.97,3,34.314556
-0.01,1,34.314946
1.97,3,34.315914
1.97,3,34.317057
1.95,5,34.319266
1.97,3,34.320337
3.95,5,34.321957
1.95,5,34.323537
5.91,9,34.326896
1.95,5,34.328572
1.97,3,34.329564
3.95,5,34.331137
1.97,3,34.332122
1.97,3,34.333103
3.95,5,34.334863
1.97,3,34.335941
1.97,3,34.336947
1.97,3,34.402121
1.97,3,34.403215
1.97,3,34.404618
1.96,4,34.405973
1.97,3,34.406991
1.96,4,34.408274
3.94,6,34.410118
1.97,3,34.411537
3.95,5,34.4133
3.92,8,34.415964
5.93,7,34.418232
3.92,8,34.420725
13.91,9,34.423527
1.97,3,34.424517
5.93,7,34.426694
1.97,3,34.42768
5.93,7,34.42986
3.93,7,34.432063
1.95,5,34.433647
1.94,6,34.435512
5.93,7,34.437679
5.93,7,34.439864
5.91,9,34.442621
3.95,5,34.50541
1.97,3,34.506478
1.94,6,34.508346
1.96,4,34.509837
1.97,3,34.510897
3.95,5,34.512509
3.95,5,34.514141
1.97,3,34.515137
3.95,5,34.51674
3.95,5,34.518324
5.92,8,34.520808
13.91,9,34.523583
3.92,8,34.526064
1.97,3,34.527049
3.95,5,34.52864
3.92,8,34.531093
3.95,5,34.532725
3.93,7,34.535095
1.97,3,34.53611
1.97,3,34.537113
1.97,3,34.538108
13.89,11,34.541527
3.95,5,34.543155
1.97,3,34.544142
1.95,5,34.615129
1.96,4,34.616632
1.97,3,34.617835
3.93,7,34.62019
1.94,6,34.622081
1.97,3,34.623077
5.9,10,34.626284
13.89,11,34.629661
3.91,9,34.6324
5.93,7,34.634548
1.95,5,34.63611
5.92,8,34.638538
3.91,9,34.64124
1.95,5,34.642784
3.95,5,34.644328
3.95,5,34.645899
1.97,3,34.646852
13.89,11,34.650145
3.95,5,34.651688
3.95,5,34.653233
3.94,6,34.655528
3.95,5,34.725612
1.97,3,34.726672
1.97,3,34.72767
1.97,3,34.728649
1.97,3,34.729627
3.95,5,34.731189
3.95,5,34.732751
1.97,3,34.733728
1.97,3,34.734692
1.97,3,34.735655
3.95,5,34.737216
3.93,7,34.739801
5.91,9,34.742673
5.92,8,34.745147
3.94,6,34.747001
1.97,3,34.747994
1.94,6,34.75028
1.97,3,34.751425
5.91,9,34.754206
3.92,8,34.756646
-0.01,1,34.75704
3.95,5,34.758851
1.97,3,34.759923
1.97,3,34.760913
1.96,4,34.762193
5.92,8,34.764636
1.97,3,34.765611
3.92,8,34.831975
3.95,5,34.8336
3.93,7,34.835712
5.93,7,34.837807
1.96,4,34.839047
3.93,7,34.841672
3.95,5,34.843312
3.95,5,34.844891
-0.01,1,34.845283
5.93,7,34.847443
1.96,4,34.848718
3.93,7,34.850868
3.95,5,34.852426
1.97,3,34.853397
3.95,5,34.854942
1.94,6,34.856777
3.95,5,34.858329
3.95,5,34.859878
1.96,4,34.861147
1.97,3,34.86211
1.94,6,34.864141
1.97,3,34.865164
-0.02,2,34.86586
1.97,3,34.866848
3.95,5,34.868452
1.96,4,34.869745
3.95,5,34.924353
1.97,3,34.92554
3.92,8,34.928049
1.97,3,34.929053
1.97,3,34.93002
3.95,5,34.931582
3.95,5,34.933145
1.97,3,34.934198
3.95,5,34.935769
1.95,5,34.937308
3.95,5,34.938855
3.92,8,34.941558
5.93,7,34.94379
13.91,9,34.94698
5.89,11,34.950523
3.95,5,34.952138
5.89,11,34.955871
3.95,5,34.957561
5.9,10,34.960859
3.95,5,34.962448
3.95,5,34.964001
1.97,3,34.964975
-0.05,5,35.036576
3.92,8,35.039177
1.96,4,35.04047
1.97,3,35.041455
3.95,5,35.043039
3.95,5,35.044623
3.95,5,35.046663
1.95,5,35.048354
13.91,9,35.051561
5.93,7,35.053828
1.97,3,35.054828
5.91,9,35.057634
1.96,4,35.058958
1.97,3,35.059943
1.94,6,35.061816
3.95,5,35.063401
3.95,5,35.064997
3.95,5,35.066565
5.9,10,35.070419
1.96,4,35.071748
3.95,5,35.073346
13.91,9,35.076304
13.91,9,35.144018
1.97,3,35.145121
5.93,7,35.147306
5.93,7,35.149459
5.91,9,35.153146
3.9,10,35.156544
1.97,3,35.157584
1.97,3,35.158652
3.94,6,35.160801
1.97,3,35.161833
5.93,7,35.164062
1.96,4,35.165375
1.97,3,35.166359
1.93,7,35.168545
1.97,3,35.16953
3.91,9,35.172292
3.92,8,35.174781
3.92,8,35.17724
3.94,6,35.179279
1.95,5,35.180975
3.95,5,35.182564
1.93,7,35.184695
5.93,7,35.252299
1.97,3,35.253384
1.97,3,35.254403
3.95,5,35.255993
1.94,6,35.257876
5.93,7,35.260645
5.93,7,35.262975
1.93,7,35.265157
3.92,8,35.26762
1.95,5,35.269175
-0.05,5,35.270725
3.95,5,35.27227
1.97,3,35.273231
13.91,9,35.275941
5.93,7,35.278329
1.97,3,35.279464
1.96,4,35.280808
1.95,5,35.282434
5.93,7,35.284626
1.96,4,35.285915
1.97,3,35.2869
1.97,3,35.28823
1.97,3,35.289298
3.95,5,35.290876
1.97,3,35.292114
3.95,5,35.354858
3.95,5,35.356567
1.97,3,35.357585
5.93,7,35.359775
1.97,3,35.360761
1.97,3,35.36179
1.97,3,35.362815
1.96,4,35.364485
3.91,9,35.367675
1.97,3,35.368689
5.91,9,35.371418
1.96,4,35.372676
1.97,3,35.373758
1.97,3,35.374835
1.97,3,35.376072
3.95,5,35.377757
1.94,6,35.379673
1.97,3,35.38076
1.96,4,35.382078
1.97,3,35.383062
3.95,5,35.384851
1.97,3,35.385863
3.95,5,35.38742
3.93,7,35.389564
1.97,3,35.39053
3.94,6,35.392365
1.93,7,35.394736
1.97,3,35.395747
5.93,7,35.461355
3.95,5,35.463031
5.93,7,35.465183
1.97,3,35.46616
5.93,7,35.468288
1.95,5,35.470143
1.97,3,35.471305
1.97,3,35.472343
1.97,3,35.473335
1.97,3,35.474323
1.95,5,35.476139
1.97,3,35.477159
1.96,4,35.478438
3.95,5,35.48019
3.94,6,35.482125
3.95,5,35.483702
3.95,5,35.485274
1.94,6,35.487227
13.91,9,35.490209
3.94,6,35.492364
1.97,3,35.493457
1.97,3,35.494443
1.93,7,35.496561
3.95,5,35.498087
5.93,7,35.500434
3.94,6,35.502338
1.94,6,35.565521
1.97,3,35.566556
1.97,3,35.567525
5.92,8,35.570067
1.96,4,35.571714
3.94,6,35.574028
1.95,5,35.575871
3.95,5,35.577493
1.97,3,35.578479
1.95,5,35.580046
3.92,8,35.582486
3.95,5,35.584343
5.93,7,35.586639
1.97,3,35.587654
1.97,3,35.58865
3.95,5,35.590248
1.97,3,35.591247
1.97,3,35.592226
5.93,7,35.594497
5.93,7,35.596704
5.93,7,35.598956
1.95,5,35.601115
1.96,4,35.602514
1.97,3,35.60354
1.97,3,35.604554
1.97,3,35.605576
5.93,7,35.66688
1.97,3,35.667981
1.97,3,35.669006
3.93,7,35.671217
3.95,5,35.672812
5.91,9,35.675752
1.96,4,35.677336
3.95,5,35.67896
5.91,9,35.68173
1.97,3,35.682714
3.95,5,35.6843
3.94,6,35.68616
3.95,5,35.687721
13.88,12,35.691329
1.97,3,35.6923
-0.04,4,35.693558
3.95,5,35.695413
13.91,9,35.698202
1.97,3,35.69919
5.93,7,35.701348
3.95,5,35.702904
3.93,7,35.705407
3.95,5,35.707043
3.95,5,35.784241
1.95,5,35.785928
1.95,5,35.787526
3.94,6,35.789408
1.95,5,35.790992
5.92,8,35.793883
1.97,3,35.794996
1.97,3,35.795986
3.95,5,35.797574
5.93,7,35.799732
3.94,6,35.801603
1.96,4,35.803022
1.97,3,35.804088
1.97,3,35.805102
5.91,9,35.807913
-0.01,1,35.808314
3.95,5,35.810128
3.95,5,35.81173
3.94,6,35.813609
5.92,8,35.816061
5.9,10,35.819796
3.93,7,35.822053
1.95,5,35.82364
1.94,6,35.825505
1.97,3,35.892946
3.93,7,35.895237
3.95,5,35.896825
1.97,3,35.897823
1.97,3,35.898797
13.91,9,35.901845
1.96,4,35.903277
1.97,3,35.904281
1.97,3,35.905267
1.97,3,35.906248
1.96,4,35.907751
1.97,3,35.908887
-0.02,2,35.909714
-0.01,1,35.910133
1.97,3,35.911159
1.97,3,35.912169
-0.04,4,35.91347
3.94,6,35.915364
3.92,8,35.917935
1.94,6,35.919906
1.95,5,35.921512
5.9,10,35.924603
1.97,3,35.925591
5.93,7,35.92778
1.97,3,35.928787
3.95,5,35.930378
1.95,5,35.931953
1.95,5,35.933533
13.91,9,36.004203
1.97,3,36.005245
3.95,5,36.006813
1.97,3,36.007785
3.95,5,36.009424
13.91,9,36.012779
3.95,5,36.014368
1.94,6,36.016246
3.95,5,36.018041
1.95,5,36.019691
1.95,5,36.021296
1.97,3,36.022294
13.91,9,36.025162
1.97,3,36.026418
1.97,3,36.027475
1.97,3,36.029166
3.95,5,36.032044
1.94,6,36.033948
3.95,5,36.035704
1.97,3,36.036852
3.92,8,36.039335
1.94,6,36.041198
3.95,5,36.042841
3.94,6,36.044709
1.97,3,36.045911
3.95,5,36.111066
1.97,3,36.112161
1.97,3,36.113161
5.9,10,36.116229
3.91,9,36.118959
3.91,9,36.122244
1.97,3,36.123273
3.95,5,36.124841
5.93,7,36.127003
1.96,4,36.128276
3.95,5,36.130166
1.97,3,36.131247
1.97,3,36.132264
1.96,4,36.133548
1.97,3,36.134525
1.97,3,36.135512
3.95,5,36.13708
5.9,10,36.140389
1.97,3,36.141435
3.95,5,36.143018
1.93,7,36.145175
1.97,3,36.146146
3.94,6,36.147976
3.93,7,36.150117
1.97,3,36.151081
3.94,6,36.221692
1.97,3,36.222786
1.95,5,36.224383
3.95,5,36.225966
1.97,3,36.226942
1.97,3,36.227916
1.97,3,36.228879
1.94,6,36.23073
1.97,3,36.231708
3.95,5,36.233257
1.97,3,36.234226
1.97,3,36.235187
1.97,3,36.236142
5.93,7,36.238268
1.97,3,36.23926
1.97,3,36.240552
1.97,3,36.241591
1.97,3,36.24258
3.95,5,36.244152
3.95,5,36.24571
3.93,7,36.247863
1.96,4,36.249117
3.92,8,36.252138
5.89,11,36.255511
1.96,4,36.256791
1.94,6,36.258666
5.93,7,36.260937
1.97,3,36.261935
1.97,3,36.335836
1.93,7,36.338102
1.97,3,36.339095
1.97,3,36.340064
13.9,10,36.34308
1.96,4,36.344696
3.95,5,36.346487
1.93,7,36.348722
3.95,5,36.350352
1.97,3,36.351364
3.93,7,36.353521
3.92,8,36.356029
1.95,5,36.357607
1.96,4,36.358956
1.95,5,36.360551
3.95,5,36.362134
1.97,3,36.363132
3.95,5,36.364733
1.95,5,36.36632
1.97,3,36.367479
1.97,3,36.368488
3.95,5,36.370038
1.96,4,36.371304
13.91,9,36.374065
1.95,5,36.375617
1.97,3,36.440917
3.94,6,36.442977
3.95,5,36.444559
1.97,3,36.445539
3.94,6,36.447402
3.95,5,36.448988
3.95,5,36.450981
3.92,8,36.4536
1.95,5,36.455192
3.95,5,36.456786
5.93,7,36.459173
3.93,7,36.461463
3.95,5,36.46309
3.94,6,36.465004
1.96,4,36.46643
1.94,6,36.46848
1.97,3,36.469488
1.97,3,36.470464
3.94,6,36.472321
1.93,7,36.474464
3.93,7,36.476623
1.97,3,36.477601
3.92,8,36.480033
3.95,5,36.48159
1.97,3,36.539304
1.95,5,36.541056
1.97,3,36.542062
5.93,7,36.544285
3.93,7,36.546458
3.94,6,36.548468
1.97,3,36.549764
1.97,3,36.550788
1.97,3,36.55178
3.93,7,36.553953
1.97,3,36.554936
1.95,5,36.556505
3.95,5,36.558067
3.93,7,36.560206
3.91,9,36.562911
1.97,3,36.563887
1.97,3,36.564856
5.93,7,36.567178
1.97,3,36.5684
5.92,8,36.570991
1.97,3,36.571999
1.95,5,36.5736
13.91,9,36.576402
1.97,3,36.577741
3.95,5,36.579489
1.93,7,36.644335
5.93,7,36.646617
3.94,6,36.648477
3.95,5,36.650041
3.95,5,36.651578
1.91,9,36.654642
3.93,7,36.657156
1.97,3,36.658254
3.95,5,36.660061
1.97,3,36.66112
13.91,9,36.663915
1.97,3,36.664902
5.93,7,36.667102
1.93,7,36.669306
-0.04,4,36.67067
1.97,3,36.671691
5.93,7,36.673884
3.94,6,36.675742
3.92,8,36.678196
1.97,3,36.679181
5.93,7,36.681332
3.9,10,36.684335
3.92,8,36.75111
3.94,6,36.753091
3.91,9,36.755833
5.89,11,36.759128
3.95,5,36.760728
1.97,3,36.761697
1.97,3,36.762691
3.94,6,36.764527
1.94,6,36.766358
3.93,7,36.768485
3.93,7,36.770609
3.95,5,36.772152
1.95,5,36.773692
1.97,3,36.774656
5.93,7,36.777499
1.97,3,36.778521
1.97,3,36.779489
3.95,5,36.781051
3.95,5,36.782625
13.88,12,36.786521
1.97,3,36.787493
1.94,6,36.789331
1.97,3,36.86471
1.97,3,36.865884
1.93,7,36.868088
1.93,7,36.870248
5.89,11,36.873761
1.94,6,36.87616
1.97,3,36.877226
5.93,7,36.879437
1.94,6,36.881364
3.95,5,36.882933
3.94,6,36.884798
1.97,3,36.885763
1.97,3,36.886737
1.97,3,36.88771
1.97,3,36.88868
5.93,7,36.890829
1.95,5,36.89237
3.95,5,36.893943
5.9,10,36.896969
1.97,3,36.89794
3.95,5,36.899504
1.95,5,36.901036
3.91,9,36.903764
1.95,5,36.90533
13.88,12,36.979893
1.97,3,36.980945
1.96,4,36.982214
1.97,3,36.983184
1.97,3,36.984625
1.93,7,36.987213
5.92,8,36.989845
-0.07,7,36.992103
1.93,7,36.994304
1.97,3,36.995281
3.95,5,36.996845
1.93,7,36.998968
1.97,3,36.999937
3.95,5,37.001752
1.96,4,37.003094
13.9,10,37.006215
5.93,7,37.008438
1.92,8,37.011081
1.93,7,37.013237
1.97,3,37.014205
1.93,7,37.016338
1.97,3,37.017382
1.92,8,37.097033
1.97,3,37.098101
1.97,3,37.09909
3.95,5,37.100793
1.94,6,37.102753
13.87,13,37.106687
3.91,9,37.10943
1.96,4,37.110688
3.95,5,37.112509
1.97,3,37.1137
1.97,3,37.114747
1.97,3,37.11575
3.94,6,37.117635
3.92,8,37.120072
5.9,10,37.123455
1.97,3,37.124518
3.95,5,37.126302
3.91,9,37.12917
3.94,6,37.131106
3.95,5,37.13272
3.95,5,37.134366
1.93,7,37.136594
3.95,5,37.231308
1.97,3,37.232387
1.94,6,37.23468
3.92,8,37.23735
1.93,7,37.24
1.97,3,37.241074
13.9,10,37.244246
1.97,3,37.245235
3.94,6,37.247096
5.88,12,37.250847
1.97,3,37.251879
1.97,3,37.252885
3.95,5,37.254467
1.97,3,37.255452
1.97,3,37.25643
1.97,3,37.257435
3.94,6,37.259318
1.97,3,37.260402
3.9,10,37.263584
1.95,5,37.265155
1.95,5,37.266727
3.94,6,37.268607
1.96,4,37.269869
1.95,5,37.271424
3.95,5,37.350833
3.91,9,37.353655
1.94,6,37.355495
1.95,5,37.357036
3.95,5,37.358618
3.95,5,37.360626
3.95,5,37.362259
3.92,8,37.364712
1.94,6,37.366561
1.96,4,37.367835
1.97,3,37.368806
1.95,5,37.370848
3.9,10,37.374022
5.93,7,37.376248
1.97,3,37.377256
1.97,3,37.378248
1.92,8,37.381157
1.97,3,37.382224
1.92,8,37.384739
5.93,7,37.386916
1.92,8,37.389479
1.97,3,37.390501
1.94,6,37.456288
5.93,7,37.458734
1.97,3,37.460127
5.93,7,37.462359
1.97,3,37.463354
1.96,4,37.464644
1.94,6,37.466672
1.94,6,37.468561
1.97,3,37.469539
3.9,10,37.472566
1.96,4,37.47393
1.97,3,37.47504
1.96,4,37.4766
5.92,8,37.479173
1.94,6,37.481194
3.9,10,37.484486
1.96,4,37.486155
1.97,3,37.487212
13.88,12,37.49086
5.92,8,37.493295
3.92,8,37.495718
3.93,7,37.497927
5.93,7,37.572798
1.93,7,37.575023
5.9,10,37.578104
1.97,3,37.579147
1.96,4,37.580843
1.93,7,37.583162
3.94,6,37.585326
1.97,3,37.58637
3.91,9,37.589399
1.97,3,37.59054
1.97,3,37.591587
1.97,3,37.592602
3.95,5,37.594195
1.96,4,37.59551
3.91,9,37.598267
13.86,14,37.602472
1.97,3,37.603471
1.93,7,37.605613
3.93,7,37.607745
3.95,5,37.609297
1.96,4,37.610561
1.97,3,37.611531
1.96,4,37.69891
3.91,9,37.702197
1.94,6,37.704559
1.97,3,37.705612
5.93,7,37.708172
1.97,3,37.709408
5.93,7,37.711758
1.94,6,37.713665
3.94,6,37.715638
1.97,3,37.716643
1.97,3,37.717795
3.92,8,37.720539
5.92,8,37.72304
1.97,3,37.724023
1.96,4,37.725361
3.95,5,37.727124
5.9,10,37.730488
1.93,7,37.732734
5.89,11,37.736761
1.97,3,37.737797
1.97,3,37.738978
5.92,8,37.741565
3.95,5,37.813396
3.92,8,37.815956
3.95,5,37.817513
1.95,5,37.819047
1.97,3,37.820006
1.94,6,37.821822
5.91,9,37.824773
1.97,3,37.825786
13.9,10,37.828845
1.93,7,37.831014
1.96,4,37.832712
3.95,5,37.834648
1.97,3,37.835691
1.95,5,37.837342
1.93,7,37.839616
1.97,3,37.840716
1.92,8,37.843333
1.93,7,37.845544
5.91,9,37.84832
3.95,5,37.849931
3.95,5,37.85157
1.97,3,37.85255
1.93,7,37.92125
1.95,5,37.923055
3.95,5,37.924713
13.9,10,37.92817
1.97,3,37.92922
3.95,5,37.931066
1.97,3,37.93211
1.95,5,37.933825
1.97,3,37.934907
1.95,5,37.936503
3.95,5,37.938242
3.91,9,37.941533
1.92,8,37.945136
5.89,11,37.948608
1.95,5,37.950781
1.95,5,37.952429
3.93,7,37.954611
1.96,4,37.955882
-0.05,5,37.957438
3.95,5,37.959015
5.91,9,37.962193
1.97,3,37.963278
1.97,3,37.964277
3.95,5,38.037966
1.96,4,38.039431
13.9,10,38.04256
3.94,6,38.044483
1.97,3,38.04548
3.93,7,38.048178
-0.07,7,38.050953
3.95,5,38.05278
1.93,7,38.055101
1.97,3,38.056115
1.97,3,38.057172
3.95,5,38.058925
3.95,5,38.060585
1.94,6,38.06253
1.95,5,38.064234
3.92,8,38.06669
1.93,7,38.069744
1.97,3,38.070802
1.97,3,38.071794
1.97,3,38.072766
3.94,6,38.074631
1.96,4,38.076024
1.96,4,38.077292
1.96,4,38.07886
13.91,9,38.081999
1.93,7,38.153867
3.92,8,38.156585
1.93,7,38.159282
3.95,5,38.161199
3.94,6,38.163326
1.97,3,38.164373
1.97,3,38.16551
5.88,12,38.169348
1.94,6,38.171287
3.91,9,38.174187
3.95,5,38.176069
1.95,5,38.177821
3.93,7,38.18002
3.91,9,38.182972
1.95,5,38.184594
1.95,5,38.186173
13.87,13,38.190107
3.94,6,38.191962
3.95,5,38.193508
3.95,5,38.272626
3.95,5,38.274302
1.94,6,38.276181
1.96,4,38.277465
3.95,5,38.279036
1.97,3,38.28003
1.93,7,38.282343
3.95,5,38.284128
1.96,4,38.285676
1.95,5,38.287318
5.88,12,38.291109
5.93,7,38.293355
1.97,3,38.294455
3.95,5,38.296132
1.94,6,38.298106
3.93,7,38.300412
1.97,3,38.301461
3.95,5,38.303061
1.94,6,38.304908
-0.05,5,38.306869
3.91,9,38.309714
1.96,4,38.311027
1.97,3,38.312139
5.93,7,38.426476
1.94,6,38.428532
1.96,4,38.429824
1.97,3,38.430799
3.93,7,38.43296
1.94,6,38.435034
1.96,4,38.436374
1.97,3,38.437374
3.93,7,38.439688
1.97,3,38.440937
3.95,5,38.442543
1.95,5,38.444151
5.93,7,38.446335
3.93,7,38.448494
1.96,4,38.450142
1.94,6,38.45218
13.87,13,38.456115
1.97,3,38.457094
3.93,7,38.459211
1.97,3,38.460569
3.9,10,38.463759
1.94,6,38.465631
1.95,5,38.467304
1.95,5,38.54715
1.94,6,38.54915
1.92,8,38.551719
1.95,5,38.55329
1.95,5,38.554851
5.87,13,38.558814
1.97,3,38.559799
1.96,4,38.561069
3.95,5,38.562649
1.97,3,38.563617
3.91,9,38.566331
1.96,4,38.56799
5.9,10,38.571414
3.93,7,38.57362
13.88,12,38.577374
5.93,7,38.579925
3.94,6,38.581862
3.94,6,38.583986
3.94,6,38.585992
1.96,4,38.587316
3.9,10,38.667654
3.95,5,38.669305
1.97,3,38.67046
1.92,8,38.673067
1.97,3,38.674123
1.97,3,38.675906
5.89,11,38.679349
5.92,8,38.681832
1.95,5,38.683428
1.94,6,38.68568
1.95,5,38.687435
3.94,6,38.689496
3.95,5,38.691415
1.97,3,38.692441
3.9,10,38.696153
1.96,4,38.697487
1.96,4,38.698751
3.95,5,38.700583
-0.02,2,38.701368
3.95,5,38.702978
3.95,5,38.704538
3.92,8,38.707258
1.97,3,38.708283
1.94,6,38.780809
5.89,11,38.784526
1.93,7,38.786691
1.95,5,38.78823
1.93,7,38.790814
1.94,6,38.792813
1.92,8,38.795243
1.97,3,38.796219
1.96,4,38.797484
5.93,7,38.799753
3.9,10,38.802916
1.92,8,38.805337
1.92,8,38.807696
5.93,7,38.809994
1.97,3,38.811137
3.95,5,38.812785
5.93,7,38.815023
1.96,4,38.816426
5.93,7,38.81878
3.95,5,38.820783
1.97,3,38.821852
1.93,7,38.892341
1.97,3,38.893406
1.94,6,38.895271
1.93,7,38.897414
1.96,4,38.898681
1.97,3,38.89976
1.97,3,38.901218
1.96,4,38.902554
5.91,9,38.905325
1.9,10,38.908433
3.95,5,38.910375
13.87,13,38.914458
1.95,5,38.91603
1.95,5,38.917729
1.97,3,38.918712
1.95,5,38.920269
1.94,6,38.922117
3.95,5,38.923673
1.97,3,38.924642
3.95,5,38.92644
3.95,5,38.928069
1.95,5,38.929653
1.97,3,38.930629
1.92,8,39.012279
1.92,8,39.014796
3.92,8,39.017212
5.93,7,39.019319
1.97,3,39.020282
1.94,6,39.022563
3.94,6,39.024531
1.92,8,39.027322
3.91,9,39.03078
1.96,4,39.032151
3.92,8,39.034879
1.97,3,39.035876
1.97,3,39.036846
1.92,8,39.039303
1.92,8,39.041833
1.93,7,39.044062
1.97,3,39.045047
5.9,10,39.048045
3.93,7,39.050181
3.92,8,39.052733
3.9,10,39.119224
1.94,6,39.121235
1.97,3,39.122232
13.9,10,39.125347
1.97,3,39.126444
1.91,9,39.129223
5.89,11,39.132541
5.89,11,39.13584
1.96,4,39.137107
5.9,10,39.140113
1.95,5,39.141664
3.92,8,39.144077
1.92,8,39.146496
1.97,3,39.147452
1.92,8,39.149858
1.97,3,39.150823
1.97,3,39.151787
3.91,9,39.154486
5.89,11,39.225053
1.94,6,39.226989
5.87,13,39.230895
3.95,5,39.232702
1.91,9,39.236251
1.93,7,39.238879
1.92,8,39.241909
1.97,3,39.243086
1.97,3,39.244285
5.92,8,39.247049
1.93,7,39.249569
1.96,4,39.250911
3.95,5,39.252494
3.93,7,39.255145
1.97,3,39.256293
1.96,4,39.257752
1.93,7,39.260386
1.95,5,39.261971
1.96,4,39.26339
3.9,10,39.267199
3.95,5,39.346148
1.92,8,39.348802
1.91,9,39.351542
3.93,7,39.353696
1.94,6,39.355529
3.95,5,39.357072
1.94,6,39.35907
13.85,15,39.364257
1.96,4,39.36559
3.93,7,39.367734
1.92,8,39.370494
3.92,8,39.372972
1.91,9,39.375684
3.95,5,39.377272
5.9,10,39.380277
1.93,7,39.382388
5.91,9,39.3851
5.93,7,39.470985
1.93,7,39.473226
1.97,3,39.47419
5.91,9,39.476866
3.9,10,39.480169
1.97,3,39.481282
1.96,4,39.482576
1.96,4,39.483879
1.93,7,39.486035
1.94,6,39.487881
3.93,7,39.490079
1.96,4,39.491536
3.89,11,39.495078
5.92,8,39.497534
1.93,7,39.49974
3.95,5,39.50143
1.97,3,39.502417
1.93,7,39.504553
-0.06,6,39.506397
3.95,5,39.507949
1.93,7,39.510107
1.97,3,39.578221
5.91,9,39.58114
5.91,9,39.584398
5.93,7,39.586658
1.95,5,39.588516
3.95,5,39.590388
13.91,9,39.593291
3.95,5,39.594876
1.93,7,39.597013
3.94,6,39.59887
1.94,6,39.600773
1.97,3,39.601816
1.96,4,39.603099
1.92,8,39.605512
1.96,4,39.606773
1.92,8,39.609182
1.92,8,39.611769
3.95,5,39.613625
3.9,10,39.616792
3.95,5,39.618401
1.97,3,39.619382
3.95,5,39.684658
5.9,10,39.687868
3.95,5,39.689479
1.97,3,39.690472
1.97,3,39.69146
5.88,12,39.69512
1.92,8,39.697954
3.94,6,39.699892
1.91,9,39.702665
5.9,10,39.705737
3.91,9,39.709263
5.91,9,39.71213
3.91,9,39.714923
1.95,5,39.716509
1.96,4,39.717902
1.97,3,39.718922
1.96,4,39.720263
3.95,5,39.72185
5.89,11,39.796359
5.89,11,39.799887
13.91,9,39.802664
1.97,3,39.803652
1.95,5,39.805264
1.95,5,39.80733
1.97,3,39.808351
-0.04,4,39.809695
5.9,10,39.81283
1.94,6,39.814703
1.96,4,39.816186
13.89,11,39.819758
3.95,5,39.82136
5.91,9,39.824174
13.89,11,39.82755
1.96,4,39.828819
1.92,8,39.831233
3.95,5,39.832788
1.94,6,39.834638
3.9,10,39.904959
5.93,7,39.907188
5.89,11,39.910492
1.9,10,39.913461
1.91,9,39.916853
1.97,3,39.917977
1.94,6,39.919927
1.93,7,39.92213
1.91,9,39.924924
1.94,6,39.92682
3.95,5,39.92841
3.94,6,39.930321
3.93,7,39.932491
1.92,8,39.93497
-0.02,2,39.935669
1.97,3,39.936649
3.94,6,39.938529
13.87,13,39.94248
3.95,5,39.944056
3.92,8,40.023346
1.97,3,40.024422
13.85,15,40.028933
3.89,11,40.032727
1.95,5,40.034405
5.89,11,40.037794
1.9,10,40.040856
1.95,5,40.043148
3.9,10,40.04634
1.91,9,40.049092
13.9,10,40.05248
3.94,6,40.05436
1.93,7,40.056512
3.89,11,40.059996
1.93,7,40.062273
5.93,7,40.142739
5.89,11,40.146103
5.93,7,40.148209
1.97,3,40.14916
1.97,3,40.150113
3.94,6,40.152333
5.89,11,40.155883
5.89,11,40.159526
3.91,9,40.162525
3.94,6,40.164434
5.89,11,40.167852
1.97,3,40.168829
1.95,5,40.170642
3.95,5,40.172309
3.9,10,40.175542
1.95,5,40.177453
5.93,7,40.179759
13.87,13,40.251121
1.96,4,40.252557
3.95,5,40.254164
1.96,4,40.255441
13.91,9,40.258199
3.91,9,40.261044
1.97,3,40.262096
1.92,8,40.264559
13.88,12,40.268192
1.95,5,40.269756
1.95,5,40.271305
3.95,5,40.272851
1.97,3,40.273817
1.97,3,40.274783
3.91,9,40.277486
1.97,3,40.278799
3.91,9,40.281713
3.88,12,40.285787
1.97,3,40.286816
1.97,3,40.287783
3.93,7,40.290442
1.96,4,40.291797
1.96,4,40.371051
3.93,7,40.373295
1.97,3,40.374279
1.97,3,40.375245
1.92,8,40.377645
1.97,3,40.378602
1.97,3,40.379849
3.91,9,40.382792
3.9,10,40.385889
3.95,5,40.387469
1.95,5,40.389027
3.89,11,40.392338
1.94,6,40.394174
5.93,7,40.396337
1.97,3,40.397299
5.93,7,40.399429
1.97,3,40.400394
5.93,7,40.402532
5.92,8,40.40522
1.93,7,40.407443
1.97,3,40.408435
3.93,7,40.410633
1.97,3,40.479058
1.94,6,40.480978
5.93,7,40.483082
3.9,10,40.486037
3.95,5,40.487809
1.96,4,40.489249
5.92,8,40.491961
13.89,11,40.495324
5.88,12,40.499333
3.93,7,40.501689
3.9,10,40.504754
13.89,11,40.508235
1.97,3,40.509385
3.9,10,40.512455
3.91,9,40.515192
1.97,3,40.516177
5.87,13,40.591515
3.92,8,40.594081
1.94,6,40.595948
3.95,5,40.597521
5.89,11,40.601457
1.97,3,40.602539
5.9,10,40.605602
1.96,4,40.606881
1.97,3,40.607861
5.92,8,40.610296
3.94,6,40.612566
1.92,8,40.615058
3.95,5,40.616623
1.93,7,40.618764
3.95,5,40.620331
1.96,4,40.621912
3.95,5,40.623712
5.91,9,40.626713
1.95,5,40.628322
3.94,6,40.630206
3.9,10,40.70196
1.92,8,40.704583
1.94,6,40.706472
5.93,7,40.708809
3.94,6,40.710761
1.93,7,40.712935
3.94,6,40.714797
1.96,4,40.716071
3.94,6,40.718033
3.94,6,40.719985
1.92,8,40.722473
13.9,10,40.725621
1.92,8,40.728082
1.92,8,40.730536
1.96,4,40.731795
3.92,8,40.734945
-0.06,6,40.736854
3.93,7,40.739003
3.94,6,40.741001
1.94,6,40.807383
1.97,3,40.808576
1.97,3,40.809812
1.94,6,40.811908
1.95,5,40.813511
5.88,12,40.817982
1.91,9,40.820868
1.93,7,40.823035
1.94,6,40.824871
13.89,11,40.82867
1.97,3,40.829855
5.9,10,40.833028
3.91,9,40.835843
3.94,6,40.837735
3.95,5,40.839313
1.93,7,40.841489
1.93,7,40.843674
1.93,7,40.845853
3.91,9,40.84861
1.97,3,40.922041
1.94,6,40.924062
3.89,11,40.927564
5.88,12,40.931626
1.92,8,40.934125
1.94,6,40.935983
1.92,8,40.938403
3.89,11,40.942171
1.92,8,40.945269
13.85,15,40.949942
1.97,3,40.95126
3.92,8,40.95375
1.96,4,40.955038
3.95,5,40.956606
3.93,7,40.958728
1.92,8,40.961627
3.94,6,41.0468
3.91,9,41.049818
1.92,8,41.052655
3.91,9,41.055464
-0.07,7,41.058039
1.92,8,41.060709
1.93,7,41.062907
3.94,6,41.064769
1.93,7,41.06692
13.9,10,41.069946
1.96,4,41.071213
1.97,3,41.072187
3.9,10,41.076143
1.97,3,41.077451
1.91,9,41.080559
1.92,8,41.083736
3.93,7,41.086101
1.97,3,41.087148
3.95,5,41.088765
13.89,11,41.15675
3.92,8,41.159778
3.92,8,41.162374
1.96,4,41.163731
3.92,8,41.166436
3.94,6,41.168514
3.95,5,41.170212
3.94,6,41.172098
1.92,8,41.174539
3.9,10,41.177572
3.89,11,41.180889
1.91,9,41.183606
1.95,5,41.185383
3.93,7,41.187625
1.96,4,41.188926
1.91,9,41.191709
5.89,11,41.195091
1.93,7,41.265146
3.93,7,41.267358
5.89,11,41.270622
-0.09,9,41.273581
1.92,8,41.276181
1.97,3,41.277177
1.91,9,41.279923
3.88,12,41.28355
1.94,6,41.285559
3.9,10,41.288623
1.96,4,41.289988
3.91,9,41.293474
3.91,9,41.296606
3.95,5,41.298215
13.84,16,41.303381
5.85,15,41.397488
1.93,7,41.399754
1.94,6,41.40163
1.93,7,41.404076
1.91,9,41.407039
1.89,11,41.410373
3.95,5,41.411928
3.91,9,41.415044
1.91,9,41.418214
1.92,8,41.420887
3.87,13,41.425175
13.87,13,41.429186
1.97,3,41.430169
5.9,10,41.433199
3.91,9,41.49588
3.88,12,41.499744
3.88,12,41.503819
1.9,10,41.507115
1.97,3,41.508122
3.92,8,41.510585
5.93,7,41.512752
-0.04,4,41.514002
-0.08,8,41.516428
1.91,9,41.519122
13.91,9,41.521832
1.97,3,41.522799
1.96,4,41.524051
1.97,3,41.525025
-0.07,7,41.527138
1.97,3,41.528111
3.9,10,41.531559
5.93,7,41.533884
1.94,6,41.535769
1.91,9,41.61338
1.9,10,41.61654
1.94,6,41.618724
1.97,3,41.619864
5.93,7,41.622137
1.97,3,41.623115
1.97,3,41.624093
1.93,7,41.626237
3.91,9,41.628984
1.95,5,41.630537
1.95,5,41.632087
3.92,8,41.634509
13.86,14,41.638672
1.96,4,41.639927
1.94,6,41.641762
1.94,6,41.643594
5.91,9,41.646302
3.9,10,41.649283
1.95,5,41.650826
1.93,7,41.734942
1.97,3,41.736184
5.9,10,41.739269
1.94,6,41.741099
13.91,9,41.744316
5.87,13,41.748288
5.87,13,41.752588
1.93,7,41.754927
5.91,9,41.757677
3.94,6,41.759539
1.96,4,41.760814
5.91,9,41.763536
1.92,8,41.765948
-0.07,7,41.76807
3.89,11,41.771355
3.94,6,41.77319
5.92,8,41.852758
3.94,6,41.85471
1.91,9,41.857453
1.95,5,41.85901
1.93,7,41.861555
1.94,6,41.863636
5.88,12,41.867478
1.97,3,41.868501
1.94,6,41.870843
1.96,4,41.872212
3.92,8,41.87469
1.93,7,41.876854
1.93,7,41.878996
3.93,7,41.88142
1.96,4,41.882793
3.95,5,41.884567
1.97,3,41.885621
1.94,6,41.887507
1.96,4,41.888793
1.96,4,41.890065
1.95,5,41.891612
1.97,3,41.892575
5.89,11,41.967722
3.94,6,41.969621
5.91,9,41.972358
1.94,6,41.974553
3.92,8,41.977359
3.95,5,41.979004
1.97,3,41.980003
3.94,6,41.981881
3.9,10,41.985205
1.97,3,41.986255
-0.05,5,41.987823
1.97,3,41.988821
1.92,8,41.991288
1.94,6,41.993313
1.9,10,41.996329
1.91,9,41.999035
1.95,5,42.000788
3.91,9,42.003535
5.93,7,42.073536
1.92,8,42.076108
5.89,11,42.079375
1.96,4,42.080632
1.96,4,42.081873
1.93,7,42.084673
3.89,11,42.088129
1.97,3,42.08912
1.97,3,42.090282
13.91,9,42.093212
3.93,7,42.095434
3.92,8,42.097954
1.95,5,42.099549
1.97,3,42.100545
1.95,5,42.102136
3.92,8,42.104617
3.92,8,42.107098
1.95,5,42.108693
1.93,7,42.110861
3.95,5,42.11244
1.92,8,42.183074
5.93,7,42.1854
3.92,8,42.187869
3.95,5,42.189423
3.94,6,42.191269
3.95,5,42.192829
3.9,10,42.196235
1.96,4,42.197643
1.93,7,42.199821
3.93,7,42.202002
3.89,11,42.205734
3.9,10,42.208988
1.96,4,42.21047
1.97,3,42.211498
1.95,5,42.213081
1.93,7,42.21541
1.95,5,42.217045
5.91,9,42.219822
1.95,5,42.221377
1.97,3,42.222335
1.9,10,42.29521
5.93,7,42.297477
3.93,7,42.299729
5.93,7,42.302068
5.93,7,42.304246
3.94,6,42.306108
1.97,3,42.307079
1.93,7,42.309515
1.91,9,42.31237
1.97,3,42.313367
3.95,5,42.314942
5.91,9,42.317679
1.97,3,42.318949
1.97,3,42.320127
1.96,4,42.321453
3.95,5,42.323052
3.95,5,42.324651
1.92,8,42.327095
3.89,11,42.330802
3.95,5,42.332445
1.97,3,42.33343
1.95,5,42.334998
5.93,7,42.407435
3.95,5,42.409115
1.94,6,42.411012
1.96,4,42.412309
13.88,12,42.416364
1.96,4,42.418067
5.9,10,42.421184
1.97,3,42.422166
1.91,9,42.42505
1.97,3,42.426111
13.87,13,42.430418
3.92,8,42.432946
1.95,5,42.434585
1.96,4,42.435863
1.95,5,42.437427
1.92,8,42.439862
5.91,9,42.442826
1.93,7,42.445049
3.95,5,42.446635
3.9,10,42.524347
1.94,6,42.52647
1.94,6,42.528414
1.97,3,42.52942
1.94,6,42.531685
13.87,13,42.535945
1.94,6,42.537858
1.94,6,42.539745
3.89,11,42.543207
1.93,7,42.545418
13.85,15,42.55
3.91,9,42.552786
3.92,8,42.555265
1.97,3,42.55626
3.92,8,42.558739
3.9,10,42.561784
-0.07,7,42.646354
1.95,5,42.648005
3.93,7,42.650165
13.85,15,42.655568
3.92,8,42.65837
3.95,5,42.660161
3.91,9,42.663043
1.97,3,42.664049
1.97,3,42.665256
5.93,7,42.667645
1.96,4,42.669069
1.97,3,42.670076
3.92,8,42.672547
1.97,3,42.673549
13.9,10,42.677024
3.95,5,42.678704
1.94,6,42.680613
3.89,11,42.684019
3.94,6,42.685894
1.97,3,42.686869
5.93,7,42.777671
1.9,10,42.780862
1.96,4,42.782164
1.97,3,42.78317
1.92,8,42.785999
5.89,11,42.789608
3.93,7,42.791782
1.97,3,42.792989
1.96,4,42.794358
1.91,9,42.797192
5.93,7,42.799392
1.97,3,42.800392
3.93,7,42.802592
13.89,11,42.805993
5.93,7,42.808199
1.94,6,42.810076
1.97,3,42.811065
3.92,8,42.813544
1.92,8,42.816012
1.94,6,42.88766
3.95,5,42.889405
3.94,6,42.891266
1.94,6,42.893089
1.97,3,42.894043
5.92,8,42.896462
3.9,10,42.899902
1.95,5,42.901537
1.95,5,42.903121
1.94,6,42.904999
1.94,6,42.907199
1.92,8,42.909989
3.93,7,42.912227
5.91,9,42.914999
3.95,5,42.916586
5.92,8,42.919622
13.87,13,42.923611
13.88,12,42.927454
5.89,11,43.008954
13.87,13,43.013189
1.96,4,43.014503
1.97,3,43.015552
3.95,5,43.017748
1.95,5,43.019345
1.94,6,43.02122
1.93,7,43.023409
3.95,5,43.025021
1.96,4,43.026848
3.95,5,43.028564
1.92,8,43.031074
1.96,4,43.032386
3.93,7,43.034562
3.91,9,43.037842
3.95,5,43.039599
3.92,8,43.042346
1.96,4,43.0438
1.93,7,43.046002
5.91,9,43.049204
1.92,8,43.130003
1.95,5,43.131667
13.87,13,43.135612
1.96,4,43.136894
5.93,7,43.139501
1.94,6,43.141509
1.93,7,43.143726
13.87,13,43.147676
3.94,6,43.149533
3.94,6,43.152702
1.97,3,43.15425
5.93,7,43.156624
5.92,8,43.159119
3.94,6,43.161128
1.94,6,43.163538
3.92,8,43.166107
5.88,12,43.170064
3.89,11,43.249763
1.97,3,43.250847
1.96,4,43.252154
1.97,3,43.253139
1.94,6,43.254999
1.96,4,43.256268
5.93,7,43.258846
1.94,6,43.260841
5.91,9,43.26364
1.97,3,43.264627
13.87,13,43.268549
1.92,8,43.270985
1.95,5,43.272549
1.94,6,43.274434
1.95,5,43.275987
1.97,3,43.276954
1.92,8,43.27938
5.89,11,43.282843
13.86,14,43.287117
3.9,10,43.371876
1.94,6,43.373862
1.95,5,43.375552
1.93,7,43.37789
5.9,10,43.380948
1.97,3,43.381941
5.89,11,43.385254
1.97,3,43.386224
1.97,3,43.387191
1.95,5,43.388731
3.95,5,43.390272
13.86,14,43.394399
3.91,9,43.39709
1.94,6,43.398936
1.97,3,43.399897
1.92,8,43.402296
5.89,11,43.405996
1.94,6,43.408055
3.93,7,43.410243
1.97,3,43.491543
1.95,5,43.493504
1.93,7,43.495689
5.93,7,43.497832
1.97,3,43.498799
5.92,8,43.501429
-0.07,7,43.503626
5.91,9,43.506379
1.96,4,43.50765
1.95,5,43.509276
1.93,7,43.511423
1.97,3,43.51241
13.87,13,43.516299
1.96,4,43.517566
1.97,3,43.518526
5.92,8,43.520947
3.94,6,43.522792
1.92,8,43.525209
5.92,8,43.527621
3.92,8,43.530609
3.89,11,43.610634
1.97,3,43.611912
13.91,9,43.615007
1.96,4,43.616307
1.95,5,43.618212
1.93,7,43.620498
3.9,10,43.623639
3.94,6,43.625617
1.91,9,43.628857
5.93,7,43.631129
1.92,8,43.633578
1.97,3,43.634561
13.89,11,43.637854
1.92,8,43.640252
1.93,7,43.642387
3.91,9,43.64508
1.96,4,43.646359
1.92,8,43.648779
5.93,7,43.719404
5.93,7,43.721655
3.93,7,43.723806
-0.07,7,43.725932
1.97,3,43.726896
1.95,5,43.728468
1.94,6,43.730289
3.93,7,43.732406
3.95,5,43.733951
1.94,6,43.735775
3.9,10,43.738741
5.92,8,43.741469
3.95,5,43.743162
1.92,8,43.745659
1.94,6,43.74753
3.95,5,43.749107
3.93,7,43.751569
1.97,3,43.752624
1.97,3,43.753616
5.93,7,43.755778
3.9,10,43.823079
5.92,8,43.825669
1.94,6,43.827532
1.93,7,43.829669
3.95,5,43.8312
3.95,5,43.833171
1.96,4,43.834731
3.91,9,43.837674
5.92,8,43.840387
1.95,5,43.84214
5.92,8,43.845038
1.91,9,43.847842
1.92,8,43.850297
1.95,5,43.85187
1.92,8,43.854607
3.91,9,43.857413
3.9,10,43.860416
1.94,6,43.862341
1.92,8,43.930224
5.93,7,43.932646
1.95,5,43.934538
1.96,4,43.935944
5.93,7,43.938159
3.95,5,43.939868
1.96,4,43.941181
3.9,10,43.944577
5.89,11,43.948181
3.94,6,43.950026
5.93,7,43.952156
5.92,8,43.954533
1.94,6,43.95633
1.95,5,43.957846
3.92,8,43.96043
5.89,11,43.963826
-0.06,6,43.965695
3.95,5,43.967692
1.97,3,43.968815
1.97,3,43.969824
5.9,10,44.044784
1.93,7,44.047067
1.94,6,44.048937
13.89,11,44.052771
5.93,7,44.055013
1.93,7,44.057462
1.93,7,44.059679
3.92,8,44.062109
3.94,6,44.064234
3.95,5,44.065891
3.95,5,44.067477
1.95,5,44.069041
3.91,9,44.072048
1.97,3,44.073352
3.91,9,44.076343
1.97,3,44.07735
3.91,9,44.080091
3.94,6,44.081943
5.89,11,44.085749
3.95,5,44.155134
3.94,6,44.157092
3.91,9,44.159867
3.95,5,44.161462
1.95,5,44.163453
3.95,5,44.165226
3.93,7,44.167579
1.97,3,44.16858
1.97,3,44.169563
1.96,4,44.170816
1.97,3,44.171787
5.93,7,44.174132
13.91,9,44.177383
1.93,7,44.179572
3.95,5,44.181111
3.89,11,44.184667
5.93,7,44.186909
3.95,5,44.188492
3.91,9,44.191201
1.95,5,44.193104
5.91,9,44.26465
1.94,6,44.266746
3.93,7,44.268936
13.87,13,44.272897
13.91,9,44.276554
3.95,5,44.278251
1.97,3,44.279222
3.89,11,44.282485
1.95,5,44.284348
1.95,5,44.286062
1.97,3,44.287077
3.95,5,44.288662
1.93,7,44.290822
5.93,7,44.29316
1.97,3,44.294232
1.97,3,44.295232
3.93,7,44.297396
1.95,5,44.298962
1.97,3,44.300192
3.95,5,44.301912
3.92,8,44.30467
1.97,3,44.305699
1.94,6,44.387395
1.94,6,44.389416
1.94,6,44.391302
3.92,8,44.393756
1.93,7,44.3959
3.95,5,44.397463
1.97,3,44.398433
1.94,6,44.40027
13.91,9,44.402986
1.96,4,44.40423
3.95,5,44.40609
3.92,8,44.40863
1.95,5,44.410254
1.97,3,44.411247
3.94,6,44.413123
1.97,3,44.414122
1.96,4,44.415818
3.95,5,44.417728
1.97,3,44.4188
1.97,3,44.419819
-0.07,7,44.422042
1.93,7,44.424259
5.93,7,44.426655
1.95,5,44.428253
3.95,5,44.490545
1.97,3,44.491626
-0.02,2,44.492444
3.95,5,44.494164
3.95,5,44.495783
1.97,3,44.496792
3.93,7,44.499005
1.96,4,44.50037
1.97,3,44.501395
13.91,9,44.504207
13.91,9,44.506985
-0.06,6,44.50888
1.97,3,44.50987
1.97,3,44.510856
1.95,5,44.512432
1.94,6,44.514312
1.97,3,44.515295
5.93,7,44.517472
13.88,12,44.52113
1.96,4,44.522413
3.92,8,44.524895
1.97,3,44.525899
1.94,6,44.527769
3.92,8,44.530711
3.95,5,44.604143
1.94,6,44.606099
3.93,7,44.60826
1.95,5,44.609864
1.95,5,44.61235
1.97,3,44.613586
1.97,3,44.614643
1.93,7,44.616834
3.95,5,44.618557
3.94,6,44.620497
3.92,8,44.623155
1.93,7,44.6254
1.97,3,44.62648
1.97,3,44.627496
1.97,3,44.628481
1.94,6,44.630308
1.97,3,44.631274
5.93,7,44.633421
1.97,3,44.634404
3.95,5,44.635968
1.97,3,44.636933
1.96,4,44.638184
3.94,6,44.640023
3.93,7,44.642158
3.92,8,44.644604
3.92,8,44.704167
1.97,3,44.705219
3.92,8,44.70769
1.96,4,44.708979
3.94,6,44.710987
5.88,12,44.715568
3.94,6,44.717692
1.94,6,44.719586
13.88,12,44.723221
3.93,7,44.725464
3.92,8,44.728032
1.97,3,44.72905
3.92,8,44.731558
1.97,3,44.732545
3.93,7,44.735071
1.96,4,44.736861
5.93,7,44.739163
3.94,6,44.741064
3.91,9,44.743992
5.93,7,44.819546
1.97,3,44.820642
1.97,3,44.821646
3.95,5,44.823223
13.87,13,44.827948
1.97,3,44.829039
1.94,6,44.830946
1.97,3,44.831963
5.93,7,44.83447
3.93,7,44.836761
1.97,3,44.83791
3.95,5,44.839597
1.93,7,44.841839
1.97,3,44.842974
1.97,3,44.844005
3.95,5,44.845594
13.9,10,44.848734
5.89,11,44.852379
3.95,5,44.854148
1.97,3,44.855259
1.96,4,44.856581
13.87,13,44.860997
3.94,6,44.940829
1.97,3,44.941922
1.97,3,44.943049
13.91,9,44.945911
1.97,3,44.946926
1.97,3,44.948181
1.97,3,44.949355
1.97,3,44.950482
3.94,6,44.952487
1.97,3,44.953481
1.97,3,44.954466
3.92,8,44.957048
3.92,8,44.959616
-0.03,3,44.960615
3.95,5,44.962187
5.89,11,44.96554
1.95,5,44.967164
1.96,4,44.968455
1.96,4,44.969838
5.93,7,44.972031
1.97,3,44.973013
5.9,10,44.976322
1.97,3,44.977353
5.92,8,44.979975
3.94,6,45.052064
1.94,6,45.054095
3.95,5,45.055684
1.93,7,45.057828
5.92,8,45.060533
3.91,9,45.06332
1.97,3,45.0643
3.94,6,45.066144
3.93,7,45.068731
3.92,8,45.071624
1.96,4,45.072975
3.95,5,45.074552
3.95,5,45.07653
1.93,7,45.078844
1.93,7,45.081279
1.94,6,45.08324
1.94,6,45.085099
5.93,7,45.087282
3.92,8,45.089729
3.94,6,45.091583
13.89,11,45.154731
3.95,5,45.156393
3.91,9,45.159436
1.95,5,45.161165
13.9,10,45.164556
3.9,10,45.167826
1.94,6,45.169711
1.97,3,45.17069
5.93,7,45.172849
3.92,8,45.175294
1.94,6,45.177791
5.89,11,45.181349
1.95,5,45.18292
1.94,6,45.184935
1.93,7,45.187382
3.94,6,45.189325
5.93,7,45.191481
1.95,5,45.193382
3.95,5,45.195072
3.95,5,45.265009
1.94,6,45.266997
5.91,9,45.269783
3.92,8,45.272241
3.94,6,45.274449
1.93,7,45.276729
1.97,3,45.277717
3.91,9,45.280453
1.97,3,45.281534
3.91,9,45.284643
5.92,8,45.28712
3.95,5,45.288687
1.96,4,45.289971
1.93,7,45.292145
1.96,4,45.293424
1.95,5,45.295451
3.95,5,45.297141
3.94,6,45.299014
3.94,6,45.300927
1.92,8,45.30338
13.91,9,45.365329
1.97,3,45.366429
-0.03,3,45.367794
3.92,8,45.370455
1.94,6,45.372354
1.97,3,45.373364
1.96,4,45.374818
1.95,5,45.376685
13.91,9,45.379577
3.94,6,45.38148
3.95,5,45.383089
1.97,3,45.384108
1.97,3,45.385103
5.9,10,45.388182
1.96,4,45.389469
5.9,10,45.392521
3.94,6,45.394431
1.97,3,45.395433
1.97,3,45.396425
1.94,6,45.398292
1.97,3,45.399279
5.91,9,45.402049
1.97,3,45.403038
1.97,3,45.404041
3.95,5,45.405967
1.97,3,45.407127
1.95,5,45.47753
1.95,5,45.479834
1.94,6,45.482267
3.93,7,45.484442
1.97,3,45.485832
3.91,9,45.488954
3.94,6,45.490969
1.97,3,45.492144
1.97,3,45.493464
1.95,5,45.495114
5.91,9,45.498206
1.97,3,45.499234
-0.04,4,45.501087
5.91,9,45.505026
1.97,3,45.506546
1.97,3,45.507585
3.94,6,45.509486
1.97,3,45.510489
3.95,5,45.51205
1.97,3,45.513053
3.93,7,45.515267
3.95,5,45.51737
1.94,6,45.519451
3.95,5,45.52108
5.93,7,45.586311
5.93,7,45.588637
1.97,3,45.589635
13.91,9,45.592413
3.95,5,45.594004
13.89,11,45.597814
13.91,9,45.600798
1.94,6,45.602756
3.94,6,45.604651
3.94,6,45.606518
3.94,6,45.608408
1.97,3,45.60954
5.93,7,45.612163
1.95,5,45.613785
1.95,5,45.615388
1.95,5,45.616961
1.95,5,45.618534
3.94,6,45.620835
3.95,5,45.62252
5.93,7,45.6247
1.94,6,45.626933
13.88,12,45.699856
3.92,8,45.702397
1.97,3,45.703389
1.97,3,45.704366
1.97,3,45.705333
13.9,10,45.70869
3.94,6,45.710951
1.97,3,45.712005
3.94,6,45.713932
3.92,8,45.716706
3.94,6,45.718646
1.96,4,45.720149
3.95,5,45.721876
1.97,3,45.722872
1.97,3,45.723863
1.97,3,45.724842
1.96,4,45.72618
3.95,5,45.727785
1.94,6,45.729746
3.95,5,45.731466
3.95,5,45.733065
1.95,5,45.734619
3.94,6,45.73665
1.95,5,45.73843
3.92,8,45.807101
3.95,5,45.808814
5.89,11,45.812185
5.92,8,45.814643
3.95,5,45.816217
1.97,3,45.817194
3.94,6,45.81905
1.97,3,45.82003
1.95,5,45.821834
1.96,4,45.823507
1.97,3,45.824533
3.95,5,45.82615
1.95,5,45.827774
1.94,6,45.829686
1.96,4,45.830963
1.93,7,45.83372
1.96,4,45.835025
1.96,4,45.836315
3.94,6,45.838182
3.93,7,45.840351
1.93,7,45.84296
3.95,5,45.844691
3.95,5,45.846313
1.97,3,45.847311
3.95,5,45.921454
3.93,7,45.923856
1.93,7,45.92621
1.94,6,45.928184
3.95,5,45.929804
3.91,9,45.932605
3.94,6,45.934515
1.97,3,45.935503
-0.02,2,45.936192
-0.05,5,45.937764
1.95,5,45.939355
1.96,4,45.940639
1.94,6,45.942516
1.95,5,45.944084
13.89,11,45.947841
1.94,6,45.949869
5.9,10,45.952982
1.93,7,45.955383
5.9,10,45.958766
1.96,4,45.960079
3.95,5,45.961654
1.92,8,46.034103
1.94,6,46.036233
3.93,7,46.038475
3.95,5,46.040106
1.95,5,46.041709
1.93,7,46.044152
3.95,5,46.045757
1.97,3,46.046739
1.97,3,46.047721
1.94,6,46.049656
1.97,3,46.050817
3.93,7,46.053072
1.95,5,46.05467
3.94,6,46.05657
3.91,9,46.059449
1.97,3,46.060438
3.95,5,46.062025
1.97,3,46.063022
1.94,6,46.064886
1.97,3,46.065858
3.95,5,46.067398
1.97,3,46.068367
-0.03,3,46.069334
1.96,4,46.070944
5.93,7,46.073216
1.97,3,46.074233
1.96,4,46.138423
1.97,3,46.139519
1.95,5,46.14109
13.88,12,46.144686
3.93,7,46.146807
1.97,3,46.148161
1.97,3,46.149278
1.94,6,46.15196
1.96,4,46.153374
1.96,4,46.154661
1.95,5,46.156246
1.97,3,46.157384
1.97,3,46.158472
1.97,3,46.159664
13.9,10,46.162864
1.97,3,46.163872
3.94,6,46.16577
3.92,8,46.168271
1.97,3,46.169262
1.96,4,46.170557
1.97,3,46.171554
1.95,5,46.173149
5.93,7,46.175344
13.91,9,46.178124
1.97,3,46.179121
13.91,9,46.259032
5.93,7,46.261339
1.94,6,46.263258
1.97,3,46.264269
3.95,5,46.265867
1.96,4,46.267538
1.93,7,46.270014
3.91,9,46.272827
3.92,8,46.275602
1.97,3,46.276879
1.95,5,46.278576
13.9,10,46.281707
3.91,9,46.284443
5.93,7,46.286595
5.89,11,46.290379
3.95,5,46.292004
1.92,8,46.294547
1.95,5,46.29673
3.95,5,46.298361
3.91,9,46.368593
1.97,3,46.369718
5.93,7,46.371902
5.92,8,46.374495
1.97,3,46.375685
1.94,6,46.377586
1.97,3,46.378578
1.96,4,46.37985
3.95,5,46.381397
3.95,5,46.382977
1.97,3,46.384327
5.89,11,46.387789
3.95,5,46.38938
1.97,3,46.390361
1.97,3,46.391337
3.93,7,46.393788
3.95,5,46.395542
3.95,5,46.397154
1.97,3,46.398143
5.91,9,46.400892
3.95,5,46.402466
3.95,5,46.404048
3.91,9,46.406888
5.93,7,46.409297
1.96,4,46.479137
1.94,6,46.481313
1.97,3,46.482326
3.94,6,46.484536
3.95,5,46.486278
5.93,7,46.488859
1.96,4,46.490242
1.96,4,46.491544
1.93,7,46.494007
3.95,5,46.495676
1.97,3,46.49669
3.95,5,46.498308
1.97,3,46.499309
13.87,13,46.503313
3.91,9,46.506102
1.92,8,46.508594
1.93,7,46.510783
1.93,7,46.512975
3.95,5,46.514561
1.97,3,46.515554
3.95,5,46.517134
3.92,8,46.519613
5.93,7,46.600962
3.92,8,46.603526
3.92,8,46.605994
1.93,7,46.608129
5.88,12,46.612122
1.95,5,46.613771
1.95,5,46.615385
1.93,7,46.6179
13.9,10,46.621195
1.95,5,46.62287
5.9,10,46.626107
1.95,5,46.627737
5.93,7,46.629896
3.95,5,46.631576
3.93,7,46.633806
1.97,3,46.634792
1.94,6,46.636637
1.97,3,46.637615
3.95,5,46.63916
3.95,5,46.640711
1.93,7,46.716412
3.94,6,46.718309
5.92,8,46.720749
1.93,7,46.722846
1.95,5,46.724832
3.92,8,46.727438
3.95,5,46.729047
1.95,5,46.73064
1.92,8,46.733114
5.92,8,46.735566
1.93,7,46.737711
3.91,9,46.740787
3.95,5,46.742407
1.95,5,46.743988
1.95,5,46.745575
1.94,6,46.747435
1.97,3,46.748416
1.97,3,46.749399
3.93,7,46.752243
3.92,8,46.754873
1.97,3,46.755886
1.97,3,46.816369
1.93,7,46.819535
1.97,3,46.820633
3.93,7,46.822846
5.93,7,46.825311
1.93,7,46.827803
3.94,6,46.829697
3.92,8,46.832132
3.93,7,46.834326
1.97,3,46.835298
5.92,8,46.837729
13.91,9,46.84046
3.92,8,46.842877
1.95,5,46.844427
1.95,5,46.845983
3.92,8,46.848406
5.92,8,46.850849
1.95,5,46.852386
5.91,9,46.855108
1.95,5,46.856655
3.91,9,46.91967
5.91,9,46.922607
1.96,4,46.92392
1.94,6,46.925832
5.92,8,46.928331
5.93,7,46.930704
3.95,5,46.932327
1.95,5,46.933896
1.95,5,46.935458
1.94,6,46.937316
3.92,8,46.939751
1.95,5,46.941295
3.9,10,46.944307
1.97,3,46.945273
1.94,6,46.947219
3.9,10,46.951192
1.97,3,46.952308
1.94,6,46.954217
3.95,5,46.955801
1.97,3,46.956939
5.92,8,47.025946
5.93,7,47.028676
13.91,9,47.031767
-0.07,7,47.033906
1.97,3,47.035318
3.95,5,47.037006
1.95,5,47.038588
1.95,5,47.040232
1.92,8,47.042865
3.91,9,47.04571
1.97,3,47.046723
1.94,6,47.048615
1.96,4,47.049888
1.97,3,47.051055
5.93,7,47.05335
13.87,13,47.057294
3.9,10,47.060391
1.97,3,47.061689
1.95,5,47.063293
3.9,10,47.06634
1.97,3,47.067538
3.9,10,47.150174
1.95,5,47.151815
3.91,9,47.15472
1.95,5,47.156584
3.94,6,47.15872
1.94,6,47.160913
5.93,7,47.163126
3.93,7,47.165266
1.95,5,47.167149
1.93,7,47.16954
3.92,8,47.17211
1.93,7,47.174345
3.93,7,47.17686
3.95,5,47.178529
1.96,4,47.179814
1.94,6,47.181667
1.94,6,47.183508
1.97,3,47.184464
1.94,6,47.186302
1.95,5,47.188134
1.91,9,47.255343
1.95,5,47.257022
1.94,6,47.25892
1.96,4,47.260196
13.87,13,47.264115
5.92,8,47.266554
3.94,6,47.268436
5.93,7,47.2706
3.91,9,47.273309
1.92,8,47.276243
3.92,8,47.27895
5.93,7,47.281179
1.97,3,47.282176
3.91,9,47.284933
3.92,8,47.287844
13.9,10,47.291179
1.94,6,47.293069
3.95,5,47.294635
3.95,5,47.374077
3.91,9,47.377196
1.97,3,47.378239
3.93,7,47.380527
1.95,5,47.382156
1.95,5,47.383753
3.94,6,47.385626
3.93,7,47.387792
3.93,7,47.38996
1.96,4,47.391224
1.97,3,47.392202
1.93,7,47.394345
3.9,10,47.39735
1.97,3,47.398325
5.93,7,47.400481
1.92,8,47.402909
3.92,8,47.405867
13.89,11,47.409381
1.91,9,47.412164
1.94,6,47.502486
1.97,3,47.503684
5.93,7,47.505905
3.94,6,47.507786
1.97,3,47.508757
1.92,8,47.511185
1.94,6,47.513051
3.95,5,47.514618
5.88,12,47.51822
1.97,3,47.519187
1.95,5,47.520734
1.94,6,47.522567
1.94,6,47.524394
5.92,8,47.527674
1.97,3,47.528778
1.96,4,47.530216
1.93,7,47.532411
3.92,8,47.534909
1.97,3,47.535905
1.92,8,47.538308
3.94,6,47.540144
1.95,5,47.541697
3.9,10,47.616529
1.95,5,47.618761
1.94,6,47.620685
3.89,11,47.624117
-0.06,6,47.626246
1.96,4,47.627591
3.94,6,47.629469
1.92,8,47.632417
5.9,10,47.636091
1.94,6,47.638215
3.94,6,47.640126
5.89,11,47.643496
5.93,7,47.645863
3.93,7,47.648108
1.93,7,47.650453
3.95,5,47.65207
1.95,5,47.654143
1.96,4,47.655768
5.89,11,47.728772
3.95,5,47.730523
1.95,5,47.732156
5.9,10,47.735276
3.92,8,47.737786
3.92,8,47.740285
3.95,5,47.742039
1.96,4,47.743574
1.97,3,47.744612
3.93,7,47.746802
3.93,7,47.748965
5.88,12,47.753148
5.93,7,47.755356
1.95,5,47.756921
3.92,8,47.759335
3.95,5,47.76088
1.97,3,47.762221
5.9,10,47.765589
1.97,3,47.76663
5.88,12,47.844106
1.92,8,47.846768
13.85,15,47.851195
3.9,10,47.8546
1.93,7,47.856882
1.91,9,47.859651
3.93,7,47.861807
1.97,3,47.862784
3.92,8,47.865576
1.95,5,47.86719
1.91,9,47.869945
1.94,6,47.871812
13.91,9,47.874957
1.97,3,47.876288
1.93,7,47.878794
1.97,3,47.880002
1.97,3,47.880995
3.91,9,47.883897
1.91,9,47.971793
3.93,7,47.974083
1.97,3,47.975086
1.96,4,47.976388
13.88,12,47.980201
3.93,7,47.98271
5.9,10,47.985806
3.92,8,47.988257
3.92,8,47.990716
1.96,4,47.992158
3.95,5,47.993747
3.95,5,47.995341
1.97,3,47.996323
1.91,9,47.999075
1.97,3,48.000067
1.97,3,48.001047
3.92,8,48.003892
1.97,3,48.004948
5.9,10,48.007999
5.92,8,48.010472
1.94,6,48.084955
1.92,8,48.087632
1.92,8,48.090088
5.92,8,48.092557
5.92,8,48.09499
3.92,8,48.097442
3.94,6,48.0993
3.94,6,48.101141
1.97,3,48.102108
5.93,7,48.104255
3.92,8,48.106697
1.95,5,48.108523
5.87,13,48.112735
3.95,5,48.114367
13.89,11,48.117733
1.95,5,48.120056
5.92,8,48.122602
5.93,7,48.124817
13.9,10,48.204915
5.91,9,48.207795
1.97,3,48.208799
3.95,5,48.210409
3.94,6,48.212696
3.93,7,48.215048
13.9,10,48.218128
5.92,8,48.220584
1.97,3,48.22157
1.92,8,48.224014
1.93,7,48.226148
1.96,4,48.227405
1.97,3,48.228398
5.92,8,48.230838
1.97,3,48.231805
1.94,6,48.233623
1.97,3,48.234591
3.95,5,48.236126
1.94,6,48.238081
3.92,8,48.240554
1.94,6,48.242451
1.95,5,48.309052
3.91,9,48.311953
1.97,3,48.312946
1.96,4,48.314232
3.95,5,48.315811
13.91,9,48.319212
3.93,7,48.321808
3.94,6,48.323766
3.94,6,48.325739
1.96,4,48.327047
3.92,8,48.329496
1.95,5,48.331079
5.93,7,48.333247
1.97,3,48.334398
13.91,9,48.337314
3.95,5,48.338938
1.96,4,48.340422
3.95,5,48.342114
13.9,10,48.345215
13.91,9,48.347977
1.96,4,48.349252
1.95,5,48.416051
1.97,3,48.417301
1.96,4,48.418661
1.97,3,48.419708
3.94,6,48.421751
1.94,6,48.423639
5.93,7,48.425839
1.94,6,48.427676
1.95,5,48.429227
1.96,4,48.430475
3.93,7,48.432599
3.94,6,48.43461
5.91,9,48.437433
3.92,8,48.439931
5.92,8,48.442838
5.9,10,48.446086
1.96,4,48.447409
1.97,3,48.448396
1.97,3,48.449381
1.96,4,48.451063
1.97,3,48.452072
1.97,3,48.453063
1.97,3,48.454045
3.94,6,48.455907
3.92,8,48.524393
1.94,6,48.526396
1.97,3,48.527383
1.93,7,48.529525
1.95,5,48.531485
3.94,6,48.533756
3.94,6,48.535819
1.93,7,48.538008
1.95,5,48.539618
1.94,6,48.541492
5.93,7,48.544048
-0.03,3,48.545126
5.89,11,48.548487
1.97,3,48.549462
1.96,4,48.550729
3.94,6,48.552573
3.95,5,48.554125
5.93,7,48.556256
13.88,12,48.559822
3.94,6,48.561655
3.91,9,48.564378
1.93,7,48.643297
1.97,3,48.644383
1.97,3,48.645391
13.89,11,48.648763
3.94,6,48.650741
1.97,3,48.652321
1.94,6,48.654427
-0.02,2,48.655203
5.91,9,48.658255
13.91,9,48.661765
3.93,7,48.664329
1.97,3,48.665498
5.93,7,48.667979
1.94,6,48.669933
1.93,7,48.672232
1.96,4,48.673573
3.94,6,48.675636
1.96,4,48.676986
3.92,8,48.679495
1.97,3,48.680482
1.93,7,48.682634
3.94,6,48.6845
1.95,5,48.756921
1.96,4,48.758491
3.93,7,48.76128
-0.03,3,48.76236
1.97,3,48.763369
1.97,3,48.764373
1.95,5,48.766295
1.95,5,48.768057
5.92,8,48.770861
1.96,4,48.772192
5.91,9,48.774964
1.95,5,48.776779
1.96,4,48.77814
1.93,7,48.780789
1.95,5,48.782451
1.96,4,48.783751
1.97,3,48.784747
1.97,3,48.786011
3.94,6,48.788023
13.9,10,48.791117
1.94,6,48.793139
5.92,8,48.79572
3.93,7,48.797917
3.92,8,48.867793
-0.02,2,48.868684
1.95,5,48.870352
3.93,7,48.872545
1.97,3,48.873537
1.96,4,48.874813
-0.03,3,48.875798
3.95,5,48.877761
3.94,6,48.879828
3.95,5,48.88143
3.94,6,48.883417
1.96,4,48.884855
1.94,6,48.886819
1.96,4,48.888154
3.95,5,48.889776
1.96,4,48.891295
3.94,6,48.893318
1.95,5,48.894948
3.95,5,48.896568
5.91,9,48.899386
5.93,7,48.901608
1.97,3,48.902588
1.95,5,48.904154
3.91,9,48.906878
5.92,8,48.909657
3.93,7,48.973623
13.91,9,48.976491
3.94,6,48.978379
3.92,8,48.980844
3.94,6,48.983154
5.92,8,48.985929
5.93,7,48.988232
-0.03,3,48.989276
13.88,12,48.993291
1.97,3,48.994308
-0.05,5,48.995887
1.96,4,48.997159
-0.04,4,48.998451
3.91,9,49.001374
1.97,3,49.002511
1.97,3,49.003518
5.92,8,49.006014
1.94,6,49.007886
1.94,6,49.010082
3.92,8,49.012794
5.92,8,49.089517
3.94,6,49.091556
5.92,8,49.094383
13.89,11,49.098031
13.91,9,49.101144
-0.02,2,49.101886
13.91,9,49.104684
1.93,7,49.106827
1.97,3,49.107806
3.93,7,49.110276
3.94,6,49.112278
5.93,7,49.114462
1.97,3,49.115449
3.95,5,49.117011
1.97,3,49.117992
1.93,7,49.120584
3.94,6,49.122556
3.95,5,49.124153
13.87,13,49.128186
3.95,5,49.129845
5.9,10,49.214093
5.93,7,49.21636
1.95,5,49.21795
1.94,6,49.219834
13.88,12,49.223953
3.95,5,49.225806
1.95,5,49.227652
5.91,9,49.230579
1.96,4,49.231878
1.96,4,49.233155
5.92,8,49.235935
3.93,7,49.238113
3.92,8,49.240532
3.94,6,49.242375
5.92,8,49.245242
3.95,5,49.246896
3.94,6,49.248773
5.92,8,49.251442
3.94,6,49.253328
1.96,4,49.325017
5.9,10,49.328588
1.97,3,49.329667
1.93,7,49.331877
3.94,6,49.334035
5.93,7,49.336281
1.95,5,49.33787
1.96,4,49.339152
1.94,6,49.34101
5.89,11,49.344557
1.96,4,49.345917
3.95,5,49.347506
3.94,6,49.349386
3.93,7,49.351641
1.96,4,49.35292
1.97,3,49.353903
1.97,3,49.35487
1.96,4,49.356135
1.96,4,49.357399
1.96,4,49.358672
1.97,3,49.359639
1.96,4,49.360909
1.94,6,49.362857
1.95,5,49.364477
13.87,13,49.446079
3.95,5,49.447735
5.91,9,49.450968
1.97,3,49.452441
1.96,4,49.453795
3.91,9,49.456536
3.94,6,49.458382
3.95,5,49.460114
3.92,8,49.462641
1.95,5,49.464243
1.97,3,49.465246
1.94,6,49.467179
5.91,9,49.47045
1.95,5,49.472174
3.93,7,49.474383
3.92,8,49.476856
1.97,3,49.477855
1.96,4,49.479154
5.92,8,49.481827
3.95,5,49.483438
1.95,5,49.485017
1.94,6,49.548459
3.95,5,49.550408
3.91,9,49.553356
13.87,13,49.557584
13.89,11,49.561129
3.94,6,49.563058
3.95,5,49.564645
1.93,7,49.566808
3.94,6,49.568677
1.97,3,49.56967
3.95,5,49.571234
1.96,4,49.572506
3.91,9,49.575264
1.97,3,49.576795
1.96,4,49.578353
1.97,3,49.579378
5.92,8,49.58185
1.97,3,49.582828
1.97,3,49.583787
3.95,5,49.585325
1.96,4,49.586936
3.95,5,49.588597
1.96,4,49.667669
3.94,6,49.669787
13.9,10,49.672804
5.91,9,49.675493
3.92,8,49.67834
1.97,3,49.679414
3.9,10,49.682485
1.96,4,49.683798
3.95,5,49.685379
5.91,9,49.688115
1.96,4,49.689399
1.97,3,49.690383
3.94,6,49.692256
3.95,5,49.693815
1.96,4,49.69507
1.96,4,49.69632
1.96,4,49.697577
5.92,8,49.70001
5.91,9,49.702728
1.97,3,49.703848
1.94,6,49.705746
1.94,6,49.707623
5.89,11,49.778555
5.92,8,49.781124
13.91,9,49.783861
3.94,6,49.785712
1.94,6,49.787576
5.93,7,49.790216
1.95,5,49.791943
3.95,5,49.793564
1.94,6,49.795444
3.94,6,49.797314
3.93,7,49.799707
3.94,6,49.801858
3.92,8,49.804438
1.96,4,49.805726
1.96,4,49.807005
1.97,3,49.808003
5.9,10,49.811347
3.95,5,49.813007
5.89,11,49.816418
3.94,6,49.886189
1.94,6,49.888159
1.96,4,49.889442
3.94,6,49.891305
1.96,4,49.892571
5.9,10,49.896038
3.95,5,49.897762
1.96,4,49.899062
1.97,3,49.900057
1.97,3,49.901051
5.92,8,49.903511
3.94,6,49.90539
3.93,7,49.90755
1.93,7,49.909712
13.89,11,49.913022
1.93,7,49.91518
5.93,7,49.91752
1.97,3,49.918519
3.95,5,49.920097
1.97,3,49.921071
5.91,9,49.923843
5.92,8,49.994907
1.97,3,49.996014
5.92,8,49.998869
5.93,7,50.001243
1.96,4,50.00259
1.96,4,50.004256
1.93,7,50.006816
-0.03,3,50.007935
1.94,6,50.010025
3.94,6,50.011976
-0.06,6,50.014215
1.97,3,50.015341
3.94,6,50.017416
5.91,9,50.020404
1.96,4,50.021767
5.93,7,50.024018
1.97,3,50.025102
1.92,8,50.027777
1.96,4,50.029208
1.95,5,50.030816
3.94,6,50.032768
1.94,6,50.035009
1.95,5,50.036755
1.95,5,50.038382
3.92,8,50.104809
1.93,7,50.107035
1.96,4,50.108319
5.92,8,50.110815
5.89,11,50.114672
1.94,6,50.11662
5.9,10,50.119666
1.97,3,50.120915
1.96,4,50.1226
1.93,7,50.125017
5.88,12,50.129054
1.94,6,50.131163
1.93,7,50.133837
1.97,3,50.13649
5.93,7,50.148424
1.92,8,50.154486
3.95,5,50.156182
3.92,8,50.159063
1.97,3,50.16109
5.91,9,50.236495
3.95,5,50.238148
1.96,4,50.239416
3.93,7,50.241554
1.95,5,50.243095
1.96,4,50.244995
3.94,6,50.247028
1.97,3,50.248063
5.92,8,50.250588
3.91,9,50.25337
1.95,5,50.255254
1.97,3,50.256353
-0.04,4,50.257644
3.94,6,50.259889
1.97,3,50.260981
1.97,3,50.262008
1.94,6,50.264063
3.91,9,50.267111
1.97,3,50.268189
1.97,3,50.269187
1.94,6,50.271063
1.94,6,50.272918
3.91,9,50.275691
1.96,4,50.277017
1.93,7,50.342279
5.93,7,50.344502
1.96,4,50.345771
1.94,6,50.347587
1.96,4,50.348829
1.93,7,50.351574
1.97,3,50.352678
3.95,5,50.354275
3.92,8,50.356737
5.89,11,50.360327
-0.05,5,50.361937
1.97,3,50.362937
1.96,4,50.364221
1.95,5,50.365787
5.91,9,50.368707
5.93,7,50.371319
3.91,9,50.374204
1.97,3,50.375206
3.94,6,50.37734
1.94,6,50.379267
1.97,3,50.380542
1.96,4,50.381924
3.92,8,50.454287
3.95,5,50.455999
3.95,5,50.457613
5.92,8,50.460067
3.95,5,50.46198
3.92,8,50.464841
1.97,3,50.465894
1.97,3,50.467072
3.94,6,50.469607
3.94,6,50.471866
1.96,4,50.473905
1.97,3,50.475615
3.93,7,50.478579
5.92,8,50.490739
5.93,7,50.494194
1.96,4,50.495606
5.92,8,50.498496
1.94,6,50.500581
1.96,4,50.502078
13.91,9,50.505281
13.9,10,50.508706
3.91,9,50.575789
1.97,3,50.577366
1.96,4,50.578901
1.93,7,50.581063
-0.05,5,50.582633
5.88,12,50.586793
1.96,4,50.588146
3.94,6,50.590053
1.96,4,50.591336
1.96,4,50.592716
1.97,3,50.593723
1.95,5,50.595291
1.96,4,50.596554
1.96,4,50.597812
3.91,9,50.600708
1.97,3,50.601744
13.91,9,50.60452
1.95,5,50.6061
1.97,3,50.607064
13.87,13,50.611461
5.92,8,50.614152
1.95,5,50.615812
3.89,11,50.69904
3.95,5,50.700719
13.9,10,50.703845
3.95,5,50.705556
1.94,6,50.70782
3.9,10,50.711067
5.9,10,50.714177
1.93,7,50.716606
3.91,9,50.719559
1.92,8,50.722025
1.94,6,50.72389
1.96,4,50.725157
1.92,8,50.727924
3.9,10,50.731174
1.93,7,50.733397
1.94,6,50.735279
3.91,9,50.800719
3.9,10,50.804058
1.95,5,50.805707
1.95,5,50.807362
3.91,9,50.810479
5.91,9,50.813417
3.95,5,50.815054
5.89,11,50.818772
3.89,11,50.822266
13.9,10,50.825979
1.95,5,50.827967
1.96,4,50.829317
1.91,9,50.83206
1.92,8,50.834859
-0.06,6,50.836863
3.91,9,50.839632
5.92,8,50.842192
5.9,10,50.91297
5.89,11,50.916423
5.9,10,50.919465
1.92,8,50.922389
1.95,5,50.924046
5.9,10,50.927552
1.94,6,50.929488
3.9,10,50.932544
1.91,9,50.935604
1.96,4,50.936941
3.91,9,50.939628
5.9,10,50.942638
1.94,6,50.944767
13.9,10,50.947951
1.97,3,50.948945
3.91,9,50.952075
1.97,3,51.019316
-0.04,4,51.020799
1.93,7,51.023024
5.92,8,51.025515
1.93,7,51.027849
1.96,4,51.029164
5.93,7,51.031365
3.92,8,51.033985
1.96,4,51.035993
1.97,3,51.03708
3.95,5,51.038839
5.91,9,51.041693
5.89,11,51.045085
5.9,10,51.048093
1.93,7,51.050375
1.97,3,51.051719
3.94,6,51.053642
1.97,3,51.054629
1.95,5,51.056197
1.97,3,51.057176
13.85,15,51.135786
3.95,5,51.137477
5.92,8,51.139961
5.93,7,51.142129
3.91,9,51.14527
1.93,7,51.147545
13.87,13,51.151896
1.97,3,51.152941
1.96,4,51.15427
1.96,4,51.155576
1.93,7,51.157767
1.92,8,51.160672
5.93,7,51.162914
1.95,5,51.164505
1.96,4,51.16578
3.95,5,51.167343
5.89,11,51.171142
3.95,5,51.172727
3.95,5,51.1743
3.93,7,51.176449
13.9,10,51.257369
3.95,5,51.259193
13.88,12,51.263151
5.9,10,51.266234
1.92,8,51.269075
1.93,7,51.271335
1.96,4,51.27264
3.94,6,51.274512
1.93,7,51.276688
13.86,14,51.281167
1.93,7,51.283355
1.97,3,51.284343
3.94,6,51.286206
1.95,5,51.287769
3.93,7,51.289941
1.96,4,51.291283
1.97,3,51.292278
3.95,5,51.293869
5.92,8,51.375498
1.97,3,51.376638
1.96,4,51.377976
1.93,7,51.380151
3.94,6,51.382041
1.97,3,51.38304
5.93,7,51.385847
3.94,6,51.387978
1.93,7,51.390299
1.93,7,51.392542
5.91,9,51.395715
1.92,8,51.398254
5.92,8,51.400789
1.94,6,51.402692
1.92,8,51.405157
3.93,7,51.407364
3.92,8,51.409841
1.92,8,51.412314
3.95,5,51.413915
3.94,6,51.415849
3.91,9,51.478576
3.93,7,51.480841
3.95,5,51.482436
1.97,3,51.483424
1.95,5,51.485004
1.97,3,51.486223
1.97,3,51.48742
1.95,5,51.489052
1.93,7,51.491232
1.96,4,51.49252
13.86,14,51.496716
1.93,7,51.499004
5.92,8,51.501545
1.93,7,51.503771
1.91,9,51.506516
3.93,7,51.509053
1.97,3,51.510307
3.94,6,51.512327
13.9,10,51.515497
1.92,8,51.518072
1.96,4,51.601461
1.95,5,51.603121
3.91,9,51.605843
1.96,4,51.607106
1.93,7,51.609204
13.91,9,51.612402
1.94,6,51.61437
3.91,9,51.617156
1.93,7,51.619329
1.97,3,51.620309
1.94,6,51.622181
3.9,10,51.625554
1.96,4,51.62684
-0.02,2,51.627507
13.91,9,51.630189
1.95,5,51.631717
3.95,5,51.633241
1.94,6,51.635451
5.93,7,51.637687
3.94,6,51.639618
3.93,7,51.707275
1.96,4,51.708872
5.91,9,51.71219
3.95,5,51.713818
3.95,5,51.715349
3.94,6,51.717522
1.94,6,51.719499
1.97,3,51.720495
3.93,7,51.722832
3.94,6,51.724776
1.95,5,51.72647
1.97,3,51.7275
1.96,4,51.72882
5.91,9,51.731829
3.95,5,51.733435
1.96,4,51.734935
3.94,6,51.736882
-0.05,5,51.738502
5.88,12,51.742526
1.97,3,51.743561
1.96,4,51.745083
1.96,4,51.746504
5.93,7,51.748784
3.9,10,51.827108
-0.02,2,51.828516
3.95,5,51.830299
3.91,9,51.833132
3.95,5,51.835436
1.96,4,51.836937
1.94,6,51.838934
13.9,10,51.842276
3.95,5,51.843968
1.97,3,51.845142
1.94,6,51.847252
3.91,9,51.850062
13.9,10,51.853181
1.92,8,51.855694
1.96,4,51.856994
5.92,8,51.859436
3.94,6,51.861288
5.93,7,51.863434
3.91,9,51.86615
3.93,7,51.868282
1.96,4,51.936437
3.94,6,51.938414
3.94,6,51.940328
1.93,7,51.942521
1.94,6,51.944562
1.93,7,51.947078
1.96,4,51.948385
3.93,7,51.950579
5.9,10,51.954243
13.89,11,51.958396
1.97,3,51.959863
1.97,3,51.960952
3.93,7,51.963104
1.97,3,51.964065
1.97,3,51.965355
3.91,9,51.968299
3.95,5,51.969954
1.95,5,51.971513
1.95,5,51.973065
3.93,7,51.975282
3.91,9,51.978185
-0.05,5,52.049538
1.95,5,52.051495
3.95,5,52.053113
5.93,7,52.055276
3.93,7,52.057422
1.93,7,52.059558
3.94,6,52.061404
1.97,3,52.062376
1.94,6,52.064224
3.95,5,52.065783
1.97,3,52.066774
1.97,3,52.067772
1.95,5,52.06932
1.95,5,52.070866
1.96,4,52.072122
5.93,7,52.074259
1.95,5,52.076422
3.94,6,52.078648
5.9,10,52.081839
3.95,5,52.083482
1.92,8,52.086096
1.96,4,52.087371
1.93,7,52.089533
5.92,8,52.15964
1.93,7,52.161882
3.94,6,52.163764
3.95,5,52.165339
1.96,4,52.16662
1.97,3,52.16801
1.95,5,52.169716
3.94,6,52.171606
1.97,3,52.172631
1.93,7,52.174842
1.93,7,52.177266
1.95,5,52.178923
1.97,3,52.17991
3.92,8,52.182427
13.91,9,52.185165
3.9,10,52.18866
3.93,7,52.190935
1.96,4,52.192277
5.92,8,52.19476
3.95,5,52.19635
5.91,9,52.199159
3.95,5,52.265448
1.95,5,52.26736
1.93,7,52.269679
1.96,4,52.270995
1.93,7,52.273207
5.93,7,52.275404
5.9,10,52.278484
1.95,5,52.280065
1.97,3,52.281052
3.91,9,52.283812
1.97,3,52.284793
3.93,7,52.286956
3.92,8,52.289821
1.96,4,52.291201
3.95,5,52.292818
3.94,6,52.294731
3.95,5,52.296323
1.95,5,52.298462
1.97,3,52.299632
5.93,7,52.301953
3.95,5,52.303546
13.87,13,52.372598
3.91,9,52.375505
1.95,5,52.377694
3.9,10,52.380837
1.95,5,52.382727
1.96,4,52.384084
1.93,7,52.386258
1.93,7,52.388407
1.96,4,52.38968
3.91,9,52.392909
5.89,11,52.39679
1.97,3,52.397961
1.97,3,52.399093
1.96,4,52.400923
3.92,8,52.403769
3.93,7,52.406011
5.91,9,52.408803
3.94,6,52.411234
5.89,11,52.414627
3.91,9,52.48625
3.95,5,52.487859
1.97,3,52.488822
3.94,6,52.490654
3.94,6,52.492473
1.93,7,52.49518
1.97,3,52.496201
3.93,7,52.498384
5.93,7,52.500554
5.93,7,52.502709
13.89,11,52.506654
1.95,5,52.508324
3.92,8,52.510986
3.93,7,52.513253
1.97,3,52.514348
1.97,3,52.51534
3.91,9,52.51825
3.91,9,52.521006
3.9,10,52.524037
5.92,8,52.594525
3.93,7,52.596777
1.93,7,52.598933
13.87,13,52.603228
3.91,9,52.606216
1.95,5,52.607814
3.91,9,52.610615
3.92,8,52.613121
5.93,7,52.615296
5.9,10,52.618342
1.97,3,52.619323
5.92,8,52.621781
3.93,7,52.62416
1.97,3,52.625149
3.95,5,52.626725
1.97,3,52.627691
1.92,8,52.630102
5.92,8,52.632736
3.93,7,52.712471
1.97,3,52.713582
1.92,8,52.716051
3.94,6,52.718079
1.97,3,52.719077
1.94,6,52.720944
3.89,11,52.724274
1.97,3,52.725352
1.92,8,52.728246
1.95,5,52.729964
1.93,7,52.73216
3.94,6,52.734056
3.89,11,52.737952
1.97,3,52.739056
1.96,4,52.740362
3.94,6,52.742334
1.97,3,52.743358
13.88,12,52.747364
1.96,4,52.748846
1.97,3,52.749899
3.93,7,52.752545
5.93,7,52.829051
1.96,4,52.830698
13.91,9,52.833614
3.93,7,52.835831
1.92,8,52.838621
1.93,7,52.841079
1.97,3,52.842093
1.97,3,52.843106
3.91,9,52.845835
3.94,6,52.847691
1.94,6,52.849762
1.97,3,52.850795
1.93,7,52.852993
1.96,4,52.854262
3.93,7,52.856424
1.94,6,52.858286
1.96,4,52.859558
1.95,5,52.861127
1.96,4,52.862391
3.93,7,52.86454
3.91,9,52.867241
3.9,10,52.932512
13.87,13,52.936675
3.95,5,52.938259
-0.06,6,52.940112
5.91,9,52.942862
3.95,5,52.944436
5.91,9,52.947195
1.96,4,52.948458
1.97,3,52.949429
1.93,7,52.951569
1.97,3,52.952537
1.97,3,52.953505
3.94,6,52.955355
1.96,4,52.956679
5.9,10,52.960235
5.9,10,52.963429
13.88,12,52.967125
1.94,6,52.969235
1.96,4,52.970715
1.96,4,52.972011
1.96,4,52.973266
1.94,6,53.053754
1.96,4,53.05515
3.95,5,53.056776
1.95,5,53.058679
13.9,10,53.062196
1.96,4,53.063557
3.93,7,53.065741
1.93,7,53.068131
3.94,6,53.07013
5.89,11,53.073511
3.95,5,53.075079
1.95,5,53.077079
1.96,4,53.078474
1.96,4,53.079768
3.95,5,53.081345
1.94,6,53.083172
3.94,6,53.085023
5.88,12,53.089054
1.93,7,53.091402
1.95,5,53.093018
3.95,5,53.166896
1.92,8,53.169551
3.95,5,53.171147
1.94,6,53.173029
1.95,5,53.17461
3.95,5,53.176692
1.97,3,53.178052
3.95,5,53.179733
5.93,7,53.18192
3.94,6,53.183784
5.91,9,53.186526
5.92,8,53.189362
1.97,3,53.190424
1.96,4,53.191758
5.93,7,53.19403
1.94,6,53.195928
1.96,4,53.197194
1.93,7,53.199546
3.95,5,53.201611
1.97,3,53.202825
5.92,8,53.205342
1.96,4,53.206667
1.94,6,53.208897
3.93,7,53.272014
1.92,8,53.274561
1.97,3,53.275554
1.93,7,53.277697
1.97,3,53.278676
5.93,7,53.28124
3.95,5,53.282967
-0.07,7,53.285146
1.94,6,53.28721
3.94,6,53.290178
1.96,4,53.291755
3.93,7,53.294153
3.94,6,53.296063
3.92,8,53.298509
1.96,4,53.299789
5.89,11,53.303363
3.95,5,53.305005
1.97,3,53.306005
3.95,5,53.307612
1.97,3,53.308707
1.92,8,53.311358
1.96,4,53.312673
1.93,7,53.380385
5.93,7,53.382662
3.92,8,53.385334
1.96,4,53.386652
1.97,3,53.387657
3.95,5,53.389246
3.92,8,53.391768
5.93,7,53.394023
1.97,3,53.395027
1.94,6,53.396907
3.91,9,53.39962
3.89,11,53.403419
1.97,3,53.404453
3.95,5,53.406044
13.9,10,53.409064
1.97,3,53.410039
1.96,4,53.411497
5.89,11,53.415302
1.97,3,53.416376
1.94,6,53.418258
1.97,3,53.419221
1.97,3,53.420195
1.94,6,53.49186
3.95,5,53.493556
1.97,3,53.494553
1.97,3,53.495609
1.97,3,53.496884
5.9,10,53.500127
1.95,5,53.501881
3.95,5,53.503536
5.91,9,53.506338
3.95,5,53.507939
3.95,5,53.509528
1.93,7,53.512231
1.93,7,53.514485
1.97,3,53.515484
3.91,9,53.518299
1.93,7,53.520669
1.92,8,53.523244
1.96,4,53.524552
1.95,5,53.526216
1.96,4,53.527527
3.93,7,53.529727
5.9,10,53.532764
1.95,5,53.60075
1.97,3,53.601845
13.91,9,53.60469
1.97,3,53.605699
5.9,10,53.609252
1.92,8,53.611965
1.94,6,53.613893
3.95,5,53.615494
3.95,5,53.6171
5.93,7,53.619278
1.97,3,53.620263
1.96,4,53.62154
3.95,5,53.623143
5.92,8,53.625947
5.93,7,53.628214
5.91,9,53.630936
1.94,6,53.632782
3.95,5,53.634703
13.91,9,53.637773
5.9,10,53.640863
3.95,5,53.707424
1.93,7,53.709724
3.9,10,53.712784
3.94,6,53.714672
1.93,7,53.717513
13.88,12,53.721378
3.95,5,53.722959
13.91,9,53.725936
1.93,7,53.728162
5.93,7,53.730324
1.97,3,53.731296
1.97,3,53.732287
3.92,8,53.734716
3.95,5,53.736519
13.87,13,53.740589
1.93,7,53.74275
1.93,7,53.745195
1.97,3,53.746256
1.94,6,53.748143
1.97,3,53.825187
5.93,7,53.82836
1.97,3,53.829418
1.97,3,53.830423
3.92,8,53.832911
5.92,8,53.835719
1.97,3,53.836752
5.9,10,53.839851
1.93,7,53.842024
1.97,3,53.843029
3.95,5,53.845085
-0.05,5,53.846781
1.95,5,53.848553
1.97,3,53.849548
1.94,6,53.851422
1.97,3,53.852406
1.92,8,53.855069
3.94,6,53.857361
1.97,3,53.858432
1.93,7,53.8606
1.97,3,53.861597
1.94,6,53.863485
3.95,5,53.865057
5.89,11,53.933439
3.95,5,53.935127
1.97,3,53.936133
3.94,6,53.938018
13.91,9,53.940791
1.97,3,53.941976
3.95,5,53.943837
1.95,5,53.945437
3.91,9,53.948362
5.92,8,53.95084
1.97,3,53.951905
5.93,7,53.95448
1.97,3,53.955599
3.91,9,53.958427
1.97,3,53.959477
3.91,9,53.962557
13.91,9,53.965428
3.95,5,53.967211
3.95,5,53.968891
1.93,7,53.971321
13.89,11,53.974759
1.97,3,54.044773
1.95,5,54.046456
1.94,6,54.048314
5.93,7,54.050434
1.96,4,54.051679
1.97,3,54.052632
3.93,7,54.055247
1.97,3,54.056314
1.94,6,54.058466
5.89,11,54.061948
3.95,5,54.063593
1.97,3,54.064603
1.97,3,54.065603
5.93,7,54.067982
1.93,7,54.070205
5.9,10,54.073241
1.97,3,54.074215
5.93,7,54.076666
5.89,11,54.080369
13.89,11,54.083709
1.93,7,54.085812
1.94,6,54.157395
1.95,5,54.159149
1.97,3,54.160378
1.97,3,54.161452
3.94,6,54.163378
5.91,9,54.166614
5.93,7,54.16919
1.97,3,54.170219
1.97,3,54.171226
3.95,5,54.172846
1.97,3,54.173847
1.97,3,54.174849
1.97,3,54.175936
13.87,13,54.18015
1.97,3,54.181242
1.93,7,54.183488
1.92,8,54.186398
3.9,10,54.189533
1.94,6,54.191398
3.95,5,54.193043
1.95,5,54.194615
5.93,7,54.196794
1.93,7,54.278357
5.89,11,54.281854
3.91,9,54.285077
1.97,3,54.286165
5.93,7,54.288756
3.91,9,54.291906
1.96,4,54.293229
5.93,7,54.29538
3.95,5,54.297019
1.94,6,54.299244
3.95,5,54.300974
1.97,3,54.302033
1.97,3,54.303048
1.97,3,54.304051
1.97,3,54.305041
1.97,3,54.30604
3.93,7,54.308225
5.9,10,54.311415
5.92,8,54.313902
5.92,8,54.316358
3.95,5,54.318113
3.93,7,54.320318
1.97,3,54.389632
1.97,3,54.390698
1.96,4,54.391973
1.92,8,54.394372
1.94,6,54.396193
3.94,6,54.398297
1.97,3,54.399508
5.93,7,54.402039
-0.05,5,54.403646
1.97,3,54.404636
3.95,5,54.40622
3.95,5,54.407785
13.91,9,54.410873
1.97,3,54.411917
1.93,7,54.414083
1.94,6,54.41596
3.95,5,54.417545
1.97,3,54.418873
1.97,3,54.420174
13.91,9,54.422986
1.97,3,54.423974
3.92,8,54.426509
5.92,8,54.429005
3.94,6,54.430876
1.94,6,54.495952
1.97,3,54.497001
1.95,5,54.498553
1.94,6,54.500402
3.95,5,54.501961
5.93,7,54.504719
1.97,3,54.505908
3.91,9,54.508885
3.9,10,54.512308
3.95,5,54.514352
3.92,8,54.517167
1.97,3,54.518276
13.9,10,54.521373
1.96,4,54.522668
5.93,7,54.525111
1.95,5,54.52687
3.94,6,54.528786
1.95,5,54.530375
1.96,4,54.531654
1.93,7,54.534107
3.95,5,54.535699
1.94,6,54.602617
1.97,3,54.603745
3.95,5,54.605326
5.89,11,54.608606
1.94,6,54.610425
5.9,10,54.613867
-0.05,5,54.615527
1.97,3,54.616524
5.89,11,54.620439
5.92,8,54.623246
1.97,3,54.624264
1.96,4,54.62561
1.96,4,54.626903
1.97,3,54.627875
1.93,7,54.630132
3.95,5,54.631725
13.91,9,54.634675
3.91,9,54.637408
5.93,7,54.639564
1.97,3,54.640533
1.97,3,54.641501
1.93,7,54.643648
3.95,5,54.71469
3.91,9,54.717713
5.93,7,54.719981
3.92,8,54.722593
3.95,5,54.724213
3.95,5,54.725892
1.95,5,54.727495
1.94,6,54.729397
13.91,9,54.732191
3.95,5,54.733829
1.95,5,54.7356
1.97,3,54.736611
-0.03,3,54.737593
1.97,3,54.738574
1.97,3,54.739548
1.97,3,54.740645
3.94,6,54.742854
3.95,5,54.744586
1.94,6,54.746506
13.91,9,54.749311
3.91,9,54.752534
3.94,6,54.754466
1.93,7,54.820134
13.91,9,54.823061
13.87,13,54.828046
1.94,6,54.830131
3.95,5,54.83175
1.93,7,54.833992
3.93,7,54.83628
5.88,12,54.840265
5.9,10,54.843474
1.94,6,54.84541
3.9,10,54.848479
1.96,4,54.849779
1.95,5,54.851621
5.89,11,54.855036
5.91,9,54.857787
3.9,10,54.861061
1.93,7,54.9372
1.94,6,54.939153
1.97,3,54.940145
1.95,5,54.941754
1.97,3,54.943042
1.97,3,54.944172
3.95,5,54.946053
5.93,7,54.948391
3.91,9,54.951354
5.92,8,54.953883
1.97,3,54.955102
1.97,3,54.956159
1.97,3,54.957512
1.96,4,54.958896
1.96,4,54.960193
3.93,7,54.962382
1.95,5,54.96397
5.91,9,54.967188
3.92,8,54.969771
3.92,8,54.972383
1.97,3,54.973379
3.93,7,54.975542
1.97,3,54.976526
1.95,5,54.978087
13.91,9,55.042812
1.96,4,55.044214
3.95,5,55.045817
1.97,3,55.046816
3.95,5,55.048435
1.92,8,55.051347
1.95,5,55.053011
5.9,10,55.056077
5.89,11,55.05946
3.95,5,55.061313
1.92,8,55.063811
1.97,3,55.064802
1.95,5,55.066407
1.93,7,55.068609
1.97,3,55.069618
5.92,8,55.072084
1.93,7,55.074249
3.94,6,55.076462
5.91,9,55.079343
3.95,5,55.080962
3.95,5,55.152043
3.93,7,55.15431
1.94,6,55.156149
1.95,5,55.157756
1.93,7,55.159856
1.97,3,55.161388
1.93,7,55.163783
3.95,5,55.165416
3.94,6,55.167486
1.93,7,55.169777
5.93,7,55.171955
5.91,9,55.174694
5.9,10,55.177931
1.97,3,55.17897
3.95,5,55.18055
1.97,3,55.181553
1.97,3,55.182595
1.92,8,55.185049
1.94,6,55.18739
3.95,5,55.189045
1.97,3,55.190055
1.96,4,55.191342
1.96,4,55.192904
3.91,9,55.261755
5.92,8,55.264287
3.95,5,55.265864
3.95,5,55.267581
5.9,10,55.270761
5.89,11,55.274163
1.97,3,55.275145
5.93,7,55.277561
1.97,3,55.278601
1.97,3,55.279629
13.9,10,55.282755
13.9,10,55.28672
1.95,5,55.288358
13.89,11,55.291819
5.93,7,55.294226
5.9,10,55.297425
1.93,7,55.299616
1.97,3,55.300686
1.94,6,55.372027
3.95,5,55.37375
5.92,8,55.376471
3.95,5,55.378089
1.96,4,55.379421
5.92,8,55.382167
3.95,5,55.383861
1.97,3,55.384924
1.97,3,55.385922
3.95,5,55.387497
1.95,5,55.389044
5.93,7,55.391172
3.93,7,55.393426
3.95,5,55.395076
1.91,9,55.397822
1.97,3,55.398793
1.96,4,55.400112
3.94,6,55.402034
1.96,4,55.403293
13.91,9,55.406013
1.95,5,55.407561
1.97,3,55.408552
1.95,5,55.410998
1.97,3,55.412168
3.95,5,55.413764
3.95,5,55.492016
3.95,5,55.494
1.93,7,55.496624
5.93,7,55.498853
3.95,5,55.500792
1.97,3,55.501925
1.97,3,55.502963
1.93,7,55.505165
1.97,3,55.506153
1.97,3,55.507143
3.95,5,55.508719
1.94,6,55.510787
13.91,9,55.513627
3.92,8,55.516072
3.94,6,55.518135
1.96,4,55.51949
1.97,3,55.520503
3.93,7,55.52283
1.97,3,55.523821
1.97,3,55.524862
1.96,4,55.526384
5.92,8,55.528912
3.92,8,55.53151
1.93,7,55.595013
3.95,5,55.596794
3.9,10,55.599898
1.94,6,55.601779
3.93,7,55.603946
1.94,6,55.606332
1.97,3,55.607377
13.88,12,55.611609
3.95,5,55.613223
1.94,6,55.615281
1.97,3,55.616332
1.97,3,55.617544
1.95,5,55.619275
-0.03,3,55.620306
3.95,5,55.621921
1.92,8,55.624734
1.96,4,55.626264
1.93,7,55.628501
3.95,5,55.630099
1.97,3,55.631083
5.88,12,55.635134
3.93,7,55.637397
3.9,10,55.716442
3.92,8,55.718909
1.97,3,55.719868
1.97,3,55.720827
3.92,8,55.723471
1.97,3,55.724687
5.93,7,55.72714
3.95,5,55.728785
5.93,7,55.731005
5.92,8,55.733509
1.97,3,55.734553
3.92,8,55.737042
1.94,6,55.73895
3.93,7,55.741453
13.91,9,55.744771
3.92,8,55.747387
1.96,4,55.748732
1.94,6,55.75078
1.97,3,55.751831
3.95,5,55.753446
1.95,5,55.755805
1.97,3,55.756855
5.9,10,55.823488
3.91,9,55.82688
5.93,7,55.829195
1.95,5,55.831272
1.97,3,55.832373
1.94,6,55.834288
5.92,8,55.836751
1.97,3,55.837782
5.9,10,55.841114
5.91,9,55.844058
3.91,9,55.846879
3.95,5,55.848458
1.97,3,55.849445
13.91,9,55.852642
5.93,7,55.854998
13.88,12,55.858746
1.97,3,55.859849
1.96,4,55.861185
1.97,3,55.862178
5.91,9,55.934666
1.95,5,55.936327
3.92,8,55.938805
1.97,3,55.939788
1.94,6,55.941671
3.95,5,55.943715
1.97,3,55.944858
3.95,5,55.94652
3.95,5,55.948102
1.97,3,55.949081
1.97,3,55.950077
1.95,5,55.951896
13.9,10,55.955466
1.97,3,55.956531
5.88,12,55.960523
3.91,9,55.963383
1.96,4,55.964699
1.97,3,55.965693
1.97,3,55.966683
3.95,5,55.968787
1.97,3,55.969876
13.91,9,55.972658
5.93,7,55.974847
3.94,6,56.052876
1.97,3,56.053984
1.97,3,56.054994
3.91,9,56.057757
1.94,6,56.059959
3.95,5,56.061752
1.97,3,56.062811
1.95,5,56.064405
5.89,11,56.067978
3.92,8,56.070577
1.97,3,56.071598
1.93,7,56.073835
1.97,3,56.074856
1.97,3,56.076056
1.95,5,56.077715
3.95,5,56.079324
3.95,5,56.080889
1.95,5,56.082457
1.96,4,56.083786
1.96,4,56.085033
3.95,5,56.087043
5.91,9,56.089935
3.95,5,56.091788
3.95,5,56.093642
3.95,5,56.09527
3.93,7,56.169911
3.95,5,56.171718
3.9,10,56.174966
1.97,3,56.176068
5.93,7,56.178569
13.9,10,56.181768
1.97,3,56.182778
3.94,6,56.184651
5.93,7,56.187079
5.92,8,56.189837
3.91,9,56.192842
3.95,5,56.19448
5.93,7,56.196696
5.93,7,56.199069
13.91,9,56.202238
1.92,8,56.204768
1.97,3,56.205775
1.94,6,56.208055
1.93,7,56.210582
5.91,9,56.279455
1.95,5,56.28141
1.97,3,56.282716
3.95,5,56.28452
1.96,4,56.285867
1.92,8,56.289151
5.93,7,56.291425
1.94,6,56.293363
1.95,5,56.294959
3.91,9,56.298302
1.93,7,56.300675
3.93,7,56.302937
5.9,10,56.306267
1.94,6,56.308542
1.97,3,56.30975
1.97,3,56.310761
1.97,3,56.311772
1.95,5,56.313438
1.93,7,56.315608
3.91,9,56.318864
1.94,6,56.320858
1.97,3,56.390858
-0.06,6,56.393074
3.95,5,56.394755
1.93,7,56.39696
13.91,9,56.399801
13.88,12,56.403791
5.93,7,56.406035
1.96,4,56.407351
3.95,5,56.409244
5.89,11,56.413144
1.93,7,56.41539
3.93,7,56.417579
3.95,5,56.419123
3.95,5,56.421114
5.92,8,56.423751
3.93,7,56.426116
5.91,9,56.428919
1.95,5,56.430798
1.97,3,56.431798
3.93,7,56.507816
1.94,6,56.509853
5.93,7,56.512052
1.93,7,56.514222
3.95,5,56.515795
3.95,5,56.51788
3.91,9,56.520788
13.91,9,56.523569
13.91,9,56.526355
3.95,5,56.527915
3.95,5,56.529486
5.91,9,56.532527
1.97,3,56.533524
1.96,4,56.535008
-0.06,6,56.537264
1.96,4,56.538597
3.95,5,56.540498
1.93,7,56.542867
1.94,6,56.54476
1.97,3,56.54573
3.92,8,56.548153
5.9,10,56.612305
1.97,3,56.613361
3.93,7,56.615545
1.94,6,56.617507
1.97,3,56.618716
3.94,6,56.621058
13.88,12,56.624725
3.95,5,56.626333
1.96,4,56.627615
1.97,3,56.628593
1.97,3,56.629559
5.93,7,56.632193
3.91,9,56.635235
5.9,10,56.638331
5.92,8,56.640799
3.95,5,56.642554
1.96,4,56.643887
13.91,9,56.646662
1.95,5,56.648231
1.94,6,56.65007
3.94,6,56.651925
1.94,6,56.725679
1.93,7,56.728005
1.97,3,56.729023
1.96,4,56.730342
3.93,7,56.732543
1.93,7,56.734755
3.9,10,56.737858
3.91,9,56.740854
3.93,7,56.743438
5.89,11,56.746966
3.91,9,56.749918
3.95,5,56.751988
1.97,3,56.753021
1.95,5,56.754627
1.94,6,56.756509
3.94,6,56.758436
5.92,8,56.761267
1.97,3,56.762323
5.89,11,56.765715
1.97,3,56.834136
3.95,5,56.835891
1.97,3,56.836875
3.92,8,56.839302
1.97,3,56.840275
1.97,3,56.84124
1.97,3,56.842198
1.93,7,56.844778
5.89,11,56.848238
3.93,7,56.850723
1.95,5,56.852438
3.9,10,56.855492
1.94,6,56.857351
1.93,7,56.859557
1.95,5,56.861143
3.91,9,56.863908
1.97,3,56.864913
13.86,14,56.869924
1.93,7,56.872219
1.93,7,56.874443
3.9,10,56.961569
3.95,5,56.963259
13.91,9,56.966058
5.92,8,56.968491
1.96,4,56.970235
3.95,5,56.971945
13.87,13,56.976012
3.9,10,56.979174
1.93,7,56.981427
3.95,5,56.983012
1.97,3,56.984119
1.97,3,56.985267
1.97,3,56.986314
13.87,13,56.990365
1.97,3,56.991355
1.92,8,56.994301
1.97,3,56.995331
3.91,9,56.998088
3.95,5,56.999672
3.9,10,57.078947
3.92,8,57.081555
3.92,8,57.084046
3.95,5,57.085614
1.94,6,57.087854
3.93,7,57.090179
1.93,7,57.092467
1.93,7,57.094913
5.88,12,57.098797
1.94,6,57.100842
3.94,6,57.102825
5.91,9,57.105631
1.97,3,57.106631
1.97,3,57.107628
1.97,3,57.108629
3.94,6,57.110581
5.93,7,57.112749
1.97,3,57.113728
1.97,3,57.114718
3.9,10,57.118076
5.89,11,57.193416
3.93,7,57.195677
3.92,8,57.19813
3.92,8,57.200679
3.95,5,57.20254
3.91,9,57.205263
1.96,4,57.206513
3.92,8,57.208915
3.95,5,57.210476
1.97,3,57.211844
1.92,8,57.21436
3.93,7,57.216537
5.92,8,57.219286
1.97,3,57.220319
1.93,7,57.222551
3.94,6,57.224467
1.97,3,57.225552
3.95,5,57.227395
5.93,7,57.229628
1.96,4,57.230916
5.93,7,57.233069
1.95,5,57.294007
1.97,3,57.29508
3.93,7,57.297261
5.93,7,57.299428
13.86,14,57.303795
5.9,10,57.306817
3.92,8,57.309558
3.93,7,57.311893
5.93,7,57.314097
5.9,10,57.317162
1.97,3,57.318152
-0.04,4,57.319641
3.9,10,57.322905
3.92,8,57.325623
1.97,3,57.326614
1.96,4,57.328012
1.97,3,57.329294
1.95,5,57.331083
3.91,9,57.333947
3.92,8,57.418819
1.94,6,57.420786
5.93,7,57.423003
1.97,3,57.424005
1.94,6,57.426229
1.97,3,57.427356
1.95,5,57.428977
1.97,3,57.429967
3.95,5,57.431562
5.9,10,57.434686
3.95,5,57.436253
3.91,9,57.438991
3.92,8,57.441443
1.92,8,57.443992
1.93,7,57.446132
3.93,7,57.448286
1.92,8,57.451047
1.94,6,57.453248
3.92,8,57.455736
1.94,6,57.457597
3.92,8,57.523597
5.9,10,57.527076
1.95,5,57.528759
3.93,7,57.531161
1.97,3,57.532223
1.97,3,57.533221
1.92,8,57.536012
5.89,11,57.539467
1.97,3,57.540464
1.97,3,57.541843
5.9,10,57.545138
1.94,6,57.547034
13.91,9,57.549808
1.97,3,57.550951
3.9,10,57.554187
1.97,3,57.555317
1.94,6,57.557261
1.95,5,57.558857
1.97,3,57.559836
3.91,9,57.562811
3.95,5,57.633881
1.95,5,57.635835
1.97,3,57.637068
1.97,3,57.638085
13.91,9,57.640875
1.97,3,57.641859
1.97,3,57.642944
3.94,6,57.645064
3.91,9,57.647851
3.92,8,57.65032
1.95,5,57.651995
13.9,10,57.655107
1.95,5,57.656663
1.97,3,57.657632
1.94,6,57.659943
1.93,7,57.66227
1.93,7,57.664748
3.93,7,57.666957
1.95,5,57.668675
3.94,6,57.670566
1.96,4,57.67184
1.95,5,57.673701
1.92,8,57.676522
1.97,3,57.741603
3.9,10,57.74498
1.97,3,57.74602
3.91,9,57.748789
5.92,8,57.751757
1.97,3,57.752827
1.91,9,57.75558
5.92,8,57.758044
1.93,7,57.760298
1.93,7,57.762468
1.97,3,57.76344
1.94,6,57.765303
5.91,9,57.768004
5.92,8,57.770439
3.94,6,57.772286
1.97,3,57.773253
5.93,7,57.775401
3.92,8,57.777823
1.95,5,57.779374
3.95,5,57.780922
5.9,10,57.847879
3.95,5,57.84953
1.96,4,57.850967
5.93,7,57.853161
1.96,4,57.854424
5.93,7,57.856583
3.9,10,57.859601
3.94,6,57.861438
1.95,5,57.863002
3.93,7,57.865129
1.94,6,57.866986
3.95,5,57.868533
3.93,7,57.870668
3.89,11,57.874401
3.93,7,57.876692
13.89,11,57.879974
1.96,4,57.881221
1.91,9,57.884269
1.95,5,57.953121
1.97,3,57.954277
1.95,5,57.955909
1.95,5,57.957519
3.91,9,57.960296
3.9,10,57.963844
1.97,3,57.964944
3.95,5,57.966552
1.97,3,57.967669
1.95,5,57.96933
3.91,9,57.972101
1.95,5,57.973669
1.91,9,57.976492
3.95,5,57.978065
1.93,7,57.98036
1.96,4,57.981631
3.91,9,57.984368
5.93,7,57.986516
1.93,7,57.988629
5.93,7,57.990774
1.95,5,57.992313
1.92,8,58.058367
3.95,5,58.060047
1.94,6,58.06192
1.94,6,58.063782
3.92,8,58.066214
3.92,8,58.069041
1.97,3,58.070106
1.93,7,58.072287
1.97,3,58.073269
3.91,9,58.075984
13.85,15,58.080725
3.89,11,58.084047
3.94,6,58.085925
5.88,12,58.089525
1.92,8,58.092512
3.89,11,58.096094
5.93,7,58.098291
5.89,11,58.185282
3.9,10,58.188343
1.91,9,58.191012
5.89,11,58.194871
5.93,7,58.197111
1.96,4,58.198392
13.9,10,58.201422
1.92,8,58.203842
3.9,10,58.207157
5.93,7,58.209427
1.97,3,58.210451
3.95,5,58.212049
3.95,5,58.21364
3.94,6,58.215514
3.95,5,58.21759
3.91,9,58.220408
1.94,6,58.22226
5.91,9,58.3073
1.97,3,58.308371
1.96,4,58.309632
5.92,8,58.312036
1.93,7,58.31414
3.9,10,58.317783
1.95,5,58.319499
1.97,3,58.320511
3.95,5,58.322087
3.93,7,58.32424
3.91,9,58.327451
5.93,7,58.329685
3.94,6,58.331573
3.9,10,58.334636
3.95,5,58.336609
13.87,13,58.340789
1.97,3,58.341808
1.97,3,58.342797
3.94,6,58.344671
1.95,5,58.346541
5.89,11,58.423923
1.97,3,58.424988
5.91,9,58.428119
3.92,8,58.430837
1.97,3,58.431881
1.94,6,58.433764
-0.05,5,58.435362
5.93,7,58.437541
1.95,5,58.4394
1.97,3,58.440522
1.95,5,58.442645
1.97,3,58.443663
1.95,5,58.445255
3.92,8,58.447727
1.91,9,58.450638
1.96,4,58.452534
1.97,3,58.45364
1.95,5,58.455273
3.92,8,58.457773
1.95,5,58.459375
1.92,8,58.462261
3.9,10,58.526659
-0.06,6,58.52871
1.97,3,58.529741
1.97,3,58.530867
3.92,8,58.533385
1.93,7,58.536347
3.91,9,58.53923
1.93,7,58.541437
1.96,4,58.542815
1.93,7,58.545007
3.95,5,58.546596
13.9,10,58.549666
1.95,5,58.55138
1.93,7,58.553537
3.95,5,58.555112
13.9,10,58.558119
-0.06,6,58.560085
3.95,5,58.561663
3.93,7,58.56381
1.94,6,58.565638
5.87,13,58.634291
3.92,8,58.636766
1.95,5,58.638304
3.95,5,58.639846
1.97,3,58.640803
1.92,8,58.643682
3.93,7,58.645954
1.96,4,58.647237
1.93,7,58.649375
1.97,3,58.65035
1.94,6,58.652206
1.95,5,58.653782
1.95,5,58.65535
1.97,3,58.656319
3.93,7,58.658452
1.97,3,58.65942
13.89,11,58.66272
3.95,5,58.664785
1.92,8,58.667386
3.95,5,58.669021
1.93,7,58.671199
1.94,6,58.74258
1.92,8,58.745163
5.88,12,58.748801
3.94,6,58.750677
5.92,8,58.753658
3.93,7,58.755934
1.96,4,58.757255
1.96,4,58.758546
13.87,13,58.762832
1.97,3,58.763865
1.97,3,58.764881
13.9,10,58.767984
5.89,11,58.771369
5.93,7,58.773569
3.95,5,58.775158
3.93,7,58.777349
5.87,13,58.781323
1.91,9,58.859914
3.95,5,58.86162
3.95,5,58.863233
1.93,7,58.865398
1.97,3,58.866381
5.92,8,58.869392
5.93,7,58.871725
3.95,5,58.875153
5.89,11,58.887474
1.97,3,58.88861
3.95,5,58.89397
1.96,4,58.895363
1.96,4,58.896854
3.94,6,58.899204
5.91,9,58.902211
3.91,9,58.905035
13.85,15,58.909588
5.92,8,58.912122
1.94,6,58.914036
1.95,5,58.915628
1.97,3,59.002289
1.97,3,59.003404
3.92,8,59.00596
1.96,4,59.007325
3.95,5,59.009261
3.95,5,59.01124
1.92,8,59.01391
5.93,7,59.016102
1.96,4,59.017565
3.91,9,59.020872
13.86,14,59.025139
5.88,12,59.029098
1.94,6,59.031377
1.93,7,59.033871
1.96,4,59.03546
3.92,8,59.037961
5.92,8,59.040446
5.93,7,59.043142
3.95,5,59.044814
1.94,6,59.127459
1.97,3,59.128553
1.97,3,59.129547
1.93,7,59.131982
3.9,10,59.1356
3.95,5,59.137209
3.89,11,59.141512
1.97,3,59.142577
1.93,7,59.144743
1.94,6,59.146991
1.94,6,59.148964
1.92,8,59.151406
1.94,6,59.153268
3.94,6,59.155121
1.95,5,59.156932
5.89,11,59.160746
3.95,5,59.162389
3.91,9,59.165136
1.97,3,59.166552
1.97,3,59.167788
1.92,8,59.239266
5.9,10,59.242436
1.94,6,59.244471
5.93,7,59.246697
3.89,11,59.250589
1.94,6,59.252594
1.97,3,59.253589
3.95,5,59.255151
1.97,3,59.256117
1.97,3,59.25708
5.91,9,59.260273
1.95,5,59.261836
1.94,6,59.263679
1.97,3,59.264646
1.93,7,59.266779
1.97,3,59.26774
1.93,7,59.270189
1.92,8,59.272727
1.94,6,59.274654
1.97,3,59.275693
1.97,3,59.27755
1.97,3,59.278983
3.91,9,59.281909
5.89,11,59.354499
3.89,11,59.357911
3.91,9,59.360663
1.97,3,59.361645
1.92,8,59.364519
3.92,8,59.367079
1.93,7,59.369248
3.93,7,59.371433
3.95,5,59.373383
1.97,3,59.374898
3.9,10,59.378329
3.92,8,59.380858
1.96,4,59.382152
1.97,3,59.383464
1.96,4,59.38504
3.94,6,59.387113
1.95,5,59.388806
3.89,11,59.392557
3.91,9,59.464377
3.92,8,59.466869
1.95,5,59.468413
1.94,6,59.470242
1.94,6,59.472064
3.92,8,59.475059
1.95,5,59.476713
1.92,8,59.479193
1.95,5,59.480756
1.95,5,59.482305
3.93,7,59.484462
1.97,3,59.485455
1.96,4,59.48674
1.94,6,59.488571
1.97,3,59.489557
3.92,8,59.491964
1.91,9,59.494696
1.94,6,59.496533
5.93,7,59.499029
3.89,11,59.502577
1.95,5,59.5737
1.92,8,59.57637
1.97,3,59.577377
1.95,5,59.57895
1.92,8,59.581428
1.96,4,59.582991
1.93,7,59.585474
5.89,11,59.58887
3.95,5,59.590442
1.91,9,59.593441
3.91,9,59.596361
3.91,9,59.599377
1.94,6,59.601508
1.97,3,59.602523
1.97,3,59.603541
1.95,5,59.605113
1.93,7,59.607256
1.96,4,59.608523
3.92,8,59.611004
1.92,8,59.613451
1.95,5,59.615023
1.92,8,59.686448
5.89,11,59.689875
3.95,5,59.691449
5.89,11,59.694923
1.97,3,59.696156
1.97,3,59.697196
5.93,7,59.699384
1.96,4,59.700676
3.92,8,59.703364
3.95,5,59.705586
1.96,4,59.707003
3.95,5,59.708644
1.93,7,59.711132
3.93,7,59.713316
3.91,9,59.716066
1.97,3,59.717046
3.89,11,59.72053
1.92,8,59.723017
13.86,14,59.795222
5.91,9,59.798065
1.97,3,59.79904
3.94,6,59.801244
-0.06,6,59.803429
5.88,12,59.807135
5.89,11,59.810986
3.92,8,59.813635
1.92,8,59.816139
5.89,11,59.819456
5.9,10,59.822456
5.92,8,59.824874
1.97,3,59.82584
1.97,3,59.826812
5.91,9,59.829505
1.94,6,59.831373
1.95,5,59.833124
3.95,5,59.834739
3.91,9,59.90833
3.92,8,59.910833
13.85,15,59.915752
3.93,7,59.918262
1.97,3,59.919279
1.93,7,59.921767
5.93,7,59.923996
13.91,9,59.927127
3.91,9,59.929898
3.92,8,59.932368
1.97,3,59.933384
5.91,9,59.936198
1.92,8,59.938744
1.92,8,59.9412
3.92,8,59.943724
1.93,7,59.946075
3.91,9,60.027891
5.93,7,60.030178
3.9,10,60.033234
1.97,3,60.03422
3.95,5,60.036143
3.95,5,60.037881
1.93,7,60.040149
3.93,7,60.042524
13.91,9,60.045383
1.97,3,60.046371
1.93,7,60.04851
1.96,4,60.04987
3.93,7,60.052185
3.94,6,60.054064
1.97,3,60.05504
1.97,3,60.056012
1.94,6,60.057873
3.91,9,60.061075
3.92,8,60.063743
5.9,10,60.066875
3.95,5,60.132409
3.95,5,60.134115
1.94,6,60.136016
1.93,7,60.138166
3.95,5,60.139731
3.95,5,60.141565
1.97,3,60.142795
5.93,7,60.145237
1.94,6,60.147186
1.97,3,60.148229
3.9,10,60.151369
3.95,5,60.152954
1.97,3,60.153943
1.95,5,60.155511
13.9,10,60.158566
1.93,7,60.161742
5.91,9,60.16468
1.97,3,60.165685
3.95,5,60.167278
3.94,6,60.169299
3.92,8,60.171948
1.97,3,60.17297
1.96,4,60.17427
3.92,8,60.243023
5.93,7,60.245318
1.97,3,60.246361
1.97,3,60.247354
1.97,3,60.248337
13.91,9,60.251655
1.97,3,60.252691
5.91,9,60.255462
5.93,7,60.257644
1.97,3,60.258628
5.92,8,60.26135
1.94,6,60.263332
5.93,7,60.265521
1.95,5,60.267073
3.91,9,60.270162
1.97,3,60.27119
1.95,5,60.272804
5.93,7,60.27502
3.91,9,60.277791
1.97,3,60.27878
3.93,7,60.280995
1.97,3,60.281979
1.97,3,60.344589
5.89,11,60.348207
3.92,8,60.350689
5.92,8,60.353139
1.97,3,60.354118
1.95,5,60.355667
1.97,3,60.356645
3.9,10,60.359641
1.97,3,60.360614
5.89,11,60.363915
1.97,3,60.364879
1.93,7,60.366999
1.97,3,60.367967
1.95,5,60.36952
1.97,3,60.370481
5.9,10,60.3737
5.91,9,60.376984
1.97,3,60.378002
13.9,10,60.381383
1.96,4,60.382955
3.95,5,60.384903
3.94,6,60.455565
1.93,7,60.45785
3.95,5,60.45948
3.94,6,60.461711
-0.04,4,60.463398
3.92,8,60.466083
1.94,6,60.468187
3.92,8,60.471419
1.97,3,60.472515
1.96,4,60.473816
13.91,9,60.477906
1.97,3,60.479012
3.93,7,60.481347
1.92,8,60.48394
13.91,9,60.487227
1.97,3,60.488361
1.97,3,60.489378
3.95,5,60.490987
1.94,6,60.493291
3.95,5,60.495475
3.95,5,60.497219
1.97,3,60.49822
3.95,5,60.499811
3.95,5,60.563516
13.89,11,60.567015
3.9,10,60.570052
3.95,5,60.571622
1.97,3,60.572933
1.94,6,60.574963
1.94,6,60.577505
1.97,3,60.578577
3.92,8,60.58106
1.97,3,60.582055
5.93,7,60.584822
1.95,5,60.586482
1.93,7,60.588644
1.97,3,60.589621
1.97,3,60.590607
3.9,10,60.593899
1.97,3,60.594908
1.97,3,60.595895
5.93,7,60.598053
1.92,8,60.60048
1.92,8,60.603131
1.94,6,60.605062
1.93,7,60.677842
3.95,5,60.679484
3.95,5,60.681045
1.93,7,60.683177
3.89,11,60.686881
5.9,10,60.690244
1.97,3,60.691319
1.97,3,60.692374
1.95,5,60.693997
3.93,7,60.696203
5.89,11,60.699543
13.87,13,60.704084
5.93,7,60.706427
1.97,3,60.707452
1.96,4,60.70874
3.93,7,60.711314
3.91,9,60.714225
1.97,3,60.715222
1.94,6,60.717102
1.95,5,60.796351
3.95,5,60.798114
5.9,10,60.80144
3.95,5,60.803072
5.92,8,60.805894
5.88,12,60.809679
3.92,8,60.812129
3.94,6,60.814052
1.96,4,60.815514
1.96,4,60.816859
1.94,6,60.818852
5.91,9,60.821776
1.97,3,60.822799
3.95,5,60.824364
3.95,5,60.826087
3.9,10,60.82935
3.93,7,60.831537
1.97,3,60.83252
1.97,3,60.8335
3.95,5,60.835086
1.97,3,60.836428
3.93,7,60.912447
1.94,6,60.91446
1.97,3,60.915458
3.94,6,60.917338
1.94,6,60.919209
5.92,8,60.922082
3.95,5,60.923792
1.96,4,60.925091
3.91,9,60.928053
1.97,3,60.929064
1.97,3,60.930047
3.91,9,60.933006
1.97,3,60.934041
1.93,7,60.936214
3.95,5,60.93779
1.93,7,60.940073
3.93,7,60.942294
1.93,7,60.944652
3.92,8,60.947145
1.96,4,60.948432
1.95,5,60.950116
3.95,5,60.951744
3.94,6,60.953751
1.97,3,61.016699
3.93,7,61.01904
1.93,7,61.021233
1.94,6,61.023104
1.97,3,61.024084
1.96,4,61.025521
3.91,9,61.028732
1.96,4,61.030095
13.91,9,61.032884
3.95,5,61.034598
1.97,3,61.036007
1.97,3,61.037048
1.97,3,61.038053
1.93,7,61.04023
13.9,10,61.043369
3.94,6,61.045271
1.94,6,61.047112
13.91,9,61.049937
1.93,7,61.052342
3.95,5,61.054031
1.92,8,61.056547
13.91,9,61.124573
1.97,3,61.125634
3.94,6,61.12755
13.91,9,61.130303
1.96,4,61.131579
1.97,3,61.132922
5.9,10,61.136493
5.93,7,61.138699
1.95,5,61.140426
3.9,10,61.14364
1.92,8,61.146135
1.95,5,61.1477
5.93,7,61.149837
3.95,5,61.15144
1.96,4,61.152718
1.97,3,61.153691
1.95,5,61.155242
1.97,3,61.15621
1.95,5,61.157759
1.93,7,61.160542
3.95,5,61.162215
5.91,9,61.164959
1.97,3,61.2311
3.95,5,61.23311
1.97,3,61.234199
3.91,9,61.237018
1.97,3,61.238024
1.95,5,61.239987
1.93,7,61.242521
5.92,8,61.245249
3.9,10,61.248301
1.92,8,61.251193
5.92,8,61.25371
1.95,5,61.255306
3.95,5,61.256936
5.88,12,61.260994
1.93,7,61.263285
1.92,8,61.265752
3.93,7,61.267936
13.91,9,61.270707
1.92,8,61.347726
1.97,3,61.348864
1.97,3,61.349879
1.97,3,61.350884
5.87,13,61.354839
1.97,3,61.355826
1.97,3,61.357222
1.92,8,61.360049
1.94,6,61.361991
1.93,7,61.364186
1.94,6,61.366064
5.93,7,61.368497
1.95,5,61.370101
1.93,7,61.372259
1.94,6,61.374139
1.96,4,61.375407
1.95,5,61.3774
1.92,8,61.379977
3.9,10,61.383048
1.97,3,61.384177
1.91,9,61.387167
1.95,5,61.388789
1.97,3,61.47084
1.95,5,61.472556
3.95,5,61.474155
1.97,3,61.475143
3.92,8,61.477552
1.94,6,61.479384
3.91,9,61.482658
1.97,3,61.483736
1.92,8,61.486456
1.95,5,61.488083
3.95,5,61.489672
3.89,11,61.493255
3.95,5,61.494983
5.9,10,61.498148
5.87,13,61.502493
5.91,9,61.5054
1.97,3,61.506451
1.93,7,61.508663
3.95,5,61.510473
1.93,7,61.512664
1.94,6,61.593654
5.87,13,61.597788
1.96,4,61.599085
3.9,10,61.602434
5.92,8,61.604947
3.92,8,61.607395
3.94,6,61.609566
1.95,5,61.611444
1.96,4,61.612823
1.95,5,61.614406
1.97,3,61.615461
3.93,7,61.617904
1.97,3,61.61894
1.95,5,61.620551
1.97,3,61.621932
1.97,3,61.623041
1.97,3,61.624045
1.93,7,61.626212
3.91,9,61.628973
5.92,8,61.631812
1.97,3,61.632946
1.92,8,61.709608
1.92,8,61.712139
5.93,7,61.714294
1.94,6,61.716118
1.94,6,61.718182
1.97,3,61.719403
1.94,6,61.721343
1.97,3,61.722347
5.92,8,61.724804
5.93,7,61.727278
1.97,3,61.728341
3.9,10,61.73148
1.95,5,61.733079
1.93,7,61.73527
1.97,3,61.736261
13.9,10,61.739338
3.93,7,61.741554
5.93,7,61.743726
-0.06,6,61.745586
3.93,7,61.74776
1.97,3,61.749034
3.95,5,61.817166
3.95,5,61.819152
3.93,7,61.821568
3.92,8,61.824163
3.93,7,61.827302
1.97,3,61.828426
3.94,6,61.830339
5.92,8,61.832799
1.94,6,61.834648
1.97,3,61.835622
1.97,3,61.836972
1.92,8,61.839798
1.93,7,61.842362
3.93,7,61.844806
1.97,3,61.845823
3.95,5,61.847734
1.95,5,61.849536
5.93,7,61.851897
3.95,5,61.85364
5.89,11,61.857191
1.96,4,61.858528
1.97,3,61.859611
1.97,3,61.8607
3.92,8,61.95293
1.97,3,61.954029
3.93,7,61.956318
3.93,7,61.958638
1.95,5,61.960734
3.93,7,61.963592
1.97,3,61.964694
1.94,6,61.9666
3.92,8,61.969094
1.93,7,61.971944
1.97,3,61.973218
1.97,3,61.974379
1.95,5,61.976247
3.92,8,61.978773
3.92,8,61.981243
3.95,5,61.983131
3.91,9,61.986285
5.9,10,61.989353
13.88,12,61.993291
3.91,9,62.068138
1.97,3,62.069233
1.97,3,62.070236
1.92,8,62.072693
1.94,6,62.074545
1.93,7,62.077494
3.9,10,62.080693
1.95,5,62.082282
1.97,3,62.08325
1.97,3,62.084212
5.91,9,62.087143
5.93,7,62.089456
3.95,5,62.091188
3.95,5,62.093034
5.9,10,62.096127
1.97,3,62.09727
1.93,7,62.09949
1.95,5,62.101308
1.95,5,62.102938
1.92,8,62.105384
3.95,5,62.106965
5.91,9,62.17489
1.96,4,62.176366
3.91,9,62.179174
1.96,4,62.180464
1.95,5,62.182032
3.95,5,62.183593
1.94,6,62.186024
1.96,4,62.187547
3.92,8,62.19004
1.93,7,62.192186
3.95,5,62.193783
1.97,3,62.195038
3.95,5,62.196677
1.97,3,62.197683
3.9,10,62.200986
5.88,12,62.205057
3.93,7,62.207342
5.93,7,62.209653
1.91,9,62.212428
5.9,10,62.21566
3.95,5,62.288435
3.95,5,62.290832
3.91,9,62.293716
1.94,6,62.295624
5.93,7,62.298202
5.91,9,62.301556
1.97,3,62.302871
3.95,5,62.30469
5.9,10,62.307964
1.95,5,62.309806
1.97,3,62.310825
3.91,9,62.313609
1.94,6,62.315504
1.97,3,62.316503
3.94,6,62.318764
3.95,5,62.320644
3.91,9,62.323738
1.97,3,62.324774
1.97,3,62.325934
3.91,9,62.329034
1.95,5,62.330809
3.95,5,62.33244
1.93,7,62.40007
-0.06,6,62.402039
1.97,3,62.403038
3.9,10,62.406122
1.95,5,62.407879
1.97,3,62.409301
5.88,12,62.413138
3.95,5,62.414731
1.93,7,62.416885
3.95,5,62.418894
1.96,4,62.4205
1.97,3,62.421553
1.97,3,62.42256
3.95,5,62.424162
1.92,8,62.426617
5.91,9,62.429593
3.91,9,62.432415
3.92,8,62.435096
13.88,12,62.438818
5.91,9,62.514606
1.95,5,62.516365
3.95,5,62.51799
1.96,4,62.519282
3.95,5,62.520866
3.95,5,62.522468
3.93,7,62.52508
3.93,7,62.527489
3.93,7,62.529715
1.97,3,62.530772
3.93,7,62.533328
3.94,6,62.53599
1.97,3,62.53706
3.93,7,62.539323
3.93,7,62.541884
3.94,6,62.544236
1.97,3,62.545317
1.97,3,62.546322
3.94,6,62.548194
1.97,3,62.549177
1.97,3,62.550318
1.96,4,62.551666
1.97,3,62.552669
3.95,5,62.554243
3.94,6,62.556104
3.94,6,62.610762
1.93,7,62.613081
3.91,9,62.615789
1.97,3,62.616767
1.94,6,62.618601
1.94,6,62.621093
1.97,3,62.622529
3.95,5,62.624615
3.95,5,62.62624
3.92,8,62.6287
1.94,6,62.63054
1.94,6,62.632924
3.91,9,62.636052
1.92,8,62.63844
3.95,5,62.639964
1.96,4,62.641202
1.95,5,62.643113
3.94,6,62.645067
3.93,7,62.64726
1.96,4,62.648562
3.95,5,62.650263
3.91,9,62.653195
3.9,10,62.718608
13.87,13,62.72261
1.97,3,62.723601
3.93,7,62.72624
3.9,10,62.72953
13.87,13,62.73355
3.9,10,62.73684
1.94,6,62.738727
5.92,8,62.741266
5.92,8,62.744286
1.92,8,62.746828
1.96,4,62.748124
1.97,3,62.749115
3.95,5,62.751223
1.92,8,62.753778
1.93,7,62.755941
1.97,3,62.756931
1.96,4,62.833126
3.95,5,62.835138
1.95,5,62.836771
1.94,6,62.838666
3.95,5,62.840246
3.93,7,62.842622
1.97,3,62.843629
1.96,4,62.844926
1.97,3,62.845909
5.91,9,62.848654
13.9,10,62.851705
1.93,7,62.854294
1.97,3,62.855373
1.95,5,62.856985
3.94,6,62.858921
1.97,3,62.860047
1.96,4,62.861462
3.92,8,62.864006
3.91,9,62.866791
5.9,10,62.8703
1.93,7,62.872651
-0.04,4,62.874124
3.91,9,62.941863
3.92,8,62.944578
1.91,9,62.947433
3.95,5,62.949025
3.95,5,62.9509
3.95,5,62.952777
3.94,6,62.954679
1.97,3,62.955666
1.94,6,62.957545
3.89,11,62.961211
1.92,8,62.963744
5.93,7,62.965905
13.87,13,62.970209
1.94,6,62.972099
3.95,5,62.973676
1.97,3,62.974653
3.91,9,62.977459
5.91,9,62.98024
1.97,3,62.981219
1.97,3,63.057162
3.95,5,63.058886
3.95,5,63.060454
3.95,5,63.062005
1.94,6,63.063861
1.97,3,63.064829
1.96,4,63.066317
1.97,3,63.067822
1.96,4,63.069202
3.93,7,63.071403
3.91,9,63.074218
5.87,13,63.079028
1.97,3,63.080179
5.93,7,63.08252
3.92,8,63.085161
3.95,5,63.086762
1.94,6,63.088631
3.92,8,63.091081
1.97,3,63.092105
13.88,12,63.095986
1.96,4,63.097299
13.88,12,63.177433
3.91,9,63.180249
1.97,3,63.181221
3.95,5,63.182773
3.91,9,63.185889
1.97,3,63.187197
13.91,9,63.190076
1.97,3,63.191077
3.92,8,63.193561
1.94,6,63.195653
1.96,4,63.19703
1.93,7,63.199218
1.93,7,63.201502
1.92,8,63.203963
1.97,3,63.204954
1.94,6,63.207195
5.93,7,63.209687
1.97,3,63.210772
1.94,6,63.212659
1.97,3,63.213644
3.91,9,63.216386
1.97,3,63.217476
3.89,11,63.282151
1.96,4,63.2837
1.97,3,63.285049
5.91,9,63.288075
1.97,3,63.289105
3.93,7,63.291836
3.95,5,63.293525
5.91,9,63.296317
1.95,5,63.297914
1.96,4,63.299192
1.94,6,63.301605
3.95,5,63.303308
3.94,6,63.305241
3.91,9,63.30805
-0.06,6,63.310232
3.94,6,63.312167
3.93,7,63.314359
1.93,7,63.316532
5.89,11,63.320037
5.93,7,63.322364
1.97,3,63.391515
3.93,7,63.394061
1.97,3,63.395108
1.97,3,63.396122
1.97,3,63.397132
3.89,11,63.400697
3.9,10,63.403833
1.93,7,63.405992
3.92,8,63.408436
1.96,4,63.410426
1.97,3,63.411586
3.9,10,63.414727
5.92,8,63.417211
3.94,6,63.419072
1.95,5,63.420987
1.97,3,63.422083
3.91,9,63.424885
5.91,9,63.427967
13.9,10,63.431293
1.95,5,63.432934
5.93,7,63.50413
5.93,7,63.506403
1.97,3,63.507398
1.97,3,63.5084
1.96,4,63.509853
5.91,9,63.512762
3.95,5,63.51439
13.87,13,63.518718
1.93,7,63.52095
13.91,9,63.52374
3.95,5,63.525409
3.94,6,63.527343
1.95,5,63.528942
3.95,5,63.530604
1.94,6,63.53248
1.95,5,63.534304
-0.07,7,63.536803
1.97,3,63.537861
3.94,6,63.539814
5.93,7,63.542439
1.95,5,63.544132
1.97,3,63.623729
3.88,12,63.627817
1.97,3,63.628831
5.91,9,63.631677
1.97,3,63.63269
3.93,7,63.634996
1.95,5,63.636627
1.91,9,63.639373
1.93,7,63.64152
1.95,5,63.643181
1.92,8,63.645625
1.97,3,63.646608
3.95,5,63.648162
5.9,10,63.651324
3.93,7,63.653507
3.95,5,63.655069
3.95,5,63.656619
3.95,5,63.658173
1.96,4,63.660185
5.91,9,63.663263
1.97,3,63.664276
3.92,8,63.740882
13.85,15,63.745496
1.92,8,63.748508
1.94,6,63.750707
1.96,4,63.752019
1.96,4,63.753294
3.89,11,63.756619
1.94,6,63.758462
1.97,3,63.759498
3.9,10,63.76281
1.94,6,63.764739
5.9,10,63.767976
3.91,9,63.770797
3.95,5,63.772757
3.95,5,63.774423
3.95,5,63.776018
13.87,13,63.779969
1.95,5,63.867014
3.94,6,63.869578
1.93,7,63.871907
5.88,12,63.875961
1.94,6,63.878043
1.94,6,63.879918
1.93,7,63.882166
1.93,7,63.884354
3.95,5,63.886131
1.97,3,63.887192
1.94,6,63.889056
13.87,13,63.893353
5.93,7,63.895548
1.97,3,63.896715
1.92,8,63.899303
5.88,12,63.903242
5.93,7,63.905409
1.97,3,63.906642
5.91,9,63.986163
1.97,3,63.987299
1.96,4,63.98858
5.92,8,63.991
1.92,8,63.993404
1.93,7,63.995971
3.9,10,63.999194
-0.05,5,64.000789
1.9,10,64.003843
1.97,3,64.004828
3.92,8,64.007731
1.93,7,64.010185
1.94,6,64.01216
1.97,3,64.01317
3.88,12,64.016879
1.97,3,64.017918
1.97,3,64.018915
1.97,3,64.019963
3.95,5,64.021562
1.92,8,64.023978
1.92,8,64.026455
1.97,3,64.027453
1.96,4,64.147751
1.96,4,64.149633
5.91,9,64.152843
1.97,3,64.153921
3.95,5,64.155543
3.95,5,64.157134
1.94,6,64.159436
5.88,12,64.163716
5.93,7,64.165977
1.97,3,64.166968
1.97,3,64.168433
1.97,3,64.169595
1.94,6,64.171537
1.95,5,64.173195
-0.06,6,64.175361
1.95,5,64.177319
1.92,8,64.179992
1.97,3,64.181018
3.93,7,64.183204
1.96,4,64.184802
3.94,6,64.186804
13.91,9,64.19003
1.95,5,64.19178
1.95,5,64.268654
1.92,8,64.271498
1.91,9,64.274358
3.95,5,64.276265
13.85,15,64.280949
3.95,5,64.282538
1.96,4,64.283836
3.9,10,64.28789
1.92,8,64.290509
5.87,13,64.294481
-0.06,6,64.296642
1.94,6,64.298874
1.97,3,64.29991
3.91,9,64.303093
1.97,3,64.305963
13.91,9,64.311117
3.95,5,64.313715
1.95,5,64.318115
1.9,10,64.404702
1.97,3,64.405763
1.94,6,64.407643
3.95,5,64.409401
1.92,8,64.41249
3.95,5,64.414143
1.97,3,64.415168
1.96,4,64.416469
3.9,10,64.419766
3.89,11,64.423458
3.92,8,64.426066
1.97,3,64.427091
13.88,12,64.430825
3.91,9,64.433649
3.95,5,64.435362
1.93,7,64.437583
1.96,4,64.438878
1.92,8,64.441422
1.93,7,64.443652
5.93,7,64.516197
5.93,7,64.518446
1.97,3,64.519438
1.97,3,64.520422
1.95,5,64.522006
5.88,12,64.526312
3.92,8,64.528966
3.95,5,64.530642
1.96,4,64.531965
1.97,3,64.532966
1.97,3,64.534085
1.97,3,64.535579
1.97,3,64.536637
3.93,7,64.538826
1.97,3,64.539834
5.91,9,64.542579
1.94,6,64.544713
3.95,5,64.546375
1.96,4,64.547653
13.88,12,64.551615
3.94,6,64.553628
5.9,10,64.556753
3.95,5,64.631023
5.93,7,64.633265
3.93,7,64.635402
1.92,8,64.637805
3.92,8,64.640893
1.92,8,64.643625
1.97,3,64.644689
1.97,3,64.645743
5.92,8,64.64823
5.93,7,64.650394
1.97,3,64.651589
3.95,5,64.653196
1.95,5,64.654762
1.97,3,64.655734
3.93,7,64.657878
1.92,8,64.66111
3.95,5,64.66289
1.95,5,64.664458
1.97,3,64.665436
5.88,12,64.66943
1.92,8,64.672084
1.94,6,64.748147
3.93,7,64.750457
1.97,3,64.751458
5.93,7,64.753637
3.92,8,64.756563
1.91,9,64.759534
3.93,7,64.762021
3.92,8,64.764839
5.92,8,64.767871
1.97,3,64.768929
1.96,4,64.770221
3.91,9,64.772994
3.95,5,64.774561
1.95,5,64.776212
1.97,3,64.77724
1.92,8,64.779708
1.95,5,64.781469
1.97,3,64.782504
1.97,3,64.783524
3.92,8,64.786592
3.94,6,64.788742
3.95,5,64.850856
1.97,3,64.851951
1.97,3,64.852936
1.97,3,64.853917
3.93,7,64.856035
3.93,7,64.85814
1.97,3,64.859098
1.97,3,64.860412
1.94,6,64.862421
3.92,8,64.864921
3.9,10,64.868232
1.92,8,64.871241
1.95,5,64.87307
3.92,8,64.875701
1.93,7,64.877986
1.97,3,64.87901
5.91,9,64.881844
1.93,7,64.884187
3.94,6,64.886118
1.95,5,64.887709
3.92,8,64.89022
13.87,13,64.958945
1.94,6,64.960915
1.97,3,64.961918
1.93,7,64.964088
1.93,7,64.966259
3.91,9,64.969621
1.95,5,64.971291
3.92,8,64.973745
1.95,5,64.9753
3.95,5,64.977317
3.94,6,64.979286
1.97,3,64.98045
-0.06,6,64.982431
1.94,6,64.984511
1.95,5,64.986148
3.95,5,64.987914
5.9,10,64.991154
1.92,8,64.993928
3.95,5,64.99561
1.97,3,64.996743
3.9,10,65.000012
1.97,3,65.064664
1.97,3,65.065762
3.95,5,65.067494
1.92,8,65.070111
3.93,7,65.072261
1.97,3,65.073252
5.93,7,65.075397
1.97,3,65.076925
1.94,6,65.078921
3.91,9,65.081689
1.93,7,65.083844
1.92,8,65.086735
1.97,3,65.087849
3.95,5,65.089689
3.92,8,65.092274
1.92,8,65.094748
1.96,4,65.096273
5.9,10,65.099607
1.96,4,65.101021
3.95,5,65.102707
1.92,8,65.105216
5.89,11,65.172801
1.97,3,65.173875
1.97,3,65.174875
3.95,5,65.176448
3.91,9,65.179183
1.93,7,65.181828
1.97,3,65.182923
13.91,9,65.186001
3.95,5,65.187649
1.94,6,65.18957
3.92,8,65.192079
3.94,6,65.194006
5.88,12,65.19769
3.93,7,65.199871
1.97,3,65.200862
1.97,3,65.201851
1.94,6,65.203728
1.96,4,65.205008
1.94,6,65.206882
13.91,9,65.21018
1.97,3,65.211289
3.91,9,65.288348
1.95,5,65.290612
3.92,8,65.293337
3.92,8,65.296299
1.97,3,65.297475
1.95,5,65.299109
1.94,6,65.301365
1.93,7,65.303615
1.97,3,65.304607
13.87,13,65.308722
3.92,8,65.311465
13.87,13,65.315403
5.91,9,65.318233
1.97,3,65.319233
1.94,6,65.321226
1.93,7,65.323448
3.94,6,65.325545
3.92,8,65.328387
1.93,7,65.404798
-0.07,7,65.407168
3.9,10,65.410764
1.92,8,65.413355
3.93,7,65.416059
1.91,9,65.419045
5.93,7,65.421255
1.93,7,65.423524
1.97,3,65.424667
3.91,9,65.427662
3.95,5,65.429301
3.95,5,65.43091
3.91,9,65.433732
1.96,4,65.435034
3.95,5,65.436633
3.95,5,65.438237
1.93,7,65.440415
3.92,8,65.442888
1.96,4,65.444192
3.94,6,65.446089
1.97,3,65.510739
3.95,5,65.512435
5.89,11,65.515796
3.95,5,65.517368
13.91,9,65.520552
1.92,8,65.52319
3.92,8,65.525797
3.92,8,65.528508
3.94,6,65.530571
1.95,5,65.532169
1.96,4,65.533492
1.97,3,65.534845
1.95,5,65.536899
3.93,7,65.539199
13.87,13,65.543412
1.97,3,65.544462
1.93,7,65.546644
1.97,3,65.547649
1.97,3,65.548636
3.95,5,65.550356
1.94,6,65.552333
1.95,5,65.634189
1.96,4,65.635622
1.93,7,65.637802
1.97,3,65.638792
1.96,4,65.640184
1.92,8,65.642804
5.91,9,65.645562
3.93,7,65.647699
1.96,4,65.64896
-0.05,5,65.650515
3.95,5,65.652178
3.91,9,65.65497
1.95,5,65.656535
3.94,6,65.658388
5.92,8,65.661764
1.95,5,65.663527
1.96,4,65.664871
3.92,8,65.667353
5.89,11,65.671081
3.9,10,65.674343
1.97,3,65.675596
1.97,3,65.746622
1.91,9,65.749478
1.91,9,65.75223
3.95,5,65.753801
5.91,9,65.757108
3.95,5,65.758756
5.92,8,65.761307
1.97,3,65.762301
1.97,3,65.763334
1.96,4,65.764645
1.96,4,65.765915
1.96,4,65.767345
13.89,11,65.771157
1.96,4,65.772427
1.95,5,65.773965
1.96,4,65.775216
1.97,3,65.77617
1.92,8,65.77898
3.92,8,65.781521
5.92,8,65.784108
3.95,5,65.786352
3.94,6,65.788446
3.94,6,65.859444
1.94,6,65.86141
5.88,12,65.865065
1.97,3,65.866058
1.92,8,65.869132
3.95,5,65.871147
5.93,7,65.873406
1.97,3,65.87439
1.91,9,65.877416
1.97,3,65.878437
1.93,7,65.880597
5.93,7,65.882756
1.92,8,65.885191
1.95,5,65.88682
3.9,10,65.890303
1.92,8,65.892921
1.94,6,65.894866
1.92,8,65.897332
3.94,6,65.899285
5.93,7,65.975008
3.93,7,65.977214
1.94,6,65.979044
3.91,9,65.981728
5.88,12,65.985888
1.97,3,65.986965
3.95,5,65.988553
3.95,5,65.990138
3.91,9,65.99326
1.97,3,65.994373
1.94,6,65.99632
5.89,11,65.999665
5.88,12,66.003711
1.93,7,66.006014
1.96,4,66.007311
3.91,9,66.01026
1.92,8,66.012735
1.97,3,66.013707
1.97,3,66.014675
1.93,7,66.089367
3.94,6,66.09127
3.95,5,66.092822
1.93,7,66.094957
1.91,9,66.09819
1.95,5,66.099914
5.91,9,66.102874
3.95,5,66.104504
1.97,3,66.105519
1.97,3,66.106541
1.97,3,66.107555
1.91,9,66.110555
3.95,5,66.11222
1.93,7,66.114325
1.97,3,66.115282
5.93,7,66.1174
3.95,5,66.119933
1.94,6,66.122031
5.92,8,66.124543
13.89,11,66.12851
3.95,5,66.130194
1.95,5,66.202148
5.93,7,66.204366
13.87,13,66.208202
3.9,10,66.211882
1.94,6,66.213965
5.93,7,66.216249
3.94,6,66.218333
13.91,9,66.221354
3.95,5,66.22295
3.9,10,66.226006
5.93,7,66.228292
1.97,3,66.229316
13.87,13,66.233245
1.93,7,66.235719
1.95,5,66.237515
1.97,3,66.238527
3.9,10,66.241685
1.93,7,66.319916
3.93,7,66.322259
1.94,6,66.324166
3.95,5,66.325982
1.95,5,66.328118
1.96,4,66.329553
3.93,7,66.331777
1.95,5,66.333378
13.91,9,66.336426
1.92,8,66.338911
1.97,3,66.339966
1.96,4,66.341313
3.95,5,66.342995
1.95,5,66.344628
3.95,5,66.346235
5.93,7,66.348416
1.97,3,66.349404
13.87,13,66.353415
3.95,5,66.354965
-0.06,6,66.356818
1.97,3,66.357792
3.9,10,66.436851
1.97,3,66.438018
1.97,3,66.43907
3.95,5,66.440734
1.92,8,66.443599
5.93,7,66.445933
1.97,3,66.446978
5.9,10,66.45008
3.91,9,66.452833
3.93,7,66.455301
1.97,3,66.456368
1.92,8,66.459392
1.96,4,66.460776
3.95,5,66.462363
3.94,6,66.464247
1.97,3,66.465219
3.94,6,66.467101
1.97,3,66.468134
3.95,5,66.47009
5.89,11,66.473652
1.97,3,66.474679
1.97,3,66.475679
3.9,10,66.478782
1.93,7,66.5528
3.91,9,66.555702
1.92,8,66.558186
1.95,5,66.559772
1.94,6,66.562105
1.95,5,66.563774
3.94,6,66.565654
5.89,11,66.56897
1.97,3,66.569953
3.95,5,66.571514
1.95,5,66.573084
3.92,8,66.575496
3.95,5,66.577044
1.97,3,66.578004
3.93,7,66.580246
1.96,4,66.58163
1.95,5,66.583203
3.95,5,66.584761
1.94,6,66.586597
1.92,8,66.588996
1.92,8,66.591963
1.96,4,66.659362
-0.06,6,66.661408
1.95,5,66.663033
3.9,10,66.666118
1.96,4,66.667864
13.9,10,66.671181
1.95,5,66.672776
1.96,4,66.674043
1.92,8,66.676683
1.97,3,66.677734
1.95,5,66.679365
3.93,7,66.68171
3.95,5,66.683323
5.89,11,66.686703
3.91,9,66.689468
3.95,5,66.691037
1.94,6,66.692992
5.92,8,66.69555
3.94,6,66.69751
3.9,10,66.769724
3.93,7,66.771963
3.94,6,66.773807
3.93,7,66.77591
5.91,9,66.778966
1.95,5,66.780731
1.93,7,66.782951
1.93,7,66.785531
5.92,8,66.78809
1.95,5,66.790282
3.95,5,66.791991
5.93,7,66.794246
5.89,11,66.797677
1.95,5,66.799506
1.94,6,66.80164
3.94,6,66.8037
3.94,6,66.805651
1.97,3,66.806641
1.91,9,66.809583
1.93,7,66.878109
1.97,3,66.879257
5.9,10,66.882568
1.97,3,66.88361
3.92,8,66.886373
5.92,8,66.888841
3.95,5,66.89041
5.93,7,66.892628
1.97,3,66.893641
5.91,9,66.896389
1.97,3,66.897362
3.95,5,66.898921
5.92,8,66.90143
1.93,7,66.903746
3.95,5,66.905513
1.97,3,66.906566
1.97,3,66.907561
1.95,5,66.909139
1.95,5,66.910701
5.92,8,66.913176
1.97,3,66.914663
1.97,3,66.915828
5.93,7,66.918092
3.92,8,66.985498
1.97,3,66.986638
13.87,13,66.990619
5.92,8,66.993227
1.97,3,66.994531
1.94,6,66.996641
1.97,3,66.99764
1.95,5,66.999206
3.94,6,67.001614
1.92,8,67.004221
1.97,3,67.005349
1.94,6,67.007226
1.97,3,67.008204
5.92,8,67.010889
1.93,7,67.013148
3.95,5,67.014743
3.92,8,67.017187
1.95,5,67.018954
1.94,6,67.02097
3.95,5,67.022599
3.95,5,67.024197
1.96,4,67.02551
1.96,4,67.027009
13.9,10,67.113084
1.95,5,67.114748
1.92,8,67.117512
1.93,7,67.120359
1.95,5,67.121983
3.95,5,67.123559
3.93,7,67.125799
3.95,5,67.127491
1.94,6,67.129457
3.95,5,67.131157
3.92,8,67.133615
3.94,6,67.135997
1.96,4,67.137368
1.95,5,67.13898
1.95,5,67.140762
3.9,10,67.143969
1.96,4,67.145319
1.95,5,67.146915
1.97,3,67.147899
1.93,7,67.15017
3.91,9,67.153156
1.97,3,67.220207
1.94,6,67.222168
3.91,9,67.224885
1.97,3,67.225854
1.96,4,67.227105
5.93,7,67.229603
5.93,7,67.231958
3.91,9,67.234961
5.87,13,67.239072
3.92,8,67.241654
3.95,5,67.243513
1.96,4,67.244788
13.86,14,67.248959
3.94,6,67.251316
1.93,7,67.253638
1.97,3,67.254668
13.89,11,67.257995
1.92,8,67.260826
1.97,3,67.34377
1.95,5,67.345639
3.93,7,67.347937
3.9,10,67.35118
3.95,5,67.352796
1.93,7,67.354976
1.93,7,67.357166
1.97,3,67.358205
1.97,3,67.359544
1.97,3,67.360588
1.94,6,67.362512
5.93,7,67.364691
3.9,10,67.367827
1.95,5,67.369586
3.95,5,67.371213
3.91,9,67.374007
1.97,3,67.375024
1.96,4,67.376322
3.95,5,67.377914
13.91,9,67.381193
3.95,5,67.382852
3.92,8,67.385524
1.92,8,67.452695
3.93,7,67.454988
3.92,8,67.457487
5.89,11,67.460877
3.94,6,67.46275
1.96,4,67.464023
5.88,12,67.467652
1.92,8,67.470599
1.94,6,67.47267
3.94,6,67.474561
1.97,3,67.475624
3.95,5,67.477315
1.94,6,67.479213
1.97,3,67.480215
1.96,4,67.48149
1.97,3,67.482467
3.95,5,67.484074
1.94,6,67.485996
3.91,9,67.488731
3.91,9,67.491551
1.95,5,67.567297
1.94,6,67.569306
3.91,9,67.572077
5.88,12,67.575822
5.89,11,67.579835
5.87,13,67.583869
1.96,4,67.585585
5.93,7,67.587978
1.97,3,67.588989
5.9,10,67.592054
1.97,3,67.59319
3.91,9,67.596174
1.95,5,67.597823
5.88,12,67.601714
1.94,6,67.60359
5.89,11,67.606879
3.94,6,67.683178
3.91,9,67.68601
3.9,10,67.688992
1.91,9,67.692042
5.88,12,67.695918
1.96,4,67.697207
3.93,7,67.699371
1.95,5,67.70124
13.86,14,67.70547
1.94,6,67.707325
3.93,7,67.709426
1.97,3,67.710403
5.93,7,67.713093
3.95,5,67.714802
1.95,5,67.716386
3.94,6,67.718583
1.92,8,67.721117
3.95,5,67.72271
3.89,11,67.807704
3.95,5,67.809639
1.97,3,67.810762
3.93,7,67.813039
3.92,8,67.815827
1.97,3,67.816889
5.88,12,67.82065
1.95,5,67.822235
3.9,10,67.825287
1.95,5,67.82685
1.96,4,67.828115
3.94,6,67.829971
3.92,8,67.832736
3.95,5,67.834406
3.9,10,67.837513
1.96,4,67.838802
3.88,12,67.842862
1.97,3,67.843884
1.91,9,67.846651
3.95,5,67.919758
1.92,8,67.92277
1.92,8,67.925315
5.92,8,67.928079
1.96,4,67.929485
3.91,9,67.932304
5.88,12,67.93653
3.95,5,67.938489
-0.02,2,67.939223
1.94,6,67.941105
1.94,6,67.942989
3.93,7,67.945171
1.96,4,67.946453
1.95,5,67.948333
1.97,3,67.949416
5.88,12,67.953357
13.88,12,67.957013
13.88,12,67.96154
1.92,8,68.036281
3.93,7,68.038527
1.94,6,68.040403
3.95,5,68.041942
1.96,4,68.043584
1.94,6,68.045673
1.92,8,68.048155
5.88,12,68.052034
1.95,5,68.053639
1.97,3,68.054706
5.93,7,68.056905
1.94,6,68.058772
3.92,8,68.061295
1.95,5,68.062874
1.93,7,68.065015
3.93,7,68.067149
1.97,3,68.068188
1.9,10,68.071783
1.93,7,68.073959
1.92,8,68.147409
1.97,3,68.148506
1.96,4,68.14985
1.92,8,68.152478
3.94,6,68.154403
1.97,3,68.155401
3.95,5,68.157007
1.97,3,68.158004
1.93,7,68.161065
1.97,3,68.162136
3.95,5,68.163738
3.95,5,68.165308
3.93,7,68.167593
1.92,8,68.170202
1.95,5,68.171776
3.93,7,68.173956
3.94,6,68.176145
1.97,3,68.177364
3.95,5,68.179003
1.93,7,68.181192
1.94,6,68.183077
3.91,9,68.186089
1.94,6,68.18809
5.93,7,68.250545
3.95,5,68.252568
5.89,11,68.256011
1.96,4,68.257319
1.93,7,68.259879
1.97,3,68.261068
1.97,3,68.262092
3.95,5,68.263676
3.91,9,68.266407
3.93,7,68.268553
1.95,5,68.270104
1.96,4,68.271359
5.89,11,68.274647
1.92,8,68.277057
1.92,8,68.279491
13.87,13,68.283391
1.93,7,68.285543
3.95,5,68.287104
3.95,5,68.288904
5.88,12,68.367908
5.92,8,68.370425
1.97,3,68.371405
1.95,5,68.372966
1.97,3,68.373932
3.95,5,68.375494
1.94,6,68.37737
13.86,14,68.382466
13.91,9,68.385312
3.95,5,68.386911
3.92,8,68.389927
1.96,4,68.391508
1.91,9,68.39449
3.95,5,68.396091
1.93,7,68.398236
1.94,6,68.400086
3.95,5,68.401673
1.93,7,68.403809
1.92,8,68.406209
3.93,7,68.490248
5.9,10,68.493602
3.93,7,68.495832
1.94,6,68.497725
1.97,3,68.499148
1.97,3,68.500303
3.89,11,68.503941
1.95,5,68.505571
1.91,9,68.508383
1.94,6,68.510443
3.95,5,68.512062
1.93,7,68.514234
1.92,8,68.516723
1.97,3,68.517729
1.97,3,68.518729
1.92,8,68.521174
1.97,3,68.522144
1.97,3,68.523175
1.96,4,68.524468
3.95,5,68.526063
3.94,6,68.527943
5.93,7,68.53013
5.91,9,68.601635
1.96,4,68.603033
3.91,9,68.605833
1.94,6,68.607711
1.97,3,68.608827
3.95,5,68.610574
1.96,4,68.611876
1.93,7,68.614053
3.9,10,68.617107
1.97,3,68.618084
1.97,3,68.619287
5.9,10,68.622797
3.9,10,68.626167
3.94,6,68.628158
5.87,13,68.632063
1.96,4,68.633345
1.95,5,68.635102
1.92,8,68.637664
1.95,5,68.639261
5.89,11,68.721183
3.92,8,68.723776
5.93,7,68.725987
5.89,11,68.729517
13.88,12,68.733244
3.9,10,68.736282
1.95,5,68.737826
1.96,4,68.739085
3.9,10,68.742083
5.89,11,68.745479
3.9,10,68.748959
1.95,5,68.750577
3.92,8,68.753034
13.86,14,68.757664
13.89,11,68.822811
5.89,11,68.826268
1.97,3,68.827246
1.96,4,68.828503
1.97,3,68.829465
1.96,4,68.830858
3.9,10,68.834034
1.92,8,68.837056
3.94,6,68.839035
1.94,6,68.840921
5.88,12,68.844819
1.91,9,68.847648
1.91,9,68.850365
3.9,10,68.853365
1.96,4,68.854609
3.95,5,68.856156
1.91,9,68.858835
3.91,9,68.861529
1.97,3,68.862498
1.96,4,68.937305
1.97,3,68.938407
3.89,11,68.941764
1.97,3,68.942763
3.88,12,68.946358
1.97,3,68.94733
1.92,8,68.94974
1.96,4,68.951005
1.93,7,68.953122
1.97,3,68.954088
1.92,8,68.95652
3.9,10,68.960041
1.97,3,68.961117
1.97,3,68.962126
3.9,10,68.96522
1.95,5,68.96682
3.95,5,68.968965
3.95,5,68.970737
1.94,6,68.972607
5.87,13,68.976529
3.95,5,69.057437
1.92,8,69.060057
3.91,9,69.062885
3.95,5,69.064473
3.92,8,69.067403
5.9,10,69.070738
13.87,13,69.074684
1.97,3,69.075874
3.95,5,69.077925
1.91,9,69.080824
1.97,3,69.081846
3.91,9,69.084594
3.93,7,69.087003
1.93,7,69.089425
1.97,3,69.090526
1.93,7,69.092809
5.93,7,69.095164
5.92,8,69.097679
1.95,5,69.177843
1.93,7,69.180492
3.9,10,69.183768
3.94,6,69.185652
3.95,5,69.187697
5.93,7,69.190032
1.95,5,69.191747
1.94,6,69.193882
3.93,7,69.19615
13.88,12,69.199872
1.96,4,69.201512
3.91,9,69.204823
3.92,8,69.207381
1.94,6,69.209273
1.97,3,69.210518
13.91,9,69.213418
3.95,5,69.214982
5.93,7,69.217203
1.94,6,69.219209
5.93,7,69.293884
1.94,6,69.295932
1.9,10,69.298974
3.95,5,69.300565
1.96,4,69.302044
1.95,5,69.303693
5.92,8,69.306218
1.93,7,69.308404
1.96,4,69.309891
5.91,9,69.312745
3.92,8,69.315187
1.97,3,69.316152
3.9,10,69.319263
5.92,8,69.321697
13.85,15,69.326403
1.97,3,69.327983
3.95,5,69.329684
3.91,9,69.332473
1.95,5,69.334073
3.92,8,69.422564
3.91,9,69.425452
1.97,3,69.426465
1.93,7,69.428646
1.97,3,69.429624
13.88,12,69.43372
1.94,6,69.435812
5.93,7,69.437996
1.92,8,69.440719
1.94,6,69.442668
1.94,6,69.444557
1.92,8,69.447008
1.97,3,69.447978
3.93,7,69.450125
1.97,3,69.451296
3.94,6,69.453202
1.97,3,69.454191
3.95,5,69.455777
1.96,4,69.457051
3.95,5,69.458624
13.85,15,69.540928
1.97,3,69.542039
3.92,8,69.544978
1.92,8,69.547536
3.91,9,69.550765
1.97,3,69.551889
1.97,3,69.552914
1.97,3,69.553911
1.96,4,69.555191
1.95,5,69.556753
13.9,10,69.559877
1.96,4,69.561392
3.91,9,69.564202
1.96,4,69.565489
1.95,5,69.567081
1.97,3,69.568066
1.93,7,69.570443
3.95,5,69.572129
5.87,13,69.576279
1.93,7,69.578535
1.92,8,69.581359
1.96,4,69.659681
3.92,8,69.662346
3.91,9,69.66506
5.87,13,69.669339
5.93,7,69.671732
1.97,3,69.672759
1.91,9,69.675609
5.9,10,69.67869
13.87,13,69.682571
5.87,13,69.686752
1.97,3,69.687759
3.91,9,69.690603
3.93,7,69.692836
1.95,5,69.694399
1.97,3,69.695373
5.93,7,69.697526
1.95,5,69.699074
1.93,7,69.77539
3.89,11,69.779209
3.91,9,69.782045
1.89,11,69.785735
3.89,11,69.789164
1.97,3,69.790216
5.87,13,69.794621
1.91,9,69.797524
3.89,11,69.801017
1.92,8,69.803496
3.93,7,69.805649
1.97,3,69.806635
1.96,4,69.807899
1.95,5,69.809548
1.95,5,69.811175
1.91,9,69.8139
1.95,5,69.815453
3.95,5,69.889838
13.86,14,69.894611
1.97,3,69.895705
1.89,11,69.899252
1.95,5,69.90121
3.94,6,69.903184
3.93,7,69.905425
1.92,8,69.908114
1.97,3,69.909424
1.96,4,69.911085
5.87,13,69.915053
1.96,4,69.916328
3.91,9,69.919268
1.97,3,69.920287
3.93,7,69.922456
1.96,4,69.923746
5.9,10,69.926822
1.97,3,69.928174
3.95,5,69.930075
3.91,9,70.013384
3.92,8,70.015957
3.89,11,70.019718
1.97,3,70.020804
3.93,7,70.023137
3.94,6,70.025027
1.93,7,70.02728
1.93,7,70.029669
3.91,9,70.032661
5.88,12,70.036633
1.94,6,70.038583
3.9,10,70.04208
1.94,6,70.044159
1.92,8,70.046606
3.91,9,70.04933
1.94,6,70.051462
1.96,4,70.052795
3.9,10,70.126097
3.88,12,70.129893
13.89,11,70.133296
5.88,12,70.137609
3.9,10,70.140729
-0.08,8,70.143193
1.95,5,70.145132
3.92,8,70.147682
13.89,11,70.151162
13.87,13,70.155172
1.94,6,70.157151
1.95,5,70.158877
1.95,5,70.16107
3.91,9,70.163948
-0.08,8,70.225632
1.94,6,70.227953
5.93,7,70.230184
5.88,12,70.233851
3.94,6,70.236066
3.93,7,70.238363
3.91,9,70.24114
1.93,7,70.243614
1.95,5,70.245576
13.85,15,70.250379
3.93,7,70.252603
3.94,6,70.254492
1.97,3,70.255754
3.92,8,70.25831
3.91,9,70.26122
1.94,6,70.263108
5.87,13,70.267208
1.97,3,70.351729
3.9,10,70.354927
3.9,10,70.35796
5.85,15,70.362694
3.93,7,70.36486
5.89,11,70.368724
1.93,7,70.371352
1.93,7,70.373621
3.86,14,70.377895
1.97,3,70.378881
1.91,9,70.381581
1.94,6,70.383408
5.93,7,70.385856
1.92,8,70.388353
3.89,11,70.391669
3.86,14,70.476089
1.96,4,70.477425
1.9,10,70.48046
1.97,3,70.48169
1.92,8,70.48437
1.96,4,70.485673
1.9,10,70.488718
3.9,10,70.49177
1.9,10,70.494793
1.96,4,70.49606
3.9,10,70.499268
3.9,10,70.502323
13.9,10,70.505387
3.92,8,70.50821
5.93,7,70.51065
1.91,9,70.582452
1.92,8,70.585597
1.97,3,70.586864
3.94,6,70.588935
1.97,3,70.590244
1.96,4,70.591972
1.96,4,70.593342
1.92,8,70.596684
3.87,13,70.600618
5.86,14,70.605566
3.87,13,70.609499
1.95,5,70.611072
1.97,3,70.612061
1.94,6,70.613915
5.9,10,70.616974
1.92,8,70.619407
3.86,14,70.624689
1.9,10,70.708216
1.92,8,70.710732
5.93,7,70.712846
5.92,8,70.715235
1.97,3,70.716677
-6.0,100,70.947224
1.92,8,70.949944
13.88,12,70.953524
3.9,10,70.957239
1.95,5,70.958838
1.94,6,70.960689
3.83,17,70.965958
1.88,12,70.969984
1.91,9,70.973052
3.94,6,70.974994
1.96,4,70.976415
3.94,6,70.978328
3.92,8,70.980797
1.94,6,70.98266
3.92,8,70.985241
1.97,3,70.986275
3.88,12,71.082621
3.9,10,71.08575
1.94,6,71.08762
13.86,14,71.092456
13.89,11,71.096143
1.88,12,71.099965
3.93,7,71.102243
3.88,12,71.105999
1.92,8,71.1085
3.95,5,71.110092
0.92,8,71.112566
3.93,7,71.114759
1.96,4,71.11607
1.94,6,71.11796
3.94,6,71.119864
1.96,4,71.121246
5.91,9,71.202153
1.94,6,71.20408
1.94,6,71.205942
3.94,6,71.207788
1.96,4,71.209533
1.89,11,71.212887
0.89,11,71.216179
5.88,12,71.22009
1.93,7,71.222394
3.89,11,71.225819
1.9,10,71.228897
1.95,5,71.230493
-0.06,6,71.232378
1.9,10,71.235442
1.9,10,71.238508
1.92,8,71.308836
1.93,7,71.311105
5.88,12,71.314659
1.95,5,71.3162
13.91,9,71.319413
3.93,7,71.321705
1.96,4,71.323021
3.87,13,71.32699
13.86,14,71.331597
1.96,4,71.332974
5.89,11,71.336674
1.94,6,71.338604
1.95,5,71.340202
1.97,3,71.341185
1.94,6,71.343288
1.95,5,71.344888
3.92,8,71.347293
1.93,7,71.428853
1.92,8,71.43144
3.92,8,71.433913
3.93,7,71.436078
1.92,8,71.439012
1.93,7,71.441401
3.92,8,71.443862
1.96,4,71.445143
3.91,9,71.448289
1.97,3,71.449453
3.92,8,71.45202
5.88,12,71.455711
3.93,7,71.457958
3.91,9,71.460837
3.95,5,71.462416
3.87,13,71.466315
3.89,11,71.543734
5.89,11,71.547313
1.94,6,71.549192
1.95,5,71.550747
1.92,8,71.553621
3.92,8,71.556277
3.93,7,71.558532
1.97,3,71.559544
3.95,5,71.561133
1.97,3,71.562131
1.89,11,71.565678
5.89,11,71.568996
3.95,5,71.570568
1.92,8,71.572997
1.92,8,71.57541
1.92,8,71.57782
3.93,7,71.580275
3.95,5,71.581903
1.95,5,71.583531
1.95,5,71.653644
1.92,8,71.656289
1.97,3,71.657286
3.95,5,71.658866
3.95,5,71.660721
1.92,8,71.663713
3.9,10,71.666873
1.95,5,71.668613
3.9,10,71.671657
13.83,17,71.67745
3.95,5,71.679124
3.92,8,71.68164
5.9,10,71.684741
3.93,7,71.686931
1.94,6,71.688836
1.95,5,71.690431
1.94,6,71.6923
5.91,9,71.784732
5.87,13,71.788977
1.91,9,71.791786
3.88,12,71.79601
1.93,7,71.798341
3.87,13,71.802741
1.9,10,71.805811
3.89,11,71.809167
1.95,5,71.810744
1.97,3,71.811724
1.93,7,71.813851
1.91,9,71.81658
3.88,12,71.820178
5.87,13,71.824062
3.92,8,71.885212
3.87,13,71.889375
3.95,5,71.891087
3.93,7,71.893486
1.92,8,71.895991
1.97,3,71.896976
3.9,10,71.899995
-0.07,7,71.902247
13.91,9,71.905091
5.9,10,71.908431
5.91,9,71.912103
3.93,7,71.914344
5.91,9,71.917102
3.95,5,71.919015
1.95,5,71.920803
5.87,13,71.924879
1.97,3,71.925922
3.92,8,72.003377
3.95,5,72.005028
1.9,10,72.00809
3.93,7,72.010418
1.96,4,72.011803
3.94,6,72.013747
3.95,5,72.015352
3.92,8,72.017865
1.96,4,72.019576
3.89,11,72.023067
13.91,9,72.025832
5.92,8,72.028702
1.92,8,72.031442
13.9,10,72.035441
5.93,7,72.037999
1.96,4,72.039396
1.97,3,72.040668
-0.06,6,72.042681
3.93,7,72.112702
1.94,6,72.114671
1.97,3,72.115653
1.96,4,72.116923
1.96,4,72.118179
3.89,11,72.121436
1.93,7,72.123554
1.93,7,72.125649
1.97,3,72.126618
3.9,10,72.129572
1.94,6,72.131653
5.88,12,72.135707
3.92,8,72.138453
5.93,7,72.141009
3.95,5,72.143132
1.95,5,72.144885
1.96,4,72.146278
5.93,7,72.148495
1.92,8,72.151619
3.95,5,72.153463
3.93,7,72.230698
1.92,8,72.233299
1.93,7,72.235463
3.94,6,72.237336
3.9,10,72.240788
3.91,9,72.244
1.97,3,72.245044
1.97,3,72.246051
1.91,9,72.248803
13.89,11,72.252682
3.91,9,72.255502
1.94,6,72.257363
1.92,8,72.259812
1.92,8,72.262258
3.93,7,72.264406
3.95,5,72.265977
3.9,10,72.269148
3.9,10,72.339534
5.87,13,72.343982
1.97,3,72.345054
3.9,10,72.348447
3.9,10,72.351711
1.97,3,72.352713
1.97,3,72.353704
1.97,3,72.354688
1.94,6,72.356547
1.93,7,72.35894
3.93,7,72.361223
5.91,9,72.364037
1.94,6,72.365942
3.9,10,72.369023
13.9,10,72.372395
13.89,11,72.375881
1.91,9,72.378688
1.97,3,72.379691
1.95,5,72.457407
1.95,5,72.459488
3.89,11,72.463095
3.88,12,72.467104
1.93,7,72.469439
1.97,3,72.470448
1.96,4,72.471754
1.97,3,72.472746
1.94,6,72.474638
3.88,12,72.478343
13.85,15,72.482883
3.91,9,72.485639
1.97,3,72.486627
1.94,6,72.488497
5.91,9,72.491264
3.94,6,72.493154
1.93,7,72.495325
1.91,9,72.579643
3.92,8,72.582165
5.87,13,72.58602
1.91,9,72.588699
1.93,7,72.590839
3.91,9,72.59354
1.93,7,72.595635
1.97,3,72.596586
5.93,7,72.59923
1.96,4,72.600635
1.97,3,72.601646
13.89,11,72.605048
1.93,7,72.60723
1.93,7,72.609404
3.94,6,72.611275
1.97,3,72.612255
3.95,5,72.613842
3.92,8,72.616302
3.92,8,72.619154
3.89,11,72.712507
13.9,10,72.715669
1.97,3,72.716667
3.95,5,72.718429
1.95,5,72.720082
3.93,7,72.722478
1.94,6,72.724398
1.93,7,72.727078
3.89,11,72.730781
1.96,4,72.732142
3.92,8,72.734705
1.95,5,72.736316
1.97,3,72.737315
1.94,6,72.739213
5.91,9,72.742163
1.97,3,72.743453
1.96,4,72.744851
1.94,6,72.746785
5.91,9,72.749589
1.95,5,72.751583
1.93,7,72.821242
1.96,4,72.82262
3.95,5,72.824232
3.95,5,72.825835
1.93,7,72.828051
1.91,9,72.831495
3.88,12,72.835489
3.91,9,72.838291
1.92,8,72.841066
1.94,6,72.843183
1.9,10,72.846491
3.95,5,72.848133
1.94,6,72.850066
1.94,6,72.852183
1.91,9,72.854967
1.93,7,72.857143
3.93,7,72.859313
1.95,5,72.861123
3.92,8,72.936024
3.91,9,72.938921
3.93,7,72.941146
3.95,5,72.94275
1.91,9,72.945522
3.95,5,72.947134
5.87,13,72.951109
5.88,12,72.954763
1.92,8,72.957287
1.95,5,72.959249
1.96,4,72.960746
1.94,6,72.962654
5.92,8,72.965146
3.93,7,72.96732
1.94,6,72.969676
1.92,8,72.972311
3.95,5,72.973996
1.93,7,73.05249
13.88,12,73.056718
1.94,6,73.058707
3.91,9,73.062129
1.95,5,73.064004
1.96,4,73.065369
3.94,6,73.067242
1.95,5,73.068813
5.91,9,73.071818
1.95,5,73.073512
1.94,6,73.075436
3.89,11,73.07954
1.97,3,73.080624
1.92,8,73.083437
3.92,8,73.086117
5.9,10,73.089209
1.97,3,73.090222
1.96,4,73.091767
1.93,7,73.093983
1.96,4,73.095259
3.93,7,73.168751
3.94,6,73.17072
1.97,3,73.171711
5.87,13,73.175621
1.95,5,73.177806
1.97,3,73.178928
1.92,8,73.181451
1.94,6,73.183345
3.95,5,73.184939
3.95,5,73.186826
1.96,4,73.188284
13.89,11,73.191793
3.92,8,73.194369
5.89,11,73.197753
3.94,6,73.199631
13.91,9,73.202958
1.94,6,73.204901
1.92,8,73.207356
3.93,7,73.283367
5.93,7,73.286244
3.92,8,73.288819
3.91,9,73.291599
5.89,11,73.295576
1.97,3,73.296606
1.96,4,73.297904
1.93,7,73.300078
1.94,6,73.301992
13.91,9,73.304759
1.92,8,73.307199
13.91,9,73.309957
1.96,4,73.311238
1.92,8,73.314036
3.9,10,73.317245
1.97,3,73.318418
3.88,12,73.322186
1.96,4,73.323466
1.96,4,73.324771
13.87,13,73.402991
3.95,5,73.404672
3.91,9,73.407461
1.93,7,73.409997
1.96,4,73.411666
1.94,6,73.413605
1.93,7,73.415782
1.92,8,73.418482
3.93,7,73.420913
1.96,4,73.422233
3.9,10,73.425429
3.95,5,73.427192
1.93,7,73.429432
1.95,5,73.43102
13.9,10,73.434194
5.93,7,73.436376
1.96,4,73.43766
1.92,8,73.440076
1.94,6,73.515304
1.93,7,73.517548
5.93,7,73.519722
1.96,4,73.520986
1.92,8,73.523669
13.89,11,73.527455
3.91,9,73.530408
3.9,10,73.533844
1.92,8,73.536357
1.97,3,73.537359
1.91,9,73.540098
3.92,8,73.542544
5.91,9,73.54579
1.95,5,73.547483
3.94,6,73.549426
5.93,7,73.551955
1.93,7,73.554391
3.95,5,73.556082
1.95,5,73.62514
5.91,9,73.627971
5.9,10,73.630973
3.95,5,73.632514
5.93,7,73.635201
3.94,6,73.637205
3.92,8,73.639749
1.94,6,73.641908
3.94,6,73.643953
3.93,7,73.64618
5.9,10,73.649285
1.97,3,73.650277
1.96,4,73.651617
3.92,8,73.654117
13.9,10,73.657202
3.95,5,73.658796
3.95,5,73.660895
3.92,8,73.663503
3.91,9,73.730128
3.95,5,73.731857
1.97,3,73.732867
1.97,3,73.733864
1.96,4,73.735149
1.96,4,73.73643
3.95,5,73.738019
1.93,7,73.740734
1.97,3,73.741873
1.97,3,73.743163
3.95,5,73.745053
5.92,8,73.747646
1.92,8,73.750154
3.89,11,73.753612
1.95,5,73.755222
3.9,10,73.758306
3.95,5,73.759983
1.95,5,73.761587
3.93,7,73.763797
1.97,3,73.764785
3.94,6,73.766676
5.88,12,73.770474
5.89,11,73.846958
3.9,10,73.850129
13.88,12,73.853798
1.93,7,73.856558
1.97,3,73.857642
3.92,8,73.860275
1.93,7,73.862502
1.97,3,73.863545
3.9,10,73.866662
3.95,5,73.868533
5.91,9,73.871371
13.88,12,73.875028
1.93,7,73.877209
1.92,8,73.880214
1.95,5,73.88189
1.93,7,73.884156
3.89,11,73.95803
3.95,5,73.960078
3.91,9,73.962945
1.93,7,73.965132
5.89,11,73.969041
1.96,4,73.970387
3.95,5,73.971976
1.92,8,73.974437
3.9,10,73.977889
5.9,10,73.981241
5.88,12,73.985125
1.94,6,73.987105
13.88,12,73.990842
1.97,3,73.991844
1.93,7,73.994386
1.9,10,73.9976
1.96,4,73.998914
1.95,5,74.072507
1.93,7,74.074811
3.92,8,74.078354
3.95,5,74.080294
3.9,10,74.083655
3.95,5,74.08545
1.92,8,74.088457
1.97,3,74.089544
1.92,8,74.092243
3.95,5,74.09418
3.91,9,74.097137
3.9,10,74.100192
3.9,10,74.103603
1.92,8,74.106244
1.97,3,74.107296
3.9,10,74.110605
3.92,8,74.113193
13.87,13,74.182329
3.9,10,74.185598
3.92,8,74.188087
3.94,6,74.190161
1.97,3,74.191202
1.97,3,74.192202
3.89,11,74.195557
3.94,6,74.197449
1.95,5,74.199024
1.97,3,74.200234
1.97,3,74.201672
1.97,3,74.202747
3.89,11,74.206152
1.97,3,74.207168
13.91,9,74.210028
1.97,3,74.21245
1.97,3,74.224306
3.9,10,74.230845
1.97,3,74.231889
3.95,5,74.233433
3.95,5,74.235088
5.93,7,74.23766
3.95,5,74.314616
1.96,4,74.316004
3.93,7,74.318189
1.97,3,74.319169
3.93,7,74.321309
1.96,4,74.322566
3.95,5,74.32456
3.91,9,74.328052
1.94,6,74.329978
1.91,9,74.332755
1.92,8,74.335826
5.92,8,74.33841
5.87,13,74.342539
1.97,3,74.343673
3.91,9,74.346664
3.95,5,74.348354
1.97,3,74.34938
1.97,3,74.350379
5.9,10,74.35359
3.95,5,74.355201
1.95,5,74.356819
1.97,3,74.435961
1.97,3,74.437062
5.91,9,74.439911
1.96,4,74.441228
3.95,5,74.443152
1.95,5,74.445101
3.93,7,74.447443
3.93,7,74.449677
1.91,9,74.453184
3.94,6,74.455156
1.95,5,74.456769
1.92,8,74.459391
1.91,9,74.462281
1.97,3,74.463276
3.93,7,74.465441
3.93,7,74.467946
5.86,14,74.472703
3.95,5,74.474321
3.95,5,74.475954
1.93,7,74.478183
1.97,3,74.56108
3.92,8,74.563772
5.9,10,74.566855
1.96,4,74.568146
1.96,4,74.569531
3.95,5,74.571177
13.88,12,74.574836
1.92,8,74.577796
3.94,6,74.580253
1.94,6,74.582323
5.92,8,74.58507
13.9,10,74.588366
1.91,9,74.591273
13.91,9,74.594448
1.97,3,74.595467
1.94,6,74.597321
5.91,9,74.600025
1.93,7,74.60258
1.97,3,74.676708
3.89,11,74.680158
13.87,13,74.684113
5.93,7,74.686752
3.95,5,74.688479
3.94,6,74.690424
1.91,9,74.69357
3.92,8,74.696306
3.9,10,74.699543
1.97,3,74.700862
5.88,12,74.705116
3.9,10,74.708781
3.95,5,74.710687
1.95,5,74.712325
1.91,9,74.715196
1.93,7,74.717533
3.95,5,74.71911
5.88,12,74.797936
3.9,10,74.801202
1.97,3,74.802211
1.96,4,74.803526
1.97,3,74.804646
1.97,3,74.805705
1.93,7,74.807901
3.91,9,74.811186
3.92,8,74.81381
5.93,7,74.8162
1.93,7,74.818425
1.97,3,74.819418
1.97,3,74.820415
1.93,7,74.822594
1.93,7,74.824781
1.97,3,74.825814
1.93,7,74.828742
1.96,4,74.830129
1.96,4,74.831435
3.92,8,74.83391
1.94,6,74.835783
3.93,7,74.907055
1.91,9,74.910964
13.89,11,74.91468
3.92,8,74.917802
5.9,10,74.920991
3.93,7,74.923136
1.93,7,74.925257
13.88,12,74.929244
3.89,11,74.932749
3.95,5,74.934454
3.9,10,74.937565
13.86,14,74.942115
1.93,7,74.944409
3.94,6,74.946349
1.92,8,74.948839
3.91,9,75.01371
5.93,7,75.016004
3.95,5,75.017737
1.97,3,75.018848
3.95,5,75.020552
1.93,7,75.022767
1.92,8,75.025229
3.93,7,75.027466
3.94,6,75.029817
13.85,15,75.035274
1.95,5,75.036959
5.93,7,75.039197
3.95,5,75.041087
3.93,7,75.043549
1.96,4,75.044949
5.93,7,75.047132
1.96,4,75.048405
5.91,9,75.051501
1.93,7,75.053698
1.95,5,75.138106
5.87,13,75.142088
1.93,7,75.14421
1.96,4,75.145463
5.89,11,75.149298
5.87,13,75.153826
1.92,8,75.15635
3.91,9,75.159492
3.95,5,75.161191
5.89,11,75.164562
1.92,8,75.16703
1.93,7,75.16956
5.88,12,75.173339
1.94,6,75.175266
1.93,7,75.177512
1.96,4,75.251238
1.97,3,75.252435
3.94,6,75.254356
1.95,5,75.255935
1.97,3,75.256905
1.95,5,75.258443
1.93,7,75.260778
3.94,6,75.262764
1.92,8,75.265261
1.93,7,75.267427
13.89,11,75.271344
3.92,8,75.274037
5.93,7,75.276387
13.87,13,75.280606
3.9,10,75.283923
1.92,8,75.286809
1.91,9,75.289635
1.97,3,75.29113
3.94,6,75.293418
1.95,5,75.373219
5.91,9,75.37627
1.94,6,75.378297
1.92,8,75.380838
5.93,7,75.383068
1.91,9,75.385937
3.93,7,75.388121
1.95,5,75.389686
5.89,11,75.393424
1.95,5,75.395045
3.95,5,75.396653
1.97,3,75.397656
3.94,6,75.399554
5.93,7,75.401763
1.93,7,75.403964
3.93,7,75.406166
3.92,8,75.408652
1.97,3,75.410059
1.93,7,75.412819
1.96,4,75.41415
5.88,12,75.487126
13.89,11,75.490582
1.92,8,75.493234
1.93,7,75.495615
1.93,7,75.497825
1.95,5,75.499406
13.91,9,75.502188
1.97,3,75.50346
3.92,8,75.506227
3.95,5,75.50794
1.94,6,75.509838
3.91,9,75.512587
1.91,9,75.515654
1.97,3,75.516706
1.93,7,75.519038
1.93,7,75.521485
13.86,14,75.608914
3.94,6,75.611439
1.93,7,75.613728
1.92,8,75.616231
1.93,7,75.618891
1.96,4,75.620233
1.96,4,75.621552
1.91,9,75.6243
3.92,8,75.627314
3.93,7,75.629616
1.92,8,75.632106
5.9,10,75.635432
5.91,9,75.638253
5.89,11,75.641575
3.95,5,75.643141
1.95,5,75.645265
1.94,6,75.647281
1.96,4,75.648618
13.9,10,75.720388
1.94,6,75.722477
3.91,9,75.725275
3.94,6,75.727155
1.93,7,75.729486
3.94,6,75.731837
1.91,9,75.734899
5.93,7,75.737184
1.97,3,75.738194
1.9,10,75.741473
3.89,11,75.745133
3.95,5,75.746822
3.92,8,75.749365
5.93,7,75.752118
3.88,12,75.755815
3.9,10,75.759381
5.88,12,75.834513
1.95,5,75.836396
5.9,10,75.839495
1.92,8,75.841962
5.88,12,75.846096
1.97,3,75.847207
1.93,7,75.849419
1.96,4,75.850792
1.97,3,75.852007
1.94,6,75.853934
3.95,5,75.855525
3.95,5,75.857112
3.9,10,75.860331
1.97,3,75.861321
3.95,5,75.86308
1.93,7,75.865299
1.97,3,75.866308
1.92,8,75.868989
1.96,4,75.870574
3.91,9,75.873567
3.95,5,75.875157
1.93,7,75.951968
1.95,5,75.954138
5.88,12,75.957938
5.91,9,75.961437
1.93,7,75.963821
1.91,9,75.966675
3.91,9,75.969678
13.91,9,75.972454
1.93,7,75.974607
5.93,7,75.976896
3.92,8,75.979415
1.93,7,75.981714
1.96,4,75.983042
1.92,8,75.985666
13.89,11,75.989086
1.97,3,75.990101
1.93,7,75.992279
1.97,3,75.993489
3.92,8,76.068499
5.92,8,76.07104
5.9,10,76.074083
1.91,9,76.077264
3.95,5,76.078947
3.91,9,76.081768
1.97,3,76.082785
3.93,7,76.085015
3.9,10,76.0887
3.95,5,76.090568
3.95,5,76.092259
3.9,10,76.09551
5.93,7,76.097779
5.93,7,76.100012
3.93,7,76.10231
1.97,3,76.103328
3.9,10,76.106406
3.91,9,76.170683
1.97,3,76.171799
1.96,4,76.173123
3.95,5,76.174719
1.97,3,76.175715
5.93,7,76.177908
1.97,3,76.179079
1.97,3,76.180498
1.95,5,76.182186
5.91,9,76.185235
3.95,5,76.186907
1.94,6,76.188829
5.93,7,76.191065
1.96,4,76.192423
1.97,3,76.193554
3.91,9,76.196346
1.95,5,76.197933
3.93,7,76.200093
1.96,4,76.201512
1.92,8,76.204509
1.97,3,76.205676
3.95,5,76.207343
5.93,7,76.209722
1.97,3,76.21075
5.9,10,76.276409
1.94,6,76.278437
5.92,8,76.281215
1.97,3,76.282285
1.95,5,76.28424
3.93,7,76.286934
5.93,7,76.289177
1.97,3,76.290176
1.95,5,76.291763
3.95,5,76.293478
3.92,8,76.295976
3.94,6,76.297871
1.94,6,76.299754
3.94,6,76.301853
3.94,6,76.303854
1.92,8,76.306358
13.91,9,76.309226
5.92,8,76.311755
13.91,9,76.314538
3.9,10,76.317715
1.97,3,76.382454
1.97,3,76.383547
3.92,8,76.386078
3.9,10,76.389135
1.92,8,76.392147
13.88,12,76.39608
1.96,4,76.397427
1.93,7,76.399638
3.92,8,76.402198
5.93,7,76.404403
1.97,3,76.405394
1.97,3,76.406387
3.92,8,76.409041
13.89,11,76.412946
5.9,10,76.416083
3.95,5,76.417949
3.92,8,76.420565
1.94,6,76.422622
3.93,7,76.495884
5.93,7,76.498259
3.91,9,76.50108
1.97,3,76.502084
13.9,10,76.505558
1.96,4,76.506979
1.97,3,76.507996
1.93,7,76.510369
5.92,8,76.512902
1.97,3,76.51391
1.94,6,76.515831
5.93,7,76.518192
1.92,8,76.5209
1.92,8,76.523484
1.93,7,76.525722
3.92,8,76.528228
1.97,3,76.529245
3.9,10,76.532314
1.97,3,76.533298
5.88,12,76.606467
5.93,7,76.608818
5.92,8,76.611267
1.94,6,76.613126
3.95,5,76.614688
1.92,8,76.617658
1.9,10,76.621354
-0.02,2,76.622108
1.96,4,76.623449
3.92,8,76.62628
1.97,3,76.627439
5.89,11,76.630869
1.92,8,76.633349
13.86,14,76.63801
1.96,4,76.639489
3.95,5,76.641094
1.93,7,76.643274
3.95,5,76.644861
1.95,5,76.646651
1.97,3,76.647731
1.96,4,76.649068
3.94,6,76.733839
5.9,10,76.737278
3.92,8,76.739811
1.95,5,76.74141
5.91,9,76.7448
1.9,10,76.748032
1.97,3,76.749029
3.91,9,76.751782
1.94,6,76.754102
3.92,8,76.756749
3.95,5,76.758377
3.95,5,76.7601
1.95,5,76.761744
1.97,3,76.762916
1.94,6,76.764958
1.96,4,76.766265
3.9,10,76.769378
1.97,3,76.770459
1.94,6,76.772384
3.95,5,76.774005
1.97,3,76.840165
1.95,5,76.84227
5.89,11,76.845776
1.92,8,76.848255
1.97,3,76.849449
1.97,3,76.850614
3.95,5,76.852487
3.94,6,76.854359
1.93,7,76.856479
1.94,6,76.858317
1.97,3,76.859291
1.97,3,76.860262
1.94,6,76.862078
13.87,13,76.865919
1.97,3,76.866921
1.94,6,76.868993
1.94,6,76.871504
5.9,10,76.874697
5.9,10,76.878613
5.93,7,76.881173
1.97,3,76.882249
1.91,9,76.965711
3.94,6,76.967837
13.88,12,76.972113
3.93,7,76.974788
3.95,5,76.976644
1.97,3,76.977663
1.92,8,76.98009
1.93,7,76.982245
3.95,5,76.984359
3.95,5,76.98634
3.9,10,76.989514
1.95,5,76.991132
3.94,6,76.993539
1.95,5,76.995586
5.9,10,76.99872
3.91,9,77.00156
1.94,6,77.003587
13.91,9,77.006822
3.94,6,77.083059
3.94,6,77.085035
3.89,11,77.088388
1.97,3,77.089365
3.95,5,77.090957
5.88,12,77.09541
1.96,4,77.096787
1.94,6,77.09869
5.93,7,77.100897
1.92,8,77.103871
13.89,11,77.10743
1.92,8,77.110166
1.93,7,77.112673
1.94,6,77.114697
1.93,7,77.116991
1.94,6,77.119137
1.92,8,77.121908
5.9,10,77.125031
3.92,8,77.198166
1.94,6,77.200191
3.91,9,77.204114
3.9,10,77.207245
1.96,4,77.208527
1.93,7,77.211188
1.96,4,77.212533
1.92,8,77.215005
1.97,3,77.215989
1.97,3,77.21697
1.93,7,77.21929
3.95,5,77.221146
1.93,7,77.223305
1.95,5,77.224867
3.92,8,77.227303
1.94,6,77.229289
1.94,6,77.231707
1.92,8,77.234337
5.88,12,77.23794
5.91,9,77.311799
1.95,5,77.313566
1.96,4,77.314899
1.94,6,77.316837
5.9,10,77.320563
1.92,8,77.323159
3.94,6,77.325078
3.95,5,77.327126
5.9,10,77.330821
1.95,5,77.332536
1.97,3,77.333553
1.95,5,77.335557
1.95,5,77.33723
1.97,3,77.338224
1.96,4,77.339521
1.91,9,77.342269
3.94,6,77.344143
1.92,8,77.346585
3.89,11,77.350381
5.93,7,77.352564
1.95,5,77.423172
1.91,9,77.426046
3.91,9,77.428834
1.92,8,77.43129
1.91,9,77.434822
3.94,6,77.436786
3.93,7,77.438998
3.94,6,77.441012
3.94,6,77.44294
1.97,3,77.443965
13.89,11,77.447476
5.89,11,77.451463
5.88,12,77.455849
1.95,5,77.457651
1.91,9,77.460488
1.91,9,77.463285
1.93,7,77.536606
1.94,6,77.538639
3.9,10,77.541758
5.88,12,77.545827
3.91,9,77.548987
3.94,6,77.551045
1.97,3,77.552052
1.92,8,77.554485
1.92,8,77.557259
1.95,5,77.559017
3.95,5,77.560915
1.93,7,77.563155
1.89,11,77.566614
1.93,7,77.569138
5.87,13,77.573122
1.95,5,77.574687
3.95,5,77.576276
3.94,6,77.578656
3.93,7,77.656965
1.93,7,77.659486
1.94,6,77.661881
1.97,3,77.662975
13.87,13,77.667565
1.91,9,77.670443
1.97,3,77.671434
1.93,7,77.673625
1.91,9,77.676732
1.97,3,77.677834
5.9,10,77.680941
1.91,9,77.683941
1.97,3,77.685042
1.97,3,77.686052
3.93,7,77.688245
1.93,7,77.690511
1.97,3,77.691541
1.91,9,77.694739
1.97,3,77.695856
1.97,3,77.696901
1.92,8,77.777496
13.88,12,77.781264
3.93,7,77.78342
1.97,3,77.784543
1.94,6,77.787177
1.93,7,77.789486
5.9,10,77.792675
1.95,5,77.794464
3.9,10,77.797531
3.91,9,77.800653
1.95,5,77.802309
1.91,9,77.805169
3.91,9,77.807969
3.95,5,77.809776
3.94,6,77.811858
1.93,7,77.814098
3.88,12,77.81789
3.91,9,77.89103
1.94,6,77.893368
1.93,7,77.89566
5.9,10,77.89903
1.97,3,77.900212
1.97,3,77.901371
3.94,6,77.903336
-0.02,2,77.904053
1.92,8,77.906538
3.95,5,77.908127
13.89,11,77.912171
3.88,12,77.915874
1.92,8,77.918464
3.92,8,77.921312
5.87,13,77.925417
3.95,5,77.927302
1.97,3,77.928392
3.9,10,77.931924
1.94,6,78.009316
13.85,15,78.01398
1.95,5,78.01557
3.9,10,78.019234
3.91,9,78.022124
1.9,10,78.025253
1.91,9,78.028542
1.93,7,78.030757
1.95,5,78.032872
13.9,10,78.036032
3.92,8,78.038971
3.95,5,78.040675
3.93,7,78.042987
1.97,3,78.044002
1.95,5,78.0456
3.9,10,78.048668
3.93,7,78.133584
1.91,9,78.136689
1.92,8,78.139184
3.95,5,78.140898
5.87,13,78.14496
5.85,15,78.149442
5.88,12,78.153313
1.96,4,78.154653
3.92,8,78.157175
1.94,6,78.159093
1.92,8,78.162234
1.96,4,78.163598
3.9,10,78.166662
3.92,8,78.16917
5.88,12,78.173478
1.93,7,78.257966
1.97,3,78.259114
1.97,3,78.260322
3.9,10,78.263522
5.93,7,78.265741
3.94,6,78.267888
1.97,3,78.268986
13.85,15,78.273967
1.95,5,78.275626
3.94,6,78.277719
1.9,10,78.280912
5.92,8,78.283431
1.93,7,78.286054
1.94,6,78.288017
3.88,12,78.2922
1.93,7,78.294733
3.92,8,78.297295
1.92,8,78.299869
1.96,4,78.384802
5.93,7,78.387186
5.91,9,78.39002
3.94,6,78.391938
13.91,9,78.394759
3.95,5,78.396361
3.95,5,78.397963
1.92,8,78.40054
3.95,5,78.4022
1.96,4,78.403482
3.91,9,78.406256
3.95,5,78.407839
5.91,9,78.411157
3.93,7,78.413499
1.97,3,78.414523
1.96,4,78.41583
5.91,9,78.418614
1.93,7,78.421218
5.87,13,78.425327
1.91,9,78.504045
1.97,3,78.505124
1.96,4,78.506486
3.92,8,78.509131
1.93,7,78.511361
3.91,9,78.514114
1.97,3,78.515091
5.93,7,78.517228
13.87,13,78.521364
1.96,4,78.522688
1.95,5,78.524336
5.86,14,78.52882
3.94,6,78.530799
3.88,12,78.534892
5.92,8,78.537545
1.93,7,78.540113
1.91,9,78.543029
3.94,6,78.62549
5.89,11,78.629446
1.96,4,78.630795
1.94,6,78.632699
1.95,5,78.634768
1.96,4,78.636154
1.93,7,78.638375
5.88,12,78.642121
3.89,11,78.645635
1.96,4,78.646942
3.94,6,78.648835
1.91,9,78.651881
13.91,9,78.654881
5.93,7,78.657104
3.95,5,78.658708
1.89,11,78.662244
13.89,11,78.665979
5.9,10,78.739314
1.96,4,78.740927
3.91,9,78.744245
1.93,7,78.746918
3.9,10,78.750027
1.96,4,78.7515
3.92,8,78.754037
1.94,6,78.755929
3.95,5,78.757508
1.9,10,78.761084
3.91,9,78.76397
1.96,4,78.765266
1.96,4,78.76657
3.9,10,78.769861
1.96,4,78.771193
1.92,8,78.773686
3.93,7,78.775896
3.94,6,78.777801
3.9,10,78.844679
1.97,3,78.845741
3.94,6,78.847612
1.91,9,78.85032
1.92,8,78.853158
5.93,7,78.855519
3.9,10,78.85865
3.94,6,78.860935
3.91,9,78.863791
3.9,10,78.867048
3.93,7,78.869569
3.88,12,78.873383
1.9,10,78.876804
1.97,3,78.87788
3.92,8,78.880419
1.95,5,78.882053
1.97,3,78.883056
3.95,5,78.884746
1.91,9,78.958402
1.88,12,78.962233
5.88,12,78.966107
1.9,10,78.96944
3.91,9,78.972187
3.92,8,78.974597
3.91,9,78.977799
1.94,6,78.979646
5.93,7,78.981757
13.9,10,78.984871
-0.08,8,78.987594
5.93,7,78.989836
5.89,11,78.993715
5.91,9,78.99695
3.95,5,79.056347
1.93,7,79.05866
5.92,8,79.061586
1.97,3,79.062657
3.93,7,79.064979
3.87,13,79.069253
1.97,3,79.070271
1.91,9,79.073072
3.95,5,79.07466
3.95,5,79.076507
5.93,7,79.078824
1.91,9,79.08165
3.9,10,79.084732
13.87,13,79.08912
3.92,8,79.091688
1.96,4,79.093199
3.88,12,79.097173
5.86,14,79.176917
3.95,5,79.178657
5.93,7,79.18087
1.96,4,79.18242
3.93,7,79.185121
1.94,6,79.187075
5.87,13,79.191004
3.9,10,79.194338
3.93,7,79.196604
1.93,7,79.198825
3.93,7,79.201117
3.91,9,79.204477
5.91,9,79.207445
1.97,3,79.208476
1.94,6,79.210697
5.89,11,79.214146
5.92,8,79.290776
1.93,7,79.293107
3.9,10,79.296167
1.97,3,79.297153
1.94,6,79.299263
1.97,3,79.300543
3.89,11,79.30416
3.88,12,79.307853
1.97,3,79.308841
3.95,5,79.31077
1.92,8,79.313378
1.95,5,79.314997
1.95,5,79.316599
1.92,8,79.319175
1.92,8,79.321668
1.92,8,79.32416
1.89,11,79.327957
1.96,4,79.329272
5.87,13,79.404782
13.91,9,79.407632
3.9,10,79.411103
13.91,9,79.414335
1.97,3,79.415422
3.87,13,79.419668
3.92,8,79.422204
1.94,6,79.424423
3.89,11,79.428012
1.92,8,79.4305
3.95,5,79.432083
13.9,10,79.435477
5.89,11,79.43913
3.95,5,79.440795
5.88,12,79.444598
3.9,10,79.52171
1.97,3,79.522802
3.9,10,79.525926
5.9,10,79.529043
3.89,11,79.53267
3.89,11,79.536421
13.91,9,79.539253
3.9,10,79.542909
1.94,6,79.544939
1.93,7,79.547106
1.93,7,79.549251
1.95,5,79.551074
1.97,3,79.552133
3.92,8,79.554598
1.95,5,79.556187
1.95,5,79.557763
1.93,7,79.559926
5.9,10,79.629693
3.91,9,79.633118
1.95,5,79.63475
1.94,6,79.636621
3.94,6,79.639184
1.91,9,79.642171
1.93,7,79.6444
1.97,3,79.64541
1.94,6,79.647467
3.94,6,79.649602
1.96,4,79.651214
1.91,9,79.654042
3.9,10,79.65712
1.92,8,79.6608
1.95,5,79.662583
5.92,8,79.6651
3.91,9,79.66799
3.9,10,79.671037
1.94,6,79.735863
3.95,5,79.737585
1.92,8,79.7401
1.95,5,79.741892
3.95,5,79.744149
5.91,9,79.747336
1.92,8,79.749844
3.92,8,79.752418
1.97,3,79.753427
1.96,4,79.754791
5.93,7,79.757104
3.95,5,79.758766
1.96,4,79.760394
3.89,11,79.764098
5.93,7,79.766473
3.89,11,79.770025
-0.07,7,79.772208
3.92,8,79.774699
1.93,7,79.776963
1.89,11,79.848275
1.96,4,79.849624
1.92,8,79.85205
3.93,7,79.854193
13.91,9,79.857461
1.95,5,79.859273
1.95,5,79.861008
13.91,9,79.863836
5.93,7,79.866017
1.96,4,79.867336
1.94,6,79.869451
1.97,3,79.870957
1.95,5,79.8727
1.93,7,79.874907
1.96,4,79.876209
3.93,7,79.878599
-0.06,6,79.880563
1.97,3,79.88159
1.97,3,79.882593
3.95,5,79.884318
3.9,10,79.887748
1.94,6,79.955082
1.94,6,79.957029
1.96,4,79.958292
1.9,10,79.961317
1.95,5,79.962853
1.91,9,79.966197
3.95,5,79.96804
3.94,6,79.970016
1.97,3,79.971199
13.9,10,79.974411
3.93,7,79.976952
3.89,11,79.980411
1.97,3,79.9814
1.91,9,79.984135
1.93,7,79.986544
3.88,12,79.990366
1.97,3,79.991389
-0.03,3,79.992396
3.95,5,79.994243
1.96,4,79.995547
3.93,7,80.070754
3.9,10,80.073858
1.97,3,80.074848
5.91,9,80.077718
1.96,4,80.079516
3.89,11,80.083194
13.88,12,80.086878
1.9,10,80.090396
3.91,9,80.093471
1.92,8,80.096105
5.89,11,80.099533
13.89,11,80.103107
3.91,9,80.105853
1.97,3,80.106839
3.95,5,80.10841
5.88,12,80.181393
1.92,8,80.18396
1.97,3,80.184953
1.91,9,80.187691
5.91,9,80.191028
1.92,8,80.193861
1.96,4,80.195232
1.91,9,80.198079
1.92,8,80.200565
3.93,7,80.203474
3.92,8,80.206086
3.95,5,80.207696
1.91,9,80.210432
1.95,5,80.212314
1.97,3,80.213395
1.93,7,80.2156
1.97,3,80.216605
1.94,6,80.218597
3.9,10,80.221738
5.87,13,80.291803
1.91,9,80.294593
1.92,8,80.297017
5.9,10,80.300341
1.94,6,80.302286
1.95,5,80.303891
1.93,7,80.306065
1.96,4,80.307354
1.97,3,80.308849
1.93,7,80.311501
3.93,7,80.313808
3.9,10,80.317142
5.92,8,80.320117
3.89,11,80.323743
1.97,3,80.324768
1.91,9,80.32822
1.96,4,80.330079
1.93,7,80.332637
3.91,9,80.405345
1.97,3,80.406521
5.87,13,80.410822
5.88,12,80.415069
5.9,10,80.418484
3.94,6,80.420579
1.94,6,80.422471
3.95,5,80.424033
3.92,8,80.426672
1.93,7,80.428898
3.95,5,80.430523
5.92,8,80.433316
5.93,7,80.435777
3.91,9,80.438733
5.91,9,80.441842
3.91,9,80.444908
1.95,5,80.521987
1.91,9,80.524887
3.9,10,80.527942
1.96,4,80.529224
5.91,9,80.532405
1.93,7,80.534948
1.92,8,80.537541
1.93,7,80.539758
1.92,8,80.543013
1.97,3,80.544065
3.95,5,80.54566
1.97,3,80.546649
1.92,8,80.549087
1.92,8,80.551908
1.91,9,80.554963
1.97,3,80.55606
3.94,6,80.558027
3.89,11,80.561611
1.96,4,80.562904
1.94,6,80.634959
3.91,9,80.638023
5.93,7,80.640416
3.92,8,80.643179
1.93,7,80.645541
1.97,3,80.646829
1.94,6,80.64875
3.94,6,80.650664
13.87,13,80.654552
1.93,7,80.657119
3.9,10,80.661107
1.97,3,80.66222
1.92,8,80.6648
1.97,3,80.665817
1.92,8,80.668734
3.93,7,80.671132
3.95,5,80.672755
5.91,9,80.676037
1.94,6,80.678597
1.97,3,80.753827
1.97,3,80.75496
1.97,3,80.756028
1.94,6,80.757973
3.94,6,80.760214
3.92,8,80.762977
3.91,9,80.765855
13.86,14,80.770343
1.94,6,80.772336
1.93,7,80.774657
1.95,5,80.776366
3.91,9,80.779214
5.93,7,80.781506
3.92,8,80.784362
3.94,6,80.786343
5.91,9,80.789096
5.88,12,80.792702
1.93,7,80.794863
1.93,7,80.877536
3.95,5,80.879232
3.91,9,80.88204
1.95,5,80.883643
1.97,3,80.884721
5.93,7,80.886976
5.89,11,80.890445
3.94,6,80.89251
3.94,6,80.894433
1.97,3,80.895418
5.91,9,80.898162
13.91,9,80.900958
5.88,12,80.904704
1.9,10,80.907789
3.95,5,80.909821
1.97,3,80.911512
-0.06,6,80.913589
5.88,12,80.918014
1.97,3,80.987845
13.88,12,80.991692
1.91,9,80.994933
1.97,3,80.995994
1.92,8,80.998545
5.93,7,81.000752
1.95,5,81.002334
1.92,8,81.004813
3.89,11,81.008765
1.97,3,81.009984
3.94,6,81.011928
3.9,10,81.01498
1.95,5,81.016785
1.93,7,81.019166
5.91,9,81.022056
5.91,9,81.024849
3.89,11,81.028433
1.97,3,81.096808
3.94,6,81.098952
5.93,7,81.101536
3.91,9,81.104398
1.93,7,81.106799
1.95,5,81.108493
1.94,6,81.110548
3.95,5,81.112183
1.96,4,81.113479
1.97,3,81.11448
1.93,7,81.116671
1.97,3,81.117898
-0.06,6,81.120044
1.94,6,81.121955
1.97,3,81.122992
3.9,10,81.126089
5.93,7,81.128625
5.93,7,81.131045
1.96,4,81.132332
13.91,9,81.135156
1.91,9,81.13799
1.94,6,81.205041
1.93,7,81.20736
1.94,6,81.20926
3.94,6,81.211171
1.96,4,81.212468
3.9,10,81.216082
5.93,7,81.218486
5.91,9,81.221319
3.95,5,81.222923
1.97,3,81.223939
1.91,9,81.226964
1.93,7,81.229414
1.96,4,81.231064
1.96,4,81.232434
1.94,6,81.234508
1.94,6,81.236619
3.91,9,81.239625
1.93,7,81.241985
3.94,6,81.244348
1.94,6,81.246698
3.93,7,81.314898
1.92,8,81.317444
1.92,8,81.319878
13.9,10,81.322874
3.92,8,81.325815
3.91,9,81.329468
1.91,9,81.332324
3.93,7,81.33471
1.94,6,81.33672
1.97,3,81.337748
1.97,3,81.338751
1.92,8,81.341337
1.95,5,81.343274
1.97,3,81.344517
3.93,7,81.346873
3.92,8,81.349524
3.95,5,81.351144
1.97,3,81.352132
1.93,7,81.35437
5.89,11,81.422842
3.94,6,81.424892
1.97,3,81.425919
1.97,3,81.427051
1.91,9,81.430114
1.92,8,81.432715
1.97,3,81.433759
3.92,8,81.436461
1.97,3,81.437477
3.93,7,81.439681
5.93,7,81.441856
3.9,10,81.445281
5.92,8,81.447906
3.95,5,81.449697
1.97,3,81.451234
1.96,4,81.452743
3.94,6,81.454719
1.94,6,81.45664
13.9,10,81.46002
3.95,5,81.46162
1.92,8,81.464077
1.92,8,81.53331
1.96,4,81.534711
1.97,3,81.535743
3.94,6,81.537769
13.9,10,81.540938
1.97,3,81.542448
3.91,9,81.545572
1.96,4,81.546879
1.96,4,81.548172
5.93,7,81.5504
3.95,5,81.552231
13.91,9,81.555369
3.94,6,81.55733
5.92,8,81.560069
5.9,10,81.563368
1.93,7,81.565611
3.94,6,81.567648
5.92,8,81.570318
1.91,9,81.573103
1.96,4,81.574398
3.9,10,81.64307
3.94,6,81.645026
1.93,7,81.647201
1.97,3,81.648192
1.93,7,81.650929
3.92,8,81.653635
1.92,8,81.65608
3.91,9,81.658793
1.97,3,81.660376
1.95,5,81.66267
5.92,8,81.665278
1.94,6,81.667199
3.95,5,81.668803
3.91,9,81.672117
1.95,5,81.673978
1.93,7,81.676567
5.9,10,81.679692
1.96,4,81.681287
3.93,7,81.683667
1.95,5,81.750311
1.97,3,81.751703
1.97,3,81.752775
1.96,4,81.754067
5.9,10,81.757145
3.95,5,81.758833
5.93,7,81.761407
13.91,9,81.764289
1.96,4,81.76561
1.97,3,81.766632
3.91,9,81.769691
3.95,5,81.771532
3.93,7,81.773794
5.9,10,81.776961
1.97,3,81.777976
1.97,3,81.778975
3.91,9,81.781807
5.91,9,81.784839
3.89,11,81.788185
3.95,5,81.789748
1.92,8,81.860862
1.94,6,81.862954
3.95,5,81.864551
1.94,6,81.86643
3.94,6,81.868311
1.91,9,81.87186
5.92,8,81.874456
13.87,13,81.879137
3.9,10,81.882937
1.9,10,81.886094
1.97,3,81.887088
3.89,11,81.89097
3.94,6,81.893233
1.94,6,81.895236
1.96,4,81.896508
1.94,6,81.89834
5.91,9,81.901561
1.97,3,81.90257
13.88,12,81.98511
3.89,11,81.988581
1.91,9,81.991373
3.89,11,81.995875
5.89,11,81.999384
13.87,13,82.003608
1.95,5,82.005551
3.95,5,82.007242
13.91,9,82.010039
5.88,12,82.013978
3.92,8,82.016579
3.92,8,82.019307
1.97,3,82.020419
3.95,5,82.022058
3.95,5,82.023663
1.94,6,82.025562
1.94,6,82.10404
3.95,5,82.105787
3.93,7,82.10849
5.89,11,82.112251
5.88,12,82.116134
1.97,3,82.117307
5.91,9,82.120136
3.93,7,82.12264
3.95,5,82.12435
1.96,4,82.125682
5.91,9,82.128619
3.93,7,82.130906
3.92,8,82.133434
1.95,5,82.135073
1.95,5,82.136712
5.91,9,82.139513
1.97,3,82.140503
1.95,5,82.142147
1.97,3,82.143227
1.92,8,82.219476
5.92,8,82.222144
1.95,5,82.223767
3.93,7,82.226091
1.96,4,82.227455
5.93,7,82.229686
3.95,5,82.231288
1.96,4,82.232581
1.94,6,82.234603
1.97,3,82.235698
3.9,10,82.238798
1.93,7,82.241033
3.95,5,82.242903
3.95,5,82.24518
13.91,9,82.247995
1.95,5,82.24956
1.93,7,82.251889
3.92,8,82.254442
5.93,7,82.256658
1.95,5,82.25826
1.93,7,82.260945
1.95,5,82.327785
5.91,9,82.330701
1.97,3,82.331708
1.97,3,82.332705
1.97,3,82.3337
3.95,5,82.335278
5.92,8,82.338287
1.97,3,82.339399
1.97,3,82.340587
3.95,5,82.342317
1.93,7,82.344713
-0.04,4,82.346032
1.91,9,82.348794
5.87,13,82.352825
3.92,8,82.355365
3.95,5,82.356967
3.93,7,82.35921
3.9,10,82.362435
3.89,11,82.36582
3.95,5,82.367597
1.95,5,82.446549
1.94,6,82.448593
5.91,9,82.451349
3.95,5,82.452962
1.93,7,82.455128
1.97,3,82.456562
1.94,6,82.458597
3.95,5,82.460492
5.9,10,82.463673
1.91,9,82.46646
5.93,7,82.469083
1.93,7,82.471347
3.9,10,82.474422
3.88,12,82.478242
5.88,12,82.482026
1.95,5,82.483628
13.89,11,82.487117
1.92,8,82.562535
3.95,5,82.564253
3.95,5,82.565897
1.91,9,82.568903
1.95,5,82.570561
1.96,4,82.571889
1.91,9,82.574708
1.96,4,82.576186
1.96,4,82.577932
5.93,7,82.580253
3.92,8,82.582756
5.88,12,82.5867
13.87,13,82.591031
1.97,3,82.592062
3.9,10,82.595099
1.97,3,82.596173
5.93,7,82.598476
1.97,3,82.59948
3.93,7,82.602022
3.9,10,82.683982
-0.06,6,82.686158
1.94,6,82.688089
1.93,7,82.690291
3.91,9,82.693399
1.94,6,82.695419
1.91,9,82.698178
1.96,4,82.699455
5.89,11,82.703123
5.93,7,82.705428
3.93,7,82.707682
13.86,14,82.712208
5.88,12,82.715879
3.9,10,82.718972
5.9,10,82.722011
1.96,4,82.723292
1.93,7,82.805541
1.92,8,82.808043
1.94,6,82.809871
3.94,6,82.811706
1.94,6,82.813944
5.91,9,82.816942
1.97,3,82.817969
13.91,9,82.82097
3.93,7,82.823186
1.95,5,82.824769
1.93,7,82.827181
1.97,3,82.828175
3.9,10,82.83115
3.92,8,82.833528
13.88,12,82.837642
3.92,8,82.840238
3.95,5,82.841863
3.93,7,82.844324
5.9,10,82.919233
1.97,3,82.920273
13.9,10,82.92328
3.88,12,82.927321
3.95,5,82.929083
1.92,8,82.931639
3.91,9,82.934559
1.97,3,82.93566
1.97,3,82.93667
3.95,5,82.93825
3.95,5,82.939821
1.92,8,82.94241
5.89,11,82.94581
1.97,3,82.946798
3.91,9,82.949536
13.84,16,82.954713
1.95,5,82.956339
5.93,7,83.048019
1.97,3,83.049158
1.92,8,83.05167
3.9,10,83.054716
5.89,11,83.05852
1.92,8,83.061153
1.97,3,83.062153
5.9,10,83.065183
1.97,3,83.06617
3.87,13,83.070276
1.97,3,83.071425
5.93,7,83.073696
1.94,6,83.075614
1.95,5,83.077742
13.88,12,83.081692
1.96,4,83.083029
1.96,4,83.084627
-0.07,7,83.087058
1.97,3,83.088063
1.94,6,83.090212
3.95,5,83.168815
5.88,12,83.172621
3.94,6,83.17452
5.93,7,83.17713
1.96,4,83.178652
1.92,8,83.181317
5.88,12,83.185404
1.93,7,83.18797
3.95,5,83.189681
1.94,6,83.191699
1.91,9,83.19451
1.95,5,83.196082
1.93,7,83.198518
1.94,6,83.200655
5.93,7,83.203685
1.93,7,83.205949
1.96,4,83.207317
3.95,5,83.208952
1.95,5,83.210941
1.93,7,83.286094
13.91,9,83.289076
1.95,5,83.29072
1.92,8,83.293394
5.86,14,83.297644
1.97,3,83.29862
3.92,8,83.301296
1.92,8,83.303806
1.94,6,83.305687
3.9,10,83.308752
3.92,8,83.311379
1.92,8,83.313824
1.95,5,83.315387
1.94,6,83.317253
3.92,8,83.320114
3.91,9,83.323316
1.96,4,83.324669
1.95,5,83.40108
1.95,5,83.402956
1.95,5,83.404621
3.95,5,83.406243
5.9,10,83.409566
5.88,12,83.413799
3.94,6,83.415698
3.89,11,83.418991
5.89,11,83.422869
1.96,4,83.424284
1.92,8,83.426992
1.97,3,83.428048
3.92,8,83.43084
1.96,4,83.43223
1.94,6,83.434139
1.92,8,83.436575
3.88,12,83.440192
1.93,7,83.442336
1.94,6,83.516653
1.94,6,83.518632
1.97,3,83.519631
1.95,5,83.52122
1.94,6,83.523088
1.97,3,83.524075
3.92,8,83.526953
3.94,6,83.528962
1.9,10,83.532119
13.91,9,83.534913
1.97,3,83.535916
3.94,6,83.537824
1.97,3,83.53902
3.95,5,83.54071
1.92,8,83.543223
13.87,13,83.547182
3.93,7,83.54969
3.9,10,83.55309
1.97,3,83.554154
1.93,7,83.556375
1.96,4,83.630522
1.93,7,83.632942
3.9,10,83.63622
1.92,8,83.638723
1.93,7,83.6411
3.92,8,83.643697
3.93,7,83.645921
1.91,9,83.648713
3.9,10,83.651947
1.97,3,83.652982
13.91,9,83.655754
1.94,6,83.657614
1.95,5,83.659191
1.94,6,83.661058
1.94,6,83.662906
1.91,9,83.665637
1.95,5,83.667218
5.9,10,83.670701
3.95,5,83.735909
1.95,5,83.737649
1.94,6,83.739573
3.95,5,83.741208
1.95,5,83.743094
1.95,5,83.745052
1.95,5,83.7467
3.94,6,83.7486
5.87,13,83.752978
1.97,3,83.75403
5.91,9,83.756865
1.95,5,83.758479
1.97,3,83.759484
1.94,6,83.761413
13.88,12,83.765109
3.91,9,83.767899
3.92,8,83.770376
3.95,5,83.771963
13.87,13,83.775935
1.97,3,83.854487
1.96,4,83.855935
3.9,10,83.859003
1.97,3,83.859982
3.91,9,83.862724
1.93,7,83.865435
3.95,5,83.867328
1.95,5,83.869021
1.93,7,83.871238
1.95,5,83.872815
1.92,8,83.875988
1.95,5,83.877678
1.97,3,83.878676
3.92,8,83.881166
3.89,11,83.884813
1.92,8,83.887458
3.95,5,83.889078
1.94,6,83.890985
1.96,4,83.892289
1.96,4,83.893583
5.93,7,83.895777
3.91,9,83.967867
13.91,9,83.970721
5.93,7,83.972882
1.97,3,83.973863
5.92,8,83.976922
3.95,5,83.97864
1.93,7,83.981006
3.93,7,83.983324
5.92,8,83.985866
1.93,7,83.988073
3.94,6,83.989976
3.91,9,83.992773
5.93,7,83.994965
3.94,6,83.996889
13.91,9,83.999963
1.97,3,84.000988
1.93,7,84.003179
3.92,8,84.005648
3.93,7,84.068172
1.93,7,84.070604
3.95,5,84.072251
1.95,5,84.073879
1.97,3,84.074895
1.97,3,84.076106
3.91,9,84.079396
1.93,7,84.081649
3.95,5,84.083281
3.93,7,84.085726
1.96,4,84.087042
13.91,9,84.089818
1.97,3,84.090815
1.95,5,84.092374
13.87,13,84.09638
1.95,5,84.097991
1.93,7,84.100182
1.92,8,84.102661
13.9,10,84.105784
1.97,3,84.106793
3.92,8,84.109283
1.95,5,84.188843
3.94,6,84.190808
1.94,6,84.192672
1.96,4,84.193951
3.91,9,84.196696
1.96,4,84.197954
3.91,9,84.200668
1.96,4,84.201915
1.94,6,84.203755
5.93,7,84.206056
3.95,5,84.207926
1.96,4,84.209266
1.96,4,84.210561
1.94,6,84.212408
3.93,7,84.214542
5.93,7,84.217185
1.97,3,84.218345
5.9,10,84.221613
13.91,9,84.224469
3.95,5,84.226149
5.9,10,84.293444
1.94,6,84.29553
3.93,7,84.297735
1.97,3,84.298733
1.97,3,84.299722
3.95,5,84.301304
3.94,6,84.303657
3.92,8,84.306357
1.97,3,84.307389
3.89,11,84.310841
1.97,3,84.311882
5.93,7,84.314108
3.95,5,84.315756
3.91,9,84.31866
3.94,6,84.320598
1.97,3,84.32164
1.94,6,84.323575
1.97,3,84.324605
1.97,3,84.325625
1.97,3,84.326649
1.94,6,84.328541
1.97,3,84.329528
3.95,5,84.331377
1.91,9,84.334161
1.96,4,84.335477
13.87,13,84.411406
5.88,12,84.415212
5.93,7,84.418024
1.97,3,84.419138
1.93,7,84.421386
5.93,7,84.423581
1.95,5,84.425166
13.91,9,84.42838
1.92,8,84.431108
3.92,8,84.433669
1.96,4,84.435156
1.93,7,84.437549
3.95,5,84.439197
1.94,6,84.441095
3.91,9,84.443989
1.97,3,84.445007
1.97,3,84.446029
1.94,6,84.44794
3.93,7,84.526231
1.97,3,84.527417
3.94,6,84.529457
1.95,5,84.531042
1.97,3,84.532044
3.92,8,84.534508
1.97,3,84.535693
1.94,6,84.537632
3.91,9,84.540401
3.95,5,84.542011
5.91,9,84.544832
1.97,3,84.546263
3.94,6,84.548354
1.97,3,84.549406
5.9,10,84.552745
5.9,10,84.555901
3.91,9,84.55886
1.96,4,84.560245
13.87,13,84.564227
3.94,6,84.566081
3.93,7,84.645068
1.95,5,84.646794
1.97,3,84.647797
5.92,8,84.65026
1.92,8,84.652705
3.9,10,84.65629
3.95,5,84.65801
1.96,4,84.659508
3.95,5,84.661146
13.91,9,84.663903
3.95,5,84.665965
13.91,9,84.668989
3.95,5,84.670762
1.93,7,84.672985
5.89,11,84.676725
1.97,3,84.677781
3.95,5,84.679383
3.94,6,84.68126
1.97,3,84.682246
1.93,7,84.68447
1.97,3,84.685475
1.96,4,84.686753
1.93,7,84.757941
1.95,5,84.759619
5.92,8,84.762089
1.97,3,84.76307
3.9,10,84.766481
1.92,8,84.769228
3.95,5,84.771072
3.95,5,84.772726
3.91,9,84.775482
1.97,3,84.776807
1.91,9,84.779702
3.95,5,84.781319
3.91,9,84.784084
1.97,3,84.78561
1.94,6,84.787854
3.95,5,84.789434
5.92,8,84.791889
1.97,3,84.793122
3.95,5,84.794824
3.95,5,84.796415
5.93,7,84.798595
1.96,4,84.864071
5.93,7,84.866387
1.93,7,84.868591
1.97,3,84.869582
3.95,5,84.87125
5.91,9,84.874539
5.89,11,84.878278
1.97,3,84.87932
1.97,3,84.880319
1.97,3,84.881321
3.95,5,84.883063
1.95,5,84.884956
1.94,6,84.886961
13.89,11,84.890429
5.93,7,84.892666
1.94,6,84.894583
3.91,9,84.897404
3.93,7,84.899623
3.94,6,84.901516
5.91,9,84.904321
3.93,7,84.974678
5.91,9,84.977529
1.95,5,84.979088
3.95,5,84.980638
3.93,7,84.98277
5.93,7,84.985571
1.93,7,84.987827
1.93,7,84.99
1.97,3,84.99098
1.94,6,84.99291
1.96,4,84.994424
1.97,3,84.995776
1.97,3,84.996813
1.94,6,84.998678
3.95,5,85.000371
3.95,5,85.002148
3.94,6,85.004102
1.97,3,85.005131
1.93,7,85.007351
3.93,7,85.009623
1.97,3,85.010682
3.95,5,85.012309
1.97,3,85.013299
13.91,9,85.016069
3.92,8,85.080345
3.95,5,85.082002
1.96,4,85.083304
3.95,5,85.085355
5.92,8,85.088217
1.97,3,85.089288
1.93,7,85.091639
1.96,4,85.092991
1.96,4,85.09436
3.95,5,85.095972
1.97,3,85.096965
1.97,3,85.09797
3.94,6,85.099856
3.9,10,85.10302
1.95,5,85.104631
1.95,5,85.106222
3.94,6,85.108127
1.97,3,85.109126
3.95,5,85.1108
1.92,8,85.113301
1.93,7,85.115493
5.91,9,85.118412
3.92,8,85.186429
1.96,4,85.187841
5.93,7,85.190046
1.96,4,85.191343
1.93,7,85.193524
5.9,10,85.197146
1.97,3,85.198244
5.93,7,85.20061
5.93,7,85.202851
1.94,6,85.204913
5.92,8,85.207668
3.93,7,85.210023
3.95,5,85.211649
5.93,7,85.213824
3.95,5,85.215581
1.92,8,85.218402
1.95,5,85.2202
1.96,4,85.2216
3.94,6,85.223515
1.95,5,85.225111
1.95,5,85.226724
1.96,4,85.228032
1.97,3,85.294502
13.91,9,85.297418
3.95,5,85.29901
5.93,7,85.301395
1.96,4,85.302827
1.97,3,85.303855
5.93,7,85.306061
1.94,6,85.30796
3.95,5,85.3096
1.95,5,85.311335
1.93,7,85.31356
1.97,3,85.314541
1.94,6,85.316427
1.97,3,85.3175
13.9,10,85.320627
1.93,7,85.322789
3.93,7,85.324971
1.95,5,85.326928
3.9,10,85.330048
5.93,7,85.332183
1.94,6,85.33402
3.95,5,85.400972
1.95,5,85.402737
3.92,8,85.405233
1.97,3,85.40622
3.91,9,85.408975
13.91,9,85.412559
1.97,3,85.413606
5.92,8,85.416066
1.97,3,85.417053
3.95,5,85.419018
1.92,8,85.421912
3.92,8,85.42449
1.96,4,85.425811
1.97,3,85.426999
1.93,7,85.429306
3.93,7,85.431531
1.93,7,85.433726
5.9,10,85.436835
3.92,8,85.43932
5.88,12,85.443119
1.97,3,85.515209
1.97,3,85.516294
1.92,8,85.518997
5.9,10,85.522358
5.9,10,85.525529
3.93,7,85.527811
1.93,7,85.530011
3.95,5,85.531609
3.93,7,85.533797
5.93,7,85.536409
1.97,3,85.537483
1.93,7,85.539678
5.93,7,85.541867
1.9,10,85.545427
1.93,7,85.547765
3.95,5,85.549397
13.91,9,85.55238
3.94,6,85.554301
1.97,3,85.5553
3.91,9,85.622652
1.94,6,85.624685
3.92,8,85.627925
1.92,8,85.630665
5.92,8,85.633276
3.93,7,85.635759
3.91,9,85.638641
3.93,7,85.640858
1.97,3,85.64186
3.95,5,85.643653
1.97,3,85.644687
1.97,3,85.645683
3.92,8,85.648156
1.97,3,85.649138
1.94,6,85.651144
1.97,3,85.652214
1.95,5,85.65385
3.95,5,85.655458
1.95,5,85.657059
1.97,3,85.658048
5.9,10,85.661678
5.91,9,85.729449
13.9,10,85.732738
1.95,5,85.734317
1.95,5,85.735897
3.95,5,85.737466
1.94,6,85.739351
3.92,8,85.741779
1.92,8,85.744198
1.97,3,85.745166
1.97,3,85.746139
3.91,9,85.749336
5.89,11,85.752926
1.96,4,85.754237
5.89,11,85.757633
3.94,6,85.760102
1.97,3,85.761274
1.92,8,85.763846
1.92,8,85.76636
3.91,9,85.769252
1.97,3,85.770264
1.97,3,85.841049
3.91,9,85.844117
1.97,3,85.845145
5.93,7,85.847359
5.92,8,85.849858
5.93,7,85.852224
1.94,6,85.854156
3.95,5,85.855755
5.92,8,85.858234
1.93,7,85.860422
5.89,11,85.863794
3.9,10,85.866872
13.9,10,85.869941
1.93,7,85.872111
1.97,3,85.873103
13.88,12,85.877191
3.95,5,85.87882
1.95,5,85.880381
3.93,7,85.97171
1.94,6,85.973751
1.97,3,85.974766
5.92,8,85.977247
5.93,7,85.979448
3.92,8,85.982682
1.97,3,85.983899
5.89,11,85.987685
1.95,5,85.989364
1.94,6,85.991656
1.97,3,85.992746
13.89,11,85.996617
1.96,4,85.998038
5.93,7,86.000283
13.91,9,86.003617
1.96,4,86.004971
1.94,6,86.00683
1.97,3,86.007832
1.94,6,86.009687
1.94,6,86.011957
1.97,3,86.013067
3.92,8,86.087361
5.93,7,86.089737
3.94,6,86.091979
1.95,5,86.094014
1.97,3,86.095231
3.95,5,86.097088
5.93,7,86.099442
3.89,11,86.103066
1.96,4,86.104463
1.96,4,86.105812
1.97,3,86.106863
3.93,7,86.109116
1.97,3,86.110211
1.97,3,86.111204
1.94,6,86.113093
1.94,6,86.114981
1.95,5,86.116699
3.93,7,86.119501
13.9,10,86.123085
13.9,10,86.126121
13.9,10,86.129125
5.92,8,86.203862
13.9,10,86.207197
-0.05,5,86.208818
1.97,3,86.209829
5.93,7,86.212484
3.95,5,86.214225
1.97,3,86.215262
1.97,3,86.216401
1.97,3,86.21756
1.96,4,86.219199
1.93,7,86.221545
1.94,6,86.22351
3.95,5,86.225229
3.94,6,86.227315
1.97,3,86.228387
1.97,3,86.229499
1.96,4,86.230892
5.89,11,86.234514
5.93,7,86.236744
1.95,5,86.238341
3.93,7,86.2407
1.97,3,86.241782
3.95,5,86.243684
3.95,5,86.245698
1.96,4,86.247051
1.97,3,86.320399
1.94,6,86.322543
1.96,4,86.3239
3.91,9,86.327735
1.97,3,86.328863
1.97,3,86.329943
1.95,5,86.33176
1.95,5,86.333547
5.91,9,86.33684
3.95,5,86.338516
3.95,5,86.3401
5.91,9,86.343528
1.97,3,86.344529
3.95,5,86.346099
13.91,9,86.348914
5.93,7,86.351136
3.93,7,86.353374
3.91,9,86.356129
3.94,6,86.357995
5.93,7,86.360247
1.97,3,86.361544
1.94,6,86.363516
1.93,7,86.427424
1.93,7,86.429746
1.96,4,86.431055
3.95,5,86.432671
1.94,6,86.435068
5.92,8,86.437729
13.87,13,86.441713
3.92,8,86.444358
1.92,8,86.447354
3.94,6,86.449355
1.97,3,86.450561
1.96,4,86.452721
1.97,3,86.453817
3.95,5,86.455744
13.91,9,86.458775
3.94,6,86.461072
1.93,7,86.463306
5.9,10,86.466756
1.96,4,86.468268
1.97,3,86.469321
3.9,10,86.548034
3.95,5,86.549694
1.93,7,86.552262
3.91,9,86.555242
1.94,6,86.557171
5.92,8,86.559885
3.93,7,86.562209
1.97,3,86.563225
1.97,3,86.564242
3.94,6,86.566146
1.97,3,86.567138
1.97,3,86.568286
1.97,3,86.569345
3.94,6,86.571307
3.95,5,86.572933
5.93,7,86.575155
1.94,6,86.577718
1.94,6,86.579764
3.94,6,86.581863
1.95,5,86.583548
1.93,7,86.585908
1.97,3,86.586953
-0.02,2,86.587639
1.94,6,86.652486
3.94,6,86.654515
3.93,7,86.656691
1.93,7,86.658862
1.96,4,86.6605
1.97,3,86.661944
3.93,7,86.664268
1.92,8,86.666797
1.97,3,86.667913
1.97,3,86.669076
3.95,5,86.670811
5.93,7,86.673029
1.97,3,86.674033
3.92,8,86.676674
1.94,6,86.678616
3.92,8,86.681081
1.96,4,86.682359
1.96,4,86.683633
5.91,9,86.686564
1.97,3,86.687584
13.91,9,86.690488
1.97,3,86.691509
3.92,8,86.694031
3.94,6,86.757164
1.94,6,86.759172
1.97,3,86.760491
5.92,8,86.763075
-0.02,2,86.763768
1.96,4,86.765114
3.92,8,86.767638
13.87,13,86.771518
1.97,3,86.772483
3.92,8,86.775081
5.92,8,86.778064
1.97,3,86.779089
1.97,3,86.780086
1.97,3,86.781124
3.95,5,86.782684
5.92,8,86.785406
1.97,3,86.786721
5.91,9,86.789627
3.92,8,86.792189
13.91,9,86.809099
1.91,9,86.815559
1.97,3,86.896841
5.9,10,86.900032
13.9,10,86.903092
3.95,5,86.904667
1.96,4,86.906325
3.93,7,86.908657
1.94,6,86.911248
1.96,4,86.912571
3.95,5,86.914159
1.97,3,86.915167
3.95,5,86.917108
1.97,3,86.918234
3.94,6,86.920134
1.97,3,86.92112
1.96,4,86.92238
1.96,4,86.923652
1.96,4,86.924922
1.97,3,86.925993
1.94,6,86.927849
3.91,9,86.930575
13.91,9,86.933301
1.95,5,86.934872
1.93,7,86.937455
1.97,3,86.938529
1.96,4,87.00571
1.97,3,87.006776
1.96,4,87.00807
5.91,9,87.010854
3.95,5,87.012451
1.94,6,87.014727
13.9,10,87.018192
5.92,8,87.020741
3.93,7,87.022923
1.97,3,87.023932
1.96,4,87.025191
3.93,7,87.027469
3.95,5,87.029331
1.97,3,87.030462
1.97,3,87.031469
1.92,8,87.034132
5.92,8,87.037291
1.95,5,87.03895
1.97,3,87.039976
3.94,6,87.041987
1.97,3,87.043121
5.93,7,87.045399
1.97,3,87.04642
1.94,6,87.113848
3.94,6,87.115888
5.9,10,87.119468
1.97,3,87.120539
13.89,11,87.124348
3.95,5,87.126139
3.95,5,87.127831
3.93,7,87.130044
3.92,8,87.132562
3.94,6,87.134572
1.97,3,87.135601
5.93,7,87.137835
1.97,3,87.138854
3.91,9,87.141846
1.97,3,87.14292
1.97,3,87.143947
5.93,7,87.146153
1.95,5,87.147795
5.93,7,87.15
1.97,3,87.151053
1.97,3,87.15207
1.95,5,87.153671
1.96,4,87.154971
1.95,5,87.227475
1.94,6,87.229502
1.96,4,87.230815
1.95,5,87.232396
1.96,4,87.233677
3.91,9,87.236804
1.95,5,87.238579
5.92,8,87.241123
1.97,3,87.242145
3.92,8,87.24496
1.97,3,87.246124
3.93,7,87.248554
3.93,7,87.251119
5.9,10,87.254463
1.97,3,87.255467
1.95,5,87.257376
1.96,4,87.258695
3.92,8,87.261186
1.96,4,87.262468
5.93,7,87.264647
13.91,9,87.267678
1.97,3,87.268877
5.9,10,87.338367
1.93,7,87.34069
3.92,8,87.343515
3.95,5,87.34526
1.95,5,87.346939
3.93,7,87.349205
5.93,7,87.351605
3.95,5,87.3533
1.97,3,87.354338
3.94,6,87.356265
5.93,7,87.358476
1.95,5,87.36056
13.9,10,87.364017
1.97,3,87.365091
1.93,7,87.367433
1.96,4,87.369147
1.93,7,87.371774
1.96,4,87.373178
1.96,4,87.374531
1.95,5,87.376384
5.93,7,87.378719
5.91,9,87.446634
1.97,3,87.447735
1.96,4,87.449057
3.92,8,87.451543
5.92,8,87.454138
3.95,5,87.456196
1.97,3,87.4573
3.94,6,87.459292
3.95,5,87.461019
3.93,7,87.463197
1.93,7,87.46552
1.94,6,87.467491
3.91,9,87.470553
3.92,8,87.473105
5.92,8,87.475622
5.93,7,87.478004
3.94,6,87.47988
3.92,8,87.482331
1.97,3,87.483304
1.97,3,87.484279
3.95,5,87.48585
3.95,5,87.487749
1.97,3,87.552792
5.92,8,87.555451
1.97,3,87.55646
1.95,5,87.558041
1.93,7,87.560339
1.95,5,87.562363
3.94,6,87.564397
1.97,3,87.565425
1.94,6,87.567334
3.95,5,87.569002
1.94,6,87.571007
1.94,6,87.573091
-0.02,2,87.573829
13.89,11,87.577394
1.97,3,87.57841
13.91,9,87.581199
3.93,7,87.58389
1.96,4,87.58518
1.97,3,87.586171
1.95,5,87.587724
13.91,9,87.590446
3.92,8,87.593338
-0.02,2,87.594029
1.96,4,87.665637
3.95,5,87.667529
3.94,6,87.669751
-0.02,2,87.670454
1.96,4,87.671741
3.93,7,87.67389
1.97,3,87.675052
1.97,3,87.676277
1.97,3,87.677544
3.91,9,87.680437
3.95,5,87.682052
1.94,6,87.683944
-0.02,2,87.684652
1.96,4,87.685928
3.93,7,87.688102
5.92,8,87.690603
1.93,7,87.692775
1.93,7,87.694954
1.96,4,87.696226
3.95,5,87.697804
1.97,3,87.698788
3.95,5,87.700361
1.95,5,87.701925
1.97,3,87.702905
1.94,6,87.704771
1.97,3,87.705755
3.95,5,87.707594
1.97,3,87.77207
3.95,5,87.773758
3.95,5,87.775358
1.97,3,87.776349
5.9,10,87.779415
3.95,5,87.781384
1.95,5,87.783144
1.94,6,87.785098
3.93,7,87.787309
3.95,5,87.788912
5.91,9,87.792267
1.96,4,87.793689
13.91,9,87.796493
1.96,4,87.797764
1.94,6,87.799644
1.97,3,87.800823
13.91,9,87.804082
3.95,5,87.805705
5.92,8,87.808169
13.88,12,87.812076
13.87,13,87.886511
1.95,5,87.888211
3.95,5,87.889818
1.97,3,87.890944
1.93,7,87.89364
3.95,5,87.895391
5.92,8,87.897938
5.93,7,87.900149
1.97,3,87.901207
1.95,5,87.902875
5.93,7,87.905092
1.97,3,87.906084
-0.02,2,87.906782
-0.05,5,87.908379
1.95,5,87.91039
3.95,5,87.912116
5.9,10,87.915233
1.97,3,87.916239
5.92,8,87.918693
3.95,5,87.920678
1.94,6,87.922693
3.95,5,87.924427
1.94,6,87.926508
1.94,6,87.992104
1.96,4,87.993505
1.93,7,87.995714
3.95,5,87.997329
1.96,4,87.99888
1.97,3,87.999987
1.97,3,88.001304
3.92,8,88.004032
3.95,5,88.00565
1.93,7,88.007822
1.93,7,88.010047
1.93,7,88.012226
1.94,6,88.014104
3.95,5,88.015703
1.94,6,88.017586
5.93,7,88.019935
1.94,6,88.021914
3.92,8,88.024455
1.96,4,88.025767
3.92,8,88.028385
1.95,5,88.030315
1.97,3,88.031371
3.94,6,88.033277
1.94,6,88.092429
5.89,11,88.096257
1.96,4,88.097628
1.97,3,88.09862
3.95,5,88.10052
1.96,4,88.101866
1.94,6,88.103737
3.94,6,88.105634
3.94,6,88.107489
1.97,3,88.108457
3.92,8,88.110884
3.95,5,88.112441
3.95,5,88.114018
3.93,7,88.116166
1.93,7,88.118418
5.93,7,88.120615
3.95,5,88.122194
1.96,4,88.123471
3.95,5,88.125038
5.92,8,88.128014
1.96,4,88.12944
1.96,4,88.130773
1.93,7,88.202751
1.97,3,88.203869
3.95,5,88.205514
1.96,4,88.206829
1.97,3,88.208328
1.94,6,88.210348
13.89,11,88.214081
1.95,5,88.215754
1.94,6,88.217895
1.96,4,88.219271
1.97,3,88.220288
13.91,9,88.223131
3.95,5,88.224727
1.95,5,88.226344
3.94,6,88.22823
1.96,4,88.229541
1.97,3,88.230622
1.95,5,88.232247
3.91,9,88.235275
3.95,5,88.237132
5.89,11,88.240582
1.97,3,88.241579
5.93,7,88.243777
1.93,7,88.317472
3.95,5,88.319198
5.93,7,88.321411
3.93,7,88.323592
1.97,3,88.324578
-0.02,2,88.325269
3.95,5,88.327214
3.91,9,88.330487
1.94,6,88.33251
13.91,9,88.335429
3.93,7,88.33766
1.97,3,88.338673
1.97,3,88.339681
1.93,7,88.341947
1.95,5,88.34365
3.95,5,88.345252
1.95,5,88.346815
1.96,4,88.348083
3.95,5,88.349652
1.94,6,88.351681
1.96,4,88.35306
13.9,10,88.356193
1.97,3,88.357199
3.93,7,88.426136
1.96,4,88.427565
5.93,7,88.429794
1.92,8,88.432274
3.94,6,88.43417
13.87,13,88.43814
5.92,8,88.440619
3.95,5,88.442201
3.94,6,88.444064
1.95,5,88.445656
3.95,5,88.447243
1.93,7,88.449411
5.89,11,88.452771
1.96,4,88.45406
3.93,7,88.456401
1.97,3,88.457468
1.95,5,88.459247
3.94,6,88.46128
1.97,3,88.462309
1.97,3,88.463319
5.93,7,88.4655
1.96,4,88.546217
1.97,3,88.547373
1.95,5,88.549002
3.93,7,88.55121
1.94,6,88.553093
3.95,5,88.554673
5.92,8,88.55762
5.92,8,88.560314
3.95,5,88.561945
5.92,8,88.564483
3.9,10,88.567608
1.97,3,88.568602
3.92,8,88.571096
1.93,7,88.57328
5.93,7,88.575499
3.91,9,88.578282
1.96,4,88.579568
1.96,4,88.581166
1.96,4,88.582514
1.95,5,88.584108
5.91,9,88.586897
1.97,3,88.653025
5.91,9,88.655975
1.95,5,88.657563
5.9,10,88.660663
1.97,3,88.661804
1.96,4,88.663541
3.92,8,88.666135
1.94,6,88.668239
1.93,7,88.670567
1.96,4,88.671884
1.94,6,88.673786
5.92,8,88.676385
1.97,3,88.677456
1.97,3,88.67848
1.96,4,88.679791
1.95,5,88.681451
5.92,8,88.684021
3.95,5,88.686058
3.95,5,88.687782
1.97,3,88.688791
3.95,5,88.690421
1.96,4,88.691728
3.95,5,88.693408
3.92,8,88.761807
3.94,6,88.763866
1.95,5,88.765461
1.93,7,88.767634
3.92,8,88.770075
1.97,3,88.771431
1.93,7,88.773842
3.95,5,88.775504
5.93,7,88.778048
1.93,7,88.780295
3.95,5,88.78211
1.97,3,88.783203
1.97,3,88.784283
1.94,6,88.786306
3.92,8,88.788795
1.94,6,88.790667
3.91,9,88.794065
3.95,5,88.795658
1.93,7,88.797814
1.96,4,88.799086
1.97,3,88.80006
1.92,8,88.802876
1.93,7,88.865905
3.91,9,88.868886
1.97,3,88.869892
1.94,6,88.871796
1.97,3,88.872809
1.95,5,88.874794
1.97,3,88.875883
5.93,7,88.878062
1.95,5,88.879619
3.94,6,88.881493
3.95,5,88.883054
3.95,5,88.884749
1.94,6,88.886932
1.97,3,88.88795
1.93,7,88.890407
3.95,5,88.892066
1.95,5,88.893668
3.95,5,88.895462
1.97,3,88.896537
1.94,6,88.898467
5.9,10,88.901764
1.97,3,88.9028
3.95,5,88.904403
13.91,9,88.907173
1.93,7,88.976619
5.93,7,88.978861
1.93,7,88.981005
5.93,7,88.983124
3.95,5,88.985096
3.94,6,88.987159
1.95,5,88.988778
3.95,5,88.990382
3.95,5,88.991955
1.95,5,88.9939
1.97,3,88.995374
3.95,5,88.997072
1.94,6,88.998996
1.97,3,89.000016
5.91,9,89.003169
5.93,7,89.005402
3.94,6,89.007315
1.97,3,89.008325
3.94,6,89.010283
5.93,7,89.012487
5.88,12,89.016211
1.94,6,89.09065
1.97,3,89.091791
3.95,5,89.093727
3.92,8,89.096323
3.92,8,89.098768
1.97,3,89.099937
1.96,4,89.101269
13.91,9,89.104095
5.9,10,89.110232
1.96,4,89.111541
3.95,5,89.113137
1.97,3,89.114126
3.95,5,89.115721
13.9,10,89.119001
1.94,6,89.121357
1.94,6,89.123308
3.9,10,89.126406
1.92,8,89.128936
3.95,5,89.13066
3.94,6,89.1327
3.91,9,89.199568
1.97,3,89.200688
1.94,6,89.203233
5.93,7,89.205464
3.94,6,89.207331
1.94,6,89.209624
3.95,5,89.211208
1.97,3,89.21217
1.94,6,89.213979
1.96,4,89.215245
3.93,7,89.217368
1.97,3,89.218339
1.92,8,89.221739
3.94,6,89.223759
5.93,7,89.225987
1.97,3,89.226982
1.97,3,89.227981
1.97,3,89.228969
3.92,8,89.231449
5.91,9,89.234226
3.93,7,89.236385
1.97,3,89.237367
3.91,9,89.240146
1.95,5,89.241721
1.93,7,89.304455
1.93,7,89.306756
3.95,5,89.308385
1.97,3,89.309402
5.92,8,89.311955
5.93,7,89.31417
5.9,10,89.317281
3.94,6,89.319185
13.88,12,89.322905
1.93,7,89.325086
3.9,10,89.32816
1.93,7,89.330696
3.92,8,89.333282
1.97,3,89.334274
1.97,3,89.335244
1.92,8,89.337669
3.94,6,89.339656
3.95,5,89.341534
3.95,5,89.343303
3.92,8,89.416768
1.94,6,89.418752
3.91,9,89.42151
1.93,7,89.423725
5.91,9,89.427135
3.92,8,89.429644
3.95,5,89.431222
1.93,7,89.433377
13.91,9,89.43643
1.93,7,89.438666
1.97,3,89.439656
3.95,5,89.441262
1.96,4,89.442557
5.9,10,89.445664
1.96,4,89.44696
3.92,8,89.449461
1.94,6,89.451329
1.95,5,89.45292
1.97,3,89.454087
3.95,5,89.456236
1.97,3,89.520457
5.89,11,89.523963
1.97,3,89.524962
1.93,7,89.527146
1.97,3,89.52815
1.96,4,89.529735
1.95,5,89.531634
13.91,9,89.534734
1.97,3,89.536172
1.97,3,89.537249
3.92,8,89.53977
1.96,4,89.541066
3.95,5,89.543054
1.94,6,89.545095
3.93,7,89.547293
1.94,6,89.549173
1.97,3,89.550169
3.93,7,89.552529
3.91,9,89.555434
1.97,3,89.556426
1.95,5,89.557996
3.94,6,89.559878
1.97,3,89.560858
5.93,7,89.632014
1.97,3,89.633179
3.91,9,89.636225
1.97,3,89.63727
1.97,3,89.638279
1.97,3,89.639269
5.91,9,89.642257
1.95,5,89.643951
1.94,6,89.645842
1.96,4,89.647137
5.93,7,89.64933
3.93,7,89.65164
1.93,7,89.653878
1.95,5,89.655469
1.96,4,89.656744
5.9,10,89.660321
3.93,7,89.662726
1.94,6,89.664651
5.93,7,89.666834
3.91,9,89.669922
1.95,5,89.671606
1.93,7,89.673785
3.95,5,89.739171
1.96,4,89.740546
5.93,7,89.742783
5.93,7,89.74513
1.93,7,89.747603
1.97,3,89.748848
1.96,4,89.75014
1.95,5,89.75185
3.92,8,89.75438
3.91,9,89.757138
5.89,11,89.760587
1.95,5,89.762231
3.94,6,89.76419
1.97,3,89.765222
1.97,3,89.766246
3.95,5,89.768259
1.94,6,89.770313
1.96,4,89.771644
3.95,5,89.773258
1.96,4,89.774554
3.95,5,89.776148
3.91,9,89.778938
3.91,9,89.851765
1.96,4,89.853142
5.91,9,89.855953
3.94,6,89.857856
1.93,7,89.860044
1.92,8,89.862506
1.97,3,89.863498
1.91,9,89.866265
1.95,5,89.867853
3.94,6,89.869746
3.94,6,89.872301
3.93,7,89.874729
1.97,3,89.875946
1.96,4,89.8775
1.93,7,89.879719
1.94,6,89.881702
3.94,6,89.883641
1.97,3,89.884629
1.93,7,89.886763
1.96,4,89.88802
1.97,3,89.888995
5.88,12,89.95987
3.95,5,89.961638
1.96,4,89.96295
3.94,6,89.964866
3.91,9,89.967645
3.93,7,89.970275
1.97,3,89.971372
1.96,4,89.972703
1.97,3,89.973717
5.87,13,89.978096
3.9,10,89.981249
1.97,3,89.982232
3.95,5,89.983807
3.93,7,89.985966
1.92,8,89.988421
1.97,3,89.9894
1.95,5,89.990955
3.95,5,89.992522
3.9,10,89.995521
5.93,7,89.997673
13.9,10,90.078658
1.92,8,90.081333
1.92,8,90.083818
3.95,5,90.085403
3.92,8,90.088236
3.91,9,90.091264
1.97,3,90.092279
1.93,7,90.09449
1.97,3,90.095489
3.94,6,90.097373
3.91,9,90.100371
1.95,5,90.101992
13.87,13,90.105994
1.92,8,90.108472
5.93,7,90.111015
3.95,5,90.112967
1.97,3,90.113997
1.96,4,90.11526
3.95,5,90.116815
1.95,5,90.118361
5.93,7,90.199197
1.96,4,90.200706
3.95,5,90.202343
3.94,6,90.2044
1.93,7,90.206965
1.96,4,90.208424
1.97,3,90.20983
3.94,6,90.211866
5.89,11,90.215284
3.95,5,90.216883
1.97,3,90.217881
3.94,6,90.22021
3.91,9,90.223078
1.96,4,90.224361
1.92,8,90.227016
3.95,5,90.228799
1.96,4,90.230297
3.94,6,90.23222
3.95,5,90.233803
1.97,3,90.234793
1.92,8,90.237243
3.93,7,90.239656
5.91,9,90.313307
1.95,5,90.315089
1.93,7,90.317283
3.95,5,90.318867
3.95,5,90.320443
1.94,6,90.322458
1.94,6,90.324656
1.92,8,90.327223
5.93,7,90.329644
3.91,9,90.332571
3.93,7,90.335175
3.9,10,90.338423
1.96,4,90.339719
3.93,7,90.341902
3.95,5,90.343875
3.93,7,90.34613
1.93,7,90.348306
5.93,7,90.350478
3.91,9,90.353215
5.92,8,90.418888
13.89,11,90.422369
1.96,4,90.423664
3.9,10,90.426689
1.93,7,90.429393
1.94,6,90.431653
3.95,5,90.433302
3.9,10,90.436399
1.97,3,90.437396
5.9,10,90.440893
1.97,3,90.441944
1.96,4,90.443593
3.9,10,90.446853
1.92,8,90.449374
13.88,12,90.453525
1.97,3,90.454551
1.91,9,90.457323
1.95,5,90.458881
1.93,7,90.532758
1.94,6,90.53484
3.93,7,90.537043
1.95,5,90.538652
5.9,10,90.542112
3.93,7,90.544588
1.92,8,90.547086
3.95,5,90.548666
3.95,5,90.550255
3.92,8,90.552735
3.95,5,90.554313
5.9,10,90.557334
5.93,7,90.559573
3.91,9,90.562793
3.93,7,90.564991
3.92,8,90.567438
3.94,6,90.569337
5.93,7,90.571896
1.93,7,90.574139
3.92,8,90.654797
1.97,3,90.655863
1.97,3,90.656851
1.94,6,90.658711
1.95,5,90.660268
3.95,5,90.662163
1.91,9,90.665312
3.95,5,90.666964
1.95,5,90.668576
3.92,8,90.671071
3.9,10,90.674498
3.91,9,90.677514
3.9,10,90.680603
3.89,11,90.684352
1.93,7,90.68668
3.95,5,90.688312
5.93,7,90.690498
1.96,4,90.691774
1.95,5,90.693339
1.97,3,90.694317
1.97,3,90.762087
1.91,9,90.765226
1.97,3,90.766258
1.97,3,90.76725
1.97,3,90.768242
1.97,3,90.769224
1.93,7,90.77179
1.95,5,90.773561
1.97,3,90.774556
5.92,8,90.77701
3.92,8,90.779458
1.94,6,90.781919
13.88,12,90.785553
3.91,9,90.788291
1.93,7,90.790942
1.94,6,90.793324
1.94,6,90.795271
1.97,3,90.796264
3.92,8,90.798676
1.97,3,90.799638
1.94,6,90.801858
5.9,10,90.8779
1.95,5,90.879595
5.9,10,90.882624
5.92,8,90.885063
1.96,4,90.886677
1.95,5,90.888523
13.87,13,90.892621
5.89,11,90.896078
3.91,9,90.898892
5.88,12,90.902598
1.93,7,90.904786
1.96,4,90.906095
3.91,9,90.908866
5.89,11,90.91266
1.97,3,90.913742
1.97,3,90.914748
1.93,7,90.916939
3.92,8,90.994557
1.96,4,90.995952
5.88,12,90.999646
3.91,9,91.002404
1.92,8,91.005456
5.92,8,91.008029
5.93,7,91.010436
13.9,10,91.013614
5.89,11,91.01704
3.92,8,91.019751
3.92,8,91.022401
3.95,5,91.024053
1.92,8,91.026597
5.9,10,91.029709
3.94,6,91.031601
1.92,8,91.034093
1.95,5,91.105643
1.96,4,91.107042
1.97,3,91.108048
1.97,3,91.109045
1.97,3,91.110029
3.94,6,91.111896
5.91,9,91.115051
3.91,9,91.118261
13.86,14,91.122888
1.97,3,91.123903
5.88,12,91.12831
1.94,6,91.130304
1.94,6,91.132445
3.95,5,91.134091
13.89,11,91.137586
3.89,11,91.141006
3.9,10,91.144315
1.93,7,91.146736
3.89,11,91.231788
3.91,9,91.234631
3.91,9,91.237369
1.94,6,91.239218
1.96,4,91.240486
5.93,7,91.242632
1.97,3,91.243594
3.91,9,91.246661
3.91,9,91.249502
1.92,8,91.251981
1.94,6,91.253843
13.89,11,91.257783
3.93,7,91.26014
3.91,9,91.263052
3.91,9,91.26588
3.89,11,91.269351
1.93,7,91.338928
-0.06,6,91.340895
1.97,3,91.341905
1.96,4,91.343182
3.9,10,91.346248
1.94,6,91.348557
1.92,8,91.35127
1.96,4,91.352723
1.97,3,91.353758
1.96,4,91.355086
1.94,6,91.35699
1.95,5,91.358598
1.97,3,91.359745
1.95,5,91.361452
3.95,5,91.363067
1.97,3,91.36406
1.92,8,91.36651
1.96,4,91.36814
1.96,4,91.369771
3.95,5,91.371631
1.97,3,91.372683
1.97,3,91.373708
1.93,7,91.375957
1.97,3,91.377239
5.89,11,91.380911
3.89,11,91.454933
5.93,7,91.457222
13.87,13,91.461927
5.9,10,91.4651
1.94,6,91.466986
13.88,12,91.470707
3.92,8,91.473167
1.94,6,91.475024
1.97,3,91.476008
3.95,5,91.477575
1.94,6,91.479436
1.94,6,91.48128
1.97,3,91.482255
3.94,6,91.48411
1.96,4,91.485378
3.9,10,91.488389
1.97,3,91.489359
1.95,5,91.49091
3.94,6,91.570437
3.95,5,91.572255
1.97,3,91.573289
5.93,7,91.575515
3.91,9,91.578325
1.97,3,91.579328
3.91,9,91.582545
13.91,9,91.585454
1.94,6,91.587333
3.92,8,91.5898
5.89,11,91.593642
3.91,9,91.596495
3.94,6,91.598411
1.96,4,91.599742
5.89,11,91.60343
1.96,4,91.604761
1.94,6,91.606629
1.96,4,91.607902
3.91,9,91.610659
3.9,10,91.683355
1.96,4,91.684889
1.93,7,91.687139
1.97,3,91.688156
13.9,10,91.691279
13.9,10,91.694385
1.95,5,91.69599
1.97,3,91.696999
3.95,5,91.698584
1.97,3,91.69957
3.9,10,91.702666
1.93,7,91.704848
1.92,8,91.707932
3.91,9,91.711103
3.94,6,91.713079
1.93,7,91.715252
1.94,6,91.717137
13.91,9,91.720229
1.93,7,91.722462
1.96,4,91.787499
3.95,5,91.789265
1.95,5,91.790869
3.95,5,91.79246
1.94,6,91.794367
1.94,6,91.796253
1.94,6,91.79837
3.95,5,91.799953
1.92,8,91.802356
1.97,3,91.803319
13.87,13,91.807604
1.97,3,91.808762
1.94,6,91.810724
3.95,5,91.812327
1.97,3,91.813321
3.9,10,91.816379
3.95,5,91.818326
1.97,3,91.81939
5.9,10,91.822466
3.95,5,91.82404
3.92,8,91.82649
1.97,3,91.827472
13.91,9,91.906599
1.95,5,91.908444
1.92,8,91.911561
1.97,3,91.912654
3.91,9,91.915892
3.95,5,91.917664
1.97,3,91.918857
3.95,5,91.920492
1.97,3,91.921492
1.92,8,91.923947
3.92,8,91.926655
1.93,7,91.928815
3.94,6,91.930694
3.92,8,91.933118
3.95,5,91.935
1.94,6,91.937057
3.89,11,91.940502
3.92,8,91.943016
3.95,5,91.944607
1.96,4,91.945899
1.96,4,91.947211
1.95,5,92.01977
5.9,10,92.022986
5.93,7,92.02519
1.93,7,92.027375
3.91,9,92.03014
3.95,5,92.031714
3.94,6,92.033581
3.94,6,92.035429
1.97,3,92.036396
1.93,7,92.039074
1.94,6,92.041068
1.97,3,92.042073
1.95,5,92.04365
13.87,13,92.047798
1.97,3,92.049018
3.9,10,92.052548
1.94,6,92.054476
3.91,9,92.057245
3.95,5,92.059121
1.93,7,92.154691
5.89,11,92.158581
1.97,3,92.15996
1.94,6,92.162088
1.97,3,92.163124
3.95,5,92.164989
3.95,5,92.166657
3.95,5,92.16832
3.95,5,92.169912
1.93,7,92.172046
1.95,5,92.173983
1.97,3,92.175254
1.97,3,92.176442
1.94,6,92.178792
1.97,3,92.179877
3.95,5,92.181503
1.95,5,92.18312
1.94,6,92.185536
5.93,7,92.187868
1.95,5,92.189493
1.97,3,92.190514
1.97,3,92.191513
5.93,7,92.193916
13.91,9,92.196831
1.96,4,92.198151
1.97,3,92.272471
3.95,5,92.274286
1.96,4,92.275615
1.95,5,92.277337
1.97,3,92.278334
1.97,3,92.279351
3.93,7,92.281794
1.96,4,92.283144
1.97,3,92.284167
3.95,5,92.286377
3.91,9,92.289252
1.93,7,92.291457
1.97,3,92.29245
3.93,7,92.294995
5.93,7,92.297234
1.97,3,92.298223
1.97,3,92.299209
3.92,8,92.30167
1.95,5,92.303239
3.9,10,92.306738
1.94,6,92.308735
3.91,9,92.311724
3.92,8,92.314258
1.94,6,92.383029
1.96,4,92.384503
13.88,12,92.388376
1.97,3,92.389385
13.89,11,92.393115
3.93,7,92.395525
13.86,14,92.399812
3.92,8,92.402474
1.97,3,92.403626
5.92,8,92.406203
3.95,5,92.407809
1.97,3,92.408813
1.97,3,92.409802
1.93,7,92.41198
3.91,9,92.415227
3.93,7,92.417528
3.94,6,92.419431
5.91,9,92.422188
1.97,3,92.423536
1.96,4,92.503584
3.91,9,92.506586
5.93,7,92.508778
3.92,8,92.511335
1.97,3,92.512322
1.92,8,92.515162
1.96,4,92.516533
3.92,8,92.519033
1.97,3,92.520035
3.95,5,92.521616
5.89,11,92.525302
3.91,9,92.528222
1.96,4,92.529548
1.93,7,92.531744
1.97,3,92.532744
13.9,10,92.535995
1.93,7,92.538199
1.97,3,92.53919
1.97,3,92.540171
5.93,7,92.542584
1.97,3,92.543733
1.95,5,92.545725
1.92,8,92.616524
5.9,10,92.619636
1.94,6,92.621488
5.93,7,92.624462
1.93,7,92.626771
1.96,4,92.628131
5.92,8,92.630609
5.87,13,92.635103
1.97,3,92.636238
1.97,3,92.637275
3.92,8,92.639798
3.94,6,92.641702
3.95,5,92.643334
3.95,5,92.644925
3.93,7,92.64711
1.95,5,92.648682
1.97,3,92.64967
1.97,3,92.650656
5.88,12,92.65431
1.92,8,92.733804
1.97,3,92.734971
3.95,5,92.736615
5.93,7,92.738836
-0.07,7,92.741024
3.93,7,92.743732
1.97,3,92.745183
5.93,7,92.747491
1.93,7,92.749699
3.93,7,92.751869
1.93,7,92.754353
1.93,7,92.756625
1.97,3,92.75765
3.91,9,92.760612
5.93,7,92.762816
1.95,5,92.764395
3.95,5,92.765956
1.91,9,92.768675
1.94,6,92.77053
1.94,6,92.772366
1.97,3,92.773361
3.93,7,92.836754
1.96,4,92.838212
3.93,7,92.840539
1.97,3,92.841631
1.92,8,92.844151
1.94,6,92.846041
5.9,10,92.849089
3.95,5,92.850653
3.91,9,92.853375
3.94,6,92.855231
1.93,7,92.857378
1.97,3,92.858358
3.92,8,92.860778
1.97,3,92.861751
1.97,3,92.862709
5.93,7,92.864877
3.95,5,92.866445
1.92,8,92.868876
5.93,7,92.871009
1.95,5,92.872937
3.92,8,92.875591
5.93,7,92.942861
1.97,3,92.943959
1.92,8,92.946405
1.97,3,92.94738
1.96,4,92.948635
3.93,7,92.950749
3.93,7,92.953318
1.96,4,92.954721
5.93,7,92.957014
1.97,3,92.958047
1.97,3,92.95947
1.97,3,92.960631
1.96,4,92.961949
3.95,5,92.963535
1.96,4,92.964813
3.95,5,92.966372
3.91,9,92.969236
3.89,11,92.972868
5.93,7,92.975138
1.92,8,92.977772
3.94,6,92.979688
3.95,5,92.981285
3.94,6,92.983152
1.93,7,93.055664
3.95,5,93.057374
1.96,4,93.058671
5.91,9,93.061434
13.91,9,93.064591
3.93,7,93.067026
3.92,8,93.069518
5.88,12,93.073169
3.95,5,93.075002
1.97,3,93.076167
1.95,5,93.077888
1.93,7,93.080116
1.93,7,93.082306
1.97,3,93.08328
1.93,7,93.086151
3.95,5,93.08788
1.96,4,93.089184
3.9,10,93.09239
-0.06,6,93.094685
1.93,7,93.096957
3.93,7,93.169534
13.89,11,93.172974
1.97,3,93.173963
1.96,4,93.175264
1.92,8,93.178279
1.92,8,93.180799
1.97,3,93.181773
1.92,8,93.184227
3.93,7,93.186392
1.97,3,93.187631
3.92,8,93.190307
3.95,5,93.191941
1.93,7,93.194152
1.93,7,93.196338
13.89,11,93.199732
5.93,7,93.201901
1.97,3,93.203024
1.97,3,93.204238
1.96,4,93.205564
5.93,7,93.2077
1.95,5,93.209248
3.95,5,93.280147
3.92,8,93.282751
5.93,7,93.284948
3.95,5,93.286539
1.95,5,93.288621
13.86,14,93.293141
5.93,7,93.295331
1.97,3,93.296327
3.93,7,93.298926
5.93,7,93.301369
1.94,6,93.303309
3.9,10,93.306411
1.93,7,93.308597
1.97,3,93.309589
1.96,4,93.310865
3.91,9,93.313625
3.95,5,93.315207
1.95,5,93.316799
1.97,3,93.317787
5.93,7,93.31996
1.97,3,93.40018
5.87,13,93.404256
5.91,9,93.407003
5.92,8,93.40979
3.95,5,93.41153
13.91,9,93.414583
3.91,9,93.417378
5.93,7,93.419959
1.91,9,93.422851
1.92,8,93.425393
3.93,7,93.427636
13.91,9,93.430467
3.93,7,93.432649
1.94,6,93.43454
1.95,5,93.436335
1.93,7,93.438551
3.95,5,93.440137
5.92,8,93.514782
3.92,8,93.517345
1.92,8,93.519822
3.91,9,93.522935
3.93,7,93.525501
1.94,6,93.527697
1.93,7,93.529994
1.93,7,93.532228
1.94,6,93.534182
3.92,8,93.536676
1.94,6,93.538538
3.95,5,93.540088
5.93,7,93.542741
1.97,3,93.543785
1.96,4,93.545058
5.9,10,93.548051
1.93,7,93.550181
3.91,9,93.553719
5.92,8,93.619277
1.96,4,93.620676
3.95,5,93.622282
1.97,3,93.623275
1.94,6,93.625166
1.97,3,93.626158
1.97,3,93.627149
5.93,7,93.629871
1.95,5,93.631779
3.95,5,93.633464
1.94,6,93.635549
1.94,6,93.637461
1.95,5,93.639035
1.97,3,93.64002
3.92,8,93.642449
1.97,3,93.643496
1.93,7,93.645689
1.97,3,93.646682
1.94,6,93.648557
1.97,3,93.649549
1.93,7,93.651848
1.97,3,93.652841
1.97,3,93.65382
5.93,7,93.655944
3.94,6,93.657793
13.89,11,93.722112
1.97,3,93.723188
1.96,4,93.724475
3.95,5,93.726042
3.95,5,93.727621
1.91,9,93.730351
1.95,5,93.732359
1.97,3,93.733483
1.93,7,93.735743
1.97,3,93.736769
3.91,9,93.739593
5.93,7,93.741791
3.95,5,93.743721
1.97,3,93.744859
1.95,5,93.746544
3.93,7,93.748759
5.93,7,93.750949
3.95,5,93.75253
5.93,7,93.755226
5.9,10,93.758406
3.95,5,93.760003
1.96,4,93.761312
5.93,7,93.763535
1.92,8,93.831531
1.93,7,93.833739
1.97,3,93.834717
1.93,7,93.836847
1.94,6,93.838889
1.96,4,93.840467
1.95,5,93.84218
3.94,6,93.844294
3.94,6,93.846227
1.95,5,93.847831
5.92,8,93.850547
3.95,5,93.852425
1.94,6,93.854344
5.93,7,93.856528
3.91,9,93.859286
3.94,6,93.861417
1.94,6,93.863359
1.97,3,93.864356
3.95,5,93.865945
3.95,5,93.867529
3.93,7,93.870451
3.92,8,93.932786
5.93,7,93.935072
1.96,4,93.936369
1.97,3,93.937363
1.94,6,93.939237
5.92,8,93.942102
5.9,10,93.945477
3.95,5,93.947079
5.93,7,93.949289
1.97,3,93.950295
1.94,6,93.952201
1.97,3,93.953201
1.95,5,93.954831
1.93,7,93.957092
3.95,5,93.958731
1.94,6,93.960823
1.97,3,93.961841
3.93,7,93.964011
1.93,7,93.966642
1.92,8,93.969238
1.97,3,93.970254
5.91,9,93.973061
1.92,8,94.04149
1.97,3,94.042566
1.93,7,94.04484
3.95,5,94.046449
1.93,7,94.048585
1.97,3,94.049566
3.95,5,94.052971
1.92,8,94.056162
1.94,6,94.05811
1.97,3,94.059102
3.93,7,94.061487
5.93,7,94.06384
3.95,5,94.065461
1.94,6,94.067405
3.95,5,94.069209
1.96,4,94.070512
1.96,4,94.071964
3.95,5,94.073618
5.93,7,94.075833
3.91,9,94.079001
1.96,4,94.080372
3.95,5,94.082386
3.92,8,94.085119
3.91,9,94.150612
3.94,6,94.152827
3.9,10,94.155992
1.96,4,94.15731
3.95,5,94.15893
3.94,6,94.160836
1.92,8,94.163943
1.95,5,94.165575
3.95,5,94.167163
1.96,4,94.168839
1.97,3,94.169944
1.95,5,94.171544
3.91,9,94.174506
1.97,3,94.175538
1.93,7,94.178076
3.95,5,94.179729
5.88,12,94.183656
1.94,6,94.185741
1.95,5,94.187364
1.92,8,94.189867
3.95,5,94.264723
3.95,5,94.266466
1.95,5,94.268082
1.93,7,94.270279
3.95,5,94.271885
1.97,3,94.272873
13.91,9,94.275668
3.91,9,94.278455
1.97,3,94.279457
5.93,7,94.281635
1.97,3,94.282623
3.95,5,94.284227
1.96,4,94.285504
5.92,8,94.287978
5.93,7,94.290189
1.95,5,94.292238
3.95,5,94.293908
5.93,7,94.296082
1.97,3,94.297067
1.97,3,94.298046
1.93,7,94.300196
3.95,5,94.302331
5.9,10,94.305578
3.94,6,94.373194
3.94,6,94.375195
1.92,8,94.377673
1.96,4,94.37894
1.97,3,94.379906
5.9,10,94.383459
1.97,3,94.384562
1.94,6,94.386455
5.92,8,94.38896
1.94,6,94.390847
1.92,8,94.393309
1.97,3,94.394305
1.97,3,94.395302
1.97,3,94.396304
1.97,3,94.397284
5.88,12,94.400932
1.95,5,94.40251
1.97,3,94.403488
1.97,3,94.40447
3.95,5,94.406037
1.97,3,94.40702
1.97,3,94.408005
1.96,4,94.409286
3.94,6,94.411174
1.97,3,94.412152
1.97,3,94.486751
1.93,7,94.489158
3.95,5,94.490782
1.95,5,94.49238
1.94,6,94.494275
1.93,7,94.496451
1.92,8,94.49945
1.95,5,94.501148
3.89,11,94.504539
1.95,5,94.5061
5.93,7,94.508692
5.92,8,94.511447
3.94,6,94.513393
1.95,5,94.515009
1.95,5,94.516609
5.92,8,94.519116
1.94,6,94.521019
1.94,6,94.522903
1.97,3,94.523912
3.95,5,94.525497
1.93,7,94.527682
3.95,5,94.597223
-0.05,5,94.598911
1.95,5,94.600493
3.93,7,94.602664
3.93,7,94.604819
1.96,4,94.606422
5.93,7,94.608764
1.93,7,94.610974
3.95,5,94.612581
3.92,8,94.61509
3.95,5,94.616699
1.93,7,94.618886
1.97,3,94.619876
5.93,7,94.622051
3.9,10,94.625242
1.95,5,94.626934
5.93,7,94.629128
1.93,7,94.631488
1.96,4,94.632812
5.93,7,94.635073
1.95,5,94.636675
1.97,3,94.637675
1.97,3,94.703211
1.93,7,94.705528
3.89,11,94.708981
1.95,5,94.711025
3.95,5,94.712944
3.95,5,94.714603
1.95,5,94.716224
1.96,4,94.717517
3.95,5,94.71912
1.96,4,94.72042
1.97,3,94.721409
1.97,3,94.722402
-0.02,2,94.723095
1.95,5,94.724677
1.97,3,94.725688
1.92,8,94.728319
3.95,5,94.729953
1.94,6,94.731836
1.97,3,94.732825
5.93,7,94.73502
1.93,7,94.737468
5.93,7,94.739695
5.93,7,94.742019
1.95,5,94.743757
3.94,6,94.816254
1.97,3,94.817361
1.97,3,94.818363
1.94,6,94.820232
13.88,12,94.823832
1.93,7,94.826434
5.93,7,94.828737
1.95,5,94.830344
5.89,11,94.833703
1.95,5,94.835531
1.95,5,94.837265
13.9,10,94.840459
3.95,5,94.842083
1.92,8,94.844531
-0.06,6,94.846366
1.94,6,94.848291
1.97,3,94.849372
3.95,5,94.851003
3.91,9,94.854044
5.89,11,94.928916
5.92,8,94.931918
3.93,7,94.934115
1.97,3,94.935104
1.97,3,94.936085
3.93,7,94.938524
3.93,7,94.940868
3.94,6,94.94282
1.97,3,94.943851
1.97,3,94.944852
3.93,7,94.947077
3.95,5,94.948682
1.94,6,94.950584
5.93,7,94.952783
1.93,7,94.955159
1.97,3,94.956198
1.97,3,94.957202
1.96,4,94.95875
1.96,4,94.960361
13.86,14,94.964621
3.92,8,94.967095
1.94,6,94.969206
3.92,8,95.052208
1.97,3,95.053314
1.93,7,95.055525
1.97,3,95.056528
1.96,4,95.057825
1.94,6,95.05971
1.97,3,95.060701
5.91,9,95.063475
3.92,8,95.065954
3.92,8,95.068418
3.94,6,95.070425
3.93,7,95.072992
1.95,5,95.07464
1.97,3,95.075686
3.91,9,95.079017
5.91,9,95.082155
5.88,12,95.085852
1.94,6,95.087712
1.96,4,95.088963
3.93,7,95.091344
1.94,6,95.093497
1.97,3,95.164645
3.93,7,95.166936
3.95,5,95.168646
1.96,4,95.169959
5.88,12,95.173659
1.96,4,95.174944
1.97,3,95.175957
3.94,6,95.178338
3.91,9,95.181245
1.96,4,95.182534
3.93,7,95.184845
1.97,3,95.185905
1.95,5,95.187891
3.93,7,95.19015
3.95,5,95.191763
13.91,9,95.194641
1.96,4,95.195961
1.96,4,95.197255
3.94,6,95.19914
1.93,7,95.201513
1.94,6,95.203911
1.95,5,95.205585
3.93,7,95.281605
1.96,4,95.282984
13.88,12,95.287174
1.93,7,95.289411
3.9,10,95.293046
3.92,8,95.295591
1.96,4,95.296873
13.88,12,95.300705
1.94,6,95.302772
5.93,7,95.304944
1.92,8,95.307388
1.93,7,95.309651
3.95,5,95.311435
1.97,3,95.312464
5.91,9,95.31527
1.96,4,95.316571
3.94,6,95.318592
3.95,5,95.320258
1.97,3,95.321265
1.95,5,95.394885
1.95,5,95.396711
3.91,9,95.399974
5.9,10,95.403098
3.91,9,95.406154
1.97,3,95.407199
1.94,6,95.409088
5.93,7,95.412217
1.96,4,95.413673
1.97,3,95.41509
1.95,5,95.416706
1.97,3,95.417698
3.94,6,95.419557
3.95,5,95.421121
1.97,3,95.422092
1.97,3,95.423059
1.95,5,95.424936
3.92,8,95.427606
3.92,8,95.430119
3.94,6,95.43205
5.92,8,95.434641
1.92,8,95.437162
1.92,8,95.504823
3.95,5,95.506501
5.93,7,95.508719
-0.04,4,95.510027
1.94,6,95.51188
3.95,5,95.513441
3.94,6,95.515293
1.96,4,95.516561
3.95,5,95.518274
5.93,7,95.520565
5.93,7,95.522766
1.96,4,95.524071
3.95,5,95.525662
3.95,5,95.527284
1.97,3,95.528266
1.93,7,95.530421
3.95,5,95.532233
3.91,9,95.535564
1.94,6,95.537647
3.93,7,95.53983
1.97,3,95.541141
1.97,3,95.542255
3.95,5,95.544245
3.95,5,95.545918
1.94,6,95.610657
3.92,8,95.613157
3.91,9,95.615858
1.97,3,95.616817
3.95,5,95.618747
5.9,10,95.622059
1.95,5,95.623698
1.97,3,95.624692
1.93,7,95.626895
3.91,9,95.630119
3.92,8,95.63279
3.94,6,95.63468
3.91,9,95.637433
1.95,5,95.639216
1.97,3,95.640283
3.95,5,95.641888
1.95,5,95.643513
3.95,5,95.645126
3.92,8,95.647637
5.92,8,95.650119
1.97,3,95.715939
3.95,5,95.717627
5.93,7,95.719791
3.95,5,95.721353
3.95,5,95.722899
-0.06,6,95.724964
1.93,7,95.727476
3.92,8,95.729986
1.93,7,95.732148
5.92,8,95.734673
13.88,12,95.738315
3.95,5,95.739871
3.95,5,95.741494
1.97,3,95.742472
1.97,3,95.743908
1.97,3,95.745135
1.93,7,95.747541
1.93,7,95.749665
1.97,3,95.750626
1.93,7,95.752744
1.96,4,95.753997
3.91,9,95.757146
3.95,5,95.829952
1.97,3,95.831027
1.97,3,95.832031
1.97,3,95.833029
1.94,6,95.834917
1.96,4,95.836193
1.97,3,95.837158
13.91,9,95.840485
1.95,5,95.84218
1.95,5,95.844028
3.94,6,95.845991
13.91,9,95.848793
5.92,8,95.851515
3.95,5,95.853171
3.92,8,95.855695
1.97,3,95.856712
3.95,5,95.858321
1.94,6,95.860293
1.96,4,95.8616
3.92,8,95.864066
-0.02,2,95.864754
1.97,3,95.865725
3.95,5,95.867281
1.97,3,95.868519
1.94,6,95.870556
1.95,5,95.934449
1.93,7,95.936845
3.92,8,95.939265
1.97,3,95.940229
1.97,3,95.941197
3.92,8,95.944089
5.93,7,95.946389
1.97,3,95.94738
1.97,3,95.948365
3.95,5,95.949956
1.97,3,95.951158
1.94,6,95.953686
1.96,4,95.955116
3.95,5,95.956741
1.97,3,95.957768
3.93,7,95.960098
1.96,4,95.961415
1.96,4,95.962839
1.96,4,95.964176
1.97,3,95.965176
1.97,3,95.966169
1.96,4,95.967464
-0.02,2,95.968204
-0.05,5,95.969783
3.95,5,95.971427
1.97,3,95.972424
1.97,3,95.973429
5.9,10,96.03926
3.92,8,96.042118
5.92,8,96.045091
5.9,10,96.048397
13.9,10,96.051862
1.97,3,96.052895
1.97,3,96.053906
1.96,4,96.055194
1.95,5,96.056799
1.94,6,96.058684
1.95,5,96.060412
3.95,5,96.062062
1.96,4,96.063348
1.97,3,96.064329
1.97,3,96.065331
3.93,7,96.067621
1.93,7,96.070135
1.94,6,96.072127
5.93,7,96.074357
1.96,4,96.075717
3.95,5,96.077552
1.97,3,96.078562
5.93,7,96.081253
3.95,5,96.148326
1.96,4,96.149823
1.95,5,96.151559
5.93,7,96.153905
1.97,3,96.155184
3.93,7,96.157639
3.94,6,96.15983
1.97,3,96.160938
1.97,3,96.161949
5.93,7,96.164131
5.9,10,96.167163
3.95,5,96.16923
13.91,9,96.172325
1.96,4,96.173661
-0.02,2,96.174353
5.93,7,96.176713
1.97,3,96.17804
3.95,5,96.179791
3.92,8,96.182318
1.97,3,96.183317
1.95,5,96.184935
3.94,6,96.186946
5.91,9,96.189776
3.95,5,96.19146
5.93,7,96.261804
1.95,5,96.2635
1.97,3,96.264514
13.91,9,96.267347
1.96,4,96.268628
1.96,4,96.270319
-0.02,2,96.271241
1.96,4,96.272623
3.95,5,96.274268
1.97,3,96.275285
3.92,8,96.277841
3.92,8,96.28036
5.92,8,96.282854
1.97,3,96.283852
3.95,5,96.28572
1.97,3,96.286811
1.95,5,96.288412
3.95,5,96.290036
-0.06,6,96.291985
1.97,3,96.292994
5.93,7,96.295646
1.96,4,96.297057
1.94,6,96.298974
1.94,6,96.301008
1.97,3,96.302087
3.93,7,96.366419
1.96,4,96.367926
3.95,5,96.369562
1.95,5,96.371191
3.95,5,96.372808
3.91,9,96.376091
1.93,7,96.378515
3.95,5,96.380121
1.97,3,96.381207
3.9,10,96.384636
13.91,9,96.387599
1.95,5,96.389222
1.94,6,96.391122
3.93,7,96.393411
1.93,7,96.395629
3.95,5,96.397268
1.97,3,96.398263
5.92,8,96.40095
1.95,5,96.402657
13.91,9,96.405484
5.93,7,96.407671
1.96,4,96.474828
1.94,6,96.477074
3.95,5,96.47872
1.96,4,96.480022
3.93,7,96.482195
3.91,9,96.485142
1.95,5,96.486718
1.97,3,96.487706
13.91,9,96.490537
1.97,3,96.491622
3.91,9,96.49491
3.95,5,96.496987
1.97,3,96.49805
1.97,3,96.499041
1.97,3,96.500038
3.94,6,96.501906
1.97,3,96.502891
1.94,6,96.505276
5.92,8,96.507925
3.95,5,96.509514
1.93,7,96.511681
3.94,6,96.513542
13.9,10,96.579473
1.93,7,96.581868
3.93,7,96.584104
5.89,11,96.587762
1.97,3,96.588804
3.94,6,96.590882
1.94,6,96.592914
13.91,9,96.595731
3.95,5,96.597371
1.94,6,96.599266
1.97,3,96.600269
1.97,3,96.601316
3.95,5,96.602905
3.95,5,96.604481
3.95,5,96.606044
5.91,9,96.608761
3.95,5,96.610441
1.93,7,96.612692
1.97,3,96.613689
1.97,3,96.614742
5.93,7,96.616974
1.95,5,96.619119
1.97,3,96.620183
3.94,6,96.69146
1.93,7,96.693744
1.95,5,96.695325
3.94,6,96.697191
5.91,9,96.699915
5.92,8,96.70271
5.92,8,96.705189
1.93,7,96.707345
3.93,7,96.709475
1.97,3,96.710908
5.92,8,96.713601
1.94,6,96.715511
1.94,6,96.717429
3.95,5,96.71922
1.94,6,96.721222
1.94,6,96.723125
3.94,6,96.725024
3.93,7,96.727298
5.92,8,96.729808
-0.04,4,96.731099
3.91,9,96.794991
3.95,5,96.796747
1.97,3,96.797741
3.91,9,96.800471
3.95,5,96.802402
1.93,7,96.804702
3.95,5,96.806311
3.92,8,96.808791
-0.07,7,96.811427
3.94,6,96.813341
3.95,5,96.814914
5.92,8,96.817336
1.97,3,96.818304
1.97,3,96.819277
1.94,6,96.82153
3.92,8,96.824085
5.92,8,96.827515
3.94,6,96.829971
1.97,3,96.831145
3.93,7,96.834113
13.91,9,96.837271
1.97,3,96.900906
3.95,5,96.903021
3.94,6,96.904992
1.92,8,96.907464
3.95,5,96.909103
5.9,10,96.912813
3.92,8,96.915311
5.93,7,96.917475
1.94,6,96.919354
1.93,7,96.922101
1.97,3,96.923205
3.91,9,96.926035
1.97,3,96.927093
3.94,6,96.928991
3.92,8,96.931625
1.95,5,96.933217
3.95,5,96.935204
1.97,3,96.936216
3.92,8,96.938726
1.94,6,96.940779
1.97,3,96.941865
5.93,7,97.007439
1.97,3,97.008639
1.93,7,97.011085
3.91,9,97.013887
5.89,11,97.017262
3.93,7,97.019625
5.93,7,97.022007
3.9,10,97.025133
3.95,5,97.026749
1.94,6,97.02871
1.93,7,97.030867
1.93,7,97.033002
5.93,7,97.035618
1.96,4,97.037193
1.92,8,97.039754
1.94,6,97.041676
1.94,6,97.043572
1.97,3,97.044762
1.95,5,97.046644
1.96,4,97.047972
13.88,12,97.121318
3.95,5,97.123
1.92,8,97.125524
1.95,5,97.127152
3.93,7,97.129759
1.93,7,97.132197
1.97,3,97.133197
5.93,7,97.135397
1.95,5,97.136991
3.93,7,97.139141
1.96,4,97.140407
5.91,9,97.143231
3.93,7,97.145492
1.95,5,97.147125
1.94,6,97.149028
1.96,4,97.15039
1.96,4,97.151776
3.94,6,97.15367
1.97,3,97.154652
5.92,8,97.15707
1.97,3,97.158042
3.93,7,97.160652
3.95,5,97.223835
1.97,3,97.224921
1.97,3,97.225917
1.97,3,97.226943
3.95,5,97.228524
1.97,3,97.229503
1.97,3,97.230541
5.93,7,97.232927
5.93,7,97.235207
3.92,8,97.237642
1.96,4,97.2389
1.96,4,97.240159
3.9,10,97.24355
1.97,3,97.244778
1.97,3,97.246052
1.96,4,97.24754
3.95,5,97.249144
1.95,5,97.250716
1.93,7,97.252868
1.97,3,97.253843
1.97,3,97.255024
1.97,3,97.256097
1.94,6,97.258065
3.9,10,97.26148
3.94,6,97.263438
1.93,7,97.333166
1.93,7,97.335599
5.93,7,97.337811
3.92,8,97.340301
-0.03,3,97.341301
1.97,3,97.342745
3.93,7,97.345315
1.97,3,97.346392
1.97,3,97.347394
5.89,11,97.350768
13.91,9,97.353701
1.95,5,97.355295
3.95,5,97.356851
1.94,6,97.358704
1.93,7,97.361143
1.96,4,97.362464
1.96,4,97.363758
1.97,3,97.364736
3.94,6,97.366586
1.97,3,97.367553
1.96,4,97.369099
13.91,9,97.371919
1.97,3,97.372925
1.97,3,97.373945
13.91,9,97.448966
5.9,10,97.452975
1.97,3,97.454088
1.96,4,97.455417
1.95,5,97.457199
3.92,8,97.460154
3.91,9,97.463084
5.93,7,97.465291
3.95,5,97.467053
3.9,10,97.470528
1.97,3,97.471617
3.95,5,97.473265
1.93,7,97.475487
1.97,3,97.476631
3.94,6,97.478731
1.97,3,97.479757
1.96,4,97.481064
1.95,5,97.482677
1.96,4,97.484016
3.95,5,97.485723
3.95,5,97.487319
3.95,5,97.488904
1.93,7,97.491216
3.94,6,97.560343
1.96,4,97.561698
1.95,5,97.563275
1.93,7,97.565512
3.93,7,97.567888
3.89,11,97.571697
13.89,11,97.575054
13.91,9,97.578408
3.95,5,97.580254
13.9,10,97.583487
1.95,5,97.585341
3.95,5,97.587018
1.97,3,97.588038
1.97,3,97.589316
3.95,5,97.591
1.97,3,97.591994
3.95,5,97.593591
1.92,8,97.596077
5.91,9,97.599197
13.91,9,97.669663
3.93,7,97.671966
3.95,5,97.673554
1.97,3,97.674549
1.97,3,97.675559
3.92,8,97.678046
5.88,12,97.682375
5.9,10,97.685692
1.94,6,97.687635
1.96,4,97.689119
1.95,5,97.690959
1.95,5,97.692776
3.95,5,97.694457
1.97,3,97.695464
3.94,6,97.697392
1.95,5,97.698996
1.93,7,97.701592
1.95,5,97.703525
3.95,5,97.705179
3.95,5,97.706788
1.97,3,97.707805
3.94,6,97.709899
3.95,5,97.711547
1.95,5,97.790176
1.97,3,97.791404
1.95,5,97.793436
5.9,10,97.796763
1.97,3,97.797768
1.94,6,97.799837
3.92,8,97.802636
3.9,10,97.80582
5.93,7,97.808013
5.93,7,97.810446
1.97,3,97.811505
1.95,5,97.813084
1.92,8,97.815541
3.95,5,97.817121
1.97,3,97.818098
5.91,9,97.821477
1.93,7,97.823656
1.91,9,97.826558
1.97,3,97.827671
5.89,11,97.831647
1.95,5,97.901512
1.97,3,97.902705
5.92,8,97.905188
1.97,3,97.90616
1.96,4,97.90743
3.91,9,97.910192
1.97,3,97.91179
1.97,3,97.912932
5.92,8,97.915456
3.94,6,97.917361
3.91,9,97.92009
1.97,3,97.921329
5.93,7,97.923708
1.97,3,97.924734
1.97,3,97.925729
1.94,6,97.927743
5.93,7,97.93004
1.96,4,97.931372
3.95,5,97.932981
3.92,8,97.935799
1.92,8,97.93835
1.96,4,97.939645
1.97,3,97.940642
1.94,6,97.942541
1.97,3,97.943518
1.96,4,98.008534
1.96,4,98.010165
1.93,7,98.012448
3.95,5,98.014054
1.93,7,98.016293
1.97,3,98.017299
3.95,5,98.01907
3.91,9,98.022123
1.94,6,98.024098
1.93,7,98.026336
3.95,5,98.027934
1.96,4,98.029313
1.94,6,98.031247
1.95,5,98.032858
1.95,5,98.034768
5.93,7,98.037141
3.92,8,98.039999
3.95,5,98.041759
5.92,8,98.044466
1.97,3,98.045501
1.94,6,98.04739
1.95,5,98.049052
1.97,3,98.05025
1.93,7,98.115493
3.91,9,98.118489
3.95,5,98.120171
1.92,8,98.122662
1.94,6,98.12498
1.97,3,98.126123
1.92,8,98.128757
1.95,5,98.130394
1.96,4,98.1317
5.93,7,98.13413
1.93,7,98.136411
1.92,8,98.1389
1.92,8,98.141343
1.97,3,98.142321
1.96,4,98.144153
5.93,7,98.146498
3.93,7,98.148728
3.95,5,98.150398
1.94,6,98.152531
3.94,6,98.15443
1.96,4,98.155764
1.94,6,98.222061
1.97,3,98.223202
1.97,3,98.224305
5.92,8,98.227413
1.91,9,98.23046
3.94,6,98.232689
1.95,5,98.234368
13.89,11,98.237973
1.97,3,98.238966
3.92,8,98.241468
5.93,7,98.243793
3.95,5,98.245416
1.96,4,98.246715
1.94,6,98.248578
1.97,3,98.249551
5.87,13,98.253605
1.96,4,98.254925
3.94,6,98.256815
1.94,6,98.258671
1.97,3,98.259638
1.96,4,98.261387
3.95,5,98.26322
13.88,12,98.346375
1.97,3,98.34742
5.89,11,98.350713
1.97,3,98.351725
13.91,9,98.354772
3.95,5,98.356388
1.96,4,98.357672
1.95,5,98.359316
1.97,3,98.360327
1.94,6,98.36218
1.96,4,98.363645
5.93,7,98.365834
3.95,5,98.367464
1.94,6,98.369569
5.88,12,98.373724
13.9,10,98.377413
3.92,8,98.380201
3.95,5,98.381951
1.97,3,98.383434
3.94,6,98.385664
1.93,7,98.461214
3.95,5,98.462902
5.9,10,98.465968
1.95,5,98.467538
1.97,3,98.468519
1.96,4,98.470141
1.96,4,98.471699
3.95,5,98.473334
5.91,9,98.476303
3.91,9,98.479268
1.93,7,98.481523
1.93,7,98.483774
1.97,3,98.484982
1.93,7,98.487247
5.9,10,98.49025
3.95,5,98.491784
5.89,11,98.495291
1.92,8,98.49779
1.93,7,98.499994
1.97,3,98.500984
5.91,9,98.572818
1.97,3,98.573896
5.9,10,98.577201
1.97,3,98.578214
3.92,8,98.580858
1.97,3,98.581868
1.97,3,98.582867
3.95,5,98.584462
3.91,9,98.587265
3.91,9,98.59006
3.9,10,98.593819
1.96,4,98.595212
3.95,5,98.596849
5.93,7,98.599061
1.93,7,98.601569
1.95,5,98.603204
1.97,3,98.604208
3.91,9,98.606974
1.96,4,98.608254
1.96,4,98.609526
5.93,7,98.611928
5.93,7,98.679819
1.96,4,98.681371
1.94,6,98.683305
5.91,9,98.686253
13.88,12,98.689986
1.95,5,98.691608
1.97,3,98.692612
5.93,7,98.695018
5.93,7,98.697276
1.93,7,98.699488
13.87,13,98.703626
1.95,5,98.705235
3.91,9,98.708018
3.91,9,98.710857
3.95,5,98.712457
5.92,8,98.714952
5.93,7,98.717142
1.97,3,98.718425
1.97,3,98.719639
3.91,9,98.799041
3.91,9,98.801928
1.94,6,98.80381
3.9,10,98.80724
3.91,9,98.810534
5.88,12,98.814339
3.95,5,98.815928
3.9,10,98.819215
3.95,5,98.820895
1.97,3,98.821896
1.97,3,98.822892
1.95,5,98.824474
5.93,7,98.8267
13.87,13,98.831224
5.92,8,98.833727
-0.05,5,98.835292
5.91,9,98.838352
1.92,8,98.917384
3.94,6,98.919589
1.94,6,98.921657
1.95,5,98.923307
3.89,11,98.926959
3.95,5,98.928617
5.87,13,98.932544
1.97,3,98.933521
1.97,3,98.934534
1.92,8,98.937093
1.97,3,98.93822
1.93,7,98.940902
3.92,8,98.94349
1.93,7,98.945659
1.96,4,98.946944
1.96,4,98.948422
1.95,5,98.950131
3.91,9,98.953216
1.97,3,98.95425
5.92,8,98.956708
3.93,7,99.034335
1.95,5,99.036409
1.97,3,99.037461
3.91,9,99.040273
1.94,6,99.042175
13.88,12,99.046335
1.9,10,99.049553
1.97,3,99.050732
3.91,9,99.05353
1.97,3,99.054565
3.91,9,99.05758
3.89,11,99.061161
3.91,9,99.063939
1.97,3,99.065072
5.91,9,99.068096
3.95,5,99.069714
1.97,3,99.070697
3.95,5,99.072268
1.94,6,99.074135
1.92,8,99.15051
13.9,10,99.153726
1.92,8,99.156182
1.93,7,99.158332
3.9,10,99.161383
1.92,8,99.163888
1.95,5,99.165469
1.95,5,99.167049
1.96,4,99.168323
5.87,13,99.172906
1.96,4,99.174276
3.94,6,99.176593
3.95,5,99.178283
3.94,6,99.180496
3.94,6,99.182497
1.92,8,99.185129
3.9,10,99.188248
3.95,5,99.190047
3.95,5,99.191718
1.96,4,99.267791
1.95,5,99.269544
1.97,3,99.270561
1.95,5,99.272172
1.96,4,99.273466
1.92,8,99.276313
3.91,9,99.279441
5.93,7,99.28183
3.89,11,99.285494
1.92,8,99.287993
3.95,5,99.28959
1.96,4,99.290868
3.94,6,99.292695
1.96,4,99.294152
1.97,3,99.295169
1.91,9,99.297929
1.97,3,99.298915
3.95,5,99.300483
1.95,5,99.302044
1.94,6,99.304439
3.92,8,99.307082
3.92,8,99.377135
5.89,11,99.380762
3.94,6,99.382653
13.89,11,99.386652
1.93,7,99.388991
5.87,13,99.393181
5.91,9,99.395994
3.95,5,99.397578
1.96,4,99.398857
1.97,3,99.399835
5.93,7,99.402229
3.94,6,99.404195
1.93,7,99.406404
1.94,6,99.408293
3.92,8,99.411019
3.91,9,99.414379
1.97,3,99.415425
1.93,7,99.417604
5.88,12,99.496318
3.95,5,99.497992
1.95,5,99.499568
1.95,5,99.501148
3.91,9,99.50443
1.92,8,99.507114
1.96,4,99.508473
3.95,5,99.510305
1.91,9,99.513308
3.9,10,99.516572
1.97,3,99.517569
3.94,6,99.51943
3.94,6,99.521284
5.93,7,99.523935
3.93,7,99.526336
13.91,9,99.529467
1.91,9,99.532446
1.93,7,99.535068
1.94,6,99.537156
5.92,8,99.604884
3.92,8,99.607475
5.92,8,99.610327
5.89,11,99.614198
3.95,5,99.615837
5.88,12,99.61971
3.95,5,99.62138
13.89,11,99.625099
5.89,11,99.628778
3.89,11,99.632299
3.91,9,99.635326
5.88,12,99.639137
3.89,11,99.642629
1.93,7,99.644935
13.9,10,99.70345
1.91,9,99.706272
1.97,3,99.707251
1.93,7,99.709401
1.96,4,99.711337
1.96,4,99.712732
1.96,4,99.714075
1.97,3,99.715098
13.88,12,99.719046
1.97,3,99.720085
5.9,10,99.723189
1.95,5,99.72478
3.9,10,99.728086
1.97,3,99.729102
1.95,5,99.730785
1.97,3,99.7318
1.94,6,99.733704
1.93,7,99.736002
1.95,5,99.737608
1.94,6,99.739475
1.95,5,99.741041
3.95,5,99.814264
3.93,7,99.816615
3.93,7,99.818999
13.9,10,99.822176
5.93,7,99.8244
3.94,6,99.826573
1.91,9,99.829608
3.95,5,99.831222
3.93,7,99.833388
3.94,6,99.835263
3.91,9,99.838496
1.97,3,99.839582
1.97,3,99.840688
3.9,10,99.844029
1.97,3,99.84511
1.92,8,99.84771
3.89,11,99.851172
1.92,8,99.853636
5.89,11,99.926609
1.96,4,99.927997
1.92,8,99.930479
3.91,9,99.933227
3.93,7,99.935875
3.92,8,99.938789
1.97,3,99.939905
1.97,3,99.941027
3.93,7,99.943201
5.93,7,99.945609
3.91,9,99.948556
5.88,12,99.952662
3.92,8,99.955458
3.9,10,99.958688
3.95,5,99.960631
5.89,11,99.964135
1.97,3,99.965159
1.95,5,99.96676
1.94,6,99.969012
3.95,5,100.041305
5.89,11,100.044677
5.92,8,100.047127
1.97,3,100.048098
5.92,8,100.051345
1.92,8,100.05395
1.91,9,100.056721
3.91,9,100.059688
3.95,5,100.061427
5.9,10,100.064551
1.97,3,100.065559
1.94,6,100.067459
1.97,3,100.068639
1.97,3,100.069813
1.92,8,100.072511
3.93,7,100.074754
1.93,7,100.077478
3.92,8,100.080446
1.93,7,100.082737
3.92,8,100.153181
3.9,10,100.156273
1.97,3,100.157239
1.91,9,100.159985
5.93,7,100.162793
3.92,8,100.165515
3.9,10,100.168966
1.92,8,100.171751
3.91,9,100.17469
3.92,8,100.177426
1.97,3,100.178808
1.93,7,100.181443
1.96,4,100.182857
3.89,11,100.186282
1.97,3,100.187304
1.92,8,100.18981
3.94,6,100.191724
1.93,7,100.278225
13.89,11,100.282306
5.93,7,100.284575
1.9,10,100.287997
3.95,5,100.28989
3.95,5,100.291662
1.92,8,100.294381
1.91,9,100.29723
1.96,4,100.298548
3.95,5,100.300142
5.9,10,100.303496
3.94,6,100.305395
1.97,3,100.306372
3.91,9,100.309106
1.96,4,100.310494
1.93,7,100.3127
1.92,8,100.315177
3.95,5,100.316751
3.93,7,100.318996
1.94,6,100.389571
1.94,6,100.39156
3.9,10,100.394626
3.88,12,100.39843
1.94,6,100.400648
1.94,6,100.402631
5.89,11,100.406073
3.9,10,100.409172
1.97,3,100.410385
3.94,6,100.412325
5.92,8,100.414807
3.89,11,100.418123
1.93,7,100.42071
1.92,8,100.423336
1.92,8,100.425891
1.93,7,100.428331
1.97,3,100.429362
1.95,5,100.501621
5.89,11,100.505182
1.97,3,100.506164
1.9,10,100.509202
1.95,5,100.51112
3.93,7,100.513461
3.92,8,100.515943
-0.04,4,100.517214
1.92,8,100.519966
1.97,3,100.521095
1.95,5,100.522718
1.96,4,100.524008
1.93,7,100.526241
1.91,9,100.52902
3.95,5,100.530614
1.95,5,100.532163
1.95,5,100.533714
3.92,8,100.53651
1.96,4,100.537805
1.91,9,100.54083
3.89,11,100.612803
1.92,8,100.615337
13.87,13,100.619472
5.88,12,100.623765
1.92,8,100.626596
3.91,9,100.629536
1.97,3,100.630537
5.91,9,100.633766
1.96,4,100.635297
1.95,5,100.636985
1.93,7,100.639188
1.91,9,100.641993
13.87,13,100.646063
3.94,6,100.647971
5.86,14,100.652423
1.91,9,100.72803
1.97,3,100.729101
1.95,5,100.730689
1.97,3,100.731671
3.9,10,100.734691
13.9,10,100.738285
3.92,8,100.740876
5.93,7,100.743427
5.88,12,100.74761
1.97,3,100.748721
3.95,5,100.750298
3.91,9,100.753475
1.94,6,100.755388
3.94,6,100.75761
1.96,4,100.758988
3.95,5,100.76076
1.97,3,100.761844
1.96,4,100.763161
1.97,3,100.76416
13.86,14,100.768627
5.93,7,100.851257
3.89,11,100.85473
1.96,4,100.856018
3.95,5,100.857598
1.97,3,100.858578
1.92,8,100.861527
1.95,5,100.863286
1.93,7,100.878362
5.93,7,100.881958
5.89,11,100.888867
1.96,4,100.890278
3.95,5,100.891915
5.91,9,100.895189
3.93,7,100.897414
5.93,7,100.899601
1.91,9,100.90255
1.92,8,100.905253
1.91,9,100.908067
1.93,7,100.981687
3.94,6,100.983689
3.95,5,100.985258
1.95,5,100.98681
1.97,3,100.987781
3.94,6,100.989645
1.92,8,100.992758
3.94,6,100.994776
1.91,9,100.99761
1.95,5,100.999199
5.88,12,101.003388
1.95,5,101.005011
3.91,9,101.00781
3.88,12,101.011472
1.9,10,101.014495
3.92,8,101.016954
3.94,6,101.018816
1.9,10,101.022138
1.91,9,101.097926
1.95,5,101.099614
1.93,7,101.101912
5.93,7,101.104155
5.89,11,101.107564
5.92,8,101.110376
1.95,5,101.112078
5.92,8,101.114609
1.92,8,101.117083
5.89,11,101.120994
3.95,5,101.122737
3.91,9,101.125623
1.92,8,101.128313
1.97,3,101.129335
5.93,7,101.131763
5.9,10,101.135037
13.87,13,101.206152
3.95,5,101.207865
5.92,8,101.210589
3.93,7,101.21289
5.9,10,101.21626
5.93,7,101.218663
1.93,7,101.220861
1.97,3,101.221855
3.94,6,101.223748
1.94,6,101.225633
3.9,10,101.229185
3.95,5,101.230814
1.97,3,101.231812
1.97,3,101.232803
1.97,3,101.233923
1.96,4,101.235244
3.94,6,101.237324
1.96,4,101.238678
1.97,3,101.239689
1.91,9,101.242605
1.93,7,101.245613
3.92,8,101.314066
3.95,5,101.315799
3.92,8,101.318248
5.88,12,101.321813
1.94,6,101.323959
5.91,9,101.32749
1.95,5,101.329263
1.91,9,101.332049
1.93,7,101.334655
3.94,6,101.336628
1.97,3,101.337617
1.96,4,101.338889
1.97,3,101.339891
3.88,12,101.343738
3.91,9,101.346712
3.93,7,101.348932
1.94,6,101.350852
5.91,9,101.353679
1.96,4,101.354984
1.96,4,101.428539
13.87,13,101.432705
1.95,5,101.434324
13.87,13,101.438531
13.84,16,101.443835
1.92,8,101.446381
3.92,8,101.448863
1.91,9,101.452601
5.89,11,101.456379
1.95,5,101.458087
1.94,6,101.460268
3.88,12,101.464319
1.95,5,101.465996
3.89,11,101.469483
1.92,8,101.539516
1.94,6,101.54149
1.95,5,101.54307
3.94,6,101.544941
1.92,8,101.547347
1.97,3,101.548764
1.94,6,101.550956
1.94,6,101.553105
1.95,5,101.554747
1.95,5,101.556335
1.92,8,101.558788
1.92,8,101.561565
3.93,7,101.563823
3.92,8,101.566294
1.96,4,101.567581
3.91,9,101.570586
5.88,12,101.574427
3.9,10,101.577539
1.93,7,101.579771
3.89,11,101.656363
1.92,8,101.659293
1.9,10,101.662889
1.94,6,101.664771
3.9,10,101.667785
1.94,6,101.670041
1.92,8,101.672894
1.95,5,101.674513
13.86,14,101.679225
1.92,8,101.681758
1.92,8,101.684254
1.92,8,101.686792
1.97,3,101.687793
5.92,8,101.690292
1.89,11,101.693838
13.85,15,101.778117
1.97,3,101.779167
1.91,9,101.781898
1.96,4,101.783161
3.95,5,101.784966
5.9,10,101.788287
3.93,7,101.790692
1.96,4,101.792189
5.89,11,101.795839
3.93,7,101.798139
1.97,3,101.799151
1.97,3,101.800162
3.94,6,101.802292
3.93,7,101.804535
3.93,7,101.806712
5.9,10,101.809756
1.96,4,101.811022
1.95,5,101.812578
5.9,10,101.815639
1.94,6,101.886195
1.95,5,101.887931
13.9,10,101.891042
1.97,3,101.892047
1.91,9,101.894834
1.96,4,101.896116
1.94,6,101.898016
3.92,8,101.900489
1.94,6,101.902364
1.97,3,101.903353
1.93,7,101.905519
13.88,12,101.909167
1.97,3,101.910155
1.97,3,101.91114
5.89,11,101.914479
1.97,3,101.915917
1.94,6,101.917953
5.92,8,101.920464
3.9,10,101.923552
1.96,4,101.924914
1.94,6,101.999806
1.92,8,102.002429
1.92,8,102.00486
5.92,8,102.007301
5.92,8,102.010298
3.91,9,102.013469
3.92,8,102.015984
1.91,9,102.018857
3.92,8,102.021357
3.91,9,102.02411
3.93,7,102.026329
1.9,10,102.029926
3.94,6,102.031894
1.93,7,102.03408
3.93,7,102.036356
1.9,10,102.039413
3.93,7,102.104531
5.89,11,102.108033
1.97,3,102.109029
3.95,5,102.110983
3.91,9,102.114151
3.94,6,102.116177
1.97,3,102.117208
5.91,9,102.120221
1.95,5,102.12185
1.96,4,102.123151
3.93,7,102.125779
13.84,16,102.131076
1.97,3,102.132111
13.89,11,102.13576
13.89,11,102.139167
5.93,7,102.141353
5.91,9,102.144362
3.92,8,102.23585
1.91,9,102.238877
1.91,9,102.241689
3.92,8,102.244183
1.95,5,102.24578
13.89,11,102.249748
3.94,6,102.251703
5.91,9,102.254452
3.87,13,102.258752
3.91,9,102.261695
3.88,12,102.265414
3.9,10,102.26854
13.9,10,102.27189
13.86,14,102.276189
3.94,6,102.339933
3.93,7,102.342242
3.92,8,102.344937
1.93,7,102.34722
13.88,12,102.351097
1.92,8,102.353632
3.92,8,102.356146
1.93,7,102.358346
1.97,3,102.359346
5.93,7,102.361737
5.93,7,102.363951
1.95,5,102.365529
1.93,7,102.367677
5.89,11,102.371401
5.9,10,102.374624
3.91,9,102.37761
3.9,10,102.450247
3.94,6,102.452204
3.9,10,102.4552
5.92,8,102.457603
1.94,6,102.459703
1.93,7,102.461838
5.89,11,102.465131
5.91,9,102.467817
1.92,8,102.470759
5.92,8,102.473368
3.88,12,102.477155
3.91,9,102.479986
1.97,3,102.481109
3.95,5,102.482708
3.91,9,102.485656
5.93,7,102.487912
1.95,5,102.489518
1.97,3,102.490521
3.88,12,102.566088
1.97,3,102.567252
3.91,9,102.570279
1.95,5,102.571926
3.89,11,102.575308
1.94,6,102.577196
1.97,3,102.578193
5.93,7,102.580383
3.91,9,102.583681
1.93,7,102.585983
3.89,11,102.589362
3.93,7,102.591566
5.9,10,102.595237
3.94,6,102.597193
1.97,3,102.598206
1.94,6,102.600106
1.95,5,102.60183
5.87,13,102.678028
1.94,6,102.680007
1.93,7,102.68222
3.95,5,102.683818
3.9,10,102.686886
1.93,7,102.689059
1.96,4,102.690333
1.97,3,102.691317
3.91,9,102.694072
5.9,10,102.697164
1.93,7,102.699338
1.91,9,102.702107
3.92,8,102.704563
1.95,5,102.706385
1.95,5,102.708135
1.96,4,102.709444
1.9,10,102.712559
5.92,8,102.715028
3.89,11,102.783566
1.96,4,102.78518
5.88,12,102.789235
3.88,12,102.793385
1.93,7,102.79565
3.9,10,102.798761
1.94,6,102.800871
3.94,6,102.803023
5.92,8,102.805614
1.95,5,102.807208
3.9,10,102.810473
1.95,5,102.812128
3.95,5,102.813744
3.93,7,102.815932
1.95,5,102.817509
5.87,13,102.821801
1.91,9,102.898567
1.93,7,102.900966
1.97,3,102.902171
13.85,15,102.90686
3.91,9,102.909681
5.91,9,102.91247
1.93,7,102.914643
1.91,9,102.917764
1.96,4,102.919117
1.95,5,102.920699
3.89,11,102.924021
1.93,7,102.926794
3.9,10,102.929994
1.94,6,102.931989
3.92,8,102.934596
5.91,9,102.937434
1.93,7,102.939638
5.88,12,103.028417
1.94,6,103.030423
3.91,9,103.033256
13.9,10,103.036785
1.9,10,103.039913
1.95,5,103.041496
3.91,9,103.044262
-0.09,9,103.047596
1.95,5,103.049283
3.94,6,103.051352
5.93,7,103.053561
3.91,9,103.056543
5.9,10,103.059894
3.93,7,103.062214
1.96,4,103.063545
3.91,9,103.066324
3.93,7,103.135944
5.88,12,103.13961
1.93,7,103.141734
1.94,6,103.143594
1.94,6,103.145986
1.95,5,103.147652
1.92,8,103.150163
1.92,8,103.153038
3.88,12,103.157149
3.91,9,103.160584
13.9,10,103.164458
1.91,9,103.167483
3.9,10,103.170821
3.95,5,103.172548
13.86,14,103.177721
1.96,4,103.261543
1.97,3,103.262827
1.94,6,103.26483
3.92,8,103.267409
1.97,3,103.268479
1.93,7,103.270938
3.9,10,103.274125
1.94,6,103.276051
13.89,11,103.279578
3.87,13,103.283624
3.9,10,103.287093
1.97,3,103.288164
3.91,9,103.290954
1.97,3,103.291997
13.87,13,103.296695
3.94,6,103.29868
3.94,6,103.300609
3.94,6,103.302727
3.92,8,103.383622
1.92,8,103.38618
5.88,12,103.389822
1.95,5,103.391715
1.94,6,103.394027
5.9,10,103.397155
3.88,12,103.400842
1.97,3,103.402111
13.86,14,103.406637
1.96,4,103.407983
1.96,4,103.409332
5.9,10,103.412817
5.9,10,103.416109
3.93,7,103.418293
3.95,5,103.419887
1.89,11,103.423766
3.9,10,103.508045
3.92,8,103.511068
1.95,5,103.512716
3.93,7,103.514934
3.9,10,103.51824
5.93,7,103.520455
5.9,10,103.523447
1.93,7,103.525561
1.92,8,103.528388
1.89,11,103.531706
1.97,3,103.532668
3.94,6,103.534488
1.92,8,103.537942
1.92,8,103.540593
3.89,11,103.544336
3.91,9,103.547117
1.93,7,103.615543
5.93,7,103.617807
3.93,7,103.620817
13.89,11,103.624632
3.89,11,103.628163
3.94,6,103.630067
1.94,6,103.63195
5.92,8,103.634439
5.92,8,103.636902
1.96,4,103.638182
13.87,13,103.642109
3.93,7,103.644276
5.89,11,103.647587
1.93,7,103.649737
1.96,4,103.651005
3.94,6,103.653046
3.95,5,103.654656
1.96,4,103.729133
1.93,7,103.731427
1.96,4,103.73274
1.92,8,103.735239
3.95,5,103.736836
3.92,8,103.739321
13.85,15,103.744259
3.9,10,103.74737
1.95,5,103.748982
1.92,8,103.751823
1.92,8,103.754557
3.94,6,103.756458
3.9,10,103.759517
13.91,9,103.762688
1.92,8,103.765506
5.93,7,103.767957
1.9,10,103.848769
1.95,5,103.850877
1.97,3,103.851958
1.97,3,103.852978
3.94,6,103.854852
1.96,4,103.856127
1.96,4,103.857405
1.96,4,103.858674
1.93,7,103.861502
3.95,5,103.863139
1.95,5,103.864718
3.88,12,103.868327
5.9,10,103.871982
1.95,5,103.873572
3.92,8,103.876079
3.95,5,103.877676
3.92,8,103.880504
1.92,8,103.882988
1.94,6,103.884832
1.95,5,103.886441
1.96,4,103.887739
1.94,6,103.889609
1.97,3,103.89107
5.92,8,103.96959
1.89,11,103.973456
1.97,3,103.974493
5.86,14,103.97918
5.91,9,103.982129
3.93,7,103.984326
3.95,5,103.985904
3.93,7,103.988504
1.91,9,103.991438
1.96,4,103.992797
5.93,7,103.995022
5.85,15,104.000177
1.95,5,104.002119
1.92,8,104.004753
1.96,4,104.0061
1.96,4,104.007466
3.91,9,104.09568
1.91,9,104.098813
5.88,12,104.102946
13.91,9,104.106072
1.91,9,104.109151
5.93,7,104.111735
1.97,3,104.127781
1.94,6,104.133641
3.91,9,104.136524
1.94,6,104.138389
1.95,5,104.139944
3.91,9,104.143374
3.89,11,104.146866
5.93,7,104.149089
1.94,6,104.151325
13.87,13,104.155963
3.87,13,104.237726
3.95,5,104.239415
1.97,3,104.240405
3.93,7,104.242579
13.88,12,104.247204
-0.07,7,104.249494
3.95,5,104.251392
1.91,9,104.254517
1.96,4,104.256038
5.91,9,104.258925
3.89,11,104.262415
3.92,8,104.264937
13.89,11,104.26844
5.87,13,104.272498
5.93,7,104.274664
3.92,8,104.277186
3.92,8,104.35616
3.95,5,104.357824
3.92,8,104.360618
3.94,6,104.362622
3.93,7,104.365136
3.95,5,104.366848
1.96,4,104.368842
3.94,6,104.371071
1.95,5,104.372677
5.92,8,104.375178
5.87,13,104.3793
1.93,7,104.381899
1.95,5,104.383547
3.95,5,104.38513
3.88,12,104.389066
13.86,14,104.393424
1.97,3,104.394424
1.97,3,104.395423
3.94,6,104.397328
1.96,4,104.479617
3.9,10,104.482775
1.94,6,104.48463
1.92,8,104.487066
1.95,5,104.48906
5.92,8,104.49167
1.9,10,104.494759
3.87,13,104.49899
1.96,4,104.500532
5.93,7,104.502816
1.97,3,104.503842
5.92,8,104.506317
1.93,7,104.508522
3.87,13,104.513113
1.92,8,104.515681
1.95,5,104.517288
13.9,10,104.595556
1.97,3,104.596748
3.95,5,104.598354
3.94,6,104.600212
5.92,8,104.602639
3.92,8,104.605461
1.96,4,104.606878
1.95,5,104.608504
3.94,6,104.610429
1.96,4,104.611733
5.86,14,104.616041
1.97,3,104.617039
3.94,6,104.618939
1.97,3,104.619923
1.9,10,104.623022
3.9,10,104.62619
1.97,3,104.627347
5.88,12,104.631059
1.92,8,104.633495
1.97,3,104.634508
1.97,3,104.635542
3.93,7,104.719762
3.92,8,104.722743
3.89,11,104.726198
3.9,10,104.729569
3.93,7,104.731856
3.89,11,104.735345
3.92,8,104.73788
1.94,6,104.739776
3.9,10,104.743408
3.95,5,104.745106
1.92,8,104.747655
1.93,7,104.749835
1.93,7,104.752481
1.97,3,104.753478
3.94,6,104.755346
3.94,6,104.757249
3.92,8,104.75971
3.89,11,104.830211
1.94,6,104.832475
3.93,7,104.834723
3.9,10,104.838153
1.91,9,104.841064
3.94,6,104.843104
3.95,5,104.844761
1.96,4,104.846035
1.91,9,104.84901
3.95,5,104.850644
1.93,7,104.852854
1.95,5,104.854443
1.97,3,104.855443
1.96,4,104.856749
5.92,8,104.859244
1.96,4,104.860527
3.94,6,104.862426
1.92,8,104.864914
3.93,7,104.867114
5.9,10,104.935152
1.93,7,104.937404
1.92,8,104.939838
3.9,10,104.942823
1.92,8,104.94544
3.91,9,104.948204
3.93,7,104.950354
5.9,10,104.95371
1.94,6,104.95596
1.97,3,104.957001
1.97,3,104.958013
1.91,9,104.961142
3.91,9,104.963934
5.93,7,104.966094
1.94,6,104.968087
5.89,11,104.971437
1.93,7,104.973607
1.96,4,104.974868
1.94,6,105.043329
3.93,7,105.045638
1.92,8,105.048104
-0.07,7,105.05027
3.93,7,105.052987
3.9,10,105.056222
1.97,3,105.05724
3.92,8,105.059897
1.93,7,105.06219
3.88,12,105.06591
13.91,9,105.068959
1.91,9,105.071847
3.94,6,105.073766
5.9,10,105.077004
1.96,4,105.078846
1.96,4,105.080197
1.97,3,105.081337
3.9,10,105.155962
1.9,10,105.159288
3.9,10,105.162354
1.92,8,105.165012
1.95,5,105.166874
1.94,6,105.168776
3.91,9,105.171535
3.94,6,105.173408
1.92,8,105.176505
1.95,5,105.178182
13.88,12,105.181851
5.89,11,105.185437
1.93,7,105.187838
1.96,4,105.189147
3.95,5,105.190759
3.95,5,105.192355
1.93,7,105.194523
1.97,3,105.195516
1.92,8,105.271276
13.87,13,105.27541
1.96,4,105.276704
1.96,4,105.277988
3.95,5,105.279559
1.94,6,105.28185
1.94,6,105.283814
1.94,6,105.285685
5.91,9,105.288443
3.9,10,105.292314
1.94,6,105.294425
3.95,5,105.296055
1.97,3,105.297055
1.91,9,105.299848
1.93,7,105.302519
1.89,11,105.305932
3.94,6,105.307816
3.93,7,105.309972
3.92,8,105.312801
5.87,13,105.389
1.9,10,105.39215
1.9,10,105.395197
1.9,10,105.398264
1.92,8,105.400729
3.92,8,105.403171
1.92,8,105.405616
3.92,8,105.408063
3.93,7,105.410244
5.93,7,105.412412
5.91,9,105.415155
3.95,5,105.417562
13.85,15,105.422202
1.97,3,105.423181
1.94,6,105.425046
1.96,4,105.506428
3.91,9,105.509345
3.93,7,105.511521
1.97,3,105.512499
1.97,3,105.513487
3.91,9,105.516731
3.94,6,105.518718
1.91,9,105.52154
1.96,4,105.522846
3.87,13,105.52685
3.9,10,105.529932
1.91,9,105.53271
1.95,5,105.534304
1.9,10,105.537392
1.94,6,105.539756
5.91,9,105.542994
5.91,9,105.545954
5.92,8,105.623537
1.92,8,105.62612
3.94,6,105.628031
3.9,10,105.631087
5.9,10,105.634911
3.91,9,105.637903
1.96,4,105.639229
1.89,11,105.642716
1.9,10,105.645979
5.87,13,105.650032
1.92,8,105.652544
5.86,14,105.656857
3.93,7,105.659055
1.92,8,105.661968
3.93,7,105.664275
1.93,7,105.728601
3.95,5,105.730296
13.87,13,105.734313
1.97,3,105.735308
3.95,5,105.7369
1.97,3,105.737889
3.93,7,105.740069
1.96,4,105.741357
1.95,5,105.742942
3.9,10,105.746009
1.91,9,105.749069
3.89,11,105.752609
1.94,6,105.754516
1.94,6,105.756432
5.93,7,105.758996
3.89,11,105.762651
1.97,3,105.763671
3.88,12,105.76739
1.92,8,105.846238
1.97,3,105.847326
3.89,11,105.850693
1.89,11,105.854047
5.89,11,105.857351
3.9,10,105.860363
1.95,5,105.861917
1.89,11,105.865201
3.92,8,105.867627
3.94,6,105.869471
1.91,9,105.872662
1.94,6,105.874629
1.94,6,105.876499
3.95,5,105.878051
1.89,11,105.881703
3.87,13,105.949939
3.94,6,105.952305
13.86,14,105.956665
1.96,4,105.95834
3.9,10,105.961888
1.96,4,105.963238
1.92,8,105.965713
13.87,13,105.970179
3.88,12,105.973877
1.91,9,105.976676
1.93,7,105.979082
3.9,10,105.982315
1.94,6,105.984229
5.9,10,105.987353
3.94,6,105.989257
3.88,12,106.072136
3.92,8,106.074672
1.95,5,106.076265
3.9,10,106.079845
3.95,5,106.081606
3.93,7,106.083836
1.9,10,106.086931
5.9,10,106.090033
1.97,3,106.091037
3.9,10,106.094124
5.91,9,106.096913
1.94,6,106.098787
5.87,13,106.10276
1.93,7,106.10499
1.93,7,106.107241
5.86,14,106.179606
1.89,11,106.183022
1.95,5,106.184577
1.96,4,106.185833
1.96,4,106.187086
5.87,13,106.19163
3.89,11,106.19513
1.95,5,106.196737
1.94,6,106.198645
3.93,7,106.200846
5.87,13,106.205158
1.94,6,106.207193
3.93,7,106.209433
1.95,5,106.211032
1.95,5,106.212599
1.95,5,106.214172
1.96,4,106.215776
1.96,4,106.21713
3.94,6,106.219047
1.9,10,106.299845
3.88,12,106.303905
1.9,10,106.307057
3.95,5,106.308697
1.92,8,106.311226
3.87,13,106.315219
1.93,7,106.317422
3.95,5,106.319011
1.95,5,106.320595
3.95,5,106.322174
1.97,3,106.32317
1.96,4,106.324474
5.9,10,106.327529
5.92,8,106.329989
5.9,10,106.333137
3.9,10,106.336573
1.92,8,106.413459
1.97,3,106.414567
1.97,3,106.415594
1.89,11,106.419246
1.91,9,106.42205
5.88,12,106.425708
5.88,12,106.429448
1.97,3,106.430429
3.89,11,106.433726
3.88,12,106.437337
3.88,12,106.440939
1.95,5,106.442535
1.97,3,106.443559
13.9,10,106.446756
3.95,5,106.448461
1.97,3,106.4495
1.95,5,106.451141
1.91,9,106.527373
1.93,7,106.529653
1.96,4,106.530931
1.94,6,106.532757
3.94,6,106.534595
1.96,4,106.535841
5.87,13,106.540594
3.95,5,106.542293
1.95,5,106.543902
3.9,10,106.547281
13.9,10,106.55054
3.93,7,106.552952
1.93,7,106.555209
1.94,6,106.557123
1.97,3,106.558129
3.89,11,106.561536
1.96,4,106.562821
5.88,12,106.566546
3.89,11,106.645118
3.92,8,106.647728
1.97,3,106.648743
1.97,3,106.649752
1.96,4,106.651048
1.93,7,106.65323
3.9,10,106.656311
1.97,3,106.657304
1.96,4,106.658585
1.91,9,106.661343
1.91,9,106.664124
3.94,6,106.666474
3.94,6,106.668823
1.89,11,106.672326
3.95,5,106.673925
1.92,8,106.676834
1.96,4,106.678222
1.92,8,106.680722
5.91,9,106.683497
1.89,11,106.768273
3.93,7,106.770732
3.91,9,106.773575
3.95,5,106.775186
1.95,5,106.777071
1.93,7,106.779421
13.9,10,106.782548
1.93,7,106.784805
3.9,10,106.788466
1.89,11,106.7922
1.95,5,106.793963
3.95,5,106.79558
1.9,10,106.79867
3.92,8,106.801154
1.9,10,106.804231
1.92,8,106.806739
1.91,9,106.875342
1.96,4,106.877153
3.89,11,106.88059
1.91,9,106.883337
1.95,5,106.885348
3.95,5,106.887081
1.9,10,106.890193
1.92,8,106.89267
1.96,4,106.893992
1.91,9,106.89678
3.93,7,106.898945
1.95,5,106.90054
1.96,4,106.901852
3.91,9,106.904624
5.86,14,106.908873
3.88,12,106.912505
1.95,5,106.914187
1.97,3,106.915209
13.86,14,107.001466
13.86,14,107.005786
3.91,9,107.009036
3.92,8,107.011863
3.93,7,107.014117
3.87,13,107.018203
5.87,13,107.022432
-0.07,7,107.024678
1.93,7,107.02697
3.92,8,107.02979
1.94,6,107.031815
1.9,10,107.034926
1.95,5,107.036517
1.97,3,107.037553
3.91,9,107.102577
1.92,8,107.105146
1.93,7,107.107319
3.91,9,107.110087
3.91,9,107.112812
3.92,8,107.115238
3.88,12,107.118806
3.87,13,107.122671
5.93,7,107.124872
1.91,9,107.12801
1.97,3,107.12909
1.97,3,107.130086
3.89,11,107.133409
5.93,7,107.135553
1.95,5,107.137505
1.9,10,107.140741
1.93,7,107.218006
1.92,8,107.220617
1.92,8,107.223095
3.89,11,107.22682
1.9,10,107.230093
3.9,10,107.23323
5.89,11,107.236637
1.93,7,107.238808
3.91,9,107.241595
3.89,11,107.244967
1.97,3,107.245963
1.92,8,107.248739
13.9,10,107.251879
3.94,6,107.253746
3.92,8,107.25637
1.9,10,107.326435
1.93,7,107.328693
1.92,8,107.331155
13.85,15,107.336043
3.94,6,107.338038
13.84,16,107.3433
3.93,7,107.345736
1.92,8,107.34825
5.92,8,107.350704
3.88,12,107.354324
1.96,4,107.355594
3.93,7,107.357733
3.91,9,107.360458
1.9,10,107.36346
5.88,12,107.437403
3.92,8,107.440006
1.89,11,107.443548
1.95,5,107.445321
5.86,14,107.449581
13.9,10,107.453446
3.89,11,107.457224
3.94,6,107.459219
5.87,13,107.463698
1.92,8,107.466425
3.93,7,107.468683
5.87,13,107.472672
3.91,9,107.475485
3.93,7,107.539953
1.96,4,107.541703
3.92,8,107.544349
5.91,9,107.547115
1.9,10,107.550653
3.9,10,107.553891
1.96,4,107.555208
3.88,12,107.558936
1.94,6,107.56084
3.92,8,107.563362
3.89,11,107.566753
1.92,8,107.56925
3.92,8,107.571753
1.91,9,107.574538
1.96,4,107.575839
3.95,5,107.577428
3.92,8,107.579923
1.96,4,107.665706
3.88,12,107.669638
3.86,14,107.673888
1.93,7,107.676644
5.92,8,107.679278
1.88,12,107.68301
1.95,5,107.684612
1.9,10,107.68772
1.91,9,107.690508
1.93,7,107.692694
1.97,3,107.693689
5.87,13,107.697677
3.94,6,107.699569
1.92,8,107.702037
5.86,14,107.76862
1.97,3,107.769787
5.91,9,107.772694
1.95,5,107.774659
5.86,14,107.779157
3.93,7,107.78142
3.92,8,107.783939
13.89,11,107.787327
3.88,12,107.791212
1.92,8,107.79402
1.95,5,107.795704
3.89,11,107.799039
1.92,8,107.801662
1.91,9,107.804588
1.9,10,107.807697
1.9,10,107.890327
3.91,9,107.893238
3.94,6,107.895159
1.91,9,107.897903
3.94,6,107.900205
1.9,10,107.903476
3.87,13,107.907493
1.93,7,107.910079
1.91,9,107.912913
1.96,4,107.914269
13.85,15,107.919063
1.96,4,107.920804
3.94,6,107.922793
3.92,8,107.925364
3.92,8,107.928171
1.9,10,107.931673
3.91,9,108.018545
3.92,8,108.021227
1.89,11,108.02465
13.87,13,108.028764
5.89,11,108.032671
1.92,8,108.035182
5.86,14,108.040215
1.96,4,108.041579
1.92,8,108.044057
3.93,7,108.046209
1.91,9,108.049281
1.91,9,108.052101
13.89,11,108.055465
5.85,15,108.121104
5.91,9,108.124806
1.91,9,108.128231
1.96,4,108.129597
1.91,9,108.132863
5.89,11,108.136293
1.94,6,108.138151
1.95,5,108.139704
3.95,5,108.141504
5.89,11,108.145123
3.88,12,108.148838
1.96,4,108.150149
1.97,3,108.151186
1.95,5,108.152797
3.95,5,108.15442
5.85,15,108.158989
1.92,8,108.246229
1.92,8,108.248903
1.92,8,108.251374
1.92,8,108.253825
1.97,3,108.254802
13.84,16,108.260226
1.91,9,108.263091
5.85,15,108.267694
3.93,7,108.270206
1.9,10,108.273299
1.95,5,108.274895
5.89,11,108.278383
1.9,10,108.281589
3.88,12,108.285278
1.96,4,108.286559
5.88,12,108.376647
5.92,8,108.379406
1.93,7,108.381629
1.95,5,108.383225
1.96,4,108.38451
5.87,13,108.388435
3.88,12,108.392266
3.87,13,108.396409
3.91,9,108.399192
1.97,3,108.400184
1.9,10,108.403536
3.93,7,108.405811
3.92,8,108.408351
1.91,9,108.41113
1.9,10,108.472423
1.92,8,108.475134
1.91,9,108.477895
1.91,9,108.480633
1.92,8,108.483567
3.88,12,108.487443
1.92,8,108.489951
1.9,10,108.493292
1.95,5,108.494927
1.94,6,108.49679
5.86,14,108.500989
3.92,8,108.503872
1.9,10,108.507129
1.91,9,108.509926
5.87,13,108.576687
3.87,13,108.58135
3.89,11,108.584741
13.85,15,108.589867
1.94,6,108.591766
5.9,10,108.594831
3.94,6,108.597243
3.93,7,108.599638
1.93,7,108.602022
5.87,13,108.606338
1.88,12,108.610581
1.96,4,108.611983
1.93,7,108.614199
1.94,6,108.616088
1.91,9,108.618876
5.87,13,108.688815
1.91,9,108.691638
1.95,5,108.693207
5.88,12,108.697402
1.88,12,108.701394
3.94,6,108.703621
13.87,13,108.708165
3.9,10,108.711623
1.91,9,108.714432
1.92,8,108.716888
3.89,11,108.720403
3.9,10,108.723471
1.95,5,108.725042
1.94,6,108.786661
3.9,10,108.789995
1.89,11,108.793627
1.88,12,108.797363
3.89,11,108.80068
1.95,5,108.802243
1.91,9,108.804963
1.95,5,108.806527
5.9,10,108.809757
3.91,9,108.812651
5.89,11,108.816075
1.89,11,108.819452
3.92,8,108.821927
1.89,11,108.825284
1.95,5,108.884905
3.93,7,108.887259
3.89,11,108.890603
3.91,9,108.893336
1.93,7,108.895487
3.94,6,108.897349
1.93,7,108.899476
1.9,10,108.902479
1.93,7,108.904622
1.88,12,108.908199
1.91,9,108.910901
13.84,16,108.915662
1.92,8,108.918395
5.85,15,108.923158
3.9,10,108.994714
3.92,8,108.997284
1.93,7,108.999458
1.9,10,109.002962
1.91,9,109.00591
1.91,9,109.008766
13.89,11,109.012685
1.91,9,109.015525
3.94,6,109.017451
13.88,12,109.021151
1.93,7,109.023349
1.93,7,109.025512
5.92,8,109.027997
3.93,7,109.030179
1.95,5,109.031765
13.88,12,109.107083
3.89,11,109.110903
3.92,8,109.113458
3.89,11,109.117052
1.92,8,109.1196
5.89,11,109.122984
1.92,8,109.125473
1.93,7,109.127725
3.88,12,109.131337
1.93,7,109.133459
1.92,8,109.135861
1.94,6,109.138117
1.93,7,109.14035
5.91,9,109.143347
5.89,11,109.203381
3.94,6,109.20547
3.9,10,109.208586
1.9,10,109.211771
5.91,9,109.214978
1.9,10,109.218314
3.94,6,109.220362
1.87,13,109.224572
3.9,10,109.227715
-0.57,57,109.406412
1.89,11,109.410211
1.92,8,109.41285
3.91,9,109.416034
1.9,10,109.419235
5.9,10,109.422277
3.93,7,109.424485
1.94,6,109.426576
3.94,6,109.428532
5.92,8,109.430973
1.94,6,109.432794
3.86,14,109.436955
1.95,5,109.438489
1.96,4,109.439737
5.91,9,109.442437
1.91,9,109.44514
5.89,11,109.525374
1.93,7,109.527605
5.86,14,109.532148
1.9,10,109.535388
3.9,10,109.538446
1.89,11,109.5421
3.9,10,109.545674
3.94,6,109.547618
5.9,10,109.551019
1.95,5,109.552653
-0.07,7,109.554974
5.86,14,109.559326
1.92,8,109.561947
1.9,10,109.627323
5.89,11,109.630891
1.95,5,109.632624
3.92,8,109.635319
3.93,7,109.637891
3.94,6,109.639975
3.93,7,109.642187
0.92,8,109.644658
13.86,14,109.649157
1.91,9,109.652157
1.94,6,109.65405
3.94,6,109.655931
13.89,11,109.659271
3.87,13,109.66359
1.88,12,109.667296
5.86,14,109.749342
1.88,12,109.753067
3.87,13,109.757439
1.91,9,109.760301
5.91,9,109.763495
1.96,4,109.764967
5.87,13,109.76913
1.91,9,109.771923
5.92,8,109.774387
1.92,8,109.776904
1.96,4,109.778217
1.91,9,109.781214
1.94,6,109.783225
1.96,4,109.784519
3.93,7,109.786992
1.96,4,109.847442
3.91,9,109.850311
1.95,5,109.852001
1.96,4,109.85328
1.93,7,109.855431
1.96,4,109.856692
1.94,6,109.858541
3.94,6,109.860757
3.88,12,109.86446
3.91,9,109.867179
1.9,10,109.870742
1.92,8,109.873248
1.91,9,109.876148
3.9,10,109.879338
5.88,12,109.883005
1.92,8,109.88548
1.92,8,109.958554
5.92,8,109.961154
3.88,12,109.964821
13.84,16,109.969938
3.86,14,109.974483
1.9,10,109.978023
1.92,8,109.98078
3.91,9,109.983706
3.89,11,109.987272
3.9,10,109.990643
1.95,5,109.992267
1.91,9,109.99503
1.92,8,109.997491
3.86,14,110.072598
3.94,6,110.074526
1.91,9,110.077223
1.94,6,110.079215
3.9,10,110.082925
3.89,11,110.086569
1.94,6,110.088464
3.88,12,110.092662
5.85,15,110.097523
1.91,9,110.100509
1.96,4,110.1021
1.9,10,110.105315
3.89,11,110.10866
3.9,10,110.112096
1.96,4,110.181469
3.89,11,110.185543
5.87,13,110.18985
1.94,6,110.191873
5.92,8,110.194606
3.89,11,110.198116
1.93,7,110.200354
3.89,11,110.204055
1.89,11,110.207467
1.93,7,110.209687
1.91,9,110.212976
3.92,8,110.215595
3.89,11,110.219267
3.91,9,110.222217
5.85,15,110.287976
3.94,6,110.289911
1.9,10,110.29326
3.9,10,110.297129
1.94,6,110.299075
1.94,6,110.300938
5.87,13,110.304939
1.9,10,110.307936
3.92,8,110.310781
1.93,7,110.312998
1.95,5,110.314587
1.9,10,110.317586
3.89,11,110.321441
3.88,12,110.325653
3.91,9,110.390291
1.92,8,110.392795
1.95,5,110.394371
1.95,5,110.395915
1.9,10,110.399381
1.9,10,110.402938
1.92,8,110.405491
5.85,15,110.410304
1.92,8,110.412744
1.96,4,110.41401
3.93,7,110.416117
3.9,10,110.419442
5.86,14,110.423981
1.89,11,110.427638
1.9,10,110.495146
1.91,9,110.49847
1.96,4,110.499919
3.9,10,110.504352
3.91,9,110.507339
1.89,11,110.510973
3.85,15,110.515809
1.9,10,110.519343
5.9,10,110.522426
1.96,4,110.524215
3.94,6,110.526665
1.92,8,110.529669
1.93,7,110.531955
1.9,10,110.535337
3.89,11,110.604786
1.94,6,110.606801
1.96,4,110.608087
5.91,9,110.610806
13.86,14,110.61547
1.93,7,110.618004
3.9,10,110.62118
3.91,9,110.624144
3.93,7,110.626665
1.91,9,110.629535
3.9,10,110.632639
1.96,4,110.634214
1.9,10,110.637627
3.91,9,110.640364
1.94,6,110.642204
1.92,8,110.644864
5.86,14,110.725301
1.93,7,110.727593
1.91,9,110.730352
3.91,9,110.733518
3.94,6,110.735517
1.91,9,110.738285
1.91,9,110.741144
1.9,10,110.74445
3.94,6,110.746431
13.85,15,110.75103
3.94,6,110.753751
1.93,7,110.756156
5.88,12,110.759914
3.91,9,110.763111
1.96,4,110.76452
1.94,6,110.844526
3.88,12,110.848193
1.92,8,110.850603
1.91,9,110.853775
1.95,5,110.855471
3.81,19,110.861164
5.92,8,110.863627
3.9,10,110.866627
1.92,8,110.869051
1.95,5,110.87061
1.95,5,110.872159
3.93,7,110.874311
1.93,7,110.876446
1.95,5,110.877993
3.92,8,110.880706
1.94,6,110.882601
3.91,9,110.984485
3.9,10,110.987632
1.91,9,110.990413
3.94,6,110.992954
5.84,16,110.99802
5.88,12,111.001725
1.9,10,111.00481
3.87,13,111.009069
3.94,6,111.010978
3.94,6,111.012874
1.94,6,111.014753
5.88,12,111.019137
3.87,13,111.023246
5.92,8,111.091742
13.84,16,111.097213
5.92,8,111.09997
1.93,7,111.102466
13.86,14,111.106755
3.94,6,111.108655
3.91,9,111.11159
3.88,12,111.115253
1.9,10,111.118286
3.89,11,111.122099
1.93,7,111.12439
3.88,12,111.128414
1.89,11,111.19835
1.92,8,111.200985
1.9,10,111.204304
5.9,10,111.20742
1.93,7,111.209877
3.93,7,111.212232
3.88,12,111.215976
5.9,10,111.219055
-0.08,8,111.221907
5.88,12,111.225585
5.88,12,111.229319
3.93,7,111.23163
1.96,4,111.232942
1.93,7,111.235341
3.93,7,111.237631
1.92,8,111.311349
13.88,12,111.315106
5.88,12,111.318881
3.89,11,111.322357
5.9,10,111.325476
13.9,10,111.328629
3.9,10,111.331782
1.9,10,111.335136
1.94,6,111.337695
1.92,8,111.340195
1.91,9,111.342986
3.91,9,111.346
1.89,11,111.349364
1.93,7,111.351625
3.87,13,111.412486
1.91,9,111.415289
5.91,9,111.418324
5.86,14,111.423252
3.94,6,111.42522
1.94,6,111.427093
1.93,7,111.429537
1.9,10,111.432675
1.91,9,111.435441
3.93,7,111.437614
1.96,4,111.438882
13.88,12,111.442804
1.96,4,111.444145
3.92,8,111.446639
1.96,4,111.447931
5.88,12,111.531198
1.88,12,111.535084
3.94,6,111.537
3.94,6,111.539146
1.88,12,111.543062
1.9,10,111.546425
1.93,7,111.548895
3.91,9,111.551981
3.87,13,111.555925
1.93,7,111.558081
3.94,6,111.560578
1.9,10,111.563792
5.87,13,111.567775
1.92,8,111.570721
1.93,7,111.633094
1.94,6,111.635362
3.93,7,111.63768
3.88,12,111.641983
1.88,12,111.645839
3.94,6,111.647794
1.92,8,111.650258
1.94,6,111.652462
1.92,8,111.655089
3.91,9,111.657997
3.85,15,111.662802
3.94,6,111.664743
3.89,11,111.668451
1.91,9,111.67178
1.92,8,111.674328
1.94,6,111.755981
1.94,6,111.758004
3.92,8,111.760779
1.9,10,111.764012
1.91,9,111.766874
1.94,6,111.76885
1.96,4,111.770136
1.95,5,111.771688
3.87,13,111.775591
1.94,6,111.7775
1.9,10,111.780535
3.88,12,111.784238
1.92,8,111.786796
13.83,17,111.791859
1.93,7,111.794357
5.89,11,111.881434
1.93,7,111.883692
13.85,15,111.888586
3.91,9,111.89149
5.89,11,111.894977
3.91,9,111.897738
1.94,6,111.899599
1.92,8,111.902465
5.9,10,111.905718
5.91,9,111.908503
1.91,9,111.911417
3.9,10,111.914818
3.92,8,111.917315
3.93,7,111.919839
1.96,4,111.985359
1.96,4,111.986739
3.91,9,111.989497
1.96,4,111.99078
1.95,5,111.992329
5.85,15,111.997271
3.88,12,112.001193
1.96,4,112.003174
5.89,11,112.006784
1.93,7,112.009008
1.94,6,112.011206
1.92,8,112.013794
1.96,4,112.015231
13.85,15,112.019949
1.89,11,112.023396
1.92,8,112.025861
3.93,7,112.113435
1.94,6,112.115433
1.96,4,112.116909
1.89,11,112.120629
1.96,4,112.122179
1.94,6,112.124103
1.9,10,112.127386
1.9,10,112.130513
1.95,5,112.1325
1.92,8,112.135205
1.96,4,112.136511
5.86,14,112.140724
5.92,8,112.143549
1.91,9,112.146471
3.88,12,112.150192
3.9,10,112.153564
1.95,5,112.251561
1.96,4,112.253332
1.91,9,112.256265
1.91,9,112.259595
3.94,6,112.261827
3.94,6,112.263811
1.9,10,112.266946
3.87,13,112.271183
3.9,10,112.274347
13.82,18,112.279939
3.94,6,112.281837
1.96,4,112.283129
1.94,6,112.285098
1.93,7,112.287347
1.91,9,112.290194
1.9,10,112.389735
1.95,5,112.391473
13.88,12,112.395446
1.93,7,112.397597
1.93,7,112.399746
3.94,6,112.401862
13.9,10,112.405031
13.9,10,112.408135
5.9,10,112.411398
1.92,8,112.413852
13.88,12,112.417449
3.87,13,112.422223
1.94,6,112.424129
5.9,10,112.427335
3.9,10,112.430437
3.94,6,112.491388
3.92,8,112.493961
1.94,6,112.495852
1.93,7,112.498013
5.89,11,112.501787
1.88,12,112.505658
1.89,11,112.509383
1.94,6,112.511608
1.88,12,112.515298
1.94,6,112.517178
3.92,8,112.51972
1.95,5,112.521341
5.86,14,112.525599
1.95,5,112.527389
13.88,12,112.593544
1.93,7,112.596027
13.89,11,112.599428
13.89,11,112.603378
3.88,12,112.607104
1.9,10,112.610218
1.91,9,112.61336
13.86,14,112.617816
1.91,9,112.620694
3.88,12,112.624399
1.93,7,112.626784
13.89,11,112.630611
5.89,11,112.634008
1.95,5,112.697252
5.89,11,112.700852
13.9,10,112.704026
1.92,8,112.706581
3.86,14,112.710926
1.88,12,112.715023
1.91,9,112.717872
3.86,14,112.72204
5.83,17,112.727911
1.92,8,112.730404
1.92,8,112.732873
1.93,7,112.735533
1.94,6,112.737406
13.86,14,112.812353
1.91,9,112.815241
3.94,6,112.817141
3.91,9,112.819975
1.9,10,112.823011
1.88,12,112.826582
5.9,10,112.830082
1.92,8,112.832674
1.93,7,112.834988
1.96,4,112.836391
5.85,15,112.841336
1.94,6,112.843335
3.88,12,112.846968
1.93,7,112.849293
1.95,5,112.93312
1.94,6,112.935115
1.93,7,112.93731
1.95,5,112.938957
5.85,15,112.944148
1.93,7,112.946353
1.91,9,112.9491
5.9,10,112.95228
13.88,12,112.955897
1.95,5,112.957453
3.92,8,112.960079
3.89,11,112.964135
3.94,6,112.96607
1.92,8,112.968773
3.87,13,112.972993
3.86,14,113.0609
3.88,12,113.064547
1.95,5,113.066104
5.88,12,113.070574
3.92,8,113.073174
1.93,7,113.075378
1.94,6,113.077255
1.96,4,113.078522
1.89,11,113.081958
3.94,6,113.083843
3.87,13,113.087704
1.92,8,113.090183
5.91,9,113.093097
1.9,10,113.096311
13.89,11,113.158355
3.87,13,113.162291
1.87,13,113.1665
3.94,6,113.168792
5.92,8,113.171408
5.87,13,113.175378
1.92,8,113.178261
1.94,6,113.18026
1.95,5,113.181864
3.88,12,113.18544
5.89,11,113.188997
1.9,10,113.192154
3.9,10,113.195305
3.91,9,113.255139
3.92,8,113.257711
1.95,5,113.259277
1.92,8,113.261685
3.86,14,113.26639
1.93,7,113.268814
3.93,7,113.271042
3.89,11,113.274365
1.91,9,113.277284
1.96,4,113.278708
1.95,5,113.28034
1.96,4,113.281643
1.94,6,113.283529
5.91,9,113.286313
1.93,7,113.288497
5.87,13,113.292434
5.91,9,113.295194
3.89,11,113.376041
3.91,9,113.378808
1.94,6,113.38064
1.89,11,113.384331
3.86,14,113.388984
1.96,4,113.390342
3.9,10,113.393843
5.87,13,113.397998
1.88,12,113.401704
1.88,12,113.405451
5.91,9,113.408261
5.87,13,113.412244
5.86,14,113.477979
5.9,10,113.481146
1.92,8,113.483585
13.88,12,113.487205
1.9,10,113.490205
1.92,8,113.492614
1.96,4,113.493881
3.88,12,113.497842
1.93,7,113.500163
3.9,10,113.503279
3.93,7,113.505483
5.91,9,113.508759
3.9,10,113.512043
5.87,13,113.57178
1.94,6,113.573882
3.94,6,113.575766
1.94,6,113.577836
1.93,7,113.580038
1.92,8,113.582548
1.94,6,113.584401
3.91,9,113.58711
5.89,11,113.590995
3.87,13,113.595075
3.93,7,113.597245
13.88,12,113.60155
3.88,12,113.605368
1.88,12,113.609005
3.87,13,113.671969
1.92,8,113.67457
5.87,13,113.678588
1.9,10,113.682083
3.93,7,113.684466
3.89,11,113.68793
3.9,10,113.691208
3.89,11,113.694652
1.89,11,113.698046
1.96,4,113.69934
1.92,8,113.701929
1.91,9,113.704682
1.96,4,113.705959
3.9,10,113.708999
5.9,10,113.712558
1.94,6,113.772224
5.84,16,113.777075
3.93,7,113.779208
1.92,8,113.781661
1.94,6,113.783515
1.96,4,113.78477
5.91,9,113.787464
1.93,7,113.789597
1.92,8,113.792
1.95,5,113.793551
1.91,9,113.796238
5.84,16,113.801713
5.92,8,113.804295
3.91,9,113.807118
1.92,8,113.810002
1.95,5,113.891715
1.94,6,113.893702
1.94,6,113.895562
3.89,11,113.89889
5.91,9,113.902266
1.93,7,113.904503
1.91,9,113.907277
3.9,10,113.91058
1.9,10,113.913782
3.9,10,113.916815
1.93,7,113.918939
1.93,7,113.921064
1.92,8,113.92346
1.96,4,113.924723
3.9,10,113.928028
1.95,5,113.929612
3.94,6,113.931474
1.9,10,114.001895
3.91,9,114.004714
3.92,8,114.007623
3.87,13,114.012009
1.94,6,114.01394
3.87,13,114.018043
3.92,8,114.020798
1.9,10,114.024112
5.9,10,114.027291
1.91,9,114.030055
5.89,11,114.033894
1.89,11,114.037402
3.86,14,114.102748
1.87,13,114.106805
3.91,9,114.10956
3.91,9,114.112717
5.89,11,114.116108
1.93,7,114.118326
3.88,12,114.121961
5.86,14,114.126126
1.92,8,114.128555
3.88,12,114.132755
1.89,11,114.13629
1.93,7,114.138485
3.9,10,114.141847
13.83,17,114.208756
13.9,10,114.211887
1.9,10,114.215314
3.92,8,114.217918
13.88,12,114.221549
1.96,4,114.222817
3.9,10,114.226268
5.87,13,114.230559
5.92,8,114.233047
3.87,13,114.237092
3.9,10,114.240123
3.88,12,114.243715
5.87,13,114.31411
1.94,6,114.316018
1.92,8,114.318428
3.93,7,114.32109
1.95,5,114.322781
1.96,4,114.324087
1.93,7,114.326276
13.83,17,114.331661
1.89,11,114.335094
1.9,10,114.338105
1.91,9,114.341367
1.94,6,114.343553
3.86,14,114.347817
1.92,8,114.350361
5.89,11,114.423719
1.91,9,114.426514
1.94,6,114.42838
1.95,5,114.429929
5.89,11,114.433882
3.93,7,114.436235
3.89,11,114.43957
13.85,15,114.444198
3.91,9,114.446917
3.86,14,114.451109
3.91,9,114.453836
3.94,6,114.455683
1.93,7,114.457806
13.88,12,114.461392
5.9,10,114.527834
1.9,10,114.53116
3.92,8,114.533777
1.94,6,114.535717
5.84,16,114.540609
1.92,8,114.54309
1.95,5,114.544674
1.93,7,114.547166
3.88,12,114.55109
1.94,6,114.553025
1.96,4,114.554311
1.91,9,114.557336
3.93,7,114.559592
3.87,13,114.563698
3.88,12,114.635265
3.9,10,114.638535
1.9,10,114.641559
1.89,11,114.645239
3.88,12,114.648943
3.91,9,114.651686
1.88,12,114.655297
3.9,10,114.658465
1.93,7,114.660733
1.92,8,114.663295
1.9,10,114.66674
1.93,7,114.669076
1.92,8,114.671598
1.94,6,114.673747
3.89,11,114.733391
1.92,8,114.73594
1.92,8,114.738384
1.9,10,114.741398
3.93,7,114.743546
5.9,10,114.746572
1.94,6,114.748418
13.88,12,114.752019
1.92,8,114.754447
5.89,11,114.757868
1.92,8,114.760558
1.9,10,114.763639
1.92,8,114.766069
1.91,9,114.769305
1.94,6,114.771397
3.9,10,114.830149
3.9,10,114.833219
1.95,5,114.834828
1.93,7,114.83794
1.94,6,114.839893
1.9,10,114.842959
3.91,9,114.846032
1.94,6,114.848074
1.91,9,114.850854
1.88,12,114.854456
1.93,7,114.856593
3.93,7,114.858715
3.9,10,114.861713
1.94,6,114.863536
1.9,10,114.866554
1.91,9,114.938483
1.94,6,114.940479
13.88,12,114.944197
13.9,10,114.947316
1.89,11,114.950923
13.84,16,114.955858
1.92,8,114.958291
3.93,7,114.962083
3.88,12,114.965786
13.85,15,114.970304
3.94,6,114.972762
1.92,8,114.975458
13.85,15,115.050254
1.93,7,115.052535
1.96,4,115.0538
3.89,11,115.05709
13.89,11,115.061113
5.86,14,115.065655
3.91,9,115.068713
1.95,5,115.070486
3.87,13,115.074572
1.92,8,115.077146
3.89,11,115.080467
3.94,6,115.082326
1.93,7,115.084454
3.87,13,115.088913
3.88,12,115.156226
3.91,9,115.159148
5.9,10,115.1627
5.92,8,115.165568
3.88,12,115.169557
3.91,9,115.172345
1.93,7,115.174948
3.87,13,115.179506
3.93,7,115.181768
13.85,15,115.18665
3.93,7,115.188863
3.9,10,115.191892
1.9,10,115.19508
1.92,8,115.26315
3.87,13,115.267204
1.92,8,115.269961
3.91,9,115.2729
3.94,6,115.27481
3.92,8,115.277341
1.9,10,115.280423
3.87,13,115.284434
1.89,11,115.287891
1.93,7,115.290522
1.91,9,115.293822
1.9,10,115.297104
1.91,9,115.299903
1.95,5,115.30148
5.92,8,115.364084
3.88,12,115.368007
3.87,13,115.372162
1.94,6,115.374083
1.95,5,115.37566
3.87,13,115.380023
1.88,12,115.383672
1.92,8,115.386203
1.91,9,115.388919
3.9,10,115.392117
13.88,12,115.395911
3.9,10,115.399005
3.89,11,115.402454
3.92,8,115.463636
1.9,10,115.466885
1.93,7,115.469451
1.88,12,115.473462
1.9,10,115.476705
1.94,6,115.478694
5.85,15,115.483629
3.89,11,115.48711
1.92,8,115.489561
3.93,7,115.491726
5.83,17,115.496788
1.94,6,115.498623
5.92,8,115.501049
3.89,11,115.574724
3.92,8,115.577362
1.9,10,115.580422
1.91,9,115.583243
3.89,11,115.586999
1.94,6,115.58888
1.89,11,115.592782
1.95,5,115.594577
13.88,12,115.59831
3.92,8,115.600834
1.94,6,115.60297
13.89,11,115.606439
3.9,10,115.609543
13.82,18,115.615033
3.93,7,115.693981
1.94,6,115.695967
1.95,5,115.697574
5.92,8,115.700056
1.92,8,115.70267
5.88,12,115.70633
3.9,10,115.709361
1.94,6,115.711747
13.88,12,115.715495
1.96,4,115.716792
5.88,12,115.720747
1.94,6,115.722626
1.92,8,115.725069
3.92,8,115.727523
13.85,15,115.731972
13.87,13,115.818277
1.91,9,115.821101
1.93,7,115.823261
1.9,10,115.826738
13.85,15,115.831464
13.88,12,115.835866
3.88,12,115.839935
5.86,14,115.844786
3.91,9,115.847877
5.87,13,115.851895
5.85,15,115.856508
3.9,10,115.922481
1.95,5,115.924638
5.9,10,115.928221
1.95,5,115.930202
1.96,4,115.931657
1.92,8,115.934336
1.96,4,115.935661
3.88,12,115.939338
3.87,13,115.943246
1.95,5,115.944794
5.9,10,115.947826
1.89,11,115.951141
1.92,8,115.953559
3.93,7,115.955706
3.92,8,115.958394
3.88,12,116.036166
3.94,6,116.038179
3.9,10,116.041267
3.93,7,116.043431
3.92,8,116.045872
1.88,12,116.049772
3.89,11,116.053341
3.88,12,116.057094
1.95,5,116.058703
1.91,9,116.061542
1.9,10,116.064565
1.95,5,116.066129
3.9,10,116.06916
1.9,10,116.07217
1.94,6,116.074026
1.91,9,116.144839
1.94,6,116.146816
13.89,11,116.150154
1.89,11,116.153463
3.88,12,116.157076
13.89,11,116.160375
3.9,10,116.163397
1.95,5,116.164948
5.91,9,116.167659
1.9,10,116.17064
1.96,4,116.171892
1.96,4,116.173402
3.94,6,116.175479
1.93,7,116.17771
1.94,6,116.179627
1.88,12,116.252171
1.91,9,116.255168
5.86,14,116.259411
3.93,7,116.262011
1.93,7,116.264352
1.89,11,116.26774
1.93,7,116.270136
3.92,8,116.272643
1.89,11,116.275988
1.91,9,116.278753
13.83,17,116.28399
5.92,8,116.286746
1.94,6,116.288709
3.89,11,116.292123
3.9,10,116.36729
1.94,6,116.369239
3.9,10,116.372279
3.88,12,116.376299
1.9,10,116.379418
3.94,6,116.381695
1.91,9,116.384535
3.87,13,116.388995
3.88,12,116.392714
3.86,14,116.397186
3.93,7,116.399412
3.87,13,116.40344
3.92,8,116.405916
1.93,7,116.469728
3.93,7,116.472013
5.89,11,116.475373
1.91,9,116.478533
13.82,18,116.483979
3.88,12,116.488007
3.92,8,116.490558
1.93,7,116.492727
1.94,6,116.494848
3.89,11,116.498309
1.92,8,116.500869
5.89,11,116.504526
3.85,15,116.58153
1.92,8,116.584108
1.89,11,116.587723
1.96,4,116.58903
3.9,10,116.592621
3.89,11,116.596044
3.93,7,116.598203
3.9,10,116.601226
1.91,9,116.603957
1.91,9,116.606657
3.94,6,116.60852
3.92,8,116.61093
3.91,9,116.613666
3.88,12,116.61724
1.93,7,116.619353
5.87,13,116.691834
1.89,11,116.6957
3.85,15,116.700584
1.96,4,116.702
13.84,16,116.706854
5.88,12,116.710476
1.94,6,116.712322
1.94,6,116.714498
3.94,6,116.716407
3.93,7,116.718573
3.89,11,116.721891
1.92,8,116.724718
1.94,6,116.726654
3.9,10,116.729687
3.88,12,116.801197
1.9,10,116.804313
1.95,5,116.805875
1.9,10,116.809452
3.93,7,116.811986
5.87,13,116.816031
1.9,10,116.819166
1.9,10,116.822302
1.92,8,116.824756
1.95,5,116.826319
1.89,11,116.829857
13.88,12,116.833601
1.94,6,116.835849
5.89,11,116.839306
1.9,10,116.901166
1.94,6,116.903238
1.92,8,116.905734
1.93,7,116.908177
3.88,12,116.911901
3.94,6,116.913953
3.94,6,116.915936
1.93,7,116.918136
1.88,12,116.921762
3.89,11,116.925249
1.89,11,116.928631
1.9,10,116.931669
3.9,10,116.935119
1.89,11,116.938519
3.85,15,116.999209
3.9,10,117.002306
1.91,9,117.00504
1.9,10,117.008498
3.87,13,117.012554
5.86,14,117.017151
3.9,10,117.020634
3.88,12,117.02436
1.92,8,117.02688
5.89,11,117.030856
13.85,15,117.036276
1.9,10,117.109987
1.89,11,117.113422
1.96,4,117.114712
3.87,13,117.119286
1.9,10,117.122334
3.92,8,117.125667
3.93,7,117.128576
1.94,6,117.131051
3.94,6,117.135921
1.91,9,117.139475
3.88,12,117.143511
1.89,11,117.147606
1.94,6,117.150157
1.93,7,117.152888
1.94,6,117.156038
5.87,13,117.242442
3.86,14,117.247692
1.94,6,117.250055
1.91,9,117.253921
3.94,6,117.255962
1.96,4,117.257753
3.91,9,117.26087
3.93,7,117.263179
3.89,11,117.266589
3.89,11,117.270523
1.95,5,117.27234
1.95,5,117.274261
3.93,7,117.276685
1.96,4,117.278003
1.9,10,117.281623
3.9,10,117.284888
13.89,11,117.369375
5.85,15,117.374711
5.88,12,117.382463
1.94,6,117.385122
5.88,12,117.389964
1.92,8,117.39283
1.93,7,117.39567
1.89,11,117.399231
3.94,6,117.401137
5.9,10,117.404893
3.88,12,117.408753
5.87,13,117.413741
1.9,10,117.481984
5.91,9,117.484805
1.91,9,117.487515
3.93,7,117.490334
1.94,6,117.495275
3.87,13,117.5012
1.94,6,117.504036
5.9,10,117.507288
1.9,10,117.510805
1.96,4,117.512189
3.89,11,117.51556
1.96,4,117.516853
13.85,15,117.521929
3.87,13,117.525836
13.89,11,117.594894
1.94,6,117.59687
1.94,6,117.598739
1.94,6,117.600604
5.9,10,117.604114
1.95,5,117.605864
3.92,8,117.608654
5.91,9,117.611607
1.93,7,117.614019
1.9,10,117.617241
1.9,10,117.623985
13.88,12,117.631655
1.93,7,117.633969
3.89,11,117.637324
1.87,13,117.641641
1.93,7,117.717881
3.85,15,117.722936
1.91,9,117.726155
1.88,12,117.730444
1.96,4,117.732468
5.86,14,117.74432
1.89,11,117.749329
3.91,9,117.752613
3.94,6,117.754611
1.96,4,117.755947
3.91,9,117.758768
5.92,8,117.76169
5.87,13,117.765616
1.96,4,117.767337
3.93,7,117.769793
13.85,15,117.841409
3.93,7,117.843758
3.9,10,117.847201
5.9,10,117.850368
3.9,10,117.853634
3.88,12,117.857643
13.88,12,117.867948
13.89,11,117.87265
3.9,10,117.875869
5.83,17,117.882439
3.92,8,117.885183
1.93,7,117.956658
1.89,11,117.960483
1.92,8,117.963576
3.89,11,117.96765
1.94,6,117.969813
3.92,8,117.972411
5.86,14,117.976983
1.96,4,117.978285
3.88,12,117.98192
3.89,11,117.985268
1.91,9,117.988618
1.93,7,117.991054
5.86,14,117.995294
3.93,7,117.997971
3.92,8,118.075421
3.92,8,118.078037
1.89,11,118.081478
1.96,4,118.082783
1.94,6,118.08544
3.91,9,118.089511
3.91,9,118.092441
3.88,12,118.097079
3.92,8,118.099735
1.94,6,118.102011
1.88,12,118.105921
1.91,9,118.11141
1.96,4,118.112759
5.87,13,118.117241
5.92,8,118.120369
13.84,16,118.20227
1.92,8,118.204869
3.88,12,118.208826
3.93,7,118.211609
3.91,9,118.214516
5.87,13,118.218919
1.93,7,118.221235
1.96,4,118.222544
1.91,9,118.225342
1.96,4,118.226636
1.9,10,118.230039
3.94,6,118.231992
1.93,7,118.234175
1.95,5,118.235989
3.9,10,118.239267
1.89,11,118.316665
1.96,4,118.318078
3.88,12,118.32172
1.96,4,118.322996
13.88,12,118.326871
1.93,7,118.329227
3.93,7,118.331445
1.93,7,118.333628
1.89,11,118.337851
3.93,7,118.340083
3.86,14,118.344736
3.9,10,118.348044
3.9,10,118.351283
3.89,11,118.35495
5.85,15,118.422478
3.94,6,118.42449
1.93,7,118.426824
3.9,10,118.430043
1.9,10,118.433171
1.92,8,118.435696
3.88,12,118.439518
5.9,10,118.442631
1.91,9,118.445464
1.95,5,118.447059
1.96,4,118.448348
3.91,9,118.451124
1.94,6,118.453056
3.93,7,118.455234
5.85,15,118.460026
1.89,11,118.543721
5.87,13,118.547779
5.9,10,118.551223
5.86,14,118.555784
3.94,6,118.557681
3.9,10,118.560961
3.89,11,118.56454
3.93,7,118.566736
3.92,8,118.569395
5.92,8,118.572072
1.95,5,118.573698
3.88,12,118.577427
1.95,5,118.579184
5.91,9,118.58211
1.91,9,118.647296
13.88,12,118.651044
1.93,7,118.653211
1.91,9,118.656386
1.91,9,118.659242
1.94,6,118.661139
1.94,6,118.663032
3.91,9,118.665779
3.91,9,118.668521
1.93,7,118.670672
1.91,9,118.673378
5.89,11,118.677579
1.91,9,118.680408
3.93,7,118.682581
1.95,5,118.684327
5.86,14,118.757825
1.87,13,118.762409
1.92,8,118.76528
3.94,6,118.767293
13.85,15,118.771836
3.94,6,118.773689
3.93,7,118.775841
3.92,8,118.778264
5.85,15,118.782723
5.87,13,118.786582
3.91,9,118.789292
1.97,3,118.790256
3.94,6,118.792094
13.87,13,118.859748
1.93,7,118.862018
5.87,13,118.865979
1.95,5,118.867552
1.95,5,118.869117
5.85,15,118.873606
1.96,4,118.874862
1.92,8,118.877251
1.9,10,118.880229
3.88,12,118.884448
3.91,9,118.887341
5.89,11,118.890717
1.96,4,118.892374
1.96,4,118.893993
5.86,14,118.898318
3.88,12,118.984791
3.9,10,118.987879
3.89,11,118.991164
3.93,7,118.993745
1.97,3,118.994806
5.88,12,118.998459
3.88,12,119.002075
3.89,11,119.005365
3.92,8,119.00798
1.94,6,119.009986
5.86,14,119.014614
1.92,8,119.017175
1.9,10,119.020451
1.94,6,119.022322
1.91,9,119.087059
3.92,8,119.089671
1.93,7,119.09187
1.9,10,119.095371
13.9,10,119.098466
-0.02,2,119.099148
1.91,9,119.101837
13.83,17,119.107253
13.83,17,119.112751
3.89,11,119.116292
1.96,4,119.117803
3.88,12,119.121641
3.9,10,119.125406
5.92,8,119.199767
3.9,10,119.203811
1.94,6,119.205755
1.9,10,119.209283
1.9,10,119.213373
3.93,7,119.216204
5.86,14,119.221172
1.95,5,119.222816
1.95,5,119.224402
3.91,9,119.227177
1.94,6,119.229485
1.88,12,119.233306
3.94,6,119.235196
1.91,9,119.243133
1.95,5,119.245108
1.9,10,119.249625
3.94,6,119.334067
1.93,7,119.337063
3.94,6,119.339051
1.95,5,119.340662
5.83,17,119.346179
3.94,6,119.348102
1.94,6,119.349957
5.9,10,119.353
1.92,8,119.356054
3.91,9,119.358876
13.87,13,119.362915
3.93,7,119.365328
13.89,11,119.369
1.91,9,119.371837
1.89,11,119.448226
1.93,7,119.450505
1.94,6,119.452385
1.92,8,119.454847
3.9,10,119.458235
1.91,9,119.46266
3.9,10,119.466033
3.88,12,119.470057
3.88,12,119.473653
1.94,6,119.475499
5.9,10,119.47962
3.93,7,119.482289
5.86,14,119.486516
5.86,14,119.491158
1.91,9,119.558118
1.91,9,119.561416
1.96,4,119.562781
3.94,6,119.564673
3.87,13,119.569039
5.88,12,119.572656
5.88,12,119.576902
1.9,10,119.579941
1.89,11,119.583228
3.9,10,119.586745
3.92,8,119.589353
1.91,9,119.592341
1.94,6,119.594429
1.92,8,119.596904
5.85,15,119.66196
1.96,4,119.663328
3.94,6,119.665192
3.89,11,119.669279
3.92,8,119.671936
1.91,9,119.674731
3.89,11,119.678517
1.96,4,119.679921
3.89,11,119.6836
3.94,6,119.685572
1.9,10,119.688672
1.95,5,119.69028
1.94,6,119.692193
3.93,7,119.694443
5.92,8,119.69697
3.9,10,119.768984
13.84,16,119.774019
5.87,13,119.778174
1.91,9,119.781163
1.9,10,119.784303
5.91,9,119.787199
3.93,7,119.789417
1.96,4,119.790715
1.96,4,119.792014
1.91,9,119.795432
3.91,9,119.798351
3.94,6,119.800245
5.91,9,119.802976
3.9,10,119.806308
5.89,11,119.809759
1.96,4,119.892261
1.95,5,119.893979
1.93,7,119.89616
3.94,6,119.898014
1.92,8,119.900455
5.91,9,119.903182
1.89,11,119.906473
3.93,7,119.908594
5.89,11,119.911898
5.92,8,119.914308
3.94,6,119.916512
1.93,7,119.918778
1.91,9,119.921594
1.94,6,119.923489
1.92,8,119.926411
1.91,9,119.929328
3.91,9,119.998509
1.91,9,120.001462
1.91,9,120.004187
1.92,8,120.006609
1.92,8,120.009429
1.91,9,120.012251
1.93,7,120.014394
1.92,8,120.016784
1.95,5,120.019006
5.85,15,120.023754
1.9,10,120.027117
5.88,12,120.03124
13.86,14,120.035466
1.95,5,120.037036
13.87,13,120.106131
1.93,7,120.10844
3.93,7,120.110649
3.89,11,120.114258
3.89,11,120.117871
1.96,4,120.11915
1.91,9,120.121907
1.92,8,120.124347
5.9,10,120.127363
3.88,12,120.130926
1.95,5,120.132754
5.91,9,120.135534
1.88,12,120.139167
5.9,10,120.142587
3.87,13,120.202745
1.92,8,120.205308
1.96,4,120.206583
1.95,5,120.208147
3.87,13,120.21205
1.94,6,120.213894
1.9,10,120.217181
3.91,9,120.220517
3.87,13,120.224588
5.92,8,120.227201
1.91,9,120.229987
3.92,8,120.232449
1.9,10,120.235481
3.92,8,120.237912
5.88,12,120.241507
5.9,10,120.303162
5.9,10,120.306306
5.91,9,120.309237
1.91,9,120.312148
1.92,8,120.314639
1.94,6,120.316514
1.95,5,120.318089
3.9,10,120.32166
1.96,4,120.32302
3.91,9,120.325765
1.93,7,120.327921
3.87,13,120.331863
5.86,14,120.33608
13.83,17,120.402647
1.93,7,120.404937
1.91,9,120.407675
1.93,7,120.409829
3.92,8,120.412649
13.89,11,120.416061
5.88,12,120.419646
1.9,10,120.42264
1.92,8,120.425471
1.89,11,120.429153
1.95,5,120.430765
3.89,11,120.434139
1.92,8,120.43695
13.85,15,120.441705
1.95,5,120.50725
3.92,8,120.509936
1.92,8,120.512553
1.9,10,120.515633
3.9,10,120.519447
3.93,7,120.521744
3.9,10,120.524812
5.87,13,120.528744
3.94,6,120.53062
1.93,7,120.53276
3.94,6,120.534627
1.94,6,120.53649
1.91,9,120.53921
1.88,12,120.542809
3.92,8,120.545243
3.93,7,120.617319
5.85,15,120.622047
13.86,14,120.626471
1.91,9,120.629406
1.94,6,120.631266
1.96,4,120.632529
1.9,10,120.635504
1.96,4,120.637173
1.94,6,120.639187
3.92,8,120.641708
1.92,8,120.644166
1.93,7,120.646302
3.9,10,120.649295
13.84,16,120.654195
1.91,9,120.657008
3.93,7,120.7478
13.84,16,120.75269
1.93,7,120.754844
3.89,11,120.758652
5.85,15,120.763224
3.87,13,120.767689
3.91,9,120.77086
1.89,11,120.774332
1.96,4,120.775648
1.93,7,120.777973
3.91,9,120.780852
1.92,8,120.783498
3.9,10,120.78668
3.85,15,120.858904
3.94,6,120.86106
3.9,10,120.864194
1.92,8,120.866652
5.9,10,120.869683
1.91,9,120.87239
1.92,8,120.874807
3.91,9,120.877518
1.93,7,120.879657
1.91,9,120.882709
1.87,13,120.886776
1.9,10,120.889854
1.89,11,120.893777
3.9,10,120.956742
1.92,8,120.959312
3.89,11,120.963078
3.89,11,120.967279
3.91,9,120.970077
1.89,11,120.973409
5.87,13,120.977757
1.92,8,120.9803
1.96,4,120.981572
5.87,13,120.985457
5.84,16,120.990475
1.89,11,120.993814
5.88,12,121.064178
5.88,12,121.067971
1.89,11,121.071306
3.91,9,121.074062
1.96,4,121.07533
3.89,11,121.078654
3.92,8,121.081101
1.9,10,121.084125
1.93,7,121.086262
1.94,6,121.088108
1.95,5,121.089661
1.92,8,121.0927
1.88,12,121.096525
5.86,14,121.101069
1.94,6,121.103175
3.92,8,121.182567
1.95,5,121.184205
3.94,6,121.186042
1.92,8,121.188443
1.93,7,121.191002
1.89,11,121.194529
1.92,8,121.197021
1.91,9,121.199754
3.9,10,121.202786
1.89,11,121.206078
13.87,13,121.209971
1.96,4,121.211237
3.91,9,121.213953
3.9,10,121.217238
3.93,7,121.219379
1.91,9,121.295484
1.89,11,121.298908
1.96,4,121.300199
5.91,9,121.303368
1.92,8,121.306034
3.9,10,121.309084
3.9,10,121.312423
5.87,13,121.316377
5.86,14,121.320522
1.96,4,121.321774
5.89,11,121.3254
1.89,11,121.328778
1.95,5,121.330503
1.96,4,121.331866
3.91,9,121.396586
1.92,8,121.399187
5.85,15,121.403654
1.9,10,121.407091
3.92,8,121.409649
1.9,10,121.412691
1.88,12,121.416281
1.91,9,121.418984
1.91,9,121.421676
1.9,10,121.42545
1.92,8,121.428017
13.9,10,121.431084
1.89,11,121.434855
1.88,12,121.5032
3.91,9,121.50605
1.92,8,121.508518
1.9,10,121.511985
1.93,7,121.514468
1.92,8,121.517326
1.96,4,121.518681
3.87,13,121.523171
1.9,10,121.526434
1.94,6,121.528673
13.82,18,121.534321
1.92,8,121.536821
5.92,8,121.539291
1.94,6,121.541137
1.87,13,121.619585
1.96,4,121.62095
5.91,9,121.623747
1.94,6,121.625609
3.89,11,121.628928
1.92,8,121.631642
1.95,5,121.633516
3.89,11,121.63724
1.93,7,121.639468
3.89,11,121.643328
3.91,9,121.646337
1.89,11,121.649768
1.9,10,121.652902
5.92,8,121.65541
5.87,13,121.659377
1.91,9,121.722215
3.92,8,121.724751
1.94,6,121.726589
1.94,6,121.72845
3.86,14,121.733136
1.93,7,121.735349
1.92,8,121.737787
3.88,12,121.741382
1.9,10,121.744396
1.89,11,121.74772
1.94,6,121.749557
3.87,13,121.753428
5.84,16,121.758747
3.93,7,121.825687
1.94,6,121.827653
1.91,9,121.830426
1.92,8,121.832868
3.87,13,121.836791
5.89,11,121.840134
1.91,9,121.843092
1.91,9,121.84621
3.89,11,121.849587
1.95,5,121.851163
1.92,8,121.853962
1.95,5,121.855626
3.92,8,121.858114
13.84,16,121.862895
5.92,8,121.932778
3.91,9,121.936014
13.89,11,121.939519
3.92,8,121.942317
5.91,9,121.945295
1.92,8,121.947784
5.87,13,121.951725
3.94,6,121.953581
5.9,10,121.956599
1.9,10,121.959599
1.96,4,121.961638
5.86,14,121.966082
1.89,11,121.970012
5.87,13,122.035833
5.91,9,122.038818
5.86,14,122.043094
1.92,8,122.046139
1.92,8,122.048797
3.89,11,122.052244
13.9,10,122.055722
1.96,4,122.057263
5.86,14,122.068389
1.88,12,122.084891
5.86,14,122.089713
1.93,7,122.092274
3.94,6,122.094385
3.94,6,122.096451
1.94,6,122.161093
5.92,8,122.16373
3.87,13,122.167872
1.87,13,122.172407
1.96,4,122.173742
-0.15,15,122.178477
3.9,10,122.181628
1.96,4,122.182918
1.93,7,122.185191
1.91,9,122.188476
1.9,10,122.191635
1.9,10,122.194681
5.89,11,122.198318
1.92,8,122.200775
1.96,4,122.202173
3.91,9,122.271089
1.93,7,122.273342
1.9,10,122.276424
1.95,5,122.278199
1.96,4,122.279511
1.89,11,122.282945
1.93,7,122.285225
1.92,8,122.287845
3.9,10,122.29098
3.87,13,122.294978
13.83,17,122.300565
1.91,9,122.303347
3.92,8,122.306156
3.92,8,122.308829
1.89,11,122.382427
3.92,8,122.38503
1.9,10,122.388089
3.92,8,122.391022
1.96,4,122.392391
1.92,8,122.39494
1.9,10,122.398005
3.93,7,122.400169
3.89,11,122.403515
1.92,8,122.405999
1.88,12,122.409636
1.95,5,122.411199
1.89,11,122.414498
1.93,7,122.41665
3.9,10,122.419653
1.88,12,122.483558
1.9,10,122.48673
3.92,8,122.489173
1.92,8,122.491659
3.86,14,122.495816
3.91,9,122.498899
1.89,11,122.50234
1.92,8,122.50481
5.86,14,122.509066
3.94,6,122.511434
1.96,4,122.512788
5.92,8,122.51524
1.91,9,122.517942
1.96,4,122.519194
1.91,9,122.583439
3.89,11,122.586837
3.92,8,122.589264
3.91,9,122.592391
5.85,15,122.597286
1.94,6,122.599224
1.95,5,122.600873
1.95,5,122.602557
1.92,8,122.605019
1.9,10,122.608035
5.92,8,122.610511
3.94,6,122.61236
3.92,8,122.614815
3.89,11,122.618225
1.89,11,122.621715
13.87,13,122.708464
3.87,13,122.713045
1.94,6,122.715393
1.93,7,122.717641
1.94,6,122.719701
1.9,10,122.722807
3.88,12,122.726642
1.94,6,122.728572
1.95,5,122.730165
1.93,7,122.732297
3.88,12,122.735921
1.87,13,122.739783
5.86,14,122.743957
3.87,13,122.80934
5.88,12,122.813694
1.94,6,122.815641
3.94,6,122.817708
1.95,5,122.819481
1.93,7,122.82166
1.89,11,122.824983
3.94,6,122.827103
5.88,12,122.830792
1.93,7,122.832948
1.96,4,122.834214
3.92,8,122.836644
1.93,7,122.839
1.9,10,122.842365
3.87,13,122.846424
5.84,16,122.920925
1.95,5,122.922588
1.91,9,122.925328
3.87,13,122.929974
1.94,6,122.931958
1.94,6,122.933868
1.89,11,122.937553
5.91,9,122.940438
5.89,11,122.943942
5.87,13,122.947857
1.92,8,122.950274
1.96,4,122.951667
3.93,7,122.953955
5.87,13,122.957912
1.89,11,123.021224
3.9,10,123.024388
1.95,5,123.025972
1.93,7,123.028435
1.95,5,123.030245
1.95,5,123.031832
1.93,7,123.034
3.94,6,123.035887
3.9,10,123.038922
5.86,14,123.043104
5.86,14,123.047248
1.9,10,123.050678
1.92,8,123.053206
1.96,4,123.054501
1.96,4,123.055793
1.93,7,123.058114
1.96,4,123.059629
1.9,10,123.140457
3.87,13,123.144714
3.94,6,123.14665
13.88,12,123.15031
3.91,9,123.15327
1.94,6,123.155157
3.93,7,123.15733
3.93,7,123.159499
13.82,18,123.165064
1.9,10,123.168364
1.91,9,123.171353
1.96,4,123.172649
3.92,8,123.175126
3.91,9,123.177821
1.93,7,123.250779
5.89,11,123.254591
13.86,14,123.25924
1.95,5,123.261272
1.94,6,123.263301
1.93,7,123.265518
1.93,7,123.267706
13.82,18,123.273331
1.96,4,123.274674
3.94,6,123.276542
3.92,8,123.278972
1.93,7,123.281127
3.92,8,123.28354
3.87,13,123.287409
1.91,9,123.363926
3.91,9,123.366821
3.92,8,123.369284
1.89,11,123.372815
1.92,8,123.375528
3.92,8,123.378011
1.96,4,123.379288
1.95,5,123.381238
1.9,10,123.384814
3.87,13,123.388812
1.94,6,123.390682
1.93,7,123.392813
3.88,12,123.396773
1.91,9,123.399559
1.94,6,123.401435
1.96,4,123.402768
5.88,12,123.48102
1.91,9,123.483786
1.93,7,123.48592
1.92,8,123.488443
13.87,13,123.493001
5.87,13,123.497073
3.92,8,123.499565
1.95,5,123.501135
3.88,12,123.505216
1.96,4,123.506552
5.87,13,123.510623
1.92,8,123.513818
1.96,4,123.515248
5.9,10,123.518802
3.87,13,123.584461
1.93,7,123.587398
3.87,13,123.5914
1.94,6,123.593843
13.9,10,123.597132
13.9,10,123.600224
3.88,12,123.604259
3.91,9,123.607131
3.89,11,123.610636
1.95,5,123.612251
3.86,14,123.616468
1.94,6,123.618514
3.88,12,123.62261
3.92,8,123.625108
3.93,7,123.689102
1.93,7,123.69131
13.9,10,123.694335
1.92,8,123.697113
1.9,10,123.700299
1.96,4,123.70162
1.88,12,123.70526
1.93,7,123.707403
1.93,7,123.709669
1.89,11,123.713306
1.93,7,123.715549
1.92,8,123.718049
13.9,10,123.721482
3.9,10,123.724568
5.87,13,123.784792
1.91,9,123.787654
3.86,14,123.791883
5.9,10,123.795941
1.95,5,123.797603
1.95,5,123.799208
3.92,8,123.801668
5.84,16,123.806989
3.91,9,123.809863
3.91,9,123.81298
1.92,8,123.815647
13.82,18,123.821312
1.93,7,123.823539
1.96,4,123.824852
1.94,6,123.901123
3.87,13,123.905229
1.95,5,123.906818
5.91,9,123.909992
3.89,11,123.913642
1.96,4,123.91495
3.89,11,123.918546
1.95,5,123.920587
3.9,10,123.923856
5.86,14,123.92819
1.94,6,123.930066
1.93,7,123.932225
1.9,10,123.935278
1.9,10,123.938298
3.94,6,123.940161
3.86,14,124.023048
1.96,4,124.024422
3.92,8,124.026871
1.89,11,124.030191
1.91,9,124.032904
3.92,8,124.035919
3.89,11,124.05415
1.94,6,124.061626
1.95,5,124.063303
1.92,8,124.065752
3.9,10,124.068854
5.92,8,124.071741
1.96,4,124.073408
1.94,6,124.075298
3.93,7,124.078337
1.95,5,124.080023
1.9,10,124.194892
1.89,11,124.198388
3.87,13,124.202276
5.92,8,124.205382
1.94,6,124.207411
1.96,4,124.208741
1.89,11,124.213034
1.87,13,124.217421
3.91,9,124.220373
3.92,8,124.222869
5.88,12,124.227188
3.93,7,124.229378
3.9,10,124.232417
1.92,8,124.235617
3.92,8,124.298502
5.87,13,124.303315
5.85,15,124.308139
5.91,9,124.311116
1.93,7,124.313337
5.88,12,124.316995
5.87,13,124.321018
3.9,10,124.324057
1.9,10,124.327079
5.89,11,124.330845
1.94,6,124.332811
1.91,9,124.336094
1.89,11,124.340059
3.91,9,124.423609
1.93,7,124.426199
3.9,10,124.429505
3.93,7,124.431888
5.92,8,124.434848
5.84,16,124.439714
3.9,10,124.443259
5.86,14,124.447666
1.89,11,124.451069
-0.1,10,124.454335
3.94,6,124.456255
3.87,13,124.460475
3.94,6,124.462934
1.96,4,124.53106
3.87,13,124.53504
1.9,10,124.538033
1.88,12,124.54232
1.93,7,124.544938
3.91,9,124.547812
5.87,13,124.552295
1.9,10,124.555334
3.89,11,124.558648
3.91,9,124.561955
3.89,11,124.565804
1.94,6,124.567734
1.89,11,124.571515
3.94,6,124.633238
1.9,10,124.636424
1.91,9,124.639186
5.88,12,124.643584
3.86,14,124.64832
3.91,9,124.651602
1.93,7,124.654159
1.95,5,124.655802
3.93,7,124.65812
1.96,4,124.659528
3.89,11,124.663154
1.95,5,124.664774
3.94,6,124.666685
1.92,8,124.66948
1.93,7,124.671688
1.93,7,124.674411
1.91,9,124.755183
1.95,5,124.756869
1.95,5,124.75845
5.89,11,124.761792
1.95,5,124.763782
5.91,9,124.766724
1.93,7,124.769055
3.88,12,124.772812
3.93,7,124.774973
1.91,9,124.778119
1.93,7,124.780467
3.93,7,124.782644
3.9,10,124.785674
3.9,10,124.788914
1.95,5,124.790519
13.9,10,124.793867
3.89,11,124.868192
1.95,5,124.869881
1.95,5,124.871488
1.93,7,124.873648
3.87,13,124.87855
5.88,12,124.882446
1.88,12,124.886169
1.94,6,124.888054
3.86,14,124.89229
1.91,9,124.895273
5.92,8,124.897845
3.86,14,124.90255
1.92,8,124.905286
1.91,9,124.97046
1.96,4,124.971904
13.88,12,124.975566
3.9,10,124.978583
3.94,6,124.980933
5.88,12,124.984922
5.86,14,124.989276
5.92,8,124.991936
3.91,9,124.994707
1.9,10,124.997743
3.87,13,125.001683
3.94,6,125.003549
1.95,5,125.005113
1.91,9,125.007845
5.91,9,125.011062
3.91,9,125.07623
3.86,14,125.081325
3.93,7,125.083623
1.94,6,125.08553
3.94,6,125.087771
3.93,7,125.089994
1.89,11,125.09328
3.91,9,125.095982
13.87,13,125.100425
3.94,6,125.10264
1.93,7,125.104933
1.89,11,125.108549
1.96,4,125.109942
3.92,8,125.112426
1.95,5,125.114012
13.83,17,125.194357
1.93,7,125.196685
1.94,6,125.198596
3.9,10,125.202049
1.93,7,125.204317
1.96,4,125.205601
3.88,12,125.209222
3.93,7,125.211642
1.95,5,125.213313
5.91,9,125.216117
5.87,13,125.220125
5.92,8,125.222717
1.95,5,125.224363
13.87,13,125.228714
1.91,9,125.23172
1.92,8,125.308676
1.88,12,125.312807
1.89,11,125.316531
3.93,7,125.318802
5.89,11,125.32216
13.84,16,125.326947
3.88,12,125.330533
1.92,8,125.332957
1.94,6,125.334785
5.91,9,125.337495
3.91,9,125.340672
3.89,11,125.344347
1.89,11,125.413503
5.87,13,125.4176
3.87,13,125.421927
1.93,7,125.424604
1.96,4,125.425957
1.95,5,125.427889
3.86,14,125.432285
1.93,7,125.434498
3.89,11,125.437981
1.96,4,125.439279
1.92,8,125.441763
1.91,9,125.444542
5.88,12,125.448194
3.87,13,125.452114
1.9,10,125.516436
1.89,11,125.519896
1.96,4,125.521198
1.93,7,125.523347
5.86,14,125.528181
13.85,15,125.532774
1.91,9,125.535511
3.86,14,125.539669
5.88,12,125.54322
1.92,8,125.545949
3.92,8,125.548491
1.9,10,125.551547
5.91,9,125.554298
3.93,7,125.621535
3.89,11,125.624989
1.89,11,125.628349
5.9,10,125.632063
1.9,10,125.635484
3.89,11,125.638956
5.92,8,125.641417
1.96,4,125.642708
1.9,10,125.645919
1.93,7,125.648071
1.9,10,125.651177
1.95,5,125.652799
3.89,11,125.656119
1.95,5,125.657664
3.88,12,125.714836
1.9,10,125.718166
1.91,9,125.720967
5.86,14,125.725212
3.88,12,125.728837
3.89,11,125.732155
1.9,10,125.735175
1.91,9,125.737888
5.9,10,125.740914
3.89,11,125.744202
5.91,9,125.746928
3.93,7,125.749075
1.9,10,125.752066
1.91,9,125.816879
3.89,11,125.820355
3.93,7,125.822526
1.95,5,125.824113
5.91,9,125.827468
1.91,9,125.830269
1.91,9,125.833028
1.95,5,125.834608
5.85,15,125.84023
1.9,10,125.843603
5.92,8,125.846145
5.9,10,125.84924
1.91,9,125.852109
5.84,16,125.856995
1.91,9,125.928073
1.95,5,125.929807
1.92,8,125.932688
3.88,12,125.936744
3.89,11,125.940188
3.89,11,125.943528
1.89,11,125.946871
1.93,7,125.949014
5.87,13,125.952892
5.92,8,125.955331
3.87,13,125.959212
1.9,10,125.962201
3.92,8,125.96463
3.9,10,126.028045
1.91,9,126.030853
1.94,6,126.032705
1.89,11,126.036012
3.94,6,126.037875
1.95,5,126.039456
1.96,4,126.040719
1.95,5,126.04225
13.87,13,126.046112
5.89,11,126.049919
5.87,13,126.054045
13.83,17,126.059471
1.91,9,126.062618
1.93,7,126.064811
1.9,10,126.13951
1.93,7,126.141974
5.91,9,126.144848
5.89,11,126.148225
5.89,11,126.151553
3.9,10,126.154667
1.95,5,126.156231
3.93,7,126.15838
5.86,14,126.162554
3.88,12,126.166118
3.92,8,126.168531
3.87,13,126.172399
1.89,11,126.17629
3.91,9,126.24161
3.9,10,126.244702
3.94,6,126.246585
3.92,8,126.249009
1.95,5,126.250917
1.92,8,126.253477
1.95,5,126.255068
1.94,6,126.257352
3.86,14,126.261967
5.91,9,126.264832
3.91,9,126.267746
3.9,10,126.271135
1.95,5,126.272746
1.9,10,126.27577
3.9,10,126.278997
1.93,7,126.281231
1.94,6,126.361744
1.91,9,126.364636
1.9,10,126.367727
1.92,8,126.370547
1.92,8,126.373409
1.95,5,126.375092
5.88,12,126.379103
3.92,8,126.382014
3.93,7,126.384281
3.9,10,126.387606
1.9,10,126.390878
3.86,14,126.395334
3.93,7,126.397602
3.9,10,126.400685
3.89,11,126.466954
5.84,16,126.471823
1.93,7,126.473993
1.91,9,126.477498
5.9,10,126.480902
1.91,9,126.483765
1.96,4,126.485091
1.94,6,126.486973
5.86,14,126.491193
1.93,7,126.493377
1.93,7,126.49556
3.94,6,126.497445
1.96,4,126.498728
3.93,7,126.500854
1.94,6,126.502685
1.95,5,126.504227
1.93,7,126.592466
1.88,12,126.596444
1.92,8,126.598942
1.93,7,126.601106
1.91,9,126.604381
3.88,12,126.608091
1.91,9,126.61125
3.94,6,126.613308
3.92,8,126.615773
1.89,11,126.619364
1.95,5,126.621047
3.91,9,126.623892
3.92,8,126.626412
1.93,7,126.628894
1.95,5,126.630509
3.89,11,126.63386
1.94,6,126.705752
1.96,4,126.707106
1.93,7,126.709272
1.94,6,126.711536
5.92,8,126.714488
3.92,8,126.717093
3.89,11,126.720653
3.88,12,126.724563
13.85,15,126.729145
3.9,10,126.732181
1.96,4,126.733453
1.95,5,126.734999
3.93,7,126.73713
1.95,5,126.738689
5.86,14,126.742857
1.92,8,126.825435
13.87,13,126.829497
1.92,8,126.831975
1.93,7,126.834419
1.93,7,126.83682
1.96,4,126.838116
1.94,6,126.840353
1.91,9,126.843214
3.89,11,126.846843
1.95,5,126.848459
1.95,5,126.850018
3.9,10,126.853303
5.89,11,126.856711
1.93,7,126.858871
1.91,9,126.861593
5.84,16,126.943043
3.93,7,126.9453
5.86,14,126.94945
1.94,6,126.951284
3.9,10,126.954705
3.92,8,126.957223
5.87,13,126.961124
1.91,9,126.963829
1.9,10,126.966854
13.88,12,126.97083
5.86,14,126.975057
3.92,8,126.978028
13.84,16,127.045364
1.93,7,127.047757
5.9,10,127.050857
5.92,8,127.053309
3.93,7,127.055996
1.92,8,127.058593
5.92,8,127.061237
1.91,9,127.064006
1.92,8,127.066662
3.88,12,127.070597
1.93,7,127.072864
5.88,12,127.0766
3.92,8,127.079142
1.9,10,127.08248
3.9,10,127.086199
1.91,9,127.157503
3.89,11,127.160937
1.89,11,127.164274
3.93,7,127.166436
13.89,11,127.169749
5.86,14,127.174618
1.9,10,127.177939
3.91,9,127.181215
1.88,12,127.185339
1.93,7,127.187557
1.94,6,127.189411
3.94,6,127.191299
3.87,13,127.195449
3.93,7,127.259447
3.89,11,127.262897
3.92,8,127.265324
1.93,7,127.267441
5.92,8,127.270387
1.93,7,127.272861
1.9,10,127.275931
3.93,7,127.278116
1.96,4,127.279389
1.91,9,127.282095
1.96,4,127.28336
3.9,10,127.286346
3.86,14,127.290521
3.87,13,127.29436
3.89,11,127.298027
-0.03,3,127.299106
1.91,9,127.381193
3.88,12,127.384866
1.93,7,127.387006
3.92,8,127.389887
3.86,14,127.394189
3.91,9,127.396956
1.88,12,127.400527
3.94,6,127.402353
3.91,9,127.405081
1.95,5,127.406621
1.94,6,127.408766
3.91,9,127.411677
1.9,10,127.414791
1.91,9,127.417598
3.86,14,127.485298
3.9,10,127.488569
1.92,8,127.491121
1.9,10,127.494195
5.89,11,127.497585
1.94,6,127.499485
1.91,9,127.502262
1.94,6,127.504132
1.88,12,127.508262
3.88,12,127.511972
1.94,6,127.513815
1.95,5,127.515368
3.89,11,127.51905
1.95,5,127.520892
1.9,10,127.581461
1.92,8,127.584051
13.86,14,127.588437
13.88,12,127.592653
1.92,8,127.59532
1.91,9,127.598053
3.93,7,127.600215
1.91,9,127.60291
3.9,10,127.605911
1.94,6,127.607777
1.91,9,127.610554
1.94,6,127.612474
13.82,18,127.617776
1.92,8,127.620626
1.93,7,127.697583
3.87,13,127.701594
1.95,5,127.703175
5.89,11,127.706485
1.9,10,127.709501
1.95,5,127.711067
5.87,13,127.715476
1.92,8,127.718072
3.89,11,127.72144
13.89,11,127.72537
1.96,4,127.726714
3.88,12,127.730337
1.9,10,127.733367
1.95,5,127.734931
1.95,5,127.795647
1.96,4,127.797093
1.92,8,127.799621
3.87,13,127.803591
1.96,4,127.805322
5.87,13,127.809414
1.93,7,127.811591
3.92,8,127.814048
3.92,8,127.816535
1.93,7,127.818844
3.93,7,127.821062
1.91,9,127.823802
3.88,12,127.827786
3.87,13,127.832006
5.92,8,127.834643
5.92,8,127.908293
1.95,5,127.909992
3.94,6,127.911869
1.91,9,127.914607
1.93,7,127.916751
5.92,8,127.919183
1.94,6,127.921024
1.96,4,127.922773
1.94,6,127.924831
1.93,7,127.927034
3.85,15,127.93156
1.93,7,127.934158
1.92,8,127.936995
13.84,16,127.94194
1.95,5,127.943679
3.86,14,127.947912
5.87,13,128.039359
1.92,8,128.041891
1.93,7,128.04404
5.87,13,128.048342
1.89,11,128.05175
1.89,11,128.05508
1.94,6,128.057332
5.86,14,128.061925
5.88,12,128.065558
1.91,9,128.06832
3.93,7,128.070711
1.93,7,128.072936
1.88,12,128.076659
13.84,16,128.142665
3.94,6,128.144901
5.88,12,128.148562
5.9,10,128.151594
1.93,7,128.153728
1.92,8,128.156144
1.92,8,128.158565
5.85,15,128.162986
1.91,9,128.165709
3.86,14,128.169859
3.92,8,128.172263
1.96,4,128.173512
1.94,6,128.175739
1.96,4,128.177066
3.92,8,128.247881
3.91,9,128.250743
1.95,5,128.252309
1.9,10,128.255639
5.88,12,128.259693
3.91,9,128.262515
3.89,11,128.266236
1.91,9,128.269302
1.9,10,128.272499
5.86,14,128.276826
5.88,12,128.280626
1.96,4,128.28191
1.92,8,128.284392
1.92,8,128.286953
5.9,10,128.350671
1.88,12,128.354855
3.92,8,128.357662
1.95,5,128.359322
1.94,6,128.361458
3.94,6,128.363422
1.94,6,128.365407
13.88,12,128.369253
3.89,11,128.372592
5.88,12,128.376194
1.91,9,128.379762
3.89,11,128.383265
3.94,6,128.385142
1.89,11,128.388805
5.9,10,128.44859
1.95,5,128.450228
3.9,10,128.453252
1.96,4,128.454522
3.92,8,128.457364
3.92,8,128.459921
5.87,13,128.464647
13.85,15,128.469392
3.94,6,128.471408
1.95,5,128.473003
1.95,5,128.474608
1.89,11,128.477953
1.95,5,128.479508
1.89,11,128.482805
1.94,6,128.484635
1.89,11,128.566657
1.9,10,128.569888
3.93,7,128.572092
1.94,6,128.573979
1.93,7,128.576508
3.87,13,128.580504
1.89,11,128.58386
1.96,4,128.585139
1.94,6,128.587254
1.95,5,128.588884
3.93,7,128.591184
3.88,12,128.594881
3.89,11,128.598571
3.92,8,128.601071
3.9,10,128.604137
13.88,12,128.675833
3.92,8,128.678438
3.91,9,128.681185
5.9,10,128.684559
3.92,8,128.687219
3.94,6,128.689094
5.88,12,128.692743
1.91,9,128.695523
13.84,16,128.700324
1.91,9,128.70303
1.89,11,128.706309
1.91,9,128.70899
3.89,11,128.712519
3.9,10,128.782883
1.89,11,128.786762
3.88,12,128.790476
3.9,10,128.794152
5.87,13,128.798162
1.93,7,128.800335
1.94,6,128.802709
1.91,9,128.805725
3.9,10,128.809039
3.87,13,128.813303
1.94,6,128.815198
1.92,8,128.817661
1.88,12,128.821284
3.93,7,128.823455
-0.09,9,128.902112
3.89,11,128.905722
5.88,12,128.90944
1.91,9,128.912458
5.87,13,128.916411
3.86,14,128.921495
1.92,8,128.92403
3.9,10,128.927279
1.9,10,128.930428
3.91,9,128.933224
1.9,10,128.936295
1.94,6,128.93814
3.92,8,128.94057
1.93,7,129.004596
1.95,5,129.006268
1.95,5,129.007859
5.89,11,129.011229
1.96,4,129.012915
1.95,5,129.014624
3.93,7,129.016835
3.92,8,129.01957
3.93,7,129.022048
1.91,9,129.024818
1.9,10,129.027886
1.92,8,129.030721
5.88,12,129.034654
1.92,8,129.037373
3.93,7,129.039926
1.94,6,129.041975
3.9,10,129.113065
1.96,4,129.11454
5.9,10,129.117621
5.91,9,129.12034
3.92,8,129.122797
5.92,8,129.125226
5.91,9,129.127948
5.91,9,129.130663
5.9,10,129.134092
3.93,7,129.136369
1.91,9,129.139159
1.96,4,129.140463
1.95,5,129.142542
3.94,6,129.144517
1.87,13,129.148414
1.91,9,129.151127
1.9,10,129.230128
13.84,16,129.235034
1.92,8,129.237485
1.87,13,129.24184
1.93,7,129.244058
3.92,8,129.246515
1.95,5,129.248109
3.93,7,129.250257
1.92,8,129.252667
5.92,8,129.255111
3.88,12,129.258802
1.96,4,129.26033
5.86,14,129.264714
3.93,7,129.266883
1.93,7,129.269093
3.91,9,129.354826
1.88,12,129.35853
3.9,10,129.361783
5.89,11,129.365351
1.91,9,129.368079
1.95,5,129.369638
-0.09,9,129.372349
1.92,8,129.374771
1.87,13,129.378619
3.92,8,129.381151
5.85,15,129.385926
13.87,13,129.389878
1.9,10,129.456678
1.95,5,129.45836
5.92,8,129.46084
1.9,10,129.463869
5.86,14,129.468931
1.89,11,129.472401
3.89,11,129.475788
3.93,7,129.477982
5.88,12,129.481968
3.9,10,129.485085
13.87,13,129.489001
5.88,12,129.492595
5.87,13,129.555428
5.89,11,129.558976
3.94,6,129.561222
1.9,10,129.564527
3.87,13,129.568494
1.96,4,129.569763
3.92,8,129.572171
5.9,10,129.575194
1.94,6,129.577036
3.91,9,129.579744
13.89,11,129.583051
13.86,14,129.587191
1.96,4,129.58845
1.9,10,129.591949
1.95,5,129.593658
13.84,16,129.676075
1.96,4,129.677443
1.93,7,129.67961
1.91,9,129.682553
3.94,6,129.684719
3.91,9,129.687503
1.92,8,129.689933
1.88,12,129.693516
1.91,9,129.696229
3.89,11,129.699504
1.94,6,129.701335
3.94,6,129.703167
1.93,7,129.705284
5.88,12,129.70887
1.95,5,129.71042
3.9,10,129.781313
1.94,6,129.783307
1.96,4,129.784648
1.95,5,129.786299
3.88,12,129.789899
1.87,13,129.794315
1.94,6,129.796367
1.95,5,129.797988
5.92,8,129.800448
1.91,9,129.803759
3.91,9,129.806606
5.89,11,129.809944
5.92,8,129.812387
1.96,4,129.813662
5.92,8,129.816098
3.88,12,129.819814
1.95,5,129.821449
1.9,10,129.898889
1.9,10,129.90198
3.9,10,129.90499
1.92,8,129.907415
1.94,6,129.909241
1.89,11,129.912511
1.91,9,129.915196
1.95,5,129.91673
3.93,7,129.919054
1.9,10,129.922359
1.95,5,129.92404
1.91,9,129.927367
13.85,15,129.932354
3.94,6,129.934308
3.91,9,130.003316
1.95,5,130.005017
5.89,11,130.00839
5.91,9,130.011535
1.92,8,130.0144
1.89,11,130.017759
3.92,8,130.0202
13.87,13,130.024079
3.92,8,130.026495
5.86,14,130.030615
3.94,6,130.032467
13.88,12,130.036051
1.92,8,130.038445
1.94,6,130.040267
3.9,10,130.104929
1.91,9,130.10814
1.95,5,130.109781
3.9,10,130.113654
1.95,5,130.115413
1.95,5,130.117185
1.96,4,130.118511
13.85,15,130.123028
3.91,9,130.126344
1.92,8,130.129575
5.88,12,130.13354
5.9,10,130.136774
1.96,4,130.138099
3.92,8,130.140582
3.93,7,130.142756
1.92,8,130.145493
1.96,4,130.146805
13.88,12,130.23594
1.89,11,130.239327
5.85,15,130.243797
1.92,8,130.246215
1.94,6,130.248073
1.9,10,130.251061
5.92,8,130.253474
1.96,4,130.254729
3.93,7,130.256858
1.92,8,130.259613
3.87,13,130.263765
5.87,13,130.267739
3.94,6,130.270023
3.92,8,130.272604
1.96,4,130.338683
3.93,7,130.340966
1.94,6,130.342833
1.95,5,130.344397
1.93,7,130.346527
1.94,6,130.348863
3.94,6,130.350825
3.91,9,130.35356
3.93,7,130.355709
13.88,12,130.359298
3.93,7,130.36144
3.92,8,130.363855
3.89,11,130.367128
1.93,7,130.369233
1.93,7,130.371361
3.87,13,130.375203
5.86,14,130.452396
1.93,7,130.454629
1.9,10,130.457647
3.92,8,130.460084
13.89,11,130.463393
1.93,7,130.465538
5.9,10,130.469249
1.94,6,130.471229
1.91,9,130.473996
3.89,11,130.477823
3.93,7,130.480073
3.89,11,130.483411
3.92,8,130.485849
5.89,11,130.489145
3.9,10,130.545587
1.93,7,130.547851
1.91,9,130.551014
5.89,11,130.554738
3.92,8,130.557286
3.89,11,130.560625
5.89,11,130.563998
5.92,8,130.566482
3.94,6,130.568362
1.91,9,130.571067
1.93,7,130.573207
1.94,6,130.575065
3.88,12,130.578678
1.94,6,130.58055
3.93,7,130.582706
1.91,9,130.655048
13.86,14,130.659387
3.89,11,130.662722
1.93,7,130.665331
1.94,6,130.667275
3.92,8,130.669712
13.9,10,130.672729
3.92,8,130.675277
1.91,9,130.678205
1.93,7,130.680374
1.89,11,130.683657
5.87,13,130.687948
1.87,13,130.691879
1.9,10,130.757538
5.89,11,130.761113
3.87,13,130.765118
13.88,12,130.769309
3.86,14,130.773946
3.88,12,130.777872
1.89,11,130.781257
13.88,12,130.784986
1.9,10,130.788045
1.92,8,130.79047
1.96,4,130.791807
1.92,8,130.794889
13.85,15,130.858289
1.91,9,130.861134
1.95,5,130.862709
3.85,15,130.867611
5.91,9,130.870499
3.91,9,130.873243
1.93,7,130.875415
3.94,6,130.877284
3.94,6,130.879134
3.88,12,130.883046
1.95,5,130.884632
3.9,10,130.88764
3.9,10,130.891053
1.93,7,130.893422
1.92,8,130.896029
3.89,11,130.978058
1.89,11,130.982077
1.89,11,130.985814
13.87,13,130.99006
1.88,12,130.993687
5.9,10,130.996724
1.93,7,130.998851
1.91,9,131.00156
3.93,7,131.003686
5.87,13,131.007858
5.9,10,131.010937
3.94,6,131.012801
3.94,6,131.015029
1.92,8,131.075624
5.9,10,131.078883
1.95,5,131.080469
1.9,10,131.083507
1.92,8,131.086554
1.94,6,131.088612
5.86,14,131.092937
1.9,10,131.096292
1.95,5,131.097885
3.93,7,131.10003
3.88,12,131.103609
1.92,8,131.106747
1.93,7,131.10946
3.94,6,131.111729
3.91,9,131.115051
3.89,11,131.193712
5.91,9,131.196682
5.87,13,131.200609
1.94,6,131.202459
1.93,7,131.20505
5.92,8,131.207589
1.91,9,131.210616
3.93,7,131.213197
3.92,8,131.21585
-0.1,10,131.218906
3.92,8,131.221329
3.91,9,131.224055
1.95,5,131.225626
5.88,12,131.22923
5.92,8,131.231668
3.93,7,131.23381
1.95,5,131.309317
5.86,14,131.313702
3.88,12,131.31735
3.89,11,131.320831
1.96,4,131.322335
3.89,11,131.325793
3.93,7,131.328158
1.92,8,131.330665
-0.08,8,131.333115
1.95,5,131.334697
3.89,11,131.338407
5.87,13,131.342534
-0.09,9,131.345347
1.9,10,131.348785
5.9,10,131.415512
1.92,8,131.418025
1.9,10,131.421004
1.94,6,131.423405
3.9,10,131.426588
5.9,10,131.429655
1.96,4,131.430926
3.93,7,131.4335
1.91,9,131.436609
1.91,9,131.43941
1.95,5,131.440984
3.94,6,131.442851
1.95,5,131.444465
3.88,12,131.44805
1.91,9,131.450886
1.96,4,131.452511
3.89,11,131.526926
3.86,14,131.531207
5.86,14,131.535391
1.94,6,131.53725
1.9,10,131.540238
3.87,13,131.544098
1.93,7,131.546231
1.9,10,131.549917
3.9,10,131.553112
3.94,6,131.555068
3.9,10,131.558504
1.9,10,131.562121
1.91,9,131.564917
1.95,5,131.68508
1.96,4,131.68736
5.89,11,131.691062
5.87,13,131.705307
1.94,6,131.707289
3.87,13,131.712335
1.91,9,131.715396
13.83,17,131.721499
1.95,5,131.723179
1.96,4,131.724499
3.91,9,131.727276
1.95,5,131.728846
5.87,13,131.732903
3.93,7,131.735196
1.92,8,131.737653
1.96,4,131.83095
3.93,7,131.833281
1.94,6,131.835495
3.87,13,131.839881
3.88,12,131.843942
1.92,8,131.846446
5.91,9,131.849168
1.89,11,131.852841
1.93,7,131.855084
1.92,8,131.857546
3.91,9,131.860312
1.96,4,131.861891
1.9,10,131.865036
1.91,9,131.867777
1.93,7,131.869985
3.86,14,131.946133
3.94,6,131.948071
1.93,7,131.950224
1.94,6,131.952064
1.91,9,131.95527
1.94,6,131.957223
3.93,7,131.959393
1.93,7,131.962196
3.88,12,131.966079
1.87,13,131.969969
1.89,11,131.97345
3.88,12,131.977384
1.9,10,131.980501
1.96,4,131.981819
1.92,8,131.984571
1.89,11,132.060641
5.9,10,132.063759
1.92,8,132.066219
3.93,7,132.069066
5.9,10,132.072239
1.94,6,132.074132
5.87,13,132.078414
3.86,14,132.082741
3.89,11,132.086722
3.9,10,132.089823
3.88,12,132.093928
5.92,8,132.096523
5.91,9,132.099288
5.86,14,132.166424
1.93,7,132.168997
13.86,14,132.174016
5.87,13,132.178222
1.93,7,132.180395
1.91,9,132.183591
5.9,10,132.186774
1.88,12,132.190391
13.84,16,132.195307
3.87,13,132.199245
1.9,10,132.202524
3.94,6,132.270569
3.9,10,132.273765
1.89,11,132.277092
3.94,6,132.278943
5.92,8,132.28157
1.9,10,132.284706
1.93,7,132.287004
3.92,8,132.2895
1.9,10,132.292719
5.89,11,132.296103
1.9,10,132.300121
1.93,7,132.302389
3.91,9,132.305189
1.92,8,132.30763
3.94,6,132.310085
1.94,6,132.372479
5.9,10,132.375742
5.9,10,132.379288
3.92,8,132.382258
1.95,5,132.383981
3.87,13,132.388105
1.92,8,132.390561
1.96,4,132.391826
1.96,4,132.393076
1.92,8,132.395579
1.93,7,132.397708
1.9,10,132.400685
1.92,8,132.403094
13.84,16,132.407904
1.9,10,132.410872
1.94,6,132.412687
5.89,11,132.496155
1.95,5,132.497767
3.9,10,132.500752
1.95,5,132.502557
1.95,5,132.504233
1.93,7,132.506597
1.95,5,132.508221
1.9,10,132.511271
1.95,5,132.513208
3.88,12,132.516899
1.96,4,132.518167
1.93,7,132.520674
1.96,4,132.521991
3.92,8,132.524435
5.92,8,132.526997
1.96,4,132.528339
1.9,10,132.531485
1.96,4,132.532799
3.93,7,132.605919
1.91,9,132.608799
3.86,14,132.612967
3.89,11,132.616287
3.93,7,132.618429
1.92,8,132.620847
1.94,6,132.622677
1.9,10,132.625673
1.92,8,132.628075
1.91,9,132.630768
1.95,5,132.63278
3.93,7,132.635086
3.89,11,132.638422
5.92,8,132.640871
1.93,7,132.643352
1.91,9,132.724233
1.91,9,132.727163
3.94,6,132.729075
13.89,11,132.732494
3.91,9,132.735267
3.93,7,132.737454
3.88,12,132.741143
3.89,11,132.744497
1.9,10,132.747576
3.9,10,132.750674
1.95,5,132.752261
1.94,6,132.754148
1.96,4,132.755441
1.93,7,132.758135
1.92,8,132.760718
1.96,4,132.762044
1.93,7,132.833849
1.93,7,132.836151
5.86,14,132.840845
3.87,13,132.845302
3.87,13,132.849316
3.89,11,132.852611
1.9,10,132.855612
1.9,10,132.858617
1.91,9,132.861549
3.91,9,132.864639
3.94,6,132.866566
1.96,4,132.867845
1.91,9,132.870771
3.91,9,132.873543
1.91,9,132.939055
3.9,10,132.942168
3.94,6,132.944046
5.9,10,132.947594
5.92,8,132.950228
3.87,13,132.954173
3.89,11,132.957526
3.94,6,132.959387
1.95,5,132.960942
3.93,7,132.963074
3.9,10,132.966233
3.87,13,132.970169
1.91,9,132.972887
-0.05,5,132.974451
1.9,10,133.03637
3.93,7,133.038776
3.94,6,133.040724
1.89,11,133.044521
1.94,6,133.047144
1.91,9,133.049998
1.96,4,133.051286
3.92,8,133.053745
1.92,8,133.056636
3.9,10,133.060071
5.88,12,133.063771
1.95,5,133.06559
1.9,10,133.06887
1.93,7,133.071179
1.91,9,133.073988
1.91,9,133.076776
13.86,14,133.150948
1.93,7,133.153195
3.91,9,133.155951
1.89,11,133.159743
1.94,6,133.162033
3.9,10,133.165157
1.92,8,133.167795
3.88,12,133.171666
1.92,8,133.174199
1.9,10,133.177279
1.95,5,133.179244
1.91,9,133.181984
1.89,11,133.185315
1.92,8,133.188146
5.88,12,133.249734
5.9,10,133.252828
1.9,10,133.255828
3.92,8,133.2587
3.9,10,133.262197
1.88,12,133.265944
1.95,5,133.26756
3.86,14,133.272063
3.87,13,133.275958
1.91,9,133.278913
3.94,6,133.280863
1.95,5,133.282446
3.91,9,133.285186
1.95,5,133.28675
1.91,9,133.351713
3.94,6,133.353711
1.91,9,133.356482
5.9,10,133.359652
1.93,7,133.362214
1.95,5,133.363828
3.86,14,133.368114
1.89,11,133.371479
1.93,7,133.37363
1.93,7,133.375826
3.88,12,133.379871
1.94,6,133.382332
3.88,12,133.386144
5.92,8,133.388623
1.88,12,133.453256
1.94,6,133.4553
1.9,10,133.458414
5.92,8,133.460903
1.89,11,133.464271
1.93,7,133.466922
1.9,10,133.470324
1.96,4,133.471684
3.86,14,133.475942
3.91,9,133.478856
1.93,7,133.481334
3.92,8,133.483942
1.91,9,133.486903
1.92,8,133.48947
1.92,8,133.491926
1.96,4,133.493295
1.94,6,133.569267
3.91,9,133.572128
1.91,9,133.574844
1.96,4,133.576106
1.92,8,133.578518
3.87,13,133.582358
1.96,4,133.583614
1.9,10,133.586563
3.88,12,133.590749
3.88,12,133.594531
3.93,7,133.596718
1.95,5,133.598471
3.89,11,133.602205
1.89,11,133.605634
3.88,12,133.674817
1.96,4,133.676308
5.84,16,133.681252
1.9,10,133.685324
5.84,16,133.691128
1.88,12,133.69537
5.91,9,133.698226
1.9,10,133.701271
1.92,8,133.703824
1.94,6,133.705796
1.9,10,133.708954
3.86,14,133.714725
1.92,8,133.717289
5.9,10,133.790304
3.93,7,133.792614
3.91,9,133.795443
5.89,11,133.79932
3.91,9,133.802516
3.94,6,133.804466
1.92,8,133.80718
1.89,11,133.810656
1.9,10,133.813672
5.89,11,133.81697
1.94,6,133.818829
3.89,11,133.822113
5.88,12,133.825676
3.94,6,133.82752
1.95,5,133.885267
3.92,8,133.887909
3.88,12,133.891479
3.87,13,133.895771
3.94,6,133.89775
3.9,10,133.900836
1.9,10,133.904416
3.89,11,133.907879
3.92,8,133.910471
3.93,7,133.912745
3.91,9,133.915656
5.89,11,133.919361
1.93,7,133.92163
3.87,13,133.925562
1.94,6,133.986597
3.88,12,133.990694
1.96,4,133.992045
3.94,6,133.994043
1.9,10,133.997106
13.88,12,134.000717
13.83,17,134.00573
3.93,7,134.007994
1.87,13,134.01235
1.96,4,134.013736
1.95,5,134.015345
3.93,7,134.017733
1.89,11,134.021084
3.89,11,134.024378
1.93,7,134.098895
1.9,10,134.102377
1.95,5,134.104049
1.96,4,134.105384
1.94,6,134.107501
1.91,9,134.110443
1.89,11,134.113802
5.85,15,134.118253
1.96,4,134.119545
1.91,9,134.122784
3.88,12,134.126553
13.9,10,134.129814
5.84,16,134.135293
3.9,10,134.138348
3.93,7,134.208423
1.96,4,134.209821
3.88,12,134.21341
1.91,9,134.216092
5.91,9,134.219522
1.94,6,134.221468
1.94,6,134.22336
1.92,8,134.225853
3.93,7,134.228419
1.96,4,134.229799
1.94,6,134.231686
1.93,7,134.233824
1.91,9,134.236567
13.89,11,134.239888
3.92,8,134.24231
1.96,4,134.243601
3.88,12,134.24746
1.96,4,134.248712
3.86,14,134.325803
3.89,11,134.329498
3.87,13,134.333985
1.94,6,134.336728
1.91,9,134.33963
3.86,14,134.344569
3.94,6,134.346491
1.96,4,134.347803
1.95,5,134.349431
13.87,13,134.354426
1.94,6,134.356564
5.89,11,134.359985
3.91,9,134.363482
1.93,7,134.366103
13.89,11,134.437873
5.87,13,134.441969
5.88,12,134.445778
1.92,8,134.448229
1.93,7,134.450357
1.88,12,134.454004
1.93,7,134.456183
1.93,7,134.458334
5.91,9,134.461621
1.94,6,134.463605
1.88,12,134.467251
3.91,9,134.470347
5.87,13,134.474394
3.94,6,134.535749
3.93,7,134.538002
1.89,11,134.541307
1.89,11,134.544899
1.95,5,134.546536
1.9,10,134.549597
3.93,7,134.551771
1.96,4,134.553058
3.91,9,134.55632
13.88,12,134.560039
3.92,8,134.56253
1.92,8,134.56498
5.89,11,134.568608
1.93,7,134.570894
3.9,10,134.573967
3.9,10,134.647747
1.94,6,134.649675
1.93,7,134.651794
13.84,16,134.656871
3.89,11,134.660482
5.87,13,134.664413
13.84,16,134.669343
1.96,4,134.670703
1.91,9,134.673452
1.96,4,134.674727
1.93,7,134.676837
1.95,5,134.678668
1.91,9,134.681657
5.92,8,134.684112
1.91,9,134.755389
5.88,12,134.759444
3.85,15,134.764807
1.92,8,134.767389
3.91,9,134.770186
3.9,10,134.77322
1.96,4,134.774487
1.93,7,134.776646
1.9,10,134.779783
3.93,7,134.78206
1.93,7,134.784213
3.89,11,134.787653
3.9,10,134.790763
3.9,10,134.794117
1.93,7,134.861833
3.91,9,134.864781
1.93,7,134.866961
1.95,5,134.86854
1.96,4,134.86982
1.93,7,134.872409
1.94,6,134.874356
5.87,13,134.87876
3.87,13,134.88342
3.92,8,134.886245
1.94,6,134.888149
3.92,8,134.890599
3.92,8,134.893253
3.94,6,134.895188
1.93,7,134.897402
1.93,7,134.899611
1.92,8,134.902546
1.9,10,134.982585
1.94,6,134.984512
1.96,4,134.985773
5.91,9,134.988491
5.88,12,134.992556
1.95,5,134.994198
1.89,11,134.997549
5.85,15,135.002036
13.87,13,135.006727
1.94,6,135.008798
1.88,12,135.012625
1.91,9,135.015726
1.93,7,135.018112
3.94,6,135.020295
1.95,5,135.021906
1.9,10,135.109552
1.92,8,135.112168
1.96,4,135.113466
1.95,5,135.115041
1.91,9,135.118355
5.92,8,135.121196
1.89,11,135.124673
1.95,5,135.126434
13.82,18,135.132096
1.96,4,135.133438
1.95,5,135.135099
3.93,7,135.137707
1.89,11,135.141413
1.92,8,135.144044
3.92,8,135.146677
3.9,10,135.14979
5.87,13,135.244344
5.92,8,135.246864
1.9,10,135.249893
3.93,7,135.252051
1.9,10,135.255069
1.92,8,135.257901
13.83,17,135.263157
1.92,8,135.26562
1.9,10,135.269308
3.92,8,135.271851
1.9,10,135.2749
1.9,10,135.278327
1.94,6,135.28027
3.92,8,135.355051
3.91,9,135.357875
1.92,8,135.360329
5.89,11,135.364127
1.96,4,135.365513
1.91,9,135.368405
13.9,10,135.371692
1.93,7,135.374067
1.96,4,135.37539
1.92,8,135.377865
1.94,6,135.379716
1.88,12,135.383662
3.9,10,135.386747
1.91,9,135.389463
5.87,13,135.393441
3.93,7,135.464518
3.89,11,135.468251
1.92,8,135.470725
5.84,16,135.476085
3.9,10,135.479616
3.9,10,135.482924
1.9,10,135.486029
1.93,7,135.488208
13.85,15,135.492702
1.93,7,135.494842
3.9,10,135.497887
3.89,11,135.501185
3.89,11,135.572144
3.9,10,135.57535
3.88,12,135.578966
1.89,11,135.582263
3.94,6,135.584116
5.88,12,135.587692
1.91,9,135.590746
3.91,9,135.593579
1.94,6,135.59547
1.96,4,135.596754
5.88,12,135.600852
3.86,14,135.605412
1.88,12,135.609278
1.93,7,135.611604
3.87,13,135.67815
1.96,4,135.679502
1.95,5,135.681069
3.89,11,135.684766
5.9,10,135.688201
13.86,14,135.692515
13.84,16,135.697723
5.83,17,135.702876
1.92,8,135.705306
1.95,5,135.706857
1.92,8,135.709658
5.89,11,135.713868
3.88,12,135.787351
5.87,13,135.791414
1.91,9,135.79415
1.92,8,135.796559
5.92,8,135.799442
3.88,12,135.80317
3.94,6,135.805037
1.94,6,135.806889
1.96,4,135.808346
3.94,6,135.810475
3.85,15,135.814994
1.88,12,135.81873
1.9,10,135.821942
1.91,9,135.824747
1.92,8,135.892061
1.94,6,135.89407
1.91,9,135.896825
1.89,11,135.900147
1.96,4,135.901415
3.9,10,135.904433
1.9,10,135.907444
1.94,6,135.909286
3.87,13,135.913156
1.95,5,135.914702
1.91,9,135.917409
1.95,5,135.918993
3.89,11,135.922376
1.91,9,135.925202
5.88,12,135.929448
3.88,12,135.999991
1.94,6,136.001925
1.95,5,136.003468
5.9,10,136.006451
1.89,11,136.010613
1.94,6,136.012602
1.9,10,136.015658
1.89,11,136.019445
1.96,4,136.020881
1.92,8,136.023449
3.94,6,136.02537
1.95,5,136.026958
13.9,10,136.030065
1.89,11,136.033654
1.94,6,136.0358
5.86,14,136.111162
1.94,6,136.113254
3.92,8,136.115756
1.93,7,136.117938
3.88,12,136.122016
3.94,6,136.124008
3.89,11,136.127563
1.9,10,136.13094
1.94,6,136.132913
3.91,9,136.135663
1.95,5,136.137229
1.94,6,136.139062
5.87,13,136.143215
3.86,14,136.147469
1.91,9,136.150206
3.93,7,136.230355
1.95,5,136.23208
3.91,9,136.234865
1.9,10,136.237926
1.91,9,136.241076
1.96,4,136.242434
5.92,8,136.245091
1.91,9,136.247884
3.91,9,136.250806
13.83,17,136.256148
1.89,11,136.259864
3.91,9,136.262833
1.9,10,136.265869
1.92,8,136.268323
1.92,8,136.271076
5.89,11,136.348209
1.9,10,136.351394
1.93,7,136.353733
1.95,5,136.35535
1.96,4,136.356633
1.89,11,136.360094
1.92,8,136.363034
1.9,10,136.366243
5.88,12,136.370064
3.88,12,136.373746
3.89,11,136.377078
3.94,6,136.378946
1.9,10,136.382085
1.96,4,136.38339
3.91,9,136.442942
1.95,5,136.444637
1.95,5,136.446225
1.95,5,136.447796
3.91,9,136.450531
3.9,10,136.454135
5.9,10,136.4574
1.9,10,136.461401
13.87,13,136.466153
3.89,11,136.469616
5.9,10,136.4727
1.89,11,136.476151
1.95,5,136.4778
3.93,7,136.480277
1.93,7,136.482531
1.92,8,136.485024
1.91,9,136.555408
1.9,10,136.558443
13.88,12,136.562322
3.9,10,136.565638
3.9,10,136.568685
1.96,4,136.569966
1.94,6,136.571809
3.87,13,136.575694
1.95,5,136.577238
1.9,10,136.580255
3.9,10,136.583493
1.88,12,136.587214
1.93,7,136.589757
1.95,5,136.591483
1.92,8,136.652749
3.94,6,136.654777
1.91,9,136.657546
1.9,10,136.66057
3.93,7,136.663128
3.92,8,136.665678
3.88,12,136.669332
1.93,7,136.67147
5.87,13,136.675521
3.89,11,136.678966
5.87,13,136.682821
13.87,13,136.687106
3.9,10,136.69022
3.92,8,136.752336
1.88,12,136.756057
1.9,10,136.759698
1.91,9,136.76299
5.85,15,136.767605
1.94,6,136.769567
3.85,15,136.774055
5.88,12,136.777787
3.91,9,136.780562
5.91,9,136.783385
1.94,6,136.785279
3.91,9,136.788052
3.92,8,136.79046
3.93,7,136.857003
5.87,13,136.861105
1.92,8,136.863524
3.9,10,136.866929
3.9,10,136.870107
3.9,10,136.873141
1.89,11,136.876437
3.86,14,136.88068
1.9,10,136.884063
1.93,7,136.886372
1.95,5,136.887969
1.96,4,136.889273
5.9,10,136.89244
1.96,4,136.893808
3.88,12,136.960736
5.87,13,136.965271
1.95,5,136.966908
3.92,8,136.969801
1.94,6,136.971781
3.88,12,136.975401
1.96,4,136.97677
1.95,5,136.978543
3.92,8,136.981051
5.9,10,136.98413
1.93,7,136.986414
1.95,5,136.988038
1.9,10,136.991192
1.9,10,136.994576
3.9,10,136.997678
3.88,12,137.001306
5.92,8,137.077779
5.91,9,137.080592
1.91,9,137.083276
1.92,8,137.085988
1.95,5,137.087688
3.89,11,137.09122
3.94,6,137.093112
5.87,13,137.097458
3.94,6,137.099391
1.94,6,137.101358
1.89,11,137.10491
1.94,6,137.106836
3.92,8,137.109356
1.92,8,137.111825
1.93,7,137.11397
1.92,8,137.116359
3.9,10,137.194026
3.9,10,137.197105
1.9,10,137.200078
5.86,14,137.204713
3.89,11,137.208126
13.87,13,137.212034
1.93,7,137.214197
5.92,8,137.217151
1.93,7,137.219372
3.93,7,137.221521
13.86,14,137.226032
5.88,12,137.229953
5.87,13,137.295034
1.96,4,137.296643
3.92,8,137.299186
1.95,5,137.300773
3.89,11,137.304747
3.88,12,137.308441
5.92,8,137.310916
3.91,9,137.313901
1.94,6,137.315856
1.91,9,137.318725
3.93,7,137.321014
3.91,9,137.323894
1.93,7,137.326043
1.93,7,137.328258
1.96,4,137.329541
1.95,5,137.33108
1.96,4,137.33235
5.86,14,137.40582
1.91,9,137.40872
1.95,5,137.410331
5.85,15,137.414909
1.95,5,137.416491
3.9,10,137.419554
5.91,9,137.422659
1.94,6,137.424605
3.93,7,137.426921
1.9,10,137.430149
1.94,6,137.432077
3.92,8,137.434566
1.96,4,137.435838
1.91,9,137.438548
1.93,7,137.440699
1.94,6,137.442558
1.91,9,137.526874
1.9,10,137.530093
3.89,11,137.533655
5.87,13,137.537909
3.88,12,137.541552
3.92,8,137.544604
1.95,5,137.54649
5.91,9,137.549316
3.92,8,137.55211
5.88,12,137.556155
1.95,5,137.557717
3.92,8,137.560238
3.88,12,137.563869
5.91,9,137.566598
5.86,14,137.630016
5.91,9,137.633252
3.94,6,137.635197
1.96,4,137.63683
1.95,5,137.638483
3.93,7,137.640672
1.96,4,137.641957
3.9,10,137.645028
1.95,5,137.647015
13.9,10,137.650257
1.94,6,137.65242
1.95,5,137.654021
1.89,11,137.657479
5.87,13,137.661628
5.89,11,137.665058
1.92,8,137.667491
5.88,12,137.745983
1.93,7,137.748202
1.94,6,137.750063
3.94,6,137.752256
5.92,8,137.754889
1.92,8,137.757382
5.89,11,137.76077
5.88,12,137.765048
1.95,5,137.76669
1.95,5,137.768375
1.89,11,137.772065
1.91,9,137.774995
5.88,12,137.778892
3.93,7,137.781139
1.94,6,137.78305
3.91,9,137.853448
3.92,8,137.856044
1.93,7,137.858262
3.93,7,137.86054
1.96,4,137.86187
5.87,13,137.865876
13.86,14,137.870514
3.89,11,137.873948
1.93,7,137.876121
5.91,9,137.879407
1.91,9,137.88263
1.91,9,137.88572
1.91,9,137.888667
5.89,11,137.892335
3.9,10,137.958998
3.9,10,137.962111
1.93,7,137.964223
1.96,4,137.965469
13.87,13,137.969611
3.91,9,137.972351
1.89,11,137.975614
3.9,10,137.979129
1.91,9,137.982158
1.9,10,137.98549
1.93,7,137.987761
1.94,6,137.990004
1.93,7,137.992585
1.93,7,137.994852
3.94,6,137.996775
3.92,8,138.070005
3.91,9,138.072975
3.92,8,138.075937
5.87,13,138.080252
3.94,6,138.082188
3.92,8,138.084622
1.9,10,138.088262
5.88,12,138.092319
3.92,8,138.095014
1.92,8,138.097533
3.9,10,138.100913
1.94,6,138.103032
5.9,10,138.1061
1.94,6,138.107961
3.93,7,138.110271
1.94,6,138.112265
1.94,6,138.185398
13.87,13,138.189781
1.96,4,138.191117
1.96,4,138.192407
3.88,12,138.196679
1.93,7,138.198958
5.91,9,138.201806
1.95,5,138.203613
1.96,4,138.204984
5.92,8,138.207467
1.89,11,138.211004
1.9,10,138.214681
5.86,14,138.219067
1.89,11,138.222472
1.88,12,138.288674
5.87,13,138.292738
1.95,5,138.2943
3.91,9,138.297087
1.94,6,138.299365
13.85,15,138.304024
1.92,8,138.306484
5.92,8,138.308926
1.96,4,138.310513
1.91,9,138.313414
3.91,9,138.316234
1.94,6,138.318118
3.9,10,138.321322
1.92,8,138.323783
1.9,10,138.326788
1.93,7,138.402053
1.92,8,138.404746
1.94,6,138.40662
1.96,4,138.407911
1.95,5,138.409485
1.95,5,138.411215
3.88,12,138.415191
3.88,12,138.418833
1.94,6,138.420674
1.92,8,138.423095
1.92,8,138.425511
1.9,10,138.42878
3.92,8,138.431318
5.91,9,138.434089
5.91,9,138.436865
1.93,7,138.439384
1.9,10,138.442457
13.88,12,138.516839
3.92,8,138.519359
13.84,16,138.524121
1.9,10,138.527138
1.93,7,138.529502
1.89,11,138.533125
1.95,5,138.534764
5.87,13,138.53883
3.87,13,138.542794
1.89,11,138.54617
3.94,6,138.548392
1.96,4,138.549718
1.96,4,138.550998
3.9,10,138.620295
3.88,12,138.624002
3.89,11,138.627307
1.9,10,138.630757
5.87,13,138.634719
3.9,10,138.63824
3.91,9,138.641247
1.93,7,138.643417
3.87,13,138.647385
1.93,7,138.649549
1.9,10,138.652552
13.85,15,138.657006
3.91,9,138.659726
3.87,13,138.728419
1.92,8,138.73099
1.93,7,138.733321
3.85,15,138.738107
1.92,8,138.74056
1.94,6,138.742402
5.86,14,138.746781
5.89,11,138.750142
1.92,8,138.752622
3.93,7,138.754876
1.95,5,138.756882
3.87,13,138.760942
1.88,12,138.76481
5.87,13,138.833939
13.89,11,138.83733
1.94,6,138.839173
5.91,9,138.842459
1.91,9,138.845253
3.93,7,138.847416
1.94,6,138.849265
1.95,5,138.851236
1.91,9,138.85432
1.93,7,138.856509
1.96,4,138.857816
13.84,16,138.863055
1.93,7,138.865308
1.92,8,138.867776
-0.09,9,138.870781
-0.1,10,138.957708
1.91,9,138.960552
1.94,6,138.962497
3.91,9,138.965649
1.93,7,138.967938
3.88,12,138.971667
3.94,6,138.973526
5.91,9,138.976243
1.96,4,138.977622
1.94,6,138.979478
5.88,12,138.983046
5.92,8,138.985485
1.93,7,138.987704
1.9,10,138.991038
3.9,10,138.994136
1.92,8,139.065792
3.92,8,139.068347
3.91,9,139.071045
1.89,11,139.074446
3.92,8,139.077255
1.96,4,139.078542
3.92,8,139.080991
3.93,7,139.083126
3.9,10,139.086165
13.83,17,139.091706
3.87,13,139.09588
1.95,5,139.097513
1.92,8,139.100333
1.92,8,139.103074
3.94,6,139.105015
1.94,6,139.192303
3.93,7,139.194737
1.89,11,139.198065
5.92,8,139.20049
1.92,8,139.202912
1.9,10,139.205876
1.91,9,139.208552
1.92,8,139.210971
1.9,10,139.214704
5.88,12,139.218456
3.91,9,139.221225
1.94,6,139.223462
3.89,11,139.226945
3.86,14,139.231492
1.95,5,139.297926
3.89,11,139.301427
13.87,13,139.305361
1.93,7,139.308018
13.85,15,139.312922
1.95,5,139.314524
1.95,5,139.316095
3.94,6,139.317982
13.87,13,139.321969
1.96,4,139.32323
-0.08,8,139.325668
3.91,9,139.328399
3.89,11,139.331699
3.87,13,139.335541
1.93,7,139.403471
3.9,10,139.406727
1.94,6,139.408596
1.95,5,139.410156
3.93,7,139.412321
3.94,6,139.414176
3.94,6,139.41604
5.89,11,139.419356
5.88,12,139.42294
3.92,8,139.425871
3.89,11,139.429359
1.92,8,139.431845
3.92,8,139.434627
3.9,10,139.438054
3.93,7,139.440331
1.95,5,139.441943
3.94,6,139.443894
3.88,12,139.516524
3.91,9,139.519332
3.91,9,139.522075
1.92,8,139.524993
1.94,6,139.527061
3.87,13,139.531253
1.9,10,139.534604
3.9,10,139.537898
3.86,14,139.542376
3.87,13,139.547087
3.93,7,139.549282
1.94,6,139.551178
1.94,6,139.553521
1.91,9,139.616857
3.92,8,139.619408
1.96,4,139.620662
3.9,10,139.623642
1.92,8,139.626432
3.87,13,139.630686
1.94,6,139.632729
1.95,5,139.634365
1.95,5,139.636435
5.92,8,139.639059
1.89,11,139.642524
1.95,5,139.644201
1.93,7,139.646351
3.92,8,139.64878
5.84,16,139.653732
1.95,5,139.655321
3.88,12,139.745849
5.86,14,139.750164
1.95,5,139.75173
3.92,8,139.754155
5.87,13,139.758536
3.94,6,139.760465
1.89,11,139.763765
1.96,4,139.765017
13.9,10,139.768589
13.89,11,139.772363
1.95,5,139.773934
1.91,9,139.776754
1.89,11,139.780128
5.89,11,139.783488
1.95,5,139.8488
1.87,13,139.852865
1.95,5,139.854415
-0.07,7,139.856508
3.92,8,139.859382
1.91,9,139.862236
1.89,11,139.865574
3.94,6,139.867419
1.95,5,139.868972
1.93,7,139.871114
1.94,6,139.87296
5.86,14,139.877135
3.89,11,139.880401
1.91,9,139.883426
1.95,5,139.885193
1.91,9,139.888038
3.87,13,139.971769
1.91,9,139.974613
-0.06,6,139.976446
3.92,8,139.979309
1.93,7,139.981596
1.93,7,139.98375
1.9,10,139.986891
1.96,4,139.988392
1.93,7,139.990904
1.93,7,139.993337
3.91,9,139.996422
1.92,8,139.999209
3.92,8,140.001689
3.91,9,140.00441
5.91,9,140.007416
3.94,6,140.009718
1.92,8,140.078448
1.92,8,140.080985
3.89,11,140.084277
1.94,6,140.086122
13.9,10,140.089125
5.89,11,140.092951
3.89,11,140.096614
1.9,10,140.099664
3.9,10,140.103265
3.89,11,140.106691
3.88,12,140.110541
1.89,11,140.11427
1.93,7,140.116489
3.88,12,140.176483
5.87,13,140.180607
3.9,10,140.184083
1.88,12,140.188034
3.89,11,140.191372
3.91,9,140.194237
3.91,9,140.19709
3.91,9,140.200023
5.9,10,140.203264
13.85,15,140.207835
13.86,14,140.212657
3.91,9,140.215815
3.87,13,140.284769
3.91,9,140.287644
3.89,11,140.291621
3.88,12,140.295628
1.94,6,140.297604
3.86,14,140.302574
5.9,10,140.30569
1.96,4,140.30698
3.89,11,140.310492
1.94,6,140.312499
3.9,10,140.315547
1.91,9,140.318283
3.94,6,140.320138
3.88,12,140.387284
1.95,5,140.388942
5.92,8,140.391385
13.9,10,140.394448
13.87,13,140.398928
1.94,6,140.400879
1.93,7,140.403032
1.9,10,140.406064
1.92,8,140.408496
3.9,10,140.411533
3.88,12,140.4151
1.92,8,140.41753
1.96,4,140.418787
1.9,10,140.421763
13.89,11,140.425328
1.92,8,140.501934
1.96,4,140.503292
1.91,9,140.506029
5.89,11,140.509757
5.91,9,140.512877
1.91,9,140.515677
5.84,16,140.521155
3.87,13,140.525257
5.88,12,140.528874
1.93,7,140.531363
1.95,5,140.532991
1.92,8,140.535709
1.91,9,140.538442
1.93,7,140.540843
1.92,8,140.614757
5.88,12,140.618549
1.9,10,140.621606
3.92,8,140.624719
3.94,6,140.626964
3.9,10,140.630513
3.87,13,140.63507
3.93,7,140.637403
1.94,6,140.639267
3.88,12,140.643229
3.94,6,140.64522
13.87,13,140.649152
3.94,6,140.651017
1.89,11,140.654783
3.9,10,140.718868
1.92,8,140.735912
1.89,11,140.741924
3.86,14,140.746545
5.9,10,140.74966
3.89,11,140.753737
5.91,9,140.756669
3.92,8,140.759177
3.9,10,140.762686
5.84,16,140.767576
1.91,9,140.770757
1.92,8,140.773606
13.84,16,140.844394
3.93,7,140.846714
1.96,4,140.848022
1.91,9,140.851028
5.88,12,140.854821
13.87,13,140.858743
1.88,12,140.862714
5.89,11,140.866201
5.9,10,140.869396
3.88,12,140.873151
3.93,7,140.87536
1.9,10,140.878817
1.95,5,140.880433
1.9,10,140.942252
1.96,4,140.943626
1.95,5,140.945217
13.86,14,140.949461
1.93,7,140.952215
5.85,15,140.956957
1.96,4,140.958247
1.96,4,140.959529
3.92,8,140.96245
3.93,7,140.964713
1.88,12,140.968417
1.92,8,140.971343
1.91,9,140.974226
1.94,6,140.976129
13.9,10,140.979532
13.9,10,140.982713
1.92,8,141.067611
5.85,15,141.072226
1.96,4,141.073495
3.94,6,141.075697
1.92,8,141.078374
3.89,11,141.081683
1.92,8,141.084101
3.92,8,141.086818
5.85,15,141.091421
1.94,6,141.093308
1.96,4,141.094579
3.89,11,141.098341
1.9,10,141.101421
3.91,9,141.10442
3.93,7,141.172384
3.9,10,141.176084
1.96,4,141.177993
13.88,12,141.182244
1.96,4,141.183771
3.94,6,141.185777
13.84,16,141.190622
1.96,4,141.192197
3.91,9,141.195173
1.92,8,141.197629
1.91,9,141.200335
1.95,5,141.202129
1.94,6,141.203995
13.88,12,141.207651
5.85,15,141.212773
1.9,10,141.305975
5.92,8,141.308572
1.88,12,141.312266
3.9,10,141.315829
5.88,12,141.31959
1.96,4,141.320932
5.91,9,141.32368
1.91,9,141.32644
1.91,9,141.329159
5.87,13,141.33302
5.88,12,141.336862
5.91,9,141.339683
1.93,7,141.34238
1.91,9,141.345392
5.84,16,141.409213
1.94,6,141.411214
3.9,10,141.41428
1.89,11,141.417593
1.93,7,141.419749
1.96,4,141.421008
5.91,9,141.42414
3.94,6,141.426223
1.93,7,141.428516
3.91,9,141.431264
1.9,10,141.434678
3.9,10,141.438198
1.92,8,141.440804
3.86,14,141.445501
1.94,6,141.514586
1.9,10,141.517842
3.89,11,141.52119
3.9,10,141.524678
1.94,6,141.52678
1.88,12,141.530502
1.96,4,141.531802
3.94,6,141.533817
1.89,11,141.537431
1.91,9,141.540311
3.94,6,141.54233
1.9,10,141.546126
1.92,8,141.548708
1.93,7,141.550933
1.94,6,141.552994
1.96,4,141.554323
3.91,9,141.644183
13.86,14,141.648511
3.89,11,141.651792
5.86,14,141.656545
3.9,10,141.659778
1.92,8,141.662638
1.9,10,141.665754
1.9,10,141.669214
1.95,5,141.67103
5.9,10,141.674326
1.93,7,141.67668
1.89,11,141.680161
3.94,6,141.682054
1.91,9,141.748183
13.83,17,141.753504
3.88,12,141.757656
13.83,17,141.76308
1.91,9,141.765877
3.94,6,141.768164
1.92,8,141.770698
5.91,9,141.773455
1.93,7,141.775604
1.93,7,141.777982
1.96,4,141.779378
1.91,9,141.782354
1.9,10,141.785485
1.91,9,141.788252
3.85,15,141.864184
1.95,5,141.865812
1.9,10,141.868774
3.91,9,141.871958
1.91,9,141.874796
5.92,8,141.877253
5.85,15,141.88198
1.94,6,141.883975
3.87,13,141.888193
1.95,5,141.889785
1.95,5,141.891371
1.88,12,141.895101
3.88,12,141.898785
5.92,8,141.965007
5.91,9,141.967963
1.9,10,141.971278
13.9,10,141.974461
1.94,6,141.978374
1.88,12,141.982308
3.91,9,141.985586
1.91,9,141.988444
3.91,9,141.991738
1.92,8,141.994328
1.92,8,141.996882
3.94,6,141.998746
3.93,7,142.000885
13.89,11,142.004809
1.91,9,142.007685
5.91,9,142.07659
5.9,10,142.079857
1.95,5,142.081492
3.9,10,142.084645
1.96,4,142.085979
5.88,12,142.090114
1.96,4,142.091524
13.86,14,142.095772
1.92,8,142.098215
1.95,5,142.100375
1.91,9,142.103266
5.85,15,142.107881
3.91,9,142.110753
1.94,6,142.112684
3.91,9,142.115519
3.94,6,142.196107
1.94,6,142.198123
1.94,6,142.200011
1.91,9,142.20276
3.93,7,142.204915
1.96,4,142.206192
1.91,9,142.208917
1.88,12,142.2125
3.93,7,142.215165
13.85,15,142.219865
3.94,6,142.221758
3.93,7,142.224191
1.9,10,142.227363
3.89,11,142.230691
1.95,5,142.232252
1.94,6,142.234121
1.94,6,142.319783
3.92,8,142.322466
3.91,9,142.325222
1.89,11,142.328524
1.92,8,142.330949
1.91,9,142.333638
3.88,12,142.337198
1.91,9,142.340218
3.93,7,142.342512
3.94,6,142.344416
1.88,12,142.348107
1.92,8,142.350882
1.92,8,142.353781
3.91,9,142.356657
3.93,7,142.358862
1.96,4,142.360208
1.9,10,142.433903
3.92,8,142.436546
1.93,7,142.438694
3.86,14,142.443724
1.96,4,142.445023
3.93,7,142.447216
1.91,9,142.450005
1.93,7,142.45275
1.94,6,142.454719
5.91,9,142.457551
1.93,7,142.459889
5.88,12,142.463888
1.95,5,142.465522
1.94,6,142.467418
3.94,6,142.469296
1.96,4,142.470925
1.94,6,142.472909
3.91,9,142.554073
3.89,11,142.557676
1.94,6,142.559645
1.91,9,142.562554
3.9,10,142.565637
1.91,9,142.568411
1.93,7,142.570575
3.88,12,142.574185
3.92,8,142.5766
1.91,9,142.579339
1.92,8,142.581985
1.96,4,142.583279
1.93,7,142.585872
1.9,10,142.589088
5.91,9,142.592307
5.92,8,142.662507
1.91,9,142.66539
3.86,14,142.670552
1.89,11,142.674187
5.92,8,142.676713
1.94,6,142.678608
1.91,9,142.681764
13.88,12,142.685485
1.95,5,142.687052
1.92,8,142.689462
1.96,4,142.690726
1.92,8,142.693131
1.93,7,142.695464
1.96,4,142.696871
3.94,6,142.698804
1.96,4,142.700141
3.92,8,142.778843
3.9,10,142.782075
5.88,12,142.785725
3.91,9,142.788843
1.92,8,142.791424
3.94,6,142.793284
5.91,9,142.796004
5.87,13,142.799878
1.9,10,142.803287
3.9,10,142.806367
1.91,9,142.809128
5.86,14,142.813539
3.94,6,142.815419
3.91,9,142.818386
1.95,5,142.884877
1.93,7,142.887148
1.89,11,142.890525
5.89,11,142.894582
3.92,8,142.897164
5.9,10,142.900215
1.95,5,142.901829
3.91,9,142.904568
3.9,10,142.907576
1.91,9,142.910322
1.88,12,142.913899
3.92,8,142.916305
1.92,8,142.918711
1.92,8,142.921098
1.91,9,142.983311
3.93,7,142.985679
1.92,8,142.988139
3.85,15,142.992898
3.89,11,142.996455
1.96,4,142.997926
1.96,4,142.999519
1.9,10,143.002859
1.91,9,143.005759
5.86,14,143.010272
3.87,13,143.014541
3.88,12,143.018212
1.93,7,143.020435
5.9,10,143.023443
1.92,8,143.091067
3.93,7,143.093315
1.88,12,143.096937
1.95,5,143.098496
1.94,6,143.101007
1.9,10,143.104093
1.91,9,143.106836
3.91,9,143.109978
3.94,6,143.111989
1.96,4,143.113279
1.9,10,143.116284
3.91,9,143.119149
3.94,6,143.121265
3.85,15,143.125806
1.93,7,143.128359
1.9,10,143.210583
1.96,4,143.212247
1.92,8,143.214759
3.92,8,143.217226
1.89,11,143.221107
5.89,11,143.224531
5.86,14,143.22917
3.9,10,143.232521
1.91,9,143.235607
13.89,11,143.239012
13.84,16,143.244024
1.96,4,143.245334
3.89,11,143.248664
3.93,7,143.250792
1.94,6,143.321516
1.95,5,143.323158
13.89,11,143.326484
3.89,11,143.329895
3.9,10,143.333203
3.88,12,143.337377
5.87,13,143.341783
1.93,7,143.344241
1.94,6,143.346175
3.89,11,143.349531
3.87,13,143.353605
3.9,10,143.356711
5.89,11,143.360105
5.9,10,143.423094
1.95,5,143.424773
1.96,4,143.426064
3.91,9,143.428829
1.92,8,143.431714
1.9,10,143.435179
3.88,12,143.438903
1.96,4,143.440184
3.92,8,143.443011
1.87,13,143.447107
1.93,7,143.449316
5.91,9,143.45212
1.95,5,143.453847
13.89,11,143.457336
1.93,7,143.459553
3.94,6,143.4621
1.96,4,143.463457
3.92,8,143.538761
5.92,8,143.5413
3.92,8,143.544153
1.94,6,143.546613
3.93,7,143.549079
3.93,7,143.551256
1.94,6,143.553132
5.89,11,143.556739
3.92,8,143.559333
1.9,10,143.562583
1.91,9,143.56535
3.89,11,143.568819
3.92,8,143.571486
5.87,13,143.575513
1.89,11,143.639112
1.89,11,143.642998
3.92,8,143.645969
13.87,13,143.650207
1.9,10,143.65353
3.91,9,143.656312
1.96,4,143.657598
1.91,9,143.660377
13.86,14,143.664614
5.87,13,143.668667
5.89,11,143.672499
1.91,9,143.675246
3.94,6,143.677293
1.93,7,143.679507
5.92,8,143.744412
3.87,13,143.748441
3.92,8,143.750896
1.91,9,143.754108
1.92,8,143.756572
3.88,12,143.760182
5.9,10,143.763811
1.95,5,143.765488
1.92,8,143.768201
3.87,13,143.772336
1.92,8,143.774826
1.9,10,143.778034
1.92,8,143.780467
5.9,10,143.841402
3.93,7,143.843758
3.93,7,143.845992
3.91,9,143.848757
1.95,5,143.850446
1.95,5,143.852617
1.96,4,143.853958
1.9,10,143.857045
13.89,11,143.860423
3.93,7,143.862581
1.95,5,143.86415
3.91,9,143.866862
5.87,13,143.871241
3.93,7,143.873596
1.9,10,143.876756
1.9,10,143.880023
3.89,11,143.95614
1.92,8,143.958672
3.88,12,143.962282
3.88,12,143.966358
3.88,12,143.970266
1.95,5,143.971861
5.86,14,143.97643
1.94,6,143.978474
1.89,11,143.98176
3.91,9,143.984466
3.87,13,143.988762
3.91,9,143.991504
1.95,5,143.993058
3.87,13,144.059979
1.95,5,144.062029
3.91,9,144.064873
3.86,14,144.069377
1.88,12,144.073152
1.93,7,144.075308
1.92,8,144.077804
1.9,10,144.080851
5.9,10,144.084018
1.93,7,144.086373
1.96,4,144.087681
1.91,9,144.090455
5.88,12,144.0947
5.85,15,144.099147
13.9,10,144.169948
1.96,4,144.17182
3.93,7,144.174263
5.87,13,144.178943
5.92,8,144.181483
3.93,7,144.183655
3.88,12,144.187518
3.91,9,144.190403
1.92,8,144.192964
13.9,10,144.196171
13.83,17,144.201347
1.9,10,144.20444
1.94,6,144.206304
1.94,6,144.208141
1.95,5,144.28228
1.9,10,144.285586
1.92,8,144.288104
3.87,13,144.292118
3.93,7,144.294878
3.87,13,144.299031
-0.1,10,144.302645
5.86,14,144.307126
1.92,8,144.309633
1.9,10,144.312805
3.91,9,144.315643
1.94,6,144.317505
1.93,7,144.31975
5.87,13,144.385016
13.82,18,144.390558
1.96,4,144.391843
1.93,7,144.394422
3.94,6,144.396487
1.95,5,144.398083
1.95,5,144.399675
5.9,10,144.403047
5.85,15,144.407889
1.9,10,144.411227
1.9,10,144.414429
1.94,6,144.416341
1.91,9,144.419234
1.9,10,144.422296
3.9,10,144.425727
3.88,12,144.525033
3.85,15,144.529601
1.91,9,144.532861
1.93,7,144.535117
3.94,6,144.536999
1.87,13,144.540921
1.96,4,144.542181
13.88,12,144.546487
3.87,13,144.550561
1.95,5,144.552148
3.9,10,144.555425
1.93,7,144.557647
3.87,13,144.561803
5.87,13,144.630093
1.9,10,144.633248
5.91,9,144.636203
1.88,12,144.640176
1.94,6,144.642173
5.9,10,144.645279
5.87,13,144.649178
1.93,7,144.651474
1.92,8,144.653994
13.84,16,144.658754
5.91,9,144.661936
5.9,10,144.665118
1.94,6,144.666991
1.91,9,144.739716
3.91,9,144.742647
1.91,9,144.745406
3.93,7,144.747828
3.94,6,144.749758
1.92,8,144.752519
1.91,9,144.755675
1.96,4,144.757286
1.94,6,144.759284
3.89,11,144.76292
1.92,8,144.765424
1.9,10,144.768469
1.87,13,144.772363
1.91,9,144.775082
3.93,7,144.777333
1.94,6,144.85241
1.92,8,144.855055
3.91,9,144.857793
3.94,6,144.859748
1.92,8,144.862261
5.92,8,144.864681
1.88,12,144.868528
3.91,9,144.871458
3.9,10,144.874507
5.86,14,144.879221
3.88,12,144.882904
1.89,11,144.886239
5.9,10,144.889623
1.96,4,144.89098
1.92,8,144.955685
3.91,9,144.958513
3.93,7,144.960823
5.92,8,144.96356
5.87,13,144.971341
3.92,8,144.974339
5.89,11,144.979521
1.94,6,144.984079
3.93,7,144.986287
1.94,6,144.988161
1.93,7,144.990302
3.93,7,144.99244
1.95,5,144.994072
1.95,5,144.995653
13.88,12,144.999522
5.91,9,145.002932
3.91,9,145.081016
1.92,8,145.08377
3.89,11,145.088426
3.91,9,145.091346
5.85,15,145.096475
1.96,4,145.097818
13.85,15,145.102844
3.9,10,145.106231
3.91,9,145.109002
5.89,11,145.113239
1.94,6,145.115385
1.91,9,145.118356
3.89,11,145.12199
1.94,6,145.123955
1.9,10,145.193918
1.92,8,145.196596
1.96,4,145.197909
13.87,13,145.202019
5.89,11,145.205532
1.93,7,145.20771
1.94,6,145.209586
5.92,8,145.212474
5.9,10,145.215655
1.95,5,145.21728
5.9,10,145.22033
1.93,7,145.222854
3.9,10,145.226018
5.9,10,145.229197
1.91,9,145.232148
3.89,11,145.309004
1.92,8,145.311544
1.96,4,145.312829
5.88,12,145.316843
3.88,12,145.320662
3.88,12,145.324448
13.87,13,145.32865
1.9,10,145.331805
1.94,6,145.333717
1.96,4,145.335222
5.89,11,145.338765
5.9,10,145.341816
3.87,13,145.345695
1.93,7,145.406794
1.93,7,145.409066
1.91,9,145.411837
3.87,13,145.4162
5.89,11,145.420057
5.92,8,145.422644
3.89,11,145.42656
3.94,6,145.428794
3.86,14,145.433077
1.96,4,145.434354
3.94,6,145.436332
13.85,15,145.44095
1.92,8,145.443507
1.96,4,145.444823
1.95,5,145.446413
1.93,7,145.532203
3.91,9,145.535026
3.92,8,145.537476
1.9,10,145.540847
1.89,11,145.544593
5.86,14,145.548789
3.93,7,145.551536
1.91,9,145.554326
1.96,4,145.55561
1.96,4,145.556876
3.94,6,145.55874
3.93,7,145.561113
1.96,4,145.562469
5.85,15,145.566997
5.91,9,145.569969
1.94,6,145.571925
1.94,6,145.654623
3.91,9,145.657873
5.85,15,145.662766
1.96,4,145.664171
1.93,7,145.666386
1.88,12,145.670445
3.93,7,145.673023
13.9,10,145.676269
3.94,6,145.678365
3.93,7,145.680538
1.92,8,145.683246
5.85,15,145.687927
1.95,5,145.689514
1.94,6,145.691365
3.94,6,145.693194
1.96,4,145.694828
1.91,9,145.781373
1.95,5,145.783027
1.92,8,145.785516
1.91,9,145.788258
1.95,5,145.789819
5.87,13,145.793971
1.93,7,145.796689
1.96,4,145.798009
5.9,10,145.80099
5.9,10,145.804587
1.92,8,145.807072
3.93,7,145.809217
13.89,11,145.812887
1.95,5,145.81452
5.92,8,145.817015
3.9,10,145.820044
3.9,10,145.898433
3.89,11,145.901902
1.89,11,145.905424
1.94,6,145.907305
3.94,6,145.909181
1.94,6,145.911047
3.9,10,145.914051
5.92,8,145.916487
1.93,7,145.918995
3.9,10,145.922735
1.9,10,145.925823
1.92,8,145.928469
5.89,11,145.931927
1.94,6,145.933814
3.92,8,145.936711
1.88,12,146.004579
1.93,7,146.006815
1.96,4,146.008095
1.9,10,146.011302
1.92,8,146.013855
1.91,9,146.016631
3.94,6,146.018509
5.86,14,146.023386
3.88,12,146.027228
5.88,12,146.03114
5.87,13,146.035207
3.9,10,146.038414
1.94,6,146.040308
1.89,11,146.104858
1.9,10,146.107922
1.92,8,146.110335
3.93,7,146.112642
3.94,6,146.114853
1.91,9,146.117616
1.93,7,146.120024
1.96,4,146.121407
1.93,7,146.123745
1.89,11,146.127157
1.88,12,146.130734
5.87,13,146.1356
5.89,11,146.13912
3.93,7,146.141325
5.85,15,146.20646
13.85,15,146.21147
3.87,13,146.215906
1.96,4,146.217234
1.93,7,146.219853
1.95,5,146.221552
13.85,15,146.226177
1.9,10,146.229465
1.93,7,146.231707
3.94,6,146.23358
5.91,9,146.236549
5.91,9,146.239377
1.94,6,146.241321
1.9,10,146.244584
5.88,12,146.315582
3.93,7,146.317841
1.93,7,146.320009
3.93,7,146.322201
1.9,10,146.325671
3.85,15,146.330323
3.91,9,146.333059
3.87,13,146.33741
5.92,8,146.339996
5.9,10,146.343066
5.9,10,146.346923
13.9,10,146.350095
1.9,10,146.353371
1.87,13,146.420082
3.88,12,146.423829
5.87,13,146.428147
1.94,6,146.430135
1.92,8,146.432978
1.94,6,146.434883
1.9,10,146.438295
1.92,8,146.441155
3.87,13,146.445116
3.93,7,146.447275
1.92,8,146.449976
1.89,11,146.453567
3.9,10,146.456591
1.95,5,146.458152
3.91,9,146.544456
1.93,7,146.546776
5.88,12,146.550486
5.88,12,146.554722
1.9,10,146.557871
3.94,6,146.559928
5.83,17,146.565259
3.87,13,146.569311
1.95,5,146.570916
1.95,5,146.572497
1.93,7,146.574662
1.92,8,146.577188
1.94,6,146.579043
3.94,6,146.580908
3.91,9,146.583931
3.92,8,146.667728
1.95,5,146.669814
1.91,9,146.672709
5.87,13,146.677314
5.9,10,146.68043
1.96,4,146.681706
3.92,8,146.684145
13.87,13,146.688645
1.95,5,146.690338
1.94,6,146.692251
1.91,9,146.69508
1.9,10,146.698278
5.89,11,146.701742
1.89,11,146.705184
5.87,13,146.769652
3.86,14,146.774477
1.96,4,146.775814
1.96,4,146.77713
1.93,7,146.779421
1.9,10,146.782635
3.9,10,146.786117
3.88,12,146.790117
3.88,12,146.794103
1.96,4,146.795509
1.92,8,146.798874
5.9,10,146.802264
3.94,6,146.804148
3.92,8,146.8066
1.89,11,146.810593
3.87,13,146.888532
3.93,7,146.890788
1.93,7,146.893428
5.86,14,146.898288
5.84,16,146.903887
1.92,8,146.906662
1.92,8,146.909218
1.93,7,146.911696
1.95,5,146.913328
5.84,16,146.918284
1.96,4,146.919913
5.92,8,146.922445
1.91,9,146.925235
5.89,11,146.996302
1.9,10,146.999491
13.87,13,147.003504
3.93,7,147.006199
3.92,8,147.008859
5.86,14,147.01317
1.89,11,147.016997
13.85,15,147.022094
1.95,5,147.023689
3.88,12,147.02769
1.93,7,147.030385
1.88,12,147.034124
1.89,11,147.037855
3.88,12,147.107472
13.84,16,147.112536
3.92,8,147.114976
1.9,10,147.118021
1.94,6,147.119963
3.86,14,147.124095
13.86,14,147.129299
3.9,10,147.133451
1.94,6,147.135393
1.9,10,147.138403
1.89,11,147.142004
3.93,7,147.145201
1.94,6,147.215443
3.88,12,147.219685
1.94,6,147.221698
1.9,10,147.224756
1.92,8,147.227555
1.96,4,147.228911
1.95,5,147.230482
3.87,13,147.234395
1.95,5,147.235951
3.91,9,147.238992
5.89,11,147.242604
3.91,9,147.245486
3.93,7,147.247659
1.94,6,147.249544
3.91,9,147.252652
1.92,8,147.255237
1.89,11,147.33346
5.88,12,147.338071
3.89,11,147.341829
3.9,10,147.345228
3.91,9,147.348035
3.93,7,147.350197
1.9,10,147.353695
3.86,14,147.358074
3.86,14,147.362549
1.88,12,147.366198
5.9,10,147.369372
1.9,10,147.37262
1.94,6,147.436809
1.92,8,147.439663
3.93,7,147.441983
1.94,6,147.443871
1.96,4,147.445489
5.87,13,147.449655
1.96,4,147.450958
1.89,11,147.45446
5.86,14,147.458819
3.86,14,147.463192
3.92,8,147.466056
1.94,6,147.467999
1.9,10,147.471318
1.95,5,147.473063
3.89,11,147.476601
13.86,14,147.560826
5.92,8,147.56333
1.91,9,147.566031
1.91,9,147.56947
3.93,7,147.571771
1.96,4,147.57306
3.88,12,147.576778
1.95,5,147.578689
3.92,8,147.581232
1.9,10,147.584298
3.93,7,147.586738
5.9,10,147.590396
3.88,12,147.594408
5.89,11,147.597875
5.92,8,147.657001
3.91,9,147.659876
5.88,12,147.663502
1.9,10,147.666993
1.93,7,147.669566
3.91,9,147.672765
13.83,17,147.678645
3.87,13,147.682638
13.84,16,147.687936
3.9,10,147.691123
3.9,10,147.694491
1.9,10,147.697621
1.88,12,147.773513
3.91,9,147.776359
1.92,8,147.77878
3.89,11,147.782553
1.95,5,147.784181
3.86,14,147.788867
1.93,7,147.791109
1.93,7,147.793337
1.93,7,147.795819
1.96,4,147.797121
3.92,8,147.799554
3.94,6,147.801863
5.85,15,147.807178
1.92,8,147.809782
5.88,12,147.879432
1.94,6,147.88148
1.95,5,147.883085
3.94,6,147.884962
1.92,8,147.887375
1.95,5,147.88945
1.94,6,147.891423
1.89,11,147.895022
5.9,10,147.898115
1.91,9,147.900854
1.93,7,147.903264
1.92,8,147.90573
1.91,9,147.908451
3.91,9,147.911323
1.91,9,147.914161
3.9,10,147.917242
5.86,14,147.987857
1.92,8,147.990418
5.88,12,147.994253
1.91,9,147.997103
1.96,4,147.998398
3.87,13,148.002914
1.94,6,148.004891
5.88,12,148.008481
3.9,10,148.012203
1.9,10,148.015438
3.94,6,148.017362
1.93,7,148.019685
3.92,8,148.022194
5.88,12,148.025859
3.93,7,148.087729
3.87,13,148.091743
3.92,8,148.094193
1.92,8,148.096978
1.91,9,148.099906
1.94,6,148.101843
3.93,7,148.104183
1.9,10,148.10729
1.95,5,148.108885
3.91,9,148.111889
3.88,12,148.115625
1.9,10,148.118718
1.91,9,148.12151
1.94,6,148.123381
1.95,5,148.12497
5.92,8,148.127784
1.9,10,148.205219
1.94,6,148.207172
1.95,5,148.208762
1.87,13,148.21336
3.88,12,148.217057
1.96,4,148.218341
1.9,10,148.221854
1.92,8,148.224392
3.89,11,148.228046
1.95,5,148.229683
3.94,6,148.23157
5.92,8,148.234036
1.88,12,148.237844
3.85,15,148.24255
5.9,10,148.312773
3.88,12,148.31651
5.87,13,148.320456
5.89,11,148.323777
1.96,4,148.325064
1.93,7,148.327229
3.89,11,148.330657
1.94,6,148.332722
1.93,7,148.334968
1.96,4,148.336469
3.94,6,148.338431
5.9,10,148.341562
1.92,8,148.344094
1.95,5,148.34566
1.94,6,148.347501
1.88,12,148.351132
3.87,13,148.424278
3.9,10,148.427843
3.92,8,148.430513
3.9,10,148.433723
3.93,7,148.436076
3.92,8,148.438598
1.95,5,148.440181
5.91,9,148.442933
3.88,12,148.446797
1.9,10,148.449869
3.92,8,148.45284
1.95,5,148.454788
3.94,6,148.45698
3.89,11,148.460698
3.9,10,148.524396
3.88,12,148.528511
1.96,4,148.529904
1.95,5,148.531511
3.93,7,148.533873
5.87,13,148.538103
1.89,11,148.541649
3.9,10,148.545437
13.81,19,148.551351
1.96,4,148.552778
1.94,6,148.554666
1.95,5,148.55622
1.9,10,148.559223
3.93,7,148.561478
5.89,11,148.564823
1.93,7,148.641537
5.91,9,148.644543
1.91,9,148.647331
1.91,9,148.650131
5.91,9,148.653066
1.91,9,148.655871
3.9,10,148.658915
3.91,9,148.661882
1.93,7,148.664117
1.92,8,148.666603
1.96,4,148.667897
1.93,7,148.670545
3.9,10,148.673689
13.89,11,148.677052
1.94,6,148.678919
1.95,5,148.741848
3.89,11,148.745748
1.93,7,148.748016
1.93,7,148.750195
1.95,5,148.752153
3.92,8,148.754892
1.94,6,148.756757
5.89,11,148.760072
1.94,6,148.762407
1.92,8,148.764939
1.96,4,148.766218
1.93,7,148.76849
5.92,8,148.771072
1.96,4,148.772637
1.94,6,148.774554
1.95,5,148.776261
5.84,16,148.781489
3.85,15,148.874015
1.94,6,148.875945
5.88,12,148.880445
3.94,6,148.882464
3.93,7,148.884609
1.95,5,148.886288
3.87,13,148.890191
1.94,6,148.892074
1.96,4,148.893396
1.96,4,148.894937
5.89,11,148.898365
5.9,10,148.901465
3.89,11,148.905497
1.93,7,148.907682
3.9,10,148.910887
1.94,6,148.91284
1.93,7,148.988153
1.92,8,148.990726
3.94,6,148.992604
1.96,4,148.993887
1.93,7,148.996048
13.81,19,149.002508
3.92,8,149.00509
1.92,8,149.008079
1.95,5,149.0098
1.96,4,149.011329
1.92,8,149.01385
3.9,10,149.017221
3.92,8,149.019877
1.92,8,149.022349
3.88,12,149.025914
5.91,9,149.028722
5.92,8,149.12441
3.9,10,149.127718
1.9,10,149.130911
1.94,6,149.133304
3.94,6,149.135437
3.94,6,149.137368
3.93,7,149.139537
1.89,11,149.143267
3.93,7,149.145764
5.92,8,149.148311
1.9,10,149.151401
3.91,9,149.15424
1.9,10,149.157282
1.95,5,149.158843
1.9,10,149.162283
5.89,11,149.229264
1.91,9,149.232052
1.91,9,149.234734
1.93,7,149.237147
3.92,8,149.240017
3.92,8,149.242527
3.86,14,149.246882
1.89,11,149.250387
1.95,5,149.251988
1.93,7,149.254274
3.9,10,149.257728
5.86,14,149.262215
1.91,9,149.264968
5.91,9,149.267869
3.94,6,149.333113
3.93,7,149.335809
1.94,6,149.337859
3.9,10,149.341014
1.91,9,149.344404
1.95,5,149.346043
5.89,11,149.349392
3.92,8,149.35214
5.88,12,149.35578
3.92,8,149.358218
1.95,5,149.35977
1.89,11,149.36345
1.92,8,149.366013
3.93,7,149.368173
1.9,10,149.371311
5.91,9,149.445213
1.89,11,149.448672
3.94,6,149.450531
1.9,10,149.4538
1.9,10,149.45691
3.88,12,149.460973
13.88,12,149.465132
1.92,8,149.467708
1.96,4,149.469012
1.94,6,149.472545
1.95,5,149.474734
1.94,6,149.476709
3.86,14,149.481062
5.91,9,149.484134
1.92,8,149.486641
3.88,12,149.569172
3.91,9,149.571954
3.94,6,149.573801
1.92,8,149.576293
1.9,10,149.579445
1.88,12,149.583003
5.92,8,149.58542
1.93,7,149.588445
1.89,11,149.592189
1.87,13,149.596809
1.95,5,149.598474
1.95,5,149.600043
5.86,14,149.604228
5.91,9,149.607307
13.86,14,149.67527
1.9,10,149.678947
3.9,10,149.682244
1.92,8,149.684802
1.95,5,149.686612
1.94,6,149.688539
13.87,13,149.692551
1.94,6,149.694518
3.88,12,149.698176
1.96,4,149.699454
3.9,10,149.702631
3.9,10,149.706053
5.87,13,149.710009
1.93,7,149.712639
1.94,6,149.774984
13.88,12,149.778812
3.88,12,149.782471
1.96,4,149.784011
3.9,10,149.787405
3.89,11,149.790798
3.89,11,149.794317
1.95,5,149.795925
3.89,11,149.79924
3.93,7,149.801381
1.94,6,149.803231
3.89,11,149.807202
5.86,14,149.811786
1.88,12,149.815569
3.87,13,149.881082
3.89,11,149.884475
3.91,9,149.887717
3.94,6,149.889841
1.91,9,149.892742
1.92,8,149.895433
1.89,11,149.898828
1.91,9,149.901648
3.9,10,149.904781
3.89,11,149.90844
3.94,6,149.910437
3.86,14,149.914915
3.91,9,149.917666
1.89,11,149.983631
3.92,8,149.98615
1.9,10,149.989144
1.91,9,149.992493
1.91,9,149.995612
1.94,6,149.997571
3.94,6,149.999467
13.87,13,150.004156
3.94,6,150.006086
5.86,14,150.010445
3.94,6,150.012504
1.94,6,150.01475
1.95,5,150.016453
5.89,11,150.020042
1.91,9,150.022833
3.94,6,150.105107
3.93,7,150.107356
1.91,9,150.110128
5.88,12,150.114438
1.94,6,150.116438
1.93,7,150.118856
1.91,9,150.12183
1.88,12,150.125589
1.93,7,150.128573
3.89,11,150.132012
1.92,8,150.13446
1.95,5,150.136561
5.91,9,150.139412
1.88,12,150.143278
3.88,12,150.204769
5.92,8,150.20739
5.85,15,150.211972
1.91,9,150.215455
5.89,11,150.219145
3.89,11,150.222506
3.94,6,150.224395
3.92,8,150.227161
3.86,14,150.231525
5.86,14,150.235832
5.9,10,150.239298
1.91,9,150.242194
3.89,11,150.31082
1.93,7,150.313317
1.95,5,150.314908
1.94,6,150.316773
3.93,7,150.319016
1.95,5,150.320594
5.88,12,150.324202
5.86,14,150.328602
3.88,12,150.332342
1.95,5,150.333904
1.92,8,150.337014
1.95,5,150.338915
1.93,7,150.341131
5.92,8,150.343602
1.89,11,150.34691
13.83,17,150.432195
1.92,8,150.43487
5.92,8,150.437769
1.91,9,150.440638
1.91,9,150.443783
3.94,6,150.445704
3.9,10,150.448767
5.87,13,150.453148
1.92,8,150.455713
3.9,10,150.458739
3.87,13,150.463113
1.96,4,150.464458
3.88,12,150.468145
1.89,11,150.471569
5.85,15,150.537405
13.89,11,150.540763
1.95,5,150.542301
1.94,6,150.544316
3.87,13,150.548292
3.88,12,150.5526
3.93,7,150.554835
1.91,9,150.557566
3.9,10,150.560841
5.89,11,150.564299
1.95,5,150.565885
1.9,10,150.568991
5.91,9,150.572126
1.96,4,150.573515
3.91,9,150.635765
1.92,8,150.638373
1.93,7,150.640589
1.96,4,150.641882
1.92,8,150.644529
3.9,10,150.647607
13.87,13,150.651639
1.94,6,150.653733
3.9,10,150.656797
1.91,9,150.659532
1.93,7,150.661759
3.93,7,150.663905
3.87,13,150.667778
1.93,7,150.670519
1.91,9,150.67362
1.91,9,150.752044
3.92,8,150.755154
3.87,13,150.759237
1.91,9,150.762218
1.93,7,150.764372
5.9,10,150.767444
1.96,4,150.768843
3.89,11,150.772387
1.9,10,150.775474
5.88,12,150.779147
3.89,11,150.782636
13.88,12,150.786379
1.9,10,150.789457
1.93,7,150.791621
1.91,9,150.856468
1.92,8,150.859006
5.89,11,150.862721
3.93,7,150.865002
1.95,5,150.866583
1.92,8,150.869135
1.95,5,150.870789
1.91,9,150.873635
1.95,5,150.875258
1.9,10,150.879143
3.94,6,150.881151
-0.09,9,150.883942
3.88,12,150.887729
3.94,6,150.889691
5.86,14,150.894136
5.91,9,150.971784
1.87,13,150.975966
1.93,7,150.978204
5.89,11,150.981621
1.96,4,150.982911
5.87,13,150.987131
3.89,11,150.990529
1.95,5,150.992219
3.87,13,150.996317
1.88,12,150.999986
3.9,10,151.003495
3.94,6,151.005494
1.88,12,151.009182
3.91,9,151.070275
1.93,7,151.072664
5.86,14,151.077052
1.89,11,151.080586
3.9,10,151.084156
1.92,8,151.086715
3.88,12,151.090405
1.9,10,151.093879
3.9,10,151.097135
1.96,4,151.098448
3.88,12,151.102457
1.92,8,151.104984
1.92,8,151.107416
3.91,9,151.110119
1.91,9,151.175775
1.91,9,151.179847
3.93,7,151.182095
3.92,8,151.185072
5.92,8,151.187897
5.9,10,151.191039
3.89,11,151.194683
1.87,13,151.198838
1.89,11,151.202188
1.94,6,151.204248
1.92,8,151.206819
1.96,4,151.208145
1.91,9,151.211079
3.94,6,151.212964
5.85,15,151.28042
3.86,14,151.285166
1.9,10,151.288236
3.89,11,151.292423
3.88,12,151.296912
1.92,8,151.299545
1.94,6,151.301446
3.88,12,151.306275
3.88,12,151.31038
3.89,11,151.313757
1.93,7,151.315922
1.93,7,151.31805
1.92,8,151.320786
1.91,9,151.386171
1.92,8,151.388941
3.9,10,151.392055
1.92,8,151.394805
3.87,13,151.39884
1.94,6,151.400724
5.9,10,151.404027
3.94,6,151.40595
-0.08,8,151.408395
1.91,9,151.411144
1.9,10,151.41416
1.9,10,151.417151
3.9,10,151.420958
1.95,5,151.422663
1.9,10,151.425755
1.91,9,151.50855
1.9,10,151.51174
5.92,8,151.514214
3.9,10,151.51781
1.95,5,151.519641
1.96,4,151.520967
5.9,10,151.524113
1.91,9,151.527018
13.81,19,151.532991
3.9,10,151.536059
3.94,6,151.538327
5.92,8,151.540972
1.9,10,151.544397
1.87,13,151.548966
3.87,13,151.62658
1.94,6,151.628834
3.93,7,151.631059
1.94,6,151.63346
3.92,8,151.636157
5.85,15,151.6409
3.85,15,151.64588
1.91,9,151.648683
3.87,13,151.653035
3.93,7,151.655299
1.96,4,151.656595
1.92,8,151.659049
3.92,8,151.661732
1.91,9,151.664567
3.91,9,151.733649
1.95,5,151.735543
3.86,14,151.740044
3.91,9,151.743123
1.89,11,151.746665
1.94,6,151.748565
3.92,8,151.751003
1.91,9,151.754435
3.91,9,151.75725
3.93,7,151.759429
-0.11,11,151.763096
3.92,8,151.765629
1.88,12,151.769312
1.95,5,151.770879
1.91,9,151.836987
1.94,6,151.83898
3.89,11,151.842281
1.93,7,151.844413
1.89,11,151.848285
13.89,11,151.851841
3.93,7,151.854298
1.91,9,151.857118
1.96,4,151.85841
1.89,11,151.861867
3.91,9,151.864669
1.9,10,151.867704
1.9,10,151.870866
1.96,4,151.872218
1.88,12,151.875794
3.89,11,151.9493
1.9,10,151.952391
1.89,11,151.955693
1.93,7,151.958259
3.91,9,151.961433
3.92,8,151.964052
3.91,9,151.967279
3.89,11,151.970908
1.88,12,151.974558
1.95,5,151.976229
1.87,13,151.980723
1.92,8,151.983255
1.9,10,151.986474
1.89,11,152.050379
3.9,10,152.053533
3.94,6,152.055406
1.93,7,152.057538
13.89,11,152.061647
1.89,11,152.065057
1.92,8,152.067521
3.91,9,152.070276
1.96,4,152.071555
1.88,12,152.075181
1.95,5,152.076777
1.89,11,152.0805
3.94,6,152.082759
3.93,7,152.085033
3.86,14,152.089969
1.92,8,152.165699
1.96,4,152.167051
5.9,10,152.170962
3.87,13,152.175289
3.92,8,152.177999
13.86,14,152.182216
1.96,4,152.183488
1.93,7,152.186091
3.93,7,152.188479
3.88,12,152.192075
1.88,12,152.196118
5.86,14,152.200454
1.93,7,152.202757
5.91,9,152.205605
3.91,9,152.272486
1.93,7,152.274738
3.9,10,152.277793
1.89,11,152.281121
3.86,14,152.285365
1.96,4,152.286645
5.85,15,152.291337
3.91,9,152.294824
1.94,6,152.29707
1.91,9,152.299868
5.85,15,152.30475
3.92,8,152.307471
1.93,7,152.30968
1.91,9,152.377267
5.87,13,152.381279
1.94,6,152.383155
1.93,7,152.385272
3.9,10,152.388799
3.87,13,152.392803
5.9,10,152.396388
3.94,6,152.398283
1.94,6,152.400143
5.87,13,152.404459
1.92,8,152.40698
1.91,9,152.409737
1.94,6,152.411827
1.93,7,152.414004
5.86,14,152.47796
5.92,8,152.480541
1.91,9,152.483259
3.93,7,152.485406
3.93,7,152.487934
3.9,10,152.491033
5.91,9,152.494239
1.91,9,152.497084
1.93,7,152.499274
3.92,8,152.501798
1.89,11,152.505343
1.91,9,152.508135
3.92,8,152.51058
1.93,7,152.513127
13.88,12,152.516863
1.89,11,152.584803
3.93,7,152.587305
5.88,12,152.591007
1.96,4,152.592637
1.94,6,152.594923
1.89,11,152.598378
3.87,13,152.602382
1.95,5,152.604026
1.91,9,152.606819
1.91,9,152.609597
3.92,8,152.612188
1.95,5,152.613796
5.84,16,152.618696
13.9,10,152.621798
13.88,12,152.694117
1.96,4,152.695561
3.89,11,152.698904
1.94,6,152.700761
1.9,10,152.704037
3.9,10,152.7071
1.96,4,152.708348
1.96,4,152.709609
3.87,13,152.714477
3.91,9,152.71731
13.88,12,152.720943
5.89,11,152.724699
1.93,7,152.727042
13.89,11,152.730559
13.9,10,152.733655
13.89,11,152.795554
3.92,8,152.798162
3.93,7,152.800307
1.93,7,152.802983
3.86,14,152.807443
3.94,6,152.809342
3.89,11,152.813021
1.94,6,152.814935
1.95,5,152.81658
3.89,11,152.820104
1.95,5,152.821719
1.92,8,152.824188
5.88,12,152.827959
3.94,6,152.829861
1.94,6,152.831903
1.9,10,152.911285
1.9,10,152.914791
1.92,8,152.917438
3.9,10,152.921441
3.9,10,152.924639
1.95,5,152.926245
3.87,13,152.930563
5.87,13,152.934821
3.88,12,152.938857
5.88,12,152.942969
1.96,4,152.94434
5.9,10,152.947452
3.86,14,152.952086
1.91,9,153.018143
1.95,5,153.019785
1.93,7,153.021964
1.94,6,153.023839
3.91,9,153.027402
3.88,12,153.031239
5.91,9,153.034003
1.9,10,153.037475
3.89,11,153.040927
1.95,5,153.042546
3.93,7,153.044912
3.94,6,153.04694
3.92,8,153.049391
1.96,4,153.050685
1.91,9,153.053461
3.9,10,153.056953
5.92,8,153.130526
1.92,8,153.133149
1.93,7,153.135345
1.88,12,153.13955
1.92,8,153.142253
5.91,9,153.14525
1.91,9,153.148022
5.91,9,153.150763
1.89,11,153.15432
1.92,8,153.156753
1.92,8,153.159199
1.91,9,153.162067
1.89,11,153.165533
3.89,11,153.169383
1.96,4,153.227286
3.91,9,153.230253
3.89,11,153.2336
1.94,6,153.2355
13.84,16,153.240787
3.91,9,153.243704
1.92,8,153.24629
3.88,12,153.249909
5.86,14,153.2544
1.93,7,153.256581
3.89,11,153.259909
13.9,10,153.263573
1.96,4,153.264952
1.91,9,153.267718
3.88,12,153.340006
3.93,7,153.342307
13.86,14,153.347061
1.96,4,153.348485
3.93,7,153.350733
3.88,12,153.354478
1.95,5,153.356064
5.84,16,153.361103
1.91,9,153.363903
1.93,7,153.366066
3.91,9,153.368828
1.95,5,153.370637
1.92,8,153.373307
5.87,13,153.37748
1.89,11,153.450059
1.93,7,153.45261
1.92,8,153.455198
3.93,7,153.457412
3.91,9,153.460362
3.94,6,153.462559
1.93,7,153.464812
1.96,4,153.466139
13.84,16,153.47133
1.91,9,153.474208
1.92,8,153.476696
3.92,8,153.479224
13.87,13,153.483104
5.86,14,153.487338
3.94,6,153.556902
1.93,7,153.559168
13.88,12,153.562761
1.93,7,153.565069
1.94,6,153.567258
3.92,8,153.569963
5.87,13,153.574186
1.93,7,153.576455
1.95,5,153.5784
1.95,5,153.580049
1.92,8,153.582566
1.9,10,153.585948
5.88,12,153.589596
1.9,10,153.592586
1.95,5,153.594158
3.89,11,153.669269
1.95,5,153.671369
3.9,10,153.674506
1.96,4,153.675798
3.94,6,153.677906
3.94,6,153.679825
3.91,9,153.682642
1.95,5,153.684214
3.88,12,153.688044
1.9,10,153.691092
1.95,5,153.692659
1.94,6,153.694548
3.92,8,153.696985
1.9,10,153.700013
13.84,16,153.705495
3.91,9,153.708288
1.95,5,153.709854
1.92,8,153.795762
13.88,12,153.799456
3.9,10,153.803429
3.85,15,153.808542
1.92,8,153.81241
3.9,10,153.815951
3.9,10,153.820135
1.89,11,153.82398
3.91,9,153.826798
1.96,4,153.828098
3.94,6,153.829961
5.86,14,153.834655
3.89,11,153.839277
3.94,6,153.906879
5.87,13,153.911068
5.9,10,153.914174
1.95,5,153.915736
3.88,12,153.919741
1.88,12,153.923494
1.91,9,153.926243
1.9,10,153.929698
3.89,11,153.933126
5.9,10,153.936416
3.94,6,153.938363
3.93,7,153.940695
5.91,9,153.943644
1.96,4,153.94499
5.89,11,154.007792
3.91,9,154.010655
1.93,7,154.013563
3.89,11,154.017283
1.92,8,154.020029
13.89,11,154.023399
3.88,12,154.026973
13.9,10,154.03034
1.94,6,154.032348
5.87,13,154.036727
1.94,6,154.038964
3.93,7,154.041512
3.93,7,154.044971
1.92,8,154.047592
1.93,7,154.121623
3.87,13,154.125824
1.94,6,154.128627
1.89,11,154.132669
3.89,11,154.136297
1.93,7,154.139891
1.95,5,154.142227
5.88,12,154.146984
1.87,13,154.15133
1.94,6,154.153545
1.95,5,154.155208
5.86,14,154.159447
13.86,14,154.1646
3.87,13,154.233808
1.91,9,154.237055
1.96,4,154.238419
1.91,9,154.241204
3.88,12,154.245539
1.89,11,154.24892
5.88,12,154.253806
3.92,8,154.256532
1.92,8,154.258994
3.89,11,154.262781
3.88,12,154.267065
1.88,12,154.271154
-0.04,4,154.273294
3.94,6,154.275314
1.94,6,154.278098
1.91,9,154.371557
3.87,13,154.375511
1.9,10,154.378929
5.84,16,154.38419
1.92,8,154.386697
3.92,8,154.389413
1.96,4,154.390784
1.92,8,154.393438
1.91,9,154.396404
1.9,10,154.399436
1.9,10,154.402517
5.88,12,154.406166
5.89,11,154.409703
1.9,10,154.482136
1.9,10,154.485457
5.89,11,154.489246
1.93,7,154.491554
3.91,9,154.494403
1.9,10,154.497453
1.93,7,154.499816
1.92,8,154.502491
1.93,7,154.504706
1.92,8,154.507212
3.93,7,154.50976
3.93,7,154.51217
1.93,7,154.514365
3.93,7,154.516527
5.92,8,154.519143
1.96,4,154.520498
1.92,8,154.589766
1.92,8,154.592301
1.89,11,154.595654
1.95,5,154.597539
3.89,11,154.609497
3.91,9,154.615834
3.94,6,154.618644
1.92,8,154.621557
5.86,14,154.62604
3.87,13,154.63022
5.89,11,154.633637
3.87,13,154.637969
1.95,5,154.639693
1.92,8,154.642322
1.92,8,154.706875
5.87,13,154.711275
5.91,9,154.714514
13.88,12,154.718433
3.87,13,154.722454
3.94,6,154.724642
3.87,13,154.728887
1.95,5,154.730466
3.93,7,154.732702
1.93,7,154.734876
1.93,7,154.737243
1.93,7,154.739403
3.9,10,154.742446
13.9,10,154.745643
1.96,4,154.808146
3.92,8,154.810926
5.86,14,154.815618
3.93,7,154.818185
1.92,8,154.820803
1.92,8,154.823235
1.96,4,154.824495
1.89,11,154.828033
5.92,8,154.8306
1.96,4,154.831998
3.89,11,154.835561
3.89,11,154.839356
1.89,11,154.842742
13.87,13,154.847116
3.9,10,154.913218
3.9,10,154.91645
5.88,12,154.920643
3.89,11,154.923994
3.86,14,154.928115
1.94,6,154.92994
3.9,10,154.933457
1.9,10,154.936853
1.93,7,154.939094
1.93,7,154.941305
3.91,9,154.944401
1.96,4,154.945773
1.91,9,154.948555
1.91,9,154.951307
3.91,9,155.01693
3.93,7,155.019231
1.96,4,155.020521
3.86,14,155.024745
3.87,13,155.029495
1.9,10,155.03289
1.95,5,155.034502
3.91,9,155.03739
3.92,8,155.03989
1.92,8,155.042343
1.91,9,155.04555
13.89,11,155.049286
5.87,13,155.053527
3.93,7,155.055718
1.94,6,155.057756
5.89,11,155.139785
1.92,8,155.142337
3.9,10,155.145343
3.92,8,155.148245
1.95,5,155.14992
1.94,6,155.152032
5.86,14,155.156421
1.9,10,155.159468
5.86,14,155.163916
1.94,6,155.16595
1.91,9,155.168975
3.93,7,155.171567
1.91,9,155.174366
1.94,6,155.176234
1.94,6,155.178284
13.87,13,155.272527
1.95,5,155.274145
3.89,11,155.277402
1.91,9,155.280598
1.94,6,155.282672
5.85,15,155.287463
3.93,7,155.289708
3.93,7,155.291928
1.91,9,155.294934
5.89,11,155.298299
1.88,12,155.301851
1.93,7,155.304374
5.91,9,155.307262
13.89,11,155.373883
1.92,8,155.376498
1.96,4,155.378522
1.95,5,155.380228
1.93,7,155.382614
1.9,10,155.386052
1.91,9,155.388843
3.88,12,155.392702
1.9,10,155.39622
1.96,4,155.397572
1.9,10,155.400683
3.91,9,155.403487
3.87,13,155.407451
5.85,15,155.412327
1.88,12,155.480696
1.93,7,155.483172
1.95,5,155.484847
1.89,11,155.488279
3.89,11,155.491919
3.89,11,155.495461
3.92,8,155.497933
3.92,8,155.500411
1.95,5,155.502362
3.9,10,155.506028
1.93,7,155.508263
1.96,4,155.509521
1.92,8,155.5123
3.93,7,155.514558
13.9,10,155.517588
1.9,10,155.520702
1.88,12,155.591841
1.94,6,155.59387
3.9,10,155.596923
5.88,12,155.600849
3.9,10,155.604316
1.93,7,155.60651
3.94,6,155.608378
3.93,7,155.610526
5.89,11,155.613815
3.91,9,155.616534
1.9,10,155.619512
1.93,7,155.621628
1.96,4,155.622891
1.95,5,155.624433
1.96,4,155.625684
1.94,6,155.627506
1.91,9,155.701097
13.89,11,155.704544
3.94,6,155.70643
1.9,10,155.709753
5.9,10,155.712934
1.89,11,155.716816
3.87,13,155.721067
1.92,8,155.723527
5.92,8,155.725949
1.95,5,155.727604
3.88,12,155.731417
3.92,8,155.733977
1.94,6,155.736026
3.89,11,155.739812
1.96,4,155.741182
1.9,10,155.81276
1.95,5,155.814401
1.95,5,155.815949
5.84,16,155.820673
1.88,12,155.824203
3.89,11,155.827491
1.91,9,155.830166
5.89,11,155.833435
1.96,4,155.834693
5.88,12,155.838238
3.88,12,155.841772
1.92,8,155.844695
1.94,6,155.846566
5.88,12,155.916657
1.94,6,155.918583
13.84,16,155.923289
1.88,12,155.926877
3.88,12,155.930518
3.88,12,155.934071
1.96,4,155.935902
1.91,9,155.938902
1.9,10,155.942015
5.88,12,155.946124
1.92,8,155.948669
3.9,10,155.951747
3.9,10,155.954898
3.91,9,156.025459
3.9,10,156.028558
5.91,9,156.031243
3.89,11,156.035038
1.91,9,156.038113
1.92,8,156.040644
1.91,9,156.043712
1.96,4,156.045619
1.96,4,156.046973
5.85,15,156.051426
3.94,6,156.053471
1.94,6,156.055428
5.87,13,156.059318
13.88,12,156.062927
3.92,8,156.129939
1.91,9,156.132801
1.96,4,156.134096
5.89,11,156.137357
1.94,6,156.139668
3.94,6,156.141694
1.93,7,156.143875
1.92,8,156.146333
3.92,8,156.148745
3.91,9,156.151429
3.91,9,156.154128
3.9,10,156.157112
3.89,11,156.160367
5.92,8,156.162745
3.88,12,156.166298
1.94,6,156.168109
1.9,10,156.243169
1.92,8,156.245749
1.9,10,156.248823
1.96,4,156.250133
1.91,9,156.2529
5.87,13,156.257461
5.86,14,156.261855
5.91,9,156.264613
3.92,8,156.267465
3.91,9,156.270357
1.92,8,156.272802
3.93,7,156.274958
3.91,9,156.277915
5.9,10,156.281051
5.87,13,156.347434
1.96,4,156.348768
3.9,10,156.351753
3.89,11,156.355545
3.86,14,156.359814
1.9,10,156.362856
3.88,12,156.366481
5.85,15,156.370948
1.92,8,156.373392
3.93,7,156.375532
1.96,4,156.376791
5.9,10,156.379779
1.94,6,156.381639
3.93,7,156.449222
3.88,12,156.453063
13.81,19,156.459081
3.91,9,156.462011
5.88,12,156.465963
1.96,4,156.467331
5.91,9,156.470806
13.83,17,156.476549
1.94,6,156.47874
1.89,11,156.48275
1.93,7,156.48511
1.95,5,156.486749
1.92,8,156.489351
5.89,11,156.569938
3.94,6,156.571954
1.92,8,156.574434
3.87,13,156.578614
3.94,6,156.580724
13.87,13,156.584639
1.9,10,156.587621
1.93,7,156.589742
1.91,9,156.592697
1.96,4,156.593987
1.92,8,156.596416
1.9,10,156.59944
5.87,13,156.603959
1.96,4,156.605301
1.88,12,156.608884
5.85,15,156.68683
1.89,11,156.690198
1.96,4,156.691465
3.94,6,156.693315
3.91,9,156.69601
1.95,5,156.697554
1.94,6,156.699382
1.94,6,156.701191
1.94,6,156.703025
1.9,10,156.706011
5.92,8,156.708433
13.86,14,156.712571
3.92,8,156.714997
3.89,11,156.719176
1.93,7,156.721538
1.9,10,156.798434
5.92,8,156.800983
13.85,15,156.805472
1.96,4,156.807248
13.89,11,156.811
3.93,7,156.813354
1.94,6,156.815297
1.93,7,156.817515
1.9,10,156.820604
1.94,6,156.82245
1.89,11,156.825751
1.92,8,156.828199
3.93,7,156.83035
1.94,6,156.832187
1.96,4,156.833435
3.92,8,156.835854
1.94,6,156.920437
1.88,12,156.924186
1.94,6,156.926047
3.85,15,156.931032
1.9,10,156.934153
3.89,11,156.937441
1.89,11,156.940751
3.87,13,156.944632
1.92,8,156.947056
1.94,6,156.948901
1.91,9,156.951609
1.93,7,156.953728
3.93,7,156.955853
13.9,10,156.958839
1.92,8,157.026387
3.93,7,157.028634
3.93,7,157.030808
3.92,8,157.033275
5.86,14,157.038078
1.94,6,157.040045
1.94,6,157.041911
3.89,11,157.045587
1.95,5,157.047192
1.93,7,157.049358
1.92,8,157.051779
3.88,12,157.055767
3.86,14,157.060092
1.96,4,157.061576
1.94,6,157.063464
1.95,5,157.065042
1.95,5,157.146053
3.88,12,157.149793
3.89,11,157.153122
3.92,8,157.156011
1.94,6,157.157942
5.9,10,157.161097
5.89,11,157.164823
1.95,5,157.166453
1.92,8,157.169142
3.88,12,157.173183
3.88,12,157.177118
5.92,8,157.180115
5.85,15,157.18475
5.89,11,157.253078
3.94,6,157.255024
1.93,7,157.257664
1.96,4,157.259033
3.88,12,157.263362
3.94,6,157.265284
1.96,4,157.266559
3.87,13,157.270461
1.91,9,157.27379
1.91,9,157.276686
13.88,12,157.28055
5.92,8,157.283475
5.9,10,157.286886
1.95,5,157.288546
3.91,9,157.291363
3.9,10,157.361462
13.84,16,157.366467
1.94,6,157.36833
1.89,11,157.371963
13.86,14,157.376687
3.91,9,157.379537
5.89,11,157.383279
1.93,7,157.385647
1.94,6,157.387595
1.92,8,157.390047
1.94,6,157.392035
5.87,13,157.396017
3.88,12,157.399601
5.89,11,157.471153
1.91,9,157.473977
1.94,6,157.475883
1.91,9,157.478743
1.92,8,157.481159
1.96,4,157.482528
1.87,13,157.486661
1.93,7,157.488796
3.92,8,157.49121
3.91,9,157.493978
1.92,8,157.496367
3.94,6,157.498194
1.92,8,157.50059
3.94,6,157.50302
1.89,11,157.5069
3.92,8,157.509444
3.92,8,157.584919
3.94,6,157.586923
3.91,9,157.589684
1.94,6,157.591561
1.96,4,157.592847
13.88,12,157.596907
3.93,7,157.599143
5.87,13,157.6032
1.96,4,157.604487
3.94,6,157.606352
1.96,4,157.60761
3.9,10,157.610744
1.94,6,157.612705
3.94,6,157.614584
1.93,7,157.616726
3.92,8,157.619587
1.89,11,157.623297
1.91,9,157.700945
1.93,7,157.703234
13.9,10,157.706288
1.94,6,157.708135
5.92,8,157.711076
3.89,11,157.714496
1.96,4,157.715811
1.89,11,157.719116
3.93,7,157.721812
3.87,13,157.725871
3.93,7,157.728414
1.96,4,157.729899
1.93,7,157.732276
5.87,13,157.736215
3.87,13,157.740126
3.92,8,157.811049
3.93,7,157.813343
3.93,7,157.815509
1.9,10,157.818518
3.88,12,157.822102
1.92,8,157.824509
3.94,6,157.82634
13.86,14,157.830542
5.9,10,157.83354
3.94,6,157.835659
3.88,12,157.840096
3.93,7,157.842661
1.9,10,157.846117
1.94,6,157.848257
13.84,16,157.913667
1.92,8,157.916192
1.96,4,157.917475
1.91,9,157.920188
1.91,9,157.922884
5.89,11,157.926219
3.92,8,157.929111
1.91,9,157.931958
3.92,8,157.934432
1.96,4,157.935705
3.89,11,157.93944
1.93,7,157.941705
1.92,8,157.944345
1.95,5,157.946011
1.95,5,157.94764
5.87,13,157.951613
3.9,10,158.030568
1.93,7,158.032788
1.9,10,158.035799
1.94,6,158.038029
5.92,8,158.041317
1.93,7,158.044167
1.95,5,158.046195
1.94,6,158.048457
1.94,6,158.050423
1.9,10,158.053817
3.93,7,158.056116
1.92,8,158.058663
1.88,12,158.062595
5.88,12,158.066268
1.91,9,158.06912
3.91,9,158.141828
1.9,10,158.14503
13.84,16,158.149837
1.9,10,158.153597
5.89,11,158.15706
1.91,9,158.159815
1.93,7,158.162218
13.84,16,158.167133
3.93,7,158.169605
1.92,8,158.172466
1.95,5,158.174109
3.9,10,158.177242
3.94,6,158.17961
1.91,9,158.182719
13.87,13,158.255151
1.94,6,158.257522
1.95,5,158.259176
3.87,13,158.263806
5.91,9,158.266585
1.94,6,158.268438
13.85,15,158.273091
13.82,18,158.278623
1.94,6,158.280559
1.92,8,158.283049
3.89,11,158.286449
1.92,8,158.288925
3.89,11,158.292312
1.94,6,158.368076
3.87,13,158.372056
13.88,12,158.376359
1.9,10,158.379533
5.88,12,158.383192
13.85,15,158.388121
1.9,10,158.391196
5.91,9,158.39393
3.93,7,158.396098
1.89,11,158.399377
1.94,6,158.401406
1.95,5,158.40301
1.96,4,158.404295
1.96,4,158.405559
1.91,9,158.473535
5.91,9,158.476423
3.9,10,158.479993
3.9,10,158.483326
1.93,7,158.485609
3.89,11,158.489147
13.89,11,158.492681
3.89,11,158.496201
1.93,7,158.498537
1.96,4,158.499803
5.85,15,158.504685
1.94,6,158.506592
3.91,9,158.509373
1.92,8,158.512108
1.95,5,158.51386
1.95,5,158.61268
1.96,4,158.614109
3.9,10,158.617164
3.91,9,158.619881
1.9,10,158.622905
1.92,8,158.625335
5.87,13,158.629202
1.93,7,158.631315
1.92,8,158.634171
3.93,7,158.636463
1.93,7,158.638685
3.92,8,158.641211
1.93,7,158.644108
3.9,10,158.64751
3.87,13,158.651899
1.93,7,158.730465
1.9,10,158.733608
1.88,12,158.737596
1.93,7,158.739831
3.88,12,158.743747
5.87,13,158.74776
3.94,6,158.749654
1.94,6,158.751552
1.94,6,158.754065
1.91,9,158.757001
1.93,7,158.759211
1.95,5,158.76082
1.92,8,158.763693
1.93,7,158.765946
3.92,8,158.768387
3.94,6,158.770311
3.94,6,158.847727
1.92,8,158.850284
1.92,8,158.852837
3.93,7,158.854995
3.93,7,158.857134
5.89,11,158.860554
1.89,11,158.864026
5.89,11,158.867332
1.89,11,158.870599
1.91,9,158.873327
1.94,6,158.87516
3.89,11,158.878427
3.88,12,158.882395
3.87,13,158.94127
3.89,11,158.944876
1.91,9,158.947633
1.96,4,158.948901
3.9,10,158.952525
3.88,12,158.956311
1.92,8,158.95878
1.9,10,158.962517
1.91,9,158.965444
1.93,7,158.967643
1.92,8,158.970062
5.92,8,158.97308
5.86,14,158.97766
1.95,5,158.979304
3.94,6,158.981166
3.88,12,159.06062
5.83,17,159.065702
1.96,4,159.066952
1.95,5,159.068892
1.95,5,159.070757
3.94,6,159.072716
3.92,8,159.075205
5.89,11,159.078781
1.96,4,159.080121
3.9,10,159.083255
1.89,11,159.087241
1.91,9,159.090094
1.93,7,159.092482
5.85,15,159.09729
1.93,7,159.099479
1.94,6,159.18641
1.92,8,159.188993
3.94,6,159.190869
-0.09,9,159.193613
3.93,7,159.196233
1.92,8,159.198796
3.91,9,159.201565
3.9,10,159.204922
1.94,6,159.206821
3.88,12,159.210779
1.92,8,159.213978
1.88,12,159.217747
1.92,8,159.220832
1.94,6,159.222785
3.94,6,159.224682
5.89,11,159.298575
3.88,12,159.302627
5.86,14,159.307036
3.9,10,159.310144
3.94,6,159.312458
1.92,8,159.314951
3.9,10,159.318009
5.92,8,159.320748
1.96,4,159.322181
3.87,13,159.326133
1.91,9,159.328975
3.94,6,159.330864
1.91,9,159.333694
5.89,11,159.337369
1.9,10,159.402616
3.91,9,159.405578
13.83,17,159.41093
3.92,8,159.413452
3.91,9,159.416197
1.93,7,159.41833
1.91,9,159.421492
3.9,10,159.424555
1.92,8,159.426966
5.92,8,159.429833
3.91,9,159.432696
1.93,7,159.434854
1.9,10,159.438069
1.91,9,159.440872
1.96,4,159.442221
1.91,9,159.530407
13.86,14,159.534903
3.89,11,159.53835
5.92,8,159.540842
1.91,9,159.543889
1.9,10,159.547158
3.93,7,159.549398
5.87,13,159.553759
3.93,7,159.556025
1.9,10,159.55907
5.9,10,159.562216
5.83,17,159.567548
1.95,5,159.63723
1.88,12,159.641132
1.91,9,159.643934
5.89,11,159.64754
3.91,9,159.650347
3.92,8,159.653061
1.94,6,159.654989
1.94,6,159.656867
1.91,9,159.659625
13.87,13,159.663678
1.9,10,159.666744
3.93,7,159.669263
1.91,9,159.672356
1.96,4,159.673693
1.9,10,159.676717
1.96,4,159.677974
1.92,8,159.748864
1.93,7,159.7511
1.93,7,159.753246
3.92,8,159.755691
1.9,10,159.75871
1.91,9,159.761426
1.92,8,159.763856
1.9,10,159.76742
1.96,4,159.768906
3.91,9,159.771671
1.95,5,159.773226
1.94,6,159.775069
3.91,9,159.77824
5.85,15,159.78311
3.86,14,159.853536
3.87,13,159.857666
1.95,5,159.859252
5.92,8,159.861711
1.93,7,159.864331
1.91,9,159.867204
13.86,14,159.871425
1.93,7,159.873561
3.93,7,159.875707
1.88,12,159.879269
5.92,8,159.881678
1.9,10,159.885094
3.9,10,159.888209
1.96,4,159.88951
1.93,7,159.891678
1.92,8,159.967584
3.88,12,159.971759
3.9,10,159.974883
1.93,7,159.977504
1.9,10,159.980802
1.96,4,159.982123
3.93,7,159.984332
3.9,10,159.987417
1.89,11,159.990782
3.94,6,159.992664
3.88,12,159.996316
1.9,10,159.999365
1.92,8,160.001811
3.88,12,160.00545
1.92,8,160.065947
-0.09,9,160.068966
1.93,7,160.071158
1.95,5,160.072746
5.85,15,160.077729
3.94,6,160.079685
1.92,8,160.082115
3.86,14,160.086256
1.96,4,160.08753
3.91,9,160.090542
1.96,4,160.091861
1.89,11,160.095221
1.9,10,160.098256
3.89,11,160.102196
3.94,6,160.10427
5.88,12,160.187652
3.9,10,160.190791
1.93,7,160.192955
1.96,4,160.194438
3.91,9,160.197346
3.89,11,160.200729
1.92,8,160.203363
5.85,15,160.207889
1.93,7,160.210026
1.93,7,160.212886
3.94,6,160.214846
1.96,4,160.216139
3.91,9,160.219083
1.96,4,160.220449
1.95,5,160.222027
3.91,9,160.224757
1.91,9,160.227872
1.9,10,160.315099
1.9,10,160.318286
3.94,6,160.320227
3.9,10,160.323319
3.94,6,160.325234
3.88,12,160.328944
3.93,7,160.33111
5.86,14,160.335269
1.92,8,160.337676
5.88,12,160.341984
1.93,7,160.344377
3.91,9,160.347145
3.91,9,160.349859
1.91,9,160.410915
1.95,5,160.412666
1.96,4,160.41395
1.91,9,160.416665
1.95,5,160.418204
13.84,16,160.422937
1.96,4,160.424659
1.96,4,160.426099
1.93,7,160.428635
1.94,6,160.430635
3.93,7,160.43284
1.9,10,160.436399
3.89,11,160.439837
3.93,7,160.442225
3.93,7,160.444514
1.96,4,160.446118
5.87,13,160.450082
1.94,6,160.45194
5.85,15,160.541201
3.86,14,160.545407
5.91,9,160.548895
3.91,9,160.551795
3.93,7,160.553992
1.95,5,160.555556
1.95,5,160.557409
13.84,16,160.562563
3.93,7,160.564766
1.96,4,160.566046
1.96,4,160.567332
3.9,10,160.570419
1.93,7,160.572572
3.9,10,160.575574
3.88,12,160.645691
3.88,12,160.649451
5.87,13,160.6534
3.94,6,160.655727
1.92,8,160.658261
1.92,8,160.66071
1.9,10,160.663749
3.9,10,160.666778
1.91,9,160.669479
3.89,11,160.673125
1.91,9,160.676036
1.95,5,160.677674
5.91,9,160.68045
3.88,12,160.684362
3.94,6,160.744602
1.95,5,160.746326
3.91,9,160.74916
13.88,12,160.752877
1.89,11,160.756238
1.94,6,160.758253
5.89,11,160.761932
3.92,8,160.764451
5.89,11,160.767831
3.89,11,160.771348
3.93,7,160.773516
5.89,11,160.776969
1.96,4,160.778758
1.93,7,160.781105
1.93,7,160.783233
1.93,7,160.85002
3.9,10,160.853163
5.86,14,160.857359
1.93,7,160.859964
5.87,13,160.864003
3.9,10,160.867016
3.9,10,160.870032
3.92,8,160.872444
1.89,11,160.875698
1.89,11,160.878948
-0.07,7,160.88106
3.93,7,160.883419
1.95,5,160.884989
1.91,9,160.887728
1.95,5,160.95174
13.9,10,160.955291
1.92,8,160.957826
1.96,4,160.959119
3.92,8,160.962072
1.91,9,160.964947
5.91,9,160.967749
3.93,7,160.9699
3.92,8,160.972742
5.92,8,160.975466
5.92,8,160.977993
1.91,9,160.9809
5.87,13,160.985253
1.9,10,160.98834
1.91,9,160.991231
3.94,6,160.993151
5.91,9,161.068245
1.89,11,161.071572
1.92,8,161.073968
1.96,4,161.075584
5.87,13,161.079733
1.92,8,161.082519
3.88,12,161.086723
13.85,15,161.091194
5.92,8,161.093582
1.95,5,161.095657
1.95,5,161.097413
5.89,11,161.100799
1.92,8,161.103625
1.92,8,161.1062
1.91,9,161.17559
3.89,11,161.179431
1.91,9,161.182268
3.91,9,161.185596
5.87,13,161.189815
3.88,12,161.193726
3.93,7,161.19598
1.96,4,161.197285
1.93,7,161.199455
3.92,8,161.201917
5.86,14,161.206358
1.9,10,161.209469
3.94,6,161.21133
1.92,8,161.213754
3.89,11,161.280807
3.88,12,161.284434
1.92,8,161.286864
5.91,9,161.290373
1.9,10,161.293881
1.94,6,161.296376
1.89,11,161.299734
1.9,10,161.302815
1.89,11,161.306424
3.87,13,161.310512
1.9,10,161.313572
1.9,10,161.316585
1.94,6,161.318443
5.86,14,161.379774
3.87,13,161.383788
1.92,8,161.386672
1.94,6,161.388794
1.92,8,161.391272
1.93,7,161.393394
1.93,7,161.395975
5.92,8,161.398983
1.95,5,161.400716
3.91,9,161.403491
1.95,5,161.405061
1.9,10,161.408662
1.91,9,161.411391
1.93,7,161.413531
13.87,13,161.417814
1.96,4,161.419647
1.91,9,161.497231
3.91,9,161.50007
1.91,9,161.503504
1.94,6,161.505834
1.9,10,161.508973
3.9,10,161.51241
3.92,8,161.515149
5.87,13,161.519265
1.94,6,161.521198
3.92,8,161.523686
1.88,12,161.527497
1.96,4,161.528785
1.95,5,161.530342
3.85,15,161.534834
3.87,13,161.603401
3.93,7,161.605633
3.94,6,161.607499
3.9,10,161.611015
3.94,6,161.613024
3.88,12,161.616692
5.89,11,161.620185
13.84,16,161.625419
1.89,11,161.629095
1.9,10,161.632512
3.92,8,161.635029
1.95,5,161.636757
1.94,6,161.638641
1.9,10,161.641891
3.91,9,161.710929
3.94,6,161.712969
5.9,10,161.716113
3.87,13,161.7205
3.91,9,161.723254
1.9,10,161.726272
3.87,13,161.730627
1.9,10,161.734024
3.89,11,161.737663
3.87,13,161.74201
3.91,9,161.744772
5.89,11,161.748363
1.89,11,161.810312
13.88,12,161.814049
1.88,12,161.817711
1.92,8,161.820491
5.88,12,161.824232
3.87,13,161.828251
5.87,13,161.832195
1.91,9,161.834986
1.93,7,161.837522
1.9,10,161.840627
1.89,11,161.844632
1.92,8,161.84718
5.85,15,161.908767
5.85,15,161.913385
3.9,10,161.916801
3.92,8,161.919362
1.96,4,161.92064
5.92,8,161.923081
3.89,11,161.927153
5.86,14,161.93148
5.85,15,161.936014
5.86,14,161.940581
5.84,16,161.945708
1.95,5,161.947352
5.86,14,162.017363
1.92,8,162.019844
1.93,7,162.021953
1.94,6,162.024386
13.89,11,162.027923
1.91,9,162.03072
1.91,9,162.033449
3.94,6,162.035323
1.93,7,162.037464
3.89,11,162.040756
1.96,4,162.042012
1.88,12,162.045559
3.9,10,162.049073
1.93,7,162.051399
3.9,10,162.115285
1.94,6,162.117293
1.95,5,162.11889
3.89,11,162.122248
1.9,10,162.125696
1.91,9,162.12905
13.83,17,162.134664
3.94,6,162.136884
3.94,6,162.138789
1.91,9,162.141524
3.94,6,162.1434
13.87,13,162.147659
1.9,10,162.150728
1.91,9,162.15375
1.94,6,162.155841
1.95,5,162.242229
5.88,12,162.245994
1.9,10,162.249024
1.93,7,162.25156
3.94,6,162.253506
1.94,6,162.255363
1.95,5,162.25691
1.93,7,162.259082
1.95,5,162.260894
5.84,16,162.265732
3.88,12,162.269328
13.86,14,162.273858
1.93,7,162.276078
1.94,6,162.277931
1.93,7,162.280061
1.9,10,162.365586
1.94,6,162.367535
1.92,8,162.369975
1.92,8,162.372398
3.93,7,162.37455
1.94,6,162.376381
3.94,6,162.378206
3.94,6,162.380035
1.94,6,162.381858
1.91,9,162.384879
1.94,6,162.386965
-0.1,10,162.390046
3.87,13,162.393992
1.91,9,162.396906
1.9,10,162.399971
3.91,9,162.402701
3.93,7,162.479367
1.94,6,162.481358
1.96,4,162.482672
1.95,5,162.484259
1.88,12,162.488207
3.89,11,162.49171
1.95,5,162.493298
1.9,10,162.49635
5.9,10,162.49939
1.93,7,162.501543
1.94,6,162.503387
1.94,6,162.505218
3.91,9,162.507935
3.89,11,162.511917
1.93,7,162.514194
1.95,5,162.515811
1.92,8,162.518273
1.89,11,162.592909
3.92,8,162.595478
5.91,9,162.598252
3.89,11,162.602481
3.89,11,162.605991
1.94,6,162.607867
3.89,11,162.611549
3.88,12,162.61528
1.95,5,162.616848
1.93,7,162.61908
1.89,11,162.622706
13.88,12,162.626409
1.96,4,162.627702
5.87,13,162.631784
5.87,13,162.69542
1.89,11,162.69882
1.93,7,162.700965
1.95,5,162.702519
1.94,6,162.704681
3.93,7,162.706978
1.91,9,162.709732
5.85,15,162.714919
3.89,11,162.718309
3.9,10,162.721705
13.9,10,162.724806
1.89,11,162.728126
1.89,11,162.731755
3.89,11,162.799842
1.96,4,162.801157
1.89,11,162.804435
1.95,5,162.805995
3.9,10,162.809571
3.94,6,162.811554
1.95,5,162.813296
1.94,6,162.815215
1.95,5,162.816811
3.88,12,162.820417
1.94,6,162.822275
3.94,6,162.824139
13.86,14,162.82834
1.95,5,162.829905
3.88,12,162.833503
1.96,4,162.834761
1.94,6,162.836604
3.92,8,162.917538
1.94,6,162.919497
3.87,13,162.923753
3.9,10,162.9275
3.92,8,162.930028
3.94,6,162.931887
5.9,10,162.934918
1.91,9,162.938082
1.94,6,162.939995
1.96,4,162.941284
3.91,9,162.944019
3.93,7,162.946183
1.95,5,162.947809
3.86,14,162.952011
3.87,13,162.955889
3.94,6,163.035426
1.9,10,163.038571
1.88,12,163.042173
1.94,6,163.044008
1.91,9,163.046824
3.89,11,163.05046
1.89,11,163.053864
3.91,9,163.05664
1.93,7,163.059208
1.93,7,163.061685
3.92,8,163.064279
1.94,6,163.066217
3.93,7,163.068622
1.9,10,163.071705
5.91,9,163.074443
13.88,12,163.145991
1.95,5,163.147645
3.93,7,163.149826
3.88,12,163.153905
1.9,10,163.15706
3.91,9,163.15984
1.89,11,163.163443
3.9,10,163.166571
1.91,9,163.16981
13.89,11,163.17365
5.87,13,163.178111
1.93,7,163.180374
1.96,4,163.181685
1.93,7,163.183788
1.96,4,163.244725
1.93,7,163.247018
3.94,6,163.248879
3.93,7,163.250998
3.93,7,163.253559
1.89,11,163.257438
5.86,14,163.262229
3.88,12,163.26613
3.92,8,163.268656
3.93,7,163.27085
1.93,7,163.272993
3.94,6,163.274936
1.96,4,163.276228
1.92,8,163.278937
1.91,9,163.281787
3.91,9,163.284591
1.9,10,163.364993
5.91,9,163.367884
1.9,10,163.371033
1.95,5,163.372619
3.93,7,163.374727
3.9,10,163.37771
1.91,9,163.380938
1.88,12,163.384609
13.89,11,163.387956
1.9,10,163.391388
13.9,10,163.394585
3.91,9,163.397527
1.93,7,163.399721
3.88,12,163.403392
5.9,10,163.463692
1.89,11,163.467093
1.96,4,163.468404
1.91,9,163.47171
1.93,7,163.473994
1.96,4,163.475396
1.95,5,163.477069
3.93,7,163.479409
1.96,4,163.480705
1.88,12,163.484283
1.95,5,163.486005
1.9,10,163.489128
1.88,12,163.492891
3.92,8,163.495552
3.92,8,163.498103
1.92,8,163.500608
1.91,9,163.57494
3.92,8,163.57753
1.92,8,163.579988
1.93,7,163.582167
13.87,13,163.586431
5.9,10,163.589528
1.94,6,163.591394
1.96,4,163.592692
1.94,6,163.594983
1.89,11,163.598436
3.86,14,163.602718
13.84,16,163.607931
3.92,8,163.61053
1.9,10,163.613713
13.86,14,163.683859
1.94,6,163.685885
3.89,11,163.689435
1.91,9,163.692298
3.94,6,163.694217
3.89,11,163.697542
1.95,5,163.699096
1.93,7,163.701251
3.94,6,163.703347
1.9,10,163.706484
1.94,6,163.708399
3.91,9,163.71159
1.96,4,163.71325
3.87,13,163.717279
5.87,13,163.721232
1.88,12,163.797195
3.89,11,163.800585
3.89,11,163.804353
3.92,8,163.806991
1.96,4,163.808296
3.9,10,163.811762
3.94,6,163.813969
1.92,8,163.816459
1.96,4,163.817754
1.95,5,163.819535
5.89,11,163.822911
5.92,8,163.825382
3.94,6,163.827296
1.95,5,163.828917
13.86,14,163.833122
3.93,7,163.835318
3.87,13,163.916459
1.96,4,163.917807
1.91,9,163.920763
5.88,12,163.924887
3.93,7,163.927388
1.92,8,163.92997
1.9,10,163.933223
5.87,13,163.937318
13.83,17,163.942638
1.91,9,163.945615
3.88,12,163.949232
3.93,7,163.951366
5.85,15,164.025343
1.89,11,164.029173
1.92,8,164.032169
1.9,10,164.035525
3.87,13,164.039557
3.9,10,164.042625
5.88,12,164.046852
3.93,7,164.049159
1.89,11,164.052734
1.93,7,164.054963
1.92,8,164.057445
13.9,10,164.060566
3.93,7,164.062766
13.87,13,164.126475
1.93,7,164.129137
1.91,9,164.131966
13.88,12,164.136005
13.88,12,164.139685
13.9,10,164.142747
3.94,6,164.144865
3.88,12,164.148563
1.92,8,164.150983
1.96,4,164.152356
5.87,13,164.156398
3.88,12,164.160018
3.89,11,164.163495
1.93,7,164.239371
3.89,11,164.243047
3.89,11,164.246577
1.9,10,164.249612
3.91,9,164.252676
5.92,8,164.255805
1.93,7,164.258039
1.94,6,164.259953
1.91,9,164.26331
1.93,7,164.265491
1.88,12,164.269185
5.88,12,164.27292
1.91,9,164.275661
1.92,8,164.278186
1.95,5,164.279771
13.82,18,164.355798
3.94,6,164.357729
3.92,8,164.360294
1.88,12,164.36418
5.87,13,164.36815
1.94,6,164.370032
1.93,7,164.372768
3.94,6,164.374675
3.9,10,164.378124
1.9,10,164.381795
3.87,13,164.38573
3.9,10,164.388738
3.94,6,164.390574
13.82,18,164.464493
3.91,9,164.467329
3.91,9,164.470439
3.91,9,164.473263
1.95,5,164.474887
3.89,11,164.478587
1.92,8,164.481104
3.92,8,164.483689
3.87,13,164.487893
5.84,16,164.492816
3.91,9,164.495966
1.9,10,164.499122
1.96,4,164.500423
13.83,17,164.57224
3.89,11,164.575655
1.96,4,164.576958
1.9,10,164.580572
3.89,11,164.584042
3.93,7,164.586238
3.9,10,164.590036
3.88,12,164.593745
1.93,7,164.595913
1.91,9,164.598983
1.9,10,164.602491
3.93,7,164.604834
1.89,11,164.608275
3.91,9,164.671306
1.91,9,164.674157
3.91,9,164.676898
3.94,6,164.678772
1.91,9,164.682025
1.94,6,164.684006
1.93,7,164.686217
1.92,8,164.689071
1.93,7,164.691587
1.96,4,164.693047
3.91,9,164.696236
1.96,4,164.697622
3.91,9,164.70071
3.89,11,164.704429
1.96,4,164.705827
3.9,10,164.709023
1.96,4,164.71052
1.94,6,164.712448
1.93,7,164.783
1.89,11,164.786436
3.91,9,164.789206
3.91,9,164.792335
3.88,12,164.796752
1.93,7,164.799051
1.96,4,164.800362
3.94,6,164.802499
5.89,11,164.805943
5.89,11,164.809277
1.96,4,164.810616
3.89,11,164.814067
1.94,6,164.815972
1.94,6,164.817864
3.87,13,164.821922
1.88,12,164.897502
1.92,8,164.900021
1.91,9,164.902754
1.91,9,164.90593
3.88,12,164.909654
3.9,10,164.913
1.94,6,164.914954
1.95,5,164.916563
1.94,6,164.918807
13.85,15,164.923517
3.86,14,164.927789
3.9,10,164.931391
1.92,8,164.933907
1.92,8,164.936463
1.9,10,165.005152
3.91,9,165.007978
5.92,8,165.010438
3.92,8,165.013349
1.93,7,165.01553
5.92,8,165.017987
1.93,7,165.020138
3.89,11,165.02389
3.93,7,165.026515
1.93,7,165.028712
3.91,9,165.031783
1.91,9,165.034834
1.91,9,165.037624
3.92,8,165.040063
3.93,7,165.042489
3.89,11,165.110453
13.86,14,165.114668
3.89,11,165.118239
1.92,8,165.12102
3.92,8,165.123623
1.88,12,165.127531
13.89,11,165.131523
5.91,9,165.134397
1.95,5,165.135995
3.87,13,165.140174
1.96,4,165.141599
5.86,14,165.14603
1.91,9,165.148778
1.92,8,165.213846
5.89,11,165.217258
1.89,11,165.220581
5.89,11,165.224432
5.92,8,165.227069
5.88,12,165.231105
5.86,14,165.235566
3.93,7,165.237944
1.95,5,165.239546
5.91,9,165.242306
5.87,13,165.246433
3.92,8,165.248949
1.91,9,165.251675
3.91,9,165.315871
5.9,10,165.319125
5.92,8,165.321746
1.9,10,165.324848
1.91,9,165.327646
1.94,6,165.329503
3.89,11,165.332933
1.94,6,165.334812
3.88,12,165.339038
1.91,9,165.341903
1.92,8,165.344386
3.93,7,165.346827
1.95,5,165.348447
1.96,4,165.349741
5.86,14,165.354203
1.94,6,165.429321
1.88,12,165.43314
1.95,5,165.434715
1.96,4,165.435997
1.94,6,165.43786
3.93,7,165.440477
3.92,8,165.443104
13.87,13,165.447406
3.92,8,165.44996
1.92,8,165.452516
3.88,12,165.456195
1.96,4,165.45748
1.92,8,165.459913
5.87,13,165.464516
1.95,5,165.46616
3.93,7,165.468365
1.89,11,165.547193
3.92,8,165.549799
1.93,7,165.551991
3.93,7,165.554188
1.95,5,165.556185
3.93,7,165.558506
1.9,10,165.561893
5.87,13,165.565838
1.92,8,165.568274
13.83,17,165.573718
1.92,8,165.576202
1.93,7,165.578354
5.92,8,165.581157
3.88,12,165.585068
1.93,7,165.587221
3.93,7,165.661429
5.89,11,165.664858
1.92,8,165.667289
3.9,10,165.670639
1.96,4,165.671927
3.92,8,165.674397
-0.04,4,165.675693
5.92,8,165.678225
3.93,7,165.680947
3.86,14,165.685221
1.9,10,165.688744
3.92,8,165.691281
1.9,10,165.69467
1.9,10,165.697786
1.93,7,165.69995
1.9,10,165.77689
1.9,10,165.780283
1.95,5,165.781961
1.91,9,165.784736
5.92,8,165.78739
1.89,11,165.790808
3.94,6,165.792653
5.9,10,165.796368
1.91,9,165.799145
3.89,11,165.802829
1.92,8,165.805443
3.94,6,165.80737
5.9,10,165.810523
1.89,11,165.813917
3.89,11,165.870923
3.88,12,165.874651
1.92,8,165.877187
5.88,12,165.881119
1.89,11,165.884401
5.92,8,165.886839
1.91,9,165.890099
3.94,6,165.892109
5.92,8,165.894685
3.92,8,165.897118
13.85,15,165.901684
3.88,12,165.905528
3.9,10,165.908804
1.95,5,165.97569
3.9,10,165.979182
13.88,12,165.982863
1.96,4,165.984136
3.93,7,165.986356
5.84,16,165.991136
1.92,8,165.993913
13.85,15,165.998687
3.94,6,166.000601
1.89,11,166.004405
3.92,8,166.006897
1.93,7,166.009043
1.92,8,166.011471
3.91,9,166.014746
1.94,6,166.016703
3.88,12,166.090418
1.92,8,166.092891
1.89,11,166.096298
13.87,13,166.100393
13.83,17,166.105549
3.93,7,166.108252
3.9,10,166.111554
1.92,8,166.114082
1.91,9,166.116853
3.91,9,166.119633
1.92,8,166.122156
5.89,11,166.125485
3.9,10,166.197486
1.92,8,166.200039
1.89,11,166.203661
1.88,12,166.207249
3.87,13,166.211669
1.95,5,166.21347
5.92,8,166.215967
1.91,9,166.219169
1.89,11,166.222592
1.91,9,166.225321
13.9,10,166.228631
5.89,11,166.232082
1.93,7,166.234221
1.9,10,166.297278
1.93,7,166.299608
3.89,11,166.303146
3.93,7,166.305318
1.89,11,166.308618
5.89,11,166.312381
1.9,10,166.315611
1.91,9,166.318357
3.89,11,166.321827
1.89,11,166.325348
3.89,11,166.328757
1.96,4,166.330025
1.92,8,166.332808
1.95,5,166.334488
1.91,9,166.33811
3.94,6,166.404406
3.92,8,166.406997
1.9,10,166.410225
1.9,10,166.413967
3.94,6,166.415964
5.9,10,166.419562
1.94,6,166.422024
1.94,6,166.423984
1.96,4,166.425273
1.91,9,166.428154
1.92,8,166.430594
3.92,8,166.43303
1.93,7,166.435141
1.94,6,166.437194
1.93,7,166.439391
3.89,11,166.442762
3.94,6,166.445031
5.87,13,166.515106
1.95,5,166.516739
1.88,12,166.520296
3.91,9,166.523591
1.91,9,166.526519
1.94,6,166.528431
1.94,6,166.530341
5.88,12,166.534039
1.96,4,166.535341
1.92,8,166.537827
5.89,11,166.541216
1.93,7,166.543399
1.95,5,166.545006
5.89,11,166.548371
1.9,10,166.551698
5.92,8,166.62565
1.9,10,166.628798
1.92,8,166.631243
1.91,9,166.634236
3.94,6,166.636257
3.94,6,166.638174
3.93,7,166.640376
1.94,6,166.64228
1.91,9,166.645305
1.92,8,166.647813
3.9,10,166.650843
3.94,6,166.652704
1.96,4,166.65397
1.96,4,166.65524
1.94,6,166.657097
3.87,13,166.660971
1.92,8,166.663394
5.91,9,166.74194
3.92,8,166.744906
3.89,11,166.748416
13.89,11,166.751995
1.9,10,166.755186
1.94,6,166.757151
1.94,6,166.759292
3.94,6,166.761491
3.9,10,166.764856
3.91,9,166.767679
3.88,12,166.77164
1.9,10,166.774694
13.86,14,166.779047
1.91,9,166.843524
3.91,9,166.846496
1.93,7,166.848659
5.92,8,166.851115
1.95,5,166.852935
3.89,11,166.85637
5.88,12,166.860018
1.96,4,166.861585
5.9,10,166.865045
3.9,10,166.868143
1.88,12,166.87202
1.91,9,166.874813
1.9,10,166.878039
3.91,9,166.881133
1.94,6,166.883014
3.92,8,166.956359
1.9,10,166.959584
3.85,15,166.964588
5.86,14,166.969433
1.92,8,166.972005
3.93,7,166.974196
1.96,4,166.975763
1.93,7,166.978281
3.88,12,166.98196
1.9,10,166.985231
1.9,10,166.988449
3.92,8,166.990915
1.89,11,166.994216
3.94,6,166.996071
3.88,12,167.065447
1.9,10,167.068638
13.85,15,167.073379
1.92,8,167.075841
1.91,9,167.07865
3.91,9,167.081486
1.94,6,167.083355
3.91,9,167.086072
1.93,7,167.088208
1.95,5,167.090217
1.96,4,167.091597
1.91,9,167.09443
3.93,7,167.096625
1.9,10,167.100162
1.89,11,167.103845
3.87,13,167.172975
1.9,10,167.176663
5.9,10,167.179783
3.89,11,167.183106
3.9,10,167.186112
1.89,11,167.18985
1.88,12,167.193536
5.89,11,167.196939
1.93,7,167.199094
3.87,13,167.202964
1.95,5,167.204501
3.9,10,167.20754
3.91,9,167.268864
3.92,8,167.271429
1.94,6,167.273311
3.9,10,167.276332
3.93,7,167.278491
1.93,7,167.280616
1.88,12,167.2842
1.96,4,167.285453
1.91,9,167.288153
3.87,13,167.291999
3.93,7,167.295486
1.92,8,167.298247
1.92,8,167.300724
5.9,10,167.303989
1.96,4,167.305488
13.83,17,167.38463
13.88,12,167.388882
3.94,6,167.390837
3.92,8,167.393591
1.91,9,167.396587
1.93,7,167.398737
1.91,9,167.401453
5.89,11,167.40497
1.96,4,167.406298
5.87,13,167.410213
1.94,6,167.412069
3.88,12,167.41564
1.96,4,167.416897
5.91,9,167.419604
1.89,11,167.422855
1.93,7,167.493088
5.89,11,167.496758
3.89,11,167.500101
3.94,6,167.502461
3.88,12,167.506638
3.91,9,167.509438
1.93,7,167.512172
1.96,4,167.513518
1.96,4,167.514811
5.89,11,167.518164
5.89,11,167.521572
3.93,7,167.523719
1.91,9,167.526443
13.89,11,167.529948
3.89,11,167.590214
1.96,4,167.591618
1.9,10,167.594716
1.96,4,167.595994
5.88,12,167.600091
1.94,6,167.602181
3.9,10,167.605364
1.94,6,167.607252
3.91,9,167.610012
1.94,6,167.612031
3.9,10,167.615128
5.91,9,167.617888
1.95,5,167.619476
1.93,7,167.621929
3.94,6,167.623852
3.9,10,167.626884
1.96,4,167.628732
1.89,11,167.702525
3.86,14,167.706863
5.92,8,167.709324
3.9,10,167.712751
1.95,5,167.714618
3.9,10,167.717727
1.96,4,167.719024
5.89,11,167.722756
3.93,7,167.725003
3.91,9,167.727984
5.91,9,167.730856
1.96,4,167.732128
3.88,12,167.735978
1.93,7,167.738257
1.91,9,167.741067
1.93,7,167.822168
3.91,9,167.825148
13.9,10,167.828233
5.86,14,167.832824
3.88,12,167.836554
1.87,13,167.840725
1.95,5,167.842641
3.9,10,167.846073
3.94,6,167.847992
5.88,12,167.851704
3.91,9,167.854564
3.94,6,167.856827
5.86,14,167.861111
1.89,11,167.928181
3.91,9,167.931133
1.93,7,167.933322
1.91,9,167.936279
3.88,12,167.940023
1.94,6,167.941893
3.94,6,167.943763
1.9,10,167.946815
5.92,8,167.949263
13.85,15,167.953721
3.89,11,167.957005
1.95,5,167.958561
1.94,6,167.960399
3.91,9,167.963096
1.89,11,167.966619
5.92,8,168.035863
1.91,9,168.038713
5.91,9,168.041488
1.95,5,168.043426
1.96,4,168.044832
3.92,8,168.047311
1.89,11,168.050851
3.86,14,168.055404
5.92,8,168.057932
1.91,9,168.060821
13.88,12,168.064892
1.9,10,168.067902
5.91,9,168.070802
13.9,10,168.073872
1.88,12,168.139805
1.96,4,168.141175
1.93,7,168.143701
1.91,9,168.146483
1.96,4,168.147756
1.89,11,168.151064
3.93,7,168.153204
5.84,16,168.157972
1.96,4,168.159246
1.91,9,168.161955
1.91,9,168.164667
3.88,12,168.168268
1.92,8,168.171502
1.9,10,168.174678
1.93,7,168.176829
3.88,12,168.262217
1.91,9,168.265028
3.88,12,168.26861
1.92,8,168.271631
1.91,9,168.274447
1.9,10,168.277492
1.94,6,168.279704
1.95,5,168.281358
1.92,8,168.283801
1.89,11,168.287115
3.94,6,168.289003
1.95,5,168.290779
3.89,11,168.294138
3.94,6,168.296072
3.88,12,168.358356
13.9,10,168.36159
1.95,5,168.363155
1.94,6,168.365012
3.91,9,168.367731
1.92,8,168.37014
3.93,7,168.372256
1.93,7,168.37436
1.96,4,168.375603
3.87,13,168.379454
5.89,11,168.383142
1.96,4,168.384491
3.94,6,168.386375
1.95,5,168.387943
3.93,7,168.39009
5.92,8,168.392922
1.95,5,168.394888
1.95,5,168.396574
1.96,4,168.397906
3.94,6,168.479571
1.92,8,168.482163
5.87,13,168.486146
1.92,8,168.489024
1.96,4,168.490409
1.96,4,168.491683
3.89,11,168.495334
3.94,6,168.497288
3.89,11,168.500704
1.94,6,168.502602
1.93,7,168.504783
3.92,8,168.507268
5.89,11,168.510653
3.87,13,168.51464
1.92,8,168.517375
1.91,9,168.596402
3.9,10,168.600095
3.91,9,168.60311
5.89,11,168.606467
1.96,4,168.607739
3.88,12,168.611984
5.89,11,168.615415
1.89,11,168.618734
1.92,8,168.62117
3.92,8,168.623934
5.92,8,168.626388
1.91,9,168.629079
3.89,11,168.632364
1.96,4,168.633626
3.9,10,168.636628
5.9,10,168.694731
5.88,12,168.698508
13.84,16,168.703431
3.9,10,168.706484
3.89,11,168.709771
5.87,13,168.713871
1.9,10,168.716904
1.94,6,168.718754
3.89,11,168.722039
5.9,10,168.72558
1.9,10,168.728706
3.93,7,168.730883
1.92,8,168.799222
1.93,7,168.801478
13.9,10,168.805635
1.96,4,168.807311
5.9,10,168.810664
5.87,13,168.814555
13.84,16,168.820238
1.95,5,168.821953
3.89,11,168.825809
1.92,8,168.828695
5.86,14,168.833022
3.93,7,168.835186
3.93,7,168.837747
1.93,7,168.84024
1.91,9,168.911948
1.89,11,168.915432
1.9,10,168.91851
1.91,9,168.921424
1.96,4,168.922713
3.89,11,168.926016
5.87,13,168.929881
1.88,12,168.933522
3.87,13,168.937822
1.96,4,168.939166
1.96,4,168.940425
1.95,5,168.942142
1.9,10,168.945342
1.95,5,168.946945
1.91,9,168.949697
1.88,12,169.02392
1.96,4,169.025294
5.88,12,169.028937
3.92,8,169.031882
1.89,11,169.035179
1.91,9,169.037866
1.91,9,169.040928
5.89,11,169.044493
1.96,4,169.045808
1.93,7,169.047972
1.94,6,169.04982
1.88,12,169.05343
1.94,6,169.055275
1.93,7,169.057674
13.84,16,169.119623
1.9,10,169.12277
3.88,12,169.126382
1.91,9,169.129504
5.9,10,169.13307
1.93,7,169.135267
1.93,7,169.138061
3.86,14,169.142634
1.92,8,169.145447
1.9,10,169.148845
3.88,12,169.152854
1.95,5,169.154467
1.94,6,169.156316
3.89,11,169.16005
1.91,9,169.225454
1.94,6,169.227737
3.92,8,169.230537
1.96,4,169.231947
1.94,6,169.233935
1.92,8,169.236923
1.9,10,169.240046
1.94,6,169.241932
5.92,8,169.244661
1.96,4,169.24596
1.93,7,169.248154
1.88,12,169.251758
3.92,8,169.254535
5.85,15,169.259126
1.96,4,169.26058
1.9,10,169.264181
3.89,11,169.351596
5.91,9,169.354715
5.89,11,169.358078
1.92,8,169.36051
1.91,9,169.363691
1.94,6,169.365636
1.94,6,169.367485
3.92,8,169.369903
3.91,9,169.372859
5.86,14,169.377055
1.91,9,169.379765
1.89,11,169.383012
1.9,10,169.386
3.89,11,169.389251
1.93,7,169.454711
3.88,12,169.458332
1.94,6,169.460158
1.9,10,169.463515
3.88,12,169.467284
1.9,10,169.4703
3.91,9,169.473002
1.92,8,169.475808
1.91,9,169.47861
3.94,6,169.4805
1.96,4,169.481772
3.91,9,169.485042
5.89,11,169.488873
1.91,9,169.491986
1.93,7,169.494586
5.88,12,169.566345
1.91,9,169.569831
3.93,7,169.572303
1.94,6,169.574226
3.87,13,169.578131
1.9,10,169.581157
1.96,4,169.58242
5.85,15,169.586863
1.96,4,169.588109
1.93,7,169.590213
3.94,6,169.592054
1.93,7,169.59417
5.92,8,169.596572
1.9,10,169.599598
1.94,6,169.60162
1.93,7,169.679692
1.96,4,169.681075
5.92,8,169.68368
1.91,9,169.686482
3.93,7,169.688615
1.93,7,169.690732
3.88,12,169.694786
1.94,6,169.696791
1.94,6,169.698698
5.91,9,169.701468
3.85,15,169.706211
5.91,9,169.70907
3.89,11,169.712632
1.9,10,169.715892
1.89,11,169.719292
13.9,10,169.804913
3.89,11,169.808356
3.94,6,169.810208
5.91,9,169.813126
5.89,11,169.816511
5.91,9,169.819207
1.93,7,169.821608
1.9,10,169.824805
3.91,9,169.827551
1.96,4,169.828819
1.95,5,169.830378
5.89,11,169.833648
1.92,8,169.836057
3.9,10,169.839038
3.93,7,169.841166
1.94,6,169.908658
1.96,4,169.910137
5.86,14,169.914483
1.96,4,169.915775
1.93,7,169.917926
3.86,14,169.92211
1.91,9,169.924826
1.93,7,169.926964
1.96,4,169.928218
1.89,11,169.931858
5.9,10,169.93492
1.9,10,169.938531
5.85,15,169.943458
1.94,6,169.945444
1.93,7,169.94762
1.91,9,170.032684
1.9,10,170.035756
3.89,11,170.039028
1.96,4,170.040543
1.89,11,170.044116
3.9,10,170.047168
1.87,13,170.051062
3.87,13,170.054934
5.92,8,170.057586
1.89,11,170.060892
5.88,12,170.064461
1.95,5,170.066291
1.94,6,170.068231
5.87,13,170.130415
1.92,8,170.132969
3.92,8,170.135407
3.9,10,170.138724
3.94,6,170.141109
1.94,6,170.143069
5.9,10,170.146395
1.9,10,170.149423
5.88,12,170.153181
5.9,10,170.156234
1.88,12,170.159849
13.89,11,170.163186
3.87,13,170.167067
3.92,8,170.228444
1.9,10,170.231667
13.89,11,170.235004
3.89,11,170.238754
1.95,5,170.240415
1.93,7,170.242786
3.94,6,170.245063
3.94,6,170.247125
3.91,9,170.250096
1.93,7,170.252341
3.9,10,170.255558
3.94,6,170.25751
1.92,8,170.260041
1.88,12,170.264522
3.92,8,170.26716
5.9,10,170.270467
1.9,10,170.341581
3.87,13,170.345523
13.9,10,170.348558
1.93,7,170.350699
1.93,7,170.353535
1.95,5,170.35527
1.94,6,170.357156
1.92,8,170.359618
3.94,6,170.361847
1.96,4,170.363154
1.95,5,170.364711
1.92,8,170.3671
1.94,6,170.368925
1.9,10,170.372186
3.92,8,170.374676
13.88,12,170.378437
1.93,7,170.453968
1.92,8,170.456496
5.91,9,170.459228
13.89,11,170.463194
1.9,10,170.466542
1.96,4,170.468066
1.95,5,170.470279
5.87,13,170.474586
3.87,13,170.486772
1.95,5,170.494196
5.91,9,170.498907
5.87,13,170.503218
3.89,11,170.506818
3.93,7,170.50943
5.83,17,170.577028
3.92,8,170.579762
1.94,6,170.581701
1.95,5,170.583527
1.94,6,170.58557
1.94,6,170.587494
13.9,10,170.59051
1.9,10,170.593518
1.92,8,170.596762
3.87,13,170.600719
13.86,14,170.605394
1.94,6,170.607342
1.96,4,170.608612
3.88,12,170.612314
5.85,15,170.680635
5.88,12,170.68437
1.94,6,170.686277
3.93,7,170.688814
1.95,5,170.690549
1.96,4,170.691851
13.83,17,170.697135
3.9,10,170.700161
3.91,9,170.703133
1.96,4,170.704614
5.92,8,170.707159
3.91,9,170.709983
1.95,5,170.711598
5.9,10,170.714629
1.96,4,170.715881
1.9,10,170.719025
1.89,11,170.814093
1.93,7,170.816351
3.92,8,170.818812
5.86,14,170.823454
5.9,10,170.826702
3.9,10,170.829792
5.84,16,170.835136
1.92,8,170.83774
1.95,5,170.839325
1.95,5,170.840888
5.91,9,170.84362
1.96,4,170.845269
5.86,14,170.849567
3.87,13,170.92041
3.9,10,170.923574
1.88,12,170.927198
5.9,10,170.930798
3.91,9,170.933993
3.9,10,170.937121
1.96,4,170.938408
5.87,13,170.942929
3.89,11,170.946406
3.94,6,170.948301
13.85,15,170.952867
3.88,12,170.956492
3.91,9,170.959203
1.95,5,171.026248
3.93,7,171.028626
1.93,7,171.031428
13.84,16,171.036487
3.89,11,171.039794
1.9,10,171.042781
5.87,13,171.046666
3.94,6,171.048508
1.91,9,171.051214
3.88,12,171.054771
1.95,5,171.056304
1.95,5,171.057864
1.92,8,171.060732
5.9,10,171.064084
1.96,4,171.065405
1.91,9,171.146232
3.86,14,171.150464
1.96,4,171.151733
1.93,7,171.1541
1.9,10,171.157434
3.92,8,171.159906
3.91,9,171.162664
3.88,12,171.166241
1.93,7,171.168371
13.9,10,171.17182
5.9,10,171.174996
13.85,15,171.180205
1.9,10,171.183268
3.93,7,171.185843
3.9,10,171.253867
3.92,8,171.256462
1.94,6,171.258349
1.95,5,171.260076
1.96,4,171.261954
3.9,10,171.26513
3.91,9,171.267896
1.95,5,171.269575
1.92,8,171.272011
3.94,6,171.273859
5.88,12,171.277566
1.91,9,171.280302
5.92,8,171.282869
13.88,12,171.286543
5.87,13,171.290619
3.94,6,171.366909
1.9,10,171.370277
3.89,11,171.374114
1.9,10,171.377601
1.93,7,171.379894
1.96,4,171.381186
5.89,11,171.384527
1.94,6,171.386386
13.85,15,171.390838
5.87,13,171.394797
3.87,13,171.398666
3.88,12,171.40227
3.94,6,171.404158
5.84,16,171.476919
1.9,10,171.48471
1.92,8,171.487286
3.88,12,171.491192
1.91,9,171.493986
1.92,8,171.496497
3.91,9,171.499292
1.9,10,171.503205
1.92,8,171.5058
5.87,13,171.509744
5.86,14,171.514449
13.9,10,171.517522
3.94,6,171.519387
3.93,7,171.584809
3.9,10,171.587911
1.94,6,171.589765
1.93,7,171.591879
3.92,8,171.594791
1.93,7,171.597274
1.96,4,171.598632
1.95,5,171.600242
1.93,7,171.602417
1.94,6,171.604856
3.93,7,171.607058
1.91,9,171.609834
3.92,8,171.612349
1.93,7,171.614506
1.94,6,171.616377
1.93,7,171.618543
1.91,9,171.621574
1.95,5,171.623175
5.91,9,171.690524
1.89,11,171.693976
1.92,8,171.696447
13.84,16,171.701743
3.87,13,171.705731
3.94,6,171.707571
3.87,13,171.711443
5.89,11,171.714725
1.93,7,171.716848
5.84,16,171.721548
13.86,14,171.726154
3.92,8,171.728716
3.94,6,171.796808
13.85,15,171.801986
3.94,6,171.80401
1.95,5,171.806142
1.9,10,171.809357
-0.08,8,171.811991
1.9,10,171.815243
1.94,6,171.817197
1.88,12,171.821047
3.92,8,171.823521
1.92,8,171.82618
3.93,7,171.828408
1.88,12,171.83208
5.86,14,171.836293
5.89,11,171.905261
3.9,10,171.908379
1.95,5,171.909959
3.91,9,171.913104
1.9,10,171.916241
1.93,7,171.918403
3.92,8,171.920828
1.95,5,171.92239
1.93,7,171.924508
5.87,13,171.928367
3.9,10,171.931745
3.88,12,171.935467
3.91,9,171.938213
3.92,8,171.940652
1.94,6,171.942992
1.92,8,172.005901
3.89,11,172.009253
3.87,13,172.013462
3.87,13,172.01757
1.94,6,172.019635
1.89,11,172.02301
5.89,11,172.026318
5.9,10,172.029541
3.9,10,172.032977
1.92,8,172.035463
1.96,4,172.036746
1.95,5,172.038575
1.95,5,172.040207
3.94,6,172.042065
1.96,4,172.043339
5.91,9,172.121032
13.89,11,172.124576
1.9,10,172.127676
3.88,12,172.13137
1.95,5,172.13295
3.92,8,172.135418
3.89,11,172.139158
1.91,9,172.142003
1.94,6,172.143888
5.87,13,172.147818
1.93,7,172.150472
1.96,4,172.151836
3.93,7,172.154041
1.9,10,172.157578
1.95,5,172.159436
3.94,6,172.231854
1.9,10,172.235024
1.95,5,172.236825
1.89,11,172.24024
3.92,8,172.242725
1.96,4,172.244141
5.85,15,172.248845
1.88,12,172.252538
1.93,7,172.254724
5.92,8,172.257193
5.88,12,172.261311
13.84,16,172.266194
1.94,6,172.268026
1.96,4,172.269282
3.9,10,172.341773
5.92,8,172.345133
1.93,7,172.347521
1.89,11,172.351319
1.93,7,172.353867
1.92,8,172.356359
1.9,10,172.359437
1.96,4,172.360967
1.88,12,172.364847
3.88,12,172.36857
1.9,10,172.371659
3.93,7,172.373833
3.92,8,172.376306
5.88,12,172.380122
1.88,12,172.439744
1.94,6,172.441801
1.92,8,172.444454
1.92,8,172.447001
13.84,16,172.451973
1.92,8,172.454626
5.91,9,172.457395
13.87,13,172.46141
1.91,9,172.464193
3.9,10,172.467329
5.92,8,172.470791
3.89,11,172.474315
3.88,12,172.478347
3.88,12,172.550555
5.89,11,172.554778
1.91,9,172.557665
13.88,12,172.561872
5.88,12,172.565628
3.93,7,172.567792
3.92,8,172.570583
3.93,7,172.572849
1.9,10,172.575943
1.9,10,172.579197
3.91,9,172.582002
3.86,14,172.586199
5.88,12,172.58978
1.88,12,172.654027
3.91,9,172.656846
1.96,4,172.658122
3.91,9,172.661273
1.9,10,172.664591
1.9,10,172.667716
3.87,13,172.672
1.92,8,172.674549
1.92,8,172.677105
1.91,9,172.680101
1.96,4,172.681428
1.9,10,172.684454
1.94,6,172.686306
1.92,8,172.689326
3.91,9,172.692359
1.95,5,172.762419
1.92,8,172.764961
1.94,6,172.767124
1.96,4,172.768431
5.88,12,172.772563
3.89,11,172.776038
13.87,13,172.78028
1.89,11,172.783718
3.88,12,172.787446
1.93,7,172.789594
1.9,10,172.792602
3.9,10,172.795614
3.91,9,172.798325
1.95,5,172.799869
1.92,8,172.862856
5.91,9,172.865837
3.88,12,172.869494
3.88,12,172.873547
5.86,14,172.878059
3.94,6,172.880004
3.91,9,172.883145
1.91,9,172.886013
3.89,11,172.889806
3.91,9,172.892964
3.87,13,172.897089
1.91,9,172.899845
1.92,8,172.902449
1.95,5,172.904088
1.94,6,172.966811
1.91,9,172.969665
3.93,7,172.971811
1.94,6,172.973656
1.9,10,172.977499
5.91,9,172.980363
3.9,10,172.983399
13.9,10,172.986656
1.93,7,172.98888
1.88,12,172.992554
5.85,15,172.997653
5.88,12,173.001295
5.86,14,173.005691
3.87,13,173.074527
3.88,12,173.078177
3.94,6,173.080006
5.91,9,173.083177
1.94,6,173.085119
5.88,12,173.089031
1.9,10,173.092141
1.96,4,173.093432
5.89,11,173.097774
1.93,7,173.100053
1.93,7,173.1024
1.93,7,173.104627
1.92,8,173.107135
1.9,10,173.110266
3.9,10,173.169825
1.94,6,173.171881
13.87,13,173.175948
5.88,12,173.180603
3.89,11,173.184005
1.95,5,173.185782
1.95,5,173.187502
1.9,10,173.190589
13.88,12,173.194302
13.88,12,173.198075
5.86,14,173.20287
3.91,9,173.205928
3.91,9,173.208712
3.94,6,173.210585
3.88,12,173.277306
1.95,5,173.278912
3.91,9,173.281586
3.91,9,173.284698
3.89,11,173.288157
1.96,4,173.289453
1.92,8,173.291894
1.96,4,173.293156
3.89,11,173.296467
3.94,6,173.298333
1.92,8,173.300743
5.87,13,173.305005
3.88,12,173.308694
1.96,4,173.309982
1.95,5,173.311599
1.87,13,173.39023
1.95,5,173.39205
5.89,11,173.395972
1.91,9,173.398978
1.94,6,173.400901
1.91,9,173.403635
1.94,6,173.405501
1.9,10,173.408531
3.89,11,173.411819
1.95,5,173.413372
1.92,8,173.415776
5.84,16,173.42048
1.91,9,173.423178
1.96,4,173.424421
1.89,11,173.427697
5.88,12,173.515441
3.93,7,173.517672
3.91,9,173.520382
1.92,8,173.5228
5.89,11,173.526094
13.84,16,173.53081
1.9,10,173.53381
3.89,11,173.537606
5.85,15,173.542284
5.86,14,173.546773
3.89,11,173.550143
1.92,8,173.552568
3.94,6,173.619138
5.86,14,173.623673
1.93,7,173.62584
5.88,12,173.629553
1.88,12,173.633369
3.9,10,173.637009
3.9,10,173.64029
1.94,6,173.642219
1.95,5,173.643826
1.93,7,173.646148
1.91,9,173.648893
1.94,6,173.650733
1.92,8,173.653658
1.89,11,173.657121
1.91,9,173.718554
1.92,8,173.721055
1.95,5,173.722603
5.87,13,173.726487
1.94,6,173.728895
1.94,6,173.730853
13.89,11,173.734214
5.86,14,173.738861
3.91,9,173.741707
3.91,9,173.744633
5.84,16,173.749551
1.93,7,173.751708
1.93,7,173.754104
1.93,7,173.756306
1.89,11,173.827627
1.92,8,173.830166
3.92,8,173.832627
1.96,4,173.833901
-0.07,7,173.83641
3.89,11,173.839898
3.9,10,173.842948
1.9,10,173.84596
1.95,5,173.847678
3.86,14,173.85214
3.91,9,173.8549
3.86,14,173.859546
1.93,7,173.862089
3.92,8,173.864603
5.88,12,173.929922
1.95,5,173.931575
1.94,6,173.93376
5.89,11,173.937134
1.92,8,173.940025
1.9,10,173.9432
1.94,6,173.945239
3.89,11,173.948727
1.94,6,173.950625
1.89,11,173.953943
3.94,6,173.955798
5.89,11,173.9591
1.93,7,173.961239
1.95,5,173.962786
1.96,4,173.964062
5.92,8,173.966487
1.91,9,173.969172
1.95,5,174.037405
5.92,8,174.039949
13.9,10,174.042999
1.93,7,174.045452
1.96,4,174.04695
1.9,10,174.050066
1.92,8,174.052522
1.93,7,174.054656
5.89,11,174.058114
13.85,15,174.062675
1.91,9,174.065407
3.92,8,174.068227
3.93,7,174.070475
1.95,5,174.072029
3.94,6,174.073888
1.96,4,174.075153
1.91,9,174.160327
1.93,7,174.162933
3.91,9,174.165732
5.86,14,174.170342
3.9,10,174.173729
1.92,8,174.176236
1.94,6,174.178126
1.89,11,174.182137
3.88,12,174.185919
3.93,7,174.188102
1.9,10,174.191524
3.87,13,174.195739
5.89,11,174.199096
3.88,12,174.264373
1.89,11,174.26806
3.91,9,174.27093
13.86,14,174.275652
1.92,8,174.278425
1.91,9,174.281296
1.95,5,174.282909
1.96,4,174.284204
5.88,12,174.288064
1.89,11,174.291447
3.91,9,174.294185
1.92,8,174.296669
1.89,11,174.29999
3.91,9,174.30273
3.94,6,174.366877
1.94,6,174.369174
1.93,7,174.371404
3.89,11,174.375016
3.88,12,174.378724
1.94,6,174.380627
3.93,7,174.382815
1.92,8,174.385285
3.89,11,174.388631
1.96,4,174.390165
1.94,6,174.392154
1.95,5,174.39375
3.92,8,174.396262
3.94,6,174.398138
5.86,14,174.403057
1.91,9,174.405894
1.89,11,174.488585
5.9,10,174.491742
1.96,4,174.493016
5.9,10,174.496505
3.93,7,174.498818
1.9,10,174.50202
1.94,6,174.50398
3.93,7,174.506166
1.93,7,174.508324
13.85,15,174.513237
1.89,11,174.516616
1.89,11,174.519939
3.93,7,174.522829
3.88,12,174.526723
1.96,4,174.592004
1.9,10,174.595337
1.9,10,174.598495
1.96,4,174.599813
5.9,10,174.603405
1.92,8,174.605898
1.95,5,174.607497
3.93,7,174.609689
1.89,11,174.613398
1.93,7,174.615666
5.87,13,174.619761
1.91,9,174.622649
5.91,9,174.625457
3.86,14,174.629833
3.89,11,174.696099
3.88,12,174.699954
3.9,10,174.703031
1.9,10,174.706044
1.9,10,174.709007
1.88,12,174.712799
1.89,11,174.716224
1.88,12,174.71989
3.87,13,174.723839
5.88,12,174.727846
1.93,7,174.730102
3.91,9,174.732815
5.89,11,174.79342
1.96,4,174.794963
3.85,15,174.799591
1.95,5,174.801178
1.94,6,174.803701
1.91,9,174.806548
1.93,7,174.80874
1.9,10,174.811773
3.88,12,174.815917
5.92,8,174.81844
5.89,11,174.821964
3.87,13,174.826069
1.93,7,174.828352
1.89,11,174.831744
1.89,11,174.911352
5.91,9,174.914237
1.93,7,174.916432
3.9,10,174.919501
1.89,11,174.922825
1.95,5,174.924384
1.89,11,174.927699
1.93,7,174.929866
5.88,12,174.933928
1.91,9,174.936745
1.9,10,174.939796
3.94,6,174.941894
3.89,11,174.945641
3.89,11,174.949059
3.93,7,175.006694
1.9,10,175.009957
1.95,5,175.012068
3.92,8,175.01469
5.86,14,175.01946
1.91,9,175.022284
1.93,7,175.024437
3.94,6,175.026287
1.88,12,175.029977
3.88,12,175.033695
1.96,4,175.035027
1.92,8,175.037872
3.93,7,175.040102
1.93,7,175.042377
13.87,13,175.046286
1.89,11,175.124437
5.91,9,175.127297
3.87,13,175.131227
1.93,7,175.1338
5.92,8,175.13693
3.9,10,175.140014
1.93,7,175.142571
3.91,9,175.145498
1.94,6,175.147392
1.89,11,175.15074
5.89,11,175.154536
1.9,10,175.157725
1.9,10,175.160928
3.91,9,175.163798
5.91,9,175.225203
3.92,8,175.228153
1.91,9,175.231015
3.92,8,175.233807
1.9,10,175.2373
13.89,11,175.24079
3.88,12,175.244519
5.92,8,175.246996
3.91,9,175.249759
5.88,12,175.253689
1.91,9,175.256675
3.91,9,175.259445
1.96,4,175.261018
1.96,4,175.262623
3.91,9,175.321326
1.91,9,175.324271
3.92,8,175.326742
3.87,13,175.330649
3.88,12,175.33429
5.9,10,175.337333
5.89,11,175.341019
1.9,10,175.344196
1.94,6,175.346062
3.94,6,175.347946
1.93,7,175.350637
1.88,12,175.354422
5.9,10,175.357495
3.93,7,175.359986
1.96,4,175.361408
3.89,11,175.438712
13.85,15,175.443625
1.91,9,175.446536
3.92,8,175.449019
5.88,12,175.452702
5.87,13,175.456662
5.88,12,175.460321
3.89,11,175.463691
3.92,8,175.466144
1.89,11,175.469516
5.92,8,175.471994
1.92,8,175.474457
5.92,8,175.540183
5.9,10,175.544714
3.88,12,175.548611
3.9,10,175.551826
3.92,8,175.554339
5.92,8,175.557174
1.93,7,175.559542
3.93,7,175.561733
1.92,8,175.564196
1.94,6,175.566071
1.96,4,175.567345
1.93,7,175.57023
1.88,12,175.574161
1.93,7,175.576365
5.86,14,175.580657
3.86,14,175.661323
1.91,9,175.66416
5.9,10,175.667208
1.96,4,175.668478
3.93,7,175.670611
5.91,9,175.673345
3.88,12,175.676952
3.92,8,175.679392
1.89,11,175.682812
3.88,12,175.686882
1.92,8,175.689507
1.95,5,175.691111
3.88,12,175.695197
13.87,13,175.755663
1.93,7,175.757965
1.93,7,175.76014
3.87,13,175.764031
1.95,5,175.765613
1.9,10,175.768689
5.9,10,175.772149
3.85,15,175.776682
1.94,6,175.778502
1.95,5,175.780344
1.91,9,175.783425
1.89,11,175.787039
3.88,12,175.790979
1.92,8,175.793466
3.93,7,175.795618
1.89,11,175.873318
1.9,10,175.876472
3.89,11,175.879892
1.96,4,175.881172
1.89,11,175.88447
1.95,5,175.88602
1.92,8,175.888446
3.92,8,175.891379
1.9,10,175.894583
5.92,8,175.897079
1.95,5,175.898656
5.91,9,175.901764
1.91,9,175.904685
3.85,15,175.909189
1.88,12,175.979422
3.9,10,175.982577
1.93,7,175.984746
3.88,12,175.988881
3.93,7,175.991152
3.93,7,175.993318
1.92,8,175.995741
1.9,10,175.998792
3.88,12,176.002421
3.92,8,176.004849
3.94,6,176.006708
1.96,4,176.007965
5.86,14,176.012115
1.95,5,176.013768
1.89,11,176.017449
3.92,8,176.080898
3.91,9,176.08366
1.94,6,176.085482
1.92,8,176.088195
1.93,7,176.090525
3.88,12,176.094134
3.88,12,176.097707
1.91,9,176.100834
5.9,10,176.104047
5.9,10,176.107133
5.87,13,176.111522
3.94,6,176.113467
3.86,14,176.117643
1.93,7,176.180397
1.91,9,176.183329
3.87,13,176.187356
5.92,8,176.19045
1.89,11,176.194223
5.9,10,176.19736
5.9,10,176.200447
3.88,12,176.204177
3.91,9,176.206925
3.9,10,176.209936
1.93,7,176.212427
1.91,9,176.215243
1.93,7,176.217357
1.91,9,176.220738
3.92,8,176.282353
1.93,7,176.284586
3.89,11,176.287935
3.89,11,176.291667
5.87,13,176.29582
1.93,7,176.298117
1.94,6,176.300292
1.91,9,176.303926
1.89,11,176.30742
1.95,5,176.309032
1.96,4,176.310704
3.91,9,176.313562
1.96,4,176.314835
1.94,6,176.316685
13.87,13,176.320584
3.9,10,176.394321
3.87,13,176.39845
1.96,4,176.399759
3.87,13,176.404195
3.94,6,176.406142
1.92,8,176.408578
3.87,13,176.412491
5.88,12,176.447023
3.89,11,176.450548
5.89,11,176.454163
3.88,12,176.458023
1.91,9,176.460801
1.94,6,176.462654
