#{"t_start": 1787352210.858644, "env_id": "None"}
r,l,t,success,collision,max_y
1.74,26,0.425965,False,True,3
0.37,63,0.428446,False,True,2
-0.2,20,0.429284,False,True,1
-0.06,6,0.429588,False,True,1
-0.07,7,0.433701,False,True,1
-0.05,5,0.434807,False,True,1
2.56,44,0.436518,False,True,4
0.91,9,0.436937,False,True,2
0.81,19,0.438066,False,True,2
-0.08,8,0.438459,False,True,1
-0.04,4,0.438704,False,True,1
-0.02,2,0.43888,False,True,1
1.9,10,0.439419,False,True,3
2.61,39,0.441253,False,True,4
1.46,54,0.443561,False,True,3
-0.02,2,0.443777,False,True,1
-0.04,4,0.444217,False,True,1
1.84,16,0.444909,False,True,3
2.62,38,0.446402,False,True,4
-0.01,1,0.446547,False,True,1
0.95,5,0.446907,False,True,2
0.82,18,0.447683,False,True,2
0.85,15,0.448334,False,True,2
1.88,12,0.448881,False,True,3
0.55,45,0.450983,False,True,2
3.77,23,0.451977,False,True,5
3.76,24,0.452966,False,True,5
0.73,27,0.454033,False,True,2
0.04,96,0.457873,False,True,2
0.91,9,0.458331,False,True,2
-0.07,7,0.458714,False,True,1
1.88,12,0.459296,False,True,3
-0.03,3,0.459611,False,True,1
0.65,35,0.461047,False,True,2
-0.01,1,0.461188,False,True,1
-0.18,18,0.461944,False,True,1
-0.19,19,0.462842,False,True,1
-0.12,12,0.463417,False,True,1
0.88,12,0.463965,False,True,2
1.92,8,0.464357,False,True,3
-0.08,8,0.465076,False,True,1
1.78,22,0.466071,False,True,3
0.45,55,0.468331,False,True,2
2.51,49,0.47018,False,True,4
3.82,18,0.471042,False,True,5
0.86,14,0.471655,False,True,2
3.59,41,0.473283,False,True,5
-0.02,2,0.473427,False,True,1
2.73,27,0.475762,False,True,4
-0.05,5,0.476097,False,True,1
0.97,3,0.4763,False,True,2
1.49,51,0.478234,False,True,3
0.85,15,0.478966,False,True,2
0.77,23,0.479896,False,True,2
1.94,6,0.480223,False,True,3
0.93,7,0.480562,False,True,2
-0.07,7,0.480994,False,True,1
1.57,43,0.482667,False,True,3
2.93,7,0.483035,False,True,4
2.82,18,0.483848,False,True,4
-0.06,6,0.484304,False,True,1
-0.05,5,0.484701,False,True,1
1.88,12,0.485491,False,True,3
-0.27,27,0.48667,False,True,1
1.8,20,0.487616,False,True,3
0.77,23,0.488532,False,True,2
1.86,14,0.489133,False,True,3
-0.05,5,0.489391,False,True,1
-0.11,11,0.489987,False,True,1
-0.13,13,0.490549,False,True,1
-0.05,5,0.490819,False,True,1
2.93,7,0.491182,False,True,4
1.65,35,0.492843,False,True,3
0.86,14,0.493537,False,True,2
-0.1,10,0.494023,False,True,1
0.88,12,0.494553,False,True,2
-0.04,4,0.494987,False,True,1
-0.02,2,0.495156,False,True,1
2.13,87,0.498391,False,True,4
0.95,5,0.49866,False,True,2
-0.11,11,0.499234,False,True,1
-0.04,4,0.49947,False,True,1
0.88,12,0.500001,False,True,2
0.91,9,0.500422,False,True,2
1.9,10,0.500968,False,True,3
0.98,2,0.501112,False,True,2
2.59,41,0.502719,False,True,4
-0.02,2,0.502859,False,True,1
0.5,50,0.505018,False,True,2
-0.23,23,0.506043,False,True,1
0.91,9,0.506485,False,True,2
0.93,7,0.506829,False,True,2
2.84,16,0.507659,False,True,4
0.88,12,0.508219,False,True,2
1.95,5,0.508527,False,True,3
0.85,15,0.509207,False,True,2
0.97,3,0.509517,False,True,2
0.85,15,0.510164,False,True,2
-0.21,21,0.510999,False,True,1
-0.01,1,0.511128,False,True,1
2.72,28,0.512412,False,True,4
1.84,16,0.513163,False,True,3
-0.02,2,0.513335,False,True,1
-0.03,3,0.513538,False,True,1
-0.03,3,0.513848,False,True,1
0.93,7,0.514208,False,True,2
0.96,4,0.514443,False,True,2
0.96,4,0.514672,False,True,2
2.53,47,0.516622,False,True,4
-0.1,10,0.517098,False,True,1
1.87,13,0.517716,False,True,3
0.93,7,0.518069,False,True,2
0.9,10,0.518727,False,True,2
0.86,14,0.519353,False,True,2
-0.02,2,0.519531,False,True,1
-0.14,14,0.52015,False,True,1
0.96,4,0.52047,False,True,2
-0.02,2,0.520634,False,True,1
1.91,9,0.521071,False,True,3
0.65,35,0.522622,False,True,2
-0.09,9,0.523131,False,True,1
0.72,28,0.524357,False,True,2
2.85,15,0.525083,False,True,4
-0.09,9,0.525542,False,True,1
1.89,11,0.526203,False,True,3
0.7,30,0.527378,False,True,2
0.92,8,0.527757,False,True,2
1.87,13,0.528337,False,True,3
-0.28,28,0.529559,False,True,1
-0.19,19,0.530371,False,True,1
1.45,55,0.532633,False,True,3
1.93,7,0.533065,False,True,3
-0.02,2,0.533311,False,True,1
-4.0,100,0.537096,False,False,2
-2.0,100,0.540929,False,False,4
-0.17,17,0.541704,False,True,1
-0.03,3,0.54203,False,True,1
0.8,20,0.542925,False,True,2
2.4,60,0.545229,False,True,4
1.74,26,0.546288,False,True,3
2.84,16,0.547047,False,True,4
-0.05,5,0.547304,False,True,1
0.75,25,0.54832,False,True,2
0.81,19,0.549089,False,True,2
-0.03,3,0.549372,False,True,1
0.67,33,0.550676,False,True,2
-0.25,25,0.551677,False,True,1
0.85,15,0.552334,False,True,2
2.84,16,0.553102,False,True,4
2.9,10,0.553574,False,True,4
0.9,10,0.554032,False,True,2
0.8,20,0.554862,False,True,2
-0.03,3,0.555165,False,True,1
-0.03,3,0.555401,False,True,1
-0.01,1,0.555519,False,True,1
-0.27,27,0.556642,False,True,1
1.61,39,0.558273,False,True,3
-0.08,8,0.558659,False,True,1
0.69,31,0.560046,False,True,2
3.91,9,0.560498,False,True,5
1.86,14,0.561227,False,True,3
0.98,2,0.561371,False,True,2
0.6,40,0.562903,False,True,2
-0.02,2,0.56307,False,True,1
-0.13,13,0.5637,False,True,1
0.8,20,0.5645,False,True,2
-0.33,33,0.565909,False,True,1
-0.03,3,0.566117,False,True,1
0.58,42,0.567818,False,True,2
0.85,15,0.56843,False,True,2
2.82,18,0.569178,False,True,4
0.97,3,0.56941,False,True,2
-0.07,7,0.570043,False,True,1
0.95,5,0.570401,False,True,2
0.78,22,0.571323,False,True,2
4.4,60,0.573565,False,True,6
-0.04,4,0.573884,False,True,1
0.75,25,0.574859,False,True,2
1.58,42,0.576562,False,True,3
-0.08,8,0.576957,False,True,1
-0.03,3,0.577259,False,True,1
0.97,3,0.577447,False,True,2
-0.02,2,0.577606,False,True,1
0.8,20,0.57842,False,True,2
-0.03,3,0.578757,False,True,1
-0.01,1,0.578872,False,True,1
-0.14,14,0.579504,False,True,1
1.89,11,0.580009,False,True,3
-0.09,9,0.580522,False,True,1
0.94,6,0.580851,False,True,2
-0.03,3,0.581063,False,True,1
-0.06,6,0.581405,False,True,1
1.91,9,0.581931,False,True,3
1.85,15,0.582686,False,True,3
1.85,15,0.583468,False,True,3
-0.08,8,0.583876,False,True,1
-0.01,1,0.584086,False,True,1
1.94,6,0.584468,False,True,3
-0.08,8,0.584874,False,True,1
3.18,82,0.587846,False,True,5
1.53,47,0.589677,False,True,3
2.79,21,0.590641,False,True,4
0.92,8,0.591088,False,True,2
1.44,56,0.593386,False,True,3
-0.1,10,0.594015,False,True,1
-0.06,6,0.594326,False,True,1
1.15,85,0.597524,False,True,3
0.64,36,0.598993,False,True,2
1.57,43,0.6009,False,True,3
-0.03,3,0.601133,False,True,1
-0.12,12,0.601664,False,True,1
0.81,19,0.602477,False,True,2
3.85,15,0.603195,False,True,5
1.91,9,0.603618,False,True,3
-0.12,12,0.604139,False,True,1
-0.05,5,0.604408,False,True,1
1.86,14,0.605076,False,True,3
-0.05,5,0.605354,False,True,1
-0.24,24,0.606318,False,True,1
0.97,3,0.606487,False,True,2
-0.05,5,0.60682,False,True,1
-0.08,8,0.6072,False,True,1
0.88,12,0.607727,False,True,2
1.86,14,0.608298,False,True,3
1.92,8,0.608757,False,True,3
0.97,3,0.608954,False,True,2
-0.1,10,0.609394,False,True,1
0.97,3,0.609586,False,True,2
1.93,7,0.610141,False,True,3
-0.05,5,0.610435,False,True,1
-0.17,17,0.611307,False,True,1
1.88,12,0.611937,False,True,3
0.91,9,0.61252,False,True,2
-0.02,2,0.612699,False,True,1
0.83,17,0.613417,False,True,2
0.42,58,0.615743,False,True,2
1.88,12,0.616441,False,True,3
1.67,33,0.618032,False,True,3
1.73,27,0.619147,False,True,3
1.71,29,0.620282,False,True,3
2.87,13,0.621018,False,True,4
2.44,56,0.623264,False,True,4
1.91,9,0.623713,False,True,3
-4.0,100,0.627555,False,False,2
-0.04,4,0.627958,False,True,1
0.76,24,0.628959,False,True,2
1.9,10,0.629422,False,True,3
-0.03,3,0.629631,False,True,1
3.86,14,0.630326,False,True,5
-0.03,3,0.630531,False,True,1
1.56,44,0.63223,False,True,3
0.96,4,0.63247,False,True,2
0.37,63,0.635021,False,True,2
-0.05,5,0.635317,False,True,1
0.97,3,0.635524,False,True,2
0.85,15,0.636181,False,True,2
3.77,23,0.63721,False,True,5
0.77,23,0.63814,False,True,2
0.68,32,0.639446,False,True,2
1.87,13,0.640057,False,True,3
-0.01,1,0.640271,False,True,1
1.69,31,0.641574,False,True,3
0.75,25,0.642591,False,True,2
-0.02,2,0.642738,False,True,1
0.75,25,0.643895,False,True,2
-0.02,2,0.644081,False,True,1
1.88,12,0.644609,False,True,3
1.95,5,0.644872,False,True,3
-0.04,4,0.645327,False,True,1
-0.09,9,0.645865,False,True,1
0.83,17,0.646625,False,True,2
1.91,9,0.647039,False,True,3
0.9,10,0.647618,False,True,2
1.9,10,0.648098,False,True,3
0.94,6,0.648387,False,True,2
3.6,40,0.649925,False,True,5
-0.04,4,0.650235,False,True,1
-0.06,6,0.650566,False,True,1
0.95,5,0.65082,False,True,2
0.71,29,0.651956,False,True,2
-0.05,5,0.652312,False,True,1
-0.21,21,0.653283,False,True,1
0.86,14,0.653912,False,True,2
0.54,46,0.655921,False,True,2
-0.01,1,0.656167,False,True,1
3.45,55,0.658435,False,True,5
0.91,9,0.658885,False,True,2
1.67,33,0.660151,False,True,3
0.72,28,0.66135,False,True,2
-0.12,12,0.661896,False,True,1
-0.07,7,0.662253,False,True,1
0.91,9,0.662666,False,True,2
0.88,12,0.663391,False,True,2
0.88,12,0.663978,False,True,2
0.84,16,0.664669,False,True,2
0.93,7,0.665042,False,True,2
3.79,21,0.666096,False,True,5
2.31,69,0.668848,False,True,4
1.24,76,0.671739,False,True,3
-0.04,4,0.671973,False,True,1
0.16,84,0.675465,False,True,2
-0.18,18,0.676231,False,True,1
1.82,18,0.676985,False,True,3
-0.14,14,0.677564,False,True,1
1.27,73,0.680333,False,True,3
0.96,4,0.680563,False,True,2
0.86,14,0.681189,False,True,2
1.55,45,0.682932,False,True,3
0.94,6,0.683576,False,True,2
-0.2,20,0.684714,False,True,1
1.91,9,0.685181,False,True,3
1.63,37,0.686608,False,True,3
0.9,10,0.687204,False,True,2
2.87,13,0.687763,False,True,4
-0.02,2,0.687914,False,True,1
-0.06,6,0.688223,False,True,1
1.87,13,0.688876,False,True,3
1.86,14,0.689512,False,True,3
-5.0,100,0.693281,False,False,1
-0.05,5,0.693749,False,True,1
-0.04,4,0.694188,False,True,1
1.9,10,0.694656,False,True,3
-0.04,4,0.694891,False,True,1
0.88,12,0.695478,False,True,2
-0.03,3,0.695776,False,True,1
1.79,21,0.696659,False,True,3
-0.02,2,0.696819,False,True,1
-0.07,7,0.697169,False,True,1
0.53,47,0.699273,False,True,2
0.8,20,0.700161,False,True,2
0.78,22,0.701076,False,True,2
-0.06,6,0.701403,False,True,1
2.57,43,0.703118,False,True,4
-0.04,4,0.703482,False,True,1
0.92,8,0.703978,False,True,2
-0.08,8,0.70437,False,True,1
0.63,37,0.705912,False,True,2
1.8,20,0.706739,False,True,3
0.92,8,0.70712,False,True,2
1.74,26,0.708218,False,True,3
0.94,6,0.708636,False,True,2
1.76,24,0.709598,False,True,3
-0.09,9,0.710016,False,True,1
-0.04,4,0.710256,False,True,1
3.65,35,0.711705,False,True,5
-0.13,13,0.712346,False,True,1
-0.08,8,0.712743,False,True,1
0.96,4,0.712977,False,True,2
0.84,16,0.713827,False,True,2
3.51,49,0.715753,False,True,5
-0.05,5,0.716014,False,True,1
-0.08,8,0.716397,False,True,1
2.51,49,0.718572,False,True,4
-0.01,1,0.718778,False,True,1
-0.04,4,0.719021,False,True,1
2.72,28,0.720113,False,True,4
-0.05,5,0.720505,False,True,1
1.79,21,0.721357,False,True,3
-0.01,1,0.721465,False,True,1
0.94,6,0.721782,False,True,2
-0.12,12,0.722377,False,True,1
-0.02,2,0.722515,False,True,1
0.77,23,0.72351,False,True,2
1.89,11,0.724059,False,True,3
0.88,12,0.724727,False,True,2
-0.13,13,0.725315,False,True,1
0.55,45,0.727167,False,True,2
-0.01,1,0.727326,False,True,1
0.76,24,0.728389,False,True,2
1.74,26,0.729409,False,True,3
1.94,6,0.729748,False,True,3
-0.05,5,0.730007,False,True,1
-0.08,8,0.730463,False,True,1
1.75,25,0.731441,False,True,3
-0.02,2,0.731604,False,True,1
1.86,14,0.732195,False,True,3
0.78,22,0.733169,False,True,2
-0.06,6,0.733557,False,True,1
-0.09,9,0.734087,False,True,1
1.86,14,0.734763,False,True,3
0.85,15,0.735537,False,True,2
0.81,19,0.73629,False,True,2
1.49,51,0.738304,False,True,3
-0.09,9,0.738751,False,True,1
0.85,15,0.739506,False,True,2
0.96,4,0.73974,False,True,2
1.88,12,0.74027,False,True,3
-0.07,7,0.74061,False,True,1
-0.02,2,0.740817,False,True,1
-0.1,10,0.741294,False,True,1
-0.06,6,0.74159,False,True,1
2.85,15,0.742253,False,True,4
2.76,24,0.743376,False,True,4
0.78,22,0.74428,False,True,2
-0.11,11,0.744924,False,True,1
1.9,10,0.745411,False,True,3
0.83,17,0.746236,False,True,2
0.96,4,0.74649,False,True,2
-3.0,100,0.750217,False,False,3
-0.08,8,0.750648,False,True,1
0.87,13,0.751409,False,True,2
0.9,10,0.751901,False,True,2
-0.05,5,0.752163,False,True,1
0.96,4,0.752417,False,True,2
-0.12,12,0.753046,False,True,1
1.74,26,0.754126,False,True,3
1.94,6,0.754429,False,True,3
-0.07,7,0.754778,False,True,1
0.96,4,0.75508,False,True,2
-4.0,100,0.758998,False,False,2
-0.03,3,0.759227,False,True,1
0.94,6,0.759542,False,True,2
5.64,36,0.761223,False,True,7
-0.14,14,0.761848,False,True,1
4.85,15,0.762474,False,True,6
-0.04,4,0.762708,False,True,1
0.85,15,0.763423,False,True,2
1.69,31,0.764655,False,True,3
1.44,56,0.766873,False,True,3
2.91,9,0.767348,False,True,4
0.82,18,0.768185,False,True,2
0.97,3,0.768368,False,True,2
1.69,31,0.769573,False,True,3
0.94,6,0.769878,False,True,2
-0.05,5,0.770335,False,True,1
0.92,8,0.770808,False,True,2
0.96,4,0.771063,False,True,2
-0.01,1,0.771173,False,True,1
0.7,30,0.772534,False,True,2
-0.02,2,0.772678,False,True,1
-0.27,27,0.773831,False,True,1
-0.02,2,0.773999,False,True,1
1.67,33,0.775473,False,True,3
0.72,28,0.776776,False,True,2
-0.19,19,0.777584,False,True,1
1.93,7,0.777958,False,True,3
-0.01,1,0.778165,False,True,1
1.91,9,0.778605,False,True,3
1.91,9,0.779018,False,True,3
0.91,9,0.779439,False,True,2
-0.05,5,0.779791,False,True,1
-0.17,17,0.7806,False,True,1
-0.01,1,0.780743,False,True,1
-0.3,30,0.781995,False,True,1
-0.01,1,0.782198,False,True,1
-0.05,5,0.782467,False,True,1
-0.07,7,0.782804,False,True,1
0.69,31,0.784032,False,True,2
0.97,3,0.784328,False,True,2
0.87,13,0.784918,False,True,2
1.67,33,0.786252,False,True,3
-0.03,3,0.786421,False,True,1
-0.05,5,0.786775,False,True,1
-0.18,18,0.787502,False,True,1
0.75,25,0.788494,False,True,2
1.93,7,0.788834,False,True,3
0.95,5,0.789169,False,True,2
-0.07,7,0.789514,False,True,1
-0.03,3,0.789741,False,True,1
1.53,47,0.791901,False,True,3
-0.44,44,0.793833,False,True,1
-0.01,1,0.793945,False,True,1
0.87,13,0.79452,False,True,2
2.69,31,0.795812,False,True,4
-0.29,29,0.797077,False,True,1
-0.07,7,0.797456,False,True,1
-3.0,100,0.801246,False,False,3
3.1,90,0.804629,False,True,5
1.6,40,0.806283,False,True,3
3.44,56,0.808417,False,True,5
0.95,5,0.80871,False,True,2
-0.06,6,0.809029,False,True,1
-0.04,4,0.809368,False,True,1
-0.07,7,0.809742,False,True,1
2.61,39,0.811284,False,True,4
3.36,64,0.813694,False,True,5
-0.02,2,0.813926,False,True,1
-0.06,6,0.814269,False,True,1
1.67,33,0.815615,False,True,3
1.92,8,0.816015,False,True,3
-0.05,5,0.816368,False,True,1
2.52,48,0.81828,False,True,4
0.94,6,0.818628,False,True,2
1.84,16,0.819315,False,True,3
-3.0,100,0.823103,False,False,3
-0.06,6,0.823399,False,True,1
-0.02,2,0.823568,False,True,1
0.9,10,0.824026,False,True,2
0.94,6,0.824447,False,True,2
-0.09,9,0.824905,False,True,1
0.93,7,0.825278,False,True,2
-0.09,9,0.825788,False,True,1
-0.09,9,0.82639,False,True,1
2.9,10,0.826883,False,True,4
2.83,17,0.827602,False,True,4
0.75,25,0.8286,False,True,2
0.94,6,0.829018,False,True,2
0.96,4,0.829255,False,True,2
-0.25,25,0.830261,False,True,1
0.92,8,0.830644,False,True,2
0.98,2,0.830864,False,True,2
-0.13,13,0.831501,False,True,1
-0.06,6,0.831802,False,True,1
0.71,29,0.83313,False,True,2
0.85,15,0.8339,False,True,2
0.7,30,0.835112,False,True,2
-0.04,4,0.835338,False,True,1
-0.02,2,0.835494,False,True,1
1.84,16,0.83632,False,True,3
-0.01,1,0.83644,False,True,1
-0.02,2,0.836606,False,True,1
-0.04,4,0.836842,False,True,1
1.69,31,0.838189,False,True,3
-0.04,4,0.838415,False,True,1
1.18,82,0.841404,False,True,3
-0.08,8,0.841809,False,True,1
2.88,12,0.842474,False,True,4
-0.02,2,0.842656,False,True,1
1.86,14,0.8433,False,True,3
0.84,16,0.843986,False,True,2
-0.01,1,0.844164,False,True,1
2.69,31,0.845366,False,True,4
-0.07,7,0.845718,False,True,1
0.88,12,0.84624,False,True,2
0.81,19,0.847139,False,True,2
-0.07,7,0.847467,False,True,1
1.88,12,0.848007,False,True,3
0.88,12,0.848568,False,True,2
-0.08,8,0.849071,False,True,1
-0.05,5,0.849363,False,True,1
1.94,6,0.849697,False,True,3
1.44,56,0.851889,False,True,3
2.75,25,0.852969,False,True,4
-0.09,9,0.853395,False,True,1
1.82,18,0.854126,False,True,3
0.94,6,0.854462,False,True,2
4.68,32,0.855805,False,True,6
0.96,4,0.856045,False,True,2
0.96,4,0.856273,False,True,2
-0.07,7,0.856599,False,True,1
2.85,15,0.857361,False,True,4
0.96,4,0.85762,False,True,2
-0.1,10,0.858109,False,True,1
-0.08,8,0.858501,False,True,1
-0.05,5,0.858881,False,True,1
1.75,25,0.859917,False,True,3
1.57,43,0.861684,False,True,3
-0.08,8,0.862124,False,True,1
2.35,65,0.864672,False,True,4
-0.06,6,0.865008,False,True,1
2.85,15,0.865635,False,True,4
1.81,19,0.866402,False,True,3
-0.16,16,0.867307,False,True,1
1.85,15,0.867988,False,True,3
-0.01,1,0.868106,False,True,1
2.92,8,0.868504,False,True,4
0.83,17,0.869322,False,True,2
1.73,27,0.870405,False,True,3
-0.01,1,0.870508,False,True,1
-0.09,9,0.870921,False,True,1
-0.01,1,0.87109,False,True,1
0.67,33,0.872544,False,True,2
-0.09,9,0.873024,False,True,1
1.65,35,0.874406,False,True,3
-0.06,6,0.874865,False,True,1
-0.25,25,0.875976,False,True,1
-0.03,3,0.876208,False,True,1
1.91,9,0.876626,False,True,3
0.94,6,0.877024,False,True,2
1.86,14,0.877723,False,True,3
-0.06,6,0.878107,False,True,1
0.41,59,0.903888,False,True,2
0.87,13,0.907087,False,True,2
-0.02,2,0.907971,False,True,1
-0.02,2,0.908164,False,True,1
0.57,43,0.918877,False,True,2
-0.08,8,0.921006,False,True,1
-0.01,1,0.921145,False,True,1
0.92,8,0.923061,False,True,2
-0.09,9,0.926046,False,True,1
1.83,17,0.930091,False,True,3
-0.04,4,0.931207,False,True,1
2.9,10,0.933685,False,True,4
-0.08,8,0.93574,False,True,1
-0.15,15,0.93976,False,True,1
5.44,56,0.95338,False,True,7
-0.02,2,0.95435,False,True,1
0.89,11,0.956519,False,True,2
-0.14,14,0.960317,False,True,1
4.08,92,0.981984,False,True,6
0.97,3,0.983049,False,True,2
-0.03,3,0.983425,False,True,1
2.92,8,0.985665,False,True,4
5.76,24,0.992005,False,True,7
-0.01,1,0.993123,False,True,1
2.87,13,0.996417,False,True,4
1.83,17,1.000843,False,True,3
0.94,6,1.002974,False,True,2
0.85,15,1.006232,False,True,2
0.85,15,1.010464,False,True,2
1.74,26,1.017428,False,True,3
-0.1,10,1.019819,False,True,1
0.9,10,1.022702,False,True,2
-0.04,4,1.023704,False,True,1
-0.08,8,1.025851,False,True,1
1.87,13,1.029037,False,True,3
-0.09,9,1.030971,False,True,1
-0.09,9,1.03292,False,True,1
0.88,12,1.036089,False,True,2
-0.13,13,1.040033,False,True,1
0.88,12,1.043021,False,True,2
0.93,7,1.044383,False,True,2
0.95,5,1.046478,False,True,2
-0.06,6,1.047707,False,True,1
0.91,9,1.049716,False,True,2
0.91,9,1.052601,False,True,2
1.9,10,1.054606,False,True,3
-0.05,5,1.05568,False,True,1
-0.05,5,1.057301,False,True,1
0.83,17,1.061387,False,True,2
3.83,17,1.065282,False,True,5
0.8,20,1.070243,False,True,2
-0.01,1,1.070487,False,True,1
1.29,71,1.088106,False,True,3
-0.04,4,1.089201,False,True,1
-0.06,6,1.091158,False,True,1
-0.01,1,1.091315,False,True,1
1.84,16,1.094795,False,True,3
-0.11,11,1.098512,False,True,1
2.93,7,1.09999,False,True,4
3.71,29,1.108551,False,True,5
-0.06,6,1.109779,False,True,1
2.89,11,1.113091,False,True,4
-0.01,1,1.113295,False,True,1
0.58,42,1.124794,False,True,2
1.83,17,1.128902,False,True,3
2.85,15,1.132826,False,True,4
2.84,16,1.137154,False,True,4
0.82,18,1.140801,False,True,2
0.94,6,1.142614,False,True,2
0.9,10,1.145015,False,True,2
-0.05,5,1.146034,False,True,1
0.95,5,1.147862,False,True,2
0.69,31,1.15504,False,True,2
-0.02,2,1.156167,False,True,1
0.91,9,1.158442,False,True,2
-0.01,1,1.158621,False,True,1
0.89,11,1.161532,False,True,2
-0.01,1,1.161794,False,True,1
1.81,19,1.166214,False,True,3
0.83,17,1.170425,False,True,2
-0.01,1,1.171467,False,True,1
-0.05,5,1.172784,False,True,1
0.87,13,1.175999,False,True,2
1.96,4,1.177102,False,True,3
2.72,28,1.184082,False,True,4
-3.0,100,1.209306,False,False,3
4.85,15,1.213828,False,True,6
0.82,18,1.218708,False,True,2
-0.07,7,1.220723,False,True,1
1.86,14,1.224594,False,True,3
0.79,21,1.229855,False,True,2
1.85,15,1.234067,False,True,3
2.64,36,1.242929,False,True,4
-0.13,13,1.245887,False,True,1
-0.04,4,1.246987,False,True,1
1.71,29,1.253525,False,True,3
1.89,11,1.256397,False,True,3
0.35,65,1.271909,False,True,2
-0.02,2,1.272836,False,True,1
1.87,13,1.275906,False,True,3
0.93,7,1.27773,False,True,2
0.69,31,1.284745,False,True,2
-0.21,21,1.291032,False,True,1
2.55,45,1.301441,False,True,4
0.97,3,1.302482,False,True,2
0.47,53,1.315451,False,True,2
-0.06,6,1.317161,False,True,1
-0.14,14,1.323272,False,True,1
-0.07,7,1.325409,False,True,1
-0.01,1,1.325705,False,True,1
0.81,19,1.331648,False,True,2
0.96,4,1.332969,False,True,2
-0.03,3,1.333273,False,True,1
-0.09,9,1.337167,False,True,1
2.86,14,1.340961,False,True,4
-0.04,4,1.342198,False,True,1
0.78,22,1.34891,False,True,2
1.93,7,1.350304,False,True,3
-0.02,2,1.351457,False,True,1
-0.02,2,1.351676,False,True,1
0.95,5,1.353707,False,True,2
-0.08,8,1.356255,False,True,1
0.93,7,1.357567,False,True,2
0.89,11,1.360829,False,True,2
-0.03,3,1.362034,False,True,1
0.91,9,1.364834,False,True,2
-0.04,4,1.36598,False,True,1
1.83,17,1.3704,False,True,3
2.84,16,1.374759,False,True,4
-0.01,1,1.375944,False,True,1
-0.07,7,1.377193,False,True,1
-0.17,17,1.382523,False,True,1
-0.05,5,1.383878,False,True,1
-0.02,2,1.384253,False,True,1
1.47,53,1.399386,False,True,3
-0.06,6,1.40073,False,True,1
0.94,6,1.403375,False,True,2
0.87,13,1.406876,False,True,2
-0.11,11,1.409936,False,True,1
0.98,2,1.410128,False,True,2
0.74,26,1.41764,False,True,2
0.87,13,1.421067,False,True,2
-0.03,3,1.42214,False,True,1
-0.09,9,1.424384,False,True,1
0.74,26,1.43075,False,True,2
-0.07,7,1.433014,False,True,1
3.92,8,1.435212,False,True,5
-0.04,4,1.436272,False,True,1
-0.02,2,1.437218,False,True,1
0.39,61,1.453486,False,True,2
-0.15,15,1.457728,False,True,1
0.81,19,1.462087,False,True,2
0.67,33,1.470726,False,True,2
-0.05,5,1.471958,False,True,1
0.93,7,1.473855,False,True,2
-0.03,3,1.47407,False,True,1
1.75,25,1.480932,False,True,3
-0.01,1,1.481207,False,True,1
2.94,6,1.482407,False,True,4
-0.08,8,1.484611,False,True,1
-0.04,4,1.48592,False,True,1
-0.07,7,1.488124,False,True,1
1.76,24,1.49401,False,True,3
0.83,17,1.498336,False,True,2
0.44,56,1.512342,False,True,2
-0.16,16,1.517868,False,True,1
0.97,3,1.51891,False,True,2
-0.01,1,1.519041,False,True,1
-0.03,3,1.520078,False,True,1
1.81,19,1.525262,False,True,3
-0.08,8,1.527343,False,True,1
-0.02,2,1.527554,False,True,1
-0.02,2,1.528575,False,True,1
0.94,6,1.529787,False,True,2
3.62,38,1.53934,False,True,5
0.91,9,1.541252,False,True,2
-0.06,6,1.543412,False,True,1
2.92,8,1.545443,False,True,4
-0.18,18,1.548917,False,True,1
-0.02,2,1.549914,False,True,1
2.85,15,1.553709,False,True,4
-0.06,6,1.5558,False,True,1
0.97,3,1.556706,False,True,2
-0.05,5,1.557817,False,True,1
1.58,42,1.567412,False,True,3
-0.05,5,1.56962,False,True,1
-0.01,1,1.569774,False,True,1
0.91,9,1.571858,False,True,2
1.91,9,1.573793,False,True,3
-0.07,7,1.576074,False,True,1
-0.02,2,1.57716,False,True,1
1.84,16,1.581759,False,True,3
-0.01,1,1.58193,False,True,1
-0.03,3,1.583066,False,True,1
-0.04,4,1.584319,False,True,1
-0.05,5,1.585796,False,True,1
1.78,22,1.591303,False,True,3
0.97,3,1.592658,False,True,2
0.92,8,1.595093,False,True,2
-0.04,4,1.596511,False,True,1
-0.03,3,1.597743,False,True,1
2.7,30,1.605351,False,True,4
4.87,13,1.609303,False,True,6
-0.06,6,1.610566,False,True,1
-0.09,9,1.612758,False,True,1
-0.08,8,1.614995,False,True,1
0.91,9,1.618209,False,True,2
-0.14,14,1.621581,False,True,1
0.92,8,1.623773,False,True,2
1.8,20,1.629014,False,True,3
3.77,23,1.634373,False,True,5
0.92,8,1.636485,False,True,2
-0.02,2,1.636706,False,True,1
0.8,20,1.641721,False,True,2
1.86,14,1.645833,False,True,3
-0.02,2,1.646039,False,True,1
-0.03,3,1.647033,False,True,1
2.89,11,1.650042,False,True,4
3.8,20,1.655093,False,True,5
-0.02,2,1.655357,False,True,1
-0.09,9,1.657884,False,True,1
0.91,9,1.660026,False,True,2
2.88,12,1.663036,False,True,4
-0.03,3,1.664205,False,True,1
0.9,10,1.666239,False,True,2
1.96,4,1.667469,False,True,3
-0.01,1,1.667648,False,True,1
-0.33,33,1.676405,False,True,1
1.68,32,1.684871,False,True,3
-0.15,15,1.688235,False,True,1
4.9,10,1.691321,False,True,6
-0.05,5,1.692578,False,True,1
1.86,14,1.696545,False,True,3
-0.16,16,1.700594,False,True,1
-0.08,8,1.702639,False,True,1
-0.15,15,1.705642,False,True,1
2.88,12,1.708483,False,True,4
-0.05,5,1.710664,False,True,1
2.71,29,1.717219,False,True,4
-0.09,9,1.719413,False,True,1
-0.02,2,1.720325,False,True,1
-0.07,7,1.721518,False,True,1
1.87,13,1.725247,False,True,3
0.94,6,1.726397,False,True,2
0.86,14,1.730377,False,True,2
0.81,19,1.734337,False,True,2
-0.07,7,1.740288,False,True,1
-0.09,9,1.745064,False,True,1
0.91,9,1.751648,False,True,2
-0.18,18,1.758281,False,True,1
3.88,12,1.762639,False,True,5
-0.01,1,1.762921,False,True,1
0.93,7,1.7653,False,True,2
3.9,10,1.768449,False,True,5
-0.05,5,1.76988,False,True,1
-0.11,11,1.7729,False,True,1
2.66,34,1.780568,False,True,4
0.94,6,1.782563,False,True,2
1.86,14,1.785806,False,True,3
0.95,5,1.786931,False,True,2
1.81,19,1.79205,False,True,3
2.66,34,1.801477,False,True,4
-0.02,2,1.801886,False,True,1
1.69,31,1.81064,False,True,3
2.78,22,1.816001,False,True,4
-0.04,4,1.817538,False,True,1
0.75,25,1.825145,False,True,2
-0.13,13,1.828799,False,True,1
-0.03,3,1.830019,False,True,1
-0.04,4,1.831472,False,True,1
-0.05,5,1.832471,False,True,1
-0.29,29,1.839936,False,True,1
2.96,4,1.841045,False,True,4
-0.06,6,1.843164,False,True,1
2.5,50,1.855131,False,True,4
-0.03,3,1.856086,False,True,1
0.79,21,1.860542,False,True,2
3.9,10,1.863558,False,True,5
4.83,17,1.867797,False,True,6
0.95,5,1.868958,False,True,2
-0.08,8,1.871578,False,True,1
-0.06,6,1.873681,False,True,1
1.85,15,1.876968,False,True,3
-0.11,11,1.87979,False,True,1
-0.04,4,1.880876,False,True,1
0.76,24,1.887006,False,True,2
1.86,14,1.891418,False,True,3
-0.03,3,1.891706,False,True,1
-0.09,9,1.894869,False,True,1
0.92,8,1.897526,False,True,2
-0.11,11,1.899991,False,True,1
1.95,5,1.902362,False,True,3
2.83,17,1.906969,False,True,4
-0.03,3,1.908246,False,True,1
-0.02,2,1.908578,False,True,1
-0.1,10,1.911552,False,True,1
1.88,12,1.914878,False,True,3
-0.01,1,1.915316,False,True,1
-0.04,4,1.916596,False,True,1
1.87,13,1.920318,False,True,3
2.89,11,1.923497,False,True,4
1.84,16,1.927872,False,True,3
2.77,23,1.934808,False,True,4
0.96,4,1.93608,False,True,2
-0.04,4,1.937422,False,True,1
0.93,7,1.939025,False,True,2
0.86,14,1.943256,False,True,2
-0.02,2,1.943502,False,True,1
3.79,21,1.949843,False,True,5
-0.03,3,1.950221,False,True,1
-0.04,4,1.951322,False,True,1
0.98,2,1.952413,False,True,2
2.27,73,1.969727,False,True,4
0.88,12,1.97255,False,True,2
0.55,45,1.982795,False,True,2
1.71,29,1.990599,False,True,3
1.9,10,1.992673,False,True,3
1.93,7,1.994984,False,True,3
1.87,13,1.998248,False,True,3
3.7,30,2.006958,False,True,5
-0.02,2,2.007333,False,True,1
2.45,55,2.022814,False,True,4
1.9,10,2.024895,False,True,3
-0.01,1,2.025851,False,True,1
2.83,17,2.030411,False,True,4
0.93,7,2.032719,False,True,2
1.72,28,2.04077,False,True,3
0.91,9,2.043212,False,True,2
3.82,18,2.048089,False,True,5
-0.07,7,2.05016,False,True,1
-0.03,3,2.051055,False,True,1
0.83,17,2.055098,False,True,2
0.91,9,2.0572,False,True,2
-0.03,3,2.058556,False,True,1
1.84,16,2.062561,False,True,3
0.77,23,2.06852,False,True,2
1.81,19,2.073458,False,True,3
4.82,18,2.07782,False,True,6
0.97,3,2.078891,False,True,2
-0.05,5,2.079967,False,True,1
0.72,28,2.086805,False,True,2
-0.07,7,2.088885,False,True,1
1.95,5,2.090084,False,True,3
-0.01,1,2.090252,False,True,1
3.9,10,2.093585,False,True,5
-0.16,16,2.097991,False,True,1
-0.03,3,2.098923,False,True,1
0.97,3,2.099252,False,True,2
0.78,22,2.105817,False,True,2
2.89,11,2.108992,False,True,4
1.83,17,2.11373,False,True,3
0.58,42,2.124275,False,True,2
0.93,7,2.126635,False,True,2
3.35,65,2.143691,False,True,5
-0.01,1,2.144595,False,True,1
0.38,62,2.159095,False,True,2
2.88,12,2.162076,False,True,4
1.91,9,2.164318,False,True,3
0.92,8,2.166165,False,True,2
-0.12,12,2.168775,False,True,1
2.68,32,2.176544,False,True,4
1.7,30,2.184357,False,True,3
1.6,40,2.194585,False,True,3
-0.1,10,2.19704,False,True,1
-0.05,5,2.199148,False,True,1
0.87,13,2.202383,False,True,2
-0.02,2,2.202633,False,True,1
1.93,7,2.204951,False,True,3
1.92,8,2.207394,False,True,3
1.81,19,2.212766,False,True,3
0.88,12,2.216062,False,True,2
1.81,19,2.221115,False,True,3
0.98,2,2.221482,False,True,2
-0.01,1,2.221808,False,True,1
0.8,20,2.227192,False,True,2
1.94,6,2.229397,False,True,3
-0.03,3,2.230648,False,True,1
0.59,41,2.241258,False,True,2
0.98,2,2.24149,False,True,2
1.9,10,2.244982,False,True,3
-0.03,3,2.246062,False,True,1
-0.02,2,2.246413,False,True,1
-0.01,1,2.246541,False,True,1
0.65,35,2.255752,False,True,2
-0.08,8,2.257992,False,True,1
1.93,7,2.260336,False,True,3
-0.07,7,2.262148,False,True,1
-0.05,5,2.263079,False,True,1
1.9,10,2.265309,False,True,3
2.86,14,2.269142,False,True,4
-0.05,5,2.270247,False,True,1
2.69,31,2.278256,False,True,4
1.54,46,2.288765,False,True,3
1.93,7,2.290996,False,True,3
-0.12,12,2.29418,False,True,1
0.82,18,2.299218,False,True,2
1.55,45,2.310207,False,True,3
0.81,19,2.315223,False,True,2
-0.16,16,2.319225,False,True,1
0.94,6,2.320545,False,True,2
-0.02,2,2.32167,False,True,1
-0.01,1,2.322039,False,True,1
0.92,8,2.324094,False,True,2
-4.0,100,2.349492,False,False,2
-0.02,2,2.349756,False,True,1
0.77,23,2.355028,False,True,2
-0.02,2,2.356147,False,True,1
1.86,14,2.359267,False,True,3
-0.01,1,2.359441,False,True,1
1.86,14,2.363465,False,True,3
-0.1,10,2.365483,False,True,1
1.91,9,2.368848,False,True,3
2.87,13,2.371916,False,True,4
1.74,26,2.377804,False,True,3
-0.05,5,2.379581,False,True,1
2.7,30,2.38659,False,True,4
1.88,12,2.389311,False,True,3
-0.14,14,2.392911,False,True,1
2.85,15,2.395757,False,True,4
-0.02,2,2.396643,False,True,1
3.89,11,2.399568,False,True,5
0.74,26,2.405577,False,True,2
1.8,20,2.410906,False,True,3
0.92,8,2.412971,False,True,2
1.88,12,2.416021,False,True,3
0.92,8,2.418221,False,True,2
3.61,39,2.4279,False,True,5
0.64,36,2.43676,False,True,2
4.82,18,2.440633,False,True,6
-0.11,11,2.443737,False,True,1
-0.02,2,2.444681,False,True,1
-0.01,1,2.444847,False,True,1
1.69,31,2.452612,False,True,3
0.97,3,2.453118,False,True,2
5.85,15,2.456599,False,True,7
-0.07,7,2.458363,False,True,1
2.89,11,2.461549,False,True,4
1.93,7,2.462941,False,True,3
0.84,16,2.46658,False,True,2
-0.05,5,2.468294,False,True,1
1.86,14,2.471358,False,True,3
0.97,3,2.472569,False,True,2
1.81,19,2.477864,False,True,3
1.94,6,2.479236,False,True,3
-0.03,3,2.480268,False,True,1
2.7,30,2.48773,False,True,4
-0.19,19,2.491947,False,True,1
-0.01,1,2.492079,False,True,1
-0.08,8,2.494533,False,True,1
1.57,43,2.506502,False,True,3
0.83,17,2.511214,False,True,2
0.79,21,2.518036,False,True,2
2.95,5,2.519697,False,True,4
-0.02,2,2.520212,False,True,1
0.91,9,2.523488,False,True,2
-0.05,5,2.52465,False,True,1
0.81,19,2.52981,False,True,2
3.74,26,2.536425,False,True,5
-0.04,4,2.537578,False,True,1
1.91,9,2.539936,False,True,3
0.92,8,2.542199,False,True,2
-0.26,26,2.549216,False,True,1
-0.02,2,2.549499,False,True,1
-0.01,1,2.550342,False,True,1
-0.05,5,2.551685,False,True,1
0.91,9,2.554075,False,True,2
1.88,12,2.557109,False,True,3
0.95,5,2.558223,False,True,2
0.94,6,2.560425,False,True,2
-0.03,3,2.561754,False,True,1
-0.06,6,2.562961,False,True,1
0.96,4,2.563959,False,True,2
4.88,12,2.567158,False,True,6
-0.01,1,2.567431,False,True,1
1.44,56,2.581188,False,True,3
-0.05,5,2.582987,False,True,1
-0.09,9,2.584826,False,True,1
-0.01,1,2.585078,False,True,1
-0.03,3,2.586043,False,True,1
0.36,64,2.603777,False,True,2
2.43,57,2.620022,False,True,4
0.59,41,2.631028,False,True,2
-0.14,14,2.635541,False,True,1
-0.04,4,2.636668,False,True,1
-0.01,1,2.636895,False,True,1
2.38,62,2.654067,False,True,4
1.96,4,2.655282,False,True,3
-0.15,15,2.658313,False,True,1
1.93,7,2.660353,False,True,3
1.86,14,2.66408,False,True,3
0.73,27,2.670176,False,True,2
0.86,14,2.674248,False,True,2
1.86,14,2.677605,False,True,3
-0.04,4,2.678925,False,True,1
-0.03,3,2.679829,False,True,1
-0.08,8,2.682025,False,True,1
1.87,13,2.685326,False,True,3
-0.04,4,2.686548,False,True,1
3.44,56,2.701131,False,True,5
1.62,38,2.711292,False,True,3
-0.03,3,2.712729,False,True,1
2.75,25,2.718832,False,True,4
0.71,29,2.726869,False,True,2
-0.03,3,2.727799,False,True,1
-0.02,2,2.727968,False,True,1
1.92,8,2.730603,False,True,3
-0.08,8,2.732628,False,True,1
0.87,13,2.73761,False,True,2
-0.2,20,2.743157,False,True,1
-0.06,6,2.744592,False,True,1
0.94,6,2.74673,False,True,2
-0.04,4,2.747996,False,True,1
-0.14,14,2.751885,False,True,1
-0.05,5,2.7532,False,True,1
-0.13,13,2.757741,False,True,1
0.93,7,2.759182,False,True,2
0.76,24,2.766092,False,True,2
-0.02,2,2.767276,False,True,1
1.95,5,2.768602,False,True,3
-0.01,1,2.768741,False,True,1
0.69,31,2.776726,False,True,2
-0.1,10,2.780029,False,True,1
1.82,18,2.784395,False,True,3
1.46,54,2.79909,False,True,3
-0.01,1,2.799361,False,True,1
1.8,20,2.804719,False,True,3
-0.08,8,2.806704,False,True,1
0.7,30,2.813919,False,True,2
0.88,12,2.817,False,True,2
-0.1,10,2.820266,False,True,1
-0.14,14,2.823591,False,True,1
-0.06,6,2.825782,False,True,1
-0.03,3,2.826795,False,True,1
2.73,27,2.833129,False,True,4
0.93,7,2.835457,False,True,2
-0.06,6,2.837582,False,True,1
1.88,12,2.840383,False,True,3
-0.07,7,2.841777,False,True,1
-0.08,8,2.843868,False,True,1
2.88,12,2.84692,False,True,4
2.95,5,2.849062,False,True,4
-0.34,34,2.857192,False,True,1
0.96,4,2.858319,False,True,2
0.71,29,2.865696,False,True,2
1.48,52,2.878706,False,True,3
-0.04,4,2.879992,False,True,1
-0.03,3,2.880922,False,True,1
-0.03,3,2.881862,False,True,1
0.88,12,2.884899,False,True,2
3.77,23,2.890954,False,True,5
0.93,7,2.892224,False,True,2
2.85,15,2.896319,False,True,4
1.95,5,2.897502,False,True,3
0.9,10,2.900355,False,True,2
-0.05,5,2.901677,False,True,1
-0.01,1,2.901816,False,True,1
-0.05,5,2.903921,False,True,1
-0.09,9,2.906384,False,True,1
0.96,4,2.90749,False,True,2
0.88,12,2.910843,False,True,2
1.77,23,2.916776,False,True,3
0.97,3,2.917133,False,True,2
-0.12,12,2.920377,False,True,1
-0.04,4,2.921359,False,True,1
0.93,7,2.923199,False,True,2
-0.01,1,2.923445,False,True,1
-0.17,17,2.928453,False,True,1
-0.02,2,2.928781,False,True,1
2.89,11,2.931776,False,True,4
-0.02,2,2.932091,False,True,1
0.84,16,2.935949,False,True,2
-0.04,4,2.937176,False,True,1
1.78,22,2.942988,False,True,3
4.65,35,2.952527,False,True,6
0.92,8,2.954592,False,True,2
2.63,37,2.963485,False,True,4
-0.04,4,2.964463,False,True,1
-0.09,9,2.966584,False,True,1
-0.09,9,2.968805,False,True,1
0.93,7,2.970874,False,True,2
2.79,21,2.97592,False,True,4
-0.23,23,2.982063,False,True,1
-0.01,1,2.982226,False,True,1
-0.01,1,2.983217,False,True,1
-0.01,1,2.9834,False,True,1
0.93,7,2.985536,False,True,2
-0.01,1,2.98568,False,True,1
0.84,16,2.989539,False,True,2
-0.14,14,2.992771,False,True,1
1.11,89,3.014805,False,True,3
2.78,22,3.019827,False,True,4
1.92,8,3.022033,False,True,3
4.9,10,3.024797,False,True,6
-0.1,10,3.026894,False,True,1
-0.03,3,3.027997,False,True,1
-0.02,2,3.028265,False,True,1
-0.18,18,3.033069,False,True,1
0.89,11,3.03634,False,True,2
1.82,18,3.040584,False,True,3
1.81,19,3.045665,False,True,3
0.36,64,3.061906,False,True,2
2.69,31,3.06927,False,True,4
3.88,12,3.072379,False,True,5
-0.03,3,3.072734,False,True,1
0.97,3,3.073751,False,True,2
-0.08,8,3.075946,False,True,1
0.84,16,3.079689,False,True,2
4.84,16,3.083711,False,True,6
0.78,22,3.09004,False,True,2
1.74,26,3.095853,False,True,3
2.7,30,3.103797,False,True,4
0.75,25,3.109647,False,True,2
1.97,3,3.110776,False,True,3
-0.08,8,3.113003,False,True,1
-0.14,14,3.115787,False,True,1
2.8,20,3.127872,False,True,4
-0.06,6,3.13212,False,True,1
5.7,30,3.143305,False,True,7
3.83,17,3.147596,False,True,5
0.24,76,3.165597,False,True,2
-0.22,22,3.170947,False,True,1
1.78,22,3.175864,False,True,3
-0.06,6,3.177576,False,True,1
-0.05,5,3.178781,False,True,1
1.91,9,3.180757,False,True,3
3.85,15,3.185081,False,True,5
0.84,16,3.188992,False,True,2
0.6,40,3.198536,False,True,2
-0.19,19,3.203048,False,True,1
1.82,18,3.206958,False,True,3
-0.02,2,3.207895,False,True,1
-0.01,1,3.208019,False,True,1
-0.01,1,3.208146,False,True,1
-0.07,7,3.21029,False,True,1
-0.09,9,3.21244,False,True,1
0.85,15,3.216486,False,True,2
0.96,4,3.217556,False,True,2
-0.12,12,3.220737,False,True,1
-0.06,6,3.222628,False,True,1
0.94,6,3.223812,False,True,2
1.91,9,3.226079,False,True,3
1.57,43,3.236894,False,True,3
1.88,12,3.240062,False,True,3
0.82,18,3.245002,False,True,2
1.89,11,3.24714,False,True,3
2.77,23,3.25318,False,True,4
-0.09,9,3.255315,False,True,1
2.75,25,3.262518,False,True,4
-0.18,18,3.266679,False,True,1
-0.11,11,3.269635,False,True,1
1.93,7,3.271453,False,True,3
-0.11,11,3.273564,False,True,1
-0.03,3,3.274589,False,True,1
0.97,3,3.275891,False,True,2
0.73,27,3.282656,False,True,2
1.96,4,3.283812,False,True,3
3.61,39,3.291895,False,True,5
-0.22,22,3.297631,False,True,1
1.73,27,3.304586,False,True,3
1.95,5,3.305784,False,True,3
-0.04,4,3.306988,False,True,1
-0.07,7,3.309247,False,True,1
-0.07,7,3.310694,False,True,1
-0.04,4,3.3118,False,True,1
1.96,4,3.312854,False,True,3
0.82,18,3.317727,False,True,2
1.67,33,3.32552,False,True,3
0.79,21,3.330895,False,True,2
1.7,30,3.339646,False,True,3
0.87,13,3.343066,False,True,2
0.87,13,3.346119,False,True,2
1.93,7,3.348144,False,True,3
0.95,5,3.349575,False,True,2
-0.19,19,3.355605,False,True,1
-0.02,2,3.356695,False,True,1
0.73,27,3.363215,False,True,2
-0.14,14,3.367373,False,True,1
-0.06,6,3.368978,False,True,1
0.93,7,3.371176,False,True,2
1.68,32,3.379414,False,True,3
-0.05,5,3.380509,False,True,1
1.94,6,3.382518,False,True,3
0.89,11,3.385627,False,True,2
0.87,13,3.388788,False,True,2
0.9,10,3.391,False,True,2
1.88,12,3.394412,False,True,3
1.44,56,3.408384,False,True,3
-0.06,6,3.410637,False,True,1
-3.0,100,3.434098,False,False,3
3.66,34,3.441835,False,True,5
-0.02,2,3.442937,False,True,1
0.6,40,3.452864,False,True,2
3.65,35,3.4609,False,True,5
2.81,19,3.465476,False,True,4
0.93,7,3.467672,False,True,2
-0.06,6,3.469767,False,True,1
1.83,17,3.473438,False,True,3
-0.02,2,3.473774,False,True,1
-0.02,2,3.47466,False,True,1
3.84,16,3.478795,False,True,5
2.79,21,3.483818,False,True,4
2.63,37,3.493196,False,True,4
0.98,2,3.494308,False,True,2
1.88,12,3.497139,False,True,3
1.8,20,3.502273,False,True,3
0.89,11,3.505446,False,True,2
1.93,7,3.50679,False,True,3
0.93,7,3.508651,False,True,2
2.83,17,3.512964,False,True,4
-0.07,7,3.515241,False,True,1
0.93,7,3.516974,False,True,2
-0.13,13,3.5201,False,True,1
-0.16,16,3.524081,False,True,1
-0.06,6,3.526101,False,True,1
0.85,15,3.529441,False,True,2
-0.46,46,3.541444,False,True,1
-0.2,20,3.54654,False,True,1
0.81,19,3.551471,False,True,2
2.83,17,3.556201,False,True,4
0.9,10,3.558263,False,True,2
-0.03,3,3.559312,False,True,1
2.49,51,3.572891,False,True,4
2.92,8,3.575195,False,True,4
1.8,20,3.580263,False,True,3
-0.36,36,3.588767,False,True,1
2.67,33,3.5965,False,True,4
-0.06,6,3.598283,False,True,1
1.94,6,3.599355,False,True,3
2.9,10,3.602462,False,True,4
0.73,27,3.608304,False,True,2
-0.09,9,3.611391,False,True,1
-0.19,19,3.615144,False,True,1
1.82,18,3.620072,False,True,3
1.76,24,3.62648,False,True,3
0.89,11,3.629851,False,True,2
-0.04,4,3.630917,False,True,1
1.78,22,3.635947,False,True,3
2.9,10,3.638812,False,True,4
0.91,9,3.640939,False,True,2
-0.2,20,3.646199,False,True,1
0.8,20,3.650963,False,True,2
0.91,9,3.653345,False,True,2
-0.08,8,3.655356,False,True,1
-0.01,1,3.655496,False,True,1
0.94,6,3.657266,False,True,2
1.88,12,3.660434,False,True,3
2.7,30,3.667285,False,True,4
-0.06,6,3.669544,False,True,1
-0.05,5,3.670669,False,True,1
1.93,7,3.672889,False,True,3
1.92,8,3.674855,False,True,3
-0.12,12,3.677886,False,True,1
0.77,23,3.683571,False,True,2
0.94,6,3.684985,False,True,2
0.8,20,3.689866,False,True,2
-0.17,17,3.694127,False,True,1
0.96,4,3.695247,False,True,2
0.81,19,3.699928,False,True,2
3.7,30,3.707146,False,True,5
1.83,17,3.71149,False,True,3
0.87,13,3.71444,False,True,2
1.85,15,3.718613,False,True,3
-0.05,5,3.71979,False,True,1
1.82,18,3.724489,False,True,3
1.95,5,3.725537,False,True,3
0.65,35,3.734482,False,True,2
1.64,36,3.757199,False,True,3
3.53,47,3.769955,False,True,5
2.18,82,3.789627,False,True,4
1.65,35,3.798404,False,True,3
1.85,15,3.801932,False,True,3
-0.04,4,3.802932,False,True,1
1.66,34,3.811183,False,True,3
1.71,29,3.817805,False,True,3
0.72,28,3.824601,False,True,2
0.94,6,3.826365,False,True,2
6.35,65,3.841663,False,True,8
-0.01,1,3.841956,False,True,1
-0.01,1,3.842091,False,True,1
0.98,2,3.84293,False,True,2
0.97,3,3.843815,False,True,2
-0.05,5,3.844981,False,True,1
0.72,28,3.851605,False,True,2
2.79,21,3.856925,False,True,4
2.75,25,3.862555,False,True,4
0.9,10,3.865373,False,True,2
-0.17,17,3.869614,False,True,1
-0.03,3,3.87068,False,True,1
-0.04,4,3.871927,False,True,1
-0.02,2,3.87224,False,True,1
4.62,38,3.881854,False,True,6
-0.02,2,3.882084,False,True,1
1.68,32,3.890389,False,True,3
-0.05,5,3.892542,False,True,1
0.95,5,3.893646,False,True,2
-0.18,18,3.897754,False,True,1
0.62,38,3.907178,False,True,2
0.84,16,3.911381,False,True,2
1.9,10,3.913514,False,True,3
1.93,7,3.915538,False,True,3
0.58,42,3.925562,False,True,2
0.93,7,3.927018,False,True,2
-0.05,5,3.928973,False,True,1
0.69,31,3.935805,False,True,2
-0.02,2,3.936805,False,True,1
0.69,31,3.945246,False,True,2
1.87,13,3.948359,False,True,3
-0.03,3,3.949414,False,True,1
2.91,9,3.952066,False,True,4
-0.12,12,3.95564,False,True,1
-0.18,18,3.959866,False,True,1
1.94,6,3.961775,False,True,3
1.72,28,3.969311,False,True,3
1.77,23,3.975394,False,True,3
0.66,34,3.983527,False,True,2
2.85,15,3.987654,False,True,4
2.79,21,3.992691,False,True,4
2.82,18,3.99756,False,True,4
-0.08,8,3.999571,False,True,1
1.8,20,4.004787,False,True,3
-0.07,7,4.005993,False,True,1
-0.09,9,4.008751,False,True,1
0.74,26,4.014931,False,True,2
-0.06,6,4.016743,False,True,1
0.83,17,4.020793,False,True,2
-0.15,15,4.024766,False,True,1
0.97,3,4.025165,False,True,2
-0.06,6,4.027135,False,True,1
0.95,5,4.028223,False,True,2
-0.06,6,4.030265,False,True,1
-0.1,10,4.032571,False,True,1
0.93,7,4.034408,False,True,2
1.37,63,4.050155,False,True,3
1.08,92,4.073736,False,True,3
-0.03,3,4.074095,False,True,1
-0.03,3,4.074964,False,True,1
0.93,7,4.0767,False,True,2
1.86,14,4.079833,False,True,3
1.95,5,4.081688,False,True,3
2.88,12,4.085461,False,True,4
3.76,24,4.090848,False,True,5
2.88,12,4.094016,False,True,4
0.91,9,4.096222,False,True,2
2.93,7,4.09813,False,True,4
1.83,17,4.102334,False,True,3
4.36,64,4.118218,False,True,6
-0.16,16,4.122343,False,True,1
1.34,66,4.138233,False,True,3
0.95,5,4.139922,False,True,2
1.85,15,4.143132,False,True,3
-0.04,4,4.144071,False,True,1
1.87,13,4.148016,False,True,3
-0.03,3,4.148345,False,True,1
1.84,16,4.15262,False,True,3
0.73,27,4.159788,False,True,2
1.95,5,4.160983,False,True,3
-0.02,2,4.162154,False,True,1
0.91,9,4.164688,False,True,2
-0.31,31,4.173115,False,True,1
-0.05,5,4.174417,False,True,1
2.66,34,4.183251,False,True,4
0.88,12,4.186879,False,True,2
1.68,32,4.195059,False,True,3
0.92,8,4.197159,False,True,2
-0.04,4,4.19822,False,True,1
0.92,8,4.200289,False,True,2
0.95,5,4.201379,False,True,2
2.68,32,4.209317,False,True,4
-0.07,7,4.211548,False,True,1
-0.03,3,4.211915,False,True,1
-0.01,1,4.212879,False,True,1
1.75,25,4.218628,False,True,3
0.87,13,4.22168,False,True,2
0.97,3,4.222878,False,True,2
-0.07,7,4.224637,False,True,1
2.74,26,4.23097,False,True,4
2.7,30,4.2392,False,True,4
0.83,17,4.243558,False,True,2
0.8,20,4.249209,False,True,2
1.69,31,4.257565,False,True,3
-0.11,11,4.260199,False,True,1
2.89,11,4.263595,False,True,4
-0.05,5,4.264756,False,True,1
-0.35,35,4.274639,False,True,1
0.96,4,4.275884,False,True,2
2.76,24,4.282483,False,True,4
-0.02,2,4.283676,False,True,1
0.96,4,4.285176,False,True,2
3.86,14,4.288792,False,True,5
0.9,10,4.291939,False,True,2
1.94,6,4.293333,False,True,3
0.87,13,4.296583,False,True,2
1.81,19,4.30146,False,True,3
-0.02,2,4.302578,False,True,1
2.86,14,4.305487,False,True,4
0.83,17,4.309082,False,True,2
-0.04,4,4.310376,False,True,1
1.71,29,4.318584,False,True,3
0.93,7,4.319789,False,True,2
0.96,4,4.320926,False,True,2
5.39,61,4.33554,False,True,7
0.77,23,4.340668,False,True,2
-0.02,2,4.341647,False,True,1
-0.03,3,4.342839,False,True,1
1.81,19,4.347294,False,True,3
4.02,98,4.372874,False,True,6
2.91,9,4.374923,False,True,4
-0.19,19,4.379597,False,True,1
0.77,23,4.385151,False,True,2
0.85,15,4.38856,False,True,2
-0.12,12,4.391616,False,True,1
0.97,3,4.392758,False,True,2
0.97,3,4.393854,False,True,2
1.89,11,4.397099,False,True,3
0.89,11,4.399313,False,True,2
0.94,6,4.401313,False,True,2
0.97,3,4.402396,False,True,2
0.89,11,4.404749,False,True,2
1.81,19,4.409436,False,True,3
0.93,7,4.411675,False,True,2
0.96,4,4.412762,False,True,2
0.91,9,4.415321,False,True,2
1.84,16,4.419604,False,True,3
0.92,8,4.421799,False,True,2
-0.04,4,4.422872,False,True,1
-0.03,3,4.423939,False,True,1
3.85,15,4.427908,False,True,5
6.37,63,4.442105,False,True,8
-0.03,3,4.443129,False,True,1
2.83,17,4.446996,False,True,4
0.94,6,4.44877,False,True,2
3.69,31,4.456679,False,True,5
-0.01,1,4.456889,False,True,1
2.89,11,4.460003,False,True,4
0.88,12,4.463171,False,True,2
0.83,17,4.467488,False,True,2
-0.05,5,4.468881,False,True,1
-4.0,100,4.493122,False,False,2
1.6,40,4.502561,False,True,3
3.49,51,4.514528,False,True,5
-0.01,1,4.514684,False,True,1
5.8,20,4.51967,False,True,7
1.88,12,4.522583,False,True,3
0.73,27,4.529493,False,True,2
3.73,27,4.535768,False,True,5
0.9,10,4.537879,False,True,2
-0.05,5,4.538818,False,True,1
1.89,11,4.54163,False,True,3
1.92,8,4.543735,False,True,3
-0.03,3,4.544873,False,True,1
0.65,35,4.55325,False,True,2
1.85,15,4.556409,False,True,3
-0.17,17,4.560779,False,True,1
-0.02,2,4.561224,False,True,1
0.97,3,4.562368,False,True,2
3.78,22,4.568823,False,True,5
-0.03,3,4.570131,False,True,1
-0.02,2,4.571471,False,True,1
4.78,22,4.576475,False,True,6
-0.08,8,4.578891,False,True,1
0.93,7,4.580935,False,True,2
1.86,14,4.5842,False,True,3
2.83,17,4.589573,False,True,4
0.94,6,4.590887,False,True,2
1.93,7,4.593086,False,True,3
0.86,14,4.59661,False,True,2
1.91,9,4.599239,False,True,3
0.83,17,4.603602,False,True,2
-0.01,1,4.603789,False,True,1
-0.03,3,4.604915,False,True,1
0.96,4,4.605866,False,True,2
0.45,55,4.619818,False,True,2
-0.09,9,4.622054,False,True,1
-0.03,3,4.623305,False,True,1
-0.03,3,4.62367,False,True,1
2.68,32,4.631171,False,True,4
0.95,5,4.632841,False,True,2
-0.02,2,4.633156,False,True,1
0.85,15,4.637069,False,True,2
0.96,4,4.638408,False,True,2
1.41,59,4.653121,False,True,3
0.62,38,4.662632,False,True,2
3.6,40,4.672827,False,True,5
2.92,8,4.674625,False,True,4
0.84,16,4.6784,False,True,2
-0.52,52,4.690955,False,True,1
1.97,3,4.692088,False,True,3
0.97,3,4.693185,False,True,2
-0.05,5,4.694386,False,True,1
-0.02,2,4.694689,False,True,1
0.39,61,4.710094,False,True,2
-0.07,7,4.711396,False,True,1
-0.1,10,4.714202,False,True,1
-0.12,12,4.717425,False,True,1
2.77,23,4.723606,False,True,4
-0.36,36,4.732288,False,True,1
-0.02,2,4.732508,False,True,1
2.51,49,4.744519,False,True,4
1.9,10,4.747448,False,True,3
-0.23,23,4.753049,False,True,1
0.72,28,4.759712,False,True,2
0.92,8,4.761755,False,True,2
0.95,5,4.762806,False,True,2
1.7,30,4.76939,False,True,3
0.89,11,4.772322,False,True,2
1.6,40,4.78565,False,True,3
-0.04,4,4.786898,False,True,1
-0.01,1,4.787035,False,True,1
0.95,5,4.788888,False,True,2
0.98,2,4.789348,False,True,2
-0.1,10,4.79298,False,True,1
-0.04,4,4.794525,False,True,1
-0.02,2,4.794888,False,True,1
3.83,17,4.80009,False,True,5
5.82,18,4.805883,False,True,7
1.38,62,4.826943,False,True,3
0.89,11,4.831394,False,True,2
2.82,18,4.836946,False,True,4
0.94,6,4.840457,False,True,2
-0.06,6,4.843395,False,True,1
2.32,68,4.86284,False,True,4
-0.03,3,4.863281,False,True,1
-0.07,7,4.865618,False,True,1
0.95,5,4.866764,False,True,2
0.89,11,4.870155,False,True,2
1.88,12,4.873113,False,True,3
2.9,10,4.875986,False,True,4
-0.01,1,4.876184,False,True,1
1.82,18,4.879958,False,True,3
-0.06,6,4.881813,False,True,1
-0.14,14,4.885168,False,True,1
0.89,11,4.888827,False,True,2
1.76,24,4.908915,False,True,3
-0.06,6,4.911182,False,True,1
1.79,21,4.917891,False,True,3
1.86,14,4.921496,False,True,3
-0.07,7,4.923885,False,True,1
-0.05,5,4.925325,False,True,1
1.88,12,4.928704,False,True,3
3.33,67,4.947559,False,True,5
1.48,52,4.960823,False,True,3
1.85,15,4.96571,False,True,3
-0.01,1,4.96589,False,True,1
1.7,30,4.974057,False,True,3
-0.25,25,4.980762,False,True,1
-0.05,5,4.982068,False,True,1
5.55,45,4.994071,False,True,7
-0.12,12,4.997138,False,True,1
-4.0,100,5.021176,False,False,2
1.77,23,5.026632,False,True,3
0.93,7,5.029108,False,True,2
-0.04,4,5.030506,False,True,1
0.91,9,5.032713,False,True,2
0.83,17,5.037141,False,True,2
-0.12,12,5.040456,False,True,1
2.81,19,5.046075,False,True,4
1.9,10,5.049207,False,True,3
2.1,90,5.074236,False,True,4
-0.23,23,5.080462,False,True,1
-0.02,2,5.080668,False,True,1
-0.02,2,5.081483,False,True,1
0.97,3,5.082699,False,True,2
1.69,31,5.090595,False,True,3
0.91,9,5.094418,False,True,2
3.38,62,5.110434,False,True,5
1.77,23,5.116779,False,True,3
0.79,21,5.122759,False,True,2
-0.09,9,5.125171,False,True,1
-0.19,19,5.130863,False,True,1
-0.04,4,5.132025,False,True,1
1.67,33,5.140281,False,True,3
0.89,11,5.143498,False,True,2
0.84,16,5.147654,False,True,2
-0.16,16,5.151722,False,True,1
5.82,18,5.157232,False,True,7
0.98,2,5.157546,False,True,2
1.6,40,5.168066,False,True,3
1.95,5,5.169592,False,True,3
0.83,17,5.175008,False,True,2
4.74,26,5.185997,False,True,6
-0.04,4,5.18724,False,True,1
1.89,11,5.192079,False,True,3
0.94,6,5.193292,False,True,2
0.97,3,5.194273,False,True,2
1.74,26,5.202331,False,True,3
0.87,13,5.205414,False,True,2
3.87,13,5.208829,False,True,5
1.89,11,5.212129,False,True,3
0.88,12,5.215597,False,True,2
-0.06,6,5.217142,False,True,1
0.75,25,5.224288,False,True,2
0.94,6,5.225581,False,True,2
1.71,29,5.233052,False,True,3
1.73,27,5.239833,False,True,3
0.93,7,5.242007,False,True,2
0.81,19,5.247743,False,True,2
1.84,16,5.25214,False,True,3
-4.0,100,5.277739,False,False,2
1.83,17,5.281904,False,True,3
1.92,8,5.284212,False,True,3
2.6,40,5.293786,False,True,4
0.96,4,5.295034,False,True,2
1.79,21,5.299463,False,True,3
2.86,14,5.303651,False,True,4
1.86,14,5.311398,False,True,3
0.91,9,5.315816,False,True,2
-0.03,3,5.317206,False,True,1
-0.04,4,5.318144,False,True,1
0.87,13,5.321851,False,True,2
-0.1,10,5.324756,False,True,1
-0.02,2,5.325025,False,True,1
0.95,5,5.327101,False,True,2
1.87,13,5.329861,False,True,3
0.96,4,5.33109,False,True,2
-0.07,7,5.333375,False,True,1
0.95,5,5.334526,False,True,2
0.87,13,5.33842,False,True,2
-0.04,4,5.33958,False,True,1
1.8,20,5.345727,False,True,3
0.87,13,5.349256,False,True,2
2.52,48,5.361907,False,True,4
0.94,6,5.364651,False,True,2
1.92,8,5.366877,False,True,3
0.67,33,5.37587,False,True,2
-0.26,26,5.383034,False,True,1
-0.06,6,5.38457,False,True,1
2.61,39,5.395015,False,True,4
0.91,9,5.397057,False,True,2
0.96,4,5.398449,False,True,2
-0.14,14,5.402541,False,True,1
2.93,7,5.404,False,True,4
0.94,6,5.406192,False,True,2
-0.18,18,5.410364,False,True,1
-0.12,12,5.413885,False,True,1
1.93,7,5.41708,False,True,3
1.93,7,5.419575,False,True,3
-0.02,2,5.419813,False,True,1
0.97,3,5.421213,False,True,2
1.76,24,5.433983,False,True,3
1.75,25,5.440564,False,True,3
1.84,16,5.445031,False,True,3
-0.06,6,5.447389,False,True,1
-0.1,10,5.449822,False,True,1
0.72,28,5.45755,False,True,2
-0.06,6,5.459707,False,True,1
-0.11,11,5.463138,False,True,1
0.95,5,5.464197,False,True,2
0.95,5,5.46532,False,True,2
-0.2,20,5.470652,False,True,1
-0.08,8,5.472989,False,True,1
-0.03,3,5.47411,False,True,1
0.85,15,5.478522,False,True,2
-0.06,6,5.479675,False,True,1
1.97,3,5.48092,False,True,3
2.6,40,5.491931,False,True,4
0.97,3,5.493251,False,True,2
0.85,15,5.496671,False,True,2
0.97,3,5.49774,False,True,2
1.9,10,5.50083,False,True,3
0.97,3,5.501133,False,True,2
0.96,4,5.502223,False,True,2
1.77,23,5.508817,False,True,3
-0.14,14,5.513039,False,True,1
1.77,23,5.51834,False,True,3
-0.12,12,5.521782,False,True,1
1.87,13,5.525828,False,True,3
-0.07,7,5.527345,False,True,1
-0.08,8,5.529627,False,True,1
0.87,13,5.533515,False,True,2
-0.02,2,5.533891,False,True,1
1.76,24,5.540006,False,True,3
0.77,23,5.551911,False,True,2
-0.01,1,5.552149,False,True,1
-0.17,17,5.558994,False,True,1
-0.06,6,5.561217,False,True,1
-0.19,19,5.565708,False,True,1
1.75,25,5.571763,False,True,3
-0.04,4,5.572858,False,True,1
-0.01,1,5.57299,False,True,1
0.84,16,5.577084,False,True,2
0.86,14,5.581361,False,True,2
2.92,8,5.583435,False,True,4
0.82,18,5.587187,False,True,2
0.77,23,5.593689,False,True,2
-0.06,6,5.594857,False,True,1
3.92,8,5.597112,False,True,5
1.89,11,5.600115,False,True,3
0.88,12,5.603353,False,True,2
-0.07,7,5.605409,False,True,1
-0.03,3,5.60655,False,True,1
0.72,28,5.614939,False,True,2
0.72,28,5.623906,False,True,2
0.89,11,5.626881,False,True,2
1.81,19,5.632422,False,True,3
-0.06,6,5.634851,False,True,1
-2.0,100,5.660686,False,False,4
0.87,13,5.664097,False,True,2
1.71,29,5.67203,False,True,3
0.95,5,5.673477,False,True,2
0.86,14,5.678296,False,True,2
0.91,9,5.681172,False,True,2
2.91,9,5.683428,False,True,4
1.74,26,5.691416,False,True,3
-0.06,6,5.692737,False,True,1
3.44,56,5.709067,False,True,5
-0.02,2,5.710348,False,True,1
0.82,18,5.715533,False,True,2
1.92,8,5.717949,False,True,3
-0.19,19,5.733057,False,True,1
-0.28,28,5.743525,False,True,1
-0.28,28,5.75104,False,True,1
-0.1,10,5.754123,False,True,1
-0.1,10,5.756595,False,True,1
0.85,15,5.761251,False,True,2
-0.04,4,5.762543,False,True,1
-0.03,3,5.763686,False,True,1
2.87,13,5.767485,False,True,4
1.88,12,5.771126,False,True,3
-0.13,13,5.775286,False,True,1
0.92,8,5.777977,False,True,2
-0.13,13,5.782106,False,True,1
3.09,91,5.810194,False,True,5
-0.06,6,5.812574,False,True,1
0.9,10,5.817674,False,True,2
0.9,10,5.820991,False,True,2
1.88,12,5.824485,False,True,3
2.92,8,5.826934,False,True,4
-0.06,6,5.828166,False,True,1
0.93,7,5.830883,False,True,2
1.87,13,5.834687,False,True,3
1.92,8,5.837342,False,True,3
-0.09,9,5.839816,False,True,1
1.74,26,5.847375,False,True,3
0.93,7,5.849742,False,True,2
0.69,31,5.857489,False,True,2
-4.0,100,5.884539,False,False,2
2.74,26,5.891603,False,True,4
-0.07,7,5.893821,False,True,1
3.68,32,5.902865,False,True,5
-0.01,1,5.903098,False,True,1
-0.06,6,5.904536,False,True,1
-0.04,4,5.905804,False,True,1
-0.01,1,5.906725,False,True,1
1.88,12,5.90972,False,True,3
-0.02,2,5.909912,False,True,1
-0.02,2,5.911011,False,True,1
-0.03,3,5.911267,False,True,1
1.93,7,5.913348,False,True,3
5.78,22,5.919538,False,True,7
1.85,15,5.922803,False,True,3
0.85,15,5.926419,False,True,2
4.76,24,5.932827,False,True,6
-0.14,14,5.937143,False,True,1
2.77,23,5.94269,False,True,4
2.27,73,5.961133,False,True,4
1.95,5,5.962439,False,True,3
-0.08,8,5.964519,False,True,1
-0.06,6,5.965866,False,True,1
2.93,7,5.967923,False,True,4
2.88,12,5.970887,False,True,4
0.89,11,5.973931,False,True,2
0.95,5,5.975322,False,True,2
0.88,12,5.978364,False,True,2
-0.04,4,5.979422,False,True,1
0.83,17,5.983547,False,True,2
-0.03,3,5.984842,False,True,1
0.75,25,5.991087,False,True,2
-0.09,9,5.993977,False,True,1
-0.03,3,5.994467,False,True,1
-0.04,4,5.995818,False,True,1
-0.09,9,5.998567,False,True,1
2.04,96,6.023396,False,True,4
0.95,5,6.024633,False,True,2
1.96,4,6.025876,False,True,3
1.78,22,6.030824,False,True,3
0.93,7,6.032977,False,True,2
0.94,6,6.03522,False,True,2
4.91,9,6.037462,False,True,6
-0.02,2,6.037681,False,True,1
0.91,9,6.040462,False,True,2
1.81,19,6.044771,False,True,3
1.84,16,6.049288,False,True,3
-0.01,1,6.050143,False,True,1
0.8,20,6.055297,False,True,2
0.98,2,6.055535,False,True,2
-0.03,3,6.056617,False,True,1
-0.03,3,6.057647,False,True,1
1.85,15,6.060886,False,True,3
-0.01,1,6.061836,False,True,1
-0.08,8,6.064108,False,True,1
0.8,20,6.069132,False,True,2
-0.05,5,6.070328,False,True,1
1.76,24,6.076328,False,True,3
0.91,9,6.078546,False,True,2
-0.03,3,6.079636,False,True,1
-0.05,5,6.080793,False,True,1
4.7,30,6.08885,False,True,6
0.85,15,6.092473,False,True,2
1.94,6,6.094666,False,True,3
-0.02,2,6.095003,False,True,1
-0.12,12,6.097837,False,True,1
1.74,26,6.105845,False,True,3
1.8,20,6.111385,False,True,3
-0.06,6,6.112734,False,True,1
-0.04,4,6.113969,False,True,1
0.96,4,6.115335,False,True,2
-0.03,3,6.116334,False,True,1
0.94,6,6.118479,False,True,2
0.95,5,6.11981,False,True,2
0.97,3,6.121125,False,True,2
0.85,15,6.124047,False,True,2
-0.04,4,6.125061,False,True,1
0.91,9,6.128214,False,True,2
0.89,11,6.130538,False,True,2
-0.07,7,6.132824,False,True,1
-0.01,1,6.133055,False,True,1
1.78,22,6.13994,False,True,3
1.56,44,6.151047,False,True,3
-0.07,7,6.153089,False,True,1
-0.13,13,6.156234,False,True,1
-0.02,2,6.156499,False,True,1
0.82,18,6.16167,False,True,2
-0.06,6,6.163056,False,True,1
1.83,17,6.16776,False,True,3
-0.07,7,6.169049,False,True,1
1.92,8,6.1713,False,True,3
-0.09,9,6.173844,False,True,1
-0.12,12,6.177346,False,True,1
-0.01,1,6.17751,False,True,1
0.92,8,6.179853,False,True,2
0.95,5,6.180952,False,True,2
-0.06,6,6.182948,False,True,1
1.81,19,6.187378,False,True,3
3.59,41,6.198125,False,True,5
-0.02,2,6.198371,False,True,1
-0.03,3,6.199371,False,True,1
0.84,16,6.204183,False,True,2
0.77,23,6.210791,False,True,2
-0.07,7,6.212072,False,True,1
1.78,22,6.218404,False,True,3
2.65,35,6.227094,False,True,4
0.9,10,6.229595,False,True,2
-0.14,14,6.233694,False,True,1
1.9,10,6.236347,False,True,3
-0.09,9,6.238498,False,True,1
-0.09,9,6.241483,False,True,1
0.95,5,6.242615,False,True,2
0.81,19,6.248012,False,True,2
-0.01,1,6.248205,False,True,1
-0.01,1,6.24846,False,True,1
2.82,18,6.253539,False,True,4
0.49,51,6.265867,False,True,2
-0.01,1,6.26681,False,True,1
3.79,21,6.272015,False,True,5
-0.03,3,6.273166,False,True,1
3.91,9,6.275404,False,True,5
-0.16,16,6.279311,False,True,1
2.81,19,6.284353,False,True,4
-0.03,3,6.28461,False,True,1
2.66,34,6.293105,False,True,4
1.93,7,6.295092,False,True,3
0.96,4,6.296401,False,True,2
-0.06,6,6.297555,False,True,1
4.72,28,6.304934,False,True,6
-0.13,13,6.308158,False,True,1
3.83,17,6.313462,False,True,5
1.88,12,6.316802,False,True,3
2.91,9,6.319365,False,True,4
-0.07,7,6.321575,False,True,1
-0.03,3,6.322061,False,True,1
-0.04,4,6.323204,False,True,1
0.96,4,6.324394,False,True,2
0.8,20,6.32966,False,True,2
0.98,2,6.330692,False,True,2
-0.07,7,6.332708,False,True,1
-0.12,12,6.336241,False,True,1
1.85,15,6.339918,False,True,3
0.9,10,6.343266,False,True,2
0.96,4,6.344721,False,True,2
0.84,16,6.34885,False,True,2
2.76,24,6.354526,False,True,4
3.84,16,6.358943,False,True,5
2.81,19,6.364308,False,True,4
-0.06,6,6.365597,False,True,1
1.89,11,6.369027,False,True,3
0.97,3,6.37043,False,True,2
-0.33,33,6.379071,False,True,1
1.63,37,6.388478,False,True,3
-0.09,9,6.390562,False,True,1
2.85,15,6.394768,False,True,4
1.94,6,6.396487,False,True,3
0.91,9,6.398672,False,True,2
1.94,6,6.400092,False,True,3
-0.01,1,6.400983,False,True,1
1.7,30,6.408312,False,True,3
-0.06,6,6.410427,False,True,1
-0.25,25,6.416498,False,True,1
-3.0,100,6.442983,False,False,3
2.93,7,6.44487,False,True,4
0.85,15,6.447999,False,True,2
-0.12,12,6.451043,False,True,1
3.78,22,6.457574,False,True,5
0.88,12,6.460987,False,True,2
-0.03,3,6.462243,False,True,1
-0.05,5,6.463316,False,True,1
-0.18,18,6.467816,False,True,1
-0.04,4,6.468982,False,True,1
0.84,16,6.473152,False,True,2
-0.03,3,6.474136,False,True,1
2.89,11,6.477363,False,True,4
3.89,11,6.480817,False,True,5
2.93,7,6.48223,False,True,4
-0.08,8,6.484293,False,True,1
-0.03,3,6.491079,False,True,1
2.79,21,6.507453,False,True,4
2.64,36,6.519086,False,True,4
-0.03,3,6.52027,False,True,1
-0.06,6,6.522658,False,True,1
1.79,21,6.527941,False,True,3
-0.18,18,6.53231,False,True,1
-0.03,3,6.533369,False,True,1
0.94,6,6.535338,False,True,2
-0.07,7,6.536522,False,True,1
0.94,6,6.538906,False,True,2
-0.04,4,6.540194,False,True,1
0.84,16,6.544513,False,True,2
-0.1,10,6.547132,False,True,1
-0.14,14,6.55109,False,True,1
0.76,24,6.557715,False,True,2
-0.04,4,6.559011,False,True,1
1.75,25,6.565109,False,True,3
1.92,8,6.567031,False,True,3
-0.07,7,6.569319,False,True,1
-0.01,1,6.569571,False,True,1
2.6,40,6.579917,False,True,4
1.63,37,6.589311,False,True,3
2.78,22,6.595286,False,True,4
1.73,27,6.602393,False,True,3
1.75,25,6.608885,False,True,3
-0.14,14,6.612084,False,True,1
2.78,22,6.617989,False,True,4
0.93,7,6.620039,False,True,2
1.73,27,6.62639,False,True,3
0.8,20,6.631434,False,True,2
-0.08,8,6.633496,False,True,1
-0.02,2,6.634803,False,True,1
1.84,16,6.639008,False,True,3
0.9,10,6.641186,False,True,2
-0.04,4,6.642233,False,True,1
1.9,10,6.645659,False,True,3
0.84,16,6.649756,False,True,2
-0.02,2,6.649955,False,True,1
-0.3,30,6.658248,False,True,1
3.8,20,6.663713,False,True,5
1.05,95,6.687451,False,True,3
-0.03,3,6.687746,False,True,1
-0.03,3,6.688884,False,True,1
1.61,39,6.698846,False,True,3
-0.05,5,6.700311,False,True,1
-0.01,1,6.700487,False,True,1
-0.03,3,6.701748,False,True,1
0.96,4,6.70317,False,True,2
-3.0,100,6.729534,False,False,3
-0.11,11,6.73217,False,True,1
1.51,49,6.744125,False,True,3
0.95,5,6.745599,False,True,2
-0.05,5,6.747767,False,True,1
-0.04,4,6.748795,False,True,1
-0.04,4,6.750108,False,True,1
-0.09,9,6.752883,False,True,1
3.8,20,6.759193,False,True,5
5.37,63,6.778192,False,True,7
0.85,15,6.781741,False,True,2
-0.14,14,6.785977,False,True,1
-0.03,3,6.787004,False,True,1
0.93,7,6.788302,False,True,2
1.95,5,6.790895,False,True,3
0.78,22,6.799056,False,True,2
1.82,18,6.80572,False,True,3
1.92,8,6.808044,False,True,3
2.94,6,6.809723,False,True,4
1.74,26,6.818492,False,True,3
2.93,7,6.820161,False,True,4
0.77,23,6.826856,False,True,2
-0.01,1,6.827043,False,True,1
0.81,19,6.832908,False,True,2
-0.07,7,6.835459,False,True,1
0.94,6,6.836676,False,True,2
-0.03,3,6.837932,False,True,1
1.89,11,6.841759,False,True,3
2.85,15,6.84622,False,True,4
2.36,64,6.864591,False,True,4
-0.06,6,6.865984,False,True,1
0.95,5,6.867303,False,True,2
-0.07,7,6.869649,False,True,1
0.94,6,6.871813,False,True,2
-0.02,2,6.872125,False,True,1
0.94,6,6.874837,False,True,2
2.87,13,6.878248,False,True,4
0.86,14,6.88154,False,True,2
1.9,10,6.884703,False,True,3
-2.0,100,6.917733,False,False,4
-0.1,10,6.920935,False,True,1
-0.08,8,6.924059,False,True,1
0.67,33,6.934151,False,True,2
0.76,24,6.942074,False,True,2
0.72,28,6.950918,False,True,2
2.91,9,6.953431,False,True,4
1.32,68,6.973611,False,True,3
-0.03,3,6.974896,False,True,1
-0.12,12,6.97794,False,True,1
-0.02,2,6.978142,False,True,1
0.92,8,6.980594,False,True,2
-0.06,6,6.983591,False,True,1
-0.1,10,6.985984,False,True,1
4.63,37,6.998439,False,True,6
-0.05,5,7.000979,False,True,1
-0.05,5,7.002368,False,True,1
-0.03,3,7.003565,False,True,1
0.82,18,7.008533,False,True,2
0.77,23,7.015762,False,True,2
3.79,21,7.023545,False,True,5
-0.08,8,7.025858,False,True,1
2.28,72,7.047886,False,True,4
-0.07,7,7.050084,False,True,1
1.86,14,7.054192,False,True,3
-0.03,3,7.055639,False,True,1
2.93,7,7.05832,False,True,4
2.53,47,7.071553,False,True,4
-0.14,14,7.075503,False,True,1
0.64,36,7.086286,False,True,2
0.9,10,7.089763,False,True,2
2.81,19,7.09444,False,True,4
0.94,6,7.096535,False,True,2
1.92,8,7.098783,False,True,3
0.86,14,7.102629,False,True,2
-0.24,24,7.109709,False,True,1
0.91,9,7.113436,False,True,2
1.92,8,7.116087,False,True,3
-0.01,1,7.116231,False,True,1
-0.07,7,7.118743,False,True,1
-0.03,3,7.11922,False,True,1
0.98,2,7.120286,False,True,2
-0.13,13,7.123837,False,True,1
0.7,30,7.133576,False,True,2
0.93,7,7.135448,False,True,2
-2.0,100,7.16405,False,False,4
-0.07,7,7.166707,False,True,1
-0.2,20,7.17192,False,True,1
-0.11,11,7.175261,False,True,1
1.92,8,7.177425,False,True,3
1.78,22,7.183852,False,True,3
-0.05,5,7.185899,False,True,1
0.97,3,7.186323,False,True,2
-0.03,3,7.187358,False,True,1
1.63,37,7.196375,False,True,3
-0.07,7,7.198331,False,True,1
0.92,8,7.200799,False,True,2
1.89,11,7.204299,False,True,3
-0.06,6,7.20618,False,True,1
0.59,41,7.219773,False,True,2
1.74,26,7.226551,False,True,3
1.89,11,7.230256,False,True,3
-0.01,1,7.230642,False,True,1
-0.05,5,7.232182,False,True,1
1.96,4,7.233825,False,True,3
-0.36,36,7.244142,False,True,1
-0.04,4,7.245433,False,True,1
1.89,11,7.249342,False,True,3
0.8,20,7.255512,False,True,2
-0.08,8,7.25816,False,True,1
1.69,31,7.267725,False,True,3
-0.23,23,7.275446,False,True,1
0.94,6,7.276706,False,True,2
-0.02,2,7.277577,False,True,1
-0.15,15,7.282581,False,True,1
0.83,17,7.289089,False,True,2
-0.03,3,7.289681,False,True,1
-0.1,10,7.293156,False,True,1
2.35,65,7.314789,False,True,4
0.86,14,7.31946,False,True,2
2.91,9,7.32263,False,True,4
3.84,16,7.327609,False,True,5
3.87,13,7.332412,False,True,5
-0.02,2,7.333818,False,True,1
0.77,23,7.341863,False,True,2
2.89,11,7.345865,False,True,4
2.89,11,7.350177,False,True,4
-0.45,45,7.362358,False,True,1
3.83,17,7.366608,False,True,5
-0.07,7,7.369014,False,True,1
0.96,4,7.370422,False,True,2
0.98,2,7.372051,False,True,2
2.86,14,7.376331,False,True,4
-0.07,7,7.378491,False,True,1
-4.0,100,7.405563,False,False,2
-0.14,14,7.409364,False,True,1
-0.12,12,7.41266,False,True,1
0.87,13,7.416608,False,True,2
0.89,11,7.419037,False,True,2
-0.08,8,7.421084,False,True,1
2.91,9,7.424897,False,True,4
1.68,32,7.434304,False,True,3
0.85,15,7.437772,False,True,2
2.93,7,7.440266,False,True,4
0.09,91,7.464423,False,True,2
2.93,7,7.466666,False,True,4
-0.08,8,7.468806,False,True,1
-0.08,8,7.470828,False,True,1
-3.0,100,7.496799,False,False,3
1.43,57,7.51066,False,True,3
0.84,16,7.515411,False,True,2
-0.04,4,7.516724,False,True,1
-0.08,8,7.51895,False,True,1
-0.01,1,7.519148,False,True,1
-0.01,1,7.519271,False,True,1
-0.03,3,7.520457,False,True,1
-0.16,16,7.525302,False,True,1
-0.02,2,7.52629,False,True,1
0.85,15,7.529802,False,True,2
-0.02,2,7.530843,False,True,1
-0.21,21,7.536483,False,True,1
-0.09,9,7.538831,False,True,1
-0.04,4,7.540029,False,True,1
-0.09,9,7.542907,False,True,1
1.95,5,7.54417,False,True,3
0.96,4,7.545169,False,True,2
1.89,11,7.54848,False,True,3
2.82,18,7.553483,False,True,4
-0.11,11,7.556863,False,True,1
-0.12,12,7.55994,False,True,1
2.87,13,7.563438,False,True,4
1.75,25,7.570646,False,True,3
1.45,55,7.585406,False,True,3
-0.06,6,7.587681,False,True,1
-0.02,2,7.58787,False,True,1
-0.03,3,7.589146,False,True,1
0.83,17,7.594036,False,True,2
2.86,14,7.598947,False,True,4
1.7,30,7.606861,False,True,3
-0.12,12,7.610344,False,True,1
-0.04,4,7.611581,False,True,1
1.56,44,7.624249,False,True,3
1.86,14,7.628922,False,True,3
-0.15,15,7.633145,False,True,1
1.71,29,7.642827,False,True,3
1.68,32,7.653609,False,True,3
-0.02,2,7.654048,False,True,1
-0.06,6,7.656165,False,True,1
4.89,11,7.658641,False,True,6
2.82,18,7.664897,False,True,4
-0.05,5,7.666524,False,True,1
0.84,16,7.67068,False,True,2
0.94,6,7.673951,False,True,2
-0.04,4,7.675246,False,True,1
-0.12,12,7.67846,False,True,1
0.98,2,7.678684,False,True,2
0.71,29,7.68859,False,True,2
0.74,26,7.69707,False,True,2
1.89,11,7.700995,False,True,3
0.93,7,7.702103,False,True,2
-4.0,100,7.732001,False,False,2
-0.07,7,7.734547,False,True,1
-0.05,5,7.735771,False,True,1
0.9,10,7.740162,False,True,2
-0.03,3,7.741256,False,True,1
1.08,92,7.769194,False,True,3
-0.14,14,7.773972,False,True,1
2.71,29,7.782222,False,True,4
-0.05,5,7.784174,False,True,1
-0.15,15,7.787141,False,True,1
-0.02,2,7.788849,False,True,1
-2.0,100,7.819346,False,False,4
-0.14,14,7.822876,False,True,1
-0.05,5,7.824851,False,True,1
0.78,22,7.831188,False,True,2
-0.02,2,7.832346,False,True,1
1.9,10,7.836012,False,True,3
0.92,8,7.839285,False,True,2
2.63,37,7.852466,False,True,4
3.88,12,7.856582,False,True,5
1.19,81,7.881227,False,True,3
1.86,14,7.88468,False,True,3
0.91,9,7.887047,False,True,2
-0.31,31,7.895729,False,True,1
2.4,60,7.911452,False,True,4
0.75,25,7.918481,False,True,2
-0.07,7,7.92055,False,True,1
0.89,11,7.924064,False,True,2
1.94,6,7.925677,False,True,3
0.88,12,7.929036,False,True,2
-0.02,2,7.930051,False,True,1
1.97,3,7.931122,False,True,3
1.83,17,7.936399,False,True,3
-0.08,8,7.939818,False,True,1
-0.04,4,7.94131,False,True,1
1.9,10,7.943986,False,True,3
-0.27,27,7.953075,False,True,1
-0.02,2,7.954309,False,True,1
-0.15,15,7.958371,False,True,1
-0.06,6,7.960678,False,True,1
-0.02,2,7.961028,False,True,1
-0.15,15,7.965744,False,True,1
0.72,28,7.974364,False,True,2
0.94,6,7.976637,False,True,2
0.68,32,7.985329,False,True,2
2.88,12,7.98899,False,True,4
0.92,8,7.991237,False,True,2
3.86,14,7.994591,False,True,5
0.74,26,8.002547,False,True,2
2.91,9,8.004851,False,True,4
0.96,4,8.006123,False,True,2
0.93,7,8.00843,False,True,2
1.87,13,8.012234,False,True,3
2.78,22,8.017413,False,True,4
-0.07,7,8.019848,False,True,1
2.94,6,8.021965,False,True,4
0.74,26,8.028737,False,True,2
-0.04,4,8.030138,False,True,1
-0.19,19,8.035684,False,True,1
-0.2,20,8.043062,False,True,1
0.98,2,8.043502,False,True,2
1.65,35,8.054055,False,True,3
2.91,9,8.056619,False,True,4
0.9,10,8.059758,False,True,2
1.84,16,8.064643,False,True,3
6.8,20,8.070423,False,True,8
1.8,20,8.076136,False,True,3
-0.13,13,8.079602,False,True,1
-0.11,11,8.083511,False,True,1
0.97,3,8.084934,False,True,2
-0.02,2,8.085227,False,True,1
-0.08,8,8.087558,False,True,1
5.63,37,8.097882,False,True,7
2.29,71,8.117156,False,True,4
-0.07,7,8.119114,False,True,1
-0.06,6,8.120493,False,True,1
2.49,51,8.135376,False,True,4
1.75,25,8.142009,False,True,3
-0.22,22,8.149225,False,True,1
-0.02,2,8.149608,False,True,1
0.87,13,8.153677,False,True,2
-0.15,15,8.157891,False,True,1
-0.09,9,8.160985,False,True,1
0.9,10,8.164266,False,True,2
-0.04,4,8.165988,False,True,1
0.92,8,8.168614,False,True,2
-0.03,3,8.169627,False,True,1
-0.21,21,8.175654,False,True,1
-0.31,31,8.185683,False,True,1
-0.17,17,8.191052,False,True,1
0.85,15,8.195272,False,True,2
0.96,4,8.196461,False,True,2
-0.04,4,8.198151,False,True,1
-0.03,3,8.199392,False,True,1
2.71,29,8.207759,False,True,4
-0.05,5,8.209228,False,True,1
2.7,30,8.217877,False,True,4
2.77,23,8.223717,False,True,4
0.89,11,8.226942,False,True,2
1.96,4,8.228275,False,True,3
-0.11,11,8.231334,False,True,1
1.91,9,8.233172,False,True,3
1.58,42,8.245902,False,True,3
-0.05,5,8.247149,False,True,1
1.91,9,8.249348,False,True,3
-0.03,3,8.250226,False,True,1
-0.03,3,8.25116,False,True,1
0.77,23,8.257929,False,True,2
5.68,32,8.267898,False,True,7
-0.12,12,8.271652,False,True,1
-0.12,12,8.275597,False,True,1
1.48,52,8.289501,False,True,3
-0.02,2,8.290711,False,True,1
1.95,5,8.291747,False,True,3
0.76,24,8.29832,False,True,2
1.9,10,8.302002,False,True,3
-0.03,3,8.302466,False,True,1
1.69,31,8.310873,False,True,3
0.98,2,8.312138,False,True,2
-0.01,1,8.312302,False,True,1
-0.03,3,8.313396,False,True,1
2.95,5,8.314606,False,True,4
1.61,39,8.325889,False,True,3
-0.28,28,8.334019,False,True,1
-0.06,6,8.335559,False,True,1
-0.03,3,8.336568,False,True,1
-0.08,8,8.338501,False,True,1
0.94,6,8.339635,False,True,2
0.85,15,8.34449,False,True,2
-0.03,3,8.345786,False,True,1
3.22,78,8.366955,False,True,5
1.66,34,8.376407,False,True,3
-0.09,9,8.378618,False,True,1
0.91,9,8.380763,False,True,2
0.97,3,8.381696,False,True,2
-0.05,5,8.382945,False,True,1
-0.11,11,8.386745,False,True,1
2.8,20,8.391861,False,True,4
5.73,27,8.399854,False,True,7
2.65,35,8.408809,False,True,4
0.97,3,8.409302,False,True,2
-0.08,8,8.411516,False,True,1
-0.05,5,8.413504,False,True,1
0.91,9,8.415671,False,True,2
3.8,20,8.420529,False,True,5
1.76,24,8.426865,False,True,3
0.8,20,8.432275,False,True,2
2.96,4,8.433477,False,True,4
-0.01,1,8.433741,False,True,1
-0.06,6,8.43595,False,True,1
1.42,58,8.450253,False,True,3
0.96,4,8.451482,False,True,2
-0.12,12,8.454962,False,True,1
1.69,31,8.463826,False,True,3
-0.05,5,8.465154,False,True,1
-0.03,3,8.46643,False,True,1
-0.1,10,8.468854,False,True,1
0.87,13,8.473184,False,True,2
0.91,9,8.475456,False,True,2
-0.03,3,8.47661,False,True,1
1.93,7,8.478125,False,True,3
-0.01,1,8.479074,False,True,1
2.82,18,8.483361,False,True,4
1.82,18,8.488427,False,True,3
0.86,14,8.491924,False,True,2
-0.07,7,8.494427,False,True,1
0.94,6,8.495695,False,True,2
0.93,7,8.49772,False,True,2
0.92,8,8.49996,False,True,2
0.92,8,8.502497,False,True,2
0.93,7,8.504548,False,True,2
0.96,4,8.505767,False,True,2
2.68,32,8.514303,False,True,4
-0.12,12,8.517396,False,True,1
-0.02,2,8.517677,False,True,1
-0.04,4,8.518841,False,True,1
0.94,6,8.52123,False,True,2
3.92,8,8.523365,False,True,5
1.82,18,8.52737,False,True,3
-0.02,2,8.528394,False,True,1
0.41,59,8.543667,False,True,2
1.91,9,8.545953,False,True,3
-0.02,2,8.546232,False,True,1
-0.03,3,8.547176,False,True,1
-0.05,5,8.548371,False,True,1
0.88,12,8.55217,False,True,2
0.95,5,8.554358,False,True,2
1.78,22,8.559894,False,True,3
-0.05,5,8.561405,False,True,1
-0.03,3,8.562481,False,True,1
-2.0,100,8.587937,False,False,4
0.94,6,8.590157,False,True,2
-0.13,13,8.593182,False,True,1
1.89,11,8.595828,False,True,3
3.78,22,8.601297,False,True,5
0.98,2,8.602313,False,True,2
1.93,7,8.603664,False,True,3
1.62,38,8.613941,False,True,3
-0.02,2,8.614239,False,True,1
-0.03,3,8.615379,False,True,1
-0.04,4,8.616603,False,True,1
-0.03,3,8.617714,False,True,1
0.95,5,8.618992,False,True,2
-0.14,14,8.622826,False,True,1
-0.06,6,8.62414,False,True,1
1.67,33,8.633021,False,True,3
0.92,8,8.635463,False,True,2
0.93,7,8.637593,False,True,2
-0.04,4,8.638731,False,True,1
2.86,14,8.642602,False,True,4
-0.11,11,8.644984,False,True,1
0.75,25,8.652303,False,True,2
1.8,20,8.657631,False,True,3
1.91,9,8.66013,False,True,3
-0.05,5,8.661215,False,True,1
-0.13,13,8.664334,False,True,1
1.86,14,8.668937,False,True,3
0.96,4,8.67003,False,True,2
-0.01,1,8.67018,False,True,1
0.82,18,8.675422,False,True,2
-0.08,8,8.678013,False,True,1
1.62,38,8.687838,False,True,3
-0.34,34,8.697218,False,True,1
0.85,15,8.700894,False,True,2
-0.19,19,8.705863,False,True,1
0.75,25,8.712335,False,True,2
-0.03,3,8.713434,False,True,1
1.61,39,8.723769,False,True,3
0.83,17,8.728162,False,True,2
-0.08,8,8.730088,False,True,1
-0.04,4,8.73128,False,True,1
1.89,11,8.734477,False,True,3
1.87,13,8.737797,False,True,3
1.92,8,8.740009,False,True,3
1.84,16,8.743853,False,True,3
2.86,14,8.747815,False,True,4
1.86,14,8.751465,False,True,3
0.93,7,8.753698,False,True,2
0.85,15,8.757977,False,True,2
2.77,23,8.763572,False,True,4
1.94,6,8.765618,False,True,3
1.88,12,8.76862,False,True,3
1.55,45,8.7797,False,True,3
2.64,36,8.78806,False,True,4
0.95,5,8.789615,False,True,2
-0.07,7,8.791591,False,True,1
3.89,11,8.794719,False,True,5
-0.02,2,8.794946,False,True,1
-0.14,14,8.79857,False,True,1
2.78,22,8.804417,False,True,4
-0.05,5,8.806497,False,True,1
2.9,10,8.808615,False,True,4
-0.04,4,8.810165,False,True,1
-0.04,4,8.811282,False,True,1
1.83,17,8.815598,False,True,3
1.85,15,8.819746,False,True,3
1.14,86,8.84203,False,True,3
-0.04,4,8.843262,False,True,1
2.9,10,8.845439,False,True,4
-0.11,11,8.84877,False,True,1
0.89,11,8.852246,False,True,2
0.98,2,8.852557,False,True,2
1.96,4,8.853678,False,True,3
5.65,35,8.863495,False,True,7
4.74,26,8.871676,False,True,6
1.8,20,8.877927,False,True,3
-0.18,18,8.88335,False,True,1
-0.01,1,8.883543,False,True,1
2.85,15,8.887956,False,True,4
0.91,9,8.890464,False,True,2
0.94,6,8.892525,False,True,2
2.77,23,8.898211,False,True,4
-0.39,39,8.908847,False,True,1
0.9,10,8.912007,False,True,2
-0.11,11,8.914453,False,True,1
-0.05,5,8.916339,False,True,1
1.92,8,8.918775,False,True,3
0.86,14,8.921685,False,True,2
0.93,7,8.923569,False,True,2
0.89,11,8.926551,False,True,2
0.84,16,8.930998,False,True,2
0.9,10,8.933394,False,True,2
0.86,14,8.937995,False,True,2
0.67,33,8.946674,False,True,2
1.87,13,8.950367,False,True,3
-0.03,3,8.951513,False,True,1
-0.06,6,8.952742,False,True,1
-0.21,21,8.959556,False,True,1
-0.28,28,8.967786,False,True,1
-0.05,5,8.969602,False,True,1
0.75,25,8.976735,False,True,2
1.84,16,8.981327,False,True,3
-0.06,6,8.983381,False,True,1
2.83,17,8.98808,False,True,4
-0.23,23,8.994856,False,True,1
-4.0,100,9.019056,False,False,2
3.85,15,9.022501,False,True,5
0.96,4,9.023658,False,True,2
-0.04,4,9.02472,False,True,1
-0.01,1,9.025545,False,True,1
1.86,14,9.028897,False,True,3
-0.16,16,9.032981,False,True,1
1.56,44,9.044773,False,True,3
1.35,65,9.059596,False,True,3
0.6,40,9.071712,False,True,2
0.94,6,9.074558,False,True,2
-0.01,1,9.074706,False,True,1
0.66,34,9.084023,False,True,2
0.95,5,9.085666,False,True,2
-0.03,3,9.086786,False,True,1
1.36,64,9.104172,False,True,3
2.85,15,9.107528,False,True,4
5.49,51,9.120497,False,True,7
-0.17,17,9.124432,False,True,1
-0.01,1,9.125394,False,True,1
-4.0,100,9.151223,False,False,2
1.91,9,9.153866,False,True,3
0.95,5,9.155232,False,True,2
-0.17,17,9.1602,False,True,1
0.77,23,9.166836,False,True,2
-0.04,4,9.168236,False,True,1
-0.04,4,9.169387,False,True,1
-0.14,14,9.172933,False,True,1
2.81,19,9.177449,False,True,4
1.76,24,9.183654,False,True,3
-0.06,6,9.185785,False,True,1
-4.0,100,9.210978,False,False,2
2.77,23,9.21652,False,True,4
-0.03,3,9.216915,False,True,1
-0.04,4,9.218019,False,True,1
0.93,7,9.220002,False,True,2
0.76,24,9.226338,False,True,2
-0.08,8,9.228603,False,True,1
0.92,8,9.230547,False,True,2
0.93,7,9.232626,False,True,2
-0.01,1,9.232762,False,True,1
1.94,6,9.235192,False,True,3
-0.06,6,9.236558,False,True,1
-0.22,22,9.242387,False,True,1
0.93,7,9.243899,False,True,2
0.88,12,9.246912,False,True,2
-0.14,14,9.251035,False,True,1
0.97,3,9.252121,False,True,2
1.88,12,9.255335,False,True,3
-0.03,3,9.255764,False,True,1
-0.18,18,9.261114,False,True,1
-0.01,1,9.261391,False,True,1
1.81,19,9.266672,False,True,3
1.81,19,9.272385,False,True,3
-2.0,100,9.298286,False,False,4
-0.04,4,9.299443,False,True,1
0.81,19,9.304116,False,True,2
2.74,26,9.311268,False,True,4
0.25,75,9.331028,False,True,2
-2.0,100,9.356078,False,False,4
1.88,12,9.3593,False,True,3
-0.02,2,9.359647,False,True,1
-0.01,1,9.359781,False,True,1
-0.04,4,9.360773,False,True,1
-0.07,7,9.362816,False,True,1
0.94,6,9.3654,False,True,2
1.63,37,9.375081,False,True,3
0.9,10,9.377394,False,True,2
1.96,4,9.378577,False,True,3
0.93,7,9.380558,False,True,2
-0.18,18,9.386073,False,True,1
0.96,4,9.387816,False,True,2
1.47,53,9.402932,False,True,3
0.72,28,9.410439,False,True,2
0.91,9,9.412962,False,True,2
-0.02,2,9.41404,False,True,1
1.84,16,9.418306,False,True,3
4.69,31,9.426493,False,True,6
1.9,10,9.429595,False,True,3
1.95,5,9.430958,False,True,3
0.7,30,9.439673,False,True,2
-0.14,14,9.443467,False,True,1
1.9,10,9.446797,False,True,3
1.43,57,9.4625,False,True,3
-0.11,11,9.465603,False,True,1
0.95,5,9.467151,False,True,2
-0.08,8,9.469251,False,True,1
1.88,12,9.472417,False,True,3
0.57,43,9.484518,False,True,2
0.66,34,9.494211,False,True,2
0.94,6,9.496614,False,True,2
-0.05,5,9.497905,False,True,1
0.84,16,9.502351,False,True,2
-0.06,6,9.503753,False,True,1
2.84,16,9.508011,False,True,4
0.94,6,9.510106,False,True,2
1.59,41,9.521311,False,True,3
-0.03,3,9.522535,False,True,1
0.91,9,9.524386,False,True,2
1.81,19,9.529877,False,True,3
0.92,8,9.531955,False,True,2
0.72,28,9.539864,False,True,2
0.95,5,9.541075,False,True,2
1.93,7,9.54341,False,True,3
1.73,27,9.551298,False,True,3
0.62,38,9.561515,False,True,2
-0.02,2,9.562739,False,True,1
-0.01,1,9.562906,False,True,1
0.93,7,9.565226,False,True,2
1.8,20,9.571365,False,True,3
1.76,24,9.577677,False,True,3
1.82,18,9.582329,False,True,3
-0.16,16,9.587184,False,True,1
2.69,31,9.595838,False,True,4
2.38,62,9.612525,False,True,4
0.85,15,9.616595,False,True,2
2.1,90,9.63987,False,True,4
-0.05,5,9.641416,False,True,1
-0.16,16,9.645925,False,True,1
-0.02,2,9.646144,False,True,1
0.88,12,9.649909,False,True,2
-0.22,22,9.656834,False,True,1
1.89,11,9.660289,False,True,3
4.68,32,9.668962,False,True,6
-0.01,1,9.669157,False,True,1
-0.09,9,9.671516,False,True,1
0.94,6,9.673583,False,True,2
1.93,7,9.675238,False,True,3
-0.01,1,9.683238,False,True,1
0.89,11,9.693195,False,True,2
1.75,25,9.705795,False,True,3
0.86,14,9.709876,False,True,2
2.84,16,9.714616,False,True,4
0.97,3,9.715904,False,True,2
0.9,10,9.718246,False,True,2
2.82,18,9.723897,False,True,4
-0.04,4,9.725354,False,True,1
0.95,5,9.726651,False,True,2
2.73,27,9.733994,False,True,4
1.68,32,9.742898,False,True,3
1.58,42,9.752443,False,True,3
-0.02,2,9.753669,False,True,1
0.44,56,9.767592,False,True,2
-0.12,12,9.771055,False,True,1
-0.02,2,9.771276,False,True,1
-0.07,7,9.773285,False,True,1
-0.03,3,9.774334,False,True,1
0.77,23,9.780758,False,True,2
1.88,12,9.783679,False,True,3
4.81,19,9.788532,False,True,6
1.82,18,9.794202,False,True,3
0.97,3,9.79531,False,True,2
1.95,5,9.796918,False,True,3
0.94,6,9.798422,False,True,2
1.8,20,9.803866,False,True,3
1.94,6,9.806012,False,True,3
0.91,9,9.808193,False,True,2
2.8,20,9.814017,False,True,4
-0.1,10,9.816972,False,True,1
2.91,9,9.819714,False,True,4
-0.04,4,9.820955,False,True,1
1.41,59,9.836112,False,True,3
0.96,4,9.837397,False,True,2
0.92,8,9.839391,False,True,2
-0.23,23,9.845185,False,True,1
2.72,28,9.852137,False,True,4
0.95,5,9.854253,False,True,2
-0.15,15,9.857968,False,True,1
1.82,18,9.86317,False,True,3
-0.07,7,9.865683,False,True,1
1.88,12,9.86901,False,True,3
-0.05,5,9.870299,False,True,1
0.8,20,9.876169,False,True,2
0.95,5,9.877591,False,True,2
0.9,10,9.88073,False,True,2
3.77,23,9.886756,False,True,5
-0.12,12,9.890094,False,True,1
-0.02,2,9.89124,False,True,1
-0.04,4,9.892661,False,True,1
2.86,14,9.896329,False,True,4
2.81,19,9.902463,False,True,4
-0.03,3,9.904238,False,True,1
1.8,20,9.910352,False,True,3
1.83,17,9.915184,False,True,3
-0.01,1,9.915381,False,True,1
0.89,11,9.919458,False,True,2
1.81,19,9.925555,False,True,3
-0.05,5,9.927024,False,True,1
0.97,3,9.928464,False,True,2
-0.02,2,9.928905,False,True,1
1.94,6,9.931129,False,True,3
-0.05,5,9.932436,False,True,1
0.89,11,9.935966,False,True,2
1.97,3,9.937302,False,True,3
0.96,4,9.938625,False,True,2
-0.01,1,9.938781,False,True,1
0.92,8,9.941005,False,True,2
-0.08,8,9.943591,False,True,1
1.95,5,9.944885,False,True,3
-0.11,11,9.948298,False,True,1
1.93,7,9.950589,False,True,3
-0.05,5,9.952332,False,True,1
-3.0,100,9.980224,False,False,3
1.74,26,9.98711,False,True,3
0.82,18,9.992594,False,True,2
-0.05,5,9.993891,False,True,1
0.89,11,9.997239,False,True,2
2.64,36,10.007049,False,True,4
1.78,22,10.012797,False,True,3
0.88,12,10.016518,False,True,2
-0.01,1,10.017519,False,True,1
1.92,8,10.019809,False,True,3
0.97,3,10.020153,False,True,2
-0.01,1,10.021159,False,True,1
0.97,3,10.0215,False,True,2
1.86,14,10.025825,False,True,3
0.98,2,10.026106,False,True,2
0.93,7,10.028441,False,True,2
-0.08,8,10.030858,False,True,1
0.76,24,10.037203,False,True,2
0.78,22,10.043749,False,True,2
0.74,26,10.050575,False,True,2
0.95,5,10.05167,False,True,2
-0.03,3,10.052924,False,True,1
0.91,9,10.055377,False,True,2
-0.06,6,10.057857,False,True,1
-0.06,6,10.059065,False,True,1
-0.09,9,10.062135,False,True,1
1.16,84,10.08338,False,True,3
0.9,10,10.085727,False,True,2
-0.03,3,10.086918,False,True,1
0.96,4,10.088151,False,True,2
-0.02,2,10.088413,False,True,1
0.94,6,10.090705,False,True,2
-0.03,3,10.091937,False,True,1
-0.26,26,10.098459,False,True,1
0.9,10,10.101756,False,True,2
0.95,5,10.103298,False,True,2
-0.1,10,10.10553,False,True,1
-0.08,8,10.107753,False,True,1
-0.17,17,10.11318,False,True,1
-0.06,6,10.114413,False,True,1
-0.04,4,10.115403,False,True,1
-0.13,13,10.119016,False,True,1
0.93,7,10.121171,False,True,2
3.79,21,10.127072,False,True,5
-0.03,3,10.128128,False,True,1
0.97,3,10.129229,False,True,2
2.93,7,10.131447,False,True,4
0.98,2,10.131932,False,True,2
0.84,16,10.136251,False,True,2
-0.09,9,10.138589,False,True,1
0.98,2,10.139784,False,True,2
2.83,17,10.144404,False,True,4
0.9,10,10.148137,False,True,2
-0.09,9,10.150392,False,True,1
1.55,45,10.162693,False,True,3
-0.02,2,10.16396,False,True,1
3.88,12,10.1691,False,True,5
3.89,11,10.171449,False,True,5
-0.07,7,10.174143,False,True,1
3.92,8,10.177381,False,True,5
3.77,23,10.185072,False,True,5
-0.12,12,10.189314,False,True,1
0.94,6,10.190829,False,True,2
3.8,20,10.196125,False,True,5
1.89,11,10.200203,False,True,3
2.9,10,10.203421,False,True,4
-0.06,6,10.205235,False,True,1
-0.04,4,10.206815,False,True,1
-0.04,4,10.208157,False,True,1
-0.11,11,10.211541,False,True,1
-0.11,11,10.215437,False,True,1
0.96,4,10.216855,False,True,2
-0.04,4,10.218194,False,True,1
0.92,8,10.22056,False,True,2
-0.03,3,10.220877,False,True,1
1.76,24,10.233354,False,True,3
0.67,33,10.243915,False,True,2
-0.11,11,10.246282,False,True,1
3.61,39,10.256567,False,True,5
-0.07,7,10.259217,False,True,1
-4.0,100,10.290751,False,False,2
0.98,2,10.291082,False,True,2
3.7,30,10.30194,False,True,5
-0.04,4,10.304203,False,True,1
1.12,88,10.329372,False,True,3
-0.08,8,10.331808,False,True,1
-0.07,7,10.334147,False,True,1
-0.01,1,10.334509,False,True,1
1.96,4,10.335821,False,True,3
3.91,9,10.338263,False,True,5
-0.09,9,10.342117,False,True,1
-0.1,10,10.345944,False,True,1
1.75,25,10.353457,False,True,3
-0.15,15,10.358152,False,True,1
3.77,23,10.364619,False,True,5
-0.05,5,10.366248,False,True,1
-0.13,13,10.369484,False,True,1
3.85,15,10.3741,False,True,5
-0.02,2,10.374492,False,True,1
-0.08,8,10.37717,False,True,1
-0.16,16,10.382555,False,True,1
-0.06,6,10.385172,False,True,1
1.92,8,10.387483,False,True,3
-0.03,3,10.388695,False,True,1
-0.06,6,10.389916,False,True,1
-0.08,8,10.392176,False,True,1
-0.03,3,10.393422,False,True,1
2.91,9,10.39598,False,True,4
-0.05,5,10.397311,False,True,1
0.91,9,10.400126,False,True,2
3.91,9,10.402318,False,True,5
2.84,16,10.407467,False,True,4
0.82,18,10.412932,False,True,2
0.74,26,10.420937,False,True,2
0.67,33,10.431041,False,True,2
1.66,34,10.442294,False,True,3
-0.02,2,10.442566,False,True,1
2.92,8,10.444644,False,True,4
0.97,3,10.445698,False,True,2
3.92,8,10.448725,False,True,5
2.68,32,10.45864,False,True,4
0.96,4,10.460023,False,True,2
2.79,21,10.466297,False,True,4
0.8,20,10.471933,False,True,2
0.96,4,10.473122,False,True,2
-0.03,3,10.474507,False,True,1
0.87,13,10.478222,False,True,2
0.83,17,10.483551,False,True,2
1.93,7,10.485897,False,True,3
-0.02,2,10.486915,False,True,1
-0.06,6,10.4881,False,True,1
3.8,20,10.494844,False,True,5
3.86,14,10.499983,False,True,5
-0.02,2,10.500323,False,True,1
0.82,18,10.506631,False,True,2
-0.13,13,10.510169,False,True,1
2.62,38,10.521226,False,True,4
0.9,10,10.52493,False,True,2
-0.06,6,10.526466,False,True,1
1.61,39,10.537107,False,True,3
1.93,7,10.539552,False,True,3
2.71,29,10.547074,False,True,4
2.9,10,10.550161,False,True,4
-0.04,4,10.5514,False,True,1
2.91,9,10.553711,False,True,4
-0.05,5,10.55512,False,True,1
-4.0,100,10.580847,False,False,2
-0.05,5,10.582086,False,True,1
-0.04,4,10.583295,False,True,1
0.9,10,10.586503,False,True,2
1.83,17,10.591127,False,True,3
2.72,28,10.598384,False,True,4
0.95,5,10.599562,False,True,2
-0.02,2,10.60082,False,True,1
1.87,13,10.604843,False,True,3
2.9,10,10.608077,False,True,4
-0.09,9,10.610676,False,True,1
-0.01,1,10.610859,False,True,1
-0.02,2,10.611886,False,True,1
0.87,13,10.615293,False,True,2
-0.05,5,10.616407,False,True,1
0.96,4,10.61766,False,True,2
-0.03,3,10.619069,False,True,1
-0.04,4,10.620329,False,True,1
-0.03,3,10.621661,False,True,1
1.61,39,10.632259,False,True,3
-0.03,3,10.633479,False,True,1
0.98,2,10.634943,False,True,2
-0.13,13,10.638126,False,True,1
-0.07,7,10.640119,False,True,1
2.72,28,10.647504,False,True,4
0.76,24,10.65427,False,True,2
1.79,21,10.659558,False,True,3
-0.2,20,10.664997,False,True,1
1.83,17,10.6694,False,True,3
-0.07,7,10.671776,False,True,1
-0.02,2,10.672103,False,True,1
-0.11,11,10.675042,False,True,1
0.13,87,10.697103,False,True,2
0.35,65,10.713858,False,True,2
-0.04,4,10.71512,False,True,1
1.96,4,10.716273,False,True,3
5.14,86,10.738474,False,True,7
0.71,29,10.74568,False,True,2
-0.05,5,10.746998,False,True,1
0.88,12,10.750532,False,True,2
-0.18,18,10.755527,False,True,1
-0.09,9,10.757723,False,True,1
0.92,8,10.760058,False,True,2
0.82,18,10.76449,False,True,2
1.84,16,10.768951,False,True,3
-0.18,18,10.773963,False,True,1
1.83,17,10.778299,False,True,3
2.66,34,10.787595,False,True,4
-0.03,3,10.787969,False,True,1
-0.13,13,10.791843,False,True,1
3.41,59,10.806391,False,True,5
3.85,15,10.810339,False,True,5
3.86,14,10.814089,False,True,5
-0.07,7,10.815609,False,True,1
0.93,7,10.81777,False,True,2
1.86,14,10.821653,False,True,3
-0.24,24,10.827626,False,True,1
1.41,59,10.842362,False,True,3
0.94,6,10.844507,False,True,2
1.57,43,10.855432,False,True,3
-0.01,1,10.855634,False,True,1
0.86,14,10.858876,False,True,2
0.87,13,10.862267,False,True,2
1.32,68,10.879499,False,True,3
1.74,26,10.88524,False,True,3
-0.19,19,10.890044,False,True,1
-0.08,8,10.891938,False,True,1
-0.03,3,10.892908,False,True,1
1.92,8,10.895214,False,True,3
0.94,6,10.8965,False,True,2
-0.05,5,10.897652,False,True,1
1.88,12,10.900581,False,True,3
2.6,40,10.91138,False,True,4
-0.13,13,10.915595,False,True,1
3.88,12,10.918822,False,True,5
0.93,7,10.920323,False,True,2
-0.05,5,10.922426,False,True,1
0.86,14,10.925913,False,True,2
1.94,6,10.928205,False,True,3
1.74,26,10.934793,False,True,3
-0.18,18,10.939752,False,True,1
1.82,18,10.944033,False,True,3
3.85,15,10.948218,False,True,5
-0.04,4,10.949254,False,True,1
0.36,64,10.965311,False,True,2
-0.05,5,10.966669,False,True,1
-0.04,4,10.967775,False,True,1
0.6,40,10.978102,False,True,2
0.65,35,10.986965,False,True,2
0.85,15,10.990911,False,True,2
-0.02,2,10.991176,False,True,1
-0.13,13,10.994392,False,True,1
0.92,8,10.996619,False,True,2
-0.08,8,10.998889,False,True,1
1.86,14,11.0031,False,True,3
0.78,22,11.008044,False,True,2
2.85,15,11.012319,False,True,4
3.64,36,11.022021,False,True,5
-0.07,7,11.024059,False,True,1
-0.03,3,11.025129,False,True,1
1.94,6,11.026348,False,True,3
-0.13,13,11.029845,False,True,1
0.93,7,11.031997,False,True,2
0.84,16,11.036143,False,True,2
2.85,15,11.039904,False,True,4
-0.01,1,11.040168,False,True,1
2.87,13,11.043426,False,True,4
1.9,10,11.046339,False,True,3
0.95,5,11.047526,False,True,2
0.88,12,11.050635,False,True,2
-0.17,17,11.055246,False,True,1
3.88,12,11.058359,False,True,5
-0.04,4,11.059695,False,True,1
0.78,22,11.065493,False,True,2
0.75,25,11.07159,False,True,2
2.29,71,11.089818,False,True,4
1.8,20,11.094797,False,True,3
1.9,10,11.097093,False,True,3
0.61,39,11.106627,False,True,2
-0.03,3,11.107901,False,True,1
-0.11,11,11.111186,False,True,1
1.65,35,11.120886,False,True,3
2.57,43,11.131695,False,True,4
-0.06,6,11.134303,False,True,1
-0.14,14,11.137727,False,True,1
0.94,6,11.140041,False,True,2
-0.07,7,11.141274,False,True,1
-0.03,3,11.142299,False,True,1
1.86,14,11.146109,False,True,3
0.77,23,11.152892,False,True,2
-0.26,26,11.161253,False,True,1
1.95,5,11.162543,False,True,3
0.97,3,11.163664,False,True,2
-0.01,1,11.163966,False,True,1
-0.22,22,11.172419,False,True,1
0.9,10,11.175638,False,True,2
-0.08,8,11.178564,False,True,1
-0.02,2,11.180596,False,True,1
-0.04,4,11.181708,False,True,1
-0.02,2,11.18197,False,True,1
-0.12,12,11.185622,False,True,1
0.79,21,11.191788,False,True,2
1.82,18,11.197429,False,True,3
-0.06,6,11.19878,False,True,1
0.92,8,11.201046,False,True,2
-0.14,14,11.205233,False,True,1
2.92,8,11.207686,False,True,4
4.81,19,11.213109,False,True,6
2.76,24,11.219941,False,True,4
-0.04,4,11.221553,False,True,1
0.95,5,11.222907,False,True,2
-0.13,13,11.226412,False,True,1
1.67,33,11.235074,False,True,3
1.72,28,11.243693,False,True,3
0.95,5,11.245549,False,True,2
-0.16,16,11.250048,False,True,1
2.75,25,11.256749,False,True,4
1.94,6,11.258416,False,True,3
0.9,10,11.261748,False,True,2
1.68,32,11.270765,False,True,3
-0.04,4,11.2721,False,True,1
0.86,14,11.275822,False,True,2
0.93,7,11.277862,False,True,2
-0.01,1,11.278045,False,True,1
-0.09,9,11.281273,False,True,1
0.93,7,11.282825,False,True,2
0.73,27,11.289949,False,True,2
3.71,29,11.297393,False,True,5
2.9,10,11.300324,False,True,4
-0.09,9,11.302684,False,True,1
-0.03,3,11.303793,False,True,1
-3.0,100,11.329799,False,False,3
-0.11,11,11.332933,False,True,1
-4.0,100,11.35955,False,False,2
-0.05,5,11.360802,False,True,1
0.47,53,11.373958,False,True,2
2.61,39,11.383567,False,True,4
1.7,30,11.39058,False,True,3
2.86,14,11.395048,False,True,4
1.92,8,11.397246,False,True,3
-0.05,5,11.398429,False,True,1
-0.02,2,11.399676,False,True,1
-2.0,100,11.424732,False,False,4
0.92,8,11.426891,False,True,2
0.82,18,11.430867,False,True,2
2.85,15,11.434942,False,True,4
1.39,61,11.450129,False,True,3
-0.15,15,11.454543,False,True,1
3.63,37,11.462786,False,True,5
-0.03,3,11.463915,False,True,1
3.72,28,11.47089,False,True,5
0.94,6,11.472437,False,True,2
1.95,5,11.474446,False,True,3
0.89,11,11.476875,False,True,2
2.72,28,11.483882,False,True,4
-0.08,8,11.486284,False,True,1
-0.06,6,11.488276,False,True,1
0.97,3,11.489399,False,True,2
1.93,7,11.490804,False,True,3
-0.13,13,11.494889,False,True,1
1.55,45,11.506344,False,True,3
-0.19,19,11.511546,False,True,1
-0.06,6,11.512692,False,True,1
-0.02,2,11.513552,False,True,1
0.97,3,11.513844,False,True,2
-0.02,2,11.514914,False,True,1
0.91,9,11.51703,False,True,2
-0.01,1,11.517156,False,True,1
1.6,40,11.52776,False,True,3
2.9,10,11.531063,False,True,4
-0.03,3,11.532134,False,True,1
1.92,8,11.534591,False,True,3
0.49,51,11.547738,False,True,2
0.96,4,11.548961,False,True,2
1.96,4,11.550105,False,True,3
0.84,16,11.554367,False,True,2
-0.05,5,11.556371,False,True,1
-0.05,5,11.557603,False,True,1
2.89,11,11.560943,False,True,4
-0.21,21,11.56612,False,True,1
1.72,28,11.573744,False,True,3
-0.03,3,11.575047,False,True,1
0.92,8,11.577365,False,True,2
0.9,10,11.580105,False,True,2
0.96,4,11.581665,False,True,2
3.89,11,11.585298,False,True,5
-0.13,13,11.588874,False,True,1
-0.09,9,11.591145,False,True,1
1.94,6,11.593106,False,True,3
-0.1,10,11.595804,False,True,1
1.85,15,11.599869,False,True,3
-0.05,5,11.601326,False,True,1
-0.12,12,11.604617,False,True,1
-0.03,3,11.605935,False,True,1
1.68,32,11.614399,False,True,3
-4.0,100,11.640469,False,False,2
-0.09,9,11.643129,False,True,1
-3.0,100,11.672246,False,False,3
-0.14,14,11.676814,False,True,1
2.91,9,11.679019,False,True,4
-0.01,1,11.679168,False,True,1
2.93,7,11.681761,False,True,4
-0.03,3,11.683082,False,True,1
-0.02,2,11.683337,False,True,1
0.56,44,11.696084,False,True,2
-0.02,2,11.697307,False,True,1
0.9,10,11.699959,False,True,2
1.91,9,11.702985,False,True,3
1.8,20,11.709368,False,True,3
0.81,19,11.713956,False,True,2
-0.03,3,11.715174,False,True,1
1.89,11,11.718456,False,True,3
-0.07,7,11.72075,False,True,1
0.98,2,11.721188,False,True,2
-0.23,23,11.727582,False,True,1
-0.09,9,11.730195,False,True,1
-0.08,8,11.732828,False,True,1
1.91,9,11.736138,False,True,3
0.92,8,11.739119,False,True,2
2.84,16,11.743729,False,True,4
0.7,30,11.753239,False,True,2
-0.03,3,11.754581,False,True,1
0.9,10,11.757132,False,True,2
-0.07,7,11.75954,False,True,1
0.97,3,11.760523,False,True,2
1.67,33,11.770538,False,True,3
1.68,32,11.781,False,True,3
-0.05,5,11.782667,False,True,1
1.88,12,11.786586,False,True,3
1.26,74,11.808419,False,True,3
-0.14,14,11.811752,False,True,1
1.65,35,11.821416,False,True,3
3.78,22,11.827163,False,True,5
-0.09,9,11.830581,False,True,1
1.92,8,11.832857,False,True,3
2.8,20,11.840272,False,True,4
-2.0,100,11.869882,False,False,4
1.77,23,11.875883,False,True,3
0.96,4,11.877106,False,True,2
1.46,54,11.893533,False,True,3
0.89,11,11.896673,False,True,2
3.81,19,11.902083,False,True,5
1.79,21,11.908865,False,True,3
0.96,4,11.910146,False,True,2
-0.09,9,11.912313,False,True,1
1.86,14,11.915946,False,True,3
-0.1,10,11.919336,False,True,1
1.55,45,11.93355,False,True,3
-1.0,100,11.965168,False,False,5
-3.0,100,11.993818,False,False,3
1.81,19,11.999555,False,True,3
2.94,6,12.000946,False,True,4
0.96,4,12.002033,False,True,2
0.91,9,12.005472,False,True,2
-0.04,4,12.006795,False,True,1
-0.05,5,12.008298,False,True,1
1.82,18,12.013433,False,True,3
1.78,22,12.020771,False,True,3
1.91,9,12.022848,False,True,3
2.37,63,12.042352,False,True,4
-0.02,2,12.042629,False,True,1
0.81,19,12.048736,False,True,2
2.6,40,12.059595,False,True,4
0.84,16,12.06452,False,True,2
1.92,8,12.067243,False,True,3
0.34,66,12.088817,False,True,2
3.51,49,12.102468,False,True,5
0.88,12,12.105995,False,True,2
1.65,35,12.116047,False,True,3
0.9,10,12.118232,False,True,2
0.91,9,12.12042,False,True,2
-0.15,15,12.125137,False,True,1
-0.05,5,12.126799,False,True,1
3.85,15,12.13142,False,True,5
0.88,12,12.135889,False,True,2
0.86,14,12.14075,False,True,2
-0.02,2,12.141135,False,True,1
2.73,27,12.150166,False,True,4
1.74,26,12.158439,False,True,3
-0.07,7,12.160833,False,True,1
-0.01,1,12.161002,False,True,1
3.56,44,12.174681,False,True,5
-0.02,2,12.175941,False,True,1
-0.07,7,12.178131,False,True,1
-0.03,3,12.178543,False,True,1
0.94,6,12.180667,False,True,2
-0.12,12,12.184116,False,True,1
1.84,16,12.188588,False,True,3
5.76,24,12.195746,False,True,7
0.84,16,12.200502,False,True,2
0.72,28,12.207912,False,True,2
1.91,9,12.210324,False,True,3
-0.03,3,12.211629,False,True,1
0.91,9,12.21425,False,True,2
-0.05,5,12.215756,False,True,1
1.83,17,12.221181,False,True,3
2.58,42,12.233152,False,True,4
-3.0,100,12.261683,False,False,3
1.87,13,12.26568,False,True,3
1.61,39,12.276466,False,True,3
0.9,10,12.279425,False,True,2
1.94,6,12.28129,False,True,3
-0.03,3,12.282487,False,True,1
-0.06,6,12.283632,False,True,1
-0.02,2,12.284591,False,True,1
-0.04,4,12.285716,False,True,1
1.94,6,12.287003,False,True,3
-3.0,100,12.31568,False,False,3
-0.09,9,12.318742,False,True,1
0.84,16,12.323223,False,True,2
3.74,26,12.330063,False,True,5
-0.03,3,12.331492,False,True,1
0.97,3,12.332707,False,True,2
-0.08,8,12.335493,False,True,1
0.86,14,12.338969,False,True,2
-0.01,1,12.33913,False,True,1
1.93,7,12.340925,False,True,3
2.9,10,12.344074,False,True,4
0.56,44,12.356845,False,True,2
0.98,2,12.357199,False,True,2
1.92,8,12.359319,False,True,3
0.92,8,12.362019,False,True,2
-0.02,2,12.363076,False,True,1
1.59,41,12.374527,False,True,3
3.94,6,12.375859,False,True,5
0.97,3,12.377227,False,True,2
-0.15,15,12.381185,False,True,1
0.9,10,12.383561,False,True,2
-0.06,6,12.385927,False,True,1
1.58,42,12.396797,False,True,3
0.97,3,12.397988,False,True,2
-0.13,13,12.401573,False,True,1
-0.03,3,12.402654,False,True,1
-0.02,2,12.403862,False,True,1
-0.13,13,12.406968,False,True,1
1.9,10,12.409109,False,True,3
-0.01,1,12.410242,False,True,1
1.94,6,12.411782,False,True,3
0.91,9,12.4139,False,True,2
1.88,12,12.416895,False,True,3
-0.09,9,12.420067,False,True,1
-0.09,9,12.42277,False,True,1
0.92,8,12.424706,False,True,2
-3.0,100,12.450923,False,False,3
1.82,18,12.455275,False,True,3
-0.08,8,12.457595,False,True,1
0.7,30,12.46568,False,True,2
-2.0,100,12.491083,False,False,4
-0.08,8,12.493265,False,True,1
1.81,19,12.498839,False,True,3
-0.04,4,12.499976,False,True,1
-0.03,3,12.500283,False,True,1
0.86,14,12.504661,False,True,2
0.92,8,12.507324,False,True,2
-0.04,4,12.508524,False,True,1
-0.2,20,12.513938,False,True,1
0.63,37,12.522761,False,True,2
0.95,5,12.524278,False,True,2
0.96,4,12.52562,False,True,2
2.92,8,12.527976,False,True,4
1.6,40,12.538783,False,True,3
-0.03,3,12.54005,False,True,1
0.85,15,12.544552,False,True,2
4.57,43,12.556012,False,True,6
1.87,13,12.559228,False,True,3
-0.01,1,12.559529,False,True,1
0.94,6,12.561523,False,True,2
0.97,3,12.561733,False,True,2
0.94,6,12.563495,False,True,2
-0.07,7,12.565769,False,True,1
1.84,16,12.570281,False,True,3
1.86,14,12.573759,False,True,3
-0.02,2,12.574725,False,True,1
-0.08,8,12.577285,False,True,1
-0.1,10,12.579609,False,True,1
2.82,18,12.58535,False,True,4
-0.06,6,12.586774,False,True,1
1.9,10,12.589866,False,True,3
2.77,23,12.595025,False,True,4
-0.02,2,12.596,False,True,1
0.47,53,12.609205,False,True,2
-0.11,11,12.612699,False,True,1
1.84,16,12.616835,False,True,3
-0.06,6,12.61828,False,True,1
0.79,21,12.624051,False,True,2
-0.02,2,12.624393,False,True,1
-0.02,2,12.625452,False,True,1
0.61,39,12.634704,False,True,2
-0.11,11,12.638049,False,True,1
-0.05,5,12.639695,False,True,1
-3.0,100,12.666257,False,False,3
-0.03,3,12.667398,False,True,1
-0.13,13,12.670425,False,True,1
0.96,4,12.671695,False,True,2
-0.29,29,12.67966,False,True,1
0.9,10,12.681789,False,True,2
4.84,16,12.686095,False,True,6
2.05,95,12.709841,False,True,4
0.66,34,12.717408,False,True,2
0.58,42,12.727882,False,True,2
-0.09,9,12.729942,False,True,1
-0.16,16,12.733995,False,True,1
-0.09,9,12.735968,False,True,1
1.68,32,12.744835,False,True,3
3.81,19,12.749684,False,True,5
2.65,35,12.758804,False,True,4
2.03,97,12.782436,False,True,4
-0.03,3,12.783535,False,True,1
0.93,7,12.785601,False,True,2
-0.03,3,12.786082,False,True,1
1.83,17,12.790907,False,True,3
2.62,38,12.809804,False,True,4
0.87,13,12.816111,False,True,2
2.9,10,12.820365,False,True,4
0.91,9,12.823271,False,True,2
1.73,27,12.831925,False,True,3
-0.13,13,12.835354,False,True,1
2.8,20,12.842166,False,True,4
0.93,7,12.84433,False,True,2
0.9,10,12.846552,False,True,2
2.77,23,12.853082,False,True,4
1.91,9,12.855749,False,True,3
3.8,20,12.862171,False,True,5
0.91,9,12.865767,False,True,2
2.69,31,12.87365,False,True,4
-0.02,2,12.874949,False,True,1
-0.07,7,12.877341,False,True,1
0.88,12,12.880575,False,True,2
-0.02,2,12.880807,False,True,1
3.8,20,12.886608,False,True,5
0.95,5,12.887954,False,True,2
0.87,13,12.892725,False,True,2
1.94,6,12.894144,False,True,3
0.91,9,12.896748,False,True,2
-0.13,13,12.90129,False,True,1
-0.13,13,12.904553,False,True,1
-0.01,1,12.904695,False,True,1
2.85,15,12.909151,False,True,4
-0.12,12,12.912832,False,True,1
0.98,2,12.91313,False,True,2
1.92,8,12.915598,False,True,3
1.54,46,12.929029,False,True,3
-0.02,2,12.929329,False,True,1
1.86,14,12.933814,False,True,3
0.85,15,12.937788,False,True,2
3.83,17,12.942346,False,True,5
-0.03,3,12.943562,False,True,1
1.9,10,12.946087,False,True,3
-0.13,13,12.949988,False,True,1
2.52,48,12.965131,False,True,4
-0.05,5,12.967246,False,True,1
-0.05,5,12.968565,False,True,1
1.89,11,12.972147,False,True,3
-0.05,5,12.973396,False,True,1
1.94,6,12.974892,False,True,3
0.92,8,12.97697,False,True,2
1.79,21,12.983587,False,True,3
2.91,9,12.986,False,True,4
1.06,94,13.010151,False,True,3
1.83,17,13.015418,False,True,3
3.72,28,13.022376,False,True,5
-0.03,3,13.022936,False,True,1
0.87,13,13.026355,False,True,2
1.85,15,13.029967,False,True,3
0.96,4,13.031506,False,True,2
0.94,6,13.034075,False,True,2
-0.16,16,13.038315,False,True,1
0.72,28,13.045592,False,True,2
-0.05,5,13.046747,False,True,1
-0.18,18,13.052287,False,True,1
0.94,6,13.053735,False,True,2
-0.03,3,13.054962,False,True,1
-3.0,100,13.081151,False,False,3
-0.07,7,13.083345,False,True,1
4.69,31,13.091047,False,True,6
2.81,19,13.096455,False,True,4
-0.06,6,13.098426,False,True,1
0.98,2,13.098787,False,True,2
-0.04,4,13.099814,False,True,1
0.92,8,13.101793,False,True,2
3.85,15,13.105564,False,True,5
0.96,4,13.106882,False,True,2
-0.03,3,13.107928,False,True,1
-0.03,3,13.108204,False,True,1
0.96,4,13.109716,False,True,2
0.97,3,13.111078,False,True,2
1.78,22,13.117671,False,True,3
-0.04,4,13.118972,False,True,1
0.83,17,13.122839,False,True,2
1.95,5,13.124176,False,True,3
1.44,56,13.138662,False,True,3
1.81,19,13.143742,False,True,3
-0.03,3,13.144826,False,True,1
0.87,13,13.148112,False,True,2
-0.16,16,13.152771,False,True,1
-0.02,2,13.153054,False,True,1
-0.08,8,13.155515,False,True,1
-0.12,12,13.158906,False,True,1
1.93,7,13.161447,False,True,3
0.89,11,13.164968,False,True,2
-0.04,4,13.166322,False,True,1
0.9,10,13.169467,False,True,2
-0.06,6,13.171713,False,True,1
1.79,21,13.177646,False,True,3
-0.21,21,13.183369,False,True,1
-0.04,4,13.184924,False,True,1
-0.17,17,13.189852,False,True,1
0.95,5,13.191212,False,True,2
0.89,11,13.194664,False,True,2
0.86,14,13.198337,False,True,2
-0.04,4,13.199811,False,True,1
0.95,5,13.201166,False,True,2
2.87,13,13.205314,False,True,4
-0.02,2,13.205661,False,True,1
1.79,21,13.211118,False,True,3
1.76,24,13.217753,False,True,3
2.67,33,13.227362,False,True,4
-0.05,5,13.228823,False,True,1
0.89,11,13.231969,False,True,2
1.86,14,13.235605,False,True,3
-0.04,4,13.236993,False,True,1
-0.09,9,13.239654,False,True,1
0.93,7,13.241639,False,True,2
0.69,31,13.250319,False,True,2
0.98,2,13.250604,False,True,2
-0.09,9,13.253902,False,True,1
-0.14,14,13.257198,False,True,1
1.56,44,13.26971,False,True,3
0.8,20,13.276084,False,True,2
-0.07,7,13.278828,False,True,1
-0.1,10,13.281777,False,True,1
2.55,45,13.295795,False,True,4
2.69,31,13.304674,False,True,4
-0.07,7,13.307333,False,True,1
1.86,14,13.311158,False,True,3
-0.13,13,13.3147,False,True,1
-0.04,4,13.316223,False,True,1
0.52,48,13.331734,False,True,2
2.91,9,13.334108,False,True,4
0.87,13,13.337795,False,True,2
0.97,3,13.339375,False,True,2
-0.12,12,13.342769,False,True,1
1.8,20,13.356058,False,True,3
1.9,10,13.368742,False,True,3
-0.07,7,13.371667,False,True,1
-0.1,10,13.375937,False,True,1
-0.06,6,13.378358,False,True,1
0.77,23,13.389353,False,True,2
1.95,5,13.390863,False,True,3
-0.13,13,13.395469,False,True,1
0.88,12,13.399772,False,True,2
-0.01,1,13.400032,False,True,1
-0.04,4,13.401492,False,True,1
0.93,7,13.404902,False,True,2
0.8,20,13.411101,False,True,2
2.9,10,13.413969,False,True,4
-0.04,4,13.415563,False,True,1
-0.16,16,13.420864,False,True,1
0.96,4,13.422247,False,True,2
-0.06,6,13.424587,False,True,1
-0.03,3,13.425081,False,True,1
2.77,23,13.432371,False,True,4
2.83,17,13.437224,False,True,4
2.87,13,13.442286,False,True,4
3.95,5,13.443658,False,True,5
0.89,11,13.447029,False,True,2
-0.02,2,13.447276,False,True,1
1.76,24,13.454281,False,True,3
1.9,10,13.457715,False,True,3
-0.06,6,13.459459,False,True,1
-0.01,1,13.45968,False,True,1
0.94,6,13.461849,False,True,2
-0.02,2,13.462147,False,True,1
-0.05,5,13.465239,False,True,1
-0.16,16,13.471313,False,True,1
-0.03,3,13.471848,False,True,1
1.2,80,13.497704,False,True,3
2.81,19,13.503389,False,True,4
0.54,46,13.517419,False,True,2
1.88,12,13.520637,False,True,3
0.9,10,13.523793,False,True,2
1.84,16,13.527904,False,True,3
0.93,7,13.530017,False,True,2
1.89,11,13.533957,False,True,3
0.9,10,13.536175,False,True,2
-0.05,5,13.537665,False,True,1
2.84,16,13.542926,False,True,4
0.97,3,13.544275,False,True,2
3.53,47,13.556955,False,True,5
1.6,40,13.570933,False,True,3
0.87,13,13.57482,False,True,2
1.83,17,13.579406,False,True,3
0.77,23,13.586371,False,True,2
0.68,32,13.595363,False,True,2
-0.03,3,13.596694,False,True,1
0.89,11,13.600726,False,True,2
1.9,10,13.603602,False,True,3
0.71,29,13.6119,False,True,2
0.9,10,13.615991,False,True,2
1.9,10,13.618479,False,True,3
-0.01,1,13.619453,False,True,1
1.76,24,13.626274,False,True,3
1.74,26,13.633601,False,True,3
-0.05,5,13.635015,False,True,1
-0.05,5,13.637222,False,True,1
0.67,33,13.645909,False,True,2
3.83,17,13.650591,False,True,5
2.81,19,13.656571,False,True,4
-3.0,100,13.685129,False,False,3
-0.03,3,13.686309,False,True,1
0.53,47,13.700679,False,True,2
0.93,7,13.70313,False,True,2
-0.01,1,13.703309,False,True,1
-0.08,8,13.706456,False,True,1
3.84,16,13.710805,False,True,5
0.97,3,13.712501,False,True,2
1.86,14,13.717742,False,True,3
1.57,43,13.731042,False,True,3
-0.06,6,13.73348,False,True,1
0.87,13,13.736982,False,True,2
0.96,4,13.738067,False,True,2
0.95,5,13.739985,False,True,2
-0.04,4,13.741367,False,True,1
-0.11,11,13.744649,False,True,1
-0.1,10,13.748526,False,True,1
1.94,6,13.750015,False,True,3
5.51,49,13.763764,False,True,7
1.85,15,13.768203,False,True,3
0.8,20,13.773672,False,True,2
1.69,31,13.783043,False,True,3
-0.06,6,13.784548,False,True,1
-0.04,4,13.785683,False,True,1
2.65,35,13.795859,False,True,4
0.68,32,13.807073,False,True,2
0.92,8,13.809468,False,True,2
0.97,3,13.81095,False,True,2
1.92,8,13.813246,False,True,3
1.65,35,13.824681,False,True,3
-0.12,12,13.828466,False,True,1
2.86,14,13.832474,False,True,4
1.64,36,13.842108,False,True,3
0.93,7,13.84454,False,True,2
-0.05,5,13.84567,False,True,1
0.85,15,13.850835,False,True,2
0.88,12,13.854127,False,True,2
0.82,18,13.859336,False,True,2
2.9,10,13.862682,False,True,4
0.92,8,13.86555,False,True,2
-0.02,2,13.865785,False,True,1
-0.14,14,13.870532,False,True,1
-1.0,100,13.901977,False,False,5
0.87,13,13.905982,False,True,2
0.89,11,13.909342,False,True,2
0.97,3,13.91066,False,True,2
-0.08,8,13.912884,False,True,1
0.78,22,13.919197,False,True,2
0.95,5,13.920306,False,True,2
-0.05,5,13.923146,False,True,1
0.92,8,13.925555,False,True,2
0.83,17,13.930651,False,True,2
0.96,4,13.932323,False,True,2
4.23,77,13.953602,False,True,6
0.94,6,13.95607,False,True,2
0.89,11,13.95872,False,True,2
1.89,11,13.961896,False,True,3
-0.12,12,13.964959,False,True,1
0.81,19,13.970312,False,True,2
0.89,11,13.973815,False,True,2
0.94,6,13.975416,False,True,2
0.88,12,13.9793,False,True,2
0.92,8,13.982129,False,True,2
1.82,18,13.988516,False,True,3
-0.13,13,13.992194,False,True,1
1.95,5,13.993922,False,True,3
-0.17,17,13.998802,False,True,1
1.91,9,14.001943,False,True,3
-0.01,1,14.002144,False,True,1
-0.12,12,14.006326,False,True,1
-0.07,7,14.008525,False,True,1
-0.05,5,14.00981,False,True,1
-0.07,7,14.012253,False,True,1
2.39,61,14.031081,False,True,4
-0.07,7,14.033496,False,True,1
0.98,2,14.033731,False,True,2
-0.03,3,14.034833,False,True,1
2.03,97,14.060755,False,True,4
0.56,44,14.072216,False,True,2
-3.0,100,14.100004,False,False,3
4.9,10,14.103604,False,True,6
1.91,9,14.106518,False,True,3
0.98,2,14.10674,False,True,2
3.85,15,14.110811,False,True,5
3.67,33,14.121007,False,True,5
-0.11,11,14.124763,False,True,1
2.74,26,14.133035,False,True,4
0.91,9,14.135631,False,True,2
0.88,12,14.138935,False,True,2
-0.08,8,14.141875,False,True,1
-3.0,100,14.170717,False,False,3
0.9,10,14.173049,False,True,2
-0.06,6,14.175572,False,True,1
-0.01,1,14.175854,False,True,1
-0.04,4,14.177066,False,True,1
0.74,26,14.185114,False,True,2
3.84,16,14.189884,False,True,5
-0.07,7,14.191454,False,True,1
2.85,15,14.195824,False,True,4
0.81,19,14.202443,False,True,2
-0.01,1,14.202655,False,True,1
0.85,15,14.207488,False,True,2
-0.09,9,14.20979,False,True,1
3.8,20,14.217363,False,True,5
-0.19,19,14.225232,False,True,1
-0.12,12,14.229008,False,True,1
2.75,25,14.235927,False,True,4
0.77,23,14.242371,False,True,2
1.84,16,14.246674,False,True,3
-0.06,6,14.248204,False,True,1
0.97,3,14.249402,False,True,2
0.91,9,14.251699,False,True,2
1.83,17,14.25716,False,True,3
-0.03,3,14.257645,False,True,1
1.93,7,14.259914,False,True,3
-0.06,6,14.262075,False,True,1
-0.03,3,14.262394,False,True,1
-0.15,15,14.266555,False,True,1
-4.0,100,14.293858,False,False,2
-0.03,3,14.295032,False,True,1
-0.01,1,14.295167,False,True,1
-0.07,7,14.298587,False,True,1
-0.19,19,14.305289,False,True,1
-0.25,25,14.312254,False,True,1
-0.11,11,14.315526,False,True,1
-0.03,3,14.316046,False,True,1
-0.23,23,14.322978,False,True,1
0.98,2,14.323904,False,True,2
-0.24,24,14.33037,False,True,1
0.19,81,14.352922,False,True,2
0.94,6,14.354396,False,True,2
0.63,37,14.364617,False,True,2
-0.03,3,14.364994,False,True,1
-0.02,2,14.366143,False,True,1
2.61,39,14.377186,False,True,4
0.96,4,14.378488,False,True,2
0.75,25,14.385011,False,True,2
2.22,78,14.405264,False,True,4
0.57,43,14.416996,False,True,2
-0.16,16,14.421178,False,True,1
0.96,4,14.422171,False,True,2
2.68,32,14.430651,False,True,4
2.87,13,14.434225,False,True,4
0.97,3,14.435618,False,True,2
1.5,50,14.449161,False,True,3
-3.0,100,14.474881,False,False,3
3.89,11,14.477174,False,True,5
2.5,50,14.489969,False,True,4
-0.01,1,14.490152,False,True,1
-0.01,1,14.490406,False,True,1
0.85,15,14.494209,False,True,2
1.7,30,14.502331,False,True,3
-0.19,19,14.506395,False,True,1
-0.47,47,14.518791,False,True,1
-0.16,16,14.523269,False,True,1
-3.0,100,14.547244,False,False,3
1.9,10,14.550059,False,True,3
0.78,22,14.555094,False,True,2
-0.19,19,14.560169,False,True,1
0.93,7,14.562147,False,True,2
0.85,15,14.565674,False,True,2
1.87,13,14.569998,False,True,3
1.9,10,14.572346,False,True,3
3.76,24,14.579025,False,True,5
2.92,8,14.581242,False,True,4
3.69,31,14.590396,False,True,5
0.86,14,14.594059,False,True,2
0.92,8,14.596412,False,True,2
-0.04,4,14.597512,False,True,1
0.76,24,14.604434,False,True,2
0.82,18,14.609446,False,True,2
0.84,16,14.613919,False,True,2
0.77,23,14.619899,False,True,2
0.9,10,14.62218,False,True,2
-0.01,1,14.622312,False,True,1
0.85,15,14.625929,False,True,2
0.84,16,14.631055,False,True,2
0.97,3,14.632751,False,True,2
0.95,5,14.634312,False,True,2
0.78,22,14.640597,False,True,2
0.84,16,14.645316,False,True,2
1.91,9,14.647933,False,True,3
-0.09,9,14.650107,False,True,1
-0.13,13,14.654062,False,True,1
0.85,15,14.658434,False,True,2
0.95,5,14.660099,False,True,2
-0.01,1,14.66117,False,True,1
1.85,15,14.664775,False,True,3
0.68,32,14.674029,False,True,2
-0.08,8,14.676333,False,True,1
-0.03,3,14.677408,False,True,1
1.17,83,14.700429,False,True,3
0.49,51,14.713791,False,True,2
0.82,18,14.71908,False,True,2
0.88,12,14.723254,False,True,2
-0.24,24,14.73047,False,True,1
3.84,16,14.735117,False,True,5
-0.01,1,14.735403,False,True,1
-0.1,10,14.738511,False,True,1
0.97,3,14.739709,False,True,2
-0.05,5,14.741089,False,True,1
1.95,5,14.742682,False,True,3
2.93,7,14.745207,False,True,4
-0.08,8,14.747582,False,True,1
1.76,24,14.754239,False,True,3
-0.03,3,14.755295,False,True,1
0.97,3,14.75565,False,True,2
-0.03,3,14.756884,False,True,1
3.14,86,14.782491,False,True,5
-0.03,3,14.782997,False,True,1
-0.07,7,14.785037,False,True,1
-0.05,5,14.786337,False,True,1
-0.04,4,14.787487,False,True,1
0.95,5,14.789769,False,True,2
-0.05,5,14.791274,False,True,1
0.97,3,14.792674,False,True,2
1.79,21,14.798464,False,True,3
-0.15,15,14.803646,False,True,1
0.83,17,14.808752,False,True,2
0.97,3,14.810078,False,True,2
-3.0,100,14.838774,False,False,3
-0.03,3,14.839294,False,True,1
2.64,36,14.849783,False,True,4
1.9,10,14.852915,False,True,3
-0.1,10,14.855329,False,True,1
1.89,11,14.858782,False,True,3
-0.13,13,14.862568,False,True,1
2.4,60,14.87937,False,True,4
1.91,9,14.882452,False,True,3
-2.0,100,14.909811,False,False,4
-3.0,100,14.936034,False,False,3
1.52,48,14.949225,False,True,3
0.96,4,14.950367,False,True,2
2.94,6,14.951735,False,True,4
5.85,15,14.955947,False,True,7
1.94,6,14.957478,False,True,3
0.9,10,14.961038,False,True,2
1.86,14,14.965275,False,True,3
0.96,4,14.966486,False,True,2
0.78,22,14.973553,False,True,2
0.98,2,14.973889,False,True,2
-0.21,21,14.981583,False,True,1
0.92,8,14.983851,False,True,2
0.93,7,14.98547,False,True,2
0.82,18,14.991363,False,True,2
0.92,8,14.994258,False,True,2
2.75,25,15.001971,False,True,4
-0.03,3,15.003176,False,True,1
-0.25,25,15.010424,False,True,1
0.92,8,15.013377,False,True,2
1.59,41,15.025222,False,True,3
-0.13,13,15.029645,False,True,1
-0.05,5,15.030987,False,True,1
3.69,31,15.0409,False,True,5
4.45,55,15.055997,False,True,6
2.92,8,15.058186,False,True,4
2.87,13,15.062476,False,True,4
-0.07,7,15.064408,False,True,1
-0.04,4,15.065828,False,True,1
0.87,13,15.070022,False,True,2
0.9,10,15.072861,False,True,2
1.51,49,15.0873,False,True,3
-0.04,4,15.088541,False,True,1
-0.1,10,15.092222,False,True,1
-2.0,100,15.15397,False,False,4
4.87,13,15.157602,False,True,6
-0.08,8,15.159645,False,True,1
0.98,2,15.16069,False,True,2
-0.12,12,15.164313,False,True,1
-0.09,9,15.16698,False,True,1
3.77,23,15.173707,False,True,5
-0.1,10,15.176239,False,True,1
-0.09,9,15.178735,False,True,1
0.94,6,15.181173,False,True,2
-0.01,1,15.18144,False,True,1
-0.03,3,15.182406,False,True,1
-0.07,7,15.184644,False,True,1
2.8,20,15.190615,False,True,4
-0.04,4,15.191725,False,True,1
-0.05,5,15.193287,False,True,1
2.61,39,15.204655,False,True,4
1.88,12,15.207931,False,True,3
-0.1,10,15.210359,False,True,1
-0.04,4,15.21133,False,True,1
-0.39,39,15.222001,False,True,1
0.97,3,15.22328,False,True,2
0.89,11,15.22522,False,True,2
2.79,21,15.231554,False,True,4
-0.03,3,15.231906,False,True,1
0.96,4,15.233188,False,True,2
-0.05,5,15.235178,False,True,1
0.97,3,15.235495,False,True,2
3.4,60,15.252118,False,True,5
-0.14,14,15.256777,False,True,1
3.86,14,15.260424,False,True,5
0.74,26,15.267499,False,True,2
2.93,7,15.269837,False,True,4
3.93,7,15.271313,False,True,5
-3.0,100,15.2957,False,False,3
-0.02,2,15.296845,False,True,1
-0.08,8,15.299105,False,True,1
2.59,41,15.310331,False,True,4
1.76,24,15.316511,False,True,3
0.8,20,15.321666,False,True,2
0.96,4,15.322688,False,True,2
-0.04,4,15.324128,False,True,1
2.84,16,15.328685,False,True,4
-4.0,100,15.35473,False,False,2
-0.01,1,15.354927,False,True,1
0.96,4,15.356329,False,True,2
2.76,24,15.362963,False,True,4
2.76,24,15.370005,False,True,4
-0.05,5,15.372044,False,True,1
-0.05,5,15.373673,False,True,1
0.93,7,15.375773,False,True,2
2.86,14,15.378987,False,True,4
0.91,9,15.381862,False,True,2
-0.07,7,15.384293,False,True,1
-0.12,12,15.387771,False,True,1
1.9,10,15.39108,False,True,3
2.92,8,15.393236,False,True,4
2.32,68,15.41342,False,True,4
-0.04,4,15.414877,False,True,1
1.79,21,15.420469,False,True,3
-0.05,5,15.42171,False,True,1
3.71,29,15.43013,False,True,5
0.96,4,15.431358,False,True,2
-0.05,5,15.433511,False,True,1
-0.07,7,15.434868,False,True,1
2.66,34,15.44429,False,True,4
0.93,7,15.446741,False,True,2
3.14,86,15.471167,False,True,5
0.54,46,15.483674,False,True,2
1.96,4,15.484983,False,True,3
0.17,83,15.507726,False,True,2
2.79,21,15.514165,False,True,4
1.8,20,15.51947,False,True,3
1.84,16,15.523655,False,True,3
0.64,36,15.53375,False,True,2
2.92,8,15.535991,False,True,4
0.9,10,15.538748,False,True,2
-0.15,15,15.542851,False,True,1
2.86,14,15.546098,False,True,4
2.81,19,15.551932,False,True,4
5.4,60,15.566663,False,True,7
-0.03,3,15.567986,False,True,1
-0.04,4,15.569065,False,True,1
-0.08,8,15.571399,False,True,1
-0.04,4,15.572683,False,True,1
0.89,11,15.576168,False,True,2
-0.04,4,15.577186,False,True,1
4.39,61,15.593709,False,True,6
0.96,4,15.594903,False,True,2
1.93,7,15.596868,False,True,3
3.46,54,15.610541,False,True,5
-0.12,12,15.613743,False,True,1
1.94,6,15.615651,False,True,3
-0.02,2,15.616083,False,True,1
-0.08,8,15.618354,False,True,1
-0.01,1,15.618497,False,True,1
-0.03,3,15.619573,False,True,1
0.76,24,15.626817,False,True,2
-0.06,6,15.629051,False,True,1
-0.02,2,15.629241,False,True,1
3.79,21,15.635117,False,True,5
-0.07,7,15.637522,False,True,1
-0.02,2,15.638599,False,True,1
1.83,17,15.642783,False,True,3
-0.05,5,15.64398,False,True,1
0.96,4,15.645178,False,True,2
1.91,9,15.647612,False,True,3
-0.01,1,15.648477,False,True,1
2.91,9,15.650937,False,True,4
-0.07,7,15.653456,False,True,1
-0.02,2,15.653735,False,True,1
3.75,25,15.660247,False,True,5
2.65,35,15.669621,False,True,4
-0.13,13,15.672723,False,True,1
0.64,36,15.68157,False,True,2
-0.07,7,15.683584,False,True,1
0.9,10,15.686878,False,True,2
-0.12,12,15.690195,False,True,1
-0.02,2,15.690417,False,True,1
0.92,8,15.692402,False,True,2
0.89,11,15.695626,False,True,2
1.85,15,15.699896,False,True,3
2.9,10,15.702309,False,True,4
-0.05,5,15.70366,False,True,1
-0.06,6,15.705651,False,True,1
0.91,9,15.708235,False,True,2
-0.06,6,15.710491,False,True,1
2.94,6,15.711871,False,True,4
-0.02,2,15.713097,False,True,1
-0.06,6,15.714521,False,True,1
1.65,35,15.723609,False,True,3
0.88,12,15.727083,False,True,2
0.98,2,15.727348,False,True,2
0.97,3,15.728589,False,True,2
2.91,9,15.730793,False,True,4
0.88,12,15.734091,False,True,2
3.75,25,15.741507,False,True,5
0.85,15,15.745021,False,True,2
0.81,19,15.750141,False,True,2
0.56,44,15.762264,False,True,2
0.86,14,15.766544,False,True,2
1.96,4,15.768024,False,True,3
1.82,18,15.772084,False,True,3
-0.16,16,15.776293,False,True,1
0.92,8,15.778289,False,True,2
3.81,19,15.783177,False,True,5
-0.03,3,15.784216,False,True,1
3.79,21,15.789561,False,True,5
-0.02,2,15.789851,False,True,1
1.86,14,15.79429,False,True,3
0.94,6,15.795368,False,True,2
1.71,29,15.803283,False,True,3
0.96,4,15.80448,False,True,2
-0.07,7,15.805904,False,True,1
3.44,56,15.821211,False,True,5
-0.03,3,15.822261,False,True,1
1.85,15,15.826577,False,True,3
0.87,13,15.830245,False,True,2
-0.06,6,15.832195,False,True,1
0.94,6,15.833671,False,True,2
0.92,8,15.836444,False,True,2
0.94,6,15.838711,False,True,2
0.91,9,15.841357,False,True,2
-0.09,9,15.843956,False,True,1
0.92,8,15.846175,False,True,2
-0.01,1,15.846439,False,True,1
1.23,77,15.868832,False,True,3
-0.04,4,15.869954,False,True,1
-0.1,10,15.87255,False,True,1
0.78,22,15.878581,False,True,2
-0.14,14,15.882108,False,True,1
0.93,7,15.884274,False,True,2
-0.06,6,15.885487,False,True,1
0.87,13,15.889838,False,True,2
0.88,12,15.893151,False,True,2
-0.04,4,15.894245,False,True,1
0.83,17,15.899292,False,True,2
0.93,7,15.90173,False,True,2
1.61,39,15.911339,False,True,3
-0.03,3,15.912472,False,True,1
0.86,14,15.916646,False,True,2
0.85,15,15.920311,False,True,2
0.87,13,15.924297,False,True,2
1.8,20,15.930406,False,True,3
0.98,2,15.930796,False,True,2
-0.02,2,15.932007,False,True,1
0.93,7,15.933544,False,True,2
0.7,30,15.94265,False,True,2
1.03,97,15.968149,False,True,3
-0.15,15,15.972529,False,True,1
2.57,43,15.984797,False,True,4
1.92,8,15.98676,False,True,3
-0.15,15,15.990131,False,True,1
0.9,10,15.992905,False,True,2
0.92,8,15.995544,False,True,2
0.94,6,15.996872,False,True,2
2.46,54,16.011762,False,True,4
-0.06,6,16.013309,False,True,1
-0.01,1,16.01416,False,True,1
1.94,6,16.015327,False,True,3
0.21,79,16.037835,False,True,2
-0.09,9,16.040213,False,True,1
1.87,13,16.043584,False,True,3
-0.07,7,16.045571,False,True,1
0.91,9,16.048104,False,True,2
0.89,11,16.051721,False,True,2
0.89,11,16.055134,False,True,2
2.66,34,16.063685,False,True,4
1.93,7,16.065823,False,True,3
-0.07,7,16.068089,False,True,1
1.94,6,16.069454,False,True,3
-0.08,8,16.071741,False,True,1
-0.24,24,16.07816,False,True,1
0.85,15,16.082776,False,True,2
1.82,18,16.088138,False,True,3
-0.05,5,16.089186,False,True,1
-0.01,1,16.089314,False,True,1
-0.07,7,16.091541,False,True,1
-0.1,10,16.093961,False,True,1
0.91,9,16.097102,False,True,2
-0.05,5,16.098258,False,True,1
3.9,10,16.100773,False,True,5
-0.12,12,16.10703,False,True,1
-0.08,8,16.113899,False,True,1
-4.0,100,16.146587,False,False,2
2.5,50,16.161047,False,True,4
-0.06,6,16.162332,False,True,1
-0.03,3,16.163513,False,True,1
0.67,33,16.171618,False,True,2
0.9,10,16.174764,False,True,2
2.11,89,16.196431,False,True,4
-0.09,9,16.198634,False,True,1
-0.03,3,16.199621,False,True,1
-0.07,7,16.201608,False,True,1
1.81,19,16.206993,False,True,3
-0.07,7,16.208541,False,True,1
3.89,11,16.211876,False,True,5
2.61,39,16.22175,False,True,4
0.94,6,16.222994,False,True,2
2.92,8,16.224991,False,True,4
-0.01,1,16.225905,False,True,1
-0.03,3,16.226434,False,True,1
-0.12,12,16.229521,False,True,1
0.89,11,16.23226,False,True,2
1.9,10,16.235374,False,True,3
0.9,10,16.237768,False,True,2
-0.04,4,16.238741,False,True,1
0.91,9,16.240861,False,True,2
2.37,63,16.258063,False,True,4
2.83,17,16.262402,False,True,4
2.89,11,16.265687,False,True,4
-0.11,11,16.268845,False,True,1
-3.0,100,16.292941,False,False,3
1.84,16,16.296978,False,True,3
0.78,22,16.302652,False,True,2
3.89,11,16.306148,False,True,5
0.97,3,16.307222,False,True,2
0.95,5,16.308415,False,True,2
3.9,10,16.311687,False,True,5
0.95,5,16.312942,False,True,2
0.95,5,16.314073,False,True,2
0.82,18,16.319356,False,True,2
4.85,15,16.322974,False,True,6
3.8,20,16.32883,False,True,5
2.91,9,16.331937,False,True,4
-0.33,33,16.34071,False,True,1
0.89,11,16.343703,False,True,2
-0.04,4,16.345193,False,True,1
-0.06,6,16.346489,False,True,1
1.94,6,16.348897,False,True,3
0.3,70,16.369209,False,True,2
3.87,13,16.372926,False,True,5
0.84,16,16.377391,False,True,2
-0.09,9,16.381101,False,True,1
0.9,10,16.383799,False,True,2
1.75,25,16.390432,False,True,3
1.89,11,16.393757,False,True,3
0.88,12,16.397078,False,True,2
1.75,25,16.403621,False,True,3
0.83,17,16.408201,False,True,2
-0.09,9,16.410735,False,True,1
0.75,25,16.416815,False,True,2
1.84,16,16.421083,False,True,3
-0.11,11,16.424039,False,True,1
6.67,33,16.432083,False,True,8
-0.09,9,16.434263,False,True,1
0.93,7,16.436429,False,True,2
1.97,3,16.437577,False,True,3
0.95,5,16.43872,False,True,2
1.65,35,16.448221,False,True,3
-0.06,6,16.449643,False,True,1
2.74,26,16.457144,False,True,4
2.95,5,16.458292,False,True,4
0.92,8,16.46066,False,True,2
1.71,29,16.467996,False,True,3
-0.08,8,16.470433,False,True,1
1.77,23,16.477166,False,True,3
-0.03,3,16.478443,False,True,1
2.93,7,16.48074,False,True,4
-0.05,5,16.48201,False,True,1
-0.4,40,16.492811,False,True,1
-0.21,21,16.498073,False,True,1
-4.0,100,16.52709,False,False,2
-0.02,2,16.528366,False,True,1
-0.38,38,16.53791,False,True,1
4.75,25,16.544812,False,True,6
-0.05,5,16.547443,False,True,1
0.76,24,16.554159,False,True,2
0.77,23,16.559439,False,True,2
-0.03,3,16.560593,False,True,1
-0.05,5,16.561736,False,True,1
-0.12,12,16.564868,False,True,1
0.98,2,16.565858,False,True,2
-0.05,5,16.567235,False,True,1
0.86,14,16.571326,False,True,2
-0.02,2,16.571703,False,True,1
0.57,43,16.582821,False,True,2
-0.01,1,16.583141,False,True,1
-0.01,1,16.583291,False,True,1
2.94,6,16.585639,False,True,4
1.93,7,16.587796,False,True,3
0.95,5,16.589209,False,True,2
0.83,17,16.593929,False,True,2
-0.2,20,16.598867,False,True,1
-4.0,100,16.624495,False,False,2
1.84,16,16.628842,False,True,3
-0.08,8,16.630846,False,True,1
0.87,13,16.634172,False,True,2
1.96,4,16.635593,False,True,3
1.89,11,16.63901,False,True,3
1.97,3,16.640097,False,True,3
2.79,21,16.645914,False,True,4
0.81,19,16.650662,False,True,2
0.96,4,16.652003,False,True,2
1.82,18,16.656283,False,True,3
0.84,16,16.660507,False,True,2
-0.1,10,16.664113,False,True,1
0.55,45,16.676395,False,True,2
-0.07,7,16.678833,False,True,1
0.96,4,16.679953,False,True,2
0.95,5,16.681394,False,True,2
0.55,45,16.693838,False,True,2
0.95,5,16.696014,False,True,2
-0.1,10,16.698575,False,True,1
2.41,59,16.714472,False,True,4
-0.03,3,16.715621,False,True,1
-0.01,1,16.715763,False,True,1
0.86,14,16.719137,False,True,2
-0.23,23,16.725395,False,True,1
3.59,41,16.737121,False,True,5
-0.09,9,16.740424,False,True,1
2.53,47,16.754855,False,True,4
0.64,36,16.765139,False,True,2
0.67,33,16.775896,False,True,2
0.93,7,16.777391,False,True,2
1.93,7,16.779934,False,True,3
1.89,11,16.783257,False,True,3
0.64,36,16.793479,False,True,2
-0.07,7,16.795947,False,True,1
1.95,5,16.797411,False,True,3
-3.0,100,16.824401,False,False,3
2.79,21,16.830344,False,True,4
0.95,5,16.831891,False,True,2
1.94,6,16.834019,False,True,3
-0.13,13,16.837866,False,True,1
-0.04,4,16.839364,False,True,1
-0.01,1,16.839538,False,True,1
4.87,13,16.843926,False,True,6
-4.0,100,16.871565,False,False,2
0.97,3,16.872115,False,True,2
0.96,4,16.873149,False,True,2
0.94,6,16.875182,False,True,2
-0.09,9,16.877698,False,True,1
-0.03,3,16.879049,False,True,1
-0.1,10,16.881443,False,True,1
0.94,6,16.883612,False,True,2
1.9,10,16.885909,False,True,3
-0.03,3,16.887405,False,True,1
2.53,47,16.899638,False,True,4
-4.0,100,16.926892,False,False,2
-0.01,1,16.927094,False,True,1
-0.03,3,16.928454,False,True,1
3.13,87,16.952648,False,True,5
2.63,37,16.963605,False,True,4
-0.08,8,16.965427,False,True,1
0.97,3,16.966783,False,True,2
0.97,3,16.967157,False,True,2
0.84,16,16.971937,False,True,2
0.92,8,16.974307,False,True,2
2.9,10,16.977928,False,True,4
1.82,18,16.983062,False,True,3
-0.06,6,16.985359,False,True,1
-0.01,1,16.985545,False,True,1
-0.1,10,16.989161,False,True,1
3.88,12,16.992372,False,True,5
-0.05,5,16.993875,False,True,1
-0.58,58,17.009754,False,True,1
-0.01,1,17.010849,False,True,1
1.72,28,17.018246,False,True,3
1.94,6,17.019421,False,True,3
3.49,51,17.032867,False,True,5
-0.05,5,17.034343,False,True,1
0.83,17,17.038653,False,True,2
2.53,47,17.050927,False,True,4
-0.04,4,17.052211,False,True,1
-0.04,4,17.053421,False,True,1
1.13,87,17.076686,False,True,3
1.95,5,17.077971,False,True,3
-0.06,6,17.079997,False,True,1
-0.08,8,17.082607,False,True,1
-0.02,2,17.08289,False,True,1
-0.05,5,17.084106,False,True,1
0.94,6,17.086167,False,True,2
0.98,2,17.086554,False,True,2
1.89,11,17.090005,False,True,3
1.94,6,17.092345,False,True,3
2.64,36,17.101688,False,True,4
0.94,6,17.103353,False,True,2
-0.04,4,17.104741,False,True,1
-0.08,8,17.107147,False,True,1
0.93,7,17.109296,False,True,2
-0.1,10,17.111922,False,True,1
-0.03,3,17.112953,False,True,1
-0.04,4,17.114303,False,True,1
0.94,6,17.116476,False,True,2
-0.06,6,17.118173,False,True,1
1.73,27,17.126869,False,True,3
1.88,12,17.130826,False,True,3
-0.02,2,17.131069,False,True,1
-0.02,2,17.132335,False,True,1
-0.04,4,17.13363,False,True,1
0.94,6,17.134996,False,True,2
-0.02,2,17.136146,False,True,1
2.83,17,17.141232,False,True,4
0.69,31,17.150378,False,True,2
1.93,7,17.152823,False,True,3
-0.1,10,17.155279,False,True,1
2.88,12,17.158903,False,True,4
-0.08,8,17.161255,False,True,1
-0.04,4,17.162485,False,True,1
0.82,18,17.168024,False,True,2
2.72,28,17.176082,False,True,4
2.9,10,17.178911,False,True,4
0.94,6,17.180933,False,True,2
1.94,6,17.182571,False,True,3
1.8,20,17.188565,False,True,3
0.98,2,17.189791,False,True,2
-0.1,10,17.192386,False,True,1
0.97,3,17.193955,False,True,2
-0.06,6,17.19566,False,True,1
1.94,6,17.197835,False,True,3
0.63,37,17.207646,False,True,2
1.74,26,17.215561,False,True,3
3.74,26,17.222023,False,True,5
-0.04,4,17.223255,False,True,1
-0.04,4,17.224583,False,True,1
0.88,12,17.228162,False,True,2
-0.03,3,17.229327,False,True,1
-0.02,2,17.229565,False,True,1
1.94,6,17.231771,False,True,3
1.92,8,17.234039,False,True,3
1.96,4,17.235604,False,True,3
-0.09,9,17.237963,False,True,1
0.96,4,17.239354,False,True,2
-0.13,13,17.243289,False,True,1
0.71,29,17.252478,False,True,2
0.96,4,17.254036,False,True,2
-0.02,2,17.254239,False,True,1
-0.09,9,17.257167,False,True,1
-0.03,3,17.258558,False,True,1
0.94,6,17.261072,False,True,2
-0.04,4,17.262413,False,True,1
-0.04,4,17.263526,False,True,1
0.94,6,17.264966,False,True,2
-0.17,17,17.269723,False,True,1
-0.01,1,17.270869,False,True,1
2.91,9,17.273315,False,True,4
2.6,40,17.285632,False,True,4
0.82,18,17.290437,False,True,2
-0.08,8,17.29297,False,True,1
-0.08,8,17.295493,False,True,1
1.8,20,17.301248,False,True,3
1.91,9,17.304321,False,True,3
-0.04,4,17.305504,False,True,1
0.98,2,17.30578,False,True,2
-0.07,7,17.307873,False,True,1
1.66,34,17.317391,False,True,3
0.6,40,17.328904,False,True,2
0.96,4,17.33012,False,True,2
0.98,2,17.331222,False,True,2
1.67,33,17.340347,False,True,3
-4.0,100,17.367212,False,False,2
-0.01,1,17.367495,False,True,1
4.85,15,17.372036,False,True,6
-0.09,9,17.374158,False,True,1
-0.02,2,17.375348,False,True,1
-0.06,6,17.376681,False,True,1
-0.01,1,17.377758,False,True,1
-0.05,5,17.378994,False,True,1
2.81,19,17.384553,False,True,4
1.92,8,17.386685,False,True,3
2.73,27,17.393355,False,True,4
0.85,15,17.397897,False,True,2
-0.15,15,17.402512,False,True,1
0.89,11,17.405846,False,True,2
-0.03,3,17.406218,False,True,1
-0.01,1,17.407012,False,True,1
1.92,8,17.409052,False,True,3
-0.01,1,17.409246,False,True,1
-0.03,3,17.4104,False,True,1
1.61,39,17.420628,False,True,3
-0.24,24,17.42736,False,True,1
0.97,3,17.428713,False,True,2
-0.06,6,17.43087,False,True,1
0.87,13,17.433924,False,True,2
-0.05,5,17.43507,False,True,1
-0.02,2,17.436016,False,True,1
-0.04,4,17.43744,False,True,1
1.93,7,17.439009,False,True,3
-0.07,7,17.44108,False,True,1
0.9,10,17.444496,False,True,2
0.93,7,17.446118,False,True,2
1.87,13,17.450288,False,True,3
-0.02,2,17.450694,False,True,1
0.86,14,17.455102,False,True,2
3.76,24,17.461689,False,True,5
-0.05,5,17.462979,False,True,1
1.85,15,17.467041,False,True,3
1.74,26,17.474316,False,True,3
0.93,7,17.476474,False,True,2
0.94,6,17.477886,False,True,2
0.8,20,17.483148,False,True,2
1.61,39,17.493765,False,True,3
-4.0,100,17.519819,False,False,2
0.93,7,17.522071,False,True,2
-3.0,100,17.546874,False,False,3
-0.15,15,17.550932,False,True,1
-0.06,6,17.552473,False,True,1
5.41,59,17.569227,False,True,7
0.94,6,17.570685,False,True,2
-0.07,7,17.573064,False,True,1
1.97,3,17.574471,False,True,3
-0.08,8,17.576893,False,True,1
0.87,13,17.580369,False,True,2
-0.01,1,17.580541,False,True,1
-0.07,7,17.583572,False,True,1
3.9,10,17.587294,False,True,5
2.82,18,17.592308,False,True,4
0.82,18,17.598108,False,True,2
2.96,4,17.599603,False,True,4
3.79,21,17.605347,False,True,5
0.97,3,17.606464,False,True,2
-0.02,2,17.606727,False,True,1
0.84,16,17.61127,False,True,2
1.68,32,17.621289,False,True,3
0.78,22,17.628098,False,True,2
0.92,8,17.630591,False,True,2
-0.08,8,17.632841,False,True,1
0.98,2,17.633102,False,True,2
1.89,11,17.636314,False,True,3
0.98,2,17.636724,False,True,2
3.18,82,17.661172,False,True,5
1.95,5,17.662619,False,True,3
2.24,76,17.683546,False,True,4
0.98,2,17.684449,False,True,2
-0.01,1,17.684691,False,True,1
-0.01,1,17.684824,False,True,1
0.15,85,17.70879,False,True,2
2.87,13,17.712894,False,True,4
2.84,16,17.717399,False,True,4
-2.0,100,17.743605,False,False,4
-0.11,11,17.74607,False,True,1
1.91,9,17.748998,False,True,3
1.79,21,17.754413,False,True,3
0.95,5,17.755645,False,True,2
-0.08,8,17.757973,False,True,1
0.91,9,17.760287,False,True,2
-0.14,14,17.765077,False,True,1
1.14,86,17.788754,False,True,3
0.95,5,17.790887,False,True,2
1.75,25,17.79781,False,True,3
-0.2,20,17.805504,False,True,1
0.89,11,17.809114,False,True,2
-0.16,16,17.814316,False,True,1
3.77,23,17.820653,False,True,5
-0.07,7,17.823041,False,True,1
0.89,11,17.826359,False,True,2
0.97,3,17.827473,False,True,2
1.88,12,17.83115,False,True,3
-0.02,2,17.831482,False,True,1
0.17,83,17.853891,False,True,2
-0.02,2,17.854109,False,True,1
1.77,23,17.860677,False,True,3
0.85,15,17.865022,False,True,2
0.97,3,17.866133,False,True,2
0.86,14,17.869442,False,True,2
0.72,28,17.877628,False,True,2
-0.06,6,17.880171,False,True,1
0.92,8,17.882531,False,True,2
-0.03,3,17.882788,False,True,1
-3.0,100,17.910141,False,False,3
-0.09,9,17.913213,False,True,1
-0.04,4,17.914369,False,True,1
0.9,10,17.916678,False,True,2
0.69,31,17.925756,False,True,2
0.96,4,17.927126,False,True,2
-0.19,19,17.932782,False,True,1
-0.26,26,17.940013,False,True,1
-0.04,4,17.941297,False,True,1
0.91,9,17.943713,False,True,2
0.9,10,17.947171,False,True,2
-3.0,100,17.974215,False,False,3
2.82,18,17.979107,False,True,4
2.95,5,17.98151,False,True,4
0.88,12,17.985038,False,True,2
2.85,15,17.989451,False,True,4
2.71,29,17.998595,False,True,4
3.88,12,18.002524,False,True,5
-0.73,73,18.022693,False,True,1
-0.02,2,18.023,False,True,1
-0.05,5,18.024709,False,True,1
-0.07,7,18.026735,False,True,1
-0.12,12,18.030579,False,True,1
-0.03,3,18.031657,False,True,1
-0.04,4,18.032863,False,True,1
0.98,2,18.034115,False,True,2
1.73,27,18.041179,False,True,3
2.89,11,18.044869,False,True,4
0.92,8,18.047375,False,True,2
1.47,53,18.062177,False,True,3
-0.01,1,18.06326,False,True,1
0.75,25,18.070985,False,True,2
-0.13,13,18.074867,False,True,1
-0.06,6,18.077668,False,True,1
0.78,22,18.084787,False,True,2
0.82,18,18.090681,False,True,2
2.61,39,18.101454,False,True,4
0.71,29,18.110556,False,True,2
-0.03,3,18.11112,False,True,1
-0.2,20,18.116923,False,True,1
0.77,23,18.123483,False,True,2
2.87,13,18.126903,False,True,4
1.36,64,18.14546,False,True,3
-0.06,6,18.147571,False,True,1
0.96,4,18.148692,False,True,2
0.88,12,18.152282,False,True,2
-0.04,4,18.153489,False,True,1
-0.05,5,18.155076,False,True,1
2.7,30,18.16396,False,True,4
-0.04,4,18.16533,False,True,1
1.9,10,18.168058,False,True,3
-0.05,5,18.169386,False,True,1
-0.16,16,18.173795,False,True,1
1.93,7,18.176453,False,True,3
1.88,12,18.180083,False,True,3
4.86,14,18.184213,False,True,6
1.71,29,18.19259,False,True,3
0.96,4,18.194092,False,True,2
3.9,10,18.196795,False,True,5
-0.04,4,18.197963,False,True,1
0.85,15,18.202301,False,True,2
1.93,7,18.204982,False,True,3
0.86,14,18.208505,False,True,2
-0.03,3,18.209671,False,True,1
0.88,12,18.213082,False,True,2
-0.17,17,18.217323,False,True,1
-0.03,3,18.218692,False,True,1
0.64,36,18.228943,False,True,2
0.9,10,18.232241,False,True,2
-0.06,6,18.234022,False,True,1
-0.08,8,18.236365,False,True,1
3.89,11,18.239729,False,True,5
0.97,3,18.240862,False,True,2
0.97,3,18.241284,False,True,2
-0.03,3,18.24245,False,True,1
1.94,6,18.244697,False,True,3
0.79,21,18.250164,False,True,2
0.57,43,18.262065,False,True,2
1.93,7,18.263509,False,True,3
1.94,6,18.265434,False,True,3
-0.04,4,18.266548,False,True,1
-0.02,2,18.266977,False,True,1
0.95,5,18.269131,False,True,2
1.9,10,18.271822,False,True,3
-0.05,5,18.272929,False,True,1
-3.0,100,18.302352,False,False,3
-0.08,8,18.305197,False,True,1
1.88,12,18.308554,False,True,3
-0.05,5,18.310818,False,True,1
2.72,28,18.31912,False,True,4
-0.1,10,18.321735,False,True,1
0.82,18,18.326969,False,True,2
-0.03,3,18.327242,False,True,1
-0.06,6,18.329469,False,True,1
-0.06,6,18.330657,False,True,1
-0.08,8,18.332571,False,True,1
-0.02,2,18.333825,False,True,1
-0.04,4,18.335231,False,True,1
0.84,16,18.340607,False,True,2
0.64,36,18.350445,False,True,2
-0.13,13,18.354253,False,True,1
-0.02,2,18.355364,False,True,1
-0.02,2,18.355622,False,True,1
0.78,22,18.362505,False,True,2
1.92,8,18.364762,False,True,3
0.93,7,18.366261,False,True,2
-0.16,16,18.370555,False,True,1
-0.07,7,18.372524,False,True,1
3.86,14,18.37693,False,True,5
0.96,4,18.37833,False,True,2
1.95,5,18.379604,False,True,3
0.89,11,18.383422,False,True,2
0.9,10,18.386262,False,True,2
-0.12,12,18.390142,False,True,1
1.8,20,18.396252,False,True,3
1.7,30,18.405648,False,True,3
0.83,17,18.410379,False,True,2
1.8,20,18.415775,False,True,3
-3.0,100,18.444783,False,False,3
-0.11,11,18.448538,False,True,1
-0.03,3,18.448844,False,True,1
0.85,15,18.452946,False,True,2
-0.07,7,18.455209,False,True,1
2.4,60,18.472471,False,True,4
0.43,57,18.48842,False,True,2
-0.17,17,18.49344,False,True,1
-0.04,4,18.494583,False,True,1
-0.02,2,18.495878,False,True,1
2.71,29,18.505014,False,True,4
3.63,37,18.516602,False,True,5
5.85,15,18.521629,False,True,7
-0.05,5,18.523235,False,True,1
-0.07,7,18.525425,False,True,1
0.96,4,18.526893,False,True,2
-0.16,16,18.531573,False,True,1
-0.17,17,18.536256,False,True,1
0.84,16,18.540786,False,True,2
0.69,31,18.551106,False,True,2
0.89,11,18.554691,False,True,2
1.73,27,18.562486,False,True,3
-0.15,15,18.565978,False,True,1
1.82,18,18.571032,False,True,3
2.91,9,18.573515,False,True,4
0.92,8,18.57645,False,True,2
1.89,11,18.579794,False,True,3
-4.0,100,18.609628,False,False,2
-0.01,1,18.609819,False,True,1
0.77,23,18.61707,False,True,2
-0.06,6,18.618602,False,True,1
-0.09,9,18.621667,False,True,1
0.83,17,18.626308,False,True,2
1.91,9,18.629031,False,True,3
6.59,41,18.641929,False,True,8
-0.22,22,18.648686,False,True,1
0.92,8,18.650958,False,True,2
-0.04,4,18.652381,False,True,1
0.88,12,18.655877,False,True,2
2.58,42,18.6684,False,True,4
-0.03,3,18.669861,False,True,1
-0.09,9,18.672331,False,True,1
-0.07,7,18.67505,False,True,1
-0.01,1,18.67534,False,True,1
0.98,2,18.676524,False,True,2
0.93,7,18.678943,False,True,2
-4.0,100,18.706721,False,False,2
1.81,19,18.711472,False,True,3
3.86,14,18.715822,False,True,5
1.76,24,18.723001,False,True,3
1.92,8,18.724865,False,True,3
0.91,9,18.727541,False,True,2
3.88,12,18.731224,False,True,5
1.72,28,18.739132,False,True,3
-0.06,6,18.741347,False,True,1
-0.14,14,18.744981,False,True,1
1.74,26,18.752319,False,True,3
2.7,30,18.760488,False,True,4
1.7,30,18.76909,False,True,3
-0.09,9,18.771468,False,True,1
-0.04,4,18.77278,False,True,1
0.79,21,18.77846,False,True,2
-0.04,4,18.779651,False,True,1
-0.07,7,18.782323,False,True,1
2.96,4,18.783639,False,True,4
-0.01,1,18.783879,False,True,1
-0.01,1,18.784013,False,True,1
-0.03,3,18.785227,False,True,1
-0.04,4,18.786673,False,True,1
1.64,36,18.797037,False,True,3
-0.07,7,18.799355,False,True,1
-0.05,5,18.800702,False,True,1
-0.02,2,18.801733,False,True,1
0.87,13,18.805342,False,True,2
-0.02,2,18.805609,False,True,1
1.95,5,18.807927,False,True,3
5.79,21,18.813579,False,True,7
0.97,3,18.814856,False,True,2
3.77,23,18.820831,False,True,5
0.7,30,18.830242,False,True,2
0.95,5,18.831413,False,True,2
-0.07,7,18.8334,False,True,1
-0.1,10,18.835968,False,True,1
3.76,24,18.84266,False,True,5
1.9,10,18.84592,False,True,3
5.86,14,18.84941,False,True,7
0.71,29,18.858307,False,True,2
-0.07,7,18.859924,False,True,1
-0.02,2,18.861142,False,True,1
1.73,27,18.8685,False,True,3
1.93,7,18.869888,False,True,3
1.89,11,18.873673,False,True,3
3.68,32,18.882161,False,True,5
-0.16,16,18.886597,False,True,1
0.54,46,18.899262,False,True,2
-0.17,17,18.904077,False,True,1
-0.04,4,18.905438,False,True,1
-0.04,4,18.906683,False,True,1
0.96,4,18.907905,False,True,2
-0.02,2,18.908301,False,True,1
2.14,86,18.93231,False,True,4
0.86,14,18.935341,False,True,2
2.88,12,18.938492,False,True,4
2.72,28,18.946174,False,True,4
0.49,51,18.960657,False,True,2
-0.04,4,18.962163,False,True,1
0.95,5,18.963323,False,True,2
-0.05,5,18.965245,False,True,1
-0.02,2,18.965503,False,True,1
-0.02,2,18.966426,False,True,1
2.89,11,18.96878,False,True,4
-0.04,4,18.970188,False,True,1
0.94,6,18.97247,False,True,2
0.86,14,18.975976,False,True,2
1.85,15,18.980374,False,True,3
-0.06,6,18.982574,False,True,1
-0.2,20,18.988587,False,True,1
0.94,6,18.990174,False,True,2
2.7,30,18.999249,False,True,4
1.49,51,19.013166,False,True,3
2.45,55,19.028216,False,True,4
-4.0,100,19.054809,False,False,2
-0.04,4,19.056001,False,True,1
0.93,7,19.058343,False,True,2
-0.24,24,19.065339,False,True,1
-3.0,100,19.091081,False,False,3
-0.04,4,19.092199,False,True,1
0.97,3,19.093474,False,True,2
1.62,38,19.103404,False,True,3
-0.12,12,19.10728,False,True,1
0.92,8,19.109647,False,True,2
2.88,12,19.113394,False,True,4
0.82,18,19.11884,False,True,2
0.9,10,19.121513,False,True,2
3.59,41,19.13235,False,True,5
0.56,44,19.144838,False,True,2
0.82,18,19.150108,False,True,2
0.94,6,19.151577,False,True,2
-0.07,7,19.153462,False,True,1
0.36,64,19.170436,False,True,2
2.79,21,19.176107,False,True,4
1.95,5,19.178121,False,True,3
-0.02,2,19.17835,False,True,1
1.77,23,19.185234,False,True,3
-0.04,4,19.186503,False,True,1
0.9,10,19.18916,False,True,2
0.91,9,19.192355,False,True,2
-0.12,12,19.195652,False,True,1
3.85,15,19.199285,False,True,5
1.54,46,19.21356,False,True,3
-0.13,13,19.21681,False,True,1
0.91,9,19.219554,False,True,2
0.9,10,19.222884,False,True,2
2.76,24,19.229578,False,True,4
-0.08,8,19.233998,False,True,1
-0.04,4,19.236206,False,True,1
-0.07,7,19.242821,False,True,1
-0.19,19,19.254833,False,True,1
0.98,2,19.256026,False,True,2
2.84,16,19.261038,False,True,4
1.83,17,19.266706,False,True,3
-0.09,9,19.269322,False,True,1
1.89,11,19.272613,False,True,3
-0.02,2,19.273843,False,True,1
-0.34,34,19.282924,False,True,1
2.84,16,19.287735,False,True,4
1.78,22,19.293562,False,True,3
-0.05,5,19.294793,False,True,1
-0.08,8,19.29729,False,True,1
-0.16,16,19.301403,False,True,1
-0.05,5,19.302771,False,True,1
1.34,66,19.322797,False,True,3
0.98,2,19.323166,False,True,2
-0.02,2,19.324366,False,True,1
-0.05,5,19.325673,False,True,1
-0.03,3,19.327022,False,True,1
0.91,9,19.329655,False,True,2
-0.04,4,19.330932,False,True,1
-0.08,8,19.333232,False,True,1
0.96,4,19.334712,False,True,2
2.85,15,19.339208,False,True,4
0.87,13,19.343097,False,True,2
0.96,4,19.34447,False,True,2
2.8,20,19.35011,False,True,4
-0.01,1,19.350287,False,True,1
1.76,24,19.356627,False,True,3
-0.09,9,19.358657,False,True,1
-0.36,36,19.368996,False,True,1
0.91,9,19.372157,False,True,2
0.38,62,19.38977,False,True,2
-0.05,5,19.391256,False,True,1
1.67,33,19.40139,False,True,3
-0.04,4,19.402757,False,True,1
-2.0,100,19.432305,False,False,4
-0.1,10,19.434827,False,True,1
0.79,21,19.440616,False,True,2
1.92,8,19.443023,False,True,3
-0.03,3,19.444142,False,True,1
-0.09,9,19.44667,False,True,1
1.54,46,19.460131,False,True,3
-0.07,7,19.462608,False,True,1
-0.01,1,19.462798,False,True,1
-0.18,18,19.466926,False,True,1
-0.1,10,19.470074,False,True,1
-0.08,8,19.472152,False,True,1
-0.05,5,19.473703,False,True,1
2.92,8,19.475994,False,True,4
2.48,52,19.490162,False,True,4
1.95,5,19.491613,False,True,3
-0.07,7,19.494317,False,True,1
-0.08,8,19.496767,False,True,1
3.93,7,19.499133,False,True,5
0.96,4,19.500267,False,True,2
-0.09,9,19.502432,False,True,1
1.94,6,19.504445,False,True,3
0.81,19,19.509825,False,True,2
0.85,15,19.514362,False,True,2
0.94,6,19.516561,False,True,2
0.93,7,19.518086,False,True,2
1.84,16,19.522933,False,True,3
-0.02,2,19.523893,False,True,1
0.54,46,19.536754,False,True,2
-0.03,3,19.538081,False,True,1
1.76,24,19.544811,False,True,3
-0.03,3,19.546019,False,True,1
0.98,2,19.546295,False,True,2
0.86,14,19.550528,False,True,2
0.85,15,19.555293,False,True,2
1.94,6,19.556502,False,True,3
-0.02,2,19.557565,False,True,1
0.93,7,19.559098,False,True,2
0.66,34,19.569624,False,True,2
-0.05,5,19.570995,False,True,1
3.85,15,19.575231,False,True,5
2.45,55,19.59078,False,True,4
3.48,52,19.605364,False,True,5
2.72,28,19.613267,False,True,4
-0.5,50,19.626962,False,True,1
-0.09,9,19.629675,False,True,1
0.88,12,19.633217,False,True,2
-0.02,2,19.634296,False,True,1
0.3,70,19.653792,False,True,2
-0.08,8,19.656158,False,True,1
1.14,86,19.679305,False,True,3
-0.02,2,19.67956,False,True,1
2.72,28,19.687111,False,True,4
0.95,5,19.689044,False,True,2
0.91,9,19.691273,False,True,2
0.79,21,19.696778,False,True,2
0.97,3,19.698083,False,True,2
-0.16,16,19.702617,False,True,1
-0.08,8,19.704811,False,True,1
2.67,33,19.714232,False,True,4
-0.05,5,19.715262,False,True,1
0.92,8,19.71723,False,True,2
-0.08,8,19.719981,False,True,1
-0.05,5,19.722092,False,True,1
2.6,40,19.73348,False,True,4
3.77,23,19.739392,False,True,5
0.78,22,19.745533,False,True,2
3.55,45,19.757843,False,True,5
-0.03,3,19.758857,False,True,1
2.81,19,19.764546,False,True,4
-2.0,100,19.791554,False,False,4
-0.08,8,19.794034,False,True,1
-0.08,8,19.796281,False,True,1
-0.07,7,19.797717,False,True,1
1.84,16,19.802453,False,True,3
-0.12,12,19.805849,False,True,1
-4.0,100,19.835731,False,False,2
0.96,4,19.837056,False,True,2
1.71,29,19.845758,False,True,3
1.96,4,19.847299,False,True,3
0.88,12,19.851041,False,True,2
1.87,13,19.854174,False,True,3
2.72,28,19.862444,False,True,4
-0.05,5,19.864159,False,True,1
1.85,15,19.868804,False,True,3
2.76,24,19.875458,False,True,4
-0.1,10,19.877943,False,True,1
-0.4,40,19.888894,False,True,1
-0.1,10,19.892168,False,True,1
-0.05,5,19.893604,False,True,1
2.81,19,19.898975,False,True,4
-0.3,30,19.907109,False,True,1
0.93,7,19.909773,False,True,2
-0.06,6,19.911724,False,True,1
0.97,3,19.912195,False,True,2
0.89,11,19.915618,False,True,2
1.84,16,19.920813,False,True,3
1.81,19,19.92688,False,True,3
1.7,30,19.93513,False,True,3
0.86,14,19.939586,False,True,2
-0.38,38,19.950415,False,True,1
-3.0,100,19.976253,False,False,3
0.84,16,19.98019,False,True,2
-4.0,100,20.008428,False,False,2
1.92,8,20.01074,False,True,3
0.9,10,20.014153,False,True,2
1.86,14,20.017806,False,True,3
1.83,17,20.023689,False,True,3
1.96,4,20.024883,False,True,3
-0.12,12,20.028454,False,True,1
1.79,21,20.03352,False,True,3
0.92,8,20.036003,False,True,2
3.93,7,20.03906,False,True,5
-0.03,3,20.039467,False,True,1
0.89,11,20.04322,False,True,2
0.91,9,20.045857,False,True,2
-0.05,5,20.048415,False,True,1
-0.04,4,20.049667,False,True,1
1.96,4,20.051185,False,True,3
-0.12,12,20.055286,False,True,1
0.92,8,20.057967,False,True,2
0.96,4,20.059271,False,True,2
-0.08,8,20.062077,False,True,1
0.93,7,20.063585,False,True,2
-0.14,14,20.068488,False,True,1
2.74,26,20.076198,False,True,4
-0.14,14,20.080984,False,True,1
-0.05,5,20.082399,False,True,1
0.89,11,20.085862,False,True,2
-0.02,2,20.086186,False,True,1
-0.17,17,20.092352,False,True,1
0.97,3,20.092921,False,True,2
-0.05,5,20.095037,False,True,1
0.3,70,20.114168,False,True,2
2.9,10,20.117767,False,True,4
2.85,15,20.121931,False,True,4
0.95,5,20.124085,False,True,2
-0.08,8,20.126431,False,True,1
0.94,6,20.127874,False,True,2
-0.03,3,20.129045,False,True,1
0.75,25,20.136291,False,True,2
1.89,11,20.140044,False,True,3
0.86,14,20.143917,False,True,2
-0.18,18,20.149108,False,True,1
-0.04,4,20.150495,False,True,1
-0.01,1,20.150671,False,True,1
2.92,8,20.153572,False,True,4
0.91,9,20.156378,False,True,2
-0.21,21,20.163646,False,True,1
0.91,9,20.165734,False,True,2
-0.08,8,20.168357,False,True,1
-0.01,1,20.168532,False,True,1
-0.1,10,20.172214,False,True,1
0.85,15,20.176028,False,True,2
0.95,5,20.17845,False,True,2
-0.05,5,20.179861,False,True,1
2.75,25,20.187226,False,True,4
-3.0,100,20.215584,False,False,3
-0.14,14,20.220117,False,True,1
1.94,6,20.22158,False,True,3
-0.11,11,20.225113,False,True,1
-0.3,30,20.234153,False,True,1
0.78,22,20.241179,False,True,2
0.95,5,20.24244,False,True,2
4.27,73,20.263488,False,True,6
0.68,32,20.271748,False,True,2
1.88,12,20.275468,False,True,3
0.95,5,20.277642,False,True,2
2.67,33,20.28701,False,True,4
1.88,12,20.290509,False,True,3
-0.03,3,20.291954,False,True,1
-0.01,1,20.292121,False,True,1
-0.05,5,20.293335,False,True,1
-0.06,6,20.295328,False,True,1
-0.08,8,20.298229,False,True,1
-0.03,3,20.298721,False,True,1
-0.17,17,20.305179,False,True,1
4.71,29,20.313205,False,True,6
-0.1,10,20.316127,False,True,1
1.88,12,20.319722,False,True,3
-0.4,40,20.331538,False,True,1
0.43,57,20.348642,False,True,2
1.69,31,20.358608,False,True,3
0.96,4,20.359896,False,True,2
0.92,8,20.362564,False,True,2
0.95,5,20.364497,False,True,2
1.83,17,20.370066,False,True,3
1.83,17,20.374747,False,True,3
-0.02,2,20.375879,False,True,1
-0.04,4,20.377077,False,True,1
-0.26,26,20.384538,False,True,1
-0.31,31,20.393556,False,True,1
1.73,27,20.40097,False,True,3
1.91,9,20.403386,False,True,3
1.75,25,20.409914,False,True,3
-0.04,4,20.410972,False,True,1
1.79,21,20.416667,False,True,3
1.83,17,20.4227,False,True,3
0.87,13,20.426303,False,True,2
0.91,9,20.428582,False,True,2
0.96,4,20.429894,False,True,2
1.79,21,20.436485,False,True,3
0.07,93,20.463565,False,True,2
-0.02,2,20.463864,False,True,1
1.46,54,20.479021,False,True,3
-0.05,5,20.480603,False,True,1
-0.11,11,20.484001,False,True,1
-0.04,4,20.485105,False,True,1
1.86,14,20.488695,False,True,3
1.86,14,20.493169,False,True,3
0.98,2,20.493668,False,True,2
-0.05,5,20.494902,False,True,1
4.68,32,20.503834,False,True,6
-4.0,100,20.531107,False,False,2
-0.06,6,20.533378,False,True,1
-0.07,7,20.53546,False,True,1
2.71,29,20.543268,False,True,4
-3.0,100,20.570461,False,False,3
1.37,63,20.587806,False,True,3
1.87,13,20.591047,False,True,3
-0.06,6,20.59239,False,True,1
0.86,14,20.596623,False,True,2
0.9,10,20.599181,False,True,2
-0.07,7,20.601226,False,True,1
-0.02,2,20.602287,False,True,1
1.85,15,20.60574,False,True,3
0.76,24,20.612005,False,True,2
-0.06,6,20.614308,False,True,1
-0.15,15,20.618541,False,True,1
-0.04,4,20.619826,False,True,1
5.55,45,20.632046,False,True,7
-3.0,100,20.659585,False,False,3
1.33,67,20.677674,False,True,3
-0.03,3,20.67803,False,True,1
1.89,11,20.681177,False,True,3
1.72,28,20.689253,False,True,3
-0.01,1,20.689441,False,True,1
2.76,24,20.696316,False,True,4
2.77,23,20.702804,False,True,4
-0.04,4,20.704131,False,True,1
0.84,16,20.709047,False,True,2
1.94,6,20.71141,False,True,3
-0.02,2,20.711848,False,True,1
-0.04,4,20.713002,False,True,1
-0.01,1,20.713148,False,True,1
0.92,8,20.71538,False,True,2
0.92,8,20.717863,False,True,2
0.91,9,20.720943,False,True,2
-0.11,11,20.723443,False,True,1
0.95,5,20.725581,False,True,2
1.97,3,20.726024,False,True,3
-0.11,11,20.729696,False,True,1
-0.14,14,20.734136,False,True,1
-0.04,4,20.735495,False,True,1
-0.09,9,20.73816,False,True,1
-0.05,5,20.73918,False,True,1
-0.03,3,20.740439,False,True,1
-0.2,20,20.746614,False,True,1
0.91,9,20.749282,False,True,2
2.28,72,20.770714,False,True,4
0.82,18,20.77692,False,True,2
-0.07,7,20.778625,False,True,1
1.96,4,20.780105,False,True,3
1.15,85,20.804232,False,True,3
1.83,17,20.809305,False,True,3
-0.06,6,20.810548,False,True,1
-0.14,14,20.815147,False,True,1
0.96,4,20.816326,False,True,2
-0.17,17,20.82081,False,True,1
-0.28,28,20.829178,False,True,1
0.85,15,20.833678,False,True,2
1.83,17,20.838415,False,True,3
2.67,33,20.848032,False,True,4
1.92,8,20.850593,False,True,3
-0.02,2,20.851864,False,True,1
-0.05,5,20.853214,False,True,1
-0.02,2,20.854204,False,True,1
0.86,14,20.858095,False,True,2
-0.07,7,20.860829,False,True,1
2.87,13,20.86492,False,True,4
-0.04,4,20.866131,False,True,1
-0.03,3,20.867182,False,True,1
1.89,11,20.871409,False,True,3
-0.01,1,20.871577,False,True,1
-0.03,3,20.872715,False,True,1
3.91,9,20.875351,False,True,5
0.81,19,20.881107,False,True,2
-0.05,5,20.882596,False,True,1
0.15,85,20.907327,False,True,2
-0.26,26,20.914995,False,True,1
-0.1,10,20.917622,False,True,1
1.92,8,20.919683,False,True,3
0.95,5,20.920931,False,True,2
-0.02,2,20.921968,False,True,1
-0.1,10,20.925067,False,True,1
0.93,7,20.927319,False,True,2
-0.13,13,20.930952,False,True,1
-4.0,100,20.958782,False,False,2
-0.04,4,20.960256,False,True,1
-0.02,2,20.96132,False,True,1
-4.0,100,20.989738,False,False,2
-0.04,4,20.991203,False,True,1
2.74,26,20.998292,False,True,4
-0.06,6,21.000149,False,True,1
2.57,43,21.012067,False,True,4
1.84,16,21.016755,False,True,3
0.86,14,21.020206,False,True,2
0.26,74,21.040133,False,True,2
1.78,22,21.045946,False,True,3
0.88,12,21.048973,False,True,2
-0.13,13,21.052683,False,True,1
0.91,9,21.055842,False,True,2
1.86,14,21.059483,False,True,3
0.98,2,21.060541,False,True,2
0.93,7,21.062142,False,True,2
-3.0,100,21.089664,False,False,3
0.9,10,21.092892,False,True,2
-0.25,25,21.099393,False,True,1
1.83,17,21.103534,False,True,3
4.83,17,21.10912,False,True,6
0.88,12,21.112452,False,True,2
-0.09,9,21.114747,False,True,1
0.94,6,21.11626,False,True,2
-0.26,26,21.124861,False,True,1
-0.04,4,21.12614,False,True,1
-0.07,7,21.128526,False,True,1
0.94,6,21.129909,False,True,2
-0.13,13,21.133377,False,True,1
0.8,20,21.138865,False,True,2
0.85,15,21.143064,False,True,2
-0.07,7,21.145157,False,True,1
-0.02,2,21.145413,False,True,1
1.83,17,21.150278,False,True,3
-0.03,3,21.150559,False,True,1
-0.02,2,21.152009,False,True,1
3.85,15,21.156678,False,True,5
4.65,35,21.166221,False,True,6
0.92,8,21.168644,False,True,2
2.7,30,21.177536,False,True,4
1.79,21,21.18373,False,True,3
1.43,57,21.199347,False,True,3
0.89,11,21.20263,False,True,2
-0.05,5,21.203985,False,True,1
1.62,38,21.214905,False,True,3
-0.13,13,21.219001,False,True,1
1.96,4,21.220402,False,True,3
0.93,7,21.222934,False,True,2
0.47,53,21.237484,False,True,2
1.95,5,21.238822,False,True,3
1.92,8,21.241162,False,True,3
-0.08,8,21.243637,False,True,1
0.93,7,21.245931,False,True,2
-0.02,2,21.246957,False,True,1
1.97,3,21.247421,False,True,3
-0.05,5,21.249752,False,True,1
1.9,10,21.253273,False,True,3
-3.0,100,21.285313,False,False,3
0.95,5,21.286499,False,True,2
0.77,23,21.293284,False,True,2
1.78,22,21.299721,False,True,3
0.88,12,21.303734,False,True,2
2.37,63,21.321221,False,True,4
1.9,10,21.324662,False,True,3
3.86,14,21.328297,False,True,5
2.86,14,21.33292,False,True,4
1.94,6,21.334609,False,True,3
-0.03,3,21.335952,False,True,1
1.45,55,21.351238,False,True,3
0.96,4,21.352588,False,True,2
2.79,21,21.358366,False,True,4
1.92,8,21.361169,False,True,3
-0.02,2,21.362257,False,True,1
1.87,13,21.365961,False,True,3
1.78,22,21.372029,False,True,3
-0.09,9,21.375431,False,True,1
-0.04,4,21.376636,False,True,1
0.95,5,21.377986,False,True,2
0.8,20,21.383344,False,True,2
1.84,16,21.388272,False,True,3
4.88,12,21.391762,False,True,6
-0.16,16,21.396689,False,True,1
0.67,33,21.40544,False,True,2
0.84,16,21.410047,False,True,2
0.78,22,21.417008,False,True,2
0.96,4,21.418441,False,True,2
2.71,29,21.425882,False,True,4
4.26,74,21.446011,False,True,6
2.68,32,21.45532,False,True,4
-0.01,1,21.456294,False,True,1
0.97,3,21.45665,False,True,2
1.67,33,21.465957,False,True,3
0.94,6,21.467743,False,True,2
1.83,17,21.472643,False,True,3
0.92,8,21.474924,False,True,2
-0.02,2,21.476194,False,True,1
0.51,49,21.490084,False,True,2
-0.02,2,21.491316,False,True,1
-3.0,100,21.520779,False,False,3
0.95,5,21.522323,False,True,2
1.8,20,21.528272,False,True,3
-0.24,24,21.53564,False,True,1
3.71,29,21.543846,False,True,5
-0.03,3,21.545125,False,True,1
3.68,32,21.553193,False,True,5
0.96,4,21.554464,False,True,2
3.81,19,21.559508,False,True,5
0.96,4,21.56124,False,True,2
0.87,13,21.564895,False,True,2
-0.14,14,21.568809,False,True,1
2.75,25,21.576736,False,True,4
0.95,5,21.578472,False,True,2
-0.02,2,21.57886,False,True,1
2.92,8,21.581194,False,True,4
2.56,44,21.593424,False,True,4
-0.05,5,21.595718,False,True,1
0.56,44,21.607878,False,True,2
-3.0,100,21.634726,False,False,3
3.37,63,21.651652,False,True,5
0.9,10,21.655004,False,True,2
2.89,11,21.657859,False,True,4
-0.08,8,21.660047,False,True,1
0.81,19,21.664838,False,True,2
0.94,6,21.667191,False,True,2
3.94,6,21.668609,False,True,5
1.85,15,21.673093,False,True,3
-0.03,3,21.674411,False,True,1
0.89,11,21.678043,False,True,2
-0.07,7,21.679592,False,True,1
2.7,30,21.687979,False,True,4
1.83,17,21.692812,False,True,3
1.93,7,21.695058,False,True,3
2.92,8,21.697222,False,True,4
-0.02,2,21.697511,False,True,1
0.81,19,21.70315,False,True,2
0.87,13,21.706891,False,True,2
-0.05,5,21.70903,False,True,1
-0.03,3,21.709268,False,True,1
0.94,6,21.711548,False,True,2
-0.01,1,21.711798,False,True,1
1.77,23,21.718237,False,True,3
-0.01,1,21.718389,False,True,1
0.81,19,21.724128,False,True,2
1.67,33,21.733139,False,True,3
0.96,4,21.734385,False,True,2
1.93,7,21.737055,False,True,3
2.83,17,21.741768,False,True,4
2.92,8,21.744015,False,True,4
0.91,9,21.746497,False,True,2
-0.01,1,21.74755,False,True,1
0.94,6,21.748882,False,True,2
0.85,15,21.753617,False,True,2
-0.13,13,21.757241,False,True,1
1.94,6,21.759472,False,True,3
0.94,6,21.761077,False,True,2
-0.01,1,21.761498,False,True,1
0.97,3,21.7629,False,True,2
-0.02,2,21.764114,False,True,1
0.6,40,21.776286,False,True,2
-0.01,1,21.776592,False,True,1
1.87,13,21.780357,False,True,3
0.82,18,21.785401,False,True,2
-0.1,10,21.787779,False,True,1
0.94,6,21.790391,False,True,2
-0.08,8,21.792597,False,True,1
0.96,4,21.794046,False,True,2
1.91,9,21.79641,False,True,3
-0.05,5,21.797991,False,True,1
0.91,9,21.800441,False,True,2
2.68,32,21.810117,False,True,4
2.91,9,21.813448,False,True,4
1.76,24,21.820402,False,True,3
0.94,6,21.821786,False,True,2
0.96,4,21.822945,False,True,2
-0.03,3,21.824236,False,True,1
-0.13,13,21.828278,False,True,1
-0.1,10,21.831798,False,True,1
-0.01,1,21.831997,False,True,1
0.92,8,21.83413,False,True,2
-0.09,9,21.836752,False,True,1
1.7,30,21.845401,False,True,3
0.87,13,21.848994,False,True,2
2.88,12,21.852432,False,True,4
-0.13,13,21.855956,False,True,1
0.83,17,21.860707,False,True,2
1.9,10,21.864426,False,True,3
1.48,52,21.879372,False,True,3
0.92,8,21.881818,False,True,2
0.97,3,21.883151,False,True,2
0.89,11,21.885971,False,True,2
0.96,4,21.887518,False,True,2
1.97,3,21.88912,False,True,3
-4.0,100,21.918248,False,False,2
0.96,4,21.919482,False,True,2
-0.02,2,21.920658,False,True,1
0.76,24,21.926657,False,True,2
0.93,7,21.928306,False,True,2
0.69,31,21.937758,False,True,2
-0.11,11,21.941359,False,True,1
-0.08,8,21.943868,False,True,1
1.85,15,21.948405,False,True,3
2.69,31,21.956491,False,True,4
1.5,50,21.971266,False,True,3
0.93,7,21.973859,False,True,2
0.81,19,21.978826,False,True,2
0.89,11,21.982324,False,True,2
0.84,16,21.987727,False,True,2
0.82,18,21.993213,False,True,2
-0.02,2,21.993547,False,True,1
0.95,5,21.995066,False,True,2
0.86,14,21.999337,False,True,2
0.97,3,22.000771,False,True,2
-0.04,4,22.002398,False,True,1
1.85,15,22.006769,False,True,3
3.94,6,22.009104,False,True,5
1.72,28,22.016958,False,True,3
6.75,25,22.023904,False,True,8
3.83,17,22.029315,False,True,5
0.96,4,22.030627,False,True,2
1.67,33,22.04105,False,True,3
-4.0,100,22.068735,False,False,2
0.73,27,22.075958,False,True,2
2.87,13,22.080646,False,True,4
2.89,11,22.083473,False,True,4
0.93,7,22.085906,False,True,2
3.55,45,22.098121,False,True,5
2.74,26,22.105699,False,True,4
0.93,7,22.10814,False,True,2
-0.03,3,22.108517,False,True,1
0.45,55,22.123815,False,True,2
0.94,6,22.12592,False,True,2
-0.16,16,22.130367,False,True,1
-0.04,4,22.131494,False,True,1
0.7,30,22.139948,False,True,2
-0.03,3,22.141139,False,True,1
-4.0,100,22.169177,False,False,2
-0.05,5,22.170534,False,True,1
-0.07,7,22.17295,False,True,1
2.61,39,22.183593,False,True,4
-3.0,100,22.211027,False,False,3
0.89,11,22.213524,False,True,2
0.91,9,22.216696,False,True,2
2.79,21,22.222776,False,True,4
-0.04,4,22.224098,False,True,1
-0.31,31,22.23278,False,True,1
-0.02,2,22.233184,False,True,1
-0.06,6,22.235305,False,True,1
2.44,56,22.251483,False,True,4
-0.01,1,22.251693,False,True,1
2.88,12,22.25495,False,True,4
-0.02,2,22.255304,False,True,1
-0.06,6,22.257816,False,True,1
0.92,8,22.260304,False,True,2
0.85,15,22.265368,False,True,2
3.73,27,22.272747,False,True,5
0.93,7,22.275497,False,True,2
-3.0,100,22.30342,False,False,3
-0.02,2,22.304709,False,True,1
-0.12,12,22.308291,False,True,1
1.8,20,22.31405,False,True,3
-0.11,11,22.316896,False,True,1
1.35,65,22.335601,False,True,3
0.9,10,22.338525,False,True,2
2.68,32,22.347134,False,True,4
1.84,16,22.351606,False,True,3
1.66,34,22.361742,False,True,3
2.89,11,22.364436,False,True,4
0.96,4,22.365821,False,True,2
1.92,8,22.367881,False,True,3
0.85,15,22.372419,False,True,2
-0.01,1,22.372696,False,True,1
-0.18,18,22.378678,False,True,1
1.84,16,22.384138,False,True,3
-4.0,100,22.414477,False,False,2
1.88,12,22.418236,False,True,3
-0.01,1,22.418629,False,True,1
-0.06,6,22.420729,False,True,1
-3.0,100,22.449306,False,False,3
-0.13,13,22.452378,False,True,1
0.77,23,22.45909,False,True,2
1.91,9,22.461625,False,True,3
1.9,10,22.46436,False,True,3
1.96,4,22.465662,False,True,3
1.81,19,22.471305,False,True,3
0.97,3,22.47254,False,True,2
2.59,41,22.484056,False,True,4
-0.02,2,22.485181,False,True,1
-0.01,1,22.48543,False,True,1
-0.14,14,22.489245,False,True,1
0.94,6,22.491421,False,True,2
-0.03,3,22.492642,False,True,1
0.97,3,22.493104,False,True,2
0.96,4,22.494466,False,True,2
1.75,25,22.502825,False,True,3
0.87,13,22.506023,False,True,2
-0.11,11,22.50962,False,True,1
0.54,46,22.522708,False,True,2
0.94,6,22.524866,False,True,2
-0.13,13,22.528226,False,True,1
6.83,17,22.533144,False,True,8
0.94,6,22.53531,False,True,2
1.91,9,22.537797,False,True,3
-0.06,6,22.539449,False,True,1
-0.06,6,22.542017,False,True,1
-0.02,2,22.542348,False,True,1
-0.02,2,22.543369,False,True,1
1.65,35,22.553739,False,True,3
-0.02,2,22.554186,False,True,1
2.79,21,22.560134,False,True,4
1.57,43,22.572117,False,True,3
-0.19,19,22.577246,False,True,1
1.93,7,22.57945,False,True,3
1.61,39,22.589979,False,True,3
1.91,9,22.593947,False,True,3
0.94,6,22.595709,False,True,2
-0.02,2,22.597105,False,True,1
1.75,25,22.604898,False,True,3
4.42,58,22.621757,False,True,6
0.98,2,22.622857,False,True,2
0.91,9,22.625226,False,True,2
0.86,14,22.629946,False,True,2
-0.09,9,22.632731,False,True,1
2.8,20,22.639123,False,True,4
-0.07,7,22.641421,False,True,1
-0.04,4,22.642817,False,True,1
0.93,7,22.644308,False,True,2
0.44,56,22.660482,False,True,2
1.92,8,22.663011,False,True,3
3.6,40,22.674489,False,True,5
1.81,19,22.680305,False,True,3
0.95,5,22.681481,False,True,2
0.88,12,22.685073,False,True,2
-2.0,100,22.714771,False,False,4
-0.01,1,22.715955,False,True,1
3.81,19,22.720751,False,True,5
1.84,16,22.725514,False,True,3
0.9,10,22.729018,False,True,2
-0.01,1,22.72922,False,True,1
-0.08,8,22.738242,False,True,1
-0.05,5,22.741058,False,True,1
0.96,4,22.743059,False,True,2
-0.15,15,22.752525,False,True,1
-0.03,3,22.754098,False,True,1
1.9,10,22.758069,False,True,3
-0.02,2,22.759386,False,True,1
-0.04,4,22.760789,False,True,1
0.93,7,22.763756,False,True,2
-0.14,14,22.76795,False,True,1
2.86,14,22.772683,False,True,4
0.89,11,22.775752,False,True,2
0.69,31,22.785178,False,True,2
-0.2,20,22.791692,False,True,1
1.89,11,22.795649,False,True,3
3.77,23,22.802102,False,True,5
0.97,3,22.802463,False,True,2
1.74,26,22.810813,False,True,3
-0.05,5,22.812314,False,True,1
-0.01,1,22.812478,False,True,1
-0.17,17,22.81836,False,True,1
0.93,7,22.820137,False,True,2
0.75,25,22.828264,False,True,2
0.92,8,22.830745,False,True,2
-0.08,8,22.832838,False,True,1
0.94,6,22.834441,False,True,2
0.85,15,22.838873,False,True,2
1.92,8,22.841824,False,True,3
3.61,39,22.852909,False,True,5
0.94,6,22.854682,False,True,2
-0.02,2,22.855538,False,True,1
-0.01,1,22.855684,False,True,1
2.77,23,22.862318,False,True,4
-0.15,15,22.866665,False,True,1
0.85,15,22.871471,False,True,2
0.89,11,22.874728,False,True,2
-0.03,3,22.875922,False,True,1
-0.16,16,22.880605,False,True,1
1.97,3,22.881019,False,True,3
2.87,13,22.886091,False,True,4
-0.07,7,22.887605,False,True,1
-0.09,9,22.890894,False,True,1
4.66,34,22.900811,False,True,6
-0.1,10,22.904354,False,True,1
-0.05,5,22.905607,False,True,1
0.89,11,22.909475,False,True,2
-0.04,4,22.910674,False,True,1
-0.02,2,22.910957,False,True,1
3.81,19,22.916941,False,True,5
0.97,3,22.918505,False,True,2
-0.08,8,22.921192,False,True,1
3.74,26,22.928673,False,True,5
-0.07,7,22.931072,False,True,1
0.93,7,22.933428,False,True,2
1.89,11,22.935508,False,True,3
-0.17,17,22.942275,False,True,1
2.94,6,22.943983,False,True,4
-0.01,1,22.94434,False,True,1
2.95,5,22.946427,False,True,4
-4.0,100,22.974659,False,False,2
1.92,8,22.976682,False,True,3
-2.0,100,23.005534,False,False,4
3.76,24,23.012697,False,True,5
1.82,18,23.017403,False,True,3
0.89,11,23.020791,False,True,2
1.93,7,23.022736,False,True,3
0.93,7,23.024432,False,True,2
0.95,5,23.026589,False,True,2
-0.22,22,23.033293,False,True,1
-0.05,5,23.034783,False,True,1
0.96,4,23.035896,False,True,2
-0.03,3,23.037011,False,True,1
0.92,8,23.039526,False,True,2
1.89,11,23.042851,False,True,3
-0.05,5,23.044354,False,True,1
-0.01,1,23.044563,False,True,1
-0.03,3,23.045928,False,True,1
0.91,9,23.048519,False,True,2
-0.01,1,23.049533,False,True,1
-0.05,5,23.050906,False,True,1
2.89,11,23.054573,False,True,4
0.92,8,23.05685,False,True,2
0.78,22,23.062686,False,True,2
-0.16,16,23.066995,False,True,1
-0.02,2,23.067885,False,True,1
-0.01,1,23.068131,False,True,1
2.95,5,23.069651,False,True,4
0.98,2,23.070585,False,True,2
4.87,13,23.074236,False,True,6
1.76,24,23.081598,False,True,3
0.98,2,23.081917,False,True,2
-3.0,100,23.111342,False,False,3
-0.11,11,23.114824,False,True,1
0.93,7,23.117433,False,True,2
-0.02,2,23.117781,False,True,1
2.89,11,23.121305,False,True,4
0.89,11,23.125123,False,True,2
0.96,4,23.126736,False,True,2
0.9,10,23.129643,False,True,2
0.93,7,23.132137,False,True,2
2.04,96,23.159333,False,True,4
-0.04,4,23.160843,False,True,1
1.11,89,23.18519,False,True,3
-0.04,4,23.186483,False,True,1
0.91,9,23.189687,False,True,2
0.86,14,23.193486,False,True,2
-0.09,9,23.195793,False,True,1
2.74,26,23.204032,False,True,4
-0.01,1,23.204228,False,True,1
-2.0,100,23.233719,False,False,4
3.95,5,23.235204,False,True,5
1.95,5,23.237245,False,True,3
0.93,7,23.238761,False,True,2
1.89,11,23.242491,False,True,3
0.76,24,23.249598,False,True,2
-0.07,7,23.252365,False,True,1
1.9,10,23.255054,False,True,3
-0.23,23,23.2627,False,True,1
1.96,4,23.264074,False,True,3
3.84,16,23.268752,False,True,5
0.91,9,23.27144,False,True,2
2.29,71,23.292973,False,True,4
-0.23,23,23.300211,False,True,1
2.88,12,23.303589,False,True,4
0.95,5,23.304919,False,True,2
1.84,16,23.309362,False,True,3
-0.02,2,23.310404,False,True,1
1.92,8,23.312937,False,True,3
0.67,33,23.322458,False,True,2
0.58,42,23.334778,False,True,2
0.89,11,23.338071,False,True,2
1.83,17,23.342771,False,True,3
1.82,18,23.348359,False,True,3
0.67,33,23.358097,False,True,2
0.9,10,23.361434,False,True,2
-0.09,9,23.364024,False,True,1
-0.12,12,23.367484,False,True,1
-0.02,2,23.367786,False,True,1
0.93,7,23.370113,False,True,2
0.95,5,23.371495,False,True,2
0.95,5,23.373528,False,True,2
2.59,41,23.385856,False,True,4
2.76,24,23.392961,False,True,4
1.51,49,23.406608,False,True,3
1.44,56,23.422346,False,True,3
0.21,79,23.445692,False,True,2
-0.03,3,23.446713,False,True,1
1.74,26,23.453271,False,True,3
3.07,93,23.478855,False,True,5
0.57,43,23.491663,False,True,2
-0.11,11,23.495061,False,True,1
1.8,20,23.500906,False,True,3
-0.03,3,23.502201,False,True,1
0.71,29,23.510496,False,True,2
0.81,19,23.516359,False,True,2
1.75,25,23.523732,False,True,3
-0.13,13,23.52709,False,True,1
0.98,2,23.528162,False,True,2
1.75,25,23.536093,False,True,3
3.82,18,23.541549,False,True,5
-0.04,4,23.542829,False,True,1
0.92,8,23.545502,False,True,2
-0.03,3,23.546739,False,True,1
-0.01,1,23.546881,False,True,1
-0.28,28,23.555095,False,True,1
0.85,15,23.560066,False,True,2
1.57,43,23.572765,False,True,3
2.9,10,23.575426,False,True,4
2.92,8,23.577817,False,True,4
0.94,6,23.58039,False,True,2
1.91,9,23.583027,False,True,3
-0.02,2,23.584097,False,True,1
3.84,16,23.589233,False,True,5
0.77,23,23.595989,False,True,2
3.9,10,23.599317,False,True,5
3.6,40,23.612747,False,True,5
-0.02,2,23.613065,False,True,1
0.98,2,23.614351,False,True,2
2.89,11,23.61805,False,True,4
1.1,90,23.645494,False,True,3
-4.0,100,23.67417,False,False,2
0.49,51,23.689,False,True,2
-3.0,100,23.717744,False,False,3
0.89,11,23.721246,False,True,2
4.71,29,23.729122,False,True,6
0.88,12,23.732526,False,True,2
-0.01,1,23.732696,False,True,1
0.93,7,23.734913,False,True,2
-0.14,14,23.739096,False,True,1
-0.17,17,23.745242,False,True,1
2.83,17,23.750311,False,True,4
0.28,72,23.771389,False,True,2
0.92,8,23.773991,False,True,2
-0.03,3,23.775364,False,True,1
-0.09,9,23.777585,False,True,1
-0.03,3,23.778812,False,True,1
1.57,43,23.790295,False,True,3
0.92,8,23.793094,False,True,2
-0.08,8,23.795218,False,True,1
-0.02,2,23.796115,False,True,1
-0.07,7,23.798293,False,True,1
-0.04,4,23.80008,False,True,1
-0.04,4,23.80128,False,True,1
-0.04,4,23.802543,False,True,1
-0.07,7,23.803783,False,True,1
-0.17,17,23.810184,False,True,1
-0.13,13,23.814161,False,True,1
3.85,15,23.818424,False,True,5
1.78,22,23.825062,False,True,3
3.84,16,23.829861,False,True,5
-0.04,4,23.831316,False,True,1
1.97,3,23.83252,False,True,3
-0.06,6,23.833856,False,True,1
0.89,11,23.838071,False,True,2
0.85,15,23.842669,False,True,2
1.91,9,23.844826,False,True,3
-0.55,55,23.859936,False,True,1
-0.08,8,23.868595,False,True,1
1.83,17,23.882985,False,True,3
0.74,26,23.893267,False,True,2
2.86,14,23.89695,False,True,4
1.81,19,23.902929,False,True,3
-0.15,15,23.907819,False,True,1
-0.13,13,23.911781,False,True,1
-4.0,100,23.939797,False,False,2
1.85,15,23.944029,False,True,3
6.82,18,23.948821,False,True,8
1.95,5,23.95031,False,True,3
0.68,32,23.958644,False,True,2
2.91,9,23.961901,False,True,4
0.94,6,23.963227,False,True,2
1.75,25,23.96989,False,True,3
1.94,6,23.972064,False,True,3
1.92,8,23.974636,False,True,3
1.71,29,23.982822,False,True,3
1.93,7,23.985338,False,True,3
0.95,5,23.986465,False,True,2
-3.0,100,24.014494,False,False,3
1.93,7,24.016774,False,True,3
-0.04,4,24.017944,False,True,1
0.96,4,24.019182,False,True,2
0.96,4,24.020674,False,True,2
-0.22,22,24.025983,False,True,1
0.82,18,24.032097,False,True,2
-0.11,11,24.035552,False,True,1
-0.15,15,24.039056,False,True,1
0.9,10,24.042211,False,True,2
0.92,8,24.044691,False,True,2
2.86,14,24.048313,False,True,4
-0.05,5,24.050536,False,True,1
-0.01,1,24.050719,False,True,1
-0.02,2,24.050959,False,True,1
0.78,22,24.057596,False,True,2
1.66,34,24.066468,False,True,3
-0.06,6,24.068728,False,True,1
2.95,5,24.07011,False,True,4
2.6,40,24.08094,False,True,4
-4.0,100,24.107419,False,False,2
-0.06,6,24.109588,False,True,1
-0.12,12,24.112831,False,True,1
-0.11,11,24.115176,False,True,1
0.93,7,24.117594,False,True,2
2.81,19,24.123101,False,True,4
1.9,10,24.125688,False,True,3
1.85,15,24.12988,False,True,3
2.66,34,24.139708,False,True,4
0.92,8,24.142037,False,True,2
0.93,7,24.143582,False,True,2
-0.02,2,24.144731,False,True,1
-0.16,16,24.149503,False,True,1
-0.06,6,24.151077,False,True,1
0.97,3,24.152275,False,True,2
1.84,16,24.156768,False,True,3
3.69,31,24.166233,False,True,5
1.83,17,24.170885,False,True,3
0.82,18,24.176968,False,True,2
1.89,11,24.179582,False,True,3
0.83,17,24.185293,False,True,2
2.74,26,24.192308,False,True,4
-0.11,11,24.19559,False,True,1
0.96,4,24.197083,False,True,2
3.89,11,24.200366,False,True,5
0.89,11,24.202733,False,True,2
1.96,4,24.203974,False,True,3
1.9,10,24.207546,False,True,3
0.78,22,24.213729,False,True,2
0.87,13,24.218265,False,True,2
0.53,47,24.230569,False,True,2
-4.0,100,24.257596,False,False,2
2.59,41,24.269725,False,True,4
0.94,6,24.271068,False,True,2
0.73,27,24.278735,False,True,2
3.92,8,24.28086,False,True,5
-0.02,2,24.281176,False,True,1
-0.36,36,24.290922,False,True,1
-0.02,2,24.292177,False,True,1
-0.06,6,24.293713,False,True,1
-2.0,100,24.321585,False,False,4
0.91,9,24.324795,False,True,2
0.9,10,24.327213,False,True,2
2.79,21,24.333562,False,True,4
-3.0,100,24.361974,False,False,3
-4.0,100,24.387953,False,False,2
-0.03,3,24.388897,False,True,1
-0.09,9,24.390987,False,True,1
1.9,10,24.394129,False,True,3
-0.17,17,24.398436,False,True,1
1.85,15,24.403252,False,True,3
1.91,9,24.405537,False,True,3
0.81,19,24.411142,False,True,2
-0.15,15,24.41547,False,True,1
1.31,69,24.433606,False,True,3
0.97,3,24.434872,False,True,2
0.92,8,24.437515,False,True,2
1.18,82,24.458974,False,True,3
-0.03,3,24.460151,False,True,1
0.98,2,24.460454,False,True,2
0.87,13,24.464539,False,True,2
0.89,11,24.466598,False,True,2
-0.07,7,24.468724,False,True,1
-0.06,6,24.470849,False,True,1
-0.38,38,24.481302,False,True,1
-0.09,9,24.483558,False,True,1
-0.07,7,24.486043,False,True,1
2.82,18,24.491169,False,True,4
0.95,5,24.49257,False,True,2
-0.02,2,24.492905,False,True,1
2.87,13,24.496697,False,True,4
-0.15,15,24.500443,False,True,1
2.82,18,24.505865,False,True,4
0.96,4,24.506994,False,True,2
-0.03,3,24.507983,False,True,1
-0.16,16,24.512413,False,True,1
2.69,31,24.520314,False,True,4
-0.03,3,24.521346,False,True,1
0.86,14,24.525742,False,True,2
1.85,15,24.529319,False,True,3
0.49,51,24.543231,False,True,2
-0.04,4,24.544495,False,True,1
0.91,9,24.547084,False,True,2
-3.0,100,24.572183,False,False,3
-0.19,19,24.577116,False,True,1
0.96,4,24.578123,False,True,2
0.85,15,24.582425,False,True,2
-5.0,100,24.608873,False,False,1
-4.0,100,24.635763,False,False,2
2.52,48,24.649052,False,True,4
1.87,13,24.652273,False,True,3
4.79,21,24.657561,False,True,6
-0.04,4,24.658931,False,True,1
2.91,9,24.661906,False,True,4
0.9,10,24.664356,False,True,2
-0.01,1,24.664557,False,True,1
0.96,4,24.665904,False,True,2
-0.12,12,24.669216,False,True,1
0.92,8,24.671596,False,True,2
-0.16,16,24.675977,False,True,1
0.85,15,24.680437,False,True,2
0.71,29,24.688155,False,True,2
-0.03,3,24.689181,False,True,1
0.03,97,24.713865,False,True,2
0.86,14,24.717821,False,True,2
-0.32,32,24.72672,False,True,1
-0.14,14,24.730556,False,True,1
-0.04,4,24.731866,False,True,1
0.74,26,24.739649,False,True,2
2.55,45,24.752041,False,True,4
-0.35,35,24.761306,False,True,1
-0.02,2,24.761534,False,True,1
-0.28,28,24.773044,False,True,1
-0.02,2,24.774056,False,True,1
-0.02,2,24.77435,False,True,1
1.25,75,24.794176,False,True,3
-0.02,2,24.795402,False,True,1
0.66,34,24.80455,False,True,2
2.8,20,24.809797,False,True,4
-0.02,2,24.810884,False,True,1
1.85,15,24.814721,False,True,3
0.88,12,24.818396,False,True,2
1.55,45,24.831886,False,True,3
-0.03,3,24.832325,False,True,1
1.84,16,24.837007,False,True,3
-0.1,10,24.840491,False,True,1
0.2,80,24.86237,False,True,2
-0.03,3,24.863399,False,True,1
0.9,10,24.86566,False,True,2
2.87,13,24.869215,False,True,4
-0.02,2,24.87026,False,True,1
-0.03,3,24.871395,False,True,1
-0.06,6,24.872881,False,True,1
0.98,2,24.873869,False,True,2
0.95,5,24.875105,False,True,2
-2.0,100,24.901779,False,False,4
0.63,37,24.910945,False,True,2
0.75,25,24.917417,False,True,2
-0.15,15,24.922216,False,True,1
1.73,27,24.929777,False,True,3
-2.0,100,24.958331,False,False,4
1.35,65,24.975474,False,True,3
-0.02,2,24.976625,False,True,1
1.92,8,24.978614,False,True,3
-4.0,100,25.005561,False,False,2
2.88,12,25.008609,False,True,4
-0.06,6,25.010048,False,True,1
-0.04,4,25.01112,False,True,1
-0.14,14,25.015091,False,True,1
-0.42,42,25.026414,False,True,1
-0.19,19,25.03166,False,True,1
-0.01,1,25.031817,False,True,1
1.9,10,25.034998,False,True,3
0.94,6,25.036328,False,True,2
2.94,6,25.038337,False,True,4
0.82,18,25.043462,False,True,2
3.85,15,25.048376,False,True,5
-0.12,12,25.051855,False,True,1
1.91,9,25.054515,False,True,3
3.81,19,25.060207,False,True,5
1.87,13,25.063668,False,True,3
2.79,21,25.069568,False,True,4
-3.0,100,25.096312,False,False,3
0.98,2,25.097405,False,True,2
2.69,31,25.105586,False,True,4
3.86,14,25.109144,False,True,5
-0.12,12,25.112829,False,True,1
0.94,6,25.115242,False,True,2
0.96,4,25.116785,False,True,2
-0.01,1,25.116923,False,True,1
-0.01,1,25.11705,False,True,1
2.9,10,25.119888,False,True,4
0.95,5,25.12128,False,True,2
0.94,6,25.122713,False,True,2
1.78,22,25.128983,False,True,3
2.9,10,25.131047,False,True,4
2.87,13,25.135236,False,True,4
-0.07,7,25.137011,False,True,1
-0.1,10,25.140453,False,True,1
-0.26,26,25.147613,False,True,1
0.9,10,25.15089,False,True,2
1.85,15,25.155722,False,True,3
0.85,15,25.159154,False,True,2
0.27,73,25.179375,False,True,2
-0.03,3,25.17998,False,True,1
-0.13,13,25.183909,False,True,1
-0.16,16,25.188272,False,True,1
-0.1,10,25.190519,False,True,1
-0.03,3,25.191696,False,True,1
-0.03,3,25.19298,False,True,1
1.87,13,25.196106,False,True,3
-0.14,14,25.199654,False,True,1
0.74,26,25.207635,False,True,2
1.79,21,25.213544,False,True,3
0.13,87,25.236306,False,True,2
-0.05,5,25.237665,False,True,1
0.47,53,25.253587,False,True,2
-0.06,6,25.255697,False,True,1
-0.12,12,25.259368,False,True,1
0.89,11,25.262864,False,True,2
0.97,3,25.263363,False,True,2
0.95,5,25.265215,False,True,2
0.96,4,25.266399,False,True,2
1.75,25,25.273117,False,True,3
0.81,19,25.278782,False,True,2
0.36,64,25.296388,False,True,2
0.86,14,25.299892,False,True,2
1.85,15,25.304461,False,True,3
0.98,2,25.304967,False,True,2
0.92,8,25.307168,False,True,2
-4.0,100,25.33323,False,False,2
-4.0,100,25.360466,False,False,2
2.84,16,25.365117,False,True,4
-0.07,7,25.367214,False,True,1
3.66,34,25.377547,False,True,5
0.93,7,25.378817,False,True,2
0.9,10,25.382104,False,True,2
2.64,36,25.392243,False,True,4
0.95,5,25.393725,False,True,2
1.95,5,25.395058,False,True,3
3.74,26,25.402546,False,True,5
1.84,16,25.407549,False,True,3
1.86,14,25.411741,False,True,3
-0.06,6,25.414048,False,True,1
-0.04,4,25.415467,False,True,1
1.73,27,25.424148,False,True,3
-4.0,100,25.453885,False,False,2
-0.25,25,25.461249,False,True,1
-0.04,4,25.462833,False,True,1
0.9,10,25.465136,False,True,2
3.75,25,25.472351,False,True,5
2.49,51,25.485766,False,True,4
1.78,22,25.492386,False,True,3
-0.05,5,25.493805,False,True,1
0.97,3,25.494771,False,True,2
0.85,15,25.499179,False,True,2
2.93,7,25.500918,False,True,4
1.87,13,25.505704,False,True,3
-0.05,5,25.507009,False,True,1
0.75,25,25.513935,False,True,2
0.97,3,25.515318,False,True,2
5.88,12,25.518952,False,True,7
0.79,21,25.524516,False,True,2
0.87,13,25.52806,False,True,2
2.88,12,25.531857,False,True,4
3.82,18,25.537557,False,True,5
0.68,32,25.547122,False,True,2
2.53,47,25.560727,False,True,4
-2.0,100,25.589549,False,False,4
0.9,10,25.591919,False,True,2
1.8,20,25.598048,False,True,3
-0.18,18,25.603465,False,True,1
-0.2,20,25.608761,False,True,1
0.75,25,25.615695,False,True,2
-0.01,1,25.615887,False,True,1
1.69,31,25.624322,False,True,3
-0.24,24,25.631102,False,True,1
0.93,7,25.63341,False,True,2
-0.05,5,25.634821,False,True,1
1.9,10,25.637169,False,True,3
0.93,7,25.639754,False,True,2
-0.13,13,25.643313,False,True,1
1.74,26,25.651213,False,True,3
0.96,4,25.652651,False,True,2
0.98,2,25.653009,False,True,2
0.75,25,25.660179,False,True,2
1.26,74,25.680372,False,True,3
2.37,63,25.697371,False,True,4
-3.0,100,25.724896,False,False,3
1.85,15,25.729007,False,True,3
-0.04,4,25.73039,False,True,1
2.79,21,25.735652,False,True,4
-0.08,8,25.738099,False,True,1
0.96,4,25.73929,False,True,2
2.42,58,25.754976,False,True,4
-4.0,100,25.781882,False,False,2
0.96,4,25.783174,False,True,2
-0.14,14,25.788225,False,True,1
-0.28,28,25.797053,False,True,1
-0.02,2,25.797451,False,True,1
1.0,100,25.826071,False,False,7
0.59,41,25.838705,False,True,2
-0.07,7,25.840314,False,True,1
0.9,10,25.844026,False,True,2
1.61,39,25.856415,False,True,3
0.91,9,25.859234,False,True,2
-0.05,5,25.86063,False,True,1
0.53,47,25.874971,False,True,2
-0.03,3,25.876321,False,True,1
1.73,27,25.884007,False,True,3
0.21,79,25.908556,False,True,2
3.69,31,25.917419,False,True,5
1.84,16,25.922555,False,True,3
1.72,28,25.931238,False,True,3
0.95,5,25.932537,False,True,2
1.87,13,25.936223,False,True,3
1.95,5,25.938524,False,True,3
-0.03,3,25.938851,False,True,1
2.85,15,25.943807,False,True,4
-4.0,100,25.972601,False,False,2
4.81,19,25.978504,False,True,6
1.93,7,25.981062,False,True,3
0.98,2,25.981499,False,True,2
0.86,14,25.985401,False,True,2
3.89,11,25.98851,False,True,5
-0.11,11,25.991772,False,True,1
-0.12,12,25.995542,False,True,1
0.48,52,26.011218,False,True,2
0.97,3,26.012601,False,True,2
0.76,24,26.019484,False,True,2
-0.17,17,26.023394,False,True,1
1.88,12,26.027434,False,True,3
-0.1,10,26.030977,False,True,1
-0.13,13,26.035415,False,True,1
-0.03,3,26.036916,False,True,1
0.91,9,26.039926,False,True,2
1.83,17,26.045699,False,True,3
0.85,15,26.05071,False,True,2
0.91,9,26.053391,False,True,2
-0.07,7,26.055694,False,True,1
0.87,13,26.059197,False,True,2
-4.0,100,26.089404,False,False,2
0.93,7,26.091972,False,True,2
0.65,35,26.102,False,True,2
0.93,7,26.103795,False,True,2
0.8,20,26.109532,False,True,2
0.95,5,26.111934,False,True,2
3.4,60,26.128782,False,True,5
-3.0,100,26.156655,False,False,3
1.9,10,26.159395,False,True,3
0.9,10,26.162847,False,True,2
1.94,6,26.164244,False,True,3
-0.04,4,26.165689,False,True,1
-0.07,7,26.167926,False,True,1
0.93,7,26.16985,False,True,2
-0.03,3,26.170293,False,True,1
-0.14,14,26.175139,False,True,1
-0.15,15,26.180269,False,True,1
0.83,17,26.184901,False,True,2
0.76,24,26.191698,False,True,2
0.96,4,26.193308,False,True,2
-0.04,4,26.194671,False,True,1
-0.26,26,26.201775,False,True,1
-0.02,2,26.202931,False,True,1
2.58,42,26.214313,False,True,4
2.6,40,26.225297,False,True,4
0.86,14,26.229906,False,True,2
-0.05,5,26.231331,False,True,1
-4.0,100,26.257553,False,False,2
3.93,7,26.259681,False,True,5
1.78,22,26.265752,False,True,3
-0.04,4,26.267017,False,True,1
0.97,3,26.268345,False,True,2
0.78,22,26.275409,False,True,2
-0.02,2,26.275798,False,True,1
1.91,9,26.278693,False,True,3
1.8,20,26.28486,False,True,3
0.95,5,26.287214,False,True,2
5.56,44,26.299375,False,True,7
-0.29,29,26.307516,False,True,1
2.76,24,26.3145,False,True,4
-4.0,100,26.341829,False,False,2
1.96,4,26.343126,False,True,3
1.71,29,26.349735,False,True,3
0.97,3,26.351096,False,True,2
0.65,35,26.361365,False,True,2
0.69,31,26.369431,False,True,2
1.74,26,26.37781,False,True,3
1.72,28,26.385754,False,True,3
5.67,33,26.394985,False,True,7
-0.03,3,26.39616,False,True,1
-0.06,6,26.3975,False,True,1
1.84,16,26.402154,False,True,3
0.43,57,26.419319,False,True,2
0.9,10,26.421613,False,True,2
1.78,22,26.427649,False,True,3
1.92,8,26.430061,False,True,3
0.85,15,26.433331,False,True,2
3.67,33,26.442586,False,True,5
0.64,36,26.452781,False,True,2
0.8,20,26.4582,False,True,2
1.83,17,26.463195,False,True,3
3.84,16,26.46757,False,True,5
4.91,9,26.470156,False,True,6
-4.0,100,26.498803,False,False,2
0.87,13,26.502666,False,True,2
1.92,8,26.505022,False,True,3
1.91,9,26.508003,False,True,3
-0.05,5,26.509274,False,True,1
0.83,17,26.513724,False,True,2
-4.0,100,26.541017,False,False,2
0.85,15,26.546061,False,True,2
-0.13,13,26.54959,False,True,1
0.82,18,26.55532,False,True,2
1.93,7,26.557002,False,True,3
-0.04,4,26.558253,False,True,1
0.81,19,26.564549,False,True,2
2.86,14,26.570137,False,True,4
-0.02,2,26.570535,False,True,1
-0.18,18,26.576521,False,True,1
-3.0,100,26.604945,False,False,3
1.82,18,26.609209,False,True,3
0.83,17,26.613424,False,True,2
1.96,4,26.614518,False,True,3
0.81,19,26.620018,False,True,2
1.73,27,26.627657,False,True,3
0.96,4,26.628783,False,True,2
0.44,56,26.643162,False,True,2
1.91,9,26.645676,False,True,3
-3.0,100,26.690039,False,False,3
-0.02,2,26.691143,False,True,1
1.76,24,26.698273,False,True,3
0.85,15,26.702122,False,True,2
2.65,35,26.712579,False,True,4
0.94,6,26.714765,False,True,2
2.89,11,26.717299,False,True,4
2.69,31,26.726181,False,True,4
1.84,16,26.731413,False,True,3
0.9,10,26.734934,False,True,2
1.75,25,26.742112,False,True,3
-0.03,3,26.743468,False,True,1
-4.0,100,26.771334,False,False,2
0.68,32,26.781014,False,True,2
2.85,15,26.784425,False,True,4
-3.0,100,26.812547,False,False,3
-0.08,8,26.814648,False,True,1
1.77,23,26.821506,False,True,3
2.74,26,26.829491,False,True,4
0.94,6,26.830953,False,True,2
0.89,11,26.834112,False,True,2
-0.22,22,26.840061,False,True,1
1.84,16,26.844849,False,True,3
0.92,8,26.847464,False,True,2
0.65,35,26.857641,False,True,2
0.95,5,26.859015,False,True,2
1.72,28,26.867251,False,True,3
0.9,10,26.870631,False,True,2
1.91,9,26.873003,False,True,3
2.88,12,26.876529,False,True,4
0.97,3,26.877721,False,True,2
0.23,77,26.899185,False,True,2
0.76,24,26.90646,False,True,2
1.95,5,26.90788,False,True,3
0.84,16,26.912286,False,True,2
-0.01,1,26.913422,False,True,1
1.89,11,26.91612,False,True,3
0.92,8,26.918395,False,True,2
1.96,4,26.919545,False,True,3
1.72,28,26.928303,False,True,3
-3.0,100,26.956674,False,False,3
-0.02,2,26.95764,False,True,1
2.85,15,26.962044,False,True,4
-0.03,3,26.962516,False,True,1
1.92,8,26.964908,False,True,3
0.98,2,26.965873,False,True,2
-0.02,2,26.966138,False,True,1
3.85,15,26.970237,False,True,5
-0.05,5,26.97188,False,True,1
-0.14,14,26.976317,False,True,1
0.97,3,26.97746,False,True,2
0.95,5,26.978868,False,True,2
-0.05,5,26.980299,False,True,1
-0.06,6,26.982525,False,True,1
0.82,18,26.987644,False,True,2
-0.09,9,26.990214,False,True,1
3.8,20,26.99615,False,True,5
0.86,14,27.000638,False,True,2
-0.03,3,27.001912,False,True,1
0.15,85,27.026079,False,True,2
-0.07,7,27.028532,False,True,1
0.8,20,27.034469,False,True,2
0.81,19,27.03942,False,True,2
-0.04,4,27.040592,False,True,1
1.87,13,27.044631,False,True,3
-3.0,100,27.072018,False,False,3
1.95,5,27.073317,False,True,3
-0.1,10,27.075913,False,True,1
0.93,7,27.078179,False,True,2
-0.06,6,27.08072,False,True,1
0.94,6,27.082263,False,True,2
0.95,5,27.083751,False,True,2
0.9,10,27.087091,False,True,2
0.89,11,27.090888,False,True,2
0.94,6,27.092423,False,True,2
3.63,37,27.103441,False,True,5
0.49,51,27.119109,False,True,2
-3.0,100,27.146383,False,False,3
1.85,15,27.15058,False,True,3
-0.17,17,27.155702,False,True,1
1.86,14,27.160251,False,True,3
0.83,17,27.165005,False,True,2
0.91,9,27.167432,False,True,2
1.8,20,27.173674,False,True,3
0.87,13,27.177475,False,True,2
1.66,34,27.187762,False,True,3
0.95,5,27.189132,False,True,2
1.83,17,27.19429,False,True,3
1.95,5,27.196791,False,True,3
1.49,51,27.211186,False,True,3
0.94,6,27.213532,False,True,2
1.64,36,27.22457,False,True,3
-0.07,7,27.227153,False,True,1
1.69,31,27.236264,False,True,3
-0.02,2,27.237326,False,True,1
0.87,13,27.240956,False,True,2
-0.02,2,27.241971,False,True,1
-0.04,4,27.243558,False,True,1
2.78,22,27.250021,False,True,4
5.81,19,27.256298,False,True,7
-2.0,100,27.284712,False,False,4
2.84,16,27.290005,False,True,4
0.77,23,27.297383,False,True,2
-0.05,5,27.298931,False,True,1
3.94,6,27.300449,False,True,5
-0.32,32,27.310395,False,True,1
0.82,18,27.316241,False,True,2
0.97,3,27.317586,False,True,2
3.78,22,27.324325,False,True,5
-2.0,100,27.35386,False,False,4
3.43,57,27.369265,False,True,5
1.83,17,27.375062,False,True,3
-5.0,100,27.404922,False,False,1
0.83,17,27.409407,False,True,2
0.84,16,27.414404,False,True,2
-0.03,3,27.41566,False,True,1
-0.05,5,27.416944,False,True,1
3.91,9,27.419702,False,True,5
-0.17,17,27.424502,False,True,1
-2.0,100,27.455696,False,False,4
0.4,60,27.473063,False,True,2
2.9,10,27.476501,False,True,4
0.86,14,27.479823,False,True,2
-0.02,2,27.481042,False,True,1
0.86,14,27.484628,False,True,2
1.58,42,27.497313,False,True,3
-4.0,100,27.523758,False,False,2
1.84,16,27.528343,False,True,3
1.59,41,27.54014,False,True,3
-0.04,4,27.541469,False,True,1
1.88,12,27.544975,False,True,3
1.9,10,27.548288,False,True,3
0.98,2,27.548546,False,True,2
2.82,18,27.554553,False,True,4
-0.03,3,27.555045,False,True,1
0.94,6,27.557137,False,True,2
-0.01,1,27.557314,False,True,1
-0.29,29,27.565812,False,True,1
1.73,27,27.574011,False,True,3
-4.0,100,27.63358,False,False,2
0.38,62,27.652804,False,True,2
0.11,89,27.678367,False,True,2
0.96,4,27.67966,False,True,2
2.74,26,27.686729,False,True,4
-4.0,100,27.71721,False,False,2
-0.05,5,27.719444,False,True,1
0.74,26,27.726506,False,True,2
-0.06,6,27.729244,False,True,1
0.79,21,27.735626,False,True,2
-3.0,100,27.764012,False,False,3
0.97,3,27.765279,False,True,2
1.82,18,27.770211,False,True,3
1.67,33,27.780043,False,True,3
0.9,10,27.783092,False,True,2
-0.02,2,27.783329,False,True,1
0.68,32,27.79328,False,True,2
2.86,14,27.798049,False,True,4
0.98,2,27.798356,False,True,2
0.9,10,27.802538,False,True,2
-4.0,100,27.832362,False,False,2
-0.07,7,27.83446,False,True,1
-0.05,5,27.835559,False,True,1
0.96,4,27.836611,False,True,2
-0.04,4,27.838192,False,True,1
0.92,8,27.840548,False,True,2
2.9,10,27.842842,False,True,4
-0.17,17,27.848648,False,True,1
-4.0,100,27.878238,False,False,2
0.98,2,27.878502,False,True,2
1.65,35,27.888024,False,True,3
-0.16,16,27.89259,False,True,1
1.7,30,27.900839,False,True,3
0.95,5,27.903197,False,True,2
0.11,89,27.928006,False,True,2
1.76,24,27.934916,False,True,3
-0.02,2,27.935372,False,True,1
1.9,10,27.938509,False,True,3
0.89,11,27.941827,False,True,2
2.67,33,27.95107,False,True,4
1.95,5,27.952709,False,True,3
0.9,10,27.955995,False,True,2
1.77,23,27.962292,False,True,3
-0.07,7,27.964704,False,True,1
-0.01,1,27.965007,False,True,1
1.66,34,27.975112,False,True,3
1.85,15,27.97959,False,True,3
1.9,10,27.981993,False,True,3
1.72,28,27.989802,False,True,3
-4.0,100,28.019808,False,False,2
-0.02,2,28.020792,False,True,1
-0.15,15,28.024523,False,True,1
2.85,15,28.029154,False,True,4
-0.09,9,28.031596,False,True,1
0.86,14,28.03616,False,True,2
-0.02,2,28.036394,False,True,1
0.62,38,28.048152,False,True,2
0.97,3,28.049491,False,True,2
0.96,4,28.05119,False,True,2
0.93,7,28.053064,False,True,2
-0.1,10,28.056648,False,True,1
2.73,27,28.064717,False,True,4
0.85,15,28.06852,False,True,2
1.92,8,28.071129,False,True,3
0.98,2,28.072512,False,True,2
1.76,24,28.080287,False,True,3
0.95,5,28.081542,False,True,2
-0.09,9,28.083971,False,True,1
-0.05,5,28.086203,False,True,1
1.95,5,28.087677,False,True,3
1.94,6,28.089026,False,True,3
-0.12,12,28.092486,False,True,1
-0.02,2,28.093798,False,True,1
-0.06,6,28.095308,False,True,1
-0.09,9,28.098624,False,True,1
0.94,6,28.099956,False,True,2
0.91,9,28.102483,False,True,2
-0.07,7,28.104786,False,True,1
-0.04,4,28.106128,False,True,1
0.94,6,28.108412,False,True,2
0.89,11,28.111428,False,True,2
3.4,60,28.130136,False,True,5
2.36,64,28.148612,False,True,4
1.97,3,28.149989,False,True,3
0.93,7,28.152528,False,True,2
1.9,10,28.155129,False,True,3
3.86,14,28.16019,False,True,5
0.97,3,28.161391,False,True,2
2.72,28,28.169853,False,True,4
1.95,5,28.171394,False,True,3
0.94,6,28.172991,False,True,2
1.8,20,28.179459,False,True,3
-0.04,4,28.180863,False,True,1
2.81,19,28.1867,False,True,4
-4.0,100,28.215303,False,False,2
-0.08,8,28.218129,False,True,1
3.57,43,28.230956,False,True,5
1.95,5,28.232368,False,True,3
2.92,8,28.235277,False,True,4
-0.14,14,28.240299,False,True,1
3.86,14,28.244721,False,True,5
0.97,3,28.246011,False,True,2
-0.01,1,28.246234,False,True,1
0.94,6,28.248766,False,True,2
1.79,21,28.256031,False,True,3
2.79,21,28.262063,False,True,4
3.69,31,28.271537,False,True,5
0.95,5,28.272808,False,True,2
0.78,22,28.279984,False,True,2
2.85,15,28.283799,False,True,4
1.95,5,28.285873,False,True,3
-0.26,26,28.292981,False,True,1
0.98,2,28.294293,False,True,2
-3.0,100,28.323715,False,False,3
0.88,12,28.32718,False,True,2
0.87,13,28.330969,False,True,2
1.84,16,28.336126,False,True,3
0.94,6,28.337969,False,True,2
1.57,43,28.350933,False,True,3
0.92,8,28.353449,False,True,2
1.39,61,28.372437,False,True,3
1.87,13,28.37705,False,True,3
-0.06,6,28.378246,False,True,1
-0.3,30,28.3873,False,True,1
2.62,38,28.398467,False,True,4
0.96,4,28.399876,False,True,2
-0.02,2,28.401099,False,True,1
2.9,10,28.404071,False,True,4
0.33,67,28.424881,False,True,2
-3.0,100,28.454868,False,False,3
-2.0,100,28.483743,False,False,4
-0.06,6,28.485312,False,True,1
0.88,12,28.489233,False,True,2
0.67,33,28.499008,False,True,2
1.87,13,28.502547,False,True,3
-0.05,5,28.504005,False,True,1
0.83,17,28.508723,False,True,2
1.67,33,28.519443,False,True,3
1.87,13,28.523448,False,True,3
-0.04,4,28.524756,False,True,1
1.87,13,28.528622,False,True,3
0.66,34,28.539971,False,True,2
-0.01,1,28.540219,False,True,1
2.6,40,28.552218,False,True,4
1.77,23,28.55989,False,True,3
-0.03,3,28.56025,False,True,1
2.91,9,28.563685,False,True,4
4.72,28,28.570828,False,True,6
0.93,7,28.572663,False,True,2
-0.16,16,28.577469,False,True,1
1.75,25,28.586012,False,True,3
-0.07,7,28.587715,False,True,1
0.68,32,28.597398,False,True,2
0.96,4,28.598925,False,True,2
-0.05,5,28.60122,False,True,1
2.84,16,28.605852,False,True,4
0.91,9,28.608456,False,True,2
1.32,68,28.628693,False,True,3
-0.04,4,28.630048,False,True,1
-0.04,4,28.631127,False,True,1
1.82,18,28.63611,False,True,3
-0.03,3,28.637374,False,True,1
-0.05,5,28.639036,False,True,1
-0.06,6,28.641473,False,True,1
5.56,44,28.661858,False,True,7
0.85,15,28.667333,False,True,2
2.95,5,28.668679,False,True,4
0.91,9,28.671459,False,True,2
1.89,11,28.675096,False,True,3
1.93,7,28.6775,False,True,3
-0.09,9,28.680065,False,True,1
4.79,21,28.685682,False,True,6
-0.01,1,28.686,False,True,1
-0.09,9,28.689016,False,True,1
-3.0,100,28.717733,False,False,3
3.69,31,28.725667,False,True,5
2.9,10,28.728612,False,True,4
1.91,9,28.730924,False,True,3
-0.07,7,28.732757,False,True,1
0.96,4,28.733955,False,True,2
1.92,8,28.736749,False,True,3
-3.0,100,28.767147,False,False,3
1.86,14,28.770995,False,True,3
3.88,12,28.774694,False,True,5
1.86,14,28.779314,False,True,3
1.95,5,28.780626,False,True,3
1.91,9,28.782825,False,True,3
-0.09,9,28.786208,False,True,1
-0.02,2,28.786697,False,True,1
0.85,15,28.791679,False,True,2
3.88,12,28.795296,False,True,5
1.92,8,28.797745,False,True,3
-0.03,3,28.7991,False,True,1
0.82,18,28.804271,False,True,2
-2.0,100,28.832219,False,False,4
0.82,18,28.838075,False,True,2
1.94,6,28.839753,False,True,3
0.83,17,28.84409,False,True,2
3.78,22,28.851558,False,True,5
-0.02,2,28.851875,False,True,1
-0.3,30,28.863176,False,True,1
-0.03,3,28.864464,False,True,1
0.88,12,28.868374,False,True,2
3.86,14,28.872121,False,True,5
-0.02,2,28.873567,False,True,1
0.0,100,28.900933,False,False,6
1.69,31,28.908894,False,True,3
0.91,9,28.912109,False,True,2
2.67,33,28.921956,False,True,4
0.6,40,28.933686,False,True,2
-0.03,3,28.934901,False,True,1
0.82,18,28.9396,False,True,2
-4.0,100,28.967945,False,False,2
-0.03,3,28.968978,False,True,1
3.23,77,28.996173,False,True,5
1.83,17,29.000844,False,True,3
-0.03,3,29.00268,False,True,1
-5.0,100,29.032784,False,False,1
-0.27,27,29.040651,False,True,1
-0.06,6,29.042048,False,True,1
-0.03,3,29.043299,False,True,1
-0.03,3,29.044376,False,True,1
-4.0,100,29.072983,False,False,2
-0.13,13,29.076607,False,True,1
0.93,7,29.079167,False,True,2
1.72,28,29.087662,False,True,3
-0.04,4,29.088835,False,True,1
0.83,17,29.093242,False,True,2
1.95,5,29.094439,False,True,3
0.69,31,29.104191,False,True,2
2.89,11,29.107649,False,True,4
5.25,75,29.129662,False,True,7
3.74,26,29.136462,False,True,5
1.47,53,29.151543,False,True,3
-0.26,26,29.160299,False,True,1
4.51,49,29.175667,False,True,6
1.36,64,29.196359,False,True,3
0.88,12,29.200449,False,True,2
-0.05,5,29.202026,False,True,1
-0.08,8,29.205359,False,True,1
-3.0,100,29.24378,False,False,3
0.98,2,29.245028,False,True,2
1.85,15,29.250715,False,True,3
-0.1,10,29.253888,False,True,1
3.82,18,29.25997,False,True,5
5.79,21,29.267012,False,True,7
0.85,15,29.271995,False,True,2
0.95,5,29.273457,False,True,2
0.8,20,29.279646,False,True,2
1.61,39,29.292445,False,True,3
1.59,41,29.303613,False,True,3
0.94,6,29.305186,False,True,2
-3.0,100,29.33699,False,False,3
-0.13,13,29.342172,False,True,1
0.97,3,29.34252,False,True,2
0.98,2,29.343771,False,True,2
-3.0,100,29.391919,False,False,3
0.89,11,29.395759,False,True,2
-0.09,9,29.39871,False,True,1
0.93,7,29.401125,False,True,2
-0.03,3,29.401618,False,True,1
-0.02,2,29.402644,False,True,1
3.73,27,29.41325,False,True,5
0.92,8,29.415641,False,True,2
0.98,2,29.41603,False,True,2
1.95,5,29.417588,False,True,3
-0.04,4,29.418904,False,True,1
1.97,3,29.420055,False,True,3
-0.09,9,29.423935,False,True,1
-0.02,2,29.4251,False,True,1
-0.07,7,29.427468,False,True,1
-0.01,1,29.427808,False,True,1
-0.08,8,29.4311,False,True,1
-0.07,7,29.433532,False,True,1
-0.09,9,29.436801,False,True,1
2.76,24,29.444785,False,True,4
1.89,11,29.44872,False,True,3
-0.03,3,29.449172,False,True,1
-0.02,2,29.450335,False,True,1
1.96,4,29.451735,False,True,3
0.98,2,29.452227,False,True,2
0.73,27,29.461456,False,True,2
0.84,16,29.466851,False,True,2
1.97,3,29.468,False,True,3
-3.0,100,29.498167,False,False,3
0.96,4,29.499379,False,True,2
-4.0,100,29.528047,False,False,2
0.87,13,29.532,False,True,2
0.84,16,29.536431,False,True,2
0.97,3,29.538013,False,True,2
1.64,36,29.549693,False,True,3
-0.05,5,29.551159,False,True,1
-0.06,6,29.554118,False,True,1
-3.0,100,29.585901,False,False,3
-0.12,12,29.590287,False,True,1
0.02,98,29.61961,False,True,2
0.43,57,29.636701,False,True,2
0.9,10,29.640517,False,True,2
1.92,8,29.642829,False,True,3
0.87,13,29.64704,False,True,2
-4.0,100,29.678441,False,False,2
0.64,36,29.688957,False,True,2
-0.04,4,29.690327,False,True,1
-0.07,7,29.692427,False,True,1
-0.03,3,29.693762,False,True,1
0.97,3,29.694075,False,True,2
0.69,31,29.70397,False,True,2
-0.25,25,29.711333,False,True,1
-0.11,11,29.715383,False,True,1
0.94,6,29.717656,False,True,2
0.03,97,29.747464,False,True,2
1.91,9,29.749719,False,True,3
0.93,7,29.75233,False,True,2
-0.01,1,29.752509,False,True,1
0.95,5,29.753899,False,True,2
1.91,9,29.757835,False,True,3
-0.03,3,29.758421,False,True,1
1.78,22,29.765718,False,True,3
0.8,20,29.772361,False,True,2
1.9,10,29.775439,False,True,3
0.82,18,29.818732,False,True,2
-0.07,7,29.822505,False,True,1
2.68,32,29.839779,False,True,4
1.8,20,29.845549,False,True,3
0.97,3,29.846063,False,True,2
-0.13,13,29.850988,False,True,1
-0.05,5,29.85244,False,True,1
2.86,14,29.857607,False,True,4
-0.18,18,29.864896,False,True,1
-0.01,1,29.865112,False,True,1
-0.03,3,29.86645,False,True,1
-0.2,20,29.873331,False,True,1
0.59,41,29.885925,False,True,2
-2.0,100,29.915402,False,False,4
0.35,65,29.933614,False,True,2
-0.11,11,29.937158,False,True,1
0.96,4,29.938986,False,True,2
2.9,10,29.9422,False,True,4
0.88,12,29.946122,False,True,2
0.92,8,29.948877,False,True,2
0.9,10,29.951487,False,True,2
-0.1,10,29.955041,False,True,1
0.92,8,29.9575,False,True,2
-0.04,4,29.958684,False,True,1
-0.07,7,29.960191,False,True,1
-0.09,9,29.964138,False,True,1
0.93,7,29.965955,False,True,2
0.88,12,29.969625,False,True,2
1.96,4,29.971953,False,True,3
1.47,53,29.990001,False,True,3
-0.02,2,29.990363,False,True,1
0.97,3,29.991544,False,True,2
1.63,37,30.003518,False,True,3
4.8,20,30.010492,False,True,6
-0.05,5,30.011984,False,True,1
-0.07,7,30.015002,False,True,1
-0.02,2,30.016171,False,True,1
-0.02,2,30.016439,False,True,1
-0.5,50,30.033069,False,True,1
2.91,9,30.035392,False,True,4
1.9,10,30.038954,False,True,3
-0.08,8,30.041559,False,True,1
3.73,27,30.050282,False,True,5
0.93,7,30.052735,False,True,2
-3.0,100,30.086116,False,False,3
-0.07,7,30.088813,False,True,1
-0.06,6,30.090223,False,True,1
-0.03,3,30.091491,False,True,1
-2.0,100,30.122109,False,False,4
0.94,6,30.123693,False,True,2
-4.0,100,30.152443,False,False,2
1.66,34,30.163546,False,True,3
-0.02,2,30.163984,False,True,1
1.94,6,30.166563,False,True,3
2.7,30,30.17714,False,True,4
-0.08,8,30.180146,False,True,1
-0.17,17,30.187326,False,True,1
-0.02,2,30.187675,False,True,1
0.93,7,30.190884,False,True,2
0.89,11,30.194804,False,True,2
1.73,27,30.203139,False,True,3
5.68,32,30.214712,False,True,7
1.97,3,30.216328,False,True,3
1.9,10,30.219861,False,True,3
-0.11,11,30.223283,False,True,1
-0.07,7,30.225981,False,True,1
2.67,33,30.234927,False,True,4
2.44,56,30.252841,False,True,4
1.88,12,30.258856,False,True,3
3.64,36,30.269815,False,True,5
0.86,14,30.275376,False,True,2
1.91,9,30.278158,False,True,3
0.95,5,30.279857,False,True,2
-0.24,24,30.288054,False,True,1
0.49,51,30.304357,False,True,2
1.94,6,30.306753,False,True,3
0.52,48,30.322773,False,True,2
0.98,2,30.323186,False,True,2
2.81,19,30.329423,False,True,4
0.92,8,30.332036,False,True,2
0.97,3,30.333422,False,True,2
1.83,17,30.338635,False,True,3
-0.08,8,30.341126,False,True,1
-0.02,2,30.341342,False,True,1
3.1,90,30.368904,False,True,5
0.51,49,30.381802,False,True,2
-0.11,11,30.385741,False,True,1
-0.03,3,30.386925,False,True,1
1.55,45,30.399733,False,True,3
1.95,5,30.401194,False,True,3
-0.06,6,30.403439,False,True,1
1.68,32,30.41217,False,True,3
-0.01,1,30.412474,False,True,1
-0.02,2,30.412747,False,True,1
-0.04,4,30.413862,False,True,1
-0.07,7,30.415954,False,True,1
0.77,23,30.422638,False,True,2
0.77,23,30.4292,False,True,2
-4.0,100,30.455587,False,False,2
2.82,18,30.459796,False,True,4
0.83,17,30.464292,False,True,2
1.93,7,30.466618,False,True,3
1.91,9,30.469394,False,True,3
2.84,16,30.473691,False,True,4
0.95,5,30.475924,False,True,2
0.72,28,30.484797,False,True,2
-3.0,100,30.512242,False,False,3
0.96,4,30.513386,False,True,2
3.72,28,30.521723,False,True,5
2.64,36,30.531912,False,True,4
0.4,60,30.548239,False,True,2
-0.01,1,30.548407,False,True,1
1.75,25,30.554611,False,True,3
-0.02,2,30.555567,False,True,1
1.97,3,30.55599,False,True,3
0.82,18,30.561482,False,True,2
2.62,38,30.571549,False,True,4
-3.0,100,30.598776,False,False,3
0.93,7,30.60105,False,True,2
-0.01,1,30.601225,False,True,1
0.96,4,30.602503,False,True,2
-0.02,2,30.6034,False,True,1
-0.07,7,30.605475,False,True,1
-0.02,2,30.605716,False,True,1
0.95,5,30.606932,False,True,2
2.57,43,30.619033,False,True,4
2.48,52,30.633475,False,True,4
-3.0,100,30.659741,False,False,3
1.64,36,30.669383,False,True,3
0.85,15,30.67366,False,True,2
-0.1,10,30.676176,False,True,1
0.86,14,30.680406,False,True,2
-3.0,100,30.708639,False,False,3
-3.0,100,30.734806,False,False,3
3.65,35,30.744236,False,True,5
1.69,31,30.752041,False,True,3
2.51,49,30.765986,False,True,4
-0.03,3,30.766443,False,True,1
-0.05,5,30.768623,False,True,1
1.94,6,30.770208,False,True,3
-0.09,9,30.772847,False,True,1
-4.0,100,30.800388,False,False,2
2.94,6,30.80253,False,True,4
0.85,15,30.806683,False,True,2
0.97,3,30.807159,False,True,2
0.97,3,30.808215,False,True,2
-0.06,6,30.810369,False,True,1
0.71,29,30.818809,False,True,2
-0.22,22,30.824633,False,True,1
-2.0,100,30.85287,False,False,4
1.72,28,30.860616,False,True,3
-0.07,7,30.862846,False,True,1
-0.34,34,30.872473,False,True,1
-4.0,100,30.899461,False,False,2
0.93,7,30.900908,False,True,2
2.86,14,30.905033,False,True,4
0.96,4,30.906352,False,True,2
1.71,29,30.91432,False,True,3
-0.06,6,30.916736,False,True,1
2.15,85,30.939428,False,True,4
-0.1,10,30.941995,False,True,1
0.95,5,30.943783,False,True,2
-0.04,4,30.94485,False,True,1
2.94,6,30.94621,False,True,4
2.83,17,30.951148,False,True,4
1.95,5,30.953405,False,True,3
1.95,5,30.95473,False,True,3
1.28,72,30.974783,False,True,3
0.96,4,30.976279,False,True,2
0.97,3,30.977399,False,True,2
-0.03,3,30.977687,False,True,1
2.94,6,30.979583,False,True,4
2.91,9,30.98232,False,True,4
0.96,4,30.983625,False,True,2
-0.12,12,30.987139,False,True,1
0.89,11,30.990425,False,True,2
0.86,14,30.994311,False,True,2
1.92,8,30.996609,False,True,3
-2.0,100,31.024125,False,False,4
0.65,35,31.033628,False,True,2
0.8,20,31.038801,False,True,2
-0.15,15,31.043189,False,True,1
-4.0,100,31.069507,False,False,2
0.98,2,31.069866,False,True,2
1.89,11,31.073371,False,True,3
3.8,20,31.079181,False,True,5
2.93,7,31.081659,False,True,4
1.94,6,31.083189,False,True,3
2.29,71,31.103071,False,True,4
-3.0,100,31.128624,False,False,3
0.98,2,31.129544,False,True,2
-0.1,10,31.131606,False,True,1
6.55,45,31.143843,False,True,8
-0.24,24,31.150674,False,True,1
0.89,11,31.154258,False,True,2
-0.02,2,31.155323,False,True,1
0.94,6,31.156867,False,True,2
-0.01,1,31.157006,False,True,1
0.86,14,31.161054,False,True,2
0.92,8,31.163318,False,True,2
-0.11,11,31.166496,False,True,1
0.73,27,31.173385,False,True,2
1.75,25,31.190153,False,True,3
2.67,33,31.203808,False,True,4
-0.16,16,31.208992,False,True,1
1.86,14,31.213046,False,True,3
1.82,18,31.219089,False,True,3
0.08,92,31.243457,False,True,2
-0.07,7,31.245786,False,True,1
2.91,9,31.247788,False,True,4
0.79,21,31.25334,False,True,2
2.57,43,31.26502,False,True,4
-0.02,2,31.265452,False,True,1
-0.71,71,31.28483,False,True,1
-0.05,5,31.286352,False,True,1
1.94,6,31.288465,False,True,3
1.95,5,31.289879,False,True,3
0.93,7,31.292222,False,True,2
0.88,12,31.295572,False,True,2
3.42,58,31.311088,False,True,5
2.83,17,31.317192,False,True,4
-0.1,10,31.319557,False,True,1
1.86,14,31.324612,False,True,3
2.79,21,31.330741,False,True,4
-0.05,5,31.332598,False,True,1
-0.01,1,31.332783,False,True,1
1.74,26,31.342075,False,True,3
-0.13,13,31.345562,False,True,1
0.67,33,31.355764,False,True,2
-0.03,3,31.357048,False,True,1
0.89,11,31.360863,False,True,2
0.71,29,31.369828,False,True,2
-0.19,19,31.376139,False,True,1
0.96,4,31.377338,False,True,2
1.58,42,31.389558,False,True,3
-0.01,1,31.390485,False,True,1
-0.11,11,31.393636,False,True,1
2.94,6,31.396387,False,True,4
1.89,11,31.40061,False,True,3
-0.06,6,31.402026,False,True,1
0.88,12,31.406412,False,True,2
3.84,16,31.41128,False,True,5
-0.08,8,31.413974,False,True,1
-0.03,3,31.41538,False,True,1
0.98,2,31.415874,False,True,2
3.76,24,31.423762,False,True,5
-0.07,7,31.426009,False,True,1
-0.08,8,31.428661,False,True,1
1.89,11,31.432724,False,True,3
-0.02,2,31.432958,False,True,1
-0.11,11,31.436529,False,True,1
1.9,10,31.440125,False,True,3
-0.02,2,31.440502,False,True,1
5.02,98,31.469643,False,True,7
-3.0,100,31.498165,False,False,3
-0.17,17,31.502788,False,True,1
2.66,34,31.511787,False,True,4
0.82,18,31.518395,False,True,2
-0.02,2,31.51868,False,True,1
0.98,2,31.519692,False,True,2
1.04,96,31.549623,False,True,3
0.88,12,31.55336,False,True,2
0.93,7,31.556383,False,True,2
3.72,28,31.564942,False,True,5
1.76,24,31.571693,False,True,3
5.78,22,31.578298,False,True,7
4.02,98,31.607666,False,True,6
1.61,39,31.618729,False,True,3
0.98,2,31.619958,False,True,2
0.95,5,31.621286,False,True,2
1.68,32,31.63143,False,True,3
0.78,22,31.638044,False,True,2
1.61,39,31.649457,False,True,3
1.85,15,31.654274,False,True,3
1.79,21,31.660768,False,True,3
0.98,2,31.661866,False,True,2
-0.02,2,31.662302,False,True,1
-0.03,3,31.663662,False,True,1
0.93,7,31.666133,False,True,2
2.45,55,31.682812,False,True,4
2.85,15,31.686597,False,True,4
1.79,21,31.69406,False,True,3
-3.0,100,31.724952,False,False,3
1.88,12,31.728108,False,True,3
-0.11,11,31.730839,False,True,1
1.92,8,31.733207,False,True,3
0.84,16,31.738968,False,True,2
0.81,19,31.745209,False,True,2
-0.04,4,31.746905,False,True,1
0.88,12,31.750628,False,True,2
-0.05,5,31.751965,False,True,1
1.74,26,31.760194,False,True,3
-3.0,100,31.78968,False,False,3
-0.11,11,31.793221,False,True,1
3.92,8,31.79554,False,True,5
-0.03,3,31.795937,False,True,1
-0.07,7,31.798673,False,True,1
1.57,43,31.811788,False,True,3
0.88,12,31.815551,False,True,2
2.8,20,31.822278,False,True,4
1.95,5,31.824061,False,True,3
1.68,32,31.833002,False,True,3
-1.0,100,31.863096,False,False,5
2.64,36,31.873606,False,True,4
1.71,29,31.88268,False,True,3
1.8,20,31.888983,False,True,3
2.3,70,31.912581,False,True,4
1.74,26,31.920416,False,True,3
0.77,23,31.928127,False,True,2
5.82,18,31.934897,False,True,7
-0.56,56,31.951528,False,True,1
1.71,29,31.959301,False,True,3
-4.0,100,31.988513,False,False,2
0.72,28,31.997121,False,True,2
-1.0,100,32.0271,False,False,5
1.94,6,32.028564,False,True,3
1.9,10,32.032362,False,True,3
3.84,16,32.037463,False,True,5
0.96,4,32.038905,False,True,2
1.92,8,32.041456,False,True,3
-0.23,23,32.048642,False,True,1
1.96,4,32.050097,False,True,3
0.66,34,32.058836,False,True,2
1.94,6,32.061097,False,True,3
-0.02,2,32.061579,False,True,1
0.87,13,32.064932,False,True,2
1.6,40,32.076183,False,True,3
2.84,16,32.081204,False,True,4
-0.11,11,32.085259,False,True,1
-0.04,4,32.08673,False,True,1
1.92,8,32.089486,False,True,3
1.93,7,32.092121,False,True,3
-0.08,8,32.094812,False,True,1
0.93,7,32.097049,False,True,2
2.84,16,32.101672,False,True,4
0.87,13,32.105298,False,True,2
-0.09,9,32.108242,False,True,1
3.86,14,32.112956,False,True,5
2.93,7,32.11446,False,True,4
0.94,6,32.117038,False,True,2
-0.1,10,32.119945,False,True,1
0.87,13,32.124723,False,True,2
-3.0,100,32.155197,False,False,3
1.84,16,32.15992,False,True,3
0.89,11,32.162404,False,True,2
1.8,20,32.16813,False,True,3
-0.07,7,32.170477,False,True,1
-2.0,100,32.200326,False,False,4
3.32,68,32.221596,False,True,5
1.97,3,32.222675,False,True,3
1.83,17,32.227861,False,True,3
3.68,32,32.237521,False,True,5
0.96,4,32.239015,False,True,2
0.87,13,32.242845,False,True,2
0.84,16,32.247864,False,True,2
2.66,34,32.258452,False,True,4
0.95,5,32.2601,False,True,2
0.89,11,32.263365,False,True,2
0.92,8,32.265995,False,True,2
2.46,54,32.281706,False,True,4
-0.1,10,32.285216,False,True,1
-0.08,8,32.287507,False,True,1
3.86,14,32.291397,False,True,5
2.57,43,32.304715,False,True,4
3.54,46,32.31953,False,True,5
0.79,21,32.325418,False,True,2
-0.05,5,32.326727,False,True,1
1.71,29,32.334739,False,True,3
3.45,55,32.350714,False,True,5
3.63,37,32.36081,False,True,5
0.95,5,32.362909,False,True,2
-0.04,4,32.364161,False,True,1
-0.01,1,32.364424,False,True,1
2.56,44,32.377899,False,True,4
2.89,11,32.381409,False,True,4
0.97,3,32.381746,False,True,2
0.28,72,32.403051,False,True,2
2.56,44,32.415105,False,True,4
0.85,15,32.419791,False,True,2
0.97,3,32.421,False,True,2
-0.04,4,32.422447,False,True,1
-0.02,2,32.422708,False,True,1
3.88,12,32.425787,False,True,5
-0.19,19,32.431254,False,True,1
-0.03,3,32.432557,False,True,1
1.91,9,32.435365,False,True,3
0.95,5,32.436657,False,True,2
1.8,20,32.442392,False,True,3
1.77,23,32.449472,False,True,3
-0.02,2,32.450423,False,True,1
1.82,18,32.455558,False,True,3
2.47,53,32.470808,False,True,4
0.96,4,32.472599,False,True,2
2.88,12,32.476483,False,True,4
-0.03,3,32.477653,False,True,1
-2.0,100,32.504387,False,False,4
0.91,9,32.50684,False,True,2
4.67,33,32.51636,False,True,6
1.81,19,32.521683,False,True,3
0.94,6,32.523977,False,True,2
-0.02,2,32.524423,False,True,1
2.96,4,32.525625,False,True,4
-0.02,2,32.526916,False,True,1
-0.21,21,32.53271,False,True,1
0.97,3,32.534283,False,True,2
2.86,14,32.538185,False,True,4
1.93,7,32.54064,False,True,3
0.84,16,32.545075,False,True,2
1.67,33,32.554563,False,True,3
1.8,20,32.560425,False,True,3
2.37,63,32.577358,False,True,4
-0.01,1,32.577612,False,True,1
1.94,6,32.579821,False,True,3
2.85,15,32.584264,False,True,4
0.87,13,32.587511,False,True,2
-3.0,100,32.615363,False,False,3
-0.13,13,32.619259,False,True,1
0.36,64,32.637455,False,True,2
-0.05,5,32.639054,False,True,1
2.5,50,32.653504,False,True,4
2.93,7,32.655846,False,True,4
-3.0,100,32.682996,False,False,3
-0.1,10,32.685574,False,True,1
1.7,30,32.693416,False,True,3
0.94,6,32.69486,False,True,2
1.94,6,32.697137,False,True,3
0.95,5,32.698452,False,True,2
0.97,3,32.699436,False,True,2
-0.03,3,32.699869,False,True,1
0.89,11,32.703312,False,True,2
-0.09,9,32.705664,False,True,1
0.92,8,32.708286,False,True,2
0.97,3,32.709536,False,True,2
0.96,4,32.710874,False,True,2
-0.06,6,32.712901,False,True,1
1.82,18,32.717357,False,True,3
1.92,8,32.719828,False,True,3
-0.07,7,32.722293,False,True,1
1.57,43,32.733885,False,True,3
-0.08,8,32.73636,False,True,1
0.93,7,32.737863,False,True,2
2.68,32,32.746868,False,True,4
0.19,81,32.769734,False,True,2
-0.09,9,32.771748,False,True,1
1.43,57,32.787111,False,True,3
0.94,6,32.789269,False,True,2
0.89,11,32.791978,False,True,2
0.96,4,32.793321,False,True,2
0.22,78,32.814951,False,True,2
1.68,32,32.823532,False,True,3
1.83,17,32.827982,False,True,3
0.69,31,32.835746,False,True,2
-0.18,18,32.840755,False,True,1
1.94,6,32.84307,False,True,3
2.69,31,32.852663,False,True,4
2.62,38,32.861963,False,True,4
-0.05,5,32.863371,False,True,1
1.65,35,32.872886,False,True,3
0.94,6,32.875116,False,True,2
-0.03,3,32.875443,False,True,1
-0.2,20,32.880842,False,True,1
3.65,35,32.89046,False,True,5
1.92,8,32.892963,False,True,3
0.88,12,32.896319,False,True,2
-0.04,4,32.897514,False,True,1
2.58,42,32.908905,False,True,4
-0.03,3,32.909165,False,True,1
-0.69,69,32.928207,False,True,1
0.7,30,32.936331,False,True,2
-0.1,10,32.939742,False,True,1
3.81,19,32.945268,False,True,5
0.95,5,32.947934,False,True,2
0.88,12,32.951643,False,True,2
-4.0,100,32.979518,False,False,2
0.88,12,32.982927,False,True,2
1.85,15,32.986312,False,True,3
0.96,4,32.987595,False,True,2
1.9,10,32.990836,False,True,3
-0.06,6,32.992297,False,True,1
0.78,22,32.998924,False,True,2
1.06,94,33.023851,False,True,3
-0.04,4,33.025059,False,True,1
0.87,13,33.029038,False,True,2
0.85,15,33.032403,False,True,2
0.97,3,33.033751,False,True,2
0.93,7,33.036033,False,True,2
1.52,48,33.050379,False,True,3
-0.04,4,33.051741,False,True,1
0.94,6,33.053147,False,True,2
1.81,19,33.059061,False,True,3
2.72,28,33.067088,False,True,4
-0.02,2,33.068195,False,True,1
0.9,10,33.070901,False,True,2
6.46,54,33.086036,False,True,8
0.85,15,33.089458,False,True,2
-0.02,2,33.090477,False,True,1
1.87,13,33.094057,False,True,3
-4.0,100,33.121168,False,False,2
0.97,3,33.122374,False,True,2
0.34,66,33.140433,False,True,2
2.88,12,33.1441,False,True,4
0.61,39,33.155404,False,True,2
1.86,14,33.160004,False,True,3
1.85,15,33.163795,False,True,3
0.97,3,33.165008,False,True,2
2.88,12,33.168365,False,True,4
0.69,31,33.177489,False,True,2
2.92,8,33.179616,False,True,4
1.0,100,33.205814,False,True,3
3.91,9,33.207815,False,True,5
-0.02,2,33.208683,False,True,1
1.94,6,33.210024,False,True,3
1.9,10,33.21336,False,True,3
-0.03,3,33.213697,False,True,1
1.86,14,33.217912,False,True,3
-0.04,4,33.219249,False,True,1
0.89,11,33.222669,False,True,2
0.94,6,33.22383,False,True,2
2.8,20,33.22967,False,True,4
-0.14,14,33.234016,False,True,1
1.88,12,33.237778,False,True,3
-2.0,100,33.266844,False,False,4
0.87,13,33.270131,False,True,2
0.27,73,33.289462,False,True,2
-0.01,1,33.28979,False,True,1
0.97,3,33.291042,False,True,2
-4.0,100,33.319737,False,False,2
-0.22,22,33.326702,False,True,1
1.65,35,33.336631,False,True,3
-0.07,7,33.338741,False,True,1
-4.0,100,33.368184,False,False,2
-0.1,10,33.371987,False,True,1
-0.33,33,33.382127,False,True,1
-2.0,100,33.409598,False,False,4
1.95,5,33.410961,False,True,3
-4.0,100,33.43906,False,False,2
0.95,5,33.440922,False,True,2
1.82,18,33.447291,False,True,3
3.62,38,33.458778,False,True,5
0.76,24,33.465982,False,True,2
0.7,30,33.476467,False,True,2
2.95,5,33.477862,False,True,4
-0.06,6,33.480001,False,True,1
0.81,19,33.485767,False,True,2
1.87,13,33.490747,False,True,3
-4.0,100,33.521021,False,False,2
-0.19,19,33.526098,False,True,1
-0.01,1,33.527083,False,True,1
1.37,63,33.545252,False,True,3
0.97,3,33.546249,False,True,2
4.79,21,33.553009,False,True,6
2.67,33,33.563637,False,True,4
0.95,5,33.565341,False,True,2
2.87,13,33.569163,False,True,4
0.77,23,33.576944,False,True,2
-0.02,2,33.577218,False,True,1
1.77,23,33.584995,False,True,3
1.83,17,33.589933,False,True,3
-0.39,39,33.60163,False,True,1
1.23,77,33.622807,False,True,3
-0.18,18,33.628786,False,True,1
1.84,16,33.633452,False,True,3
-0.02,2,33.633686,False,True,1
2.66,34,33.64493,False,True,4
4.78,22,33.65202,False,True,6
1.88,12,33.655634,False,True,3
-0.09,9,33.65909,False,True,1
-0.04,4,33.660343,False,True,1
0.44,56,33.677514,False,True,2
2.74,26,33.685431,False,True,4
-0.36,36,33.696403,False,True,1
1.72,28,33.704336,False,True,3
1.47,53,33.719547,False,True,3
0.89,11,33.723576,False,True,2
1.77,23,33.730806,False,True,3
1.94,6,33.732205,False,True,3
3.53,47,33.746608,False,True,5
-0.04,4,33.748221,False,True,1
-0.03,3,33.749424,False,True,1
0.89,11,33.753823,False,True,2
3.61,39,33.7657,False,True,5
1.86,14,33.771159,False,True,3
-0.01,1,33.771318,False,True,1
0.85,15,33.77624,False,True,2
0.83,17,33.781176,False,True,2
-4.0,100,33.811836,False,False,2
-0.03,3,33.813086,False,True,1
-0.02,2,33.813364,False,True,1
-0.05,5,33.815662,False,True,1
1.83,17,33.820347,False,True,3
1.81,19,33.826543,False,True,3
2.46,54,33.841931,False,True,4
0.9,10,33.845598,False,True,2
-0.05,5,33.847425,False,True,1
0.85,15,33.852828,False,True,2
0.97,3,33.85341,False,True,2
2.44,56,33.871502,False,True,4
-0.01,1,33.87256,False,True,1
-0.02,2,33.872906,False,True,1
-0.19,19,33.879249,False,True,1
0.94,6,33.881116,False,True,2
-0.06,6,33.88351,False,True,1
2.79,21,33.889342,False,True,4
0.97,3,33.890859,False,True,2
0.93,7,33.893756,False,True,2
0.84,16,33.89924,False,True,2
1.19,81,33.923757,False,True,3
0.91,9,33.926502,False,True,2
0.85,15,33.931204,False,True,2
0.94,6,33.932661,False,True,2
1.38,62,33.95272,False,True,3
0.95,5,33.954444,False,True,2
0.96,4,33.956169,False,True,2
0.95,5,33.957739,False,True,2
0.85,15,33.963344,False,True,2
1.95,5,33.965562,False,True,3
-0.03,3,33.967316,False,True,1
-0.08,8,33.970314,False,True,1
1.95,5,33.971935,False,True,3
-0.05,5,33.974551,False,True,1
-3.0,100,34.005198,False,False,3
2.87,13,34.008843,False,True,4
1.95,5,34.010185,False,True,3
0.4,60,34.027702,False,True,2
0.91,9,34.030319,False,True,2
-0.08,8,34.032608,False,True,1
-0.1,10,34.0357,False,True,1
-0.14,14,34.039564,False,True,1
0.83,17,34.045161,False,True,2
-0.02,2,34.045384,False,True,1
0.65,35,34.05638,False,True,2
-0.2,20,34.062191,False,True,1
0.98,2,34.062647,False,True,2
-4.0,100,34.091939,False,False,2
2.69,31,34.101544,False,True,4
0.66,34,34.111824,False,True,2
-0.14,14,34.115804,False,True,1
3.92,8,34.118226,False,True,5
1.95,5,34.119717,False,True,3
0.84,16,34.12488,False,True,2
1.83,17,34.130843,False,True,3
0.9,10,34.133909,False,True,2
-0.14,14,34.138601,False,True,1
0.77,23,34.145695,False,True,2
1.75,25,34.155017,False,True,3
1.86,14,34.1597,False,True,3
2.82,18,34.165781,False,True,4
-0.08,8,34.168159,False,True,1
3.64,36,34.179805,False,True,5
-4.0,100,34.210516,False,False,2
1.87,13,34.214272,False,True,3
1.35,65,34.234463,False,True,3
0.96,4,34.23609,False,True,2
0.8,20,34.242026,False,True,2
0.96,4,34.243499,False,True,2
0.83,17,34.248467,False,True,2
1.93,7,34.251147,False,True,3
-0.16,16,34.256065,False,True,1
-0.72,72,34.277886,False,True,1
-0.07,7,34.280012,False,True,1
0.54,46,34.293879,False,True,2
1.94,6,34.296225,False,True,3
1.68,32,34.305113,False,True,3
-0.12,12,34.308505,False,True,1
-0.02,2,34.308969,False,True,1
3.61,39,34.320069,False,True,5
0.82,18,34.325413,False,True,2
-0.16,16,34.329854,False,True,1
3.51,49,34.343725,False,True,5
0.85,15,34.348538,False,True,2
0.78,22,34.354539,False,True,2
0.64,36,34.364398,False,True,2
-0.1,10,34.367726,False,True,1
-0.01,1,34.367875,False,True,1
0.87,13,34.371214,False,True,2
0.8,20,34.37707,False,True,2
-0.41,41,34.388806,False,True,1
0.97,3,34.390098,False,True,2
0.95,5,34.39145,False,True,2
5.89,11,34.395261,False,True,7
0.94,6,34.398534,False,True,2
0.8,20,34.405344,False,True,2
-0.05,5,34.40697,False,True,1
-0.16,16,34.411404,False,True,1
2.93,7,34.41395,False,True,4
-0.09,9,34.416227,False,True,1
0.94,6,34.417405,False,True,2
0.53,47,34.430808,False,True,2
0.96,4,34.432322,False,True,2
-0.02,2,34.433421,False,True,1
1.83,17,34.438295,False,True,3
3.81,19,34.443466,False,True,5
1.96,4,34.44511,False,True,3
0.82,18,34.449846,False,True,2
1.93,7,34.452244,False,True,3
0.89,11,34.455813,False,True,2
2.84,16,34.460805,False,True,4
0.92,8,34.463966,False,True,2
-0.01,1,34.464225,False,True,1
-0.04,4,34.465648,False,True,1
0.96,4,34.466929,False,True,2
0.97,3,34.468237,False,True,2
0.15,85,34.493772,False,True,2
3.48,52,34.50825,False,True,5
2.9,10,34.510795,False,True,4
0.84,16,34.515228,False,True,2
-0.13,13,34.519526,False,True,1
3.75,25,34.526161,False,True,5
-0.02,2,34.526587,False,True,1
1.73,27,34.534274,False,True,3
-0.01,1,34.534491,False,True,1
1.86,14,34.539484,False,True,3
1.96,4,34.540976,False,True,3
4.35,65,34.560361,False,True,6
3.83,17,34.564812,False,True,5
2.92,8,34.567263,False,True,4
1.6,40,34.580115,False,True,3
-0.03,3,34.581415,False,True,1
2.41,59,34.598122,False,True,4
2.83,17,34.602824,False,True,4
3.59,41,34.615548,False,True,5
3.55,45,34.628741,False,True,5
1.77,23,34.634319,False,True,3
-0.02,2,34.635452,False,True,1
2.82,18,34.640367,False,True,4
-3.0,100,34.66938,False,False,3
0.97,3,34.670554,False,True,2
-0.13,13,34.674109,False,True,1
0.94,6,34.676374,False,True,2
0.26,74,34.695761,False,True,2
0.96,4,34.69686,False,True,2
-0.03,3,34.697946,False,True,1
-0.15,15,34.702359,False,True,1
-0.01,1,34.7025,False,True,1
0.96,4,34.703611,False,True,2
1.8,20,34.709511,False,True,3
1.82,18,34.715016,False,True,3
-0.02,2,34.715284,False,True,1
-4.0,100,34.741995,False,False,2
4.64,36,34.751375,False,True,6
0.95,5,34.752688,False,True,2
0.88,12,34.755816,False,True,2
0.95,5,34.757738,False,True,2
0.76,24,34.765744,False,True,2
-4.0,100,34.795458,False,False,2
-0.1,10,34.797772,False,True,1
1.17,83,34.820988,False,True,3
1.92,8,34.823283,False,True,3
0.92,8,34.825469,False,True,2
-0.03,3,34.826549,False,True,1
1.87,13,34.830636,False,True,3
-5.0,100,34.857485,False,False,1
0.92,8,34.859788,False,True,2
1.9,10,34.862285,False,True,3
1.78,22,34.869603,False,True,3
2.79,21,34.875419,False,True,4
1.93,7,34.87797,False,True,3
-0.24,24,34.884924,False,True,1
1.68,32,34.893774,False,True,3
0.18,82,34.917338,False,True,2
-0.1,10,34.92081,False,True,1
0.86,14,34.924656,False,True,2
0.65,35,34.934307,False,True,2
0.96,4,34.93547,False,True,2
0.83,17,34.940332,False,True,2
0.92,8,34.942706,False,True,2
0.85,15,34.947493,False,True,2
0.94,6,34.949618,False,True,2
1.56,44,34.961893,False,True,3
0.78,22,34.967621,False,True,2
0.41,59,34.984404,False,True,2
2.45,55,34.999871,False,True,4
-3.0,100,35.026983,False,False,3
2.36,64,35.044395,False,True,4
-0.11,11,35.047102,False,True,1
0.5,50,35.060726,False,True,2
2.71,29,35.069402,False,True,4
0.73,27,35.078243,False,True,2
0.96,4,35.079605,False,True,2
1.06,94,35.104508,False,True,3
-0.23,23,35.111944,False,True,1
3.7,30,35.122266,False,True,5
2.6,40,35.13371,False,True,4
0.89,11,35.136313,False,True,2
1.86,14,35.140584,False,True,3
0.49,51,35.154596,False,True,2
0.28,72,35.173306,False,True,2
0.8,20,35.179089,False,True,2
-0.03,3,35.179562,False,True,1
-0.02,2,35.180629,False,True,1
0.4,60,35.197955,False,True,2
2.85,15,35.20259,False,True,4
0.86,14,35.206536,False,True,2
-0.11,11,35.210166,False,True,1
-0.03,3,35.211417,False,True,1
0.84,16,35.215686,False,True,2
0.85,15,35.2199,False,True,2
-0.07,7,35.222121,False,True,1
-0.12,12,35.225775,False,True,1
0.92,8,35.228303,False,True,2
3.93,7,35.230641,False,True,5
2.83,17,35.235728,False,True,4
-0.03,3,35.236993,False,True,1
3.69,31,35.245762,False,True,5
-0.2,20,35.251685,False,True,1
0.83,17,35.256646,False,True,2
1.93,7,35.259145,False,True,3
1.89,11,35.261958,False,True,3
3.87,13,35.266253,False,True,5
1.74,26,35.274062,False,True,3
-0.07,7,35.276389,False,True,1
3.63,37,35.288036,False,True,5
-0.15,15,35.292839,False,True,1
3.75,25,35.300927,False,True,5
0.86,14,35.305733,False,True,2
-0.13,13,35.309104,False,True,1
-0.09,9,35.311552,False,True,1
1.16,84,35.33621,False,True,3
0.89,11,35.339259,False,True,2
0.9,10,35.341776,False,True,2
1.66,34,35.352963,False,True,3
0.76,24,35.359622,False,True,2
1.85,15,35.364868,False,True,3
1.51,49,35.37893,False,True,3
-0.01,1,35.379263,False,True,1
5.64,36,35.390548,False,True,7
1.82,18,35.396328,False,True,3
-0.09,9,35.39928,False,True,1
2.76,24,35.406707,False,True,4
0.19,81,35.430874,False,True,2
0.85,15,35.435243,False,True,2
1.85,15,35.439694,False,True,3
-0.06,6,35.441094,False,True,1
2.29,71,35.462206,False,True,4
-3.0,100,35.493251,False,False,3
2.33,67,35.513173,False,True,4
2.22,78,35.537053,False,True,4
1.63,37,35.547906,False,True,3
-0.23,23,35.555019,False,True,1
-0.07,7,35.557176,False,True,1
-0.09,9,35.560356,False,True,1
3.81,19,35.567057,False,True,5
3.06,94,35.595701,False,True,5
0.91,9,35.59932,False,True,2
0.83,17,35.604442,False,True,2
0.59,41,35.617365,False,True,2
1.32,68,35.637564,False,True,3
-0.06,6,35.639899,False,True,1
2.66,34,35.650763,False,True,4
1.9,10,35.654334,False,True,3
0.95,5,35.655933,False,True,2
0.95,5,35.65751,False,True,2
0.55,45,35.675974,False,True,2
1.93,7,35.682698,False,True,3
0.98,2,35.685882,False,True,2
-0.04,4,35.690412,False,True,1
0.86,14,35.695926,False,True,2
1.74,26,35.705494,False,True,3
-0.04,4,35.706747,False,True,1
2.86,14,35.710649,False,True,4
0.68,32,35.719923,False,True,2
1.71,29,35.729612,False,True,3
-2.0,100,35.759434,False,False,4
-0.01,1,35.760423,False,True,1
2.31,69,35.78147,False,True,4
-0.02,2,35.781806,False,True,1
-0.45,45,35.79513,False,True,1
0.66,34,35.806642,False,True,2
1.86,14,35.811734,False,True,3
0.73,27,35.820103,False,True,2
2.96,4,35.821508,False,True,4
0.75,25,35.829801,False,True,2
-0.2,20,35.836222,False,True,1
1.95,5,35.837725,False,True,3
1.93,7,35.839936,False,True,3
0.68,32,35.849526,False,True,2
1.82,18,35.854463,False,True,3
-0.05,5,35.855733,False,True,1
1.73,27,35.864491,False,True,3
0.44,56,35.882381,False,True,2
-0.2,20,35.888204,False,True,1
1.58,42,35.902434,False,True,3
1.85,15,35.906862,False,True,3
-0.44,44,35.919235,False,True,1
0.4,60,35.937868,False,True,2
-0.05,5,35.940585,False,True,1
-0.21,21,35.946631,False,True,1
-0.1,10,35.949231,False,True,1
0.52,48,35.963101,False,True,2
-0.05,5,35.965585,False,True,1
-4.0,100,35.99455,False,False,2
-0.29,29,36.002565,False,True,1
-0.01,1,36.002893,False,True,1
-0.21,21,36.009801,False,True,1
3.49,51,36.026995,False,True,5
-0.76,76,36.048729,False,True,1
1.76,24,36.055834,False,True,3
-0.03,3,36.057258,False,True,1
0.72,28,36.066591,False,True,2
-0.12,12,36.070403,False,True,1
0.91,9,36.073712,False,True,2
3.91,9,36.076435,False,True,5
-0.07,7,36.078641,False,True,1
0.94,6,36.081176,False,True,2
1.89,11,36.084163,False,True,3
-0.17,17,36.090036,False,True,1
-0.14,14,36.094065,False,True,1
0.86,14,36.099289,False,True,2
2.7,30,36.109991,False,True,4
-0.25,25,36.118239,False,True,1
1.87,13,36.122987,False,True,3
1.76,24,36.129533,False,True,3
1.87,13,36.133532,False,True,3
-3.0,100,36.165394,False,False,3
-2.0,100,36.195288,False,False,4
0.74,26,36.203028,False,True,2
0.97,3,36.204591,False,True,2
-0.11,11,36.208664,False,True,1
0.91,9,36.211203,False,True,2
1.9,10,36.214513,False,True,3
0.78,22,36.220985,False,True,2
-0.13,13,36.225363,False,True,1
3.88,12,36.22872,False,True,5
1.64,36,36.239776,False,True,3
0.94,6,36.24232,False,True,2
0.91,9,36.244627,False,True,2
2.76,24,36.252049,False,True,4
0.87,13,36.255622,False,True,2
3.85,15,36.260042,False,True,5
0.79,21,36.265775,False,True,2
-0.08,8,36.268324,False,True,1
1.46,54,36.28614,False,True,3
0.84,16,36.290971,False,True,2
1.82,18,36.295906,False,True,3
-0.02,2,36.296968,False,True,1
1.86,14,36.300414,False,True,3
0.94,6,36.303348,False,True,2
-0.09,9,36.305909,False,True,1
-0.1,10,36.309454,False,True,1
1.55,45,36.32269,False,True,3
0.89,11,36.326142,False,True,2
1.4,60,36.343033,False,True,3
1.87,13,36.346514,False,True,3
2.52,48,36.359102,False,True,4
0.89,11,36.362999,False,True,2
0.98,2,36.363334,False,True,2
0.95,5,36.364726,False,True,2
0.74,26,36.372929,False,True,2
-0.09,9,36.375582,False,True,1
2.85,15,36.38004,False,True,4
0.93,7,36.382355,False,True,2
0.94,6,36.383841,False,True,2
1.89,11,36.387669,False,True,3
0.9,10,36.38985,False,True,2
-0.1,10,36.393229,False,True,1
-0.01,1,36.393468,False,True,1
0.98,2,36.394569,False,True,2
-0.02,2,36.394879,False,True,1
0.88,12,36.398284,False,True,2
1.74,26,36.406608,False,True,3
3.85,15,36.410828,False,True,5
0.75,25,36.419649,False,True,2
4.7,30,36.428098,False,True,6
-0.16,16,36.432434,False,True,1
0.92,8,36.435085,False,True,2
0.57,43,36.446972,False,True,2
1.92,8,36.449158,False,True,3
-0.25,25,36.455912,False,True,1
0.51,49,36.471027,False,True,2
2.71,29,36.479863,False,True,4
1.93,7,36.481083,False,True,3
-0.02,2,36.482044,False,True,1
0.94,6,36.483506,False,True,2
0.94,6,36.4856,False,True,2
0.98,2,36.485855,False,True,2
-0.05,5,36.488104,False,True,1
2.69,31,36.496626,False,True,4
3.89,11,36.500008,False,True,5
-0.03,3,36.501026,False,True,1
3.85,15,36.505417,False,True,5
-0.08,8,36.508014,False,True,1
2.81,19,36.512929,False,True,4
1.76,24,36.520006,False,True,3
-0.07,7,36.522472,False,True,1
0.94,6,36.524942,False,True,2
0.9,10,36.527863,False,True,2
-0.14,14,36.532456,False,True,1
1.87,13,36.535917,False,True,3
0.8,20,36.541993,False,True,2
-0.22,22,36.548844,False,True,1
0.87,13,36.55388,False,True,2
1.8,20,36.559701,False,True,3
-0.03,3,36.560243,False,True,1
0.89,11,36.563594,False,True,2
-0.04,4,36.564846,False,True,1
-0.25,25,36.571608,False,True,1
0.41,59,36.58843,False,True,2
2.6,40,36.599661,False,True,4
0.72,28,36.608045,False,True,2
1.84,16,36.612552,False,True,3
1.8,20,36.618179,False,True,3
0.77,23,36.625017,False,True,2
2.51,49,36.638809,False,True,4
2.96,4,36.640101,False,True,4
2.77,23,36.646707,False,True,4
0.82,18,36.651664,False,True,2
0.97,3,36.652843,False,True,2
1.89,11,36.656665,False,True,3
0.59,41,36.668225,False,True,2
-0.25,25,36.674989,False,True,1
-3.0,100,36.702225,False,False,3
0.32,68,36.72027,False,True,2
-0.1,10,36.723667,False,True,1
0.89,11,36.727037,False,True,2
0.96,4,36.728573,False,True,2
-0.05,5,36.729753,False,True,1
0.9,10,36.732218,False,True,2
-0.03,3,36.733425,False,True,1
1.9,10,36.736884,False,True,3
3.78,22,36.742515,False,True,5
-0.11,11,36.74583,False,True,1
1.84,16,36.749857,False,True,3
0.11,89,36.774446,False,True,2
0.97,3,36.775548,False,True,2
1.91,9,36.778178,False,True,3
-0.19,19,36.783576,False,True,1
0.29,71,36.803458,False,True,2
0.27,73,36.822094,False,True,2
1.82,18,36.826944,False,True,3
1.76,24,36.834191,False,True,3
1.91,9,36.837525,False,True,3
-0.03,3,36.837858,False,True,1
-0.24,24,36.84476,False,True,1
0.33,67,36.863819,False,True,2
1.16,84,36.885572,False,True,3
-0.01,1,36.885727,False,True,1
1.65,35,36.895597,False,True,3
0.4,60,36.953306,False,True,2
0.89,11,36.957062,False,True,2
1.73,27,36.965655,False,True,3
0.5,50,36.979774,False,True,2
5.58,42,36.991714,False,True,7
3.71,29,36.999551,False,True,5
0.95,5,37.00078,False,True,2
-3.0,100,37.028848,False,False,3
-0.15,15,37.033621,False,True,1
0.93,7,37.035669,False,True,2
-0.09,9,37.037934,False,True,1
-0.01,1,37.0382,False,True,1
0.78,22,37.044674,False,True,2
-0.13,13,37.048422,False,True,1
-0.16,16,37.053544,False,True,1
3.48,52,37.068501,False,True,5
-0.23,23,37.074959,False,True,1
1.95,5,37.0762,False,True,3
1.7,30,37.084189,False,True,3
-0.02,2,37.085439,False,True,1
2.42,58,37.10179,False,True,4
0.96,4,37.102776,False,True,2
1.81,19,37.107993,False,True,3
-0.56,56,37.12383,False,True,1
-0.03,3,37.125001,False,True,1
-4.0,100,37.152312,False,False,2
1.52,48,37.165547,False,True,3
0.66,34,37.17453,False,True,2
-0.02,2,37.175698,False,True,1
1.94,6,37.176922,False,True,3
1.81,19,37.182085,False,True,3
-3.0,100,37.210143,False,False,3
0.92,8,37.212542,False,True,2
0.94,6,37.214543,False,True,2
1.91,9,37.21684,False,True,3
3.91,9,37.219627,False,True,5
0.42,58,37.238558,False,True,2
-0.3,30,37.247221,False,True,1
-3.0,100,37.276481,False,False,3
-0.07,7,37.279155,False,True,1
-0.46,46,37.292815,False,True,1
0.96,4,37.294253,False,True,2
0.91,9,37.297762,False,True,2
1.8,20,37.303623,False,True,3
0.61,39,37.315631,False,True,2
1.96,4,37.316766,False,True,3
0.91,9,37.319599,False,True,2
3.68,32,37.328457,False,True,5
-0.02,2,37.328783,False,True,1
-0.06,6,37.33156,False,True,1
-3.0,100,37.363191,False,False,3
-0.17,17,37.368479,False,True,1
1.9,10,37.371612,False,True,3
2.35,65,37.391883,False,True,4
0.97,3,37.392342,False,True,2
0.97,3,37.393673,False,True,2
0.52,48,37.408515,False,True,2
1.73,27,37.416771,False,True,3
3.47,53,37.432995,False,True,5
0.96,4,37.434704,False,True,2
1.61,39,37.447509,False,True,3
0.9,10,37.450473,False,True,2
-0.02,2,37.451829,False,True,1
0.37,63,37.472829,False,True,2
0.76,24,37.480154,False,True,2
0.97,3,37.480553,False,True,2
0.8,20,37.486343,False,True,2
0.89,11,37.490565,False,True,2
0.93,7,37.492831,False,True,2
0.92,8,37.496097,False,True,2
-0.02,2,37.496415,False,True,1
-3.0,100,37.527053,False,False,3
-3.0,100,37.558056,False,False,3
0.92,8,37.560901,False,True,2
0.7,30,37.571876,False,True,2
0.95,5,37.573951,False,True,2
2.87,13,37.577545,False,True,4
-4.0,100,37.60968,False,False,2
0.65,35,37.620061,False,True,2
0.89,11,37.62398,False,True,2
3.01,99,37.673033,False,True,5
0.94,6,37.674617,False,True,2
0.95,5,37.676064,False,True,2
0.75,25,37.684224,False,True,2
1.94,6,37.685769,False,True,3
-0.03,3,37.68717,False,True,1
-0.11,11,37.691172,False,True,1
-3.0,100,37.720704,False,False,3
-0.48,48,37.736145,False,True,1
1.91,9,37.739079,False,True,3
-0.02,2,37.739468,False,True,1
-0.01,1,37.740875,False,True,1
1.85,15,37.745069,False,True,3
1.75,25,37.754718,False,True,3
1.91,9,37.757349,False,True,3
-0.01,1,37.757707,False,True,1
-0.11,11,37.761657,False,True,1
-0.14,14,37.76531,False,True,1
-0.1,10,37.769264,False,True,1
1.74,26,37.778044,False,True,3
-0.01,1,37.778979,False,True,1
1.95,5,37.780396,False,True,3
-0.02,2,37.780708,False,True,1
0.96,4,37.782258,False,True,2
-4.0,100,37.811728,False,False,2
0.93,7,37.814306,False,True,2
0.9,10,37.817551,False,True,2
-0.16,16,37.822528,False,True,1
-0.03,3,37.822866,False,True,1
3.94,6,37.825289,False,True,5
0.96,4,37.826612,False,True,2
-0.04,4,37.82812,False,True,1
1.93,7,37.831138,False,True,3
1.96,4,37.83316,False,True,3
3.81,19,37.838568,False,True,5
1.72,28,37.848961,False,True,3
0.92,8,37.851378,False,True,2
0.85,15,37.856634,False,True,2
1.9,10,37.86032,False,True,3
2.52,48,37.876154,False,True,4
2.31,69,37.896215,False,True,4
2.67,33,37.905013,False,True,4
1.86,14,37.909644,False,True,3
2.82,18,37.91479,False,True,4
-0.05,5,37.916311,False,True,1
-0.25,25,37.924771,False,True,1
1.83,17,37.9294,False,True,3
3.21,79,37.954508,False,True,5
-4.0,100,37.981533,False,False,2
4.67,33,37.99029,False,True,6
1.17,83,38.012364,False,True,3
0.17,83,38.037551,False,True,2
0.82,18,38.044038,False,True,2
3.79,21,38.050111,False,True,5
0.87,13,38.053763,False,True,2
1.72,28,38.062182,False,True,3
-4.0,100,38.092702,False,False,2
1.91,9,38.096206,False,True,3
0.96,4,38.097839,False,True,2
-4.0,100,38.127745,False,False,2
-0.02,2,38.128014,False,True,1
-4.0,100,38.158185,False,False,2
1.48,52,38.173995,False,True,3
1.84,16,38.179197,False,True,3
2.79,21,38.185659,False,True,4
0.98,2,38.186778,False,True,2
0.43,57,38.203233,False,True,2
-0.22,22,38.210642,False,True,1
1.91,9,38.213095,False,True,3
1.8,20,38.219665,False,True,3
2.74,26,38.228074,False,True,4
-0.03,3,38.229525,False,True,1
-0.3,30,38.238859,False,True,1
1.84,16,38.243751,False,True,3
0.42,58,38.260781,False,True,2
4.32,68,38.280457,False,True,6
1.42,58,38.296795,False,True,3
1.11,89,38.321254,False,True,3
1.78,22,38.326634,False,True,3
1.96,4,38.327929,False,True,3
0.63,37,38.338163,False,True,2
0.24,76,38.36025,False,True,2
0.94,6,38.361756,False,True,2
0.16,84,38.385796,False,True,2
1.0,100,38.413746,False,False,7
3.34,66,38.432239,False,True,5
0.9,10,38.434818,False,True,2
2.82,18,38.440623,False,True,4
0.93,7,38.442052,False,True,2
1.72,28,38.449937,False,True,3
1.26,74,38.470941,False,True,3
0.93,7,38.473235,False,True,2
0.87,13,38.476565,False,True,2
3.52,48,38.489975,False,True,5
-0.08,8,38.492075,False,True,1
0.85,15,38.496116,False,True,2
5.64,36,38.505948,False,True,7
-0.02,2,38.506197,False,True,1
-1.0,100,38.532738,False,False,5
1.9,10,38.536238,False,True,3
1.93,7,38.537795,False,True,3
1.49,51,38.552501,False,True,3
2.77,23,38.560366,False,True,4
-2.0,100,38.588065,False,False,4
2.92,8,38.590422,False,True,4
2.56,44,38.602705,False,True,4
3.54,46,38.614782,False,True,5
0.95,5,38.616844,False,True,2
2.44,56,38.632378,False,True,4
1.94,6,38.63405,False,True,3
1.91,9,38.636575,False,True,3
2.57,43,38.648825,False,True,4
0.95,5,38.650118,False,True,2
-0.17,17,38.655749,False,True,1
-4.0,100,38.682352,False,False,2
1.82,18,38.68696,False,True,3
-0.22,22,38.693244,False,True,1
0.86,14,38.696614,False,True,2
2.85,15,38.701257,False,True,4
-4.0,100,38.728386,False,False,2
3.65,35,38.73791,False,True,5
5.58,42,38.748671,False,True,7
-0.14,14,38.752519,False,True,1
1.81,19,38.757392,False,True,3
0.04,96,38.783008,False,True,2
0.89,11,38.786456,False,True,2
-4.0,100,38.813405,False,False,2
0.96,4,38.814825,False,True,2
3.54,46,38.828434,False,True,5
0.96,4,38.829578,False,True,2
-0.01,1,38.829725,False,True,1
1.78,22,38.835982,False,True,3
1.91,9,38.839637,False,True,3
2.04,96,38.865887,False,True,4
1.94,6,38.86747,False,True,3
2.91,9,38.870026,False,True,4
4.02,98,38.897828,False,True,6
-0.15,15,38.902227,False,True,1
0.75,25,38.909179,False,True,2
1.71,29,38.917011,False,True,3
0.81,19,38.923051,False,True,2
6.14,86,38.946759,False,True,8
-0.1,10,38.950025,False,True,1
0.92,8,38.952181,False,True,2
-0.45,45,38.964303,False,True,1
0.87,13,38.967816,False,True,2
-4.0,100,38.995184,False,False,2
1.88,12,38.998772,False,True,3
0.31,69,39.02289,False,True,2
0.95,5,39.0243,False,True,2
1.97,3,39.026056,False,True,3
2.8,20,39.037444,False,True,4
-4.0,100,39.074898,False,False,2
1.93,7,39.076605,False,True,3
0.94,6,39.079127,False,True,2
1.82,18,39.083644,False,True,3
0.93,7,39.086215,False,True,2
3.44,56,39.103028,False,True,5
2.8,20,39.109193,False,True,4
-3.0,100,39.138479,False,False,3
1.9,10,39.141519,False,True,3
-3.0,100,39.171249,False,False,3
-0.26,26,39.178318,False,True,1
0.95,5,39.179952,False,True,2
0.47,53,39.196644,False,True,2
-0.05,5,39.198015,False,True,1
0.96,4,39.199344,False,True,2
0.98,2,39.199776,False,True,2
1.43,57,39.217097,False,True,3
1.96,4,39.218336,False,True,3
0.72,28,39.226689,False,True,2
2.87,13,39.23085,False,True,4
2.72,28,39.239195,False,True,4
-0.04,4,39.240582,False,True,1
1.92,8,39.24284,False,True,3
-2.0,100,39.273337,False,False,4
2.83,17,39.278361,False,True,4
3.82,18,39.283672,False,True,5
-5.0,100,39.310581,False,False,1
0.86,14,39.314475,False,True,2
0.98,2,39.31548,False,True,2
1.92,8,39.3181,False,True,3
-0.06,6,39.320508,False,True,1
-4.0,100,39.349022,False,False,2
-3.0,100,39.377296,False,False,3
3.91,9,39.379824,False,True,5
1.7,30,39.388496,False,True,3
0.3,70,39.408154,False,True,2
1.92,8,39.410375,False,True,3
1.95,5,39.412313,False,True,3
-0.1,10,39.414728,False,True,1
-2.0,100,39.443961,False,False,4
2.91,9,39.446273,False,True,4
-0.31,31,39.45462,False,True,1
-4.0,100,39.480369,False,False,2
2.92,8,39.482689,False,True,4
-0.04,4,39.483735,False,True,1
0.76,24,39.490705,False,True,2
0.9,10,39.494044,False,True,2
1.36,64,39.513118,False,True,3
0.85,15,39.516424,False,True,2
-0.09,9,39.519798,False,True,1
0.87,13,39.523378,False,True,2
0.98,2,39.52377,False,True,2
0.89,11,39.526938,False,True,2
1.66,34,39.537568,False,True,3
0.81,19,39.54225,False,True,2
0.61,39,39.553636,False,True,2
-0.02,2,39.554844,False,True,1
-0.26,26,39.562073,False,True,1
1.88,12,39.565566,False,True,3
0.97,3,39.566996,False,True,2
1.89,11,39.570438,False,True,3
0.55,45,39.582564,False,True,2
2.75,25,39.589567,False,True,4
0.89,11,39.59304,False,True,2
0.87,13,39.596741,False,True,2
0.78,22,39.603856,False,True,2
-0.06,6,39.605181,False,True,1
0.91,9,39.607529,False,True,2
1.84,16,39.611812,False,True,3
-0.11,11,39.615658,False,True,1
1.29,71,39.634904,False,True,3
2.89,11,39.638106,False,True,4
1.88,12,39.641148,False,True,3
2.86,14,39.644785,False,True,4
-0.01,1,39.644982,False,True,1
4.42,58,39.662435,False,True,6
3.59,41,39.674006,False,True,5
1.65,35,39.684892,False,True,3
-0.02,2,39.685161,False,True,1
2.67,33,39.69552,False,True,4
1.68,32,39.705973,False,True,3
-0.07,7,39.70759,False,True,1
0.87,13,39.711952,False,True,2
0.86,14,39.71569,False,True,2
2.51,49,39.72975,False,True,4
1.76,24,39.736704,False,True,3
2.92,8,39.739211,False,True,4
0.87,13,39.743584,False,True,2
0.91,9,39.746438,False,True,2
-5.0,100,39.778445,False,False,1
2.89,11,39.781964,False,True,4
-0.02,2,39.782429,False,True,1
1.46,54,39.799607,False,True,3
0.92,8,39.802185,False,True,2
0.13,87,39.828756,False,True,2
-0.01,1,39.830006,False,True,1
0.97,3,39.830477,False,True,2
-1.0,100,39.861325,False,False,5
2.53,47,39.876527,False,True,4
2.5,50,39.893208,False,True,4
4.49,51,39.907398,False,True,6
0.98,2,39.908378,False,True,2
1.89,11,39.911781,False,True,3
-0.05,5,39.913501,False,True,1
0.92,8,39.916062,False,True,2
0.97,3,39.91717,False,True,2
1.61,39,39.930607,False,True,3
-0.04,4,39.932208,False,True,1
-0.13,13,39.936774,False,True,1
0.44,56,39.954966,False,True,2
2.23,77,39.978719,False,True,4
-0.13,13,39.982482,False,True,1
-4.0,100,40.013461,False,False,2
0.68,32,40.022541,False,True,2
-4.0,100,40.052505,False,False,2
0.8,20,40.059093,False,True,2
1.49,51,40.075141,False,True,3
3.24,76,40.097066,False,True,5
1.9,10,40.099931,False,True,3
0.82,18,40.106423,False,True,2
-4.0,100,40.135424,False,False,2
-0.11,11,40.138889,False,True,1
-3.0,100,40.165929,False,False,3
-4.0,100,40.194421,False,False,2
-0.02,2,40.194758,False,True,1
2.89,11,40.197961,False,True,4
2.92,8,40.200325,False,True,4
1.38,62,40.218945,False,True,3
2.62,38,40.234609,False,True,4
2.5,50,40.262867,False,True,4
5.2,80,40.292349,False,True,7
-0.14,14,40.297924,False,True,1
-0.04,4,40.299376,False,True,1
-0.07,7,40.301816,False,True,1
2.24,76,40.331385,False,True,4
0.94,6,40.332825,False,True,2
-4.0,100,40.369142,False,False,2
-0.12,12,40.374867,False,True,1
0.53,47,40.392895,False,True,2
0.96,4,40.394652,False,True,2
1.91,9,40.397354,False,True,3
-0.13,13,40.401346,False,True,1
0.95,5,40.404136,False,True,2
3.37,63,40.424941,False,True,5
0.96,4,40.426288,False,True,2
-0.02,2,40.427323,False,True,1
-0.24,24,40.434795,False,True,1
0.51,49,40.450195,False,True,2
-0.48,48,40.465859,False,True,1
-0.11,11,40.469411,False,True,1
1.62,38,40.480516,False,True,3
0.35,65,40.502252,False,True,2
2.83,17,40.507849,False,True,4
-0.08,8,40.510291,False,True,1
0.94,6,40.511546,False,True,2
-0.03,3,40.513042,False,True,1
-0.69,69,40.534725,False,True,1
3.8,20,40.54112,False,True,5
1.85,15,40.545758,False,True,3
1.92,8,40.548576,False,True,3
-4.0,100,40.581078,False,False,2
-0.23,23,40.587751,False,True,1
2.8,20,40.594714,False,True,4
2.83,17,40.599957,False,True,4
3.68,32,40.61191,False,True,5
0.85,15,40.617139,False,True,2
0.86,14,40.621011,False,True,2
3.45,55,40.640438,False,True,5
1.78,22,40.648392,False,True,3
0.34,66,40.668683,False,True,2
-0.08,8,40.671762,False,True,1
2.8,20,40.677264,False,True,4
2.96,4,40.678929,False,True,4
1.67,33,40.689507,False,True,3
-0.39,39,40.701566,False,True,1
-2.0,100,40.73493,False,False,4
0.97,3,40.736212,False,True,2
-0.17,17,40.741876,False,True,1
-0.08,8,40.744139,False,True,1
1.84,16,40.749519,False,True,3
0.77,23,40.758228,False,True,2
0.85,15,40.763808,False,True,2
-4.0,100,40.794908,False,False,2
0.33,67,40.8161,False,True,2
0.83,17,40.822789,False,True,2
2.92,8,40.825696,False,True,4
0.6,40,40.839137,False,True,2
2.72,28,40.84801,False,True,4
2.49,51,40.863931,False,True,4
0.07,93,40.894255,False,True,2
0.95,5,40.895696,False,True,2
1.94,6,40.897499,False,True,3
0.94,6,40.899618,False,True,2
-3.0,100,40.930219,False,False,3
0.78,22,40.936434,False,True,2
-0.04,4,40.937726,False,True,1
2.28,72,40.959687,False,True,4
0.35,65,40.979689,False,True,2
-0.04,4,40.981101,False,True,1
-0.1,10,40.983895,False,True,1
-0.3,30,40.993305,False,True,1
-0.21,21,40.999402,False,True,1
0.93,7,41.001728,False,True,2
1.04,96,41.032108,False,True,3
3.92,8,41.034829,False,True,5
-0.1,10,41.037287,False,True,1
0.71,29,41.046486,False,True,2
-4.0,100,41.077353,False,False,2
-5.0,100,41.107248,False,False,1
-0.32,32,41.117495,False,True,1
1.92,8,41.120204,False,True,3
1.13,87,41.148293,False,True,3
-0.07,7,41.150801,False,True,1
-0.08,8,41.153734,False,True,1
0.97,3,41.154909,False,True,2
-0.59,59,41.173768,False,True,1
0.84,16,41.178623,False,True,2
1.93,7,41.181348,False,True,3
-3.0,100,41.212059,False,False,3
1.91,9,41.215311,False,True,3
0.2,80,41.240704,False,True,2
-0.02,2,41.241956,False,True,1
-0.11,11,41.245598,False,True,1
1.92,8,41.248129,False,True,3
-0.07,7,41.249696,False,True,1
1.94,6,41.252089,False,True,3
1.59,41,41.265854,False,True,3
-0.47,47,41.280291,False,True,1
-0.64,64,41.297836,False,True,1
-0.11,11,41.300961,False,True,1
-4.0,100,41.330897,False,False,2
0.9,10,41.333591,False,True,2
0.83,17,41.338166,False,True,2
-3.0,100,41.366862,False,False,3
1.26,74,41.386094,False,True,3
2.61,39,41.398186,False,True,4
2.92,8,41.40077,False,True,4
2.89,11,41.40348,False,True,4
-0.02,2,41.4046,False,True,1
3.94,6,41.406079,False,True,5
-3.0,100,41.438441,False,False,3
0.6,40,41.45213,False,True,2
-0.09,9,41.45583,False,True,1
2.74,26,41.463401,False,True,4
0.95,5,41.465077,False,True,2
0.56,44,41.488815,False,True,2
0.95,5,41.492164,False,True,2
2.44,56,41.509149,False,True,4
0.23,77,41.532401,False,True,2
3.48,52,41.547766,False,True,5
-0.47,47,41.5615,False,True,1
0.16,84,41.586197,False,True,2
0.93,7,41.587634,False,True,2
1.61,39,41.598706,False,True,3
0.94,6,41.601177,False,True,2
1.34,66,41.620036,False,True,3
1.07,93,41.64531,False,True,3
-0.12,12,41.648824,False,True,1
0.98,2,41.650198,False,True,2
1.12,88,41.677064,False,True,3
4.56,44,41.689714,False,True,6
1.94,6,41.691233,False,True,3
2.82,18,41.696668,False,True,4
1.91,9,41.699252,False,True,3
5.75,25,41.705977,False,True,7
0.4,60,41.723793,False,True,2
-0.23,23,41.731407,False,True,1
0.94,6,41.734078,False,True,2
0.94,6,41.735842,False,True,2
1.26,74,41.757065,False,True,3
1.9,10,41.759538,False,True,3
2.92,8,41.761813,False,True,4
0.95,5,41.763083,False,True,2
0.9,10,41.766104,False,True,2
1.95,5,41.76773,False,True,3
0.93,7,41.770412,False,True,2
3.62,38,41.780924,False,True,5
2.83,17,41.787232,False,True,4
-0.17,17,41.792064,False,True,1
1.76,24,41.798657,False,True,3
2.94,6,41.800272,False,True,4
1.9,10,41.803979,False,True,3
2.18,82,41.827472,False,True,4
-0.04,4,41.829072,False,True,1
4.74,26,41.8388,False,True,6
-0.17,17,41.844141,False,True,1
3.46,54,41.859787,False,True,5
-0.07,7,41.861497,False,True,1
0.18,82,41.885582,False,True,2
-0.02,2,41.885914,False,True,1
3.7,30,41.894702,False,True,5
0.96,4,41.896087,False,True,2
1.93,7,41.898255,False,True,3
-0.19,19,41.902941,False,True,1
0.57,43,41.91623,False,True,2
1.4,60,41.933898,False,True,3
2.68,32,41.942657,False,True,4
0.62,38,41.953783,False,True,2
-0.01,1,41.953935,False,True,1
2.62,38,41.964235,False,True,4
-0.04,4,41.965565,False,True,1
1.29,71,41.984281,False,True,3
-0.49,49,41.997877,False,True,1
1.07,93,42.025949,False,True,3
0.95,5,42.027382,False,True,2
-0.35,35,42.03796,False,True,1
-0.1,10,42.040334,False,True,1
0.68,32,42.049388,False,True,2
-0.07,7,42.051675,False,True,1
0.92,8,42.053894,False,True,2
0.89,11,42.056753,False,True,2
0.48,52,42.072154,False,True,2
1.91,9,42.074532,False,True,3
0.95,5,42.075867,False,True,2
2.67,33,42.085269,False,True,4
0.88,12,42.089151,False,True,2
2.37,63,42.148543,False,True,4
0.94,6,42.150956,False,True,2
-0.16,16,42.156024,False,True,1
1.82,18,42.161458,False,True,3
-0.08,8,42.164207,False,True,1
-0.08,8,42.167078,False,True,1
3.36,64,42.184714,False,True,5
4.67,33,42.194438,False,True,6
-0.17,17,42.201537,False,True,1
1.91,9,42.204232,False,True,3
0.88,12,42.208217,False,True,2
0.48,52,42.224532,False,True,2
-0.33,33,42.234311,False,True,1
-0.12,12,42.238352,False,True,1
0.52,48,42.253315,False,True,2
2.91,9,42.256521,False,True,4
1.57,43,42.270684,False,True,3
2.79,21,42.27735,False,True,4
0.84,16,42.282211,False,True,2
0.72,28,42.291266,False,True,2
2.84,16,42.296466,False,True,4
1.43,57,42.314124,False,True,3
1.82,18,42.31915,False,True,3
0.66,34,42.330102,False,True,2
0.39,61,42.350775,False,True,2
1.7,30,42.359848,False,True,3
-0.22,22,42.366929,False,True,1
1.95,5,42.36868,False,True,3
0.97,3,42.369904,False,True,2
0.75,25,42.377318,False,True,2
3.95,5,42.378634,False,True,5
0.8,20,42.384879,False,True,2
2.43,57,42.403333,False,True,4
2.78,22,42.409447,False,True,4
2.85,15,42.414938,False,True,4
-0.05,5,42.41646,False,True,1
1.4,60,42.434516,False,True,3
1.12,88,42.461631,False,True,3
-0.34,34,42.473563,False,True,1
0.98,2,42.474169,False,True,2
0.85,15,42.479075,False,True,2
-4.0,100,42.510763,False,False,2
1.59,41,42.522564,False,True,3
-4.0,100,42.554534,False,False,2
0.41,59,42.573976,False,True,2
0.68,32,42.583614,False,True,2
1.96,4,42.585047,False,True,3
-0.32,32,42.59672,False,True,1
0.89,11,42.600385,False,True,2
-0.21,21,42.606356,False,True,1
1.76,24,42.613663,False,True,3
0.92,8,42.616288,False,True,2
0.0,100,42.646667,False,False,6
-0.42,42,42.660122,False,True,1
2.81,19,42.66719,False,True,4
-0.1,10,42.671232,False,True,1
3.79,21,42.677988,False,True,5
1.89,11,42.682092,False,True,3
2.72,28,42.691417,False,True,4
1.88,12,42.695157,False,True,3
0.95,5,42.696494,False,True,2
-0.19,19,42.702789,False,True,1
4.16,84,42.727977,False,True,6
1.93,7,42.72959,False,True,3
-0.25,25,42.737836,False,True,1
1.7,30,42.746868,False,True,3
-3.0,100,42.782292,False,False,3
0.69,31,42.795736,False,True,2
-0.11,11,42.807785,False,True,1
2.88,12,42.831095,False,True,4
5.78,22,42.838532,False,True,7
0.41,59,42.861779,False,True,2
0.8,20,42.868226,False,True,2
-0.1,10,42.8711,False,True,1
0.89,11,42.874722,False,True,2
2.77,23,42.882365,False,True,4
0.93,7,42.88511,False,True,2
-0.02,2,42.885384,False,True,1
-0.04,4,42.886743,False,True,1
0.79,21,42.893367,False,True,2
-0.13,13,42.898306,False,True,1
2.81,19,42.904181,False,True,4
0.95,5,42.906228,False,True,2
0.67,33,42.917349,False,True,2
-3.0,100,42.947979,False,False,3
4.22,78,42.969699,False,True,6
3.95,5,42.972103,False,True,5
2.27,73,42.995663,False,True,4
-0.11,11,42.99899,False,True,1
-0.61,61,43.01671,False,True,1
-0.02,2,43.017014,False,True,1
2.9,10,43.020508,False,True,4
0.97,3,43.02184,False,True,2
1.01,99,43.050546,False,True,3
0.43,57,43.068912,False,True,2
-0.04,4,43.070431,False,True,1
1.85,15,43.074666,False,True,3
-0.16,16,43.079794,False,True,1
2.84,16,43.084899,False,True,4
-0.13,13,43.090138,False,True,1
0.95,5,43.09165,False,True,2
1.66,34,43.102415,False,True,3
2.11,89,43.129734,False,True,4
1.7,30,43.138328,False,True,3
1.94,6,43.141595,False,True,3
1.76,24,43.149624,False,True,3
-0.07,7,43.151484,False,True,1
-0.37,37,43.162208,False,True,1
0.47,53,43.181314,False,True,2
0.96,4,43.183107,False,True,2
1.39,61,43.204586,False,True,3
-0.41,41,43.218348,False,True,1
1.7,30,43.227834,False,True,3
1.43,57,43.243716,False,True,3
2.48,52,43.258221,False,True,4
3.48,52,43.274287,False,True,5
0.81,19,43.280538,False,True,2
-0.0,100,43.308444,False,True,2
1.88,12,43.311759,False,True,3
2.91,9,43.314139,False,True,4
-4.0,100,43.342482,False,False,2
0.4,60,43.358779,False,True,2
0.97,3,43.359881,False,True,2
-0.07,7,43.362305,False,True,1
-1.0,100,43.391799,False,False,5
1.73,27,43.398906,False,True,3
-0.12,12,43.401995,False,True,1
-0.09,9,43.405573,False,True,1
0.6,40,43.417224,False,True,2
0.95,5,43.418778,False,True,2
-0.33,33,43.427846,False,True,1
1.81,19,43.433747,False,True,3
1.91,9,43.43639,False,True,3
1.45,55,43.452605,False,True,3
0.94,6,43.453833,False,True,2
-0.09,9,43.456872,False,True,1
0.78,22,43.462928,False,True,2
0.98,2,43.464096,False,True,2
0.53,47,43.477524,False,True,2
0.57,43,43.490295,False,True,2
0.76,24,43.497441,False,True,2
0.82,18,43.503221,False,True,2
0.82,18,43.5078,False,True,2
0.0,100,43.536859,False,False,6
1.59,41,43.547858,False,True,3
0.6,40,43.558926,False,True,2
-0.6,60,43.576649,False,True,1
-0.38,38,43.589201,False,True,1
0.48,52,43.60488,False,True,2
0.88,12,43.608249,False,True,2
-2.0,100,43.636052,False,False,4
0.48,52,43.652157,False,True,2
0.68,32,43.661952,False,True,2
2.37,63,43.680956,False,True,4
-2.0,100,43.708492,False,False,4
-0.07,7,43.710124,False,True,1
0.97,3,43.711166,False,True,2
1.9,10,43.714227,False,True,3
-0.02,2,43.714461,False,True,1
-0.35,35,43.72524,False,True,1
0.97,3,43.726488,False,True,2
-0.05,5,43.727851,False,True,1
0.57,43,43.7409,False,True,2
0.5,50,43.755664,False,True,2
1.83,17,43.760154,False,True,3
3.66,34,43.770107,False,True,5
1.72,28,43.778013,False,True,3
2.92,8,43.78038,False,True,4
2.8,20,43.786037,False,True,4
-0.04,4,43.78743,False,True,1
-0.22,22,43.793599,False,True,1
-0.33,33,43.804137,False,True,1
0.83,17,43.809101,False,True,2
1.16,84,43.835887,False,True,3
-0.03,3,43.836952,False,True,1
4.74,26,43.844076,False,True,6
0.31,69,43.863086,False,True,2
2.9,10,43.86628,False,True,4
-0.09,9,43.868722,False,True,1
0.94,6,43.871019,False,True,2
4.84,16,43.87537,False,True,6
2.75,25,43.882642,False,True,4
13.21,79,43.907244,True,False,9
0.42,58,43.923148,False,True,2
-0.38,38,43.934635,False,True,1
0.9,10,43.937193,False,True,2
0.39,61,43.953432,False,True,2
2.49,51,43.9688,False,True,4
0.93,7,43.971184,False,True,2
0.97,3,43.972342,False,True,2
1.94,6,43.973745,False,True,3
0.85,15,43.978524,False,True,2
0.58,42,43.990435,False,True,2
0.84,16,43.995398,False,True,2
1.34,66,44.013907,False,True,3
-0.03,3,44.015196,False,True,1
1.79,21,44.020564,False,True,3
0.83,17,44.0258,False,True,2
3.83,17,44.030653,False,True,5
-0.14,14,44.035144,False,True,1
6.61,39,44.046514,False,True,8
1.66,34,44.055932,False,True,3
0.67,33,44.065025,False,True,2
-0.29,29,44.073857,False,True,1
3.85,15,44.077866,False,True,5
-2.0,100,44.106474,False,False,4
3.91,9,44.109484,False,True,5
0.25,75,44.13037,False,True,2
-0.31,31,44.139654,False,True,1
-3.0,100,44.166548,False,False,3
-2.0,100,44.195569,False,False,4
-0.37,37,44.208946,False,True,1
-0.29,29,44.219279,False,True,1
2.81,19,44.225,False,True,4
-4.0,100,44.254769,False,False,2
1.88,12,44.258766,False,True,3
2.81,19,44.264883,False,True,4
-0.55,55,44.281951,False,True,1
-0.54,54,44.299006,False,True,1
0.39,61,44.319602,False,True,2
-4.0,100,44.349918,False,False,2
-0.04,4,44.351271,False,True,1
-0.51,51,44.366013,False,True,1
1.34,66,44.386689,False,True,3
-0.09,9,44.389623,False,True,1
2.93,7,44.392349,False,True,4
5.08,92,44.42045,False,True,7
1.93,7,44.422956,False,True,3
1.73,27,44.430754,False,True,3
-0.62,62,44.450469,False,True,1
1.74,26,44.458258,False,True,3
0.56,44,44.472112,False,True,2
0.53,47,44.486845,False,True,2
0.37,63,44.506678,False,True,2
2.79,21,44.513068,False,True,4
-0.43,43,44.527452,False,True,1
0.34,66,44.547287,False,True,2
-0.06,6,44.549757,False,True,1
0.81,19,44.555627,False,True,2
-0.02,2,44.556019,False,True,1
-0.15,15,44.560682,False,True,1
3.93,7,44.563577,False,True,5
0.98,2,44.563915,False,True,2
-0.16,16,44.569231,False,True,1
-0.45,45,44.583087,False,True,1
0.93,7,44.585284,False,True,2
0.92,8,44.587756,False,True,2
3.3,70,44.610716,False,True,5
0.94,6,44.612322,False,True,2
2.2,80,44.637213,False,True,4
-0.07,7,44.639379,False,True,1
0.28,72,44.662545,False,True,2
-0.36,36,44.672971,False,True,1
-0.18,18,44.678414,False,True,1
0.46,54,44.694744,False,True,2
-3.0,100,44.726864,False,False,3
-0.94,94,44.755301,False,True,1
-0.32,32,44.765143,False,True,1
-0.14,14,44.76933,False,True,1
2.9,10,44.772023,False,True,4
0.95,5,44.77469,False,True,2
3.79,21,44.781215,False,True,5
1.53,47,44.795434,False,True,3
-0.14,14,44.799616,False,True,1
-0.3,30,44.810814,False,True,1
0.76,24,44.820005,False,True,2
-0.04,4,44.821685,False,True,1
1.37,63,44.842745,False,True,3
0.85,15,44.847093,False,True,2
1.53,47,44.861269,False,True,3
0.94,6,44.862576,False,True,2
2.91,9,44.866198,False,True,4
2.96,4,44.867515,False,True,4
3.75,25,44.875197,False,True,5
-0.33,33,44.885126,False,True,1
-0.15,15,44.890304,False,True,1
0.66,34,44.901564,False,True,2
2.58,42,44.915004,False,True,4
1.94,6,44.916479,False,True,3
-0.1,10,44.920918,False,True,1
3.89,11,44.925782,False,True,5
0.74,26,44.933602,False,True,2
1.96,4,44.935366,False,True,3
0.62,38,44.947386,False,True,2
-0.07,7,44.948885,False,True,1
1.94,6,44.95101,False,True,3
0.97,3,44.952368,False,True,2
0.56,44,44.965212,False,True,2
2.57,43,44.977118,False,True,4
1.92,8,44.979722,False,True,3
0.39,61,44.99845,False,True,2
0.65,35,45.00956,False,True,2
-0.03,3,45.010727,False,True,1
3.68,32,45.021168,False,True,5
0.67,33,45.032776,False,True,2
0.81,19,45.038766,False,True,2
-0.18,18,45.044943,False,True,1
0.8,20,45.051425,False,True,2
1.52,48,45.066076,False,True,3
-0.12,12,45.07002,False,True,1
-0.14,14,45.073717,False,True,1
1.46,54,45.091532,False,True,3
2.55,45,45.104735,False,True,4
0.94,6,45.106206,False,True,2
4.36,64,45.127323,False,True,6
1.66,34,45.138812,False,True,3
3.57,43,45.152294,False,True,5
1.74,26,45.160635,False,True,3
0.9,10,45.164638,False,True,2
1.8,20,45.171036,False,True,3
2.82,18,45.176101,False,True,4
0.93,7,45.178548,False,True,2
0.4,60,45.197524,False,True,2
0.22,78,45.220022,False,True,2
3.58,42,45.232313,False,True,5
0.97,3,45.233705,False,True,2
-0.06,6,45.235165,False,True,1
-0.22,22,45.242306,False,True,1
3.36,64,45.260728,False,True,5
-0.09,9,45.263454,False,True,1
0.66,34,45.273141,False,True,2
0.93,7,45.275365,False,True,2
1.38,62,45.293937,False,True,3
0.65,35,45.304147,False,True,2
0.56,44,45.317362,False,True,2
0.7,30,45.326769,False,True,2
-0.27,27,45.334583,False,True,1
0.94,6,45.336179,False,True,2
1.54,46,45.350213,False,True,3
2.94,6,45.351863,False,True,4
-0.27,27,45.361401,False,True,1
0.95,5,45.363155,False,True,2
1.55,45,45.376329,False,True,3
-0.28,28,45.385131,False,True,1
-0.2,20,45.391044,False,True,1
-0.21,21,45.397859,False,True,1
-0.03,3,45.398202,False,True,1
2.3,70,45.418531,False,True,4
2.8,20,45.424371,False,True,4
2.0,100,45.453643,False,True,4
2.49,51,45.467553,False,True,4
1.66,34,45.477002,False,True,3
2.36,64,45.493662,False,True,4
0.78,22,45.50018,False,True,2
0.84,16,45.505031,False,True,2
1.45,55,45.519992,False,True,3
0.58,42,45.531576,False,True,2
0.06,94,45.558211,False,True,2
0.35,65,45.579061,False,True,2
1.21,79,45.60149,False,True,3
-0.33,33,45.611631,False,True,1
1.93,7,45.613343,False,True,3
0.89,11,45.616838,False,True,2
0.54,46,45.630105,False,True,2
1.79,21,45.635868,False,True,3
0.4,60,45.65275,False,True,2
3.76,24,45.659894,False,True,5
0.44,56,45.675258,False,True,2
2.86,14,45.678964,False,True,4
-0.07,7,45.68145,False,True,1
0.79,21,45.686927,False,True,2
0.8,20,45.693149,False,True,2
0.96,4,45.694535,False,True,2
1.77,23,45.701821,False,True,3
0.81,19,45.707586,False,True,2
0.93,7,45.709784,False,True,2
-0.6,60,45.72684,False,True,1
-0.16,16,45.731667,False,True,1
1.77,23,45.737767,False,True,3
2.73,27,45.745818,False,True,4
-3.0,100,45.775871,False,False,3
2.9,10,45.779289,False,True,4
-0.3,30,45.787645,False,True,1
1.97,3,45.788884,False,True,3
1.82,18,45.794051,False,True,3
0.92,8,45.796559,False,True,2
0.34,66,45.816068,False,True,2
1.96,4,45.817405,False,True,3
2.67,33,45.826199,False,True,4
0.78,22,45.833362,False,True,2
3.66,34,45.844319,False,True,5
1.68,32,45.853462,False,True,3
-0.45,45,45.865581,False,True,1
0.95,5,45.867689,False,True,2
0.37,63,45.887296,False,True,2
1.89,11,45.89075,False,True,3
-0.12,12,45.893932,False,True,1
-0.17,17,45.898779,False,True,1
3.78,22,45.90562,False,True,5
0.95,5,45.907051,False,True,2
1.93,7,45.909553,False,True,3
0.87,13,45.913325,False,True,2
0.92,8,45.915567,False,True,2
1.13,87,45.940759,False,True,3
1.92,8,45.943068,False,True,3
3.94,6,45.944492,False,True,5
2.89,11,45.947891,False,True,4
-0.21,21,45.954373,False,True,1
1.81,19,45.961265,False,True,3
0.75,25,45.969742,False,True,2
-0.03,3,45.971059,False,True,1
0.98,2,45.972073,False,True,2
2.77,23,45.978235,False,True,4
0.78,22,45.985775,False,True,2
-4.0,100,46.013666,False,False,2
1.69,31,46.022243,False,True,3
0.58,42,46.033349,False,True,2
5.74,26,46.041169,False,True,7
3.71,29,46.050179,False,True,5
1.95,5,46.051603,False,True,3
1.85,15,46.055749,False,True,3
1.76,24,46.062667,False,True,3
0.47,53,46.077597,False,True,2
3.53,47,46.090408,False,True,5
5.55,45,46.10267,False,True,7
-0.2,20,46.108498,False,True,1
0.87,13,46.112408,False,True,2
0.91,9,46.115578,False,True,2
-0.37,37,46.126712,False,True,1
2.83,17,46.131701,False,True,4
0.46,54,46.148716,False,True,2
-2.0,100,46.177901,False,False,4
1.81,19,46.183109,False,True,3
3.7,30,46.192743,False,True,5
3.33,67,46.212857,False,True,5
1.94,6,46.214703,False,True,3
1.87,13,46.218401,False,True,3
0.75,25,46.226835,False,True,2
0.89,11,46.229753,False,True,2
0.91,9,46.23322,False,True,2
-4.0,100,46.26481,False,False,2
1.59,41,46.277958,False,True,3
-2.0,100,46.308381,False,False,4
1.53,47,46.322538,False,True,3
-0.04,4,46.324035,False,True,1
1.66,34,46.333888,False,True,3
0.43,57,46.352524,False,True,2
0.95,5,46.354959,False,True,2
0.86,14,46.359216,False,True,2
0.23,77,46.383215,False,True,2
-4.0,100,46.41346,False,False,2
2.57,43,46.427646,False,True,4
1.68,32,46.437833,False,True,3
1.5,50,46.453745,False,True,3
2.44,56,46.471507,False,True,4
-3.0,100,46.502113,False,False,3
1.48,52,46.517302,False,True,3
-0.16,16,46.522169,False,True,1
-2.0,100,46.555341,False,False,4
4.31,69,46.576992,False,True,6
-0.08,8,46.579705,False,True,1
-3.0,100,46.611475,False,False,3
-0.24,24,46.618951,False,True,1
0.78,22,46.625578,False,True,2
-0.17,17,46.631632,False,True,1
1.85,15,46.635529,False,True,3
-4.0,100,46.66796,False,False,2
-0.01,1,46.669115,False,True,1
2.92,8,46.671774,False,True,4
-0.12,12,46.676233,False,True,1
1.91,9,46.678965,False,True,3
-0.27,27,46.688818,False,True,1
-0.82,82,46.715903,False,True,1
0.7,30,46.726717,False,True,2
0.81,19,46.733148,False,True,2
0.63,37,46.745648,False,True,2
-4.0,100,46.779637,False,False,2
-0.37,37,46.79193,False,True,1
-0.02,2,46.79226,False,True,1
0.39,61,46.811554,False,True,2
-4.0,100,46.841464,False,False,2
0.64,36,46.852388,False,True,2
2.92,8,46.855341,False,True,4
1.31,69,46.878077,False,True,3
-0.1,10,46.880946,False,True,1
-0.03,3,46.882621,False,True,1
0.72,28,46.891916,False,True,2
0.89,11,46.895486,False,True,2
2.48,52,46.91064,False,True,4
2.59,41,46.922778,False,True,4
0.22,78,46.94711,False,True,2
1.79,21,46.953734,False,True,3
4.74,26,46.961277,False,True,6
1.17,83,46.987713,False,True,3
1.6,40,46.999942,False,True,3
0.94,6,47.002114,False,True,2
0.66,34,47.012451,False,True,2
1.75,25,47.019993,False,True,3
0.28,72,47.042264,False,True,2
2.78,22,47.050311,False,True,4
2.94,6,47.051993,False,True,4
-0.08,8,47.055067,False,True,1
1.94,6,47.057583,False,True,3
-0.15,15,47.062706,False,True,1
0.89,11,47.065583,False,True,2
-0.03,3,47.066868,False,True,1
-0.15,15,47.071911,False,True,1
0.52,48,47.087815,False,True,2
0.96,4,47.089359,False,True,2
-0.08,8,47.091986,False,True,1
0.95,5,47.093224,False,True,2
3.86,14,47.098344,False,True,5
-0.13,13,47.102433,False,True,1
0.18,82,47.164398,False,True,2
-0.02,2,47.167548,False,True,1
1.31,69,47.190616,False,True,3
1.89,11,47.194273,False,True,3
0.89,11,47.197776,False,True,2
1.6,40,47.209579,False,True,3
0.97,3,47.209948,False,True,2
-0.12,12,47.213714,False,True,1
0.51,49,47.229267,False,True,2
4.32,68,47.249752,False,True,6
1.95,5,47.251197,False,True,3
1.94,6,47.252727,False,True,3
1.94,6,47.255111,False,True,3
4.86,14,47.258881,False,True,6
-0.75,75,47.281402,False,True,1
-0.07,7,47.283754,False,True,1
-0.01,1,47.284123,False,True,1
0.43,57,47.30119,False,True,2
2.96,4,47.30259,False,True,4
1.96,4,47.304096,False,True,3
-2.0,100,47.334227,False,False,4
-0.05,5,47.336465,False,True,1
0.86,14,47.340492,False,True,2
3.77,23,47.347374,False,True,5
-0.02,2,47.34778,False,True,1
0.73,27,47.356266,False,True,2
2.52,48,47.370471,False,True,4
1.89,11,47.374205,False,True,3
2.78,22,47.380667,False,True,4
2.18,82,47.405645,False,True,4
0.64,36,47.415682,False,True,2
3.07,93,47.441548,False,True,5
1.73,27,47.450709,False,True,3
-0.03,3,47.451949,False,True,1
3.72,28,47.460279,False,True,5
-0.26,26,47.467627,False,True,1
2.91,9,47.470409,False,True,4
0.47,53,47.487923,False,True,2
2.75,25,47.494891,False,True,4
0.53,47,47.508715,False,True,2
1.8,20,47.514468,False,True,3
1.68,32,47.524295,False,True,3
2.61,39,47.53494,False,True,4
-0.13,13,47.539249,False,True,1
2.9,10,47.541949,False,True,4
-0.2,20,47.547632,False,True,1
-0.12,12,47.551169,False,True,1
-0.27,27,47.558823,False,True,1
2.9,10,47.561608,False,True,4
-0.04,4,47.562922,False,True,1
1.94,6,47.565209,False,True,3
0.81,19,47.571041,False,True,2
0.77,23,47.57766,False,True,2
0.84,16,47.582439,False,True,2
-0.05,5,47.58475,False,True,1
-0.37,37,47.595578,False,True,1
0.89,11,47.599242,False,True,2
6.31,69,47.631293,False,True,8
2.88,12,47.636258,False,True,4
1.95,5,47.637943,False,True,3
0.57,43,47.651859,False,True,2
-0.67,67,47.671916,False,True,1
2.93,7,47.673461,False,True,4
1.58,42,47.687906,False,True,3
3.29,71,47.708402,False,True,5
3.46,54,47.72329,False,True,5
-0.27,27,47.731531,False,True,1
0.32,68,47.750083,False,True,2
2.57,43,47.762973,False,True,4
3.48,52,47.778367,False,True,5
0.57,43,47.789528,False,True,2
0.86,14,47.793861,False,True,2
1.96,4,47.795223,False,True,3
0.95,5,47.796545,False,True,2
-0.06,6,47.798816,False,True,1
1.91,9,47.801337,False,True,3
2.54,46,47.81447,False,True,4
0.38,62,47.832457,False,True,2
1.43,57,47.848682,False,True,3
1.84,16,47.853256,False,True,3
0.28,72,47.875593,False,True,2
-4.0,100,47.90342,False,False,2
0.97,3,47.904596,False,True,2
-2.0,100,47.931418,False,False,4
0.06,94,47.95766,False,True,2
-0.01,1,47.958638,False,True,1
-4.0,100,47.988138,False,False,2
4.04,96,48.013589,False,True,6
2.91,9,48.016108,False,True,4
1.79,21,48.021793,False,True,3
0.83,17,48.026988,False,True,2
0.11,89,48.05318,False,True,2
-0.11,11,48.056873,False,True,1
0.05,95,48.086336,False,True,2
-2.0,100,48.11455,False,False,4
2.55,45,48.12635,False,True,4
1.51,49,48.142062,False,True,3
-0.06,6,48.143697,False,True,1
-2.0,100,48.174453,False,False,4
2.46,54,48.191366,False,True,4
-4.0,100,48.222064,False,False,2
2.84,16,48.227178,False,True,4
3.83,17,48.23202,False,True,5
-0.57,57,48.248658,False,True,1
0.81,19,48.254771,False,True,2
1.96,4,48.256582,False,True,3
3.94,6,48.258122,False,True,5
1.61,39,48.270305,False,True,3
2.78,22,48.277774,False,True,4
0.61,39,48.289055,False,True,2
-0.03,3,48.29034,False,True,1
0.65,35,48.302055,False,True,2
1.5,50,48.318229,False,True,3
-4.0,100,48.348932,False,False,2
-0.24,24,48.35568,False,True,1
2.73,27,48.364303,False,True,4
-0.12,12,48.368235,False,True,1
-0.2,20,48.374324,False,True,1
-0.22,22,48.381798,False,True,1
-0.11,11,48.384588,False,True,1
1.84,16,48.389558,False,True,3
2.69,31,48.399673,False,True,4
0.97,3,48.400892,False,True,2
3.58,42,48.413571,False,True,5
1.81,19,48.420035,False,True,3
1.61,39,48.433315,False,True,3
0.41,59,48.451409,False,True,2
-0.02,2,48.451741,False,True,1
-0.28,28,48.460455,False,True,1
3.9,10,48.463747,False,True,5
1.72,28,48.472514,False,True,3
0.86,14,48.476643,False,True,2
-0.28,28,48.48545,False,True,1
0.92,8,48.487795,False,True,2
1.7,30,48.499024,False,True,3
2.25,75,48.521842,False,True,4
-0.16,16,48.526993,False,True,1
0.73,27,48.536925,False,True,2
-0.02,2,48.538211,False,True,1
1.89,11,48.540999,False,True,3
-0.12,12,48.544919,False,True,1
2.85,15,48.549988,False,True,4
2.49,51,48.56671,False,True,4
0.94,6,48.56825,False,True,2
1.71,29,48.578155,False,True,3
2.6,40,48.590666,False,True,4
0.16,84,48.617786,False,True,2
0.86,14,48.621699,False,True,2
0.96,4,48.62301,False,True,2
0.43,57,48.642154,False,True,2
-2.0,100,48.671664,False,False,4
2.38,62,48.691558,False,True,4
-0.01,1,48.691887,False,True,1
0.89,11,48.695454,False,True,2
1.5,50,48.71174,False,True,3
1.96,4,48.713004,False,True,3
1.29,71,48.735602,False,True,3
0.95,5,48.737045,False,True,2
1.95,5,48.739221,False,True,3
0.94,6,48.740951,False,True,2
1.68,32,48.751101,False,True,3
-0.05,5,48.752673,False,True,1
2.73,27,48.761745,False,True,4
0.79,21,48.767963,False,True,2
0.87,13,48.772799,False,True,2
0.93,7,48.774578,False,True,2
0.56,44,48.790914,False,True,2
2.74,26,48.799617,False,True,4
-3.0,100,48.832921,False,False,3
-0.61,61,48.851339,False,True,1
1.73,27,48.85995,False,True,3
-0.02,2,48.860267,False,True,1
1.95,5,48.862625,False,True,3
2.88,12,48.866297,False,True,4
1.04,96,48.893939,False,True,3
1.82,18,48.898846,False,True,3
-0.17,17,48.903696,False,True,1
1.61,39,48.915449,False,True,3
4.08,92,48.943135,False,True,6
-0.02,2,48.944296,False,True,1
-0.12,12,48.948415,False,True,1
0.0,100,48.979995,False,False,6
-0.06,6,48.981706,False,True,1
2.69,31,48.991745,False,True,4
-0.4,40,49.004882,False,True,1
1.6,40,49.01834,False,True,3
-4.0,100,49.049761,False,False,2
1.62,38,49.060936,False,True,3
2.89,11,49.064829,False,True,4
0.41,59,49.083072,False,True,2
3.68,32,49.092793,False,True,5
5.78,22,49.099179,False,True,7
-3.0,100,49.130155,False,False,3
3.51,49,49.144962,False,True,5
0.94,6,49.146484,False,True,2
1.74,26,49.153879,False,True,3
0.54,46,49.166798,False,True,2
0.52,48,49.180442,False,True,2
0.96,4,49.181756,False,True,2
2.9,10,49.185123,False,True,4
0.41,59,49.202416,False,True,2
-0.02,2,49.203648,False,True,1
0.94,6,49.2051,False,True,2
0.1,90,49.231102,False,True,2
1.82,18,49.236106,False,True,3
0.0,100,49.265445,False,False,6
0.9,10,49.2688,False,True,2
0.86,14,49.272252,False,True,2
1.67,33,49.282522,False,True,3
1.03,97,49.309123,False,True,3
0.95,5,49.310411,False,True,2
0.97,3,49.311486,False,True,2
-0.07,7,49.313903,False,True,1
4.26,74,49.335769,False,True,6
1.83,17,49.34018,False,True,3
0.43,57,49.356301,False,True,2
1.34,66,49.375942,False,True,3
0.84,16,49.380435,False,True,2
2.49,51,49.395235,False,True,4
0.95,5,49.396479,False,True,2
-0.19,19,49.402102,False,True,1
1.6,40,49.413971,False,True,3
-0.41,41,49.425478,False,True,1
-0.01,1,49.425716,False,True,1
-0.32,32,49.435313,False,True,1
-4.0,100,49.463291,False,False,2
3.84,16,49.467673,False,True,5
0.96,4,49.46879,False,True,2
0.54,46,49.482226,False,True,2
2.94,6,49.483909,False,True,4
2.4,60,49.500458,False,True,4
1.44,56,49.51728,False,True,3
-0.05,5,49.519677,False,True,1
0.55,45,49.533246,False,True,2
2.58,42,49.544666,False,True,4
0.75,25,49.552762,False,True,2
0.5,50,49.567317,False,True,2
1.61,39,49.578464,False,True,3
-4.0,100,49.605654,False,False,2
-4.0,100,49.634868,False,False,2
1.69,31,49.644108,False,True,3
-0.02,2,49.644435,False,True,1
0.74,26,49.65258,False,True,2
0.69,31,49.6611,False,True,2
2.76,24,49.66816,False,True,4
-0.27,27,49.676407,False,True,1
1.82,18,49.682684,False,True,3
-0.14,14,49.686765,False,True,1
-1.0,100,49.716736,False,False,5
1.88,12,49.720375,False,True,3
0.96,4,49.721667,False,True,2
3.19,81,49.744187,False,True,5
-4.0,100,49.774807,False,False,2
2.82,18,49.780215,False,True,4
1.95,5,49.78176,False,True,3
1.83,17,49.786562,False,True,3
-0.44,44,49.799776,False,True,1
-0.14,14,49.804499,False,True,1
-0.01,1,49.804736,False,True,1
1.05,95,49.83402,False,True,3
0.91,9,49.836811,False,True,2
-0.2,20,49.843605,False,True,1
-0.01,1,49.843866,False,True,1
0.16,84,49.868188,False,True,2
2.91,9,49.871509,False,True,4
-0.01,1,49.871757,False,True,1
2.17,83,49.895563,False,True,4
0.61,39,49.906154,False,True,2
1.26,74,49.928358,False,True,3
2.6,40,49.939586,False,True,4
0.11,89,49.964327,False,True,2
0.96,4,49.965669,False,True,2
2.2,80,49.989527,False,True,4
0.56,44,50.001923,False,True,2
-4.0,100,50.031008,False,False,2
-0.1,10,50.035105,False,True,1
1.86,14,50.039165,False,True,3
-4.0,100,50.067991,False,False,2
0.49,51,50.082604,False,True,2
0.38,62,50.099819,False,True,2
-0.39,39,50.11176,False,True,1
0.17,83,50.137907,False,True,2
4.43,57,50.154725,False,True,6
0.31,69,50.17552,False,True,2
2.75,25,50.183955,False,True,4
-2.0,100,50.214243,False,False,4
0.96,4,50.215598,False,True,2
0.15,85,50.241228,False,True,2
0.98,2,50.241686,False,True,2
0.4,60,50.261077,False,True,2
-0.05,5,50.26372,False,True,1
-4.0,100,50.294651,False,False,2
5.53,47,50.309651,False,True,7
1.95,5,50.311798,False,True,3
1.85,15,50.31612,False,True,3
0.32,68,50.336664,False,True,2
0.9,10,50.340438,False,True,2
-0.62,62,50.361885,False,True,1
0.15,85,50.390503,False,True,2
0.59,41,50.403224,False,True,2
1.86,14,50.407495,False,True,3
0.94,6,50.409995,False,True,2
-5.0,100,50.441809,False,False,1
0.52,48,50.455997,False,True,2
2.81,19,50.462471,False,True,4
-0.16,16,50.4682,False,True,1
1.61,39,50.479986,False,True,3
-0.14,14,50.484994,False,True,1
-0.14,14,50.489295,False,True,1
0.96,4,50.490816,False,True,2
-2.0,100,50.521447,False,False,4
0.96,4,50.522975,False,True,2
-4.0,100,50.556327,False,False,2
0.93,7,50.558945,False,True,2
2.83,17,50.56428,False,True,4
0.45,55,50.580991,False,True,2
1.78,22,50.589243,False,True,3
1.26,74,50.611619,False,True,3
2.81,19,50.617737,False,True,4
-0.57,57,50.635009,False,True,1
0.96,4,50.636447,False,True,2
0.79,21,50.642687,False,True,2
-0.12,12,50.64679,False,True,1
1.62,38,50.659967,False,True,3
1.85,15,50.665439,False,True,3
-0.09,9,50.668429,False,True,1
0.55,45,50.682791,False,True,2
-0.43,43,50.695462,False,True,1
1.5,50,50.710991,False,True,3
0.65,35,50.721801,False,True,2
1.88,12,50.725875,False,True,3
-0.46,46,50.740424,False,True,1
0.25,75,50.763892,False,True,2
1.3,70,50.786524,False,True,3
2.81,19,50.792934,False,True,4
-4.0,100,50.824437,False,False,2
-0.32,32,50.834054,False,True,1
3.59,41,50.846767,False,True,5
0.32,68,50.867118,False,True,2
-0.64,64,50.885419,False,True,1
1.53,47,50.900762,False,True,3
-0.05,5,50.902114,False,True,1
0.44,56,50.919641,False,True,2
3.1,90,50.945942,False,True,5
1.94,6,50.948747,False,True,3
2.29,71,50.969988,False,True,4
-4.0,100,50.999479,False,False,2
-4.0,100,51.028876,False,False,2
0.9,10,51.031454,False,True,2
-3.0,100,51.062448,False,False,3
-0.52,52,51.079259,False,True,1
-3.0,100,51.109555,False,False,3
-0.55,55,51.127704,False,True,1
0.26,74,51.152024,False,True,2
-0.47,47,51.166041,False,True,1
-0.48,48,51.180152,False,True,1
0.79,21,51.186124,False,True,2
-0.08,8,51.188704,False,True,1
2.95,5,51.191008,False,True,4
-0.22,22,51.197456,False,True,1
0.95,5,51.198914,False,True,2
0.98,2,51.199953,False,True,2
-0.43,43,51.212946,False,True,1
-5.0,100,51.241394,False,False,1
2.9,10,51.244094,False,True,4
-4.0,100,51.275315,False,False,2
-0.37,37,51.28671,False,True,1
-0.34,34,51.296706,False,True,1
-3.0,100,51.326045,False,False,3
0.65,35,51.335903,False,True,2
-0.07,7,51.337362,False,True,1
0.87,13,51.341584,False,True,2
0.88,12,51.345097,False,True,2
-0.39,39,51.357036,False,True,1
-0.1,10,51.36085,False,True,1
1.71,29,51.370346,False,True,3
-0.25,25,51.378101,False,True,1
1.47,53,51.394345,False,True,3
0.23,77,51.416327,False,True,2
-0.43,43,51.429205,False,True,1
0.27,73,51.451223,False,True,2
-0.03,3,51.452592,False,True,1
-0.16,16,51.457802,False,True,1
0.89,11,51.461095,False,True,2
0.92,8,51.463909,False,True,2
0.0,100,51.498592,False,False,6
-0.37,37,51.510644,False,True,1
-0.76,76,51.532437,False,True,1
-4.0,100,51.562158,False,False,2
1.87,13,51.566001,False,True,3
1.68,32,51.576783,False,True,3
-4.0,100,51.605067,False,False,2
1.36,64,51.623713,False,True,3
0.93,7,51.62615,False,True,2
1.61,39,51.636731,False,True,3
2.13,87,51.662485,False,True,4
2.33,67,51.684724,False,True,4
-0.4,40,51.696279,False,True,1
-0.44,44,51.708499,False,True,1
-3.0,100,51.736191,False,False,3
1.91,9,51.73873,False,True,3
-0.49,49,51.753561,False,True,1
2.23,77,51.77648,False,True,4
1.66,34,51.786149,False,True,3
2.81,19,51.792099,False,True,4
1.94,6,51.793655,False,True,3
1.42,58,51.811122,False,True,3
0.12,88,51.835575,False,True,2
1.59,41,51.850064,False,True,3
-0.23,23,51.858083,False,True,1
-2.0,100,51.886553,False,False,4
-0.17,17,51.89143,False,True,1
-0.49,49,51.906092,False,True,1
1.95,5,51.908316,False,True,3
0.26,74,51.931808,False,True,2
2.3,70,51.952459,False,True,4
-0.76,76,51.974754,False,True,1
0.69,31,51.982901,False,True,2
0.32,68,52.002599,False,True,2
2.88,12,52.006138,False,True,4
-0.18,18,52.011655,False,True,1
0.4,60,52.029466,False,True,2
-3.0,100,52.058267,False,False,3
0.16,84,52.084675,False,True,2
-0.51,51,52.103575,False,True,1
1.73,27,52.111503,False,True,3
-3.0,100,52.142822,False,False,3
2.57,43,52.155758,False,True,4
1.74,26,52.164721,False,True,3
0.95,5,52.166536,False,True,2
-0.52,52,52.185613,False,True,1
-0.53,53,52.201961,False,True,1
-0.53,53,52.219324,False,True,1
0.15,85,52.246694,False,True,2
-4.0,100,52.277834,False,False,2
-0.57,57,52.295269,False,True,1
0.49,51,52.312798,False,True,2
-3.0,100,52.343604,False,False,3
-0.08,8,52.346014,False,True,1
-3.0,100,52.376321,False,False,3
0.36,64,52.399476,False,True,2
2.53,47,52.413928,False,True,4
0.68,32,52.423814,False,True,2
1.66,34,52.43489,False,True,3
2.85,15,52.439893,False,True,4
0.52,48,52.454969,False,True,2
-4.0,100,52.485286,False,False,2
1.49,51,52.502129,False,True,3
-2.0,100,52.534802,False,False,4
1.35,65,52.556713,False,True,3
4.3,70,52.577988,False,True,6
-0.67,67,52.59991,False,True,1
0.98,2,52.600539,False,True,2
0.8,20,52.607683,False,True,2
-1.0,100,52.642902,False,False,5
1.66,34,52.654125,False,True,3
-4.0,100,52.685884,False,False,2
-2.0,100,52.716652,False,False,4
-0.35,35,52.727497,False,True,1
1.93,7,52.729203,False,True,3
1.06,94,52.760303,False,True,3
-3.0,100,52.793553,False,False,3
-0.59,59,52.811864,False,True,1
0.88,12,52.815389,False,True,2
0.21,79,52.839238,False,True,2
2.74,26,52.84703,False,True,4
0.97,3,52.848081,False,True,2
0.93,7,52.849614,False,True,2
1.94,6,52.851862,False,True,3
2.75,25,52.859967,False,True,4
-3.0,100,52.893508,False,False,3
0.0,100,52.924195,False,False,6
1.45,55,52.941141,False,True,3
0.32,68,52.962382,False,True,2
0.94,6,52.964143,False,True,2
-0.43,43,52.977989,False,True,1
0.82,18,52.985207,False,True,2
0.97,3,52.985679,False,True,2
1.93,7,52.988265,False,True,3
3.46,54,53.006683,False,True,5
-1.0,100,53.041334,False,False,5
0.15,85,53.066891,False,True,2
-4.0,100,53.095452,False,False,2
2.82,18,53.100181,False,True,4
5.31,69,53.122139,False,True,7
1.8,20,53.128136,False,True,3
0.5,50,53.143231,False,True,2
1.17,83,53.167122,False,True,3
-0.45,45,53.180696,False,True,1
-0.31,31,53.19086,False,True,1
0.95,5,53.192249,False,True,2
1.83,17,53.19723,False,True,3
0.68,32,53.206944,False,True,2
0.9,10,53.210615,False,True,2
0.93,7,53.21302,False,True,2
-3.0,100,53.243393,False,False,3
-0.33,33,53.253281,False,True,1
0.58,42,53.265878,False,True,2
0.2,80,53.288427,False,True,2
-0.1,10,53.291741,False,True,1
2.83,17,53.29686,False,True,4
0.93,7,53.299417,False,True,2
1.78,22,53.306413,False,True,3
-0.09,9,53.309867,False,True,1
-0.16,16,53.314865,False,True,1
1.37,63,53.334724,False,True,3
-3.0,100,53.364333,False,False,3
-0.62,62,53.382453,False,True,1
1.34,66,53.401944,False,True,3
0.92,8,53.404266,False,True,2
1.29,71,53.425559,False,True,3
2.21,79,53.448275,False,True,4
-2.0,100,53.480645,False,False,4
0.56,44,53.494153,False,True,2
0.69,31,53.503161,False,True,2
2.48,52,53.517728,False,True,4
-0.12,12,53.521443,False,True,1
-0.59,59,53.53927,False,True,1
0.93,7,53.541633,False,True,2
2.87,13,53.545487,False,True,4
2.83,17,53.551462,False,True,4
1.2,80,53.575119,False,True,3
-0.08,8,53.577332,False,True,1
1.31,69,53.597314,False,True,3
0.97,3,53.59862,False,True,2
-0.54,54,53.614598,False,True,1
-0.2,20,53.621165,False,True,1
-0.08,8,53.623781,False,True,1
-0.24,24,53.63153,False,True,1
2.43,57,53.649065,False,True,4
0.95,5,53.651594,False,True,2
-0.14,14,53.655396,False,True,1
1.56,44,53.668588,False,True,3
2.91,9,53.671346,False,True,4
0.93,7,53.674455,False,True,2
0.48,52,53.728607,False,True,2
0.87,13,53.735378,False,True,2
-0.1,10,53.741634,False,True,1
-4.0,100,53.776149,False,False,2
2.91,9,53.778571,False,True,4
-2.0,100,53.810127,False,False,4
0.65,35,53.820956,False,True,2
1.32,68,53.84118,False,True,3
-0.09,9,53.843846,False,True,1
2.84,16,53.848609,False,True,4
0.94,6,53.850787,False,True,2
0.36,64,53.871236,False,True,2
0.47,53,53.886803,False,True,2
0.76,24,53.89399,False,True,2
2.09,91,53.921653,False,True,4
-0.13,13,53.925318,False,True,1
-0.33,33,53.934579,False,True,1
-3.0,100,53.964304,False,False,3
1.35,65,53.98234,False,True,3
-0.0,100,54.010022,False,True,2
1.93,7,54.012257,False,True,3
0.94,6,54.01446,False,True,2
3.06,94,54.043109,False,True,5
-0.12,12,54.046737,False,True,1
0.58,42,54.059966,False,True,2
0.31,69,54.083384,False,True,2
2.65,35,54.094399,False,True,4
-5.0,100,54.125678,False,False,1
0.46,54,54.141957,False,True,2
0.46,54,54.159224,False,True,2
-0.18,18,54.164707,False,True,1
-0.61,61,54.183018,False,True,1
1.37,63,54.201808,False,True,3
1.93,7,54.204299,False,True,3
-0.58,58,54.222487,False,True,1
1.86,14,54.227905,False,True,3
0.15,85,54.254325,False,True,2
-0.43,43,54.269762,False,True,1
-0.62,62,54.288225,False,True,1
-0.04,4,54.289728,False,True,1
-4.0,100,54.319345,False,False,2
-0.49,49,54.336133,False,True,1
-2.0,100,54.367163,False,False,4
-4.0,100,54.3978,False,False,2
1.26,74,54.419987,False,True,3
2.73,27,54.428853,False,True,4
-0.12,12,54.434176,False,True,1
1.57,43,54.449588,False,True,3
0.37,63,54.469497,False,True,2
-4.0,100,54.501303,False,False,2
1.06,94,54.533034,False,True,3
2.67,33,54.543496,False,True,4
-4.0,100,54.575054,False,False,2
0.88,12,54.578868,False,True,2
1.03,97,54.611528,False,True,3
1.8,20,54.617764,False,True,3
0.11,89,54.647257,False,True,2
1.61,39,54.66056,False,True,3
2.83,17,54.666919,False,True,4
0.97,3,54.667347,False,True,2
1.67,33,54.679028,False,True,3
2.92,8,54.682269,False,True,4
-2.0,100,54.714775,False,False,4
-0.33,33,54.724652,False,True,1
1.35,65,54.744981,False,True,3
-4.0,100,54.775916,False,False,2
-5.0,100,54.806415,False,False,1
-0.69,69,54.82784,False,True,1
2.63,37,54.84065,False,True,4
1.87,13,54.845082,False,True,3
0.42,58,54.865516,False,True,2
-0.28,28,54.87466,False,True,1
-0.36,36,54.885492,False,True,1
-0.02,2,54.886612,False,True,1
1.54,46,54.90137,False,True,3
1.51,49,54.917365,False,True,3
0.65,35,54.928045,False,True,2
2.77,23,54.935882,False,True,4
-0.02,2,54.937227,False,True,1
-0.59,59,54.955776,False,True,1
-0.01,1,54.95697,False,True,1
-0.57,57,54.976342,False,True,1
1.67,33,54.986365,False,True,3
5.0,100,55.017277,False,True,7
1.0,100,55.046765,False,True,3
2.59,41,55.059644,False,True,4
3.38,62,55.080875,False,True,5
0.93,7,55.083113,False,True,2
0.71,29,55.091557,False,True,2
5.43,57,55.10885,False,True,7
0.29,71,55.130227,False,True,2
3.9,10,55.133042,False,True,5
1.75,25,55.140985,False,True,3
1.74,26,55.148382,False,True,3
-2.0,100,55.179873,False,False,4
-4.0,100,55.209803,False,False,2
1.79,21,55.21551,False,True,3
-5.0,100,55.246111,False,False,1
1.1,90,55.275427,False,True,3
3.61,39,55.28727,False,True,5
-0.61,61,55.305592,False,True,1
-0.57,57,55.323067,False,True,1
-0.12,12,55.326803,False,True,1
1.86,14,55.331111,False,True,3
-0.69,69,55.350093,False,True,1
1.03,97,55.380917,False,True,3
-0.01,1,55.381211,False,True,1
0.31,69,55.402851,False,True,2
0.87,13,55.406622,False,True,2
0.32,68,55.426531,False,True,2
0.26,74,55.448061,False,True,2
1.25,75,55.469759,False,True,3
-0.54,54,55.48571,False,True,1
-0.54,54,55.503218,False,True,1
-0.72,72,55.524831,False,True,1
0.48,52,55.540324,False,True,2
0.78,22,55.546947,False,True,2
-0.82,82,55.571516,False,True,1
-2.0,100,55.600962,False,False,4
1.07,93,55.626482,False,True,3
1.63,37,55.637924,False,True,3
0.39,61,55.656672,False,True,2
1.58,42,55.669746,False,True,3
-4.0,100,55.700617,False,False,2
-0.46,46,55.714388,False,True,1
2.03,97,55.74352,False,True,4
-4.0,100,55.770796,False,False,2
-4.0,100,55.798934,False,False,2
1.38,62,55.819082,False,True,3
0.7,30,55.829081,False,True,2
0.46,54,55.846758,False,True,2
0.0,100,55.876198,False,False,6
1.23,77,55.899915,False,True,3
-0.28,28,55.908816,False,True,1
-3.0,100,55.938785,False,False,3
0.34,66,55.957434,False,True,2
3.7,30,55.967151,False,True,5
2.95,5,55.968557,False,True,4
-0.02,2,55.969526,False,True,1
0.17,83,55.994255,False,True,2
-4.0,100,56.027612,False,False,2
-0.58,58,56.047061,False,True,1
2.41,59,56.066791,False,True,4
-0.46,46,56.081666,False,True,1
2.32,68,56.103139,False,True,4
0.97,3,56.104902,False,True,2
0.24,76,56.130009,False,True,2
0.93,7,56.132675,False,True,2
-0.12,12,56.136321,False,True,1
2.06,94,56.166462,False,True,4
-0.71,71,56.190021,False,True,1
0.22,78,56.21478,False,True,2
0.88,12,56.21844,False,True,2
2.82,18,56.224656,False,True,4
2.71,29,56.234977,False,True,4
-2.0,100,56.26592,False,False,4
-3.0,100,56.296628,False,False,3
4.67,33,56.307129,False,True,6
-0.15,15,56.312301,False,True,1
0.87,13,56.316075,False,True,2
-0.58,58,56.334226,False,True,1
2.12,88,56.362157,False,True,4
-0.47,47,56.37715,False,True,1
1.66,34,56.387517,False,True,3
0.52,48,56.403224,False,True,2
0.69,31,56.415245,False,True,2
1.38,62,56.434392,False,True,3
-0.66,66,56.45537,False,True,1
-0.12,12,56.459182,False,True,1
-1.0,100,56.493256,False,False,5
0.85,15,56.498347,False,True,2
0.25,75,56.521609,False,True,2
-0.36,36,56.532755,False,True,1
2.73,27,56.541808,False,True,4
-4.0,100,56.573151,False,False,2
0.71,29,56.584224,False,True,2
-0.13,13,56.59007,False,True,1
-4.0,100,56.62533,False,False,2
-3.0,100,56.655741,False,False,3
-0.43,43,56.668244,False,True,1
-0.67,67,56.69011,False,True,1
-2.0,100,56.736261,False,False,4
-0.47,47,56.750683,False,True,1
2.07,93,56.777893,False,True,4
-3.0,100,56.809253,False,False,3
-0.05,5,56.810795,False,True,1
-0.78,78,56.837122,False,True,1
0.34,66,56.857817,False,True,2
1.8,20,56.863776,False,True,3
-0.18,18,56.869952,False,True,1
0.27,73,56.893304,False,True,2
-4.0,100,56.924121,False,False,2
3.49,51,56.939499,False,True,5
1.58,42,56.952497,False,True,3
-0.58,58,56.972617,False,True,1
0.43,57,56.990548,False,True,2
0.12,88,57.016411,False,True,2
2.59,41,57.02861,False,True,4
-0.82,82,57.054273,False,True,1
2.77,23,57.061529,False,True,4
2.7,30,57.070911,False,True,4
0.83,17,57.075983,False,True,2
-4.0,100,57.106134,False,False,2
1.53,47,57.119704,False,True,3
0.23,77,57.141692,False,True,2
1.89,11,57.145035,False,True,3
0.67,33,57.154921,False,True,2
0.22,78,57.179722,False,True,2
2.79,21,57.185774,False,True,4
1.66,34,57.196757,False,True,3
0.76,24,57.204077,False,True,2
0.45,55,57.24565,False,True,2
-4.0,100,57.275026,False,False,2
-2.0,100,57.304228,False,False,4
1.64,36,57.315284,False,True,3
-0.45,45,57.329542,False,True,1
0.4,60,57.34853,False,True,2
2.42,58,57.366579,False,True,4
0.9,10,57.370328,False,True,2
-4.0,100,57.399666,False,False,2
0.78,22,57.405843,False,True,2
1.28,72,57.427351,False,True,3
0.7,30,57.436848,False,True,2
-4.0,100,57.464756,False,False,2
0.98,2,57.465113,False,True,2
-0.2,20,57.470828,False,True,1
0.87,13,57.474765,False,True,2
1.69,31,57.484127,False,True,3
-0.46,46,57.498553,False,True,1
1.29,71,57.519874,False,True,3
-3.0,100,57.548492,False,False,3
-0.51,51,57.56296,False,True,1
-0.03,3,57.564118,False,True,1
-3.0,100,57.594534,False,False,3
0.26,74,57.615359,False,True,2
-3.0,100,57.64912,False,False,3
0.53,47,57.705459,False,True,2
0.26,74,57.744379,False,True,2
3.3,70,57.764979,False,True,5
-4.0,100,57.795175,False,False,2
-4.0,100,57.826466,False,False,2
1.16,84,57.85377,False,True,3
-0.73,73,57.877029,False,True,1
1.74,26,57.885859,False,True,3
1.08,92,57.91535,False,True,3
-0.55,55,57.933517,False,True,1
0.3,70,57.954521,False,True,2
0.26,74,57.978432,False,True,2
0.35,65,58.016506,False,True,2
0.34,66,58.041663,False,True,2
1.73,27,58.061332,False,True,3
2.62,38,58.079406,False,True,4
-0.63,63,58.107238,False,True,1
0.21,79,58.143818,False,True,2
0.78,22,58.154766,False,True,2
-3.0,100,58.19131,False,False,3
0.42,58,58.215522,False,True,2
-3.0,100,58.254988,False,False,3
-3.0,100,58.287971,False,False,3
-0.1,10,58.291897,False,True,1
-4.0,100,58.3295,False,False,2
2.07,93,58.401529,False,True,4
-0.1,10,58.406507,False,True,1
-5.0,100,58.441189,False,False,1
-0.67,67,58.463894,False,True,1
-2.0,100,58.497791,False,False,4
1.93,7,58.500118,False,True,3
-0.54,54,58.516751,False,True,1
-0.04,4,58.51803,False,True,1
-2.0,100,58.550163,False,False,4
0.23,77,58.575169,False,True,2
-0.69,69,58.596235,False,True,1
1.75,25,58.603582,False,True,3
-0.77,77,58.627605,False,True,1
-4.0,100,58.673618,False,False,2
-3.0,100,58.704574,False,False,3
-0.64,64,58.723702,False,True,1
1.67,33,58.735951,False,True,3
2.04,96,58.767677,False,True,4
0.84,16,58.773064,False,True,2
-0.31,31,58.782414,False,True,1
1.07,93,58.811936,False,True,3
1.78,22,58.818302,False,True,3
-2.0,100,58.851893,False,False,4
0.31,69,58.87494,False,True,2
0.22,78,58.902931,False,True,2
1.76,24,58.911105,False,True,3
1.75,25,58.91866,False,True,3
0.01,99,58.954044,False,True,2
-2.0,100,58.988041,False,False,4
-2.0,100,59.018114,False,False,4
-0.55,55,59.035658,False,True,1
0.34,66,59.058069,False,True,2
-0.02,2,59.059302,False,True,1
0.24,76,59.08394,False,True,2
-2.0,100,59.11606,False,False,4
-0.09,9,59.118627,False,True,1
-4.0,100,59.152783,False,False,2
0.87,13,59.157306,False,True,2
0.0,100,59.191667,False,False,6
0.61,39,59.204222,False,True,2
-0.31,31,59.214585,False,True,1
1.84,16,59.219562,False,True,3
-2.0,100,59.253148,False,False,4
-2.0,100,59.284685,False,False,4
0.25,75,59.309451,False,True,2
0.93,7,59.311941,False,True,2
-0.01,1,59.312233,False,True,1
0.45,55,59.329991,False,True,2
-0.63,63,59.351688,False,True,1
-0.12,12,59.357537,False,True,1
1.11,89,59.392701,False,True,3
1.05,95,59.42394,False,True,3
-2.0,100,59.470118,False,False,4
2.2,80,59.498569,False,True,4
1.13,87,59.533279,False,True,3
-0.56,56,59.552188,False,True,1
3.01,99,59.584146,False,True,5
-0.57,57,59.603604,False,True,1
0.3,70,59.625642,False,True,2
-4.0,100,59.657766,False,False,2
0.78,22,59.667199,False,True,2
0.31,69,59.691395,False,True,2
0.09,91,59.719985,False,True,2
3.37,63,59.744615,False,True,5
0.97,3,59.748004,False,True,2
1.8,20,59.761986,False,True,3
-3.0,100,59.810444,False,False,3
-0.61,61,59.842806,False,True,1
2.21,79,59.898601,False,True,4
0.3,70,59.928345,False,True,2
3.39,61,59.959484,False,True,5
2.25,75,60.002515,False,True,4
2.6,40,60.030887,False,True,4
-4.0,100,60.071639,False,False,2
-3.0,100,60.10655,False,False,3
-3.0,100,60.142702,False,False,3
-2.0,100,60.184097,False,False,4
-2.0,100,60.223432,False,False,4
0.0,100,60.259841,False,False,6
0.56,44,60.27696,False,True,2
-0.61,61,60.298262,False,True,1
0.98,2,60.298594,False,True,2
-2.0,100,60.337372,False,False,4
0.95,5,60.340251,False,True,2
2.71,29,60.351072,False,True,4
0.36,64,60.374865,False,True,2
-2.0,100,60.410463,False,False,4
1.48,52,60.428281,False,True,3
0.25,75,60.456591,False,True,2
-0.14,14,60.460779,False,True,1
0.23,77,60.487737,False,True,2
0.22,78,60.514641,False,True,2
-0.31,31,60.524945,False,True,1
-3.0,100,60.563294,False,False,3
0.36,64,60.584969,False,True,2
-0.48,48,60.600852,False,True,1
1.76,24,60.609571,False,True,3
3.04,96,60.641884,False,True,5
0.31,69,60.662944,False,True,2
0.94,6,60.664743,False,True,2
2.6,40,60.678106,False,True,4
1.75,25,60.690175,False,True,3
2.1,90,60.719905,False,True,4
-0.47,47,60.73535,False,True,1
0.29,71,60.75877,False,True,2
-3.0,100,60.791536,False,False,3
1.95,5,60.793144,False,True,3
0.37,63,60.814932,False,True,2
0.27,73,60.839512,False,True,2
1.92,8,60.841865,False,True,3
0.37,63,60.862726,False,True,2
-3.0,100,60.895937,False,False,3
-0.72,72,60.920748,False,True,1
-0.05,5,60.922386,False,True,1
-0.01,1,60.922544,False,True,1
0.85,15,60.92737,False,True,2
1.68,32,60.937798,False,True,3
1.2,80,60.963082,False,True,3
0.26,74,60.987146,False,True,2
-0.57,57,61.008732,False,True,1
-0.64,64,61.032306,False,True,1
1.04,96,61.070665,False,True,3
0.24,76,61.101381,False,True,2
-4.0,100,61.137662,False,False,2
1.76,24,61.14663,False,True,3
-0.19,19,61.152901,False,True,1
0.34,66,61.17693,False,True,2
2.42,58,61.196922,False,True,4
-0.62,62,61.223026,False,True,1
-0.67,67,61.247125,False,True,1
-1.0,100,61.284659,False,False,5
0.32,68,61.308852,False,True,2
-3.0,100,61.344146,False,False,3
0.35,65,61.365534,False,True,2
1.24,76,61.389979,False,True,3
-0.01,1,61.390288,False,True,1
0.97,3,61.391685,False,True,2
0.95,5,61.393021,False,True,2
0.53,47,61.40966,False,True,2
1.15,85,61.437882,False,True,3
-3.0,100,61.471441,False,False,3
0.68,32,61.481802,False,True,2
0.31,69,61.504232,False,True,2
-0.33,33,61.515278,False,True,1
2.04,96,61.548556,False,True,4
0.31,69,61.571444,False,True,2
3.05,95,61.605589,False,True,5
0.95,5,61.607248,False,True,2
3.09,91,61.636556,False,True,5
-4.0,100,61.668411,False,False,2
-0.58,58,61.686216,False,True,1
-0.15,15,61.691148,False,True,1
-0.01,1,61.691551,False,True,1
2.84,16,61.697402,False,True,4
-0.53,53,61.715281,False,True,1
-0.31,31,61.725536,False,True,1
3.37,63,61.744964,False,True,5
1.52,48,61.758611,False,True,3
0.4,60,61.776185,False,True,2
-2.0,100,61.80553,False,False,4
-0.01,1,61.805893,False,True,1
-3.0,100,61.835065,False,False,3
-0.19,19,61.840987,False,True,1
2.17,83,61.867008,False,True,4
0.89,11,61.870182,False,True,2
0.49,51,61.887128,False,True,2
-0.54,54,61.903878,False,True,1
-2.0,100,61.936503,False,False,4
-0.49,49,61.953091,False,True,1
-3.0,100,61.985177,False,False,3
-4.0,100,62.016851,False,False,2
1.93,7,62.019348,False,True,3
0.61,39,62.031638,False,True,2
2.62,38,62.044485,False,True,4
1.0,100,62.07537,False,False,7
-1.0,100,62.105776,False,False,5
-0.13,13,62.109636,False,True,1
-3.0,100,62.141443,False,False,3
2.77,23,62.148374,False,True,4
-4.0,100,62.178654,False,False,2
-3.0,100,62.210217,False,False,3
5.06,94,62.239099,False,True,7
4.7,30,62.248679,False,True,6
1.13,87,62.275212,False,True,3
0.35,65,62.296078,False,True,2
5.0,100,62.327484,False,True,7
-0.63,63,62.349035,False,True,1
2.05,95,62.378067,False,True,4
-2.0,100,62.410742,False,False,4
-2.0,100,62.442985,False,False,4
-0.01,1,62.444136,False,True,1
0.53,47,62.458562,False,True,2
4.4,60,62.478568,False,True,6
-3.0,100,62.508893,False,False,3
2.72,28,62.517274,False,True,4
1.87,13,62.521814,False,True,3
3.1,90,62.54991,False,True,5
1.38,62,62.568911,False,True,3
-2.0,100,62.598354,False,False,4
-1.0,100,62.628926,False,False,5
-0.36,36,62.64126,False,True,1
1.94,6,62.642923,False,True,3
0.27,73,62.664701,False,True,2
0.62,38,62.676344,False,True,2
-1.0,100,62.705914,False,False,5
-3.0,100,62.736051,False,False,3
1.61,39,62.74737,False,True,3
-0.19,19,62.752428,False,True,1
1.76,24,62.760089,False,True,3
0.58,42,62.774034,False,True,2
0.0,100,62.803505,False,False,6
1.19,81,62.827474,False,True,3
0.5,50,62.844841,False,True,2
-0.01,1,62.84513,False,True,1
-3.0,100,62.875201,False,False,3
0.67,33,62.884649,False,True,2
0.57,43,62.898093,False,True,2
-0.43,43,62.910935,False,True,1
1.9,10,62.913602,False,True,3
1.42,58,62.93063,False,True,3
-3.0,100,62.960252,False,False,3
0.59,41,62.972023,False,True,2
0.67,33,62.981059,False,True,2
-0.04,4,62.982346,False,True,1
3.29,71,63.003596,False,True,5
1.44,56,63.019605,False,True,3
3.07,93,63.046663,False,True,5
-3.0,100,63.077821,False,False,3
-0.36,36,63.089524,False,True,1
0.91,9,63.092504,False,True,2
1.36,64,63.112585,False,True,3
1.95,5,63.114672,False,True,3
-0.01,1,63.115084,False,True,1
-0.02,2,63.115379,False,True,1
-3.0,100,63.146807,False,False,3
1.82,18,63.152913,False,True,3
-0.2,20,63.159485,False,True,1
0.0,100,63.191543,False,False,6
1.34,66,63.210992,False,True,3
1.4,60,63.22884,False,True,3
1.17,83,63.254437,False,True,3
0.46,54,63.27072,False,True,2
3.75,25,63.278108,False,True,5
-0.45,45,63.290919,False,True,1
0.28,72,63.312257,False,True,2
2.9,10,63.315635,False,True,4
1.38,62,63.332647,False,True,3
-0.1,10,63.336002,False,True,1
-0.69,69,63.356159,False,True,1
1.79,21,63.362364,False,True,3
3.76,24,63.3695,False,True,5
0.73,27,63.37804,False,True,2
0.88,12,63.381628,False,True,2
-0.46,46,63.394969,False,True,1
-3.0,100,63.42331,False,False,3
0.31,69,63.443908,False,True,2
2.83,17,63.448745,False,True,4
0.33,67,63.468405,False,True,2
-2.0,100,63.496959,False,False,4
-0.61,61,63.514644,False,True,1
-0.03,3,63.516026,False,True,1
-4.0,100,63.546335,False,False,2
2.51,49,63.560576,False,True,4
-2.0,100,63.587728,False,False,4
0.7,30,63.595904,False,True,2
0.37,63,63.614089,False,True,2
0.36,64,63.632529,False,True,2
-0.01,1,63.632792,False,True,1
-0.72,72,63.656185,False,True,1
-3.0,100,63.686951,False,False,3
0.96,4,63.688508,False,True,2
-0.02,2,63.689663,False,True,1
1.13,87,63.717659,False,True,3
0.26,74,63.739228,False,True,2
-0.59,59,63.758377,False,True,1
1.35,65,63.777868,False,True,3
1.41,59,63.798187,False,True,3
2.1,90,63.825674,False,True,4
2.22,78,63.84945,False,True,4
0.86,14,63.853227,False,True,2
1.49,51,63.869456,False,True,3
0.61,39,63.881323,False,True,2
0.67,33,63.891938,False,True,2
2.15,85,63.924727,False,True,4
1.13,87,63.980488,False,True,3
1.48,52,63.99919,False,True,3
2.13,87,64.027721,False,True,4
2.19,81,64.052081,False,True,4
-0.03,3,64.05357,False,True,1
0.43,57,64.072123,False,True,2
1.49,51,64.088183,False,True,3
0.93,7,64.090837,False,True,2
0.44,56,64.110089,False,True,2
-4.0,100,64.141293,False,False,2
-0.57,57,64.159274,False,True,1
0.95,5,64.160814,False,True,2
0.51,49,64.176306,False,True,2
2.07,93,64.205354,False,True,4
0.54,46,64.218784,False,True,2
-3.0,100,64.249053,False,False,3
1.51,49,64.264881,False,True,3
-2.0,100,64.295873,False,False,4
1.5,50,64.312019,False,True,3
1.89,11,64.315594,False,True,3
-0.66,66,64.335994,False,True,1
2.71,29,64.344341,False,True,4
1.23,77,64.370107,False,True,3
0.42,58,64.399295,False,True,2
5.13,87,64.438401,False,True,7
2.17,83,64.466652,False,True,4
0.0,100,64.519746,False,False,6
2.53,47,64.542214,False,True,4
1.19,81,64.569764,False,True,3
-3.0,100,64.599526,False,False,3
-3.0,100,64.628649,False,False,3
1.16,84,64.652163,False,True,3
1.31,69,64.673246,False,True,3
0.68,32,64.682122,False,True,2
-0.41,41,64.694725,False,True,1
0.68,32,64.704662,False,True,2
1.41,59,64.724225,False,True,3
-4.0,100,64.75425,False,False,2
2.74,26,64.761754,False,True,4
4.1,90,64.789613,False,True,6
1.28,72,64.8138,False,True,3
0.78,22,64.820701,False,True,2
0.32,68,64.843377,False,True,2
0.61,39,64.857812,False,True,2
1.18,82,64.890164,False,True,3
0.0,100,64.923588,False,False,6
0.49,51,64.938588,False,True,2
2.3,70,64.960384,False,True,4
-0.55,55,64.977571,False,True,1
1.63,37,64.988813,False,True,3
2.26,74,65.009353,False,True,4
2.21,79,65.032631,False,True,4
-0.33,33,65.044533,False,True,1
2.56,44,65.066424,False,True,4
-0.03,3,65.067852,False,True,1
-0.6,60,65.086979,False,True,1
1.34,66,65.108953,False,True,3
1.08,92,65.137118,False,True,3
1.37,63,65.156337,False,True,3
-2.0,100,65.187964,False,False,4
-2.0,100,65.223445,False,False,4
1.51,49,65.239439,False,True,3
-0.01,1,65.239681,False,True,1
4.41,59,65.257374,False,True,6
0.0,100,65.288627,False,False,6
-3.0,100,65.318655,False,False,3
-2.0,100,65.346734,False,False,4
3.17,83,65.369312,False,True,5
-0.54,54,65.385465,False,True,1
2.3,70,65.406428,False,True,4
-3.0,100,65.436304,False,False,3
0.75,25,65.44412,False,True,2
2.28,72,65.466285,False,True,4
0.68,32,65.476206,False,True,2
5.5,50,65.491164,False,True,7
0.83,17,65.496716,False,True,2
0.67,33,65.508921,False,True,2
1.31,69,65.53249,False,True,3
-3.0,100,65.561977,False,False,3
-1.0,100,65.59496,False,False,5
1.72,28,65.604513,False,True,3
2.0,100,65.640429,False,True,4
1.45,55,65.657806,False,True,3
1.3,70,65.68013,False,True,3
2.28,72,65.703462,False,True,4
1.52,48,65.717354,False,True,3
0.0,100,65.746201,False,False,6
-2.0,100,65.776062,False,False,4
1.5,50,65.791843,False,True,3
0.34,66,65.811252,False,True,2
-3.0,100,65.842077,False,False,3
-0.61,61,65.860279,False,True,1
0.74,26,65.869169,False,True,2
0.85,15,65.873963,False,True,2
-4.0,100,65.903793,False,False,2
0.42,58,65.920785,False,True,2
1.35,65,65.940332,False,True,3
2.12,88,65.966367,False,True,4
0.14,86,65.992772,False,True,2
0.67,33,66.002249,False,True,2
-0.51,51,66.017919,False,True,1
0.57,43,66.031116,False,True,2
1.43,57,66.047625,False,True,3
0.6,40,66.059326,False,True,2
1.26,74,66.080977,False,True,3
1.55,45,66.0946,False,True,3
1.79,21,66.100665,False,True,3
0.85,15,66.105402,False,True,2
0.35,65,66.125467,False,True,2
-2.0,100,66.153495,False,False,4
0.73,27,66.161588,False,True,2
1.01,99,66.189638,False,True,3
0.64,36,66.200892,False,True,2
-4.0,100,66.231795,False,False,2
2.53,47,66.244565,False,True,4
0.34,66,66.264113,False,True,2
1.78,22,66.271324,False,True,3
-2.0,100,66.300835,False,False,4
0.64,36,66.310686,False,True,2
-3.0,100,66.342124,False,False,3
1.26,74,66.364566,False,True,3
2.3,70,66.386119,False,True,4
-0.59,59,66.402777,False,True,1
1.61,39,66.414519,False,True,3
-0.03,3,66.415126,False,True,1
-4.0,100,66.445413,False,False,2
3.14,86,66.470928,False,True,5
-4.0,100,66.499907,False,False,2
-2.0,100,66.52943,False,False,4
0.97,3,66.530629,False,True,2
4.36,64,66.552399,False,True,6
3.32,68,66.571978,False,True,5
2.55,45,66.585738,False,True,4
3.03,97,66.613998,False,True,5
1.54,46,66.629087,False,True,3
-3.0,100,66.660785,False,False,3
4.19,81,66.68518,False,True,6
0.51,49,66.6996,False,True,2
-0.02,2,66.700712,False,True,1
1.55,45,66.714196,False,True,3
2.65,35,66.725352,False,True,4
-0.15,15,66.729623,False,True,1
3.95,5,66.731749,False,True,5
0.69,31,66.740788,False,True,2
1.27,73,66.764201,False,True,3
1.86,14,66.768495,False,True,3
4.63,37,66.779362,False,True,6
0.89,11,66.782874,False,True,2
3.04,96,66.811207,False,True,5
2.3,70,66.832358,False,True,4
0.0,100,66.862013,False,False,6
1.95,5,66.863535,False,True,3
1.24,76,66.885801,False,True,3
1.93,7,66.888183,False,True,3
0.91,9,66.890568,False,True,2
0.79,21,66.896318,False,True,2
-3.0,100,66.9285,False,False,3
0.76,24,66.936418,False,True,2
0.77,23,66.943886,False,True,2
-4.0,100,66.97291,False,False,2
-2.0,100,67.002651,False,False,4
2.86,14,67.006503,False,True,4
-0.01,1,67.007432,False,True,1
1.56,44,67.019901,False,True,3
-2.0,100,67.049918,False,False,4
-3.0,100,67.0784,False,False,3
-0.04,4,67.079526,False,True,1
0.9,10,67.081989,False,True,2
1.26,74,67.104311,False,True,3
-1.0,100,67.134538,False,False,5
-3.0,100,67.164264,False,False,3
0.2,80,67.186324,False,True,2
0.55,45,67.199218,False,True,2
0.46,54,67.215059,False,True,2
0.38,62,67.233878,False,True,2
-4.0,100,67.262071,False,False,2
2.43,57,67.279021,False,True,4
3.25,75,67.300447,False,True,5
3.48,52,67.315104,False,True,5
4.06,94,67.341826,False,True,6
0.0,100,67.372875,False,False,6
1.76,24,67.380205,False,True,3
2.62,38,67.39104,False,True,4
2.33,67,67.410262,False,True,4
2.36,64,67.42938,False,True,4
1.78,22,67.43575,False,True,3
0.76,24,67.442359,False,True,2
-0.05,5,67.443652,False,True,1
0.66,34,67.454537,False,True,2
0.39,61,67.472701,False,True,2
1.27,73,67.495301,False,True,3
1.49,51,67.510194,False,True,3
2.32,68,67.530547,False,True,4
1.21,79,67.554958,False,True,3
1.2,80,67.57788,False,True,3
0.78,22,67.585332,False,True,2
0.74,26,67.594596,False,True,2
2.58,42,67.607596,False,True,4
1.17,83,67.631865,False,True,3
1.8,20,67.637639,False,True,3
2.45,55,67.655042,False,True,4
1.76,24,67.662381,False,True,3
1.71,29,67.6708,False,True,3
-1.0,100,67.701297,False,False,5
2.74,26,67.709744,False,True,4
0.0,100,67.739653,False,False,6
-0.46,46,67.753986,False,True,1
1.56,44,67.767169,False,True,3
-2.0,100,67.798517,False,False,4
0.0,100,67.827547,False,False,6
1.22,78,67.84945,False,True,3
-3.0,100,67.879979,False,False,3
-3.0,100,67.910313,False,False,3
2.55,45,67.923503,False,True,4
-4.0,100,67.954803,False,False,2
2.31,69,67.975032,False,True,4
2.52,48,67.991269,False,True,4
0.74,26,67.999559,False,True,2
1.34,66,68.019399,False,True,3
2.53,47,68.032848,False,True,4
-0.4,40,68.045874,False,True,1
-1.0,100,68.101441,False,False,5
0.5,50,68.121563,False,True,2
0.0,100,68.150935,False,False,6
0.43,57,68.169748,False,True,2
-0.01,1,68.17009,False,True,1
0.56,44,68.183266,False,True,2
0.77,23,68.190617,False,True,2
0.77,23,68.198362,False,True,2
-0.42,42,68.212471,False,True,1
1.08,92,68.239904,False,True,3
1.81,19,68.245788,False,True,3
0.75,25,68.252934,False,True,2
-0.48,48,68.268435,False,True,1
1.0,100,68.298485,False,False,7
-0.3,30,68.307266,False,True,1
0.75,25,68.315526,False,True,2
1.38,62,68.333459,False,True,3
2.3,70,68.354277,False,True,4
-3.0,100,68.385373,False,False,3
0.69,31,68.394538,False,True,2
3.49,51,68.410045,False,True,5
0.37,63,68.429394,False,True,2
-2.0,100,68.458184,False,False,4
1.15,85,68.484996,False,True,3
-1.0,100,68.515318,False,False,5
-0.03,3,68.516571,False,True,1
-3.0,100,68.548591,False,False,3
-1.0,100,68.578959,False,False,5
-0.02,2,68.579274,False,True,1
1.79,21,68.586484,False,True,3
0.0,100,68.616475,False,False,6
2.51,49,68.630952,False,True,4
-0.47,47,68.645593,False,True,1
2.55,45,68.659695,False,True,4
0.9,10,68.662929,False,True,2
-2.0,100,68.696455,False,False,4
-0.37,37,68.707883,False,True,1
0.15,85,68.731732,False,True,2
-0.01,1,68.731965,False,True,1
1.0,100,68.761599,False,False,7
3.54,46,68.777091,False,True,5
-3.0,100,68.806619,False,False,3
2.08,92,68.832938,False,True,4
-3.0,100,68.86402,False,False,3
0.68,32,68.874531,False,True,2
0.71,29,68.883399,False,True,2
-0.03,3,68.884615,False,True,1
-0.05,5,68.886063,False,True,1
1.33,67,68.906323,False,True,3
0.81,19,68.911464,False,True,2
0.9,10,68.914742,False,True,2
1.52,48,68.929581,False,True,3
1.75,25,68.936633,False,True,3
1.62,38,68.947914,False,True,3
1.75,25,68.954809,False,True,3
-1.0,100,68.98527,False,False,5
1.7,30,68.993658,False,True,3
0.0,100,69.024153,False,False,6
-0.08,8,69.026708,False,True,1
1.52,48,69.041406,False,True,3
-2.0,100,69.070848,False,False,4
3.25,75,69.091716,False,True,5
1.86,14,69.096049,False,True,3
0.0,100,69.140006,False,False,6
-0.01,1,69.140328,False,True,1
0.0,100,69.169505,False,False,6
3.49,51,69.184585,False,True,5
0.0,100,69.215263,False,False,6
5.09,91,69.241522,False,True,7
2.87,13,69.246031,False,True,4
-0.33,33,69.255233,False,True,1
-0.01,1,69.255644,False,True,1
-1.0,100,69.285442,False,False,5
1.26,74,69.307398,False,True,3
3.82,18,69.312237,False,True,5
0.66,34,69.322801,False,True,2
-2.0,100,69.352023,False,False,4
3.31,69,69.374278,False,True,5
1.39,61,69.391691,False,True,3
0.8,20,69.397737,False,True,2
-3.0,100,69.427502,False,False,3
3.58,42,69.439819,False,True,5
1.39,61,69.457173,False,True,3
-4.0,100,69.487347,False,False,2
-3.0,100,69.516433,False,False,3
-0.01,1,69.516709,False,True,1
-2.0,100,69.546327,False,False,4
-2.0,100,69.576327,False,False,4
0.92,8,69.579069,False,True,2
2.52,48,69.593121,False,True,4
0.75,25,69.600119,False,True,2
-2.0,100,69.629372,False,False,4
0.71,29,69.638407,False,True,2
0.0,100,69.666937,False,False,6
0.0,100,69.695846,False,False,6
2.42,58,69.71334,False,True,4
1.51,49,69.728044,False,True,3
1.36,64,69.745291,False,True,3
0.91,9,69.748401,False,True,2
0.91,9,69.751133,False,True,2
-0.01,1,69.751357,False,True,1
0.0,100,69.780899,False,False,6
0.0,100,69.809707,False,False,6
1.65,35,69.822737,False,True,3
-0.05,5,69.82451,False,True,1
0.77,23,69.832539,False,True,2
2.59,41,69.844686,False,True,4
2.29,71,69.866753,False,True,4
0.91,9,69.869551,False,True,2
2.43,57,69.885995,False,True,4
-0.01,1,69.887117,False,True,1
2.36,64,69.906691,False,True,4
-3.0,100,69.935599,False,False,3
1.53,47,69.948436,False,True,3
2.46,54,69.964179,False,True,4
1.72,28,69.972038,False,True,3
1.79,21,69.978815,False,True,3
-0.1,10,69.981952,False,True,1
0.9,10,69.984681,False,True,2
1.66,34,69.995736,False,True,3
2.63,37,70.006825,False,True,4
1.67,33,70.01648,False,True,3
0.0,100,70.044487,False,False,6
-2.0,100,70.120616,False,False,4
-0.06,6,70.123539,False,True,1
0.82,18,70.141184,False,True,2
0.87,13,70.147703,False,True,2
0.92,8,70.150468,False,True,2
1.37,63,70.17048,False,True,3
0.9,10,70.173613,False,True,2
4.12,88,70.200569,False,True,6
3.38,62,70.222962,False,True,5
1.56,44,70.237346,False,True,3
-1.0,100,70.264702,False,False,5
2.95,5,70.266338,False,True,4
1.45,55,70.282994,False,True,3
-1.0,100,70.32086,False,False,5
-0.11,11,70.324539,False,True,1
2.41,59,70.342005,False,True,4
1.78,22,70.349116,False,True,3
1.8,20,70.355501,False,True,3
2.48,52,70.371574,False,True,4
0.9,10,70.375525,False,True,2
-0.01,1,70.3759,False,True,1
2.58,42,70.38932,False,True,4
0.89,11,70.39329,False,True,2
1.83,17,70.398753,False,True,3
0.98,2,70.40017,False,True,2
-1.0,100,70.430844,False,False,5
5.08,92,70.457246,False,True,7
-0.03,3,70.458412,False,True,1
4.24,76,70.482758,False,True,6
0.97,3,70.483216,False,True,2
-0.05,5,70.485448,False,True,1
1.79,21,70.491612,False,True,3
1.88,12,70.495474,False,True,3
4.16,84,70.521664,False,True,6
1.7,30,70.530068,False,True,3
1.84,16,70.534845,False,True,3
1.0,100,70.566011,False,False,7
0.0,100,70.595211,False,False,6
0.9,10,70.59866,False,True,2
1.64,36,70.608942,False,True,3
-0.17,17,70.614241,False,True,1
-1.0,100,70.644306,False,False,5
0.92,8,70.647029,False,True,2
2.62,38,70.659056,False,True,4
1.48,52,70.674928,False,True,3
1.83,17,70.68005,False,True,3
0.63,37,70.691284,False,True,2
0.91,9,70.693696,False,True,2
-3.0,100,70.723055,False,False,3
-0.03,3,70.724152,False,True,1
1.86,14,70.728729,False,True,3
2.36,64,70.748246,False,True,4
-1.0,100,70.778486,False,False,5
3.62,38,70.789137,False,True,5
5.65,35,70.799684,False,True,7
-0.01,1,70.799928,False,True,1
-0.03,3,70.801246,False,True,1
1.9,10,70.803705,False,True,3
4.5,50,70.819264,False,True,6
-2.0,100,70.848596,False,False,4
2.3,70,70.868574,False,True,4
4.41,59,70.885178,False,True,6
-0.01,1,70.885424,False,True,1
1.93,7,70.887577,False,True,3
0.0,100,70.918446,False,False,6
-0.05,5,70.919981,False,True,1
4.38,62,70.939366,False,True,6
3.06,94,70.9662,False,True,5
0.0,100,70.996206,False,False,6
0.65,35,71.007146,False,True,2
1.0,100,71.037581,False,True,3
2.65,35,71.048345,False,True,4
1.41,59,71.066955,False,True,3
0.73,27,71.074183,False,True,2
0.0,100,71.102633,False,False,6
-0.01,1,71.103543,False,True,1
2.48,52,71.119135,False,True,4
3.54,46,71.132355,False,True,5
0.71,29,71.140427,False,True,2
3.27,73,71.16257,False,True,5
0.69,31,71.171548,False,True,2
-0.03,3,71.172966,False,True,1
-0.03,3,71.174255,False,True,1
1.5,50,71.189033,False,True,3
-0.12,12,71.192849,False,True,1
2.58,42,71.206172,False,True,4
2.29,71,71.228524,False,True,4
-0.05,5,71.229841,False,True,1
1.62,38,71.241532,False,True,3
-0.09,9,71.245396,False,True,1
0.51,49,71.260177,False,True,2
0.92,8,71.262454,False,True,2
2.72,28,71.270566,False,True,4
0.0,100,71.300246,False,False,6
0.54,46,71.31281,False,True,2
-2.0,100,71.341596,False,False,4
4.19,81,71.367094,False,True,6
0.78,22,71.374097,False,True,2
0.7,30,71.383485,False,True,2
0.43,57,71.399863,False,True,2
2.67,33,71.409782,False,True,4
2.59,41,71.421586,False,True,4
-2.0,100,71.451306,False,False,4
2.36,64,71.470418,False,True,4
-0.05,5,71.472598,False,True,1
1.96,4,71.473803,False,True,3
1.0,100,71.503975,False,False,7
1.65,35,71.513577,False,True,3
0.62,38,71.52544,False,True,2
-1.0,100,71.554659,False,False,5
1.47,53,71.569212,False,True,3
1.86,14,71.573602,False,True,3
1.84,16,71.578528,False,True,3
1.38,62,71.596737,False,True,3
0.78,22,71.603791,False,True,2
0.69,31,71.611994,False,True,2
-2.0,100,71.641892,False,False,4
2.3,70,71.664364,False,True,4
2.95,5,71.665799,False,True,4
1.76,24,71.673646,False,True,3
0.97,3,71.675031,False,True,2
2.57,43,71.687824,False,True,4
0.76,24,71.694903,False,True,2
1.0,100,71.724278,False,False,7
2.5,50,71.739065,False,True,4
2.36,64,71.757897,False,True,4
0.87,13,71.761452,False,True,2
3.08,92,71.787491,False,True,5
-0.03,3,71.789053,False,True,1
0.64,36,71.800758,False,True,2
0.79,21,71.807386,False,True,2
1.69,31,71.816566,False,True,3
0.68,32,71.826478,False,True,2
2.73,27,71.834596,False,True,4
2.07,93,71.859918,False,True,4
3.56,44,71.872518,False,True,5
0.0,100,71.903688,False,False,6
1.27,73,71.924547,False,True,3
0.94,6,71.927012,False,True,2
-3.0,100,71.955873,False,False,3
-3.0,100,71.988726,False,False,3
-1.0,100,72.017234,False,False,5
1.0,100,72.047621,False,False,7
0.93,7,72.050041,False,True,2
0.92,8,72.052833,False,True,2
0.81,19,72.05811,False,True,2
0.92,8,72.060866,False,True,2
1.83,17,72.066576,False,True,3
2.67,33,72.076818,False,True,4
1.71,29,72.08552,False,True,3
0.98,2,72.086504,False,True,2
0.78,22,72.092987,False,True,2
1.59,41,72.105072,False,True,3
1.48,52,72.123472,False,True,3
4.7,30,72.132659,False,True,6
2.43,57,72.14939,False,True,4
4.17,83,72.174883,False,True,6
1.45,55,72.190674,False,True,3
5.09,91,72.215262,False,True,7
1.7,30,72.224469,False,True,3
3.54,46,72.239859,False,True,5
1.85,15,72.244928,False,True,3
1.85,15,72.249794,False,True,3
-2.0,100,72.278715,False,False,4
-2.0,100,72.307997,False,False,4
0.88,12,72.311384,False,True,2
1.82,18,72.316265,False,True,3
2.65,35,72.327013,False,True,4
0.85,15,72.332306,False,True,2
1.94,6,72.333883,False,True,3
3.24,76,72.357857,False,True,5
1.67,33,72.367876,False,True,3
1.76,24,72.37524,False,True,3
0.98,2,72.375617,False,True,2
1.41,59,72.393807,False,True,3
3.34,66,72.412914,False,True,5
2.44,56,72.429827,False,True,4
0.89,11,72.433592,False,True,2
-0.05,5,72.435053,False,True,1
2.28,72,72.455,False,True,4
2.63,37,72.467016,False,True,4
-2.0,100,72.495352,False,False,4
0.66,34,72.504556,False,True,2
0.78,22,72.510966,False,True,2
-2.0,100,72.540338,False,False,4
2.87,13,72.544023,False,True,4
-2.0,100,72.571899,False,False,4
-1.0,100,72.600154,False,False,5
1.64,36,72.610585,False,True,3
-0.01,1,72.610839,False,True,1
1.64,36,72.621515,False,True,3
2.65,35,72.632082,False,True,4
0.91,9,72.634746,False,True,2
0.0,100,72.6635,False,False,6
2.48,52,72.678595,False,True,4
1.6,40,72.691452,False,True,3
2.3,70,72.714175,False,True,4
1.82,18,72.719364,False,True,3
1.38,62,72.737716,False,True,3
1.75,25,72.745614,False,True,3
2.73,27,72.754981,False,True,4
1.42,58,72.772638,False,True,3
3.1,90,72.800072,False,True,5
1.7,30,72.810338,False,True,3
3.48,52,72.826869,False,True,5
1.76,24,72.835878,False,True,3
0.64,36,72.846688,False,True,2
1.0,100,72.874706,False,False,7
1.59,41,72.886953,False,True,3
2.22,78,72.910167,False,True,4
0.46,54,72.925072,False,True,2
4.29,71,72.944396,False,True,6
2.86,14,72.948838,False,True,4
13.13,87,72.974262,True,False,9
1.86,14,72.978635,False,True,3
0.79,21,72.984637,False,True,2
1.9,10,72.988076,False,True,3
2.06,94,73.014563,False,True,4
0.97,3,73.015757,False,True,2
1.71,29,73.025412,False,True,3
1.53,47,73.041576,False,True,3
0.0,100,73.070822,False,False,6
2.46,54,73.086282,False,True,4
1.9,10,73.089746,False,True,3
2.9,10,73.092314,False,True,4
4.14,86,73.118512,False,True,6
2.81,19,73.124199,False,True,4
0.76,24,73.131539,False,True,2
0.93,7,73.133409,False,True,2
4.08,92,73.163766,False,True,6
3.54,46,73.177597,False,True,5
0.96,4,73.178828,False,True,2
2.69,31,73.188615,False,True,4
-0.03,3,73.189096,False,True,1
2.75,25,73.198127,False,True,4
4.49,51,73.21373,False,True,6
-0.01,1,73.214967,False,True,1
3.76,24,73.222257,False,True,5
-0.04,4,73.223746,False,True,1
0.92,8,73.226479,False,True,2
-1.0,100,73.25688,False,False,5
-0.04,4,73.258226,False,True,1
1.78,22,73.264521,False,True,3
1.43,57,73.280344,False,True,3
3.76,24,73.287542,False,True,5
1.93,7,73.290177,False,True,3
1.87,13,73.294408,False,True,3
3.66,34,73.304622,False,True,5
3.59,41,73.316695,False,True,5
-1.0,100,73.347366,False,False,5
4.57,43,73.360138,False,True,6
3.58,42,73.373541,False,True,5
1.78,22,73.381331,False,True,3
0.91,9,73.384563,False,True,2
0.0,100,73.414794,False,False,6
3.77,23,73.421909,False,True,5
2.79,21,73.428005,False,True,4
-0.02,2,73.429011,False,True,1
1.55,45,73.443632,False,True,3
4.14,86,73.469442,False,True,6
3.1,90,73.498357,False,True,5
2.26,74,73.52214,False,True,4
1.71,29,73.531529,False,True,3
1.77,23,73.538054,False,True,3
3.83,17,73.543765,False,True,5
0.88,12,73.547764,False,True,2
3.33,67,73.566766,False,True,5
1.85,15,73.571798,False,True,3
-0.01,1,73.572181,False,True,1
5.39,61,73.592258,False,True,7
2.87,13,73.595976,False,True,4
1.62,38,73.606584,False,True,3
2.29,71,73.628136,False,True,4
1.93,7,73.630566,False,True,3
2.68,32,73.640936,False,True,4
1.48,52,73.657399,False,True,3
3.05,95,73.694202,False,True,5
0.0,100,73.728105,False,False,6
0.76,24,73.735812,False,True,2
5.4,60,73.756627,False,True,7
2.24,76,73.782142,False,True,4
4.27,73,73.808077,False,True,6
3.9,10,73.810861,False,True,5
1.85,15,73.816225,False,True,3
4.52,48,73.833438,False,True,6
-1.0,100,73.866454,False,False,5
-0.2,20,73.873061,False,True,1
3.41,59,73.893135,False,True,5
1.77,23,73.901111,False,True,3
2.28,72,73.926324,False,True,4
-2.0,100,73.958292,False,False,4
1.63,37,73.969047,False,True,3
-1.0,100,73.998896,False,False,5
2.32,68,74.0198,False,True,4
2.2,80,74.045472,False,True,4
0.8,20,74.05189,False,True,2
6.23,77,74.077612,False,True,8
3.58,42,74.090305,False,True,5
-0.01,1,74.090581,False,True,1
-0.08,8,74.093009,False,True,1
1.41,59,74.111148,False,True,3
3.42,58,74.128026,False,True,5
6.35,65,74.146798,False,True,8
2.81,19,74.152437,False,True,4
3.33,67,74.173106,False,True,5
2.15,85,74.198391,False,True,4
2.73,27,74.206419,False,True,4
3.6,40,74.218268,False,True,5
3.4,60,74.238238,False,True,5
1.0,100,74.267168,False,False,7
2.7,30,74.275809,False,True,4
1.79,21,74.282608,False,True,3
2.81,19,74.287619,False,True,4
2.68,32,74.297286,False,True,4
-1.0,100,74.325534,False,False,5
-0.06,6,74.327775,False,True,1
0.91,9,74.330572,False,True,2
1.93,7,74.333043,False,True,3
5.15,85,74.358085,False,True,7
1.85,15,74.362794,False,True,3
5.2,80,74.387369,False,True,7
-0.01,1,74.387634,False,True,1
2.75,25,74.394586,False,True,4
0.98,2,74.395578,False,True,2
1.66,34,74.404775,False,True,3
1.74,26,74.413156,False,True,3
0.91,9,74.415772,False,True,2
2.63,37,74.426549,False,True,4
1.74,26,74.436629,False,True,3
0.8,20,74.443069,False,True,2
1.91,9,74.445791,False,True,3
-2.0,100,74.474848,False,False,4
-0.06,6,74.477268,False,True,1
0.91,9,74.479706,False,True,2
-0.01,1,74.47991,False,True,1
5.24,76,74.502713,False,True,7
5.16,84,74.528318,False,True,7
-0.01,1,74.52857,False,True,1
2.83,17,74.534524,False,True,4
3.34,66,74.553293,False,True,5
0.92,8,74.556076,False,True,2
0.64,36,74.567567,False,True,2
-1.0,100,74.597467,False,False,5
2.61,39,74.60901,False,True,4
0.9,10,74.612063,False,True,2
0.88,12,74.616435,False,True,2
0.0,100,74.64815,False,False,6
1.88,12,74.651761,False,True,3
3.59,41,74.664653,False,True,5
2.71,29,74.673536,False,True,4
1.74,26,74.681058,False,True,3
1.75,25,74.689549,False,True,3
0.0,100,74.720275,False,False,6
2.87,13,74.723773,False,True,4
2.6,40,74.734973,False,True,4
3.49,51,74.750097,False,True,5
0.91,9,74.752941,False,True,2
1.66,34,74.763676,False,True,3
0.94,6,74.766017,False,True,2
5.23,77,74.789245,False,True,7
3.86,14,74.794055,False,True,5
4.27,73,74.815448,False,True,6
-0.07,7,74.818055,False,True,1
0.9,10,74.82097,False,True,2
-0.01,1,74.821227,False,True,1
1.95,5,74.82359,False,True,3
3.76,24,74.831477,False,True,5
0.0,100,74.861523,False,False,6
0.0,100,74.890721,False,False,6
1.64,36,74.900877,False,True,3
5.34,66,74.919787,False,True,7
2.56,44,74.932389,False,True,4
3.4,60,74.950485,False,True,5
-0.03,3,74.951783,False,True,1
0.64,36,74.962673,False,True,2
-0.08,8,74.965305,False,True,1
5.22,78,74.988311,False,True,7
1.66,34,74.998293,False,True,3
3.76,24,75.005286,False,True,5
1.0,100,75.034208,False,False,7
-1.0,100,75.065342,False,False,5
-0.19,19,75.071356,False,True,1
4.34,66,75.090327,False,True,6
4.35,65,75.107743,False,True,6
4.25,75,75.131304,False,True,6
1.83,17,75.136395,False,True,3
0.61,39,75.148184,False,True,2
1.58,42,75.160968,False,True,3
2.38,62,75.178504,False,True,4
0.93,7,75.180843,False,True,2
0.82,18,75.186051,False,True,2
0.89,11,75.189822,False,True,2
1.75,25,75.197045,False,True,3
1.69,31,75.207071,False,True,3
-0.01,1,75.207319,False,True,1
-0.1,10,75.21074,False,True,1
2.91,9,75.213544,False,True,4
3.63,37,75.225585,False,True,5
2.8,20,75.231855,False,True,4
2.72,28,75.240518,False,True,4
6.66,34,75.251355,False,True,8
0.92,8,75.253802,False,True,2
2.74,26,75.261232,False,True,4
2.67,33,75.270935,False,True,4
2.8,20,75.277013,False,True,4
1.85,15,75.281043,False,True,3
3.7,30,75.290333,False,True,5
1.67,33,75.30088,False,True,3
1.51,49,75.317062,False,True,3
2.31,69,75.337692,False,True,4
-3.0,100,75.365735,False,False,3
1.81,19,75.3714,False,True,3
2.54,46,75.386061,False,True,4
1.61,39,75.397905,False,True,3
1.6,40,75.409705,False,True,3
2.89,11,75.412261,False,True,4
1.8,20,75.418332,False,True,3
0.71,29,75.428381,False,True,2
1.55,45,75.441107,False,True,3
1.0,100,75.469938,False,False,7
1.59,41,75.482667,False,True,3
2.14,86,75.509735,False,True,4
3.48,52,75.525262,False,True,5
3.09,91,75.550331,False,True,5
1.88,12,75.553982,False,True,3
0.0,100,75.583504,False,False,6
5.04,96,75.610895,False,True,7
0.73,27,75.618661,False,True,2
2.39,61,75.636375,False,True,4
-0.07,7,75.638741,False,True,1
-0.24,24,75.645941,False,True,1
-0.18,18,75.651313,False,True,1
1.97,3,75.65182,False,True,3
-0.01,1,75.65269,False,True,1
0.72,28,75.66072,False,True,2
0.75,25,75.668039,False,True,2
0.93,7,75.670771,False,True,2
1.71,29,75.679611,False,True,3
-0.01,1,75.6799,False,True,1
1.74,26,75.688499,False,True,3
0.97,3,75.689157,False,True,2
2.76,24,75.696408,False,True,4
1.78,22,75.703996,False,True,3
1.93,7,75.706491,False,True,3
1.75,25,75.714106,False,True,3
2.71,29,75.722728,False,True,4
1.0,100,75.751907,False,False,7
2.61,39,75.763195,False,True,4
1.57,43,75.776811,False,True,3
2.74,26,75.783989,False,True,4
4.04,96,75.81095,False,True,6
2.06,94,75.837173,False,True,4
2.17,83,75.861535,False,True,4
3.34,66,75.881222,False,True,5
0.82,18,75.886242,False,True,2
2.78,22,75.893174,False,True,4
0.59,41,75.905347,False,True,2
1.72,28,75.913943,False,True,3
3.37,63,75.931551,False,True,5
1.0,100,75.95939,False,False,7
2.7,30,75.967168,False,True,4
1.71,29,75.976958,False,True,3
1.92,8,75.97944,False,True,3
1.53,47,75.992177,False,True,3
-0.07,7,75.994638,False,True,1
-1.0,100,76.02471,False,False,5
0.0,100,76.053356,False,False,6
1.83,17,76.058129,False,True,3
1.85,15,76.062806,False,True,3
-1.0,100,76.091969,False,False,5
2.38,62,76.110313,False,True,4
0.89,11,76.112945,False,True,2
0.66,34,76.123301,False,True,2
1.57,43,76.137426,False,True,3
-0.01,1,76.137756,False,True,1
6.22,78,76.194502,False,True,8
1.94,6,76.197123,False,True,3
-0.05,5,76.198594,False,True,1
1.0,100,76.228811,False,False,7
0.57,43,76.241937,False,True,2
-0.02,2,76.242345,False,True,1
-0.06,6,76.244561,False,True,1
3.15,85,76.270135,False,True,5
0.9,10,76.273397,False,True,2
0.7,30,76.281954,False,True,2
0.9,10,76.285532,False,True,2
1.73,27,76.292712,False,True,3
3.14,86,76.322585,False,True,5
1.56,44,76.336065,False,True,3
1.52,48,76.350038,False,True,3
3.36,64,76.367455,False,True,5
1.71,29,76.375601,False,True,3
1.71,29,76.383759,False,True,3
2.75,25,76.391986,False,True,4
3.83,17,76.397025,False,True,5
5.02,98,76.426476,False,True,7
1.52,48,76.440494,False,True,3
4.2,80,76.464032,False,True,6
-0.09,9,76.467165,False,True,1
1.46,54,76.482219,False,True,3
2.74,26,76.490271,False,True,4
1.55,45,76.504694,False,True,3
-0.1,10,76.507449,False,True,1
1.86,14,76.512233,False,True,3
0.89,11,76.515687,False,True,2
2.49,51,76.530292,False,True,4
2.51,49,76.545107,False,True,4
2.87,13,76.548751,False,True,4
1.66,34,76.558465,False,True,3
4.19,81,76.582974,False,True,6
2.65,35,76.59254,False,True,4
2.26,74,76.614175,False,True,4
-2.0,100,76.643609,False,False,4
1.39,61,76.661722,False,True,3
2.74,26,76.670029,False,True,4
3.13,87,76.693638,False,True,5
1.86,14,76.698216,False,True,3
6.23,77,76.721152,False,True,8
1.58,42,76.733558,False,True,3
-2.0,100,76.762329,False,False,4
4.14,86,76.788169,False,True,6
4.35,65,76.80659,False,True,6
0.0,100,76.83398,False,False,6
0.93,7,76.836079,False,True,2
2.48,52,76.851136,False,True,4
2.24,76,76.873224,False,True,4
2.37,63,76.891561,False,True,4
0.81,19,76.897338,False,True,2
0.0,100,76.925775,False,False,6
2.73,27,76.933382,False,True,4
-2.0,100,76.961078,False,False,4
1.94,6,76.963171,False,True,3
-3.0,100,76.99227,False,False,3
1.4,60,77.010769,False,True,3
-0.01,1,77.011046,False,True,1
2.5,50,77.025797,False,True,4
0.46,54,77.04209,False,True,2
0.89,11,77.045559,False,True,2
1.59,41,77.05745,False,True,3
0.95,5,77.058843,False,True,2
-0.21,21,77.065651,False,True,1
1.55,45,77.079564,False,True,3
-2.0,100,77.10983,False,False,4
-1.0,100,77.13795,False,False,5
1.66,34,77.148426,False,True,3
1.66,34,77.159123,False,True,3
-0.07,7,77.161513,False,True,1
0.0,100,77.190439,False,False,6
2.17,83,77.213659,False,True,4
2.94,6,77.215927,False,True,4
-0.06,6,77.217341,False,True,1
1.41,59,77.236354,False,True,3
1.45,55,77.25399,False,True,3
1.29,71,77.27494,False,True,3
-0.17,17,77.280193,False,True,1
1.95,5,77.281649,False,True,3
-0.18,18,77.287313,False,True,1
-1.0,100,77.31775,False,False,5
3.39,61,77.334796,False,True,5
3.71,29,77.342987,False,True,5
-0.01,1,77.343335,False,True,1
1.8,20,77.349169,False,True,3
-0.03,3,77.350349,False,True,1
0.78,22,77.357431,False,True,2
-0.05,5,77.359219,False,True,1
2.7,30,77.368069,False,True,4
2.35,65,77.388407,False,True,4
0.88,12,77.391758,False,True,2
1.6,40,77.403629,False,True,3
6.07,93,77.433058,False,True,8
1.93,7,77.435471,False,True,3
2.91,9,77.437862,False,True,4
1.7,30,77.446253,False,True,3
3.76,24,77.453639,False,True,5
-0.07,7,77.456003,False,True,1
1.95,5,77.45732,False,True,3
4.05,95,77.485302,False,True,6
4.2,80,77.50929,False,True,6
-0.05,5,77.510728,False,True,1
-0.03,3,77.51201,False,True,1
1.96,4,77.51348,False,True,3
2.62,38,77.525393,False,True,4
5.02,98,77.552597,False,True,7
-0.14,14,77.556993,False,True,1
1.61,39,77.567942,False,True,3
2.72,28,77.576544,False,True,4
-0.07,7,77.578826,False,True,1
-2.0,100,77.606615,False,False,4
2.72,28,77.615288,False,True,4
1.52,48,77.629625,False,True,3
4.0,100,77.658503,False,True,6
0.76,24,77.665119,False,True,2
-0.2,20,77.671109,False,True,1
-0.03,3,77.672287,False,True,1
1.96,4,77.673722,False,True,3
0.95,5,77.675221,False,True,2
-1.0,100,77.718236,False,False,5
1.3,70,77.740151,False,True,3
1.82,18,77.745341,False,True,3
1.1,90,77.771736,False,True,3
1.2,80,77.7958,False,True,3
0.0,100,77.824629,False,False,6
1.47,53,77.839687,False,True,3
3.66,34,77.850421,False,True,5
3.52,48,77.865198,False,True,5
1.72,28,77.873552,False,True,3
-1.0,100,77.903262,False,False,5
2.42,58,77.919953,False,True,4
-1.0,100,77.949478,False,False,5
-0.09,9,77.952001,False,True,1
3.25,75,77.974191,False,True,5
2.23,77,77.996194,False,True,4
2.57,43,78.009361,False,True,4
1.68,32,78.019406,False,True,3
1.9,10,78.022076,False,True,3
-0.08,8,78.024361,False,True,1
1.52,48,78.038842,False,True,3
0.0,100,78.069593,False,False,6
2.83,17,78.075289,False,True,4
1.93,7,78.076914,False,True,3
-0.21,21,78.084151,False,True,1
3.37,63,78.10271,False,True,5
-0.01,1,78.1038,False,True,1
0.87,13,78.107624,False,True,2
1.83,17,78.112731,False,True,3
0.9,10,78.116294,False,True,2
0.9,10,78.119162,False,True,2
2.54,46,78.133552,False,True,4
1.0,100,78.164092,False,False,7
2.8,20,78.169811,False,True,4
2.25,75,78.191802,False,True,4
-1.0,100,78.220807,False,False,5
2.1,90,78.247019,False,True,4
0.85,15,78.251371,False,True,2
3.41,59,78.267389,False,True,5
-0.1,10,78.270413,False,True,1
-0.05,5,78.271903,False,True,1
2.71,29,78.280107,False,True,4
-0.11,11,78.283621,False,True,1
2.4,60,78.303006,False,True,4
0.78,22,78.310364,False,True,2
1.53,47,78.324424,False,True,3
0.5,50,78.339364,False,True,2
2.5,50,78.353479,False,True,4
-0.04,4,78.355337,False,True,1
-0.09,9,78.359012,False,True,1
0.0,100,78.389259,False,False,6
1.75,25,78.397916,False,True,3
-2.0,100,78.428784,False,False,4
-0.08,8,78.431245,False,True,1
1.51,49,78.445301,False,True,3
3.34,66,78.464315,False,True,5
4.31,69,78.487256,False,True,6
2.59,41,78.500755,False,True,4
1.95,5,78.502377,False,True,3
-0.2,20,78.508297,False,True,1
0.0,100,78.537959,False,False,6
1.94,6,78.540312,False,True,3
2.63,37,78.550684,False,True,4
0.72,28,78.559058,False,True,2
1.9,10,78.562452,False,True,3
5.33,67,78.581254,False,True,7
1.68,32,78.590383,False,True,3
-2.0,100,78.619484,False,False,4
-0.14,14,78.624456,False,True,1
-0.04,4,78.625815,False,True,1
1.0,100,78.655337,False,False,7
5.01,99,78.684442,False,True,7
0.91,9,78.686926,False,True,2
2.09,91,78.717047,False,True,4
2.83,17,78.72238,False,True,4
1.65,35,78.73316,False,True,3
1.0,100,78.763096,False,False,7
0.97,3,78.763623,False,True,2
5.08,92,78.791329,False,True,7
2.69,31,78.801932,False,True,4
1.0,100,78.833078,False,False,7
1.8,20,78.839279,False,True,3
1.53,47,78.853693,False,True,3
2.76,24,78.861013,False,True,4
2.55,45,78.875082,False,True,4
3.15,85,78.899281,False,True,5
0.0,100,78.93046,False,False,6
-0.22,22,78.937159,False,True,1
-1.0,100,78.966076,False,False,5
0.0,100,78.995123,False,False,6
0.61,39,79.006391,False,True,2
0.9,10,79.00898,False,True,2
1.74,26,79.016691,False,True,3
0.0,100,79.046401,False,False,6
1.5,50,79.061433,False,True,3
-0.01,1,79.061791,False,True,1
0.8,20,79.06802,False,True,2
1.65,35,79.079195,False,True,3
5.19,81,79.101371,False,True,7
2.62,38,79.112129,False,True,4
-1.0,100,79.143143,False,False,5
-1.0,100,79.173612,False,False,5
2.54,46,79.185885,False,True,4
0.78,22,79.19236,False,True,2
3.23,77,79.21392,False,True,5
2.8,20,79.219789,False,True,4
2.76,24,79.226996,False,True,4
0.59,41,79.238289,False,True,2
2.77,23,79.24508,False,True,4
1.55,45,79.25867,False,True,3
2.25,75,79.280765,False,True,4
2.64,36,79.292142,False,True,4
0.0,100,79.322858,False,False,6
2.56,44,79.335816,False,True,4
3.39,61,79.353223,False,True,5
-0.02,2,79.354208,False,True,1
6.07,93,79.381232,False,True,8
4.15,85,79.405836,False,True,6
1.96,4,79.407135,False,True,3
1.21,79,79.430206,False,True,3
0.91,9,79.432631,False,True,2
2.38,62,79.45133,False,True,4
-1.0,100,79.482243,False,False,5
-0.07,7,79.484622,False,True,1
0.85,15,79.488774,False,True,2
1.47,53,79.505339,False,True,3
2.22,78,79.53017,False,True,4
1.65,35,79.540348,False,True,3
1.92,8,79.542867,False,True,3
1.81,19,79.548678,False,True,3
4.33,67,79.567377,False,True,6
2.47,53,79.583076,False,True,4
-1.0,100,79.612632,False,False,5
-0.22,22,79.61899,False,True,1
4.14,86,79.644086,False,True,6
0.0,100,79.672131,False,False,6
5.1,90,79.699217,False,True,7
5.09,91,79.727228,False,True,7
3.39,61,79.744552,False,True,5
1.57,43,79.756662,False,True,3
5.05,95,79.78478,False,True,7
2.83,17,79.79003,False,True,4
1.0,100,79.819601,False,False,7
4.32,68,79.839748,False,True,6
0.69,31,79.849292,False,True,2
-0.1,10,79.85216,False,True,1
0.94,6,79.854645,False,True,2
0.83,17,79.859644,False,True,2
-0.04,4,79.861138,False,True,1
3.39,61,79.878654,False,True,5
5.01,99,79.909157,False,True,7
1.81,19,79.914943,False,True,3
2.46,54,79.930509,False,True,4
1.97,3,79.931598,False,True,3
5.05,95,79.95875,False,True,7
1.0,100,79.987,False,False,7
1.0,100,80.016098,False,False,7
2.33,67,80.034918,False,True,4
-0.1,10,80.038185,False,True,1
1.7,30,80.046496,False,True,3
-2.0,100,80.075649,False,False,4
2.4,60,80.09378,False,True,4
1.43,57,80.111449,False,True,3
3.36,64,80.130015,False,True,5
1.65,35,80.139845,False,True,3
1.85,15,80.145121,False,True,3
4.06,94,80.172383,False,True,6
-0.04,4,80.173552,False,True,1
1.63,37,80.184044,False,True,3
1.91,9,80.186319,False,True,3
2.7,30,80.195542,False,True,4
-0.08,8,80.197906,False,True,1
-0.18,18,80.202816,False,True,1
2.7,30,80.212742,False,True,4
2.36,64,80.231617,False,True,4
3.25,75,80.252219,False,True,5
-0.1,10,80.255958,False,True,1
0.84,16,80.260873,False,True,2
0.83,17,80.266098,False,True,2
-1.0,100,80.294975,False,False,5
2.43,57,80.312818,False,True,4
6.11,89,80.338711,False,True,8
1.94,6,80.340115,False,True,3
2.36,64,80.357673,False,True,4
0.55,45,80.370984,False,True,2
2.28,72,80.39218,False,True,4
-0.08,8,80.394767,False,True,1
4.07,93,80.420993,False,True,6
1.73,27,80.428042,False,True,3
0.84,16,80.433035,False,True,2
3.4,60,80.450096,False,True,5
5.08,92,80.475721,False,True,7
2.46,54,80.492717,False,True,4
0.83,17,80.497929,False,True,2
1.85,15,80.503136,False,True,3
0.0,100,80.534385,False,False,6
-0.11,11,80.537928,False,True,1
-1.0,100,80.567739,False,False,5
-0.06,6,80.569185,False,True,1
1.71,29,80.577438,False,True,3
1.82,18,80.583101,False,True,3
0.89,11,80.586498,False,True,2
3.15,85,80.611357,False,True,5
-1.0,100,80.639949,False,False,5
2.67,33,80.649366,False,True,4
0.82,18,80.655382,False,True,2
5.06,94,80.684795,False,True,7
0.0,100,80.713958,False,False,6
-0.15,15,80.718881,False,True,1
0.83,17,80.724128,False,True,2
5.18,82,80.747856,False,True,7
1.56,44,80.760445,False,True,3
-0.21,21,80.766775,False,True,1
-0.37,37,80.779112,False,True,1
3.24,76,80.801329,False,True,5
-0.06,6,80.803629,False,True,1
1.45,55,80.819506,False,True,3
0.62,38,80.830111,False,True,2
3.47,53,80.846819,False,True,5
0.86,14,80.851492,False,True,2
0.0,100,80.881541,False,False,6
4.35,65,80.899369,False,True,6
-2.0,100,80.928178,False,False,4
3.28,72,80.949401,False,True,5
0.9,10,80.952277,False,True,2
1.9,10,80.955817,False,True,3
2.31,69,80.975923,False,True,4
2.81,19,80.981695,False,True,4
0.78,22,80.98765,False,True,2
5.34,66,81.007512,False,True,7
1.0,100,81.035536,False,False,7
2.31,69,81.055931,False,True,4
3.59,41,81.068613,False,True,5
3.24,76,81.091192,False,True,5
0.97,3,81.092397,False,True,2
1.27,73,81.11218,False,True,3
1.9,10,81.115712,False,True,3
-0.04,4,81.116919,False,True,1
0.85,15,81.121541,False,True,2
0.94,6,81.12316,False,True,2
2.53,47,81.137903,False,True,4
4.31,69,81.158518,False,True,6
2.73,27,81.166799,False,True,4
1.69,31,81.175552,False,True,3
13.08,92,81.203784,True,False,9
0.9,10,81.206384,False,True,2
2.37,63,81.22429,False,True,4
4.45,55,81.239039,False,True,6
0.75,25,81.24607,False,True,2
2.95,5,81.247817,False,True,4
2.93,7,81.250331,False,True,4
1.65,35,81.261231,False,True,3
2.91,9,81.263763,False,True,4
1.93,7,81.266016,False,True,3
2.3,70,81.286472,False,True,4
3.7,30,81.295573,False,True,5
4.3,70,81.316594,False,True,6
2.43,57,81.334683,False,True,4
1.55,45,81.348393,False,True,3
0.87,13,81.351945,False,True,2
1.61,39,81.36398,False,True,3
-0.05,5,81.365576,False,True,1
2.79,21,81.371852,False,True,4
0.88,12,81.375114,False,True,2
3.28,72,81.395467,False,True,5
3.78,22,81.402475,False,True,5
3.39,61,81.420028,False,True,5
1.95,5,81.421338,False,True,3
2.85,15,81.425684,False,True,4
2.21,79,81.44855,False,True,4
1.66,34,81.457941,False,True,3
0.0,100,81.487247,False,False,6
1.0,100,81.516998,False,False,7
0.92,8,81.51953,False,True,2
1.75,25,81.526665,False,True,3
-0.01,1,81.527569,False,True,1
0.0,100,81.556598,False,False,6
4.32,68,81.575947,False,True,6
4.14,86,81.600273,False,True,6
0.8,20,81.605942,False,True,2
2.5,50,81.621041,False,True,4
2.59,41,81.632464,False,True,4
1.56,44,81.645164,False,True,3
2.85,15,81.649709,False,True,4
0.95,5,81.651194,False,True,2
1.96,4,81.65243,False,True,3
2.33,67,81.674044,False,True,4
1.85,15,81.677991,False,True,3
4.06,94,81.706106,False,True,6
0.87,13,81.710187,False,True,2
0.83,17,81.715167,False,True,2
2.83,17,81.721076,False,True,4
1.6,40,81.733727,False,True,3
1.76,24,81.74167,False,True,3
2.46,54,81.758276,False,True,4
2.94,6,81.760667,False,True,4
4.35,65,81.780069,False,True,6
2.55,45,81.792863,False,True,4
1.71,29,81.801103,False,True,3
3.62,38,81.812105,False,True,5
0.79,21,81.818187,False,True,2
2.53,47,81.832439,False,True,4
3.6,40,81.844138,False,True,5
4.13,87,81.867904,False,True,6
5.65,35,81.877293,False,True,7
0.88,12,81.881063,False,True,2
1.0,100,81.910148,False,False,7
1.77,23,81.91723,False,True,3
0.95,5,81.918743,False,True,2
-1.0,100,81.946895,False,False,5
4.71,29,81.95581,False,True,6
2.42,58,81.971967,False,True,4
5.3,70,81.992989,False,True,7
0.96,4,81.994195,False,True,2
3.54,46,82.006638,False,True,5
2.41,59,82.023169,False,True,4
2.26,74,82.044773,False,True,4
0.98,2,82.045905,False,True,2
0.9,10,82.048482,False,True,2
0.86,14,82.052944,False,True,2
-1.0,100,82.082371,False,False,5
3.8,20,82.088481,False,True,5
1.94,6,82.089912,False,True,3
13.73,27,82.097679,True,False,9
0.9,10,82.101128,False,True,2
2.95,5,82.10251,False,True,4
1.96,4,82.103761,False,True,3
1.97,3,82.104996,False,True,3
2.93,7,82.106851,False,True,4
0.78,22,82.114081,False,True,2
0.88,12,82.117954,False,True,2
0.88,12,82.121556,False,True,2
5.66,34,82.131454,False,True,7
1.7,30,82.140843,False,True,3
2.34,66,82.158979,False,True,4
5.36,64,82.176784,False,True,7
0.0,100,82.206257,False,False,6
2.51,49,82.221123,False,True,4
4.18,82,82.24534,False,True,6
1.52,48,82.259098,False,True,3
3.74,26,82.267252,False,True,5
3.25,75,82.288297,False,True,5
2.54,46,82.301849,False,True,4
1.51,49,82.314825,False,True,3
4.35,65,82.333137,False,True,6
-0.02,2,82.334207,False,True,1
1.74,26,82.341764,False,True,3
1.72,28,82.349692,False,True,3
5.11,89,82.376298,False,True,7
3.1,90,82.401952,False,True,5
1.94,6,82.404162,False,True,3
2.31,69,82.423027,False,True,4
-0.01,1,82.423401,False,True,1
1.97,3,82.424519,False,True,3
2.3,70,82.444912,False,True,4
1.61,39,82.458954,False,True,3
5.02,98,82.512176,False,True,7
1.59,41,82.538144,False,True,3
3.01,99,82.57759,False,True,5
3.32,68,82.604039,False,True,5
0.97,3,82.604749,False,True,2
1.79,21,82.614342,False,True,3
-0.07,7,82.616665,False,True,1
1.0,100,82.6517,False,False,7
0.88,12,82.656255,False,True,2
13.14,86,82.6864,True,False,9
2.77,23,82.694421,False,True,4
2.5,50,82.711947,False,True,4
6.1,90,82.744831,False,True,8
1.57,43,82.759046,False,True,3
2.93,7,82.761469,False,True,4
1.85,15,82.766654,False,True,3
0.89,11,82.770995,False,True,2
1.97,3,82.771503,False,True,3
-1.0,100,82.80511,False,False,5
2.6,40,82.818893,False,True,4
2.68,32,82.832941,False,True,4
2.52,48,82.85068,False,True,4
2.41,59,82.871782,False,True,4
1.84,16,82.877402,False,True,3
0.78,22,82.885359,False,True,2
-0.09,9,82.888207,False,True,1
2.38,62,82.907867,False,True,4
1.89,11,82.911577,False,True,3
6.18,82,82.938139,False,True,8
3.8,20,82.950145,False,True,5
3.78,22,82.960303,False,True,5
3.05,95,82.992369,False,True,5
2.53,47,83.012158,False,True,4
1.87,13,83.016741,False,True,3
1.75,25,83.024993,False,True,3
4.32,68,83.046031,False,True,6
1.88,12,83.049737,False,True,3
0.0,100,83.081091,False,False,6
2.37,63,83.104128,False,True,4
4.31,69,83.131263,False,True,6
0.9,10,83.135426,False,True,2
2.53,47,83.151894,False,True,4
2.55,45,83.168652,False,True,4
0.89,11,83.171891,False,True,2
5.23,77,83.197025,False,True,7
0.0,100,83.226699,False,False,6
1.95,5,83.228278,False,True,3
1.88,12,83.232085,False,True,3
0.96,4,83.233501,False,True,2
1.0,100,83.264849,False,False,7
1.8,20,83.271161,False,True,3
1.84,16,83.276309,False,True,3
5.41,59,83.294791,False,True,7
0.91,9,83.297832,False,True,2
3.29,71,83.320345,False,True,5
2.59,41,83.33296,False,True,4
1.77,23,83.340819,False,True,3
5.23,77,83.367281,False,True,7
4.3,70,83.394383,False,True,6
5.29,71,83.418422,False,True,7
2.47,53,83.443513,False,True,4
0.78,22,83.451806,False,True,2
0.93,7,83.456484,False,True,2
5.15,85,83.48532,False,True,7
3.4,60,83.505077,False,True,5
0.82,18,83.51118,False,True,2
5.32,68,83.542007,False,True,7
2.89,11,83.545965,False,True,4
3.53,47,83.563122,False,True,5
-0.01,1,83.563334,False,True,1
0.93,7,83.565774,False,True,2
2.87,13,83.569767,False,True,4
0.86,14,83.574794,False,True,2
2.3,70,83.597002,False,True,4
-1.0,100,83.627639,False,False,5
5.04,96,83.657706,False,True,7
0.88,12,83.661722,False,True,2
0.91,9,83.664431,False,True,2
2.78,22,83.672213,False,True,4
2.6,40,83.685372,False,True,4
3.68,32,83.695519,False,True,5
2.28,72,83.719623,False,True,4
0.65,35,83.73128,False,True,2
1.68,32,83.742904,False,True,3
2.96,4,83.744386,False,True,4
1.8,20,83.752445,False,True,3
1.75,25,83.765835,False,True,3
1.65,35,83.77817,False,True,3
4.22,78,83.804328,False,True,6
3.59,41,83.816558,False,True,5
2.69,31,83.828658,False,True,4
3.19,81,83.860533,False,True,5
2.51,49,83.880726,False,True,4
5.08,92,83.919623,False,True,7
4.11,89,83.964218,False,True,6
5.45,55,83.984312,False,True,7
2.48,52,84.004433,False,True,4
1.65,35,84.020265,False,True,3
3.41,59,84.050825,False,True,5
0.9,10,84.05716,False,True,2
2.48,52,84.102821,False,True,4
5.16,84,84.138295,False,True,7
-0.07,7,84.140205,False,True,1
2.54,46,84.156267,False,True,4
5.3,70,84.183269,False,True,7
6.12,88,84.219127,False,True,8
4.27,73,84.246703,False,True,6
3.17,83,84.275672,False,True,5
0.0,100,84.311424,False,False,6
2.64,36,84.323919,False,True,4
2.9,10,84.327644,False,True,4
5.32,68,84.355648,False,True,7
1.0,100,84.40474,False,False,7
1.59,41,84.421906,False,True,3
3.32,68,84.451236,False,True,5
0.87,13,84.455917,False,True,2
13.46,54,84.478707,True,False,9
4.18,82,84.508815,False,True,6
2.86,14,84.51362,False,True,4
3.89,11,84.517567,False,True,5
-0.05,5,84.519236,False,True,1
1.63,37,84.541208,False,True,3
-0.07,7,84.544347,False,True,1
1.63,37,84.56656,False,True,3
-2.0,100,84.602889,False,False,4
-1.0,100,84.636362,False,False,5
-1.0,100,84.672027,False,False,5
1.8,20,84.679007,False,True,3
-3.0,100,84.717766,False,False,3
2.01,99,84.760483,False,True,4
4.08,92,84.792285,False,True,6
-1.0,100,84.824426,False,False,5
0.0,100,84.856974,False,False,6
2.86,14,84.863465,False,True,4
2.54,46,84.879593,False,True,4
1.61,39,84.892182,False,True,3
2.3,70,84.915176,False,True,4
0.97,3,84.916539,False,True,2
-1.0,100,84.953481,False,False,5
6.39,61,84.973258,False,True,8
1.82,18,84.980016,False,True,3
-0.07,7,84.981957,False,True,1
1.88,12,84.98616,False,True,3
0.0,100,85.015811,False,False,6
1.93,7,85.018226,False,True,3
4.38,62,85.037323,False,True,6
1.34,66,85.056275,False,True,3
-0.01,1,85.056517,False,True,1
2.07,93,85.084636,False,True,4
4.23,77,85.105964,False,True,6
3.48,52,85.121205,False,True,5
0.75,25,85.128305,False,True,2
0.67,33,85.137938,False,True,2
0.9,10,85.141594,False,True,2
1.45,55,85.161268,False,True,3
0.98,2,85.161706,False,True,2
-0.04,4,85.163233,False,True,1
-2.0,100,85.194409,False,False,4
3.9,10,85.197829,False,True,5
3.47,53,85.213027,False,True,5
2.95,5,85.214606,False,True,4
1.4,60,85.234316,False,True,3
0.96,4,85.235713,False,True,2
0.9,10,85.239275,False,True,2
-0.12,12,85.242974,False,True,1
0.7,30,85.253416,False,True,2
1.97,3,85.254675,False,True,3
6.0,100,85.285012,False,True,8
4.4,60,85.304183,False,True,6
2.27,73,85.325176,False,True,4
2.69,31,85.334256,False,True,4
3.54,46,85.346395,False,True,5
5.48,52,85.36268,False,True,7
1.54,46,85.376654,False,True,3
-0.04,4,85.377878,False,True,1
1.43,57,85.393563,False,True,3
5.07,93,85.423685,False,True,7
2.17,83,85.448379,False,True,4
5.23,77,85.470042,False,True,7
0.95,5,85.472097,False,True,2
3.45,55,85.48949,False,True,5
5.07,93,85.521917,False,True,7
4.15,85,85.547215,False,True,6
3.64,36,85.558689,False,True,5
3.24,76,85.583498,False,True,5
2.18,82,85.607012,False,True,4
4.19,81,85.631074,False,True,6
-0.01,1,85.631337,False,True,1
0.89,11,85.634727,False,True,2
-0.08,8,85.636968,False,True,1
0.97,3,85.637312,False,True,2
-0.01,1,85.638165,False,True,1
1.88,12,85.641993,False,True,3
-0.05,5,85.643362,False,True,1
2.5,50,85.657933,False,True,4
-0.12,12,85.662067,False,True,1
2.58,42,85.67577,False,True,4
0.91,9,85.678384,False,True,2
3.72,28,85.686481,False,True,5
0.0,100,85.716416,False,False,6
0.91,9,85.718942,False,True,2
4.0,100,85.748135,False,True,6
1.0,100,85.776304,False,False,7
0.79,21,85.783596,False,True,2
-0.07,7,85.785388,False,True,1
-1.0,100,85.817743,False,False,5
3.51,49,85.832148,False,True,5
2.04,96,85.860208,False,True,4
4.09,91,85.887867,False,True,6
1.77,23,85.896977,False,True,3
3.19,81,85.922371,False,True,5
2.15,85,85.947522,False,True,4
5.17,83,85.972997,False,True,7
3.2,80,85.997379,False,True,5
4.17,83,86.022079,False,True,6
0.87,13,86.025782,False,True,2
3.33,67,86.046554,False,True,5
0.89,11,86.050749,False,True,2
2.66,34,86.062595,False,True,4
-0.1,10,86.066812,False,True,1
1.78,22,86.073905,False,True,3
3.04,96,86.10348,False,True,5
1.34,66,86.123057,False,True,3
-0.08,8,86.125733,False,True,1
-0.05,5,86.127372,False,True,1
1.57,43,86.140682,False,True,3
2.45,55,86.1573,False,True,4
0.83,17,86.162402,False,True,2
2.7,30,86.171861,False,True,4
-0.04,4,86.173286,False,True,1
2.12,88,86.201242,False,True,4
1.7,30,86.210439,False,True,3
0.97,3,86.21172,False,True,2
4.02,98,86.240611,False,True,6
1.78,22,86.247298,False,True,3
1.92,8,86.249711,False,True,3
1.78,22,86.255602,False,True,3
0.88,12,86.259126,False,True,2
5.07,93,86.286087,False,True,7
4.39,61,86.305947,False,True,6
2.41,59,86.323675,False,True,4
-0.03,3,86.324746,False,True,1
2.48,52,86.33942,False,True,4
5.75,25,86.346391,False,True,7
1.76,24,86.353733,False,True,3
0.91,9,86.357193,False,True,2
0.89,11,86.360051,False,True,2
1.78,22,86.366793,False,True,3
2.77,23,86.374056,False,True,4
-1.0,100,86.406136,False,False,5
0.91,9,86.408721,False,True,2
6.3,70,86.431079,False,True,8
1.48,52,86.446809,False,True,3
5.28,72,86.467034,False,True,7
2.74,26,86.474691,False,True,4
2.48,52,86.490009,False,True,4
1.65,35,86.50131,False,True,3
5.14,86,86.525955,False,True,7
3.17,83,86.548966,False,True,5
1.45,55,86.564853,False,True,3
3.2,80,86.590416,False,True,5
2.07,93,86.616652,False,True,4
1.0,100,86.647034,False,False,7
5.32,68,86.668577,False,True,7
3.82,18,86.674115,False,True,5
2.41,59,86.692523,False,True,4
13.15,85,86.717192,True,False,9
1.8,20,86.722869,False,True,3
-0.1,10,86.7264,False,True,1
-0.01,1,86.726615,False,True,1
-0.08,8,86.729083,False,True,1
2.7,30,86.739023,False,True,4
1.74,26,86.746653,False,True,3
2.61,39,86.760347,False,True,4
6.11,89,86.788579,False,True,8
5.03,97,86.818025,False,True,7
2.41,59,86.837721,False,True,4
3.6,40,86.850884,False,True,5
1.93,7,86.853422,False,True,3
1.0,100,86.88477,False,False,7
3.6,40,86.89735,False,True,5
1.93,7,86.899832,False,True,3
-0.05,5,86.90136,False,True,1
1.89,11,86.904886,False,True,3
5.21,79,86.928232,False,True,7
1.74,26,86.936221,False,True,3
2.87,13,86.939931,False,True,4
3.53,47,86.953117,False,True,5
6.17,83,86.97768,False,True,8
2.59,41,86.989851,False,True,4
-1.0,100,87.01837,False,False,5
4.02,98,87.045635,False,True,6
2.49,51,87.061086,False,True,4
1.54,46,87.07384,False,True,3
5.19,81,87.096742,False,True,7
0.93,7,87.099142,False,True,2
1.51,49,87.113596,False,True,3
1.67,33,87.125494,False,True,3
-1.0,100,87.155035,False,False,5
2.78,22,87.161951,False,True,4
-2.0,100,87.208609,False,False,4
3.63,37,87.221056,False,True,5
0.81,19,87.227513,False,True,2
-0.04,4,87.228896,False,True,1
2.49,51,87.244589,False,True,4
-1.0,100,87.273579,False,False,5
0.72,28,87.2819,False,True,2
2.86,14,87.286441,False,True,4
2.75,25,87.294409,False,True,4
1.31,69,87.316608,False,True,3
0.83,17,87.322342,False,True,2
1.8,20,87.327889,False,True,3
3.84,16,87.333227,False,True,5
1.64,36,87.344787,False,True,3
3.68,32,87.354711,False,True,5
6.22,78,87.379902,False,True,8
3.86,14,87.384575,False,True,5
2.52,48,87.399003,False,True,4
1.76,24,87.40612,False,True,3
1.88,12,87.409644,False,True,3
1.78,22,87.416016,False,True,3
2.52,48,87.431452,False,True,4
-0.08,8,87.434485,False,True,1
1.96,4,87.436014,False,True,3
0.0,100,87.466862,False,False,6
3.32,68,87.486967,False,True,5
5.34,66,87.504959,False,True,7
0.0,100,87.537258,False,False,6
2.75,25,87.545498,False,True,4
13.7,30,87.554527,True,False,9
0.85,15,87.55946,False,True,2
2.84,16,87.56457,False,True,4
-0.31,31,87.575057,False,True,1
6.17,83,87.603131,False,True,8
1.55,45,87.617014,False,True,3
3.49,51,87.631487,False,True,5
0.89,11,87.634528,False,True,2
3.61,39,87.646829,False,True,5
0.0,100,87.676231,False,False,6
2.38,62,87.694593,False,True,4
2.83,17,87.700026,False,True,4
1.74,26,87.709447,False,True,3
1.85,15,87.714672,False,True,3
2.58,42,87.72791,False,True,4
0.0,100,87.758534,False,False,6
-2.0,100,87.791503,False,False,4
2.77,23,87.798005,False,True,4
0.95,5,87.800275,False,True,2
1.85,15,87.804412,False,True,3
0.0,100,87.834796,False,False,6
3.41,59,87.854884,False,True,5
0.97,3,87.856076,False,True,2
1.8,20,87.862216,False,True,3
0.87,13,87.86637,False,True,2
6.18,82,87.891297,False,True,8
-0.01,1,87.891496,False,True,1
1.85,15,87.896305,False,True,3
0.77,23,87.902756,False,True,2
-0.01,1,87.903829,False,True,1
1.52,48,87.919681,False,True,3
5.36,64,87.939337,False,True,7
5.29,71,87.962585,False,True,7
3.42,58,87.979918,False,True,5
1.83,17,87.984802,False,True,3
2.86,14,87.989246,False,True,4
4.37,63,88.007654,False,True,6
0.79,21,88.016164,False,True,2
2.35,65,88.036064,False,True,4
3.8,20,88.042286,False,True,5
3.81,19,88.048468,False,True,5
4.51,49,88.063299,False,True,6
5.5,50,88.079954,False,True,7
2.87,13,88.086107,False,True,4
1.84,16,88.095086,False,True,3
-0.03,3,88.095755,False,True,1
1.92,8,88.099124,False,True,3
-0.04,4,88.100723,False,True,1
5.83,17,88.110361,False,True,7
2.8,20,88.117563,False,True,4
-0.01,1,88.118208,False,True,1
1.82,18,88.124908,False,True,3
1.85,15,88.133334,False,True,3
0.97,3,88.135665,False,True,2
2.76,24,88.144227,False,True,4
0.95,5,88.149544,False,True,2
-0.01,1,88.150408,False,True,1
-0.01,1,88.157369,False,True,1
4.11,89,88.191942,False,True,6
2.4,60,88.210297,False,True,4
6.19,81,88.235884,False,True,8
2.57,43,88.248825,False,True,4
0.0,100,88.280241,False,False,6
0.78,22,88.286569,False,True,2
3.54,46,88.301641,False,True,5
3.85,15,88.306291,False,True,5
5.18,82,88.33064,False,True,7
2.55,45,88.344862,False,True,4
2.62,38,88.357182,False,True,4
0.91,9,88.359705,False,True,2
0.55,45,88.372845,False,True,2
1.76,24,88.380179,False,True,3
-0.09,9,88.384064,False,True,1
-0.01,1,88.384395,False,True,1
1.87,13,88.389773,False,True,3
5.21,79,88.415236,False,True,7
5.05,95,88.442775,False,True,7
3.32,68,88.462119,False,True,5
2.7,30,88.471349,False,True,4
1.68,32,88.481703,False,True,3
1.87,13,88.485669,False,True,3
-0.07,7,88.488266,False,True,1
-0.1,10,88.491492,False,True,1
-0.06,6,88.493091,False,True,1
1.94,6,88.495124,False,True,3
4.29,71,88.516413,False,True,6
2.29,71,88.539604,False,True,4
4.32,68,88.560099,False,True,6
-0.08,8,88.562686,False,True,1
1.78,22,88.56981,False,True,3
2.55,45,88.582499,False,True,4
0.92,8,88.584897,False,True,2
1.63,37,88.595787,False,True,3
2.58,42,88.608601,False,True,4
2.47,53,88.625023,False,True,4
2.77,23,88.632545,False,True,4
3.42,58,88.651378,False,True,5
1.82,18,88.659402,False,True,3
1.48,52,88.67536,False,True,3
0.93,7,88.677257,False,True,2
0.88,12,88.680995,False,True,2
-1.0,100,88.710105,False,False,5
-1.0,100,88.74171,False,False,5
0.91,9,88.745239,False,True,2
3.41,59,88.762834,False,True,5
2.87,13,88.767561,False,True,4
2.62,38,88.778374,False,True,4
2.76,24,88.786861,False,True,4
1.83,17,88.792181,False,True,3
2.35,65,88.812093,False,True,4
-0.06,6,88.813925,False,True,1
2.23,77,88.839986,False,True,4
1.75,25,88.848593,False,True,3
3.35,65,88.866835,False,True,5
1.86,14,88.87049,False,True,3
0.93,7,88.872908,False,True,2
-0.06,6,88.875295,False,True,1
4.44,56,88.894056,False,True,6
1.77,23,88.90136,False,True,3
1.88,12,88.905434,False,True,3
13.33,67,88.927553,True,False,9
5.38,62,88.946932,False,True,7
3.6,40,88.958704,False,True,5
1.93,7,88.960538,False,True,3
1.75,25,88.969772,False,True,3
0.89,11,88.972751,False,True,2
4.26,74,88.997584,False,True,6
2.71,29,89.006386,False,True,4
5.0,100,89.036446,False,True,7
2.45,55,89.054216,False,True,4
0.93,7,89.057021,False,True,2
0.96,4,89.058682,False,True,2
2.72,28,89.068593,False,True,4
0.98,2,89.068963,False,True,2
0.97,3,89.0703,False,True,2
5.11,89,89.098634,False,True,7
0.79,21,89.10455,False,True,2
1.79,21,89.111368,False,True,3
2.14,86,89.139889,False,True,4
0.92,8,89.143568,False,True,2
0.94,6,89.146148,False,True,2
0.92,8,89.149058,False,True,2
-0.04,4,89.150746,False,True,1
5.65,35,89.163734,False,True,7
3.95,5,89.166467,False,True,5
5.45,55,89.187575,False,True,7
1.84,16,89.193036,False,True,3
2.49,51,89.224948,False,True,4
0.89,11,89.232237,False,True,2
0.91,9,89.235706,False,True,2
4.06,94,89.286329,False,True,6
1.77,23,89.293943,False,True,3
-1.0,100,89.327618,False,False,5
-0.07,7,89.330275,False,True,1
1.0,100,89.365176,False,False,7
1.59,41,89.382096,False,True,3
1.59,41,89.396763,False,True,3
0.94,6,89.398469,False,True,2
1.88,12,89.402478,False,True,3
3.46,54,89.422255,False,True,5
-0.05,5,89.423719,False,True,1
-0.09,9,89.426627,False,True,1
2.95,5,89.42816,False,True,4
1.0,100,89.463426,False,False,7
1.77,23,89.474085,False,True,3
2.66,34,89.486355,False,True,4
1.0,100,89.51976,False,False,7
4.25,75,89.545128,False,True,6
2.45,55,89.567166,False,True,4
2.55,45,89.603559,False,True,4
0.91,9,89.60902,False,True,2
1.6,40,89.651087,False,True,3
0.78,22,89.661422,False,True,2
-0.06,6,89.664653,False,True,1
0.94,6,89.66774,False,True,2
2.15,85,89.725166,False,True,4
2.71,29,89.751436,False,True,4
3.26,74,89.800925,False,True,5
-2.0,100,89.847795,False,False,4
1.87,13,89.852597,False,True,3
0.92,8,89.857239,False,True,2
3.57,43,89.879359,False,True,5
2.87,13,89.885867,False,True,4
-0.05,5,89.891355,False,True,1
-0.04,4,89.895121,False,True,1
1.36,64,89.922105,False,True,3
-0.02,2,89.92271,False,True,1
2.82,18,89.930616,False,True,4
-0.01,1,89.930943,False,True,1
1.0,100,89.974692,False,False,7
2.68,32,89.98597,False,True,4
1.29,71,90.01257,False,True,3
4.43,57,90.032647,False,True,6
2.65,35,90.044774,False,True,4
-0.03,3,90.045455,False,True,1
-0.11,11,90.050276,False,True,1
1.87,13,90.055889,False,True,3
4.24,76,90.084245,False,True,6
3.31,69,90.107523,False,True,5
1.7,30,90.117417,False,True,3
3.78,22,90.125749,False,True,5
1.93,7,90.127745,False,True,3
-1.0,100,90.160311,False,False,5
0.91,9,90.164295,False,True,2
-0.08,8,90.16735,False,True,1
2.61,39,90.180995,False,True,4
-0.01,1,90.182323,False,True,1
1.94,6,90.185164,False,True,3
2.76,24,90.197001,False,True,4
0.74,26,90.207278,False,True,2
2.24,76,90.238207,False,True,4
0.88,12,90.24462,False,True,2
1.96,4,90.24724,False,True,3
4.54,46,90.264174,False,True,6
1.87,13,90.268554,False,True,3
3.49,51,90.289377,False,True,5
1.85,15,90.294934,False,True,3
4.36,64,90.316275,False,True,6
0.98,2,90.316632,False,True,2
0.93,7,90.319696,False,True,2
13.14,86,90.356467,True,False,9
0.94,6,90.358363,False,True,2
1.78,22,90.368135,False,True,3
1.87,13,90.374712,False,True,3
1.84,16,90.380716,False,True,3
3.79,21,90.388145,False,True,5
0.93,7,90.391136,False,True,2
4.3,70,90.417652,False,True,6
-0.09,9,90.421867,False,True,1
0.97,3,90.422481,False,True,2
4.26,74,90.449978,False,True,6
2.39,61,90.47139,False,True,4
1.78,22,90.481988,False,True,3
3.63,37,90.495509,False,True,5
4.74,26,90.504023,False,True,6
3.31,69,90.529698,False,True,5
-0.02,2,90.530096,False,True,1
1.71,29,90.540679,False,True,3
5.16,84,90.574827,False,True,7
1.71,29,90.588427,False,True,3
1.67,33,90.599979,False,True,3
1.0,100,90.639846,False,False,7
-0.03,3,90.641509,False,True,1
0.9,10,90.644689,False,True,2
2.49,51,90.66626,False,True,4
-0.04,4,90.668267,False,True,1
2.84,16,90.676338,False,True,4
4.25,75,90.712807,False,True,6
-0.09,9,90.716213,False,True,1
1.66,34,90.729105,False,True,3
4.02,98,90.769512,False,True,6
3.46,54,90.79355,False,True,5
2.06,94,90.832015,False,True,4
2.95,5,90.833906,False,True,4
2.36,64,90.858933,False,True,4
0.97,3,90.860331,False,True,2
4.37,63,90.884091,False,True,6
1.75,25,90.894048,False,True,3
0.73,27,90.908055,False,True,2
2.82,18,90.928035,False,True,4
1.72,28,90.942452,False,True,3
-0.08,8,90.946929,False,True,1
0.66,34,90.96242,False,True,2
3.45,55,90.983385,False,True,5
3.09,91,91.015484,False,True,5
0.79,21,91.022668,False,True,2
2.81,19,91.029211,False,True,4
1.54,46,91.048043,False,True,3
-1.0,100,91.086542,False,False,5
2.76,24,91.095304,False,True,4
0.0,100,91.132573,False,False,6
-0.01,1,91.132976,False,True,1
-1.0,100,91.168042,False,False,5
1.88,12,91.171914,False,True,3
-0.02,2,91.172189,False,True,1
2.91,9,91.175851,False,True,4
-2.0,100,91.207902,False,False,4
5.33,67,91.2291,False,True,7
2.12,88,91.256165,False,True,4
6.86,14,91.261115,False,True,8
1.49,51,91.277934,False,True,3
2.69,31,91.287219,False,True,4
0.98,2,91.288495,False,True,2
0.96,4,91.28993,False,True,2
1.63,37,91.308131,False,True,3
5.0,100,91.342057,False,True,7
2.85,15,91.346942,False,True,4
5.14,86,91.373706,False,True,7
2.94,6,91.375926,False,True,4
-0.03,3,91.377026,False,True,1
2.71,29,91.384999,False,True,4
0.0,100,91.433789,False,False,6
2.86,14,91.438264,False,True,4
0.0,100,91.470532,False,False,6
1.55,45,91.485461,False,True,3
-0.06,6,91.487064,False,True,1
0.89,11,91.491039,False,True,2
1.88,12,91.495083,False,True,3
5.15,85,91.522351,False,True,7
2.45,55,91.539641,False,True,4
2.78,22,91.546448,False,True,4
2.91,9,91.549747,False,True,4
2.36,64,91.568465,False,True,4
3.65,35,91.580711,False,True,5
3.77,23,91.588225,False,True,5
0.94,6,91.590897,False,True,2
3.39,61,91.611169,False,True,5
1.87,13,91.615466,False,True,3
3.59,41,91.629974,False,True,5
0.98,2,91.631093,False,True,2
1.0,100,91.661096,False,False,7
0.97,3,91.662477,False,True,2
0.8,20,91.668402,False,True,2
0.91,9,91.671289,False,True,2
0.92,8,91.673623,False,True,2
0.0,100,91.705497,False,False,6
3.41,59,91.723142,False,True,5
1.95,5,91.724545,False,True,3
2.77,23,91.731715,False,True,4
4.62,38,91.743154,False,True,6
1.62,38,91.75473,False,True,3
2.66,34,91.764363,False,True,4
-1.0,100,91.792907,False,False,5
13.23,77,91.817981,True,False,9
3.71,29,91.829056,False,True,5
0.0,100,91.860728,False,False,6
0.94,6,91.862375,False,True,2
1.77,23,91.869549,False,True,3
1.87,13,91.873386,False,True,3
0.9,10,91.877005,False,True,2
2.79,21,91.883267,False,True,4
5.24,76,91.905947,False,True,7
13.22,78,91.928373,True,False,9
2.88,12,91.932133,False,True,4
1.88,12,91.935896,False,True,3
3.85,15,91.941002,False,True,5
1.75,25,91.948762,False,True,3
1.89,11,91.952414,False,True,3
1.86,14,91.956937,False,True,3
2.88,12,91.960601,False,True,4
1.86,14,91.964308,False,True,3
5.03,97,91.993737,False,True,7
-0.07,7,91.996298,False,True,1
0.97,3,91.99767,False,True,2
-0.07,7,91.999827,False,True,1
0.97,3,92.000196,False,True,2
4.2,80,92.027216,False,True,6
3.86,14,92.032065,False,True,5
3.5,50,92.047299,False,True,5
-0.02,2,92.048485,False,True,1
-0.01,1,92.048695,False,True,1
2.55,45,92.062168,False,True,4
4.39,61,92.081034,False,True,6
0.88,12,92.08444,False,True,2
1.8,20,92.090018,False,True,3
1.88,12,92.093763,False,True,3
-2.0,100,92.124599,False,False,4
2.25,75,92.145907,False,True,4
2.74,26,92.153996,False,True,4
1.91,9,92.156656,False,True,3
0.94,6,92.158805,False,True,2
1.93,7,92.16058,False,True,3
0.98,2,92.161724,False,True,2
1.88,12,92.16533,False,True,3
1.92,8,92.167979,False,True,3
1.89,11,92.171414,False,True,3
0.95,5,92.172759,False,True,2
2.94,6,92.174211,False,True,4
1.89,11,92.178053,False,True,3
2.86,14,92.182625,False,True,4
4.89,11,92.185693,False,True,6
1.86,14,92.190498,False,True,3
2.73,27,92.199019,False,True,4
2.35,65,92.218596,False,True,4
1.97,3,92.219793,False,True,3
2.74,26,92.226906,False,True,4
0.86,14,92.231384,False,True,2
-0.01,1,92.23166,False,True,1
0.95,5,92.233088,False,True,2
5.01,99,92.262945,False,True,7
-1.0,100,92.295101,False,False,5
-2.0,100,92.326913,False,False,4
5.28,72,92.348679,False,True,7
0.93,7,92.351241,False,True,2
1.89,11,92.354621,False,True,3
2.85,15,92.383384,False,True,4
1.79,21,92.398646,False,True,3
-0.02,2,92.400366,False,True,1
2.54,46,92.473656,False,True,4
6.32,68,92.49804,False,True,8
2.21,79,92.526928,False,True,4
-0.04,4,92.529186,False,True,1
2.55,45,92.552845,False,True,4
0.98,2,92.554381,False,True,2
2.66,34,92.570553,False,True,4
1.7,30,92.582443,False,True,3
0.93,7,92.5857,False,True,2
-2.0,100,92.634658,False,False,4
-0.05,5,92.636846,False,True,1
0.93,7,92.640521,False,True,2
2.85,15,92.646873,False,True,4
3.35,65,92.684264,False,True,5
3.7,30,92.698844,False,True,5
1.88,12,92.704169,False,True,3
-1.0,100,92.751988,False,False,5
3.59,41,92.773745,False,True,5
2.66,34,92.794403,False,True,4
1.75,25,92.835106,False,True,3
0.0,100,92.911373,False,False,6
5.64,36,92.925636,False,True,7
1.79,21,92.935377,False,True,3
3.78,22,92.948573,False,True,5
3.02,98,92.989101,False,True,5
0.9,10,92.993115,False,True,2
1.81,19,92.999833,False,True,3
1.84,16,93.006843,False,True,3
5.19,81,93.038617,False,True,7
2.87,13,93.044014,False,True,4
5.41,59,93.066735,False,True,7
1.79,21,93.07469,False,True,3
3.64,36,93.087071,False,True,5
1.7,30,93.106959,False,True,3
3.52,48,93.155627,False,True,5
1.7,30,93.195929,False,True,3
1.73,27,93.207167,False,True,3
5.4,60,93.227035,False,True,7
5.2,80,93.263327,False,True,7
5.09,91,93.296155,False,True,7
0.98,2,93.296568,False,True,2
2.95,5,93.298107,False,True,4
1.84,16,93.303128,False,True,3
-0.03,3,93.304837,False,True,1
3.52,48,93.321912,False,True,5
3.43,57,93.341171,False,True,5
6.14,86,93.375666,False,True,8
6.11,89,93.406746,False,True,8
1.88,12,93.411302,False,True,3
5.19,81,93.437975,False,True,7
5.12,88,93.465384,False,True,7
5.02,98,93.49679,False,True,7
1.89,11,93.500841,False,True,3
1.71,29,93.509763,False,True,3
5.09,91,93.537152,False,True,7
3.34,66,93.558993,False,True,5
-0.02,2,93.560082,False,True,1
2.65,35,93.57066,False,True,4
0.89,11,93.574372,False,True,2
6.02,98,93.606193,False,True,8
2.57,43,93.619615,False,True,4
3.77,23,93.627401,False,True,5
3.33,67,93.647644,False,True,5
4.16,84,93.675225,False,True,6
1.78,22,93.681973,False,True,3
1.93,7,93.684359,False,True,3
-1.0,100,93.716096,False,False,5
1.78,22,93.724424,False,True,3
1.84,16,93.729766,False,True,3
5.14,86,93.75679,False,True,7
1.9,10,93.760555,False,True,3
2.66,34,93.771732,False,True,4
-1.0,100,93.802536,False,False,5
1.59,41,93.814493,False,True,3
3.65,35,93.824775,False,True,5
-1.0,100,93.855128,False,False,5
1.85,15,93.86,False,True,3
6.19,81,93.884182,False,True,8
0.92,8,93.886909,False,True,2
-2.0,100,93.918938,False,False,4
1.57,43,93.93375,False,True,3
6.15,85,93.959687,False,True,8
2.19,81,93.983315,False,True,4
1.87,13,93.987956,False,True,3
2.61,39,94.002269,False,True,4
1.86,14,94.007729,False,True,3
3.41,59,94.028103,False,True,5
1.52,48,94.044381,False,True,3
0.93,7,94.046123,False,True,2
4.27,73,94.070204,False,True,6
0.91,9,94.073018,False,True,2
0.0,100,94.105715,False,False,6
2.77,23,94.113118,False,True,4
1.88,12,94.116697,False,True,3
1.58,42,94.129083,False,True,3
2.57,43,94.142763,False,True,4
2.31,69,94.163642,False,True,4
6.02,98,94.194129,False,True,8
0.86,14,94.198458,False,True,2
1.63,37,94.210211,False,True,3
0.52,48,94.224299,False,True,2
1.87,13,94.228781,False,True,3
3.54,46,94.241457,False,True,5
2.72,28,94.249665,False,True,4
0.73,27,94.25964,False,True,2
1.78,22,94.266324,False,True,3
2.59,41,94.279129,False,True,4
1.88,12,94.282685,False,True,3
-0.04,4,94.284004,False,True,1
1.87,13,94.288276,False,True,3
1.84,16,94.293451,False,True,3
3.34,66,94.313362,False,True,5
1.88,12,94.31715,False,True,3
0.97,3,94.318322,False,True,2
1.76,24,94.325359,False,True,3
2.95,5,94.326878,False,True,4
4.25,75,94.349446,False,True,6
2.41,59,94.367065,False,True,4
0.0,100,94.395188,False,False,6
1.34,66,94.41521,False,True,3
0.6,40,94.427056,False,True,2
0.9,10,94.430549,False,True,2
1.68,32,94.439643,False,True,3
2.51,49,94.453827,False,True,4
3.13,87,94.479925,False,True,5
-0.07,7,94.482459,False,True,1
0.0,100,94.511982,False,False,6
2.4,60,94.530956,False,True,4
1.29,71,94.550167,False,True,3
3.52,48,94.563833,False,True,5
0.77,23,94.57084,False,True,2
1.47,53,94.586542,False,True,3
-0.32,32,94.596025,False,True,1
1.5,50,94.61098,False,True,3
1.8,20,94.616993,False,True,3
0.82,18,94.621645,False,True,2
-3.0,100,94.651885,False,False,3
-2.0,100,94.680777,False,False,4
0.76,24,94.694258,False,True,2
-0.23,23,94.701183,False,True,1
2.02,98,94.731814,False,True,4
1.9,10,94.734625,False,True,3
1.64,36,94.744478,False,True,3
2.52,48,94.758929,False,True,4
5.07,93,94.786406,False,True,7
0.89,11,94.790221,False,True,2
0.89,11,94.7937,False,True,2
2.63,37,94.804403,False,True,4
3.41,59,94.821858,False,True,5
3.59,41,94.833306,False,True,5
0.0,100,94.862716,False,False,6
-3.0,100,94.895483,False,False,3
0.75,25,94.902464,False,True,2
2.6,40,94.913595,False,True,4
5.09,91,94.940534,False,True,7
0.89,11,94.94432,False,True,2
0.98,2,94.94457,False,True,2
-0.09,9,94.947755,False,True,1
13.18,82,94.971878,True,False,9
3.69,31,94.981779,False,True,5
0.81,19,94.987997,False,True,2
2.12,88,95.013341,False,True,4
-1.0,100,95.043522,False,False,5
3.39,61,95.062056,False,True,5
2.85,15,95.066757,False,True,4
-4.0,100,95.095674,False,False,2
-0.02,2,95.096019,False,True,1
2.57,43,95.108935,False,True,4
-1.0,100,95.137355,False,False,5
3.02,98,95.164292,False,True,5
3.22,78,95.186533,False,True,5
3.28,72,95.207742,False,True,5
1.0,100,95.235327,False,False,7
0.81,19,95.240795,False,True,2
1.0,100,95.268907,False,False,7
3.51,49,95.282719,False,True,5
2.26,74,95.303688,False,True,4
-1.0,100,95.333308,False,False,5
0.0,100,95.36363,False,False,6
-2.0,100,95.394197,False,False,4
4.32,68,95.415757,False,True,6
2.75,25,95.423842,False,True,4
4.41,59,95.43981,False,True,6
2.81,19,95.445846,False,True,4
3.53,47,95.460085,False,True,5
4.57,43,95.47279,False,True,6
5.47,53,95.487505,False,True,7
0.0,100,95.518422,False,False,6
0.84,16,95.523447,False,True,2
0.46,54,95.538371,False,True,2
-0.11,11,95.541882,False,True,1
4.26,74,95.564017,False,True,6
1.48,52,95.579129,False,True,3
0.95,5,95.58052,False,True,2
-0.26,26,95.587257,False,True,1
-2.0,100,95.617287,False,False,4
0.78,22,95.62429,False,True,2
0.71,29,95.632817,False,True,2
0.77,23,95.63926,False,True,2
-0.03,3,95.640547,False,True,1
-1.0,100,95.669319,False,False,5
2.28,72,95.689446,False,True,4
0.87,13,95.693225,False,True,2
2.56,44,95.706307,False,True,4
-4.0,100,95.735304,False,False,2
-2.0,100,95.762825,False,False,4
3.27,73,95.7846,False,True,5
1.89,11,95.78847,False,True,3
1.62,38,95.800234,False,True,3
-1.0,100,95.83236,False,False,5
2.96,4,95.833859,False,True,4
-0.49,49,95.850099,False,True,1
1.88,12,95.854259,False,True,3
4.51,49,95.869398,False,True,6
3.25,75,95.891695,False,True,5
0.85,15,95.895824,False,True,2
0.64,36,95.906615,False,True,2
-1.0,100,95.935692,False,False,5
3.46,54,95.951324,False,True,5
2.59,41,95.963437,False,True,4
-0.03,3,95.964612,False,True,1
2.46,54,95.98009,False,True,4
3.03,97,96.008019,False,True,5
-0.05,5,96.009583,False,True,1
2.42,58,96.026084,False,True,4
2.77,23,96.03292,False,True,4
2.7,30,96.041605,False,True,4
3.41,59,96.058672,False,True,5
1.56,44,96.07103,False,True,3
0.0,100,96.099575,False,False,6
2.19,81,96.122806,False,True,4
0.79,21,96.128852,False,True,2
0.69,31,96.138349,False,True,2
1.83,17,96.143432,False,True,3
3.33,67,96.162359,False,True,5
0.92,8,96.164799,False,True,2
2.45,55,96.180683,False,True,4
0.95,5,96.182612,False,True,2
2.57,43,96.194326,False,True,4
0.87,13,96.198704,False,True,2
2.72,28,96.206974,False,True,4
3.67,33,96.216807,False,True,5
5.08,92,96.242262,False,True,7
0.95,5,96.243806,False,True,2
5.42,58,96.270936,False,True,7
1.73,27,96.279988,False,True,3
0.7,30,96.289478,False,True,2
3.57,43,96.302234,False,True,5
-0.19,19,96.307605,False,True,1
2.73,27,96.315554,False,True,4
-1.0,100,96.343812,False,False,5
3.49,51,96.359887,False,True,5
0.44,56,96.376068,False,True,2
2.4,60,96.393054,False,True,4
0.0,100,96.421567,False,False,6
0.94,6,96.423129,False,True,2
4.68,32,96.432844,False,True,6
-0.03,3,96.434032,False,True,1
1.84,16,96.438805,False,True,3
5.34,66,96.459133,False,True,7
0.76,24,96.466099,False,True,2
0.93,7,96.467707,False,True,2
4.38,62,96.485276,False,True,6
4.24,76,96.507413,False,True,6
2.28,72,96.528252,False,True,4
1.61,39,96.539741,False,True,3
5.05,95,96.566409,False,True,7
2.42,58,96.58355,False,True,4
0.0,100,96.611934,False,False,6
5.18,82,96.634694,False,True,7
0.67,33,96.644877,False,True,2
2.57,43,96.657084,False,True,4
3.67,33,96.667072,False,True,5
0.0,100,96.695765,False,False,6
6.13,87,96.720072,False,True,8
1.84,16,96.725112,False,True,3
1.33,67,96.746047,False,True,3
1.89,11,96.749584,False,True,3
-3.0,100,96.778836,False,False,3
2.31,69,96.799625,False,True,4
1.42,58,96.815893,False,True,3
1.48,52,96.830542,False,True,3
-3.0,100,96.857989,False,False,3
1.93,7,96.859607,False,True,3
3.89,11,96.862912,False,True,5
0.72,28,96.871524,False,True,2
0.0,100,96.900714,False,False,6
3.25,75,96.923027,False,True,5
3.26,74,96.944091,False,True,5
1.86,14,96.948509,False,True,3
3.42,58,96.964256,False,True,5
0.9,10,96.967741,False,True,2
-2.0,100,96.996918,False,False,4
2.79,21,97.002889,False,True,4
0.94,6,97.004986,False,True,2
1.74,26,97.012192,False,True,3
-3.0,100,97.040723,False,False,3
-1.0,100,97.068619,False,False,5
1.95,5,97.070043,False,True,3
2.23,77,97.094333,False,True,4
1.87,13,97.097854,False,True,3
3.23,77,97.120332,False,True,5
0.85,15,97.124719,False,True,2
-0.16,16,97.129479,False,True,1
1.95,5,97.130821,False,True,3
0.91,9,97.133446,False,True,2
1.76,24,97.140878,False,True,3
4.44,56,97.157919,False,True,6
-0.09,9,97.161552,False,True,1
3.57,43,97.173249,False,True,5
4.3,70,97.193371,False,True,6
0.72,28,97.201484,False,True,2
2.49,51,97.216917,False,True,4
1.77,23,97.222884,False,True,3
0.91,9,97.226115,False,True,2
1.85,15,97.23004,False,True,3
2.55,45,97.244347,False,True,4
3.63,37,97.255066,False,True,5
5.45,55,97.271058,False,True,7
2.93,7,97.272736,False,True,4
0.9,10,97.27612,False,True,2
3.01,99,97.304966,False,True,5
0.79,21,97.311203,False,True,2
2.57,43,97.32425,False,True,4
0.92,8,97.326983,False,True,2
2.6,40,97.338324,False,True,4
2.87,13,97.341775,False,True,4
0.85,15,97.346033,False,True,2
-1.0,100,97.375575,False,False,5
-0.04,4,97.376798,False,True,1
4.68,32,97.385609,False,True,6
2.63,37,97.396434,False,True,4
1.73,27,97.404679,False,True,3
0.0,100,97.432388,False,False,6
1.38,62,97.449454,False,True,3
1.71,29,97.457492,False,True,3
1.61,39,97.469187,False,True,3
-4.0,100,97.497382,False,False,2
1.2,80,97.519888,False,True,3
-0.05,5,97.521351,False,True,1
-2.0,100,97.553018,False,False,4
5.19,81,97.578316,False,True,7
1.59,41,97.590133,False,True,3
3.01,99,97.620288,False,True,5
3.6,40,97.631375,False,True,5
1.48,52,97.646039,False,True,3
6.13,87,97.669759,False,True,8
1.71,29,97.678997,False,True,3
2.48,52,97.694663,False,True,4
-2.0,100,97.722648,False,False,4
2.65,35,97.731777,False,True,4
-1.0,100,97.760815,False,False,5
0.78,22,97.76772,False,True,2
0.91,9,97.770239,False,True,2
0.82,18,97.776039,False,True,2
1.3,70,97.796262,False,True,3
-3.0,100,97.824008,False,False,3
2.67,33,97.833014,False,True,4
-0.1,10,97.836275,False,True,1
0.9,10,97.838865,False,True,2
4.48,52,97.854106,False,True,6
4.38,62,97.872111,False,True,6
0.75,25,97.879068,False,True,2
2.88,12,97.882563,False,True,4
0.91,9,97.884817,False,True,2
1.73,27,97.892905,False,True,3
1.66,34,97.902861,False,True,3
0.89,11,97.905557,False,True,2
0.91,9,97.908555,False,True,2
2.93,7,97.910049,False,True,4
4.49,51,97.924706,False,True,6
2.62,38,97.936216,False,True,4
4.64,36,97.946934,False,True,6
0.97,3,97.947391,False,True,2
4.01,99,97.976229,False,True,6
4.39,61,97.99436,False,True,6
0.94,6,97.996604,False,True,2
4.78,22,98.002512,False,True,6
1.79,21,98.009317,False,True,3
1.54,46,98.022338,False,True,3
0.88,12,98.026628,False,True,2
0.0,100,98.053753,False,False,6
1.97,3,98.054874,False,True,3
2.91,9,98.057612,False,True,4
1.6,40,98.069592,False,True,3
1.7,30,98.078741,False,True,3
2.58,42,98.090749,False,True,4
2.76,24,98.097828,False,True,4
1.66,34,98.108326,False,True,3
1.75,25,98.115748,False,True,3
1.89,11,98.119078,False,True,3
4.09,91,98.144945,False,True,6
0.97,3,98.146112,False,True,2
4.49,51,98.161142,False,True,6
-2.0,100,98.188268,False,False,4
1.81,19,98.194216,False,True,3
2.5,50,98.20944,False,True,4
0.0,100,98.238241,False,False,6
2.86,14,98.242839,False,True,4
0.86,14,98.246694,False,True,2
0.93,7,98.248808,False,True,2
-0.03,3,98.249919,False,True,1
2.85,15,98.254278,False,True,4
2.55,45,98.269311,False,True,4
0.91,9,98.272007,False,True,2
-0.04,4,98.273363,False,True,1
4.51,49,98.287929,False,True,6
3.55,45,98.302106,False,True,5
0.0,100,98.331842,False,False,6
2.58,42,98.344613,False,True,4
0.0,100,98.375242,False,False,6
3.39,61,98.399535,False,True,5
3.48,52,98.418777,False,True,5
-1.0,100,98.45164,False,False,5
3.65,35,98.4623,False,True,5
2.62,38,98.474816,False,True,4
0.86,14,98.480505,False,True,2
4.55,45,98.494455,False,True,6
0.89,11,98.498685,False,True,2
2.72,28,98.508635,False,True,4
2.37,63,98.53025,False,True,4
2.86,14,98.534191,False,True,4
0.55,45,98.549687,False,True,2
1.82,18,98.558316,False,True,3
0.96,4,98.560025,False,True,2
3.66,34,98.572004,False,True,5
3.52,48,98.587741,False,True,5
2.71,29,98.598459,False,True,4
1.0,100,98.629466,False,False,7
2.91,9,98.631916,False,True,4
0.72,28,98.640627,False,True,2
2.45,55,98.658973,False,True,4
2.53,47,98.674097,False,True,4
3.84,16,98.6793,False,True,5
0.08,92,98.708115,False,True,2
-2.0,100,98.742458,False,False,4
3.82,18,98.749061,False,True,5
0.77,23,98.756852,False,True,2
1.66,34,98.767042,False,True,3
2.84,16,98.771993,False,True,4
3.6,40,98.786054,False,True,5
0.54,46,98.800437,False,True,2
2.55,45,98.813891,False,True,4
0.74,26,98.82146,False,True,2
0.97,3,98.823032,False,True,2
-0.02,2,98.82451,False,True,1
0.79,21,98.830542,False,True,2
4.45,55,98.849702,False,True,6
0.0,100,98.882687,False,False,6
-5.0,100,98.913506,False,False,1
1.37,63,98.932221,False,True,3
0.6,40,98.94532,False,True,2
5.64,36,98.956043,False,True,7
0.64,36,98.967132,False,True,2
5.36,64,98.987245,False,True,7
3.67,33,98.998852,False,True,5
2.84,16,99.003888,False,True,4
2.6,40,99.015779,False,True,4
4.79,21,99.022138,False,True,6
6.05,95,99.050894,False,True,8
0.77,23,99.057029,False,True,2
2.78,22,99.063876,False,True,4
3.75,25,99.071003,False,True,5
3.83,17,99.076163,False,True,5
3.77,23,99.083647,False,True,5
0.0,100,99.112648,False,False,6
1.73,27,99.120653,False,True,3
1.89,11,99.124213,False,True,3
4.78,22,99.130488,False,True,6
3.79,21,99.136573,False,True,5
1.53,47,99.151127,False,True,3
2.92,8,99.153568,False,True,4
3.56,44,99.166486,False,True,5
3.93,7,99.168876,False,True,5
3.84,16,99.173372,False,True,5
1.89,11,99.176953,False,True,3
5.03,97,99.205708,False,True,7
0.98,2,99.206079,False,True,2
1.97,3,99.207145,False,True,3
1.83,17,99.211775,False,True,3
5.43,57,99.229168,False,True,7
2.44,56,99.245047,False,True,4
0.97,3,99.245489,False,True,2
0.97,3,99.246701,False,True,2
3.3,70,99.267749,False,True,5
1.93,7,99.269257,False,True,3
1.45,55,99.284914,False,True,3
0.0,100,99.314985,False,False,6
1.0,100,99.343405,False,False,7
2.86,14,99.347697,False,True,4
4.42,58,99.363238,False,True,6
0.0,100,99.392364,False,False,6
2.03,97,99.41935,False,True,4
1.88,12,99.423006,False,True,3
0.95,5,99.425197,False,True,2
0.97,3,99.426169,False,True,2
3.36,64,99.448723,False,True,5
-0.01,1,99.449869,False,True,1
1.81,19,99.455179,False,True,3
5.8,20,99.461484,False,True,7
5.22,78,99.485344,False,True,7
0.94,6,99.487108,False,True,2
3.63,37,99.498867,False,True,5
4.51,49,99.514842,False,True,6
2.84,16,99.520051,False,True,4
6.06,94,99.545915,False,True,8
2.52,48,99.560444,False,True,4
1.77,23,99.567366,False,True,3
1.95,5,99.568714,False,True,3
0.0,100,99.598887,False,False,6
0.91,9,99.602148,False,True,2
1.77,23,99.608446,False,True,3
6.54,46,99.622921,False,True,8
0.98,2,99.623279,False,True,2
4.39,61,99.640582,False,True,6
2.65,35,99.650468,False,True,4
-2.0,100,99.678681,False,False,4
1.82,18,99.684469,False,True,3
0.0,100,99.713504,False,False,6
1.78,22,99.719645,False,True,3
2.85,15,99.724894,False,True,4
6.31,69,99.745587,False,True,8
3.38,62,99.763701,False,True,5
0.0,100,99.792818,False,False,6
5.73,27,99.800607,False,True,7
0.0,100,99.828838,False,False,6
2.84,16,99.833242,False,True,4
2.71,29,99.842388,False,True,4
3.28,72,99.864101,False,True,5
1.82,18,99.869121,False,True,3
4.5,50,99.883742,False,True,6
0.0,100,99.913007,False,False,6
0.96,4,99.914245,False,True,2
1.73,27,99.921886,False,True,3
3.59,41,99.93303,False,True,5
1.85,15,99.937509,False,True,3
1.88,12,99.941257,False,True,3
4.09,91,99.967273,False,True,6
4.64,36,99.978237,False,True,6
1.88,12,99.981924,False,True,3
-1.0,100,100.011262,False,False,5
3.7,30,100.020727,False,True,5
0.9,10,100.023465,False,True,2
3.82,18,100.029485,False,True,5
13.05,95,100.058593,True,False,9
2.9,10,100.061293,False,True,4
6.61,39,100.072957,False,True,8
3.29,71,100.095686,False,True,5
2.88,12,100.099416,False,True,4
2.94,6,100.101165,False,True,4
0.98,2,100.102205,False,True,2
1.85,15,100.106625,False,True,3
1.9,10,100.110326,False,True,3
0.96,4,100.111976,False,True,2
1.87,13,100.116133,False,True,3
4.6,40,100.129579,False,True,6
3.52,48,100.144388,False,True,5
0.0,100,100.175164,False,False,6
1.97,3,100.176362,False,True,3
1.96,4,100.177773,False,True,3
3.69,31,100.187874,False,True,5
3.83,17,100.193183,False,True,5
2.81,19,100.199524,False,True,4
3.83,17,100.20478,False,True,5
-0.04,4,100.206053,False,True,1
6.07,93,100.234667,False,True,8
2.62,38,100.246448,False,True,4
4.58,42,100.259876,False,True,6
0.0,100,100.290115,False,False,6
1.94,6,100.292528,False,True,3
3.68,32,100.302428,False,True,5
0.94,6,100.304099,False,True,2
2.67,33,100.323442,False,True,4
1.87,13,100.330563,False,True,3
1.85,15,100.334616,False,True,3
0.98,2,100.335876,False,True,2
6.37,63,100.356405,False,True,8
3.4,60,100.374904,False,True,5
2.61,39,100.385239,False,True,4
2.85,15,100.389929,False,True,4
0.97,3,100.391061,False,True,2
-0.04,4,100.392385,False,True,1
3.82,18,100.397626,False,True,5
2.9,10,100.401276,False,True,4
0.91,9,100.40398,False,True,2
4.11,89,100.43093,False,True,6
1.97,3,100.43228,False,True,3
1.83,17,100.437445,False,True,3
3.03,97,100.466371,False,True,5
-1.0,100,100.494688,False,False,5
4.35,65,100.512749,False,True,6
0.94,6,100.514421,False,True,2
0.86,14,100.518543,False,True,2
0.97,3,100.519734,False,True,2
3.39,61,100.537709,False,True,5
3.58,42,100.549469,False,True,5
1.82,18,100.555566,False,True,3
4.34,66,100.574178,False,True,6
2.66,34,100.584422,False,True,4
2.84,16,100.589229,False,True,4
1.74,26,100.596735,False,True,3
2.66,34,100.607403,False,True,4
-1.0,100,100.636586,False,False,5
1.53,47,100.651152,False,True,3
2.68,32,100.659888,False,True,4
3.77,23,100.665636,False,True,5
-1.0,100,100.70654,False,False,5
-3.0,100,100.748833,False,False,3
6.08,92,100.784944,False,True,8
0.0,100,100.818209,False,False,6
0.98,2,100.819254,False,True,2
3.74,26,100.828202,False,True,5
-0.01,1,100.829402,False,True,1
-0.01,1,100.829681,False,True,1
1.81,19,100.836315,False,True,3
3.47,53,100.854799,False,True,5
0.83,17,100.860418,False,True,2
4.29,71,100.88336,False,True,6
2.85,15,100.888239,False,True,4
0.75,25,100.896217,False,True,2
-1.0,100,100.927966,False,False,5
0.0,100,100.959151,False,False,6
1.85,15,100.964095,False,True,3
4.19,81,100.98953,False,True,6
-2.0,100,101.020315,False,False,4
3.59,41,101.032813,False,True,5
0.0,100,101.064107,False,False,6
1.82,18,101.070758,False,True,3
2.63,37,101.082397,False,True,4
3.82,18,101.087489,False,True,5
3.73,27,101.09542,False,True,5
-0.03,3,101.09701,False,True,1
3.95,5,101.098417,False,True,5
0.97,3,101.099575,False,True,2
2.62,38,101.111173,False,True,4
1.74,26,101.120583,False,True,3
0.97,3,101.121994,False,True,2
1.92,8,101.124744,False,True,3
2.85,15,101.128699,False,True,4
2.81,19,101.135854,False,True,4
4.68,32,101.146627,False,True,6
4.49,51,101.163541,False,True,6
0.98,2,101.163922,False,True,2
-0.08,8,101.16701,False,True,1
-2.0,100,101.19813,False,False,4
1.83,17,101.203963,False,True,3
2.75,25,101.211264,False,True,4
0.0,100,101.242226,False,False,6
1.85,15,101.24715,False,True,3
1.95,5,101.248607,False,True,3
2.95,5,101.249969,False,True,4
4.58,42,101.263363,False,True,6
2.87,13,101.267567,False,True,4
5.26,74,101.290475,False,True,7
0.95,5,101.292844,False,True,2
3.57,43,101.306216,False,True,5
2.72,28,101.315334,False,True,4
2.47,53,101.332056,False,True,4
0.93,7,101.333822,False,True,2
5.02,98,101.36635,False,True,7
0.0,100,101.396278,False,False,6
2.83,17,101.401328,False,True,4
2.89,11,101.404726,False,True,4
5.03,97,101.434784,False,True,7
1.78,22,101.441844,False,True,3
-0.01,1,101.442025,False,True,1
-0.03,3,101.443288,False,True,1
1.85,15,101.447949,False,True,3
3.04,96,101.480022,False,True,5
3.51,49,101.495625,False,True,5
0.97,3,101.496156,False,True,2
0.94,6,101.498382,False,True,2
3.09,91,101.525767,False,True,5
0.97,3,101.526285,False,True,2
-2.0,100,101.554997,False,False,4
5.38,62,101.574419,False,True,7
2.49,51,101.590011,False,True,4
1.84,16,101.594981,False,True,3
3.22,78,101.616881,False,True,5
2.86,14,101.621575,False,True,4
0.98,2,101.621912,False,True,2
1.85,15,101.626992,False,True,3
1.91,9,101.62974,False,True,3
0.9,10,101.633354,False,True,2
0.98,2,101.633732,False,True,2
-2.0,100,101.662637,False,False,4
-1.0,100,101.69123,False,False,5
2.79,21,101.696975,False,True,4
2.04,96,101.725696,False,True,4
1.92,8,101.728168,False,True,3
1.38,62,101.746797,False,True,3
0.97,3,101.748101,False,True,2
2.82,18,101.753199,False,True,4
3.09,91,101.779914,False,True,5
0.93,7,101.782035,False,True,2
0.0,100,101.811537,False,False,6
0.0,100,101.840018,False,False,6
2.61,39,101.8504,False,True,4
0.96,4,101.85175,False,True,2
2.09,91,101.879304,False,True,4
4.59,41,101.893225,False,True,6
0.98,2,101.894231,False,True,2
1.91,9,101.897056,False,True,3
0.97,3,101.898408,False,True,2
3.8,20,101.904477,False,True,5
1.53,47,101.918172,False,True,3
2.51,49,101.931817,False,True,4
0.98,2,101.932304,False,True,2
2.42,58,101.94921,False,True,4
-1.0,100,101.977812,False,False,5
1.69,31,101.986374,False,True,3
2.81,19,101.99112,False,True,4
3.62,38,102.002627,False,True,5
3.44,56,102.01803,False,True,5
1.85,15,102.02233,False,True,3
5.11,89,102.047937,False,True,7
1.35,65,102.066836,False,True,3
2.47,53,102.081488,False,True,4
0.0,100,102.109674,False,False,6
2.32,68,102.12988,False,True,4
3.7,30,102.139519,False,True,5
5.11,89,102.166849,False,True,7
2.83,17,102.171872,False,True,4
0.0,100,102.201623,False,False,6
1.74,26,102.209175,False,True,3
1.83,17,102.213826,False,True,3
1.93,7,102.216215,False,True,3
0.0,100,102.245403,False,False,6
5.31,69,102.265594,False,True,7
0.91,9,102.268181,False,True,2
2.86,14,102.272559,False,True,4
0.96,4,102.273881,False,True,2
-0.04,4,102.275096,False,True,1
0.98,2,102.275396,False,True,2
1.86,14,102.279931,False,True,3
0.0,100,102.309894,False,False,6
3.82,18,102.314861,False,True,5
2.67,33,102.324824,False,True,4
2.69,31,102.33274,False,True,4
3.42,58,102.349511,False,True,5
0.97,3,102.350617,False,True,2
5.22,78,102.37374,False,True,7
4.05,95,102.400135,False,True,6
-1.0,100,102.429566,False,False,5
2.93,7,102.431937,False,True,4
-1.0,100,102.46252,False,False,5
4.08,92,102.488219,False,True,6
2.75,25,102.495504,False,True,4
1.88,12,102.499371,False,True,3
0.98,2,102.499745,False,True,2
0.96,4,102.501145,False,True,2
4.41,59,102.519083,False,True,6
2.74,26,102.526694,False,True,4
0.86,14,102.530387,False,True,2
1.78,22,102.536923,False,True,3
5.27,73,102.557907,False,True,7
3.81,19,102.563643,False,True,5
6.17,83,102.586818,False,True,8
1.9,10,102.590036,False,True,3
5.73,27,102.597986,False,True,7
0.97,3,102.598419,False,True,2
0.75,25,102.606581,False,True,2
1.97,3,102.607016,False,True,3
0.0,100,102.638128,False,False,6
5.28,72,102.659221,False,True,7
2.9,10,102.662358,False,True,4
0.96,4,102.663666,False,True,2
4.46,54,102.679983,False,True,6
5.36,64,102.698043,False,True,7
4.55,45,102.711187,False,True,6
5.29,71,102.730402,False,True,7
0.95,5,102.73267,False,True,2
1.93,7,102.734386,False,True,3
1.91,9,102.738154,False,True,3
0.96,4,102.739522,False,True,2
3.58,42,102.752017,False,True,5
0.9,10,102.755459,False,True,2
2.73,27,102.76314,False,True,4
0.86,14,102.767818,False,True,2
1.86,14,102.77213,False,True,3
3.73,27,102.800754,False,True,5
-0.03,3,102.80225,False,True,1
-1.0,100,102.833362,False,False,5
3.11,89,102.914441,False,True,5
-2.0,100,102.947197,False,False,4
5.46,54,102.963063,False,True,7
3.86,14,102.966756,False,True,5
2.55,45,102.980166,False,True,4
4.06,94,103.008654,False,True,6
-0.04,4,103.010052,False,True,1
1.9,10,103.013057,False,True,3
0.93,7,103.015942,False,True,2
3.55,45,103.029722,False,True,5
2.61,39,103.041805,False,True,4
-0.01,1,103.042034,False,True,1
4.55,45,103.05602,False,True,6
1.93,7,103.057713,False,True,3
4.65,35,103.068369,False,True,6
1.92,8,103.070746,False,True,3
2.73,27,103.079432,False,True,4
2.88,12,103.083064,False,True,4
3.38,62,103.10127,False,True,5
1.82,18,103.107169,False,True,3
-0.01,1,103.107511,False,True,1
1.91,9,103.109922,False,True,3
1.0,100,103.141423,False,False,7
3.72,28,103.149934,False,True,5
2.78,22,103.157026,False,True,4
0.0,100,103.186054,False,False,6
0.97,3,103.18731,False,True,2
1.9,10,103.190015,False,True,3
-0.05,5,103.191477,False,True,1
2.81,19,103.197273,False,True,4
0.0,100,103.227095,False,False,6
1.79,21,103.233141,False,True,3
1.74,26,103.241442,False,True,3
1.0,100,103.273825,False,False,7
3.73,27,103.282151,False,True,5
3.52,48,103.295394,False,True,5
2.5,50,103.310273,False,True,4
4.53,47,103.323873,False,True,6
2.73,27,103.332117,False,True,4
1.94,6,103.333583,False,True,3
2.61,39,103.345156,False,True,4
-2.0,100,103.374862,False,False,4
1.67,33,103.384474,False,True,3
0.0,100,103.41366,False,False,6
3.4,60,103.431516,False,True,5
0.91,9,103.433929,False,True,2
0.95,5,103.436047,False,True,2
5.74,26,103.443361,False,True,7
2.85,15,103.448101,False,True,4
5.39,61,103.465842,False,True,7
4.8,20,103.471634,False,True,6
1.79,21,103.477842,False,True,3
1.89,11,103.481727,False,True,3
2.74,26,103.489902,False,True,4
2.82,18,103.495413,False,True,4
0.0,100,103.525375,False,False,6
2.77,23,103.532182,False,True,4
2.56,44,103.545453,False,True,4
-2.0,100,103.573582,False,False,4
2.65,35,103.583599,False,True,4
13.06,94,103.610726,True,False,9
4.12,88,103.635156,False,True,6
5.41,59,103.651515,False,True,7
-1.0,100,103.679662,False,False,5
5.08,92,103.706054,False,True,7
-0.03,3,103.707189,False,True,1
1.79,21,103.712559,False,True,3
1.9,10,103.714995,False,True,3
4.19,81,103.73981,False,True,6
2.0,100,103.7681,False,False,8
-2.0,100,103.799243,False,False,4
2.65,35,103.809099,False,True,4
5.18,82,103.834335,False,True,7
2.82,18,103.839268,False,True,4
0.0,100,103.867725,False,False,6
2.88,12,103.871101,False,True,4
5.23,77,103.895119,False,True,7
1.91,9,103.897609,False,True,3
1.8,20,103.903553,False,True,3
2.91,9,103.906025,False,True,4
0.97,3,103.907434,False,True,2
4.44,56,103.925348,False,True,6
3.47,53,103.940244,False,True,5
0.98,2,103.941293,False,True,2
1.81,19,103.946693,False,True,3
13.51,49,103.961732,True,False,9
1.89,11,103.964349,False,True,3
3.76,24,103.970727,False,True,5
4.53,47,103.984147,False,True,6
4.53,47,103.998012,False,True,6
1.91,9,104.000659,False,True,3
2.63,37,104.011116,False,True,4
2.87,13,104.015632,False,True,4
0.87,13,104.019227,False,True,2
1.93,7,104.021698,False,True,3
1.93,7,104.02327,False,True,3
3.85,15,104.028301,False,True,5
-0.05,5,104.029619,False,True,1
3.66,34,104.039563,False,True,5
3.54,46,104.051969,False,True,5
1.93,7,104.054293,False,True,3
4.48,52,104.069295,False,True,6
2.73,27,104.077536,False,True,4
1.91,9,104.079972,False,True,3
-0.01,1,104.080313,False,True,1
1.97,3,104.081541,False,True,3
4.0,100,104.113061,False,True,6
4.57,43,104.126613,False,True,6
-0.05,5,104.128273,False,True,1
-1.0,100,104.157193,False,False,5
1.88,12,104.160466,False,True,3
-0.01,1,104.160685,False,True,1
4.03,97,104.189845,False,True,6
3.9,10,104.192269,False,True,5
4.48,52,104.207422,False,True,6
4.57,43,104.220444,False,True,6
-2.0,100,104.265993,False,False,4
1.81,19,104.272046,False,True,3
2.72,28,104.280295,False,True,4
1.73,27,104.287843,False,True,3
1.85,15,104.292723,False,True,3
0.0,100,104.322083,False,False,6
1.89,11,104.325506,False,True,3
1.82,18,104.330529,False,True,3
1.92,8,104.333098,False,True,3
-0.25,25,104.342072,False,True,1
3.68,32,104.352565,False,True,5
-1.0,100,104.382093,False,False,5
5.15,85,104.406772,False,True,7
-1.0,100,104.435291,False,False,5
0.0,100,104.463569,False,False,6
5.27,73,104.485818,False,True,7
0.83,17,104.490968,False,True,2
1.84,16,104.496415,False,True,3
-0.02,2,104.497497,False,True,1
3.28,72,104.520838,False,True,5
2.78,22,104.527388,False,True,4
0.94,6,104.529913,False,True,2
2.49,51,104.545068,False,True,4
1.81,19,104.550478,False,True,3
1.75,25,104.558457,False,True,3
2.95,5,104.560002,False,True,4
3.7,30,104.56868,False,True,5
2.62,38,104.581063,False,True,4
-1.0,100,104.612259,False,False,5
0.98,2,104.612635,False,True,2
-0.01,1,104.613563,False,True,1
3.54,46,104.626759,False,True,5
1.89,11,104.630248,False,True,3
-2.0,100,104.659079,False,False,4
2.82,18,104.663872,False,True,4
5.17,83,104.687673,False,True,7
-5.0,100,104.718796,False,False,1
3.75,25,104.725997,False,True,5
4.52,48,104.739261,False,True,6
0.0,100,104.768445,False,False,6
4.2,80,104.793873,False,True,6
0.97,3,104.795008,False,True,2
4.01,99,104.824386,False,True,6
2.77,23,104.831559,False,True,4
-2.0,100,104.862511,False,False,4
4.61,39,104.873503,False,True,6
5.6,40,104.8847,False,True,7
-1.0,100,104.913023,False,False,5
5.42,58,104.933787,False,True,7
0.97,3,104.935041,False,True,2
3.68,32,104.944207,False,True,5
-1.0,100,104.972942,False,False,5
3.32,68,104.993253,False,True,5
3.9,10,104.995892,False,True,5
4.94,6,104.997912,False,True,6
0.98,2,104.998243,False,True,2
1.91,9,105.001002,False,True,3
0.0,100,105.030371,False,False,6
0.0,100,105.058861,False,False,6
13.34,66,105.077744,True,False,9
2.8,20,105.083817,False,True,4
5.07,93,105.111471,False,True,7
2.79,21,105.118096,False,True,4
1.82,18,105.124382,False,True,3
4.27,73,105.146586,False,True,6
2.58,42,105.159811,False,True,4
2.53,47,105.172513,False,True,4
1.83,17,105.177843,False,True,3
0.98,2,105.178291,False,True,2
5.47,53,105.193928,False,True,7
3.76,24,105.200953,False,True,5
5.36,64,105.219895,False,True,7
2.25,75,105.242712,False,True,4
2.0,100,105.270831,False,False,8
2.28,72,105.292192,False,True,4
0.98,2,105.29334,False,True,2
3.73,27,105.300694,False,True,5
0.94,6,105.303142,False,True,2
3.87,13,105.306495,False,True,5
0.98,2,105.307494,False,True,2
0.96,4,105.308922,False,True,2
3.34,66,105.329158,False,True,5
-1.0,100,105.359985,False,False,5
0.0,100,105.388711,False,False,6
0.95,5,105.390215,False,True,2
0.98,2,105.3913,False,True,2
-0.04,4,105.39246,False,True,1
1.39,61,105.410311,False,True,3
3.4,60,105.428594,False,True,5
-0.06,6,105.430882,False,True,1
-1.0,100,105.459618,False,False,5
2.83,17,105.464301,False,True,4
0.0,100,105.494198,False,False,6
2.91,9,105.496857,False,True,4
2.92,8,105.49934,False,True,4
2.31,69,105.518562,False,True,4
2.93,7,105.520822,False,True,4
0.97,3,105.521941,False,True,2
0.0,100,105.553684,False,False,6
1.0,100,105.582223,False,False,7
3.53,47,105.596349,False,True,5
2.84,16,105.601207,False,True,4
2.7,30,105.609572,False,True,4
1.92,8,105.611801,False,True,3
4.66,34,105.622599,False,True,6
0.88,12,105.626371,False,True,2
5.7,30,105.634824,False,True,7
-0.01,1,105.635067,False,True,1
2.81,19,105.640882,False,True,4
0.98,2,105.642132,False,True,2
0.93,7,105.644019,False,True,2
2.76,24,105.651292,False,True,4
1.84,16,105.656423,False,True,3
1.84,16,105.661268,False,True,3
2.55,45,105.6769,False,True,4
1.83,17,105.682116,False,True,3
2.94,6,105.683704,False,True,4
1.0,100,105.712328,False,False,7
1.84,16,105.716815,False,True,3
0.0,100,105.746349,False,False,6
-1.0,100,105.775463,False,False,5
1.04,96,105.802673,False,True,3
0.0,100,105.829332,False,False,6
2.89,11,105.832689,False,True,4
4.31,69,105.852355,False,True,6
1.94,6,105.854754,False,True,3
0.98,2,105.855114,False,True,2
1.82,18,105.86037,False,True,3
1.97,3,105.861673,False,True,3
0.97,3,105.862092,False,True,2
5.21,79,105.885121,False,True,7
1.91,9,105.887716,False,True,3
-1.0,100,105.916498,False,False,5
2.34,66,105.935726,False,True,4
2.85,15,105.939999,False,True,4
3.85,15,105.94356,False,True,5
-0.01,1,105.944693,False,True,1
2.75,25,105.951957,False,True,4
2.26,74,105.973136,False,True,4
3.64,36,105.983006,False,True,5
-5.0,100,106.011929,False,False,1
2.73,27,106.019713,False,True,4
4.48,52,106.03421,False,True,6
3.52,48,106.048276,False,True,5
-0.01,1,106.048629,False,True,1
0.0,100,106.080116,False,False,6
0.97,3,106.081221,False,True,2
0.98,2,106.082234,False,True,2
5.19,81,106.105478,False,True,7
1.36,64,106.124039,False,True,3
1.97,3,106.125262,False,True,3
1.74,26,106.132394,False,True,3
1.55,45,106.145997,False,True,3
3.45,55,106.16278,False,True,5
1.9,10,106.166623,False,True,3
0.78,22,106.172914,False,True,2
1.92,8,106.175754,False,True,3
1.88,12,106.179714,False,True,3
3.22,78,106.203371,False,True,5
1.57,43,106.215111,False,True,3
1.92,8,106.217626,False,True,3
4.18,82,106.242801,False,True,6
4.22,78,106.265266,False,True,6
-0.02,2,106.266416,False,True,1
0.0,100,106.295243,False,False,6
1.76,24,106.302073,False,True,3
-0.02,2,106.302342,False,True,1
0.0,100,106.330944,False,False,6
-0.12,12,106.334578,False,True,1
-5.0,100,106.363527,False,False,1
0.0,100,106.391514,False,False,6
0.0,100,106.419429,False,False,6
1.74,26,106.428083,False,True,3
0.74,26,106.435337,False,True,2
-0.01,1,106.436255,False,True,1
1.78,22,106.442199,False,True,3
1.13,87,106.468358,False,True,3
0.88,12,106.472027,False,True,2
2.52,48,106.485492,False,True,4
4.29,71,106.505642,False,True,6
2.32,68,106.525672,False,True,4
2.42,58,106.542363,False,True,4
5.21,79,106.565599,False,True,7
1.91,9,106.568171,False,True,3
5.33,67,106.588835,False,True,7
-0.01,1,106.589108,False,True,1
-0.01,1,106.589308,False,True,1
0.0,100,106.617575,False,False,6
2.59,41,106.630339,False,True,4
1.67,33,106.639635,False,True,3
3.39,61,106.657258,False,True,5
1.97,3,106.65846,False,True,3
4.58,42,106.671259,False,True,6
2.47,53,106.687468,False,True,4
3.28,72,106.707651,False,True,5
3.46,54,106.725576,False,True,5
2.61,39,106.737295,False,True,4
5.53,47,106.751705,False,True,7
2.91,9,106.754274,False,True,4
-0.04,4,106.755648,False,True,1
1.97,3,106.757013,False,True,3
4.57,43,106.769232,False,True,6
0.97,3,106.770462,False,True,2
2.8,20,106.776625,False,True,4
-0.02,2,106.777869,False,True,1
0.98,2,106.778284,False,True,2
1.93,7,106.780615,False,True,3
1.0,100,106.811994,False,False,7
0.92,8,106.814498,False,True,2
1.76,24,106.821576,False,True,3
-0.04,4,106.822956,False,True,1
1.54,46,106.836492,False,True,3
5.25,75,106.858463,False,True,7
2.05,95,106.886505,False,True,4
0.86,14,106.890305,False,True,2
3.71,29,106.898933,False,True,5
1.82,18,106.903625,False,True,3
0.0,100,106.93294,False,False,6
1.88,12,106.936528,False,True,3
-0.06,6,106.93874,False,True,1
0.0,100,106.968342,False,False,6
0.96,4,106.969702,False,True,2
2.55,45,106.981889,False,True,4
4.58,42,106.993227,False,True,6
1.82,18,106.999007,False,True,3
-2.0,100,107.02741,False,False,4
1.85,15,107.032102,False,True,3
1.0,100,107.060347,False,False,7
2.83,17,107.065505,False,True,4
0.95,5,107.066933,False,True,2
5.17,83,107.091603,False,True,7
4.62,38,107.101806,False,True,6
-1.0,100,107.131509,False,False,5
-0.11,11,107.134656,False,True,1
0.97,3,107.135739,False,True,2
5.36,64,107.154199,False,True,7
5.12,88,107.179886,False,True,7
1.79,21,107.185658,False,True,3
-2.0,100,107.213738,False,False,4
1.87,13,107.217197,False,True,3
1.5,50,107.232471,False,True,3
0.95,5,107.233979,False,True,2
0.91,9,107.236608,False,True,2
-0.07,7,107.238846,False,True,1
1.89,11,107.242305,False,True,3
-2.0,100,107.271212,False,False,4
5.62,38,107.281326,False,True,7
0.92,8,107.283817,False,True,2
1.86,14,107.288273,False,True,3
0.91,9,107.290607,False,True,2
-4.0,100,107.319757,False,False,2
1.88,12,107.32342,False,True,3
-1.0,100,107.352598,False,False,5
3.72,28,107.360585,False,True,5
-0.01,1,107.360837,False,True,1
1.88,12,107.364345,False,True,3
0.91,9,107.367771,False,True,2
1.28,72,107.388643,False,True,3
0.0,100,107.41621,False,False,6
-2.0,100,107.444342,False,False,4
5.65,35,107.453929,False,True,7
5.16,84,107.477549,False,True,7
0.97,3,107.478834,False,True,2
0.0,100,107.506445,False,False,6
0.89,11,107.50993,False,True,2
5.41,59,107.527129,False,True,7
1.46,54,107.542985,False,True,3
-0.03,3,107.544255,False,True,1
1.11,89,107.570497,False,True,3
2.79,21,107.576758,False,True,4
-1.0,100,107.605899,False,False,5
5.08,92,107.632268,False,True,7
1.85,15,107.637066,False,True,3
1.91,9,107.639504,False,True,3
2.6,40,107.65176,False,True,4
0.35,65,107.671238,False,True,2
5.47,53,107.687218,False,True,7
2.74,26,107.694312,False,True,4
3.19,81,107.71742,False,True,5
1.15,85,107.742065,False,True,3
4.13,87,107.768035,False,True,6
-0.02,2,107.768349,False,True,1
3.8,20,107.774343,False,True,5
-5.0,100,107.80408,False,False,1
3.2,80,107.827949,False,True,5
2.09,91,107.85285,False,True,4
3.58,42,107.864518,False,True,5
0.0,100,107.892015,False,False,6
4.28,72,107.912572,False,True,6
1.61,39,107.923599,False,True,3
1.88,12,107.927259,False,True,3
-0.03,3,107.928361,False,True,1
2.77,23,107.935583,False,True,4
6.5,50,107.949784,False,True,8
-1.0,100,107.97774,False,False,5
-0.09,9,107.98012,False,True,1
-0.08,8,107.982743,False,True,1
-1.0,100,108.011616,False,False,5
4.3,70,108.030673,False,True,6
0.95,5,108.032103,False,True,2
1.8,20,108.038118,False,True,3
2.4,60,108.055675,False,True,4
0.9,10,108.059132,False,True,2
2.7,30,108.067523,False,True,4
1.81,19,108.07367,False,True,3
1.86,14,108.077874,False,True,3
3.32,68,108.097677,False,True,5
2.91,9,108.101085,False,True,4
-0.1,10,108.103768,False,True,1
1.19,81,108.12755,False,True,3
0.88,12,108.131066,False,True,2
-1.0,100,108.158902,False,False,5
0.79,21,108.165641,False,True,2
2.9,10,108.168117,False,True,4
3.74,26,108.176366,False,True,5
0.86,14,108.180322,False,True,2
1.32,68,108.200387,False,True,3
2.68,32,108.209401,False,True,4
0.83,17,108.214111,False,True,2
-2.0,100,108.242362,False,False,4
2.88,12,108.246053,False,True,4
5.34,66,108.265633,False,True,7
5.05,95,108.292612,False,True,7
2.67,33,108.30199,False,True,4
0.81,19,108.30738,False,True,2
-0.07,7,108.30893,False,True,1
3.75,25,108.316981,False,True,5
1.82,18,108.322092,False,True,3
-0.09,9,108.324893,False,True,1
-0.23,23,108.331897,False,True,1
1.83,17,108.336902,False,True,3
-2.0,100,108.365839,False,False,4
1.79,21,108.372382,False,True,3
1.79,21,108.378427,False,True,3
2.81,19,108.383967,False,True,4
3.16,84,108.411691,False,True,5
1.75,25,108.419253,False,True,3
3.28,72,108.441112,False,True,5
4.24,76,108.463441,False,True,6
1.94,6,108.464918,False,True,3
3.13,87,108.490625,False,True,5
1.75,25,108.497929,False,True,3
1.0,100,108.526617,False,False,7
5.47,53,108.541958,False,True,7
5.71,29,108.550317,False,True,7
0.96,4,108.551523,False,True,2
1.87,13,108.55612,False,True,3
2.6,40,108.568513,False,True,4
1.89,11,108.57234,False,True,3
1.0,100,108.601338,False,False,7
-4.0,100,108.63136,False,False,2
5.02,98,108.658439,False,True,7
-1.0,100,108.687376,False,False,5
0.87,13,108.691598,False,True,2
2.87,13,108.695391,False,True,4
0.92,8,108.697816,False,True,2
2.72,28,108.706667,False,True,4
3.76,24,108.713895,False,True,5
-0.03,3,108.715009,False,True,1
2.92,8,108.717184,False,True,4
4.56,44,108.73116,False,True,6
1.82,18,108.736373,False,True,3
-0.05,5,108.737762,False,True,1
2.78,22,108.745077,False,True,4
-5.0,100,108.776306,False,False,1
2.81,19,108.782337,False,True,4
3.55,45,108.795127,False,True,5
1.73,27,108.802959,False,True,3
2.76,24,108.813621,False,True,4
0.1,90,108.84125,False,True,2
4.37,63,108.85934,False,True,6
2.56,44,108.871822,False,True,4
0.97,3,108.873056,False,True,2
2.9,10,108.875869,False,True,4
-2.0,100,108.904824,False,False,4
-0.11,11,108.908531,False,True,1
-0.02,2,108.908944,False,True,1
5.44,56,108.926598,False,True,7
1.75,25,108.934784,False,True,3
0.0,100,108.963006,False,False,6
4.93,7,108.96471,False,True,6
2.66,34,108.975284,False,True,4
-3.0,100,109.00313,False,False,3
-0.06,6,109.004488,False,True,1
-5.0,100,109.033766,False,False,1
-5.0,100,109.062541,False,False,1
-0.05,5,109.064758,False,True,1
4.28,72,109.084659,False,True,6
3.72,28,109.092413,False,True,5
0.47,53,109.107717,False,True,2
3.68,32,109.116546,False,True,5
4.79,21,109.122724,False,True,6
3.91,9,109.125279,False,True,5
-0.09,9,109.128627,False,True,1
1.8,20,109.135089,False,True,3
4.6,40,109.146815,False,True,6
0.92,8,109.149209,False,True,2
0.0,100,109.178072,False,False,6
0.77,23,109.183948,False,True,2
3.65,35,109.193591,False,True,5
1.88,12,109.197254,False,True,3
1.68,32,109.206732,False,True,3
0.89,11,109.21032,False,True,2
4.68,32,109.220286,False,True,6
-0.05,5,109.221749,False,True,1
0.0,100,109.250828,False,False,6
1.87,13,109.254307,False,True,3
0.9,10,109.257479,False,True,2
0.0,100,109.287014,False,False,6
-5.0,100,109.315004,False,False,1
-0.06,6,109.316478,False,True,1
-0.06,6,109.318408,False,True,1
0.88,12,109.322099,False,True,2
0.95,5,109.323586,False,True,2
4.71,29,109.332022,False,True,6
2.84,16,109.336901,False,True,4
-0.02,2,109.338054,False,True,1
0.0,100,109.366532,False,False,6
0.0,100,109.394645,False,False,6
3.78,22,109.400594,False,True,5
1.84,16,109.405485,False,True,3
4.23,77,109.428383,False,True,6
-0.02,2,109.428773,False,True,1
0.96,4,109.430017,False,True,2
3.84,16,109.434573,False,True,5
1.0,100,109.466058,False,False,7
5.46,54,109.481959,False,True,7
1.83,17,109.486868,False,True,3
0.0,100,109.516155,False,False,6
5.37,63,109.534267,False,True,7
1.87,13,109.537817,False,True,3
3.84,16,109.542565,False,True,5
5.11,89,109.568582,False,True,7
0.96,4,109.569919,False,True,2
6.36,64,109.588381,False,True,8
4.9,10,109.591782,False,True,6
2.7,30,109.600545,False,True,4
3.91,9,109.603323,False,True,5
5.04,96,109.631547,False,True,7
1.83,17,109.637345,False,True,3
1.78,22,109.644448,False,True,3
0.93,7,109.647154,False,True,2
-0.14,14,109.651209,False,True,1
-0.11,11,109.654925,False,True,1
1.56,44,109.668803,False,True,3
1.66,34,109.679116,False,True,3
2.84,16,109.683869,False,True,4
1.89,11,109.686746,False,True,3
0.0,100,109.715013,False,False,6
4.62,38,109.726391,False,True,6
0.77,23,109.733243,False,True,2
-0.08,8,109.735655,False,True,1
0.0,100,109.765835,False,False,6
5.47,53,109.780852,False,True,7
2.87,13,109.784301,False,True,4
0.0,100,109.812341,False,False,6
2.69,31,109.82194,False,True,4
3.86,14,109.825859,False,True,5
4.57,43,109.838908,False,True,6
-0.26,26,109.846638,False,True,1
2.48,52,109.86364,False,True,4
-0.07,7,109.865126,False,True,1
2.87,13,109.869413,False,True,4
1.74,26,109.877383,False,True,3
1.61,39,109.889315,False,True,3
5.82,18,109.894749,False,True,7
5.02,98,109.922745,False,True,7
-4.0,100,109.95404,False,False,2
-0.61,61,109.972561,False,True,1
-0.02,2,109.973641,False,True,1
3.76,24,109.980712,False,True,5
4.45,55,109.997444,False,True,6
0.87,13,110.002011,False,True,2
1.82,18,110.007594,False,True,3
-0.09,9,110.010442,False,True,1
0.96,4,110.011692,False,True,2
2.86,14,110.01655,False,True,4
0.0,100,110.046274,False,False,6
1.87,13,110.04982,False,True,3
3.19,81,110.07312,False,True,5
-4.0,100,110.102375,False,False,2
3.4,60,110.119318,False,True,5
1.0,100,110.147793,False,False,7
1.97,3,110.148937,False,True,3
-2.0,100,110.179256,False,False,4
-0.11,11,110.182712,False,True,1
1.26,74,110.202817,False,True,3
-2.0,100,110.231668,False,False,4
0.25,75,110.254338,False,True,2
-4.0,100,110.283323,False,False,2
0.97,3,110.284325,False,True,2
-0.03,3,110.285363,False,True,1
-0.14,14,110.289182,False,True,1
0.0,100,110.319454,False,False,6
1.87,13,110.323334,False,True,3
1.93,7,110.325729,False,True,3
-0.05,5,110.327155,False,True,1
2.86,14,110.331938,False,True,4
-0.09,9,110.334736,False,True,1
0.0,100,110.364176,False,False,6
1.87,13,110.367785,False,True,3
1.11,89,110.393713,False,True,3
1.79,21,110.399776,False,True,3
1.74,26,110.406925,False,True,3
-3.0,100,110.437742,False,False,3
-2.0,100,110.467712,False,False,4
2.84,16,110.472506,False,True,4
3.69,31,110.4818,False,True,5
3.67,33,110.491795,False,True,5
0.0,100,110.519983,False,False,6
3.7,30,110.529252,False,True,5
2.55,45,110.541597,False,True,4
-0.02,2,110.542687,False,True,1
2.75,25,110.550724,False,True,4
1.87,13,110.554408,False,True,3
3.51,49,110.569223,False,True,5
1.86,14,110.573827,False,True,3
1.8,20,110.580438,False,True,3
1.4,60,110.598969,False,True,3
2.52,48,110.612868,False,True,4
1.8,20,110.619063,False,True,3
-5.0,100,110.651124,False,False,1
1.51,49,110.665521,False,True,3
0.87,13,110.669118,False,True,2
-1.0,100,110.699068,False,False,5
5.03,97,110.727012,False,True,7
1.97,3,110.727497,False,True,3
3.81,19,110.733139,False,True,5
1.82,18,110.738674,False,True,3
0.9,10,110.741287,False,True,2
0.89,11,110.745402,False,True,2
1.0,100,110.777057,False,False,7
2.87,13,110.780843,False,True,4
0.0,100,110.810498,False,False,6
1.85,15,110.814987,False,True,3
0.0,100,110.843114,False,False,6
3.58,42,110.855105,False,True,5
1.72,28,110.863497,False,True,3
-0.08,8,110.865773,False,True,1
0.72,28,110.873916,False,True,2
-2.0,100,110.902415,False,False,4
2.79,21,110.908801,False,True,4
1.81,19,110.913709,False,True,3
3.64,36,110.923799,False,True,5
5.56,44,110.938029,False,True,7
5.54,46,110.952292,False,True,7
3.75,25,110.959146,False,True,5
-0.1,10,110.96243,False,True,1
1.84,16,110.967202,False,True,3
4.63,37,110.978401,False,True,6
2.96,4,110.979705,False,True,4
2.87,13,110.983251,False,True,4
0.91,9,110.986013,False,True,2
3.62,38,110.997384,False,True,5
-0.15,15,111.002283,False,True,1
0.9,10,111.004564,False,True,2
1.87,13,111.008375,False,True,3
3.64,36,111.019459,False,True,5
1.82,18,111.025023,False,True,3
4.66,34,111.034343,False,True,6
1.97,3,111.035671,False,True,3
5.23,77,111.058569,False,True,7
2.64,36,111.069123,False,True,4
0.57,43,111.08156,False,True,2
4.51,49,111.095635,False,True,6
1.18,82,111.119556,False,True,3
3.73,27,111.127542,False,True,5
0.6,40,111.13956,False,True,2
2.71,29,111.149192,False,True,4
1.96,4,111.150681,False,True,3
-1.0,100,111.18111,False,False,5
3.52,48,111.195371,False,True,5
0.81,19,111.201088,False,True,2
1.94,6,111.202544,False,True,3
0.89,11,111.206327,False,True,2
2.41,59,111.223104,False,True,4
1.81,19,111.228113,False,True,3
5.39,61,111.247205,False,True,7
0.97,3,111.247688,False,True,2
2.91,9,111.25091,False,True,4
-0.06,6,111.252573,False,True,1
-0.03,3,111.253805,False,True,1
2.81,19,111.259879,False,True,4
0.82,18,111.264928,False,True,2
2.57,43,111.278578,False,True,4
2.81,19,111.284731,False,True,4
4.43,57,111.301215,False,True,6
0.9,10,111.303594,False,True,2
-0.11,11,111.306906,False,True,1
3.78,22,111.314083,False,True,5
3.54,46,111.327245,False,True,5
2.29,71,111.347598,False,True,4
1.76,24,111.355024,False,True,3
2.72,28,111.363721,False,True,4
0.87,13,111.367615,False,True,2
-0.01,1,111.367903,False,True,1
-2.0,100,111.396758,False,False,4
0.72,28,111.404932,False,True,2
0.92,8,111.407447,False,True,2
-0.09,9,111.410823,False,True,1
2.9,10,111.413628,False,True,4
3.77,23,111.420536,False,True,5
1.94,6,111.421965,False,True,3
1.91,9,111.425181,False,True,3
4.7,30,111.433524,False,True,6
2.93,7,111.43617,False,True,4
1.44,56,111.452062,False,True,3
5.32,68,111.472023,False,True,7
1.96,4,111.473389,False,True,3
1.95,5,111.474739,False,True,3
1.96,4,111.475988,False,True,3
0.96,4,111.477368,False,True,2
4.78,22,111.485121,False,True,6
5.5,50,111.4997,False,True,7
1.9,10,111.503331,False,True,3
-0.06,6,111.504779,False,True,1
3.61,39,111.517025,False,True,5
5.47,53,111.532287,False,True,7
-0.04,4,111.533569,False,True,1
2.95,5,111.53495,False,True,4
-0.03,3,111.536169,False,True,1
1.89,11,111.53939,False,True,3
-0.08,8,111.541596,False,True,1
5.55,45,111.554561,False,True,7
2.92,8,111.557218,False,True,4
-0.11,11,111.560704,False,True,1
3.72,28,111.569466,False,True,5
1.96,4,111.570784,False,True,3
0.94,6,111.572491,False,True,2
3.38,62,111.592246,False,True,5
1.92,8,111.594641,False,True,3
2.14,86,111.618737,False,True,4
0.88,12,111.622354,False,True,2
1.91,9,111.625853,False,True,3
1.0,100,111.654835,False,False,7
2.37,63,111.67296,False,True,4
2.91,9,111.676305,False,True,4
1.9,10,111.679014,False,True,3
2.7,30,111.688553,False,True,4
2.16,84,111.712651,False,True,4
-4.0,100,111.743905,False,False,2
0.55,45,111.758094,False,True,2
0.0,100,111.7869,False,False,6
0.88,12,111.79021,False,True,2
1.77,23,111.79745,False,True,3
0.27,73,111.81826,False,True,2
3.8,20,111.824228,False,True,5
2.68,32,111.833117,False,True,4
2.91,9,111.835619,False,True,4
5.74,26,111.843749,False,True,7
2.8,20,111.849631,False,True,4
-0.06,6,111.851228,False,True,1
2.81,19,111.857148,False,True,4
1.94,6,111.85866,False,True,3
-0.85,85,111.885033,False,True,1
-4.0,100,111.915778,False,False,2
1.52,48,111.931127,False,True,3
2.82,18,111.936549,False,True,4
0.79,21,111.942436,False,True,2
4.2,80,111.966786,False,True,6
4.57,43,111.991469,False,True,6
1.95,5,111.9939,False,True,3
3.5,50,112.01507,False,True,5
-0.04,4,112.016586,False,True,1
1.93,7,112.019259,False,True,3
-0.03,3,112.019717,False,True,1
0.98,2,112.020879,False,True,2
3.36,64,112.040139,False,True,5
2.62,38,112.051196,False,True,4
4.62,38,112.062485,False,True,6
0.0,100,112.090404,False,False,6
-0.16,16,112.095055,False,True,1
-0.12,12,112.098866,False,True,1
0.91,9,112.101399,False,True,2
3.89,11,112.105132,False,True,5
0.0,100,112.134273,False,False,6
2.75,25,112.141803,False,True,4
2.31,69,112.161748,False,True,4
3.88,12,112.16521,False,True,5
2.64,36,112.175165,False,True,4
1.95,5,112.177393,False,True,3
1.7,30,112.18555,False,True,3
-0.05,5,112.187385,False,True,1
2.81,19,112.195054,False,True,4
1.91,9,112.198173,False,True,3
1.83,17,112.204256,False,True,3
0.91,9,112.206861,False,True,2
0.77,23,112.214178,False,True,2
3.61,39,112.226289,False,True,5
1.89,11,112.230036,False,True,3
1.87,13,112.233912,False,True,3
1.91,9,112.237216,False,True,3
0.74,26,112.244149,False,True,2
-1.0,100,112.275685,False,False,5
0.61,39,112.287666,False,True,2
1.9,10,112.290644,False,True,3
1.94,6,112.292983,False,True,3
-0.05,5,112.294437,False,True,1
3.42,58,112.311504,False,True,5
5.41,59,112.327882,False,True,7
1.96,4,112.329341,False,True,3
4.59,41,112.342438,False,True,6
2.76,24,112.349403,False,True,4
2.8,20,112.355809,False,True,4
1.54,46,112.369944,False,True,3
3.61,39,112.382081,False,True,5
4.67,33,112.391523,False,True,6
3.67,33,112.401137,False,True,5
0.95,5,112.403372,False,True,2
0.88,12,112.406995,False,True,2
1.77,23,112.413374,False,True,3
-0.03,3,112.41469,False,True,1
-0.05,5,112.416198,False,True,1
-3.0,100,112.446847,False,False,3
3.3,70,112.467138,False,True,5
2.87,13,112.470772,False,True,4
1.87,13,112.474366,False,True,3
2.81,19,112.479771,False,True,4
2.89,11,112.483862,False,True,4
2.77,23,112.490571,False,True,4
2.92,8,112.493057,False,True,4
-0.06,6,112.494664,False,True,1
6.64,36,112.505326,False,True,8
1.95,5,112.506678,False,True,3
0.65,35,112.517574,False,True,2
0.92,8,112.52042,False,True,2
1.94,6,112.522759,False,True,3
2.82,18,112.527875,False,True,4
4.71,29,112.536592,False,True,6
4.55,45,112.55138,False,True,6
0.92,8,112.553744,False,True,2
-1.0,100,112.58164,False,False,5
2.47,53,112.596772,False,True,4
1.97,3,112.597951,False,True,3
3.66,34,112.607571,False,True,5
-0.07,7,112.609773,False,True,1
-1.0,100,112.639349,False,False,5
1.73,27,112.647899,False,True,3
4.57,43,112.660723,False,True,6
1.9,10,112.664133,False,True,3
3.77,23,112.671014,False,True,5
5.69,31,112.679497,False,True,7
2.94,6,112.681752,False,True,4
2.93,7,112.683982,False,True,4
4.8,20,112.689912,False,True,6
1.97,3,112.690376,False,True,3
2.12,88,112.716314,False,True,4
1.56,44,112.729262,False,True,3
0.55,45,112.745301,False,True,2
3.66,34,112.755223,False,True,5
1.8,20,112.760971,False,True,3
0.0,100,112.78931,False,False,6
-0.04,4,112.790617,False,True,1
0.91,9,112.79306,False,True,2
1.72,28,112.80165,False,True,3
-4.0,100,112.830488,False,False,2
1.9,10,112.834082,False,True,3
-0.06,6,112.835498,False,True,1
2.93,7,112.838942,False,True,4
0.0,100,112.869182,False,False,6
-3.0,100,112.898657,False,False,3
-0.09,9,112.901238,False,True,1
2.28,72,112.921697,False,True,4
3.71,29,112.930558,False,True,5
3.08,92,112.959217,False,True,5
1.68,32,112.96826,False,True,3
3.68,32,112.977396,False,True,5
2.86,14,112.981014,False,True,4
4.05,95,113.008642,False,True,6
-0.22,22,113.015579,False,True,1
0.94,6,113.01794,False,True,2
4.21,79,113.041981,False,True,6
5.38,62,113.060158,False,True,7
2.82,18,113.06597,False,True,4
3.54,46,113.07859,False,True,5
0.46,54,113.093992,False,True,2
2.68,32,113.10367,False,True,4
1.73,27,113.111209,False,True,3
5.37,63,113.128969,False,True,7
0.0,100,113.158484,False,False,6
0.0,100,113.188344,False,False,6
-0.1,10,113.191715,False,True,1
-4.0,100,113.219801,False,False,2
1.7,30,113.227875,False,True,3
2.89,11,113.2314,False,True,4
0.8,20,113.237285,False,True,2
0.0,100,113.266372,False,False,6
0.43,57,113.28254,False,True,2
1.41,59,113.300962,False,True,3
-0.03,3,113.302418,False,True,1
1.75,25,113.309763,False,True,3
-1.0,100,113.338243,False,False,5
1.58,42,113.351303,False,True,3
4.13,87,113.376945,False,True,6
-1.0,100,113.405209,False,False,5
1.95,5,113.406505,False,True,3
1.64,36,113.417424,False,True,3
1.88,12,113.420898,False,True,3
3.54,46,113.434143,False,True,5
2.88,12,113.43802,False,True,4
-0.02,2,113.438493,False,True,1
1.78,22,113.445388,False,True,3
-1.0,100,113.473909,False,False,5
0.45,55,113.489281,False,True,2
-0.1,10,113.491819,False,True,1
-0.12,12,113.494974,False,True,1
0.91,9,113.497485,False,True,2
-0.05,5,113.499946,False,True,1
0.75,25,113.507084,False,True,2
1.69,31,113.516978,False,True,3
-0.02,2,113.517325,False,True,1
-0.04,4,113.518598,False,True,1
5.11,89,113.544627,False,True,7
3.62,38,113.556342,False,True,5
-0.09,9,113.559805,False,True,1
0.0,100,113.591648,False,False,6
5.41,59,113.610076,False,True,7
-1.0,100,113.639753,False,False,5
3.89,11,113.643117,False,True,5
1.88,12,113.646606,False,True,3
3.53,47,113.659725,False,True,5
-2.0,100,113.687866,False,False,4
3.65,35,113.698121,False,True,5
-0.03,3,113.699362,False,True,1
3.64,36,113.709952,False,True,5
-2.0,100,113.741088,False,False,4
0.0,100,113.769294,False,False,6
2.9,10,113.771757,False,True,4
-0.03,3,113.772984,False,True,1
2.51,49,113.787986,False,True,4
0.0,100,113.81794,False,False,6
4.68,32,113.828184,False,True,6
0.92,8,113.830817,False,True,2
3.93,7,113.833313,False,True,5
1.94,6,113.83555,False,True,3
5.37,63,113.855488,False,True,7
0.93,7,113.858191,False,True,2
1.97,3,113.85942,False,True,3
1.89,11,113.862822,False,True,3
0.84,16,113.867948,False,True,2
-0.03,3,113.868562,False,True,1
1.73,27,113.877064,False,True,3
5.11,89,113.904965,False,True,7
-0.1,10,113.908771,False,True,1
4.71,29,113.917538,False,True,6
-0.02,2,113.91874,False,True,1
1.94,6,113.920436,False,True,3
3.76,24,113.927861,False,True,5
2.62,38,113.940129,False,True,4
1.83,17,113.945317,False,True,3
-0.04,4,113.946602,False,True,1
1.91,9,113.949188,False,True,3
-0.1,10,113.952744,False,True,1
-0.07,7,113.954213,False,True,1
5.71,29,113.963665,False,True,7
0.96,4,113.965005,False,True,2
4.4,60,113.983404,False,True,6
2.79,21,113.989561,False,True,4
-3.0,100,114.018002,False,False,3
0.88,12,114.021744,False,True,2
2.89,11,114.025143,False,True,4
1.89,11,114.027689,False,True,3
2.84,16,114.033884,False,True,4
3.8,20,114.040754,False,True,5
-0.02,2,114.041963,False,True,1
0.95,5,114.043288,False,True,2
2.92,8,114.045954,False,True,4
2.8,20,114.051982,False,True,4
-1.0,100,114.081646,False,False,5
0.66,34,114.091847,False,True,2
0.86,14,114.095662,False,True,2
1.92,8,114.097988,False,True,3
1.89,11,114.101741,False,True,3
1.87,13,114.105394,False,True,3
0.9,10,114.109014,False,True,2
0.96,4,114.110241,False,True,2
0.0,100,114.140835,False,False,6
2.43,57,114.157335,False,True,4
1.93,7,114.159774,False,True,3
1.68,32,114.168926,False,True,3
1.97,3,114.169575,False,True,3
-0.02,2,114.170762,False,True,1
-0.06,6,114.172234,False,True,1
2.46,54,114.188406,False,True,4
-0.04,4,114.189809,False,True,1
4.3,70,114.209628,False,True,6
1.46,54,114.226054,False,True,3
5.66,34,114.235693,False,True,7
0.96,4,114.237207,False,True,2
0.0,100,114.26629,False,False,6
2.78,22,114.273197,False,True,4
0.72,28,114.281046,False,True,2
2.71,29,114.289106,False,True,4
5.67,33,114.299085,False,True,7
1.94,6,114.301363,False,True,3
-5.0,100,114.329568,False,False,1
1.66,34,114.339297,False,True,3
-0.03,3,114.340589,False,True,1
1.96,4,114.342125,False,True,3
5.22,78,114.365361,False,True,7
-0.04,4,114.366741,False,True,1
-0.06,6,114.368342,False,True,1
0.89,11,114.371762,False,True,2
3.39,61,114.389484,False,True,5
5.44,56,114.406,False,True,7
1.73,27,114.414189,False,True,3
2.76,24,114.421915,False,True,4
3.85,15,114.426679,False,True,5
0.83,17,114.431505,False,True,2
2.22,78,114.455123,False,True,4
-1.0,100,114.482995,False,False,5
1.88,12,114.486368,False,True,3
1.73,27,114.494036,False,True,3
0.92,8,114.496871,False,True,2
1.79,21,114.503187,False,True,3
1.93,7,114.505502,False,True,3
-0.05,5,114.506951,False,True,1
2.29,71,114.528405,False,True,4
3.64,36,114.539235,False,True,5
1.67,33,114.548967,False,True,3
0.96,4,114.550421,False,True,2
1.92,8,114.552747,False,True,3
1.95,5,114.554896,False,True,3
2.41,59,114.57285,False,True,4
-0.11,11,114.576976,False,True,1
2.88,12,114.580656,False,True,4
-0.02,2,114.581909,False,True,1
-0.05,5,114.583446,False,True,1
1.81,19,114.589812,False,True,3
1.88,12,114.593806,False,True,3
-0.06,6,114.595382,False,True,1
1.94,6,114.597617,False,True,3
-0.02,2,114.598098,False,True,1
3.09,91,114.625607,False,True,5
2.94,6,114.627123,False,True,4
3.45,55,114.64275,False,True,5
1.84,16,114.647867,False,True,3
1.95,5,114.649337,False,True,3
0.0,100,114.679403,False,False,6
3.57,43,114.691813,False,True,5
1.1,90,114.719022,False,True,3
1.04,96,114.746811,False,True,3
1.91,9,114.749894,False,True,3
5.22,78,114.772158,False,True,7
0.81,19,114.778293,False,True,2
2.55,45,114.791985,False,True,4
-0.04,4,114.793393,False,True,1
-0.05,5,114.795787,False,True,1
-0.06,6,114.797517,False,True,1
4.46,54,114.813696,False,True,6
3.58,42,114.825032,False,True,5
-0.08,8,114.827494,False,True,1
2.74,26,114.835147,False,True,4
2.04,96,114.8638,False,True,4
3.04,96,114.891295,False,True,5
2.93,7,114.89288,False,True,4
2.55,45,114.907077,False,True,4
3.37,63,114.924209,False,True,5
5.59,41,114.936592,False,True,7
-2.0,100,114.964684,False,False,4
5.28,72,114.986252,False,True,7
0.0,100,115.014177,False,False,6
0.81,19,115.019279,False,True,2
2.65,35,115.029241,False,True,4
-0.13,13,115.032703,False,True,1
-0.05,5,115.03465,False,True,1
3.73,27,115.042842,False,True,5
3.22,78,115.066774,False,True,5
2.92,8,115.069181,False,True,4
0.92,8,115.071524,False,True,2
2.56,44,115.084817,False,True,4
2.34,66,115.104128,False,True,4
1.87,13,115.108703,False,True,3
0.96,4,115.109965,False,True,2
0.22,78,115.132873,False,True,2
0.96,4,115.1341,False,True,2
4.21,79,115.157297,False,True,6
2.47,53,115.176222,False,True,4
5.56,44,115.189386,False,True,7
-0.12,12,115.192923,False,True,1
2.78,22,115.199961,False,True,4
-2.0,100,115.229727,False,False,4
-4.0,100,115.258356,False,False,2
1.59,41,115.269618,False,True,3
0.33,67,115.290637,False,True,2
0.81,19,115.295791,False,True,2
2.51,49,115.310415,False,True,4
2.54,46,115.323043,False,True,4
3.34,66,115.342709,False,True,5
-2.0,100,115.371978,False,False,4
5.27,73,115.393706,False,True,7
1.94,6,115.395377,False,True,3
-0.26,26,115.40358,False,True,1
0.75,25,115.411248,False,True,2
2.95,5,115.412639,False,True,4
-0.02,2,115.413735,False,True,1
0.85,15,115.418234,False,True,2
0.72,28,115.42711,False,True,2
2.86,14,115.430781,False,True,4
-2.0,100,115.45891,False,False,4
2.8,20,115.466008,False,True,4
-2.0,100,115.498371,False,False,4
0.96,4,115.499634,False,True,2
3.12,88,115.524282,False,True,5
-0.31,31,115.535022,False,True,1
2.56,44,115.548931,False,True,4
0.0,100,115.577597,False,False,6
1.68,32,115.586689,False,True,3
-0.02,2,115.587143,False,True,1
1.65,35,115.597547,False,True,3
-0.03,3,115.598747,False,True,1
0.76,24,115.60616,False,True,2
0.89,11,115.609807,False,True,2
0.08,92,115.639421,False,True,2
0.96,4,115.640867,False,True,2
0.91,9,115.643337,False,True,2
-3.0,100,115.6732,False,False,3
3.64,36,115.68368,False,True,5
2.64,36,115.694037,False,True,4
1.66,34,115.703327,False,True,3
-0.03,3,115.704875,False,True,1
0.67,33,115.714463,False,True,2
2.77,23,115.721699,False,True,4
1.77,23,115.729182,False,True,3
2.34,66,115.749614,False,True,4
0.78,22,115.756984,False,True,2
0.88,12,115.761167,False,True,2
0.84,16,115.766006,False,True,2
1.53,47,115.781339,False,True,3
-0.02,2,115.781747,False,True,1
1.64,36,115.792995,False,True,3
2.39,61,115.81072,False,True,4
0.92,8,115.813428,False,True,2
1.78,22,115.82053,False,True,3
-0.02,2,115.820889,False,True,1
3.09,91,115.849348,False,True,5
-0.21,21,115.855066,False,True,1
0.79,21,115.862007,False,True,2
1.61,39,115.87302,False,True,3
1.93,7,115.875517,False,True,3
-0.05,5,115.877087,False,True,1
-0.02,2,115.878202,False,True,1
-0.08,8,115.880627,False,True,1
-0.12,12,115.884715,False,True,1
1.62,38,115.897042,False,True,3
-1.0,100,115.927594,False,False,5
1.9,10,115.930884,False,True,3
1.86,14,115.934575,False,True,3
0.86,14,115.940109,False,True,2
2.83,17,115.945746,False,True,4
6.34,66,115.966663,False,True,8
0.77,23,115.972917,False,True,2
0.91,9,115.97628,False,True,2
0.0,100,116.005325,False,False,6
0.92,8,116.007604,False,True,2
1.96,4,116.008961,False,True,3
1.91,9,116.011721,False,True,3
2.48,52,116.027649,False,True,4
2.51,49,116.041601,False,True,4
3.65,35,116.051689,False,True,5
3.49,51,116.067453,False,True,5
0.71,29,116.076702,False,True,2
5.77,23,116.084317,False,True,7
0.91,9,116.087454,False,True,2
-0.05,5,116.089161,False,True,1
1.42,58,116.107942,False,True,3
0.76,24,116.115107,False,True,2
-0.04,4,116.116292,False,True,1
1.69,31,116.125108,False,True,3
-0.04,4,116.126618,False,True,1
3.18,82,116.150477,False,True,5
1.46,54,116.166798,False,True,3
4.06,94,116.196761,False,True,6
5.24,76,116.219695,False,True,7
-3.0,100,116.248205,False,False,3
1.87,13,116.251781,False,True,3
3.33,67,116.273547,False,True,5
-0.03,3,116.27495,False,True,1
2.58,42,116.287406,False,True,4
2.34,66,116.307401,False,True,4
-4.0,100,116.339656,False,False,2
-0.05,5,116.3412,False,True,1
2.39,61,116.359332,False,True,4
0.18,82,116.383984,False,True,2
1.48,52,116.399635,False,True,3
3.62,38,116.410975,False,True,5
1.73,27,116.419163,False,True,3
3.69,31,116.428391,False,True,5
-0.04,4,116.42984,False,True,1
2.64,36,116.440679,False,True,4
0.0,100,116.471789,False,False,6
1.74,26,116.479363,False,True,3
0.86,14,116.484167,False,True,2
0.95,5,116.485499,False,True,2
-0.03,3,116.486776,False,True,1
0.0,100,116.515741,False,False,6
0.93,7,116.517509,False,True,2
-5.0,100,116.547721,False,False,1
-0.05,5,116.550321,False,True,1
2.73,27,116.559913,False,True,4
5.11,89,116.59111,False,True,7
3.29,71,116.61233,False,True,5
2.82,18,116.617889,False,True,4
1.79,21,116.623821,False,True,3
1.9,10,116.627496,False,True,3
0.27,73,116.648952,False,True,2
1.94,6,116.650414,False,True,3
-0.04,4,116.651741,False,True,1
1.75,25,116.66011,False,True,3
2.68,32,116.669846,False,True,4
1.94,6,116.671442,False,True,3
2.71,29,116.679948,False,True,4
0.92,8,116.68251,False,True,2
1.96,4,116.683806,False,True,3
2.7,30,116.694066,False,True,4
1.78,22,116.700894,False,True,3
1.72,28,116.710325,False,True,3
5.26,74,116.736065,False,True,7
0.68,32,116.745869,False,True,2
1.9,10,116.748834,False,True,3
0.06,94,116.778978,False,True,2
0.91,9,116.782548,False,True,2
-0.04,4,116.785236,False,True,1
-0.02,2,116.788113,False,True,1
0.2,80,116.817281,False,True,2
0.78,22,116.823978,False,True,2
-1.0,100,116.853951,False,False,5
1.87,13,116.857778,False,True,3
2.89,11,116.861359,False,True,4
-0.11,11,116.865069,False,True,1
-0.02,2,116.865443,False,True,1
2.7,30,116.876398,False,True,4
-0.76,76,116.901606,False,True,1
2.53,47,116.915799,False,True,4
-0.03,3,116.916267,False,True,1
0.95,5,116.918304,False,True,2
3.51,49,116.932915,False,True,5
-4.0,100,116.964162,False,False,2
-3.0,100,116.994209,False,False,3
0.74,26,117.001496,False,True,2
0.92,8,117.004232,False,True,2
0.98,2,117.005365,False,True,2
2.6,40,117.017498,False,True,4
3.3,70,117.037886,False,True,5
0.97,3,117.03925,False,True,2
1.01,99,117.069831,False,True,3
2.44,56,117.086396,False,True,4
0.0,100,117.154013,False,False,6
1.73,27,117.163699,False,True,3
0.76,24,117.171722,False,True,2
2.72,28,117.180256,False,True,4
1.41,59,117.198315,False,True,3
0.9,10,117.202034,False,True,2
0.4,60,117.224731,False,True,2
-0.59,59,117.244089,False,True,1
0.71,29,117.252734,False,True,2
1.63,37,117.263885,False,True,3
0.05,95,117.293609,False,True,2
1.75,25,117.300945,False,True,3
3.79,21,117.307074,False,True,5
2.87,13,117.311414,False,True,4
1.74,26,117.319025,False,True,3
5.47,53,117.335211,False,True,7
-0.02,2,117.336624,False,True,1
0.0,100,117.369169,False,False,6
0.68,32,117.378823,False,True,2
3.72,28,117.387521,False,True,5
2.86,14,117.391485,False,True,4
0.85,15,117.396439,False,True,2
3.69,31,117.406359,False,True,5
0.93,7,117.408872,False,True,2
2.56,44,117.421921,False,True,4
-3.0,100,117.45203,False,False,3
0.15,85,117.477395,False,True,2
3.3,70,117.498816,False,True,5
2.46,54,117.515459,False,True,4
0.94,6,117.517005,False,True,2
-0.08,8,117.519275,False,True,1
1.92,8,117.521786,False,True,3
0.29,71,117.543154,False,True,2
-0.02,2,117.544449,False,True,1
0.0,100,117.574461,False,False,6
3.45,55,117.590496,False,True,5
4.44,56,117.60647,False,True,6
1.78,22,117.6144,False,True,3
5.49,51,117.630949,False,True,7
-0.02,2,117.631269,False,True,1
0.77,23,117.638695,False,True,2
-0.07,7,117.641468,False,True,1
2.47,53,117.657994,False,True,4
1.81,19,117.66403,False,True,3
-0.07,7,117.665607,False,True,1
3.38,62,117.68406,False,True,5
1.52,48,117.698308,False,True,3
0.0,100,117.727605,False,False,6
-0.78,78,117.749508,False,True,1
-0.02,2,117.750835,False,True,1
-0.01,1,117.751015,False,True,1
-0.2,20,117.758472,False,True,1
1.88,12,117.762813,False,True,3
1.93,7,117.765594,False,True,3
1.94,6,117.767192,False,True,3
1.38,62,117.788436,False,True,3
-4.0,100,117.819387,False,False,2
1.77,23,117.827118,False,True,3
0.8,20,117.833986,False,True,2
3.02,98,117.864337,False,True,5
3.59,41,117.876885,False,True,5
-0.09,9,117.881614,False,True,1
0.76,24,117.890128,False,True,2
2.46,54,117.907191,False,True,4
0.07,93,117.935863,False,True,2
0.8,20,117.942231,False,True,2
1.44,56,117.959652,False,True,3
1.63,37,117.971417,False,True,3
1.61,39,117.982925,False,True,3
3.87,13,117.987853,False,True,5
1.91,9,117.990606,False,True,3
2.87,13,117.994666,False,True,4
0.16,84,118.021991,False,True,2
1.92,8,118.024635,False,True,3
0.56,44,118.038841,False,True,2
1.69,31,118.048863,False,True,3
1.91,9,118.051586,False,True,3
0.65,35,118.063195,False,True,2
2.57,43,118.075962,False,True,4
0.36,64,118.094509,False,True,2
2.71,29,118.104047,False,True,4
3.79,21,118.11056,False,True,5
-2.0,100,118.141958,False,False,4
2.52,48,118.156175,False,True,4
0.58,42,118.169171,False,True,2
-1.0,100,118.19861,False,False,5
3.03,97,118.230354,False,True,5
5.09,91,118.257283,False,True,7
1.85,15,118.261277,False,True,3
2.7,30,118.271509,False,True,4
4.11,89,118.298923,False,True,6
3.85,15,118.303112,False,True,5
2.52,48,118.316837,False,True,4
0.78,22,118.323355,False,True,2
0.87,13,118.328789,False,True,2
0.92,8,118.331599,False,True,2
-4.0,100,118.365437,False,False,2
0.01,99,118.39522,False,True,2
1.74,26,118.403214,False,True,3
0.93,7,118.405705,False,True,2
-0.24,24,118.413148,False,True,1
1.16,84,118.440119,False,True,3
3.57,43,118.452285,False,True,5
1.18,82,118.477132,False,True,3
1.67,33,118.486918,False,True,3
4.43,57,118.504287,False,True,6
0.06,94,118.533838,False,True,2
2.48,52,118.549661,False,True,4
0.0,100,118.580092,False,False,6
0.78,22,118.586347,False,True,2
3.05,95,118.616726,False,True,5
0.0,100,118.647126,False,False,6
-0.03,3,118.648334,False,True,1
-0.05,5,118.649889,False,True,1
3.92,8,118.652366,False,True,5
-0.05,5,118.65364,False,True,1
-4.0,100,118.684633,False,False,2
1.4,60,118.7034,False,True,3
0.78,22,118.710441,False,True,2
2.48,52,118.725962,False,True,4
3.15,85,118.751312,False,True,5
1.95,5,118.752878,False,True,3
0.43,57,118.771141,False,True,2
0.82,18,118.776065,False,True,2
0.91,9,118.77853,False,True,2
-1.0,100,118.808744,False,False,5
1.93,7,118.811304,False,True,3
2.25,75,118.833747,False,True,4
3.77,23,118.840479,False,True,5
0.59,41,118.853198,False,True,2
-0.24,24,118.860735,False,True,1
-2.0,100,118.891661,False,False,4
-1.0,100,118.923072,False,False,5
4.37,63,118.943154,False,True,6
1.4,60,118.961296,False,True,3
0.0,100,118.990824,False,False,6
0.0,100,119.018147,False,False,6
-0.73,73,119.039738,False,True,1
-1.0,100,119.068867,False,True,1
2.85,15,119.073633,False,True,4
1.78,22,119.07992,False,True,3
-0.04,4,119.081291,False,True,1
0.93,7,119.08383,False,True,2
-0.03,3,119.084942,False,True,1
0.57,43,119.099118,False,True,2
1.54,46,119.114386,False,True,3
1.72,28,119.12319,False,True,3
-0.02,2,119.123502,False,True,1
0.5,50,119.140009,False,True,2
3.26,74,119.1637,False,True,5
0.82,18,119.169878,False,True,2
1.39,61,119.187543,False,True,3
1.73,27,119.195542,False,True,3
1.77,23,119.202852,False,True,3
-1.0,100,119.232756,False,False,5
0.78,22,119.239128,False,True,2
0.64,36,119.250398,False,True,2
0.46,54,119.267888,False,True,2
1.7,30,119.276871,False,True,3
0.74,26,119.285991,False,True,2
2.9,10,119.289206,False,True,4
2.75,25,119.29734,False,True,4
-0.76,76,119.321196,False,True,1
0.19,81,119.345553,False,True,2
0.06,94,119.372837,False,True,2
-1.0,100,119.402766,False,False,5
0.97,3,119.404072,False,True,2
2.48,52,119.41878,False,True,4
1.4,60,119.435391,False,True,3
1.37,63,119.454302,False,True,3
-0.23,23,119.460344,False,True,1
2.76,24,119.467684,False,True,4
6.67,33,119.477601,False,True,8
1.61,39,119.490048,False,True,3
3.72,28,119.505462,False,True,5
5.36,64,119.526448,False,True,7
-0.1,10,119.529909,False,True,1
-0.71,71,119.550937,False,True,1
1.54,46,119.56375,False,True,3
2.56,44,119.576859,False,True,4
0.81,19,119.582778,False,True,2
3.38,62,119.602096,False,True,5
1.8,20,119.608291,False,True,3
1.7,30,119.618168,False,True,3
-3.0,100,119.64546,False,False,3
1.97,3,119.646694,False,True,3
-0.02,2,119.646934,False,True,1
-0.06,6,119.649032,False,True,1
-0.44,44,119.662009,False,True,1
0.52,48,119.676665,False,True,2
0.57,43,119.68827,False,True,2
-0.9,90,119.713735,False,True,1
0.82,18,119.718557,False,True,2
0.45,55,119.735055,False,True,2
3.0,100,119.764466,False,True,5
5.05,95,119.792681,False,True,7
1.87,13,119.796152,False,True,3
1.41,59,119.814332,False,True,3
4.29,71,119.834716,False,True,6
-0.05,5,119.83604,False,True,1
5.24,76,119.858512,False,True,7
2.71,29,119.867163,False,True,4
2.62,38,119.87977,False,True,4
-2.0,100,119.90794,False,False,4
0.94,6,119.909376,False,True,2
1.97,3,119.910601,False,True,3
-3.0,100,119.939881,False,False,3
1.25,75,119.961275,False,True,3
0.0,100,119.989047,False,False,6
-3.0,100,120.018601,False,False,3
-0.0,100,120.047264,False,True,2
1.96,4,120.048421,False,True,3
1.82,18,120.053293,False,True,3
0.63,37,120.06421,False,True,2
-0.08,8,120.067076,False,True,1
2.69,31,120.076151,False,True,4
0.79,21,120.083088,False,True,2
0.46,54,120.100266,False,True,2
2.42,58,120.117836,False,True,4
-0.02,2,120.118994,False,True,1
0.95,5,120.12033,False,True,2
1.56,44,120.13432,False,True,3
0.88,12,120.137965,False,True,2
-0.02,2,120.138952,False,True,1
-0.09,9,120.141498,False,True,1
-0.1,10,120.144154,False,True,1
4.52,48,120.159143,False,True,6
0.83,17,120.16526,False,True,2
0.72,28,120.173627,False,True,2
1.88,12,120.177568,False,True,3
0.89,11,120.18033,False,True,2
1.8,20,120.186658,False,True,3
1.69,31,120.196084,False,True,3
1.93,7,120.198441,False,True,3
1.95,5,120.199722,False,True,3
0.85,15,120.204645,False,True,2
-0.84,84,120.228665,False,True,1
0.7,30,120.237634,False,True,2
2.66,34,120.248689,False,True,4
1.66,34,120.258764,False,True,3
1.66,34,120.269757,False,True,3
-0.09,9,120.272712,False,True,1
0.69,31,120.28271,False,True,2
0.54,46,120.296207,False,True,2
1.51,49,120.31103,False,True,3
0.78,22,120.317295,False,True,2
-2.0,100,120.34726,False,False,4
-0.96,96,120.377696,False,True,1
-0.05,5,120.379149,False,True,1
0.56,44,120.393167,False,True,2
3.35,65,120.412751,False,True,5
1.88,12,120.41631,False,True,3
-0.1,10,120.418961,False,True,1
2.71,29,120.42875,False,True,4
0.61,39,120.441567,False,True,2
2.75,25,120.448656,False,True,4
-0.02,2,120.449908,False,True,1
1.67,33,120.459848,False,True,3
1.86,14,120.464628,False,True,3
-0.02,2,120.464984,False,True,1
0.83,17,120.470076,False,True,2
-0.1,10,120.473604,False,True,1
-0.05,5,120.475095,False,True,1
-0.02,2,120.476155,False,True,1
0.95,5,120.47753,False,True,2
0.91,9,120.480289,False,True,2
2.66,34,120.491179,False,True,4
2.79,21,120.497449,False,True,4
3.88,12,120.501186,False,True,5
0.0,100,120.531182,False,False,6
-1.0,100,120.559318,False,False,5
2.46,54,120.575054,False,True,4
-0.76,76,120.597306,False,True,1
-0.09,9,120.60075,False,True,1
1.56,44,120.614261,False,True,3
0.18,82,120.636998,False,True,2
3.45,55,120.652962,False,True,5
0.94,6,120.654469,False,True,2
1.68,32,120.663929,False,True,3
0.56,44,120.676945,False,True,2
2.77,23,120.68376,False,True,4
0.64,36,120.694386,False,True,2
-4.0,100,120.725921,False,False,2
2.2,80,120.748738,False,True,4
-5.0,100,120.777441,False,False,1
-5.0,100,120.809083,False,False,1
1.89,11,120.813115,False,True,3
0.74,26,120.82065,False,True,2
-5.0,100,120.849549,False,False,1
1.92,8,120.851954,False,True,3
0.9,10,120.855045,False,True,2
-4.0,100,120.885852,False,False,2
-0.2,20,120.892264,False,True,1
0.96,4,120.893761,False,True,2
2.73,27,120.90196,False,True,4
0.76,24,120.909776,False,True,2
3.84,16,120.914392,False,True,5
0.34,66,120.934735,False,True,2
1.49,51,120.9494,False,True,3
0.95,5,120.950629,False,True,2
1.96,4,120.951727,False,True,3
2.74,26,120.96166,False,True,4
2.84,16,120.966602,False,True,4
1.43,57,120.98356,False,True,3
-0.12,12,120.987393,False,True,1
3.35,65,121.005874,False,True,5
1.5,50,121.020504,False,True,3
-0.08,8,121.022748,False,True,1
0.0,100,121.052146,False,False,6
1.95,5,121.053792,False,True,3
0.93,7,121.056017,False,True,2
0.69,31,121.064739,False,True,2
-0.08,8,121.067358,False,True,1
-6.0,100,121.098369,False,False,0
5.11,89,121.126261,False,True,7
1.14,86,121.149821,False,True,3
0.5,50,121.164263,False,True,2
2.84,16,121.169199,False,True,4
1.44,56,121.186002,False,True,3
-1.0,100,121.21821,False,False,5
0.93,7,121.219994,False,True,2
1.85,15,121.22509,False,True,3
-5.0,100,121.25322,False,False,1
3.82,18,121.25865,False,True,5
3.21,79,121.280247,False,True,5
0.6,40,121.292514,False,True,2
2.8,20,121.298231,False,True,4
-0.08,8,121.300494,False,True,1
-2.0,100,121.329082,False,False,4
3.74,26,121.336835,False,True,5
-1.0,100,121.365383,False,False,5
1.51,49,121.379246,False,True,3
-0.36,36,121.38974,False,True,1
0.24,76,121.413651,False,True,2
0.0,100,121.442897,False,False,6
0.95,5,121.444205,False,True,2
0.07,93,121.472602,False,True,2
-0.03,3,121.473316,False,True,1
0.21,79,121.497783,False,True,2
5.07,93,121.525444,False,True,7
-3.0,100,121.554614,False,False,3
1.4,60,121.572945,False,True,3
-0.88,88,121.59981,False,True,1
1.23,77,121.622128,False,True,3
0.16,84,121.647698,False,True,2
1.97,3,121.648293,False,True,3
-3.0,100,121.677374,False,False,3
0.97,3,121.678621,False,True,2
3.43,57,121.694628,False,True,5
3.7,30,121.704171,False,True,5
-0.83,83,121.72839,False,True,1
3.77,23,121.734291,False,True,5
13.22,78,121.757297,True,False,9
0.47,53,121.774723,False,True,2
-1.0,100,121.804796,False,False,5
1.29,71,121.825907,False,True,3
0.82,18,121.830841,False,True,2
0.57,43,121.843715,False,True,2
0.8,20,121.849718,False,True,2
1.65,35,121.860001,False,True,3
1.25,75,121.881565,False,True,3
0.36,64,121.900338,False,True,2
1.79,21,121.90609,False,True,3
0.4,60,121.923533,False,True,2
1.26,74,121.943822,False,True,3
0.91,9,121.947116,False,True,2
0.6,40,121.959367,False,True,2
0.71,29,121.967959,False,True,2
-1.0,100,121.997148,False,False,5
-0.43,43,122.010971,False,True,1
0.93,7,122.012596,False,True,2
1.69,31,122.023325,False,True,3
0.73,27,122.032916,False,True,2
0.8,20,122.039186,False,True,2
2.61,39,122.052851,False,True,4
-0.06,6,122.054411,False,True,1
0.36,64,122.074289,False,True,2
0.65,35,122.085512,False,True,2
1.6,40,122.09744,False,True,3
4.0,100,122.126889,False,True,6
0.92,8,122.129746,False,True,2
4.74,26,122.137369,False,True,6
0.73,27,122.146348,False,True,2
0.56,44,122.160634,False,True,2
0.91,9,122.163329,False,True,2
1.92,8,122.16625,False,True,3
-0.02,2,122.167745,False,True,1
-0.06,6,122.169213,False,True,1
0.15,85,122.198016,False,True,2
1.92,8,122.201393,False,True,3
0.91,9,122.203973,False,True,2
2.93,7,122.206637,False,True,4
2.91,9,122.209443,False,True,4
0.95,5,122.210922,False,True,2
1.36,64,122.231015,False,True,3
0.92,8,122.233512,False,True,2
0.0,100,122.263361,False,False,6
0.86,14,122.267914,False,True,2
-0.03,3,122.268284,False,True,1
0.9,10,122.272063,False,True,2
0.41,59,122.292241,False,True,2
0.9,10,122.295063,False,True,2
2.88,12,122.299008,False,True,4
0.8,20,122.305249,False,True,2
1.41,59,122.323471,False,True,3
0.77,23,122.330924,False,True,2
1.96,4,122.332365,False,True,3
0.94,6,122.334094,False,True,2
0.78,22,122.341694,False,True,2
0.83,17,122.347149,False,True,2
-3.0,100,122.37766,False,False,3
1.9,10,122.380415,False,True,3
2.21,79,122.402937,False,True,4
-0.61,61,122.420942,False,True,1
-0.12,12,122.424376,False,True,1
0.66,34,122.434277,False,True,2
0.89,11,122.437873,False,True,2
-0.23,23,122.444022,False,True,1
0.36,64,122.462935,False,True,2
0.77,23,122.469811,False,True,2
1.82,18,122.475098,False,True,3
0.12,88,122.500864,False,True,2
0.3,70,122.520539,False,True,2
1.7,30,122.529425,False,True,3
-1.0,100,122.558073,False,False,5
1.72,28,122.56704,False,True,3
-0.11,11,122.569852,False,True,1
1.65,35,122.580627,False,True,3
2.46,54,122.597139,False,True,4
2.51,49,122.614683,False,True,4
3.2,80,122.641324,False,True,5
0.24,76,122.664279,False,True,2
2.62,38,122.674598,False,True,4
1.87,13,122.678985,False,True,3
2.57,43,122.691353,False,True,4
0.72,28,122.700208,False,True,2
0.0,100,122.730887,False,False,6
1.81,19,122.737138,False,True,3
-0.16,16,122.742815,False,True,1
0.78,22,122.750138,False,True,2
-0.11,11,122.75332,False,True,1
0.98,2,122.754568,False,True,2
-0.06,6,122.756047,False,True,1
2.56,44,122.769777,False,True,4
0.41,59,122.789779,False,True,2
6.09,91,122.817754,False,True,8
-0.09,9,122.820294,False,True,1
1.54,46,122.834215,False,True,3
-0.11,11,122.836691,False,True,1
-0.02,2,122.837857,False,True,1
-0.06,6,122.839394,False,True,1
0.19,81,122.863991,False,True,2
0.89,11,122.86671,False,True,2
0.59,41,122.879907,False,True,2
-0.12,12,122.883632,False,True,1
0.85,15,122.887771,False,True,2
0.0,100,122.917909,False,False,6
1.84,16,122.92271,False,True,3
3.58,42,122.935818,False,True,5
-0.14,14,122.939672,False,True,1
1.78,22,122.946534,False,True,3
-0.07,7,122.949041,False,True,1
0.26,74,122.971262,False,True,2
0.8,20,122.97721,False,True,2
0.85,15,122.982031,False,True,2
-0.07,7,122.984494,False,True,1
3.12,88,123.010581,False,True,5
-2.0,100,123.039255,False,False,4
1.94,6,123.040924,False,True,3
0.96,4,123.042362,False,True,2
-1.0,100,123.072938,False,False,5
1.92,8,123.075442,False,True,3
1.25,75,123.097174,False,True,3
-0.06,6,123.098806,False,True,1
0.67,33,123.1097,False,True,2
1.97,3,123.110186,False,True,3
0.8,20,123.116015,False,True,2
-0.04,4,123.117316,False,True,1
3.38,62,123.135552,False,True,5
0.93,7,123.137981,False,True,2
0.98,2,123.13834,False,True,2
0.7,30,123.15001,False,True,2
1.84,16,123.15562,False,True,3
4.83,17,123.161027,False,True,6
1.26,74,123.182555,False,True,3
0.75,25,123.190983,False,True,2
0.79,21,123.197351,False,True,2
2.87,13,123.20117,False,True,4
3.22,78,123.223629,False,True,5
0.56,44,123.237207,False,True,2
1.96,4,123.238517,False,True,3
2.92,8,123.241116,False,True,4
1.73,27,123.248423,False,True,3
0.78,22,123.255972,False,True,2
0.75,25,123.26322,False,True,2
-2.0,100,123.295153,False,False,4
0.93,7,123.29771,False,True,2
-0.03,3,123.299094,False,True,1
0.9,10,123.302206,False,True,2
2.62,38,123.315571,False,True,4
-0.06,6,123.317386,False,True,1
-0.05,5,123.319065,False,True,1
2.34,66,123.340836,False,True,4
2.52,48,123.355745,False,True,4
1.91,9,123.358512,False,True,3
1.47,53,123.375249,False,True,3
4.56,44,123.389368,False,True,6
1.63,37,123.4005,False,True,3
-0.11,11,123.403374,False,True,1
0.91,9,123.407095,False,True,2
1.86,14,123.4111,False,True,3
2.34,66,123.433352,False,True,4
1.89,11,123.436356,False,True,3
2.92,8,123.439118,False,True,4
2.69,31,123.4493,False,True,4
1.16,84,123.474514,False,True,3
1.57,43,123.487558,False,True,3
0.46,54,123.504044,False,True,2
2.91,9,123.507999,False,True,4
1.64,36,123.518792,False,True,3
0.94,6,123.520483,False,True,2
1.88,12,123.524421,False,True,3
1.94,6,123.526764,False,True,3
2.31,69,123.549029,False,True,4
3.43,57,123.566658,False,True,5
1.47,53,123.582613,False,True,3
-3.0,100,123.611436,False,False,3
0.88,12,123.61477,False,True,2
-0.04,4,123.615985,False,True,1
0.7,30,123.625042,False,True,2
0.51,49,123.639816,False,True,2
0.0,100,123.667895,False,False,6
-0.15,15,123.67228,False,True,1
-0.13,13,123.67609,False,True,1
0.91,9,123.678846,False,True,2
1.76,24,123.686393,False,True,3
1.59,41,123.698822,False,True,3
-0.18,18,123.703805,False,True,1
1.91,9,123.70637,False,True,3
3.41,59,123.724187,False,True,5
0.25,75,123.744499,False,True,2
0.57,43,123.757513,False,True,2
0.15,85,123.781956,False,True,2
0.39,61,123.799076,False,True,2
0.63,37,123.808874,False,True,2
1.81,19,123.814406,False,True,3
3.33,67,123.83476,False,True,5
-0.01,1,123.835019,False,True,1
1.9,10,123.838379,False,True,3
-0.53,53,123.85455,False,True,1
1.71,29,123.862994,False,True,3
0.43,57,123.879161,False,True,2
2.41,59,123.895822,False,True,4
2.88,12,123.899471,False,True,4
0.95,5,123.900898,False,True,2
0.5,50,123.916179,False,True,2
-0.11,11,123.919636,False,True,1
0.64,36,123.930258,False,True,2
0.6,40,123.941598,False,True,2
1.75,25,123.949054,False,True,3
0.97,3,123.950308,False,True,2
0.88,12,123.95411,False,True,2
-0.06,6,123.95549,False,True,1
0.91,9,123.957895,False,True,2
-0.01,1,123.959401,False,True,1
0.6,40,123.971919,False,True,2
1.79,21,123.977883,False,True,3
-3.0,100,124.007152,False,False,3
-0.41,41,124.018839,False,True,1
0.88,12,124.022314,False,True,2
-0.22,22,124.029171,False,True,1
0.9,10,124.031718,False,True,2
4.65,35,124.04203,False,True,6
0.95,5,124.04344,False,True,2
-0.45,45,124.056237,False,True,1
1.51,49,124.07136,False,True,3
-0.01,1,124.071666,False,True,1
-1.0,100,124.102017,False,False,5
-2.0,100,124.129469,False,False,4
-0.04,4,124.130628,False,True,1
0.98,2,124.130938,False,True,2
1.79,21,124.138038,False,True,3
2.48,52,124.153587,False,True,4
2.91,9,124.156238,False,True,4
0.88,12,124.159608,False,True,2
1.73,27,124.168047,False,True,3
1.95,5,124.169413,False,True,3
2.51,49,124.185121,False,True,4
1.67,33,124.194734,False,True,3
1.9,10,124.19841,False,True,3
0.67,33,124.208178,False,True,2
1.9,10,124.211724,False,True,3
0.88,12,124.215034,False,True,2
2.46,54,124.230492,False,True,4
1.48,52,124.245431,False,True,3
0.78,22,124.252049,False,True,2
1.75,25,124.259046,False,True,3
1.92,8,124.261715,False,True,3
0.8,20,124.268002,False,True,2
-2.0,100,124.297492,False,False,4
0.98,2,124.297809,False,True,2
4.05,95,124.32603,False,True,6
-0.03,3,124.327164,False,True,1
0.66,34,124.33652,False,True,2
2.65,35,124.346394,False,True,4
1.39,61,124.363647,False,True,3
2.58,42,124.376229,False,True,4
-1.0,100,124.404235,False,False,5
0.88,12,124.407789,False,True,2
1.7,30,124.417065,False,True,3
1.78,22,124.424294,False,True,3
1.05,95,124.453072,False,True,3
-0.05,5,124.454473,False,True,1
1.79,21,124.460474,False,True,3
0.87,13,124.464466,False,True,2
1.75,25,124.472442,False,True,3
-0.03,3,124.472911,False,True,1
0.68,32,124.482404,False,True,2
1.47,53,124.498142,False,True,3
-2.0,100,124.525766,False,False,4
0.88,12,124.529366,False,True,2
4.31,69,124.549063,False,True,6
1.91,9,124.551659,False,True,3
1.75,25,124.558735,False,True,3
1.81,19,124.564469,False,True,3
1.55,45,124.577151,False,True,3
-0.04,4,124.57843,False,True,1
-0.38,38,124.590192,False,True,1
0.85,15,124.594623,False,True,2
0.87,13,124.598724,False,True,2
3.24,76,124.620612,False,True,5
0.83,17,124.625028,False,True,2
1.92,8,124.627548,False,True,3
1.78,22,124.634597,False,True,3
1.46,54,124.649693,False,True,3
3.32,68,124.66878,False,True,5
-0.07,7,124.670958,False,True,1
0.55,45,124.684229,False,True,2
-0.1,10,124.687922,False,True,1
1.61,39,124.698369,False,True,3
1.84,16,124.703159,False,True,3
-0.15,15,124.707995,False,True,1
-0.2,20,124.71417,False,True,1
-0.06,6,124.716312,False,True,1
0.85,15,124.720359,False,True,2
1.82,18,124.72588,False,True,3
-0.05,5,124.72721,False,True,1
0.82,18,124.732544,False,True,2
1.87,13,124.736159,False,True,3
-0.04,4,124.737473,False,True,1
1.77,23,124.743947,False,True,3
4.77,23,124.750187,False,True,6
0.91,9,124.753751,False,True,2
1.92,8,124.756228,False,True,3
0.9,10,124.759034,False,True,2
2.65,35,124.770222,False,True,4
1.5,50,124.784777,False,True,3
3.4,60,124.802818,False,True,5
-2.0,100,124.831264,False,False,4
1.45,55,124.847502,False,True,3
-0.13,13,124.851074,False,True,1
1.57,43,124.865481,False,True,3
0.86,14,124.870399,False,True,2
0.58,42,124.883599,False,True,2
0.92,8,124.886252,False,True,2
-0.09,9,124.889013,False,True,1
1.73,27,124.897471,False,True,3
0.48,52,124.912523,False,True,2
0.7,30,124.921069,False,True,2
-0.03,3,124.921622,False,True,1
1.47,53,124.937791,False,True,3
0.93,7,124.939331,False,True,2
0.74,26,124.947281,False,True,2
-0.06,6,124.949179,False,True,1
1.93,7,124.951518,False,True,3
0.91,9,124.95417,False,True,2
1.6,40,124.967255,False,True,3
0.94,6,124.969888,False,True,2
0.92,8,124.972614,False,True,2
0.94,6,124.974174,False,True,2
-0.03,3,124.975358,False,True,1
1.55,45,124.990172,False,True,3
0.96,4,124.991391,False,True,2
1.96,4,124.992839,False,True,3
1.85,15,124.997903,False,True,3
1.79,21,125.00403,False,True,3
1.92,8,125.006559,False,True,3
1.67,33,125.018113,False,True,3
0.48,52,125.033762,False,True,2
0.91,9,125.036565,False,True,2
3.85,15,125.041158,False,True,5
1.82,18,125.046656,False,True,3
2.58,42,125.0597,False,True,4
1.38,62,125.076698,False,True,3
0.85,15,125.081503,False,True,2
2.32,68,125.101292,False,True,4
1.73,27,125.109114,False,True,3
0.69,31,125.118215,False,True,2
3.83,17,125.12418,False,True,5
0.47,53,125.139493,False,True,2
1.58,42,125.15089,False,True,3
-3.0,100,125.179697,False,False,3
1.63,37,125.190894,False,True,3
2.8,20,125.196831,False,True,4
2.65,35,125.206558,False,True,4
0.88,12,125.210059,False,True,2
3.3,70,125.23178,False,True,5
-0.12,12,125.235798,False,True,1
1.73,27,125.243612,False,True,3
0.67,33,125.253352,False,True,2
1.86,14,125.257206,False,True,3
1.28,72,125.277218,False,True,3
1.74,26,125.284891,False,True,3
1.67,33,125.294239,False,True,3
-3.0,100,125.322461,False,False,3
1.76,24,125.329277,False,True,3
0.55,45,125.341276,False,True,2
1.55,45,125.355052,False,True,3
1.96,4,125.356395,False,True,3
1.95,5,125.357813,False,True,3
0.86,14,125.361831,False,True,2
1.8,20,125.367775,False,True,3
0.86,14,125.372589,False,True,2
0.0,100,125.403446,False,False,6
0.0,100,125.431534,False,False,6
1.51,49,125.445468,False,True,3
-0.01,1,125.445723,False,True,1
5.57,43,125.458858,False,True,7
-0.05,5,125.460248,False,True,1
1.91,9,125.463451,False,True,3
-3.0,100,125.491299,False,False,3
4.34,66,125.509918,False,True,6
1.76,24,125.516879,False,True,3
1.73,27,125.525094,False,True,3
-0.07,7,125.527677,False,True,1
-0.38,38,125.538242,False,True,1
0.88,12,125.541999,False,True,2
1.0,100,125.574104,False,False,7
1.79,21,125.580291,False,True,3
0.91,9,125.583691,False,True,2
-0.06,6,125.585323,False,True,1
2.24,76,125.608327,False,True,4
-0.02,2,125.609525,False,True,1
0.0,100,125.640103,False,False,6
0.94,6,125.641677,False,True,2
0.63,37,125.653361,False,True,2
0.82,18,125.659389,False,True,2
2.34,66,125.679239,False,True,4
-1.0,100,125.708094,False,False,5
2.56,44,125.721907,False,True,4
1.91,9,125.725035,False,True,3
0.94,6,125.726803,False,True,2
0.81,19,125.732932,False,True,2
-0.12,12,125.736706,False,True,1
0.64,36,125.747738,False,True,2
0.93,7,125.749805,False,True,2
1.71,29,125.758183,False,True,3
-0.01,1,125.758566,False,True,1
0.35,65,125.779995,False,True,2
0.8,20,125.786324,False,True,2
1.0,100,125.816048,False,False,7
0.57,43,125.830495,False,True,2
-0.02,2,125.831579,False,True,1
1.76,24,125.839636,False,True,3
1.54,46,125.8534,False,True,3
1.47,53,125.870761,False,True,3
1.71,29,125.880261,False,True,3
0.12,88,125.905381,False,True,2
-0.03,3,125.905811,False,True,1
0.97,3,125.906938,False,True,2
-0.05,5,125.908334,False,True,1
-1.0,100,125.937713,False,False,5
0.77,23,125.944508,False,True,2
1.28,72,125.966043,False,True,3
-2.0,100,125.996209,False,False,4
0.79,21,126.001799,False,True,2
2.51,49,126.016429,False,True,4
0.91,9,126.019208,False,True,2
-0.07,7,126.021759,False,True,1
1.43,57,126.039129,False,True,3
2.54,46,126.051417,False,True,4
-0.05,5,126.05358,False,True,1
0.71,29,126.061799,False,True,2
-2.0,100,126.090009,False,False,4
1.9,10,126.092621,False,True,3
-0.04,4,126.093952,False,True,1
-2.0,100,126.125376,False,False,4
1.62,38,126.136863,False,True,3
1.56,44,126.149644,False,True,3
0.85,15,126.154223,False,True,2
1.87,13,126.157839,False,True,3
-0.05,5,126.159521,False,True,1
0.48,52,126.175253,False,True,2
1.85,15,126.179979,False,True,3
1.65,35,126.195642,False,True,3
0.58,42,126.217217,False,True,2
0.29,71,126.238559,False,True,2
1.64,36,126.249608,False,True,3
1.33,67,126.269857,False,True,3
0.93,7,126.271718,False,True,2
1.96,4,126.272922,False,True,3
2.75,25,126.280827,False,True,4
2.38,62,126.299257,False,True,4
1.95,5,126.30081,False,True,3
1.17,83,126.325145,False,True,3
1.24,76,126.347531,False,True,3
1.65,35,126.358017,False,True,3
1.38,62,126.375496,False,True,3
2.62,38,126.386585,False,True,4
2.5,50,126.401422,False,True,4
-0.04,4,126.402685,False,True,1
0.76,24,126.409532,False,True,2
-0.26,26,126.417767,False,True,1
2.38,62,126.43558,False,True,4
5.35,65,126.455141,False,True,7
-2.0,100,126.483393,False,False,4
0.7,30,126.491613,False,True,2
-0.35,35,126.502598,False,True,1
1.79,21,126.508547,False,True,3
0.7,30,126.5177,False,True,2
-0.06,6,126.519204,False,True,1
1.67,33,126.528858,False,True,3
-4.0,100,126.558294,False,False,2
-0.03,3,126.559619,False,True,1
0.53,47,126.573155,False,True,2
1.16,84,126.598331,False,True,3
0.97,3,126.599458,False,True,2
1.88,12,126.603362,False,True,3
-3.0,100,126.632094,False,False,3
1.22,78,126.655009,False,True,3
1.53,47,126.668407,False,True,3
-0.33,33,126.677468,False,True,1
2.23,77,126.69865,False,True,4
-1.0,100,126.727971,False,False,5
1.3,70,126.748622,False,True,3
2.77,23,126.755631,False,True,4
0.74,26,126.763702,False,True,2
0.78,22,126.771467,False,True,2
0.4,60,126.791881,False,True,2
2.61,39,126.802948,False,True,4
-3.0,100,126.830671,False,False,3
-0.84,84,126.856906,False,True,1
1.76,24,126.864218,False,True,3
2.73,27,126.872408,False,True,4
0.0,100,126.903313,False,False,6
2.62,38,126.915831,False,True,4
0.89,11,126.918991,False,True,2
-0.97,97,126.947766,False,True,1
-2.0,100,126.976768,False,False,4
2.73,27,126.984363,False,True,4
-0.47,47,126.999126,False,True,1
2.25,75,127.02346,False,True,4
0.75,25,127.031235,False,True,2
1.85,15,127.036178,False,True,3
0.62,38,127.047206,False,True,2
-0.54,54,127.062601,False,True,1
-0.04,4,127.063914,False,True,1
2.21,79,127.088435,False,True,4
1.95,5,127.089828,False,True,3
-2.0,100,127.118295,False,False,4
1.95,5,127.119627,False,True,3
0.35,65,127.137895,False,True,2
-0.03,3,127.139003,False,True,1
1.5,50,127.153832,False,True,3
-0.03,3,127.154318,False,True,1
0.53,47,127.170372,False,True,2
0.69,31,127.180827,False,True,2
0.49,51,127.196051,False,True,2
-2.0,100,127.224389,False,False,4
-0.08,8,127.226992,False,True,1
-0.03,3,127.227422,False,True,1
2.23,77,127.250632,False,True,4
2.44,56,127.267022,False,True,4
1.9,10,127.269924,False,True,3
-2.0,100,127.29932,False,False,4
1.26,74,127.32195,False,True,3
2.36,64,127.341333,False,True,4
0.45,55,127.359165,False,True,2
0.38,62,127.377926,False,True,2
2.92,8,127.3804,False,True,4
0.48,52,127.394865,False,True,2
1.95,5,127.396341,False,True,3
1.35,65,127.414821,False,True,3
2.55,45,127.428482,False,True,4
-0.02,2,127.42884,False,True,1
2.76,24,127.43573,False,True,4
-0.04,4,127.43715,False,True,1
1.52,48,127.452556,False,True,3
-0.0,100,127.481673,False,True,2
0.91,9,127.484384,False,True,2
-0.05,5,127.486389,False,True,1
3.29,71,127.507058,False,True,5
-0.04,4,127.508408,False,True,1
-0.43,43,127.521794,False,True,1
0.97,3,127.52292,False,True,2
2.94,6,127.524456,False,True,4
0.73,27,127.532731,False,True,2
-0.02,2,127.534066,False,True,1
0.35,65,127.553501,False,True,2
3.41,59,127.571494,False,True,5
2.49,51,127.585791,False,True,4
1.89,11,127.589337,False,True,3
1.53,47,127.60535,False,True,3
-0.65,65,127.625116,False,True,1
-0.05,5,127.626487,False,True,1
0.53,47,127.64084,False,True,2
2.56,44,127.654688,False,True,4
-0.41,41,127.667068,False,True,1
-0.5,50,127.682233,False,True,1
2.65,35,127.693255,False,True,4
2.7,30,127.702069,False,True,4
0.67,33,127.711229,False,True,2
-0.02,2,127.712324,False,True,1
0.51,49,127.727036,False,True,2
2.41,59,127.745396,False,True,4
1.91,9,127.747785,False,True,3
0.63,37,127.758344,False,True,2
0.61,39,127.770736,False,True,2
0.65,35,127.782939,False,True,2
-0.49,49,127.797975,False,True,1
1.93,7,127.800416,False,True,3
-0.03,3,127.80169,False,True,1
-4.0,100,127.83199,False,False,2
-0.36,36,127.84267,False,True,1
0.38,62,127.860033,False,True,2
0.8,20,127.865805,False,True,2
0.38,62,127.884552,False,True,2
1.67,33,127.893959,False,True,3
1.64,36,127.905119,False,True,3
-0.08,8,127.907594,False,True,1
-0.02,2,127.907914,False,True,1
1.51,49,127.923448,False,True,3
-3.0,100,127.951357,False,False,3
0.87,13,127.954988,False,True,2
0.2,80,127.979185,False,True,2
1.91,9,127.981617,False,True,3
-2.0,100,128.011556,False,False,4
-0.35,35,128.022684,False,True,1
-0.03,3,128.024054,False,True,1
0.78,22,128.030961,False,True,2
1.58,42,128.044535,False,True,3
-1.0,100,128.074497,False,False,5
-0.06,6,128.076065,False,True,1
-3.0,100,128.105181,False,False,3
-0.32,32,128.114664,False,True,1
0.73,27,128.123199,False,True,2
-0.16,16,128.128381,False,True,1
-0.05,5,128.129866,False,True,1
3.78,22,128.136778,False,True,5
1.4,60,128.154378,False,True,3
1.92,8,128.156815,False,True,3
-0.05,5,128.158284,False,True,1
1.41,59,128.177522,False,True,3
1.66,34,128.187579,False,True,3
0.85,15,128.192189,False,True,2
1.88,12,128.195921,False,True,3
1.55,45,128.209275,False,True,3
0.0,100,128.240342,False,False,6
-3.0,100,128.270324,False,False,3
-0.03,3,128.271585,False,True,1
1.52,48,128.28536,False,True,3
-0.02,2,128.28583,False,True,1
2.74,26,128.293525,False,True,4
0.89,11,128.29719,False,True,2
-0.05,5,128.298686,False,True,1
0.64,36,128.309731,False,True,2
-0.03,3,128.311093,False,True,1
0.39,61,128.329027,False,True,2
-4.0,100,128.358543,False,False,2
1.36,64,128.378514,False,True,3
2.89,11,128.381869,False,True,4
0.86,14,128.386136,False,True,2
2.58,42,128.39926,False,True,4
1.75,25,128.40668,False,True,3
0.6,40,128.41864,False,True,2
-2.0,100,128.448191,False,False,4
-0.06,6,128.449869,False,True,1
0.9,10,128.453844,False,True,2
-0.02,2,128.454154,False,True,1
-0.05,5,128.456317,False,True,1
3.15,85,128.480802,False,True,5
-0.03,3,128.482166,False,True,1
2.47,53,128.49784,False,True,4
-0.02,2,128.498203,False,True,1
-0.27,27,128.506283,False,True,1
2.55,45,128.519715,False,True,4
1.79,21,128.526332,False,True,3
-0.11,11,128.529178,False,True,1
-0.09,9,128.532416,False,True,1
1.46,54,128.54741,False,True,3
-0.01,1,128.54767,False,True,1
4.13,87,128.572877,False,True,6
-2.0,100,128.602819,False,False,4
1.67,33,128.612862,False,True,3
2.52,48,128.627317,False,True,4
0.61,39,128.63979,False,True,2
0.35,65,128.660536,False,True,2
-0.01,1,128.661835,False,True,1
1.96,4,128.663215,False,True,3
0.35,65,128.683716,False,True,2
0.42,58,128.700024,False,True,2
1.07,93,128.730108,False,True,3
0.59,41,128.742216,False,True,2
-0.49,49,128.755662,False,True,1
1.63,37,128.765604,False,True,3
1.62,38,128.777696,False,True,3
3.71,29,128.785863,False,True,5
-0.01,1,128.786098,False,True,1
2.42,58,128.803034,False,True,4
1.75,25,128.810582,False,True,3
0.63,37,128.831386,False,True,2
-0.02,2,128.832771,False,True,1
-0.47,47,128.84786,False,True,1
0.0,100,128.877515,False,False,6
1.28,72,128.898065,False,True,3
1.62,38,128.908811,False,True,3
-4.0,100,128.93677,False,False,2
2.61,39,128.948227,False,True,4
0.64,36,128.958682,False,True,2
0.97,3,128.959894,False,True,2
1.12,88,128.984608,False,True,3
0.43,57,129.001717,False,True,2
-0.02,2,129.002051,False,True,1
-1.0,100,129.030713,False,False,5
2.58,42,129.043047,False,True,4
2.42,58,129.061091,False,True,4
-0.02,2,129.062282,False,True,1
-0.14,14,129.065985,False,True,1
0.51,49,129.080317,False,True,2
-0.03,3,129.080902,False,True,1
0.94,6,129.082855,False,True,2
-4.0,100,129.111497,False,False,2
0.85,15,129.115893,False,True,2
1.69,31,129.124719,False,True,3
1.78,22,129.131631,False,True,3
-0.02,2,129.131962,False,True,1
-4.0,100,129.160264,False,False,2
0.97,3,129.16154,False,True,2
5.33,67,129.181101,False,True,7
-0.02,2,129.18149,False,True,1
0.91,9,129.185147,False,True,2
0.71,29,129.194425,False,True,2
0.0,100,129.224429,False,False,6
0.81,19,129.230522,False,True,2
3.57,43,129.242879,False,True,5
-0.05,5,129.245328,False,True,1
0.61,39,129.256574,False,True,2
1.57,43,129.269213,False,True,3
3.89,11,129.273118,False,True,5
-0.05,5,129.275087,False,True,1
1.75,25,129.283973,False,True,3
1.56,44,129.29778,False,True,3
2.39,61,129.31614,False,True,4
1.81,19,129.3214,False,True,3
-0.01,1,129.322499,False,True,1
2.44,56,129.339779,False,True,4
0.57,43,129.351841,False,True,2
0.56,44,129.365662,False,True,2
3.22,78,129.390275,False,True,5
1.79,21,129.396541,False,True,3
0.74,26,129.404207,False,True,2
0.72,28,129.412355,False,True,2
0.86,14,129.416574,False,True,2
0.91,9,129.419203,False,True,2
3.78,22,129.426479,False,True,5
-0.05,5,129.427947,False,True,1
-0.11,11,129.431678,False,True,1
-0.03,3,129.432909,False,True,1
-0.03,3,129.433347,False,True,1
-0.11,11,129.437008,False,True,1
-0.01,1,129.437222,False,True,1
-0.01,1,129.438091,False,True,1
1.57,43,129.450315,False,True,3
1.88,12,129.454261,False,True,3
1.75,25,129.462526,False,True,3
1.67,33,129.471662,False,True,3
0.88,12,129.475507,False,True,2
-0.02,2,129.475971,False,True,1
-0.02,2,129.477149,False,True,1
0.84,16,129.481755,False,True,2
-2.0,100,129.511685,False,False,4
0.95,5,129.51324,False,True,2
-0.03,3,129.514803,False,True,1
-0.02,2,129.515269,False,True,1
0.79,21,129.52324,False,True,2
1.53,47,129.537568,False,True,3
-0.02,2,129.538658,False,True,1
3.9,10,129.541095,False,True,5
0.93,7,129.543549,False,True,2
-0.03,3,129.544955,False,True,1
2.79,21,129.551042,False,True,4
0.9,10,129.554464,False,True,2
-0.11,11,129.557245,False,True,1
0.91,9,129.560706,False,True,2
1.36,64,129.580116,False,True,3
1.2,80,129.60297,False,True,3
0.91,9,129.605635,False,True,2
-0.29,29,129.614292,False,True,1
0.4,60,129.632376,False,True,2
0.97,3,129.633565,False,True,2
0.97,3,129.634651,False,True,2
-0.32,32,129.644971,False,True,1
-0.2,20,129.650864,False,True,1
0.87,13,129.654648,False,True,2
0.88,12,129.658142,False,True,2
0.48,52,129.673362,False,True,2
-0.35,35,129.683975,False,True,1
-0.46,46,129.697005,False,True,1
-0.01,1,129.697231,False,True,1
-0.01,1,129.698268,False,True,1
1.96,4,129.699433,False,True,3
1.97,3,129.699843,False,True,3
-0.01,1,129.700817,False,True,1
0.9,10,129.703655,False,True,2
1.59,41,129.715863,False,True,3
1.15,85,129.740296,False,True,3
0.97,3,129.740781,False,True,2
2.54,46,129.754991,False,True,4
-0.13,13,129.75865,False,True,1
-2.0,100,129.787638,False,False,4
-0.02,2,129.788788,False,True,1
0.97,3,129.789278,False,True,2
2.72,28,129.797905,False,True,4
0.96,4,129.799382,False,True,2
-0.09,9,129.803427,False,True,1
0.91,9,129.806295,False,True,2
1.47,53,129.822674,False,True,3
3.33,67,129.842572,False,True,5
2.93,7,129.845004,False,True,4
0.97,3,129.845589,False,True,2
1.62,38,129.857615,False,True,3
-0.02,2,129.858009,False,True,1
0.96,4,129.859419,False,True,2
-0.01,1,129.86068,False,True,1
-0.01,1,129.860942,False,True,1
2.49,51,129.877132,False,True,4
2.48,52,129.892524,False,True,4
1.21,79,129.916142,False,True,3
0.0,100,129.944263,False,False,6
-0.16,16,129.949116,False,True,1
-0.38,38,129.960047,False,True,1
0.55,45,129.972795,False,True,2
-0.47,47,129.986987,False,True,1
2.17,83,130.011628,False,True,4
2.34,66,130.030825,False,True,4
-0.03,3,130.032225,False,True,1
1.49,51,130.047843,False,True,3
-0.14,14,130.051578,False,True,1
1.72,28,130.059532,False,True,3
-3.0,100,130.091205,False,False,3
-4.0,100,130.121112,False,False,2
-4.0,100,130.150071,False,False,2
0.37,63,130.168125,False,True,2
-0.18,18,130.173296,False,True,1
0.64,36,130.18405,False,True,2
1.36,64,130.203149,False,True,3
0.73,27,130.211721,False,True,2
2.35,65,130.231976,False,True,4
0.98,2,130.233095,False,True,2
-0.06,6,130.234616,False,True,1
2.82,18,130.240755,False,True,4
2.77,23,130.249132,False,True,4
2.74,26,130.258091,False,True,4
-4.0,100,130.28974,False,False,2
0.76,24,130.296684,False,True,2
1.36,64,130.317058,False,True,3
1.75,25,130.324655,False,True,3
1.49,51,130.340115,False,True,3
-0.01,1,130.340397,False,True,1
-0.02,2,130.34204,False,True,1
0.4,60,130.36066,False,True,2
0.59,41,130.373091,False,True,2
0.93,7,130.375538,False,True,2
1.68,32,130.38515,False,True,3
0.66,34,130.394759,False,True,2
-0.02,2,130.395934,False,True,1
-4.0,100,130.425774,False,False,2
1.69,31,130.435759,False,True,3
-0.03,3,130.436266,False,True,1
0.82,18,130.441891,False,True,2
1.29,71,130.462664,False,True,3
1.49,51,130.477917,False,True,3
0.34,66,130.500293,False,True,2
-0.32,32,130.510658,False,True,1
-0.01,1,130.510932,False,True,1
0.95,5,130.512587,False,True,2
-2.0,100,130.543937,False,False,4
0.96,4,130.54533,False,True,2
0.52,48,130.559692,False,True,2
2.35,65,130.579491,False,True,4
-0.01,1,130.579776,False,True,1
1.1,90,130.60429,False,True,3
1.7,30,130.613349,False,True,3
0.57,43,130.627007,False,True,2
1.58,42,130.63942,False,True,3
1.35,65,130.658617,False,True,3
-0.01,1,130.659682,False,True,1
-5.0,100,130.691454,False,False,1
0.66,34,130.702348,False,True,2
1.42,58,130.719397,False,True,3
2.64,36,130.729909,False,True,4
-0.54,54,130.746441,False,True,1
-0.02,2,130.747444,False,True,1
-0.02,2,130.747714,False,True,1
2.64,36,130.75858,False,True,4
-0.87,87,130.785612,False,True,1
-4.0,100,130.815997,False,False,2
0.44,56,130.832579,False,True,2
0.61,39,130.843852,False,True,2
0.12,88,130.870327,False,True,2
-0.04,4,130.871457,False,True,1
-0.04,4,130.87279,False,True,1
0.87,13,130.876689,False,True,2
-0.55,55,130.894281,False,True,1
0.96,4,130.895635,False,True,2
1.77,23,130.902032,False,True,3
-0.03,3,130.903137,False,True,1
0.66,34,130.914344,False,True,2
0.94,6,130.916126,False,True,2
2.71,29,130.925861,False,True,4
-0.37,37,130.937946,False,True,1
-0.43,43,130.949777,False,True,1
-0.45,45,130.963298,False,True,1
-4.0,100,130.993244,False,False,2
2.66,34,131.00278,False,True,4
-0.82,82,131.028626,False,True,1
3.38,62,131.046719,False,True,5
-0.01,1,131.046992,False,True,1
0.75,25,131.054647,False,True,2
2.39,61,131.07268,False,True,4
-2.0,100,131.10172,False,False,4
1.56,44,131.114327,False,True,3
0.98,2,131.114685,False,True,2
0.76,24,131.121966,False,True,2
-0.21,21,131.130215,False,True,1
-0.38,38,131.142139,False,True,1
-0.23,23,131.149668,False,True,1
3.69,31,131.160218,False,True,5
-0.35,35,131.170586,False,True,1
0.72,28,131.179046,False,True,2
-0.02,2,131.180088,False,True,1
0.92,8,131.183286,False,True,2
-2.0,100,131.214448,False,False,4
4.09,91,131.241796,False,True,6
3.33,67,131.26068,False,True,5
-5.0,100,131.290881,False,False,1
0.95,5,131.293122,False,True,2
2.66,34,131.302595,False,True,4
2.74,26,131.310467,False,True,4
-0.01,1,131.310867,False,True,1
-4.0,100,131.342727,False,False,2
0.52,48,131.357463,False,True,2
2.7,30,131.366032,False,True,4
-2.0,100,131.396995,False,False,4
1.94,6,131.400102,False,True,3
1.47,53,131.416951,False,True,3
2.59,41,131.429237,False,True,4
0.94,6,131.431746,False,True,2
-0.02,2,131.432041,False,True,1
-0.04,4,131.433209,False,True,1
0.85,15,131.437922,False,True,2
-5.0,100,131.470241,False,False,1
1.93,7,131.47268,False,True,3
2.89,11,131.4762,False,True,4
0.97,3,131.47665,False,True,2
-0.01,1,131.477631,False,True,1
-0.01,1,131.477838,False,True,1
0.97,3,131.479157,False,True,2
-0.04,4,131.480593,False,True,1
1.77,23,131.488046,False,True,3
0.97,3,131.48956,False,True,2
-4.0,100,131.519519,False,False,2
3.95,5,131.52107,False,True,5
1.59,41,131.534618,False,True,3
-0.01,1,131.534887,False,True,1
-0.7,70,131.557527,False,True,1
0.07,93,131.585012,False,True,2
1.94,6,131.586656,False,True,3
-0.02,2,131.587768,False,True,1
1.65,35,131.597537,False,True,3
1.91,9,131.601092,False,True,3
2.77,23,131.607852,False,True,4
1.9,10,131.611686,False,True,3
1.96,4,131.613122,False,True,3
-0.59,59,131.6315,False,True,1
0.41,59,131.653163,False,True,2
3.74,26,131.661765,False,True,5
-0.03,3,131.66287,False,True,1
-0.01,1,131.66309,False,True,1
1.56,44,131.678001,False,True,3
-0.03,3,131.679353,False,True,1
-0.34,34,131.689857,False,True,1
2.61,39,131.70259,False,True,4
-4.0,100,131.732522,False,False,2
-2.0,100,131.764706,False,False,4
-0.06,6,131.766426,False,True,1
-5.0,100,131.79703,False,False,1
0.87,13,131.801553,False,True,2
-0.03,3,131.802002,False,True,1
-0.08,8,131.804407,False,True,1
-0.68,68,131.826783,False,True,1
-0.5,50,131.843881,False,True,1
-0.04,4,131.84547,False,True,1
-0.01,1,131.845722,False,True,1
-0.06,6,131.848102,False,True,1
1.88,12,131.852146,False,True,3
0.96,4,131.853569,False,True,2
0.08,92,131.882312,False,True,2
-5.0,100,131.949077,False,False,1
-2.0,100,131.980754,False,False,4
0.86,14,131.984682,False,True,2
-5.0,100,132.016298,False,False,1
-4.0,100,132.046287,False,False,2
-0.3,30,132.056072,False,True,1
0.75,25,132.063876,False,True,2
-0.03,3,132.065012,False,True,1
-0.03,3,132.065479,False,True,1
1.55,45,132.080722,False,True,3
2.24,76,132.104797,False,True,4
-4.0,100,132.139979,False,False,2
3.66,34,132.150574,False,True,5
0.97,3,132.151967,False,True,2
-4.0,100,132.182851,False,False,2
-5.0,100,132.21213,False,False,1
-3.0,100,132.241046,False,False,3
-0.03,3,132.242356,False,True,1
-0.06,6,132.243893,False,True,1
-4.0,100,132.273584,False,False,2
-0.02,2,132.274667,False,True,1
-0.06,6,132.276269,False,True,1
-0.02,2,132.277289,False,True,1
2.39,61,132.296849,False,True,4
1.25,75,132.319361,False,True,3
1.56,44,132.332804,False,True,3
-0.01,1,132.333037,False,True,1
-0.02,2,132.333386,False,True,1
-0.05,5,132.335728,False,True,1
-0.01,1,132.336085,False,True,1
2.68,32,132.346629,False,True,4
1.64,36,132.358153,False,True,3
-0.02,2,132.358528,False,True,1
0.97,3,132.359788,False,True,2
-0.02,2,132.360957,False,True,1
0.96,4,132.362346,False,True,2
-4.0,100,132.392281,False,False,2
-0.01,1,132.392616,False,True,1
-0.44,44,132.405267,False,True,1
3.54,46,132.418257,False,True,5
2.44,56,132.433764,False,True,4
-0.33,33,132.444404,False,True,1
1.82,18,132.450237,False,True,3
2.41,59,132.468962,False,True,4
1.5,50,132.483306,False,True,3
-0.41,41,132.49633,False,True,1
2.9,10,132.499107,False,True,4
-5.0,100,132.527416,False,False,1
-0.08,8,132.529827,False,True,1
2.45,55,132.546682,False,True,4
-0.05,5,132.548145,False,True,1
-5.0,100,132.576279,False,False,1
-0.83,83,132.599799,False,True,1
1.79,21,132.605741,False,True,3
-3.0,100,132.63451,False,False,3
-5.0,100,132.66354,False,False,1
0.95,5,132.665011,False,True,2
1.8,20,132.670799,False,True,3
-0.01,1,132.671695,False,True,1
1.87,13,132.67576,False,True,3
-5.0,100,132.705117,False,False,1
-0.68,68,132.725355,False,True,1
0.0,100,132.754565,False,False,6
1.42,58,132.772401,False,True,3
-4.0,100,132.804268,False,False,2
-5.0,100,132.836473,False,False,1
0.93,7,132.839055,False,True,2
0.39,61,132.857122,False,True,2
1.75,25,132.865098,False,True,3
-0.01,1,132.865467,False,True,1
-0.18,18,132.870331,False,True,1
-4.0,100,132.899464,False,False,2
1.93,7,132.901897,False,True,3
-5.0,100,132.933337,False,False,1
-0.03,3,132.934576,False,True,1
-0.58,58,132.951197,False,True,1
-5.0,100,132.979373,False,False,1
-0.06,6,132.981832,False,True,1
0.97,3,132.98298,False,True,2
-4.0,100,133.012421,False,False,2
-5.0,100,133.042312,False,False,1
-5.0,100,133.071864,False,False,1
-0.92,92,133.098524,False,True,1
-4.0,100,133.128512,False,False,2
-0.35,35,133.13817,False,True,1
-5.0,100,133.167457,False,False,1
-0.06,6,133.169582,False,True,1
-6.0,100,133.19808,False,False,0
-4.0,100,133.228455,False,False,2
-4.0,100,133.260681,False,False,2
2.74,26,133.26907,False,True,4
-3.0,100,133.301136,False,False,3
1.95,5,133.303502,False,True,3
-0.01,1,133.303946,False,True,1
0.81,19,133.309947,False,True,2
-0.75,75,133.334236,False,True,1
3.76,24,133.341214,False,True,5
0.91,9,133.344554,False,True,2
-0.14,14,133.348348,False,True,1
-0.43,43,133.363434,False,True,1
1.74,26,133.372647,False,True,3
-0.66,66,133.395379,False,True,1
-2.0,100,133.454443,False,False,4
-5.0,100,133.486478,False,False,1
1.7,30,133.502898,False,True,3
-0.01,1,133.504273,False,True,1
-0.03,3,133.504722,False,True,1
-0.66,66,133.527456,False,True,1
-0.96,96,133.561164,False,True,1
-0.02,2,133.562212,False,True,1
0.0,100,133.597511,False,False,6
-1.0,100,133.633641,False,True,1
-0.01,1,133.634787,False,True,1
1.97,3,133.635474,False,True,3
0.97,3,133.636725,False,True,2
1.44,56,133.657264,False,True,3
2.13,87,133.6884,False,True,4
-0.06,6,133.690756,False,True,1
-4.0,100,133.726863,False,False,2
-5.0,100,133.761315,False,False,1
-5.0,100,133.795859,False,False,1
0.76,24,133.805217,False,True,2
-0.01,1,133.806643,False,True,1
-0.55,55,133.825055,False,True,1
-0.25,25,133.834422,False,True,1
0.76,24,133.842564,False,True,2
1.79,21,133.849512,False,True,3
1.87,13,133.853562,False,True,3
-6.0,100,133.885796,False,False,0
-0.05,5,133.88748,False,True,1
0.0,100,133.920185,False,False,6
1.54,46,133.935673,False,True,3
1.75,25,133.943731,False,True,3
-0.26,26,133.953206,False,True,1
-0.05,5,133.955002,False,True,1
-0.01,1,133.955276,False,True,1
-0.21,21,133.962067,False,True,1
-0.01,1,133.963213,False,True,1
2.5,50,133.979883,False,True,4
0.47,53,133.996542,False,True,2
0.41,59,134.016197,False,True,2
1.57,43,134.030988,False,True,3
-6.0,100,134.062837,False,False,0
1.46,54,134.079985,False,True,3
-0.02,2,134.081359,False,True,1
-0.12,12,134.085143,False,True,1
-0.32,32,134.095872,False,True,1
-0.48,48,134.111702,False,True,1
-0.01,1,134.111981,False,True,1
-0.05,5,134.113861,False,True,1
-0.01,1,134.114824,False,True,1
-0.07,7,134.116466,False,True,1
-0.02,2,134.117566,False,True,1
-3.0,100,134.161253,False,False,3
0.93,7,134.1649,False,True,2
-4.0,100,134.197041,False,False,2
-0.36,36,134.208746,False,True,1
-0.2,20,134.215493,False,True,1
1.2,80,134.241147,False,True,3
-0.32,32,134.250741,False,True,1
-0.11,11,134.253438,False,True,1
-5.0,100,134.283075,False,False,1
-5.0,100,134.31372,False,False,1
0.96,4,134.314958,False,True,2
-5.0,100,134.346678,False,False,1
-0.01,1,134.347894,False,True,1
-0.02,2,134.348236,False,True,1
-0.18,18,134.35357,False,True,1
-4.0,100,134.384017,False,False,2
-4.0,100,134.415324,False,False,2
-4.0,100,134.443677,False,False,2
0.98,2,134.444043,False,True,2
-0.01,1,134.444246,False,True,1
-0.01,1,134.445277,False,True,1
-5.0,100,134.474355,False,False,1
0.57,43,134.486003,False,True,2
-4.0,100,134.515836,False,False,2
-0.93,93,134.545429,False,True,1
-0.03,3,134.545963,False,True,1
-0.01,1,134.546887,False,True,1
2.41,59,134.562864,False,True,4
-0.03,3,134.564227,False,True,1
0.58,42,134.577546,False,True,2
1.96,4,134.578853,False,True,3
-5.0,100,134.607782,False,False,1
-5.0,100,134.640864,False,False,1
3.79,21,134.647192,False,True,5
-0.05,5,134.648939,False,True,1
1.48,52,134.664973,False,True,3
0.97,3,134.666325,False,True,2
0.07,93,134.695609,False,True,2
-4.0,100,134.729762,False,False,2
0.93,7,134.732686,False,True,2
1.8,20,134.739586,False,True,3
-0.12,12,134.74359,False,True,1
-0.96,96,134.776064,False,True,1
-0.36,36,134.787726,False,True,1
1.96,4,134.789154,False,True,3
-4.0,100,134.821097,False,False,2
-0.16,16,134.826443,False,True,1
-5.0,100,134.858571,False,False,1
-2.0,100,134.89093,False,False,4
-5.0,100,134.921521,False,False,1
-0.06,6,134.923185,False,True,1
-0.4,40,134.935469,False,True,1
-5.0,100,134.965627,False,False,1
-4.0,100,134.993813,False,False,2
1.95,5,134.995929,False,True,3
-2.0,100,135.026206,False,False,4
0.11,89,135.055106,False,True,2
-0.02,2,135.055518,False,True,1
-5.0,100,135.084053,False,False,1
-6.0,100,135.113236,False,False,0
1.24,76,135.13787,False,True,3
-0.15,15,135.142485,False,True,1
-5.0,100,135.172593,False,False,1
-0.02,2,135.173777,False,True,1
0.43,57,135.190096,False,True,2
1.5,50,135.204639,False,True,3
-0.02,2,135.205766,False,True,1
-5.0,100,135.235535,False,False,1
0.47,53,135.252259,False,True,2
2.66,34,135.26271,False,True,4
0.65,35,135.272344,False,True,2
-0.58,58,135.290475,False,True,1
-0.07,7,135.293111,False,True,1
2.18,82,135.317629,False,True,4
-0.57,57,135.335087,False,True,1
-0.07,7,135.337708,False,True,1
2.65,35,135.34915,False,True,4
3.56,44,135.363092,False,True,5
-0.05,5,135.364625,False,True,1
1.6,40,135.37709,False,True,3
-0.08,8,135.380067,False,True,1
0.97,3,135.381282,False,True,2
-0.05,5,135.382777,False,True,1
-0.02,2,135.383868,False,True,1
-0.16,16,135.388607,False,True,1
-0.14,14,135.392814,False,True,1
0.85,15,135.397378,False,True,2
1.4,60,135.416283,False,True,3
-5.0,100,135.447693,False,False,1
-0.02,2,135.448049,False,True,1
-6.0,100,135.477214,False,False,0
0.9,10,135.481129,False,True,2
-4.0,100,135.510104,False,False,2
-0.3,30,135.518731,False,True,1
0.8,20,135.524629,False,True,2
-0.14,14,135.529538,False,True,1
-0.01,1,135.529882,False,True,1
-5.0,100,135.562531,False,False,1
0.93,7,135.565075,False,True,2
0.38,62,135.583889,False,True,2
-5.0,100,135.612864,False,False,1
-3.0,100,135.643104,False,False,3
-0.59,59,135.661417,False,True,1
-5.0,100,135.690491,False,False,1
-0.11,11,135.694221,False,True,1
-0.23,23,135.701744,False,True,1
2.52,48,135.71558,False,True,4
0.78,22,135.722063,False,True,2
-0.01,1,135.72235,False,True,1
-0.01,1,135.723488,False,True,1
-5.0,100,135.754786,False,False,1
0.37,63,135.772683,False,True,2
-0.57,57,135.790877,False,True,1
0.64,36,135.801452,False,True,2
2.88,12,135.804963,False,True,4
1.34,66,135.823394,False,True,3
-0.07,7,135.826113,False,True,1
-0.04,4,135.827849,False,True,1
-4.0,100,135.860288,False,False,2
0.92,8,135.862966,False,True,2
-0.07,7,135.865668,False,True,1
-0.06,6,135.867177,False,True,1
0.98,2,135.868263,False,True,2
0.96,4,135.869453,False,True,2
-0.19,19,135.875454,False,True,1
0.95,5,135.877844,False,True,2
2.45,55,135.894339,False,True,4
-3.0,100,135.923552,False,False,3
0.4,60,135.94267,False,True,2
-2.0,100,135.971965,False,False,4
-2.0,100,136.001119,False,False,4
0.03,97,136.028255,False,True,2
0.5,50,136.04427,False,True,2
-0.15,15,136.049536,False,True,1
-5.0,100,136.080335,False,False,1
2.29,71,136.100957,False,True,4
-0.02,2,136.101456,False,True,1
-3.0,100,136.132118,False,False,3
0.87,13,136.135968,False,True,2
-4.0,100,136.166528,False,False,2
1.14,86,136.193115,False,True,3
0.55,45,136.206526,False,True,2
-3.0,100,136.234131,False,False,3
-0.04,4,136.235417,False,True,1
-3.0,100,136.26804,False,False,3
2.9,10,136.271968,False,True,4
-5.0,100,136.302433,False,False,1
-0.02,2,136.302828,False,True,1
0.67,33,136.312573,False,True,2
-4.0,100,136.342153,False,False,2
1.64,36,136.354339,False,True,3
-0.02,2,136.355573,False,True,1
-0.14,14,136.359728,False,True,1
0.68,32,136.3712,False,True,2
0.71,29,136.381622,False,True,2
1.27,73,136.404847,False,True,3
1.78,22,136.411044,False,True,3
-0.03,3,136.412282,False,True,1
-1.0,100,136.442103,False,False,5
1.74,26,136.450188,False,True,3
0.98,2,136.450679,False,True,2
1.53,47,136.465115,False,True,3
-4.0,100,136.494464,False,False,2
-0.02,2,136.494852,False,True,1
0.95,5,136.497082,False,True,2
-0.14,14,136.500841,False,True,1
-0.02,2,136.501916,False,True,1
-4.0,100,136.531828,False,False,2
1.96,4,136.533346,False,True,3
-0.08,8,136.535795,False,True,1
1.2,80,136.560551,False,True,3
0.97,3,136.561151,False,True,2
1.89,11,136.565194,False,True,3
-4.0,100,136.5953,False,False,2
-0.12,12,136.5991,False,True,1
0.58,42,136.611511,False,True,2
0.95,5,136.613119,False,True,2
-0.48,48,136.628085,False,True,1
0.53,47,136.642774,False,True,2
-0.04,4,136.644139,False,True,1
1.64,36,136.654762,False,True,3
1.85,15,136.659362,False,True,3
0.97,3,136.660778,False,True,2
2.23,77,136.685154,False,True,4
5.56,44,136.699386,False,True,7
-2.0,100,136.728996,False,False,4
1.0,100,136.758322,False,False,7
-4.0,100,136.791043,False,False,2
-0.36,36,136.802422,False,True,1
-0.68,68,136.82259,False,True,1
-5.0,100,136.851736,False,False,1
-5.0,100,136.882601,False,False,1
2.59,41,136.896053,False,True,4
-0.12,12,136.899962,False,True,1
1.54,46,136.913833,False,True,3
1.6,40,136.925183,False,True,3
-0.14,14,136.929847,False,True,1
0.98,2,136.930228,False,True,2
-0.02,2,136.931353,False,True,1
0.87,13,136.93532,False,True,2
1.61,39,136.947536,False,True,3
0.97,3,136.948035,False,True,2
1.53,47,136.963653,False,True,3
1.66,34,136.974893,False,True,3
1.78,22,136.981456,False,True,3
-0.01,1,136.981716,False,True,1
0.96,4,136.98342,False,True,2
0.27,73,137.008038,False,True,2
-0.1,10,137.010989,False,True,1
-0.06,6,137.013602,False,True,1
-0.08,8,137.016257,False,True,1
0.0,100,137.045802,False,False,6
2.48,52,137.063025,False,True,4
-0.44,44,137.077158,False,True,1
-0.13,13,137.081334,False,True,1
-4.0,100,137.112146,False,False,2
0.88,12,137.116199,False,True,2
-0.22,22,137.122418,False,True,1
-5.0,100,137.151941,False,False,1
1.07,93,137.181685,False,True,3
-3.0,100,137.213718,False,False,3
2.34,66,137.231848,False,True,4
3.3,70,137.252834,False,True,5
2.53,47,137.266673,False,True,4
-0.07,7,137.269193,False,True,1
-0.46,46,137.2831,False,True,1
-0.14,14,137.287494,False,True,1
1.91,9,137.290251,False,True,3
2.12,88,137.317385,False,True,4
-3.0,100,137.347692,False,False,3
-0.05,5,137.349941,False,True,1
-0.06,6,137.351626,False,True,1
1.52,48,137.366954,False,True,3
-0.01,1,137.36723,False,True,1
1.9,10,137.37098,False,True,3
-2.0,100,137.403502,False,False,4
-0.08,8,137.406461,False,True,1
0.17,83,137.432801,False,True,2
-0.08,8,137.435275,False,True,1
-0.02,2,137.435681,False,True,1
-0.14,14,137.440788,False,True,1
-2.0,100,137.471994,False,False,4
-0.02,2,137.472389,False,True,1
-2.0,100,137.503667,False,False,4
-0.01,1,137.504242,False,True,1
-3.0,100,137.536326,False,False,3
0.55,45,137.550418,False,True,2
-0.06,6,137.551996,False,True,1
2.85,15,137.556988,False,True,4
0.98,2,137.557312,False,True,2
1.11,89,137.585224,False,True,3
2.66,34,137.595228,False,True,4
1.86,14,137.60032,False,True,3
2.06,94,137.630056,False,True,4
-2.0,100,137.659239,False,False,4
1.6,40,137.670879,False,True,3
3.0,100,137.701941,False,True,5
-0.14,14,137.706611,False,True,1
1.87,13,137.710883,False,True,3
-0.03,3,137.712368,False,True,1
1.95,5,137.713899,False,True,3
-0.06,6,137.715477,False,True,1
0.97,3,137.716943,False,True,2
-0.16,16,137.722845,False,True,1
2.96,4,137.724324,False,True,4
1.05,95,137.755061,False,True,3
-0.03,3,137.756566,False,True,1
0.95,5,137.758099,False,True,2
-0.05,5,137.759668,False,True,1
-0.05,5,137.761071,False,True,1
1.58,42,137.775372,False,True,3
-0.02,2,137.775839,False,True,1
-0.07,7,137.779231,False,True,1
0.92,8,137.781902,False,True,2
-0.1,10,137.785949,False,True,1
-0.05,5,137.787543,False,True,1
1.42,58,137.806628,False,True,3
-0.05,5,137.809006,False,True,1
-0.01,1,137.809254,False,True,1
-0.08,8,137.812053,False,True,1
-0.03,3,137.813534,False,True,1
1.9,10,137.816599,False,True,3
0.92,8,137.819457,False,True,2
-0.01,1,137.819743,False,True,1
0.98,2,137.821625,False,True,2
-0.03,3,137.823106,False,True,1
0.87,13,137.82733,False,True,2
-0.07,7,137.830039,False,True,1
1.89,11,137.833095,False,True,3
1.34,66,137.853505,False,True,3
1.88,12,137.857498,False,True,3
-5.0,100,137.887624,False,False,1
2.47,53,137.904744,False,True,4
0.93,7,137.907362,False,True,2
-0.02,2,137.907674,False,True,1
0.91,9,137.911305,False,True,2
-0.02,2,137.912098,False,True,1
-0.05,5,137.913943,False,True,1
2.42,58,137.934631,False,True,4
1.33,67,137.955219,False,True,3
-2.0,100,137.986815,False,False,4
0.69,31,137.996083,False,True,2
-0.1,10,137.99988,False,True,1
-0.14,14,138.004199,False,True,1
1.06,94,138.033997,False,True,3
-0.18,18,138.039381,False,True,1
0.98,2,138.040473,False,True,2
0.83,17,138.045725,False,True,2
-0.11,11,138.04939,False,True,1
3.01,99,138.080759,False,True,5
-0.01,1,138.081039,False,True,1
-0.12,12,138.084792,False,True,1
-0.03,3,138.086237,False,True,1
0.9,10,138.089257,False,True,2
-3.0,100,138.121227,False,False,3
-0.19,19,138.127175,False,True,1
0.68,32,138.137783,False,True,2
-0.04,4,138.13923,False,True,1
-0.13,13,138.143608,False,True,1
-0.04,4,138.144944,False,True,1
0.82,18,138.151242,False,True,2
-0.17,17,138.156932,False,True,1
1.82,18,138.162423,False,True,3
-0.01,1,138.16367,False,True,1
2.34,66,138.184787,False,True,4
-0.65,65,138.205018,False,True,1
-0.26,26,138.214075,False,True,1
0.98,2,138.214404,False,True,2
-3.0,100,138.246299,False,False,3
0.9,10,138.249707,False,True,2
-5.0,100,138.278567,False,False,1
1.75,25,138.286209,False,True,3
-3.0,100,138.318139,False,False,3
1.88,12,138.322094,False,True,3
-2.0,100,138.352383,False,False,4
-0.12,12,138.355958,False,True,1
-0.22,22,138.363133,False,True,1
0.97,3,138.363751,False,True,2
0.93,7,138.366551,False,True,2
-4.0,100,138.397503,False,False,2
-0.05,5,138.399323,False,True,1
-0.03,3,138.400702,False,True,1
-0.07,7,138.403134,False,True,1
-0.07,7,138.406205,False,True,1
-0.04,4,138.408029,False,True,1
2.76,24,138.41596,False,True,4
0.97,3,138.416432,False,True,2
-0.21,21,138.423985,False,True,1
0.95,5,138.425733,False,True,2
0.86,14,138.430391,False,True,2
1.0,100,138.461402,False,False,7
-0.26,26,138.469325,False,True,1
0.98,2,138.469806,False,True,2
0.89,11,138.473266,False,True,2
1.84,16,138.478088,False,True,3
-2.0,100,138.509873,False,False,4
-4.0,100,138.541971,False,False,2
-3.0,100,138.570956,False,False,3
1.03,97,138.601126,False,True,3
-0.71,71,138.622493,False,True,1
1.36,64,138.642627,False,True,3
-5.0,100,138.67172,False,False,1
-0.06,6,138.674011,False,True,1
-0.16,16,138.678416,False,True,1
0.88,12,138.682062,False,True,2
-0.04,4,138.683255,False,True,1
-0.01,1,138.683462,False,True,1
0.95,5,138.684737,False,True,2
-0.03,3,138.686068,False,True,1
-0.02,2,138.686434,False,True,1
-0.01,1,138.687454,False,True,1
0.84,16,138.692532,False,True,2
0.95,5,138.694283,False,True,2
-0.07,7,138.696871,False,True,1
-0.14,14,138.701047,False,True,1
-0.01,1,138.701325,False,True,1
1.97,3,138.702785,False,True,3
3.28,72,138.725523,False,True,5
0.96,4,138.726754,False,True,2
-0.36,36,138.737973,False,True,1
0.86,14,138.742675,False,True,2
-4.0,100,138.772957,False,False,2
-0.06,6,138.774711,False,True,1
-0.03,3,138.776146,False,True,1
-3.0,100,138.808371,False,False,3
1.0,100,138.839494,False,True,3
0.96,4,138.840926,False,True,2
1.78,22,138.846693,False,True,3
0.77,23,138.853895,False,True,2
-0.34,34,138.865249,False,True,1
1.21,79,138.888146,False,True,3
1.88,12,138.891791,False,True,3
-0.36,36,138.903367,False,True,1
1.94,6,138.90614,False,True,3
0.93,7,138.908569,False,True,2
-0.06,6,138.910268,False,True,1
1.88,12,138.914587,False,True,3
-0.04,4,138.915972,False,True,1
-0.11,11,138.920575,False,True,1
2.44,56,138.939555,False,True,4
1.68,32,138.949026,False,True,3
0.67,33,138.959097,False,True,2
-0.14,14,138.963943,False,True,1
-0.18,18,138.968469,False,True,1
-2.0,100,138.998343,False,False,4
-0.03,3,138.999613,False,True,1
2.38,62,139.018747,False,True,4
-0.55,55,139.036438,False,True,1
0.94,6,139.03936,False,True,2
-3.0,100,139.072345,False,False,3
1.87,13,139.076843,False,True,3
1.38,62,139.09747,False,True,3
2.52,48,139.114735,False,True,4
0.4,60,139.134981,False,True,2
0.97,3,139.136297,False,True,2
0.78,22,139.144706,False,True,2
0.86,14,139.149386,False,True,2
-0.01,1,139.149633,False,True,1
-0.15,15,139.154769,False,True,1
-0.3,30,139.165252,False,True,1
0.92,8,139.167887,False,True,2
4.73,27,139.176215,False,True,6
-0.41,41,139.190488,False,True,1
3.9,10,139.193295,False,True,5
-0.68,68,139.217183,False,True,1
-0.21,21,139.225004,False,True,1
-3.0,100,139.258329,False,False,3
1.28,72,139.285504,False,True,3
0.67,33,139.297571,False,True,2
1.06,94,139.329286,False,True,3
-0.03,3,139.330805,False,True,1
-3.0,100,139.364769,False,False,3
-2.0,100,139.398006,False,False,4
0.76,24,139.405941,False,True,2
1.43,57,139.425648,False,True,3
-0.36,36,139.439057,False,True,1
0.03,97,139.471871,False,True,2
-0.81,81,139.49841,False,True,1
1.67,33,139.508161,False,True,3
-0.02,2,139.508536,False,True,1
-0.59,59,139.528055,False,True,1
-0.27,27,139.537149,False,True,1
-0.72,72,139.559898,False,True,1
1.88,12,139.5638,False,True,3
-2.0,100,139.596404,False,False,4
-3.0,100,139.627573,False,False,3
-0.55,55,139.646426,False,True,1
2.48,52,139.662339,False,True,4
-0.54,54,139.679516,False,True,1
-0.02,2,139.680945,False,True,1
-5.0,100,139.711942,False,False,1
-0.77,77,139.736405,False,True,1
0.4,60,139.756896,False,True,2
1.7,30,139.766191,False,True,3
-0.58,58,139.78594,False,True,1
0.81,19,139.792124,False,True,2
-0.39,39,139.804542,False,True,1
0.54,46,139.819673,False,True,2
-0.28,28,139.829137,False,True,1
1.23,77,139.855933,False,True,3
1.17,83,139.886767,False,True,3
0.72,28,139.896749,False,True,2
-0.06,6,139.898477,False,True,1
0.97,3,139.899679,False,True,2
0.05,95,139.931758,False,True,2
0.66,34,139.943518,False,True,2
0.97,3,139.944759,False,True,2
0.62,38,139.957725,False,True,2
-0.26,26,139.96601,False,True,1
1.49,51,139.984187,False,True,3
0.97,3,139.985406,False,True,2
-0.07,7,139.987206,False,True,1
0.81,19,139.993357,False,True,2
0.98,2,139.994596,False,True,2
1.78,22,140.001702,False,True,3
-0.05,5,140.003377,False,True,1
-4.0,100,140.03813,False,False,2
-0.02,2,140.039391,False,True,1
2.22,78,140.096683,False,True,4
-0.12,12,140.108202,False,True,1
1.85,15,140.114276,False,True,3
1.75,25,140.12265,False,True,3
1.85,15,140.127649,False,True,3
-4.0,100,140.159951,False,False,2
0.31,69,140.183805,False,True,2
-3.0,100,140.215284,False,False,3
-0.08,8,140.217903,False,True,1
-0.13,13,140.222765,False,True,1
-0.16,16,140.227786,False,True,1
0.0,100,140.259057,False,False,6
-0.27,27,140.266931,False,True,1
-0.27,27,140.275225,False,True,1
1.31,69,140.296785,False,True,3
-0.13,13,140.301183,False,True,1
-4.0,100,140.33153,False,False,2
0.86,14,140.335831,False,True,2
-0.03,3,140.337202,False,True,1
1.93,7,140.340141,False,True,3
-0.29,29,140.350106,False,True,1
2.7,30,140.35962,False,True,4
0.02,98,140.39123,False,True,2
-0.04,4,140.392634,False,True,1
-0.01,1,140.392873,False,True,1
1.66,34,140.403351,False,True,3
-0.03,3,140.404142,False,True,1
1.77,23,140.41125,False,True,3
-0.0,100,140.443521,False,True,2
1.37,63,140.462812,False,True,3
0.96,4,140.464409,False,True,2
0.0,100,140.497158,False,False,6
-5.0,100,140.526912,False,False,1
-0.01,1,140.527174,False,True,1
2.55,45,140.540937,False,True,4
-0.15,15,140.546631,False,True,1
-5.0,100,140.580143,False,False,1
-0.06,6,140.582617,False,True,1
-2.0,100,140.614173,False,False,4
-0.02,2,140.614552,False,True,1
-0.14,14,140.619031,False,True,1
-0.16,16,140.623854,False,True,1
-0.17,17,140.628896,False,True,1
-3.0,100,140.659615,False,False,3
1.71,29,140.668032,False,True,3
-5.0,100,140.698492,False,False,1
-5.0,100,140.728442,False,False,1
-0.08,8,140.731008,False,True,1
2.67,33,140.739874,False,True,4
-4.0,100,140.769256,False,False,2
0.91,9,140.773148,False,True,2
0.74,26,140.782363,False,True,2
-0.53,53,140.799988,False,True,1
1.65,35,140.810777,False,True,3
1.78,22,140.818711,False,True,3
-0.05,5,140.820434,False,True,1
1.59,41,140.833356,False,True,3
-0.07,7,140.835791,False,True,1
1.9,10,140.838612,False,True,3
-0.09,9,140.84235,False,True,1
-0.01,1,140.842695,False,True,1
-0.14,14,140.846757,False,True,1
-0.07,7,140.849384,False,True,1
0.84,16,140.855126,False,True,2
-0.14,14,140.860078,False,True,1
1.93,7,140.861996,False,True,3
0.22,78,140.888335,False,True,2
1.07,93,140.914894,False,True,3
-0.03,3,140.91622,False,True,1
1.83,17,140.921398,False,True,3
-2.0,100,140.952456,False,False,4
1.73,27,140.961545,False,True,3
-0.5,50,140.976838,False,True,1
-0.06,6,140.979379,False,True,1
-0.59,59,140.99983,False,True,1
0.68,32,141.009583,False,True,2
-0.01,1,141.009861,False,True,1
0.62,38,141.02084,False,True,2
0.97,3,141.022118,False,True,2
-0.2,20,141.027836,False,True,1
0.81,19,141.034109,False,True,2
-5.0,100,141.06517,False,False,1
-0.18,18,141.070731,False,True,1
-5.0,100,141.100063,False,False,1
1.63,37,141.111412,False,True,3
-5.0,100,141.140824,False,False,1
-5.0,100,141.172032,False,False,1
-0.01,1,141.172239,False,True,1
-0.09,9,141.175079,False,True,1
0.95,5,141.176658,False,True,2
-3.0,100,141.209818,False,False,3
1.85,15,141.215018,False,True,3
2.6,40,141.226942,False,True,4
0.83,17,141.23186,False,True,2
2.34,66,141.253601,False,True,4
1.76,24,141.261906,False,True,3
3.76,24,141.269489,False,True,5
2.77,23,141.277093,False,True,4
-0.02,2,141.277614,False,True,1
-0.19,19,141.283852,False,True,1
2.61,39,141.295997,False,True,4
-0.24,24,141.303491,False,True,1
-0.07,7,141.305215,False,True,1
-0.3,30,141.314229,False,True,1
3.48,52,141.32972,False,True,5
-0.02,2,141.330029,False,True,1
1.93,7,141.332601,False,True,3
0.29,71,141.354624,False,True,2
0.96,4,141.356213,False,True,2
-0.01,1,141.356416,False,True,1
-0.09,9,141.359207,False,True,1
-3.0,100,141.392358,False,False,3
1.96,4,141.393663,False,True,3
0.05,95,141.423065,False,True,2
-0.01,1,141.423461,False,True,1
0.31,69,141.445567,False,True,2
-0.01,1,141.445832,False,True,1
-0.24,24,141.453203,False,True,1
1.66,34,141.464746,False,True,3
3.54,46,141.479766,False,True,5
0.93,7,141.482645,False,True,2
-0.15,15,141.487565,False,True,1
0.85,15,141.493347,False,True,2
0.0,100,141.527192,False,False,6
1.49,51,141.543687,False,True,3
-0.71,71,141.567511,False,True,1
1.86,14,141.572375,False,True,3
-3.0,100,141.607438,False,False,3
-2.0,100,141.64045,False,False,4
0.79,21,141.647121,False,True,2
-2.0,100,141.679254,False,False,4
-0.05,5,141.681821,False,True,1
-0.01,1,141.682069,False,True,1
1.57,43,141.696143,False,True,3
-0.12,12,141.700094,False,True,1
-0.37,37,141.712276,False,True,1
-2.0,100,141.743648,False,False,4
1.57,43,141.757201,False,True,3
2.68,32,141.767594,False,True,4
2.67,33,141.778406,False,True,4
-4.0,100,141.810969,False,False,2
1.75,25,141.819226,False,True,3
0.88,12,141.823503,False,True,2
-0.01,1,141.823742,False,True,1
-0.4,40,141.836381,False,True,1
-0.23,23,141.843933,False,True,1
2.78,22,141.851195,False,True,4
-5.0,100,141.882596,False,False,1
-0.24,24,141.890063,False,True,1
0.44,56,141.906945,False,True,2
-0.05,5,141.90841,False,True,1
1.61,39,141.92046,False,True,3
-0.13,13,141.924347,False,True,1
1.56,44,141.937314,False,True,3
1.53,47,141.952292,False,True,3
1.17,83,141.977339,False,True,3
2.32,68,141.998014,False,True,4
1.56,44,142.011168,False,True,3
0.83,17,142.017082,False,True,2
-3.0,100,142.047381,False,False,3
-0.63,63,142.065486,False,True,1
-0.3,30,142.074724,False,True,1
2.49,51,142.092457,False,True,4
0.78,22,142.099417,False,True,2
1.69,31,142.110637,False,True,3
-2.0,100,142.142241,False,False,4
5.23,77,142.166311,False,True,7
0.98,2,142.167528,False,True,2
-4.0,100,142.198014,False,False,2
3.88,12,142.20196,False,True,5
2.5,50,142.218668,False,True,4
-0.15,15,142.224548,False,True,1
2.31,69,142.246078,False,True,4
-4.0,100,142.276385,False,False,2
-0.12,12,142.280706,False,True,1
1.73,27,142.290107,False,True,3
-0.15,15,142.295364,False,True,1
0.93,7,142.297213,False,True,2
-4.0,100,142.328835,False,False,2
-0.16,16,142.333797,False,True,1
1.64,36,142.344978,False,True,3
-5.0,100,142.376872,False,False,1
2.83,17,142.383343,False,True,4
1.93,7,142.385015,False,True,3
1.43,57,142.404833,False,True,3
-0.32,32,142.414836,False,True,1
0.64,36,142.428577,False,True,2
1.58,42,142.450864,False,True,3
-0.18,18,142.456772,False,True,1
-1.0,100,142.487663,False,False,5
-0.02,2,142.488167,False,True,1
0.89,11,142.491978,False,True,2
-0.21,21,142.499055,False,True,1
-0.17,17,142.504879,False,True,1
-0.19,19,142.511104,False,True,1
-0.1,10,142.515181,False,True,1
-3.0,100,142.545022,False,False,3
0.72,28,142.553538,False,True,2
-0.01,1,142.553903,False,True,1
-0.03,3,142.555091,False,True,1
-3.0,100,142.586303,False,False,3
3.25,75,142.609858,False,True,5
-2.0,100,142.639745,False,False,4
-0.05,5,142.642026,False,True,1
0.93,7,142.643622,False,True,2
1.81,19,142.649322,False,True,3
-2.0,100,142.683916,False,False,4
-3.0,100,142.716044,False,False,3
-5.0,100,142.747695,False,False,1
0.25,75,142.772195,False,True,2
-3.0,100,142.8068,False,False,3
0.28,72,142.831781,False,True,2
-5.0,100,142.864294,False,False,1
-0.02,2,142.864698,False,True,1
-0.52,52,142.883824,False,True,1
1.45,55,142.901818,False,True,3
1.94,6,142.905036,False,True,3
-5.0,100,142.937761,False,False,1
-0.05,5,142.939651,False,True,1
1.22,78,142.963511,False,True,3
-5.0,100,142.993393,False,False,1
-0.31,31,143.003674,False,True,1
-0.36,36,143.016327,False,True,1
1.55,45,143.030579,False,True,3
1.67,33,143.04167,False,True,3
-0.34,34,143.052154,False,True,1
-0.45,45,143.067247,False,True,1
1.87,13,143.072148,False,True,3
-0.17,17,143.077163,False,True,1
-0.59,59,143.095223,False,True,1
0.8,20,143.10169,False,True,2
0.97,3,143.102147,False,True,2
1.29,71,143.125099,False,True,3
1.29,71,143.145095,False,True,3
1.67,33,143.154993,False,True,3
-2.0,100,143.184244,False,False,4
-4.0,100,143.215518,False,False,2
0.88,12,143.21958,False,True,2
-3.0,100,143.255273,False,False,3
1.87,13,143.259397,False,True,3
1.74,26,143.268086,False,True,3
0.82,18,143.273601,False,True,2
1.59,41,143.288641,False,True,3
1.33,67,143.309701,False,True,3
0.0,100,143.340841,False,False,6
-0.46,46,143.356058,False,True,1
-2.0,100,143.390782,False,False,4
-4.0,100,143.423964,False,False,2
-6.0,100,143.457602,False,False,0
-0.17,17,143.462895,False,True,1
-0.31,31,143.473749,False,True,1
-3.0,100,143.504146,False,False,3
0.8,20,143.51036,False,True,2
-2.0,100,143.541663,False,False,4
0.91,9,143.544209,False,True,2
-3.0,100,143.576339,False,False,3
0.39,61,143.594674,False,True,2
-3.0,100,143.625264,False,False,3
0.0,100,143.656663,False,False,6
0.45,55,143.674156,False,True,2
-0.16,16,143.678825,False,True,1
-0.01,1,143.679063,False,True,1
1.51,49,143.695846,False,True,3
1.88,12,143.699891,False,True,3
0.93,7,143.701478,False,True,2
0.86,14,143.705901,False,True,2
-5.0,100,143.738908,False,False,1
-1.0,100,143.76956,False,False,5
-0.09,9,143.772091,False,True,1
-2.0,100,143.802173,False,False,4
-0.53,53,143.818631,False,True,1
-4.0,100,143.849556,False,False,2
0.82,18,143.855572,False,True,2
-4.0,100,143.88626,False,False,2
0.32,68,143.909749,False,True,2
0.77,23,143.917299,False,True,2
0.78,22,143.924121,False,True,2
-0.1,10,143.927552,False,True,1
0.85,15,143.931678,False,True,2
-0.14,14,143.936598,False,True,1
-4.0,100,143.968535,False,False,2
-4.0,100,143.999877,False,False,2
-5.0,100,144.032201,False,False,1
-4.0,100,144.06424,False,False,2
0.6,40,144.077078,False,True,2
1.61,39,144.089637,False,True,3
1.69,31,144.099393,False,True,3
-3.0,100,144.130483,False,False,3
-4.0,100,144.162065,False,False,2
1.96,4,144.163594,False,True,3
-2.0,100,144.19638,False,False,4
1.9,10,144.199482,False,True,3
-0.27,27,144.207313,False,True,1
0.97,3,144.207675,False,True,2
1.96,4,144.209071,False,True,3
0.89,11,144.21231,False,True,2
-4.0,100,144.243927,False,False,2
1.77,23,144.2516,False,True,3
-0.14,14,144.255952,False,True,1
5.58,42,144.270588,False,True,7
-3.0,100,144.300244,False,False,3
-2.0,100,144.328839,False,False,4
-4.0,100,144.361286,False,False,2
-3.0,100,144.392302,False,False,3
-4.0,100,144.421413,False,False,2
-0.43,43,144.434894,False,True,1
-3.0,100,144.465611,False,False,3
-2.0,100,144.494601,False,False,4
0.76,24,144.501749,False,True,2
-0.15,15,144.505615,False,True,1
-4.0,100,144.536576,False,False,2
0.78,22,144.543868,False,True,2
1.64,36,144.555345,False,True,3
1.96,4,144.55667,False,True,3
-3.0,100,144.589071,False,False,3
-0.35,35,144.599495,False,True,1
-0.21,21,144.605384,False,True,1
-0.24,24,144.61206,False,True,1
0.76,24,144.618759,False,True,2
0.86,14,144.62257,False,True,2
-0.34,34,144.634021,False,True,1
-1.0,100,144.665459,False,False,5
-3.0,100,144.695892,False,False,3
0.84,16,144.70036,False,True,2
2.57,43,144.713028,False,True,4
-0.26,26,144.720575,False,True,1
5.24,76,144.74472,False,True,7
0.65,35,144.755978,False,True,2
0.63,37,144.767239,False,True,2
2.95,5,144.768746,False,True,4
0.97,3,144.770012,False,True,2
-3.0,100,144.802299,False,False,3
-2.0,100,144.831125,False,False,4
-4.0,100,144.896877,False,False,2
0.59,41,144.911498,False,True,2
0.58,42,144.926077,False,True,2
-0.44,44,144.940232,False,True,1
0.42,58,144.958413,False,True,2
-3.0,100,144.990595,False,False,3
-4.0,100,145.01973,False,False,2
0.81,19,145.0262,False,True,2
-2.0,100,145.056962,False,False,4
1.51,49,145.073686,False,True,3
1.11,89,145.102643,False,True,3
0.97,3,145.103092,False,True,2
-4.0,100,145.132167,False,False,2
0.88,12,145.135864,False,True,2
2.84,16,145.140294,False,True,4
0.8,20,145.146819,False,True,2
-3.0,100,145.178887,False,False,3
0.88,12,145.183088,False,True,2
-3.0,100,145.215296,False,False,3
2.56,44,145.227757,False,True,4
0.77,23,145.234998,False,True,2
1.25,75,145.259583,False,True,3
1.3,70,145.280849,False,True,3
-0.12,12,145.284851,False,True,1
-3.0,100,145.314394,False,False,3
-3.0,100,145.344717,False,False,3
2.86,14,145.349772,False,True,4
0.62,38,145.361225,False,True,2
0.89,11,145.365353,False,True,2
0.97,3,145.366827,False,True,2
-2.0,100,145.399206,False,False,4
-2.0,100,145.428957,False,False,4
-0.1,10,145.431525,False,True,1
-2.0,100,145.462771,False,False,4
-4.0,100,145.493525,False,False,2
-0.15,15,145.49821,False,True,1
-3.0,100,145.530133,False,False,3
4.85,15,145.535141,False,True,6
1.49,51,145.551296,False,True,3
-3.0,100,145.582699,False,False,3
0.72,28,145.591819,False,True,2
0.97,3,145.592433,False,True,2
-0.13,13,145.596902,False,True,1
-0.01,1,145.597138,False,True,1
-3.0,100,145.628411,False,False,3
-0.02,2,145.628863,False,True,1
-4.0,100,145.659302,False,False,2
-2.0,100,145.690868,False,False,4
0.4,60,145.709801,False,True,2
-4.0,100,145.740116,False,False,2
2.61,39,145.752808,False,True,4
2.19,81,145.778832,False,True,4
0.81,19,145.785202,False,True,2
0.61,39,145.798078,False,True,2
-0.6,60,145.815637,False,True,1
0.5,50,145.829399,False,True,2
0.61,39,145.841653,False,True,2
1.9,10,145.844944,False,True,3
-4.0,100,145.87545,False,False,2
-0.11,11,145.878349,False,True,1
2.93,7,145.881182,False,True,4
-4.0,100,145.913211,False,False,2
0.94,6,145.915649,False,True,2
2.23,77,145.938956,False,True,4
0.69,31,145.948176,False,True,2
-4.0,100,145.979515,False,False,2
1.88,12,145.983051,False,True,3
2.21,79,146.004944,False,True,4
-0.89,89,146.031286,False,True,1
1.91,9,146.034008,False,True,3
1.54,46,146.047141,False,True,3
0.98,2,146.048204,False,True,2
2.62,38,146.058942,False,True,4
-0.01,1,146.060127,False,True,1
2.2,80,146.084986,False,True,4
-3.0,100,146.117397,False,False,3
-0.12,12,146.121419,False,True,1
3.48,52,146.137895,False,True,5
5.24,76,146.159336,False,True,7
3.48,52,146.175171,False,True,5
0.44,56,146.19313,False,True,2
1.19,81,146.219612,False,True,3
0.86,14,146.223864,False,True,2
-3.0,100,146.253344,False,False,3
-2.0,100,146.284113,False,False,4
-0.03,3,146.285651,False,True,1
0.89,11,146.2898,False,True,2
1.33,67,146.311679,False,True,3
1.9,10,146.314582,False,True,3
3.24,76,146.33886,False,True,5
-0.41,41,146.351197,False,True,1
1.7,30,146.360049,False,True,3
-2.0,100,146.390965,False,False,4
-0.11,11,146.394446,False,True,1
-2.0,100,146.426951,False,False,4
1.54,46,146.440403,False,True,3
-5.0,100,146.470449,False,False,1
-3.0,100,146.501736,False,False,3
2.92,8,146.504298,False,True,4
0.9,10,146.508073,False,True,2
2.86,14,146.51193,False,True,4
-4.0,100,146.542202,False,False,2
1.92,8,146.544589,False,True,3
0.91,9,146.547303,False,True,2
-0.37,37,146.55886,False,True,1
-4.0,100,146.591686,False,False,2
3.44,56,146.609231,False,True,5
2.64,36,146.620688,False,True,4
0.87,13,146.624796,False,True,2
-4.0,100,146.655976,False,False,2
3.83,17,146.66102,False,True,5
-0.05,5,146.662432,False,True,1
1.82,18,146.668055,False,True,3
-0.13,13,146.672077,False,True,1
2.12,88,146.700057,False,True,4
1.55,45,146.714697,False,True,3
0.76,24,146.722696,False,True,2
3.81,19,146.729017,False,True,5
-0.03,3,146.730425,False,True,1
1.9,10,146.733812,False,True,3
1.96,4,146.735367,False,True,3
0.98,2,146.73689,False,True,2
0.89,11,146.741024,False,True,2
-4.0,100,146.77285,False,False,2
-0.02,2,146.773276,False,True,1
2.53,47,146.78834,False,True,4
2.88,12,146.792307,False,True,4
-0.01,1,146.792526,False,True,1
3.69,31,146.803597,False,True,5
-4.0,100,146.83667,False,False,2
0.85,15,146.841692,False,True,2
0.96,4,146.842896,False,True,2
0.93,7,146.844607,False,True,2
3.86,14,146.849592,False,True,5
-2.0,100,146.880463,False,False,4
0.92,8,146.88304,False,True,2
-0.13,13,146.88687,False,True,1
0.97,3,146.888563,False,True,2
-5.0,100,146.926263,False,False,1
0.97,3,146.92759,False,True,2
-0.24,24,146.935935,False,True,1
-0.13,13,146.940272,False,True,1
-0.07,7,146.94281,False,True,1
-1.0,100,146.973123,False,False,5
2.61,39,146.984451,False,True,4
-0.36,36,146.996273,False,True,1
1.13,87,147.024357,False,True,3
-4.0,100,147.054541,False,False,2
-0.21,21,147.060631,False,True,1
-0.27,27,147.068418,False,True,1
0.91,9,147.071327,False,True,2
2.73,27,147.079614,False,True,4
0.98,2,147.080716,False,True,2
1.9,10,147.083612,False,True,3
2.39,61,147.103355,False,True,4
0.77,23,147.111138,False,True,2
2.12,88,147.138951,False,True,4
-3.0,100,147.169803,False,False,3
0.75,25,147.177145,False,True,2
2.52,48,147.191249,False,True,4
-2.0,100,147.221387,False,False,4
-3.0,100,147.251556,False,False,3
0.7,30,147.261073,False,True,2
0.91,9,147.263647,False,True,2
0.91,9,147.266019,False,True,2
0.87,13,147.270537,False,True,2
0.92,8,147.273252,False,True,2
1.9,10,147.275792,False,True,3
-0.15,15,147.280894,False,True,1
3.57,43,147.29492,False,True,5
0.92,8,147.297646,False,True,2
-4.0,100,147.32671,False,False,2
0.82,18,147.331707,False,True,2
-0.41,41,147.345443,False,True,1
-0.24,24,147.354775,False,True,1
-0.05,5,147.35729,False,True,1
1.59,41,147.369088,False,True,3
-0.15,15,147.37406,False,True,1
0.5,50,147.388923,False,True,2
0.76,24,147.395833,False,True,2
3.27,73,147.417507,False,True,5
2.46,54,147.434318,False,True,4
2.04,96,147.463677,False,True,4
-3.0,100,147.49412,False,False,3
0.83,17,147.499255,False,True,2
0.73,27,147.508035,False,True,2
-3.0,100,147.538793,False,False,3
2.19,81,147.562781,False,True,4
-0.38,38,147.575308,False,True,1
-3.0,100,147.605509,False,False,3
-4.0,100,147.635094,False,False,2
-3.0,100,147.664135,False,False,3
1.87,13,147.667821,False,True,3
1.8,20,147.674056,False,True,3
-4.0,100,147.705146,False,False,2
-2.0,100,147.733412,False,False,4
2.72,28,147.74163,False,True,4
1.91,9,147.744288,False,True,3
-4.0,100,147.775042,False,False,2
1.73,27,147.783747,False,True,3
-0.01,1,147.784035,False,True,1
-4.0,100,147.814083,False,False,2
-0.07,7,147.816524,False,True,1
-3.0,100,147.845685,False,False,3
-0.12,12,147.849504,False,True,1
1.97,3,147.850749,False,True,3
0.66,34,147.861066,False,True,2
-4.0,100,147.89091,False,False,2
-0.48,48,147.904688,False,True,1
1.93,7,147.907203,False,True,3
-4.0,100,147.937487,False,False,2
-0.14,14,147.940945,False,True,1
-2.0,100,147.970717,False,False,4
-3.0,100,148.001253,False,False,3
-0.12,12,148.005196,False,True,1
-5.0,100,148.034709,False,False,1
2.07,93,148.063556,False,True,4
-0.14,14,148.067542,False,True,1
-3.0,100,148.096761,False,False,3
3.45,55,148.113202,False,True,5
1.57,43,148.125664,False,True,3
0.89,11,148.128633,False,True,2
0.9,10,148.132147,False,True,2
1.61,39,148.144628,False,True,3
2.53,47,148.159289,False,True,4
-5.0,100,148.188986,False,False,1
-0.09,9,148.19234,False,True,1
3.34,66,148.210261,False,True,5
4.61,39,148.221314,False,True,6
-0.39,39,148.232805,False,True,1
-4.0,100,148.263306,False,False,2
2.43,57,148.279715,False,True,4
3.79,21,148.285204,False,True,5
-1.0,100,148.31573,False,False,5
-0.05,5,148.317267,False,True,1
-5.0,100,148.345977,False,False,1
1.45,55,148.361782,False,True,3
1.88,12,148.365666,False,True,3
0.02,98,148.394265,False,True,2
-4.0,100,148.422987,False,False,2
-0.08,8,148.425772,False,True,1
0.66,34,148.436372,False,True,2
-3.0,100,148.465539,False,False,3
2.06,94,148.495959,False,True,4
-3.0,100,148.526041,False,False,3
-4.0,100,148.555602,False,False,2
-3.0,100,148.585551,False,False,3
-2.0,100,148.61485,False,False,4
0.89,11,148.617577,False,True,2
-0.09,9,148.620931,False,True,1
1.84,16,148.62555,False,True,3
0.88,12,148.629613,False,True,2
2.61,39,148.640897,False,True,4
-2.0,100,148.672284,False,False,4
-0.07,7,148.674775,False,True,1
-4.0,100,148.705099,False,False,2
-0.05,5,148.706521,False,True,1
0.75,25,148.715369,False,True,2
1.4,60,148.732628,False,True,3
-3.0,100,148.761508,False,False,3
1.77,23,148.768042,False,True,3
3.47,53,148.785981,False,True,5
-2.0,100,148.815834,False,False,4
1.89,11,148.818624,False,True,3
-0.01,1,148.819653,False,True,1
2.5,50,148.83532,False,True,4
1.97,3,148.83663,False,True,3
0.84,16,148.841755,False,True,2
-0.01,1,148.84199,False,True,1
0.43,57,148.859314,False,True,2
-1.0,100,148.889363,False,False,5
-3.0,100,148.916971,False,False,3
1.36,64,148.93538,False,True,3
3.1,90,148.963248,False,True,5
2.87,13,148.966998,False,True,4
0.59,41,148.981582,False,True,2
3.72,28,148.989833,False,True,5
1.31,69,149.012348,False,True,3
13.63,37,149.023023,True,False,9
3.77,23,149.030345,False,True,5
2.61,39,149.041423,False,True,4
0.0,100,149.074009,False,False,6
0.88,12,149.077861,False,True,2
1.23,77,149.101621,False,True,3
0.5,50,149.116416,False,True,2
-0.01,1,149.116812,False,True,1
0.89,11,149.120291,False,True,2
1.97,3,149.121463,False,True,3
2.81,19,149.127526,False,True,4
-2.0,100,149.161546,False,False,4
-0.51,51,149.17636,False,True,1
2.31,69,149.197065,False,True,4
-3.0,100,149.226423,False,False,3
1.92,8,149.228881,False,True,3
-1.0,100,149.258483,False,False,5
-3.0,100,149.288558,False,False,3
0.42,58,149.304809,False,True,2
0.92,8,149.307723,False,True,2
-4.0,100,149.339688,False,False,2
-0.1,10,149.343024,False,True,1
2.49,51,149.357871,False,True,4
2.07,93,149.389235,False,True,4
-3.0,100,149.419625,False,False,3
0.3,70,149.440798,False,True,2
1.22,78,149.464636,False,True,3
0.0,100,149.496911,False,False,6
3.25,75,149.518996,False,True,5
1.9,10,149.522431,False,True,3
-2.0,100,149.552374,False,False,4
0.0,100,149.5858,False,False,6
4.88,12,149.589287,False,True,6
-0.12,12,149.593155,False,True,1
-0.81,81,149.617178,False,True,1
2.62,38,149.630218,False,True,4
2.95,5,149.632165,False,True,4
0.83,17,149.637854,False,True,2
-0.19,19,149.643844,False,True,1
-1.0,100,149.674337,False,False,5
1.97,3,149.675441,False,True,3
-0.03,3,149.675855,False,True,1
-0.02,2,149.676901,False,True,1
1.96,4,149.678409,False,True,3
-3.0,100,149.709793,False,False,3
-0.05,5,149.711336,False,True,1
-4.0,100,149.741414,False,False,2
-4.0,100,149.771676,False,False,2
4.4,60,149.790516,False,True,6
-3.0,100,149.820444,False,False,3
-3.0,100,149.850862,False,False,3
-2.0,100,149.881725,False,False,4
1.56,44,149.896504,False,True,3
-0.13,13,149.900521,False,True,1
-4.0,100,149.931307,False,False,2
-5.0,100,149.962205,False,False,1
0.97,3,149.963411,False,True,2
-0.18,18,149.969598,False,True,1
1.74,26,149.977045,False,True,3
0.9,10,149.980591,False,True,2
3.48,52,149.998121,False,True,5
2.71,29,150.007548,False,True,4
2.13,87,150.033861,False,True,4
0.88,12,150.03807,False,True,2
0.8,20,150.044815,False,True,2
-2.0,100,150.07498,False,False,4
1.93,7,150.076567,False,True,3
2.87,13,150.081129,False,True,4
1.96,4,150.082489,False,True,3
0.85,15,150.086868,False,True,2
2.49,51,150.10341,False,True,4
1.97,3,150.104845,False,True,3
0.92,8,150.107255,False,True,2
2.68,32,150.117131,False,True,4
1.83,17,150.122223,False,True,3
-2.0,100,150.153867,False,False,4
-2.0,100,150.182245,False,False,4
-2.0,100,150.211834,False,False,4
4.76,24,150.218797,False,True,6
-4.0,100,150.249058,False,False,2
0.93,7,150.251205,False,True,2
-3.0,100,150.319273,False,False,3
0.71,29,150.328009,False,True,2
3.94,6,150.330397,False,True,5
-0.13,13,150.334019,False,True,1
-1.0,100,150.365743,False,False,5
5.14,86,150.390748,False,True,7
-0.13,13,150.395658,False,True,1
3.27,73,150.417866,False,True,5
1.45,55,150.434369,False,True,3
-0.01,1,150.434668,False,True,1
2.33,67,150.456076,False,True,4
1.93,7,150.457631,False,True,3
0.84,16,150.463235,False,True,2
0.46,54,150.479935,False,True,2
-2.0,100,150.510635,False,False,4
3.46,54,150.526713,False,True,5
0.95,5,150.528826,False,True,2
-4.0,100,150.557126,False,False,2
0.35,65,150.577195,False,True,2
-0.13,13,150.58106,False,True,1
0.17,83,150.605089,False,True,2
2.35,65,150.625001,False,True,4
-3.0,100,150.655753,False,False,3
-4.0,100,150.686778,False,False,2
-0.09,9,150.689635,False,True,1
0.94,6,150.691969,False,True,2
-2.0,100,150.723959,False,False,4
0.92,8,150.726671,False,True,2
-4.0,100,150.757167,False,False,2
0.89,11,150.760691,False,True,2
0.57,43,150.773253,False,True,2
-4.0,100,150.805234,False,False,2
-0.02,2,150.806554,False,True,1
0.85,15,150.810997,False,True,2
5.34,66,150.83203,False,True,7
1.77,23,150.839334,False,True,3
0.61,39,150.850947,False,True,2
1.96,4,150.852272,False,True,3
2.71,29,150.861009,False,True,4
2.77,23,150.868404,False,True,4
-0.17,17,150.874243,False,True,1
1.54,46,150.889685,False,True,3
0.44,56,150.907134,False,True,2
0.82,18,150.913352,False,True,2
0.84,16,150.918406,False,True,2
-0.1,10,150.921708,False,True,1
5.23,77,150.946808,False,True,7
-4.0,100,150.976076,False,False,2
-3.0,100,151.006623,False,False,3
-0.19,19,151.011665,False,True,1
2.54,46,151.027212,False,True,4
1.81,19,151.033647,False,True,3
-5.0,100,151.06483,False,False,1
1.86,14,151.069161,False,True,3
0.97,3,151.070788,False,True,2
0.89,11,151.074662,False,True,2
3.38,62,151.094375,False,True,5
0.9,10,151.097476,False,True,2
0.89,11,151.100647,False,True,2
0.96,4,151.102185,False,True,2
-2.0,100,151.135588,False,False,4
-3.0,100,151.165309,False,False,3
-3.0,100,151.195822,False,False,3
-2.0,100,151.228715,False,False,4
0.81,19,151.235726,False,True,2
-0.1,10,151.239769,False,True,1
0.83,17,151.245137,False,True,2
1.94,6,151.246822,False,True,3
2.74,26,151.255078,False,True,4
-2.0,100,151.285352,False,False,4
-2.0,100,151.317938,False,False,4
1.97,3,151.319361,False,True,3
-3.0,100,151.35093,False,False,3
-0.04,4,151.352306,False,True,1
-0.65,65,151.371914,False,True,1
-2.0,100,151.401517,False,False,4
0.95,5,151.403468,False,True,2
0.86,14,151.408068,False,True,2
-0.02,2,151.408524,False,True,1
2.35,65,151.428233,False,True,4
0.64,36,151.439696,False,True,2
-3.0,100,151.470994,False,False,3
0.98,2,151.472258,False,True,2
0.95,5,151.47354,False,True,2
-0.11,11,151.477218,False,True,1
1.36,64,151.497377,False,True,3
0.87,13,151.501271,False,True,2
0.49,51,151.517283,False,True,2
-3.0,100,151.549792,False,False,3
2.92,8,151.552649,False,True,4
2.95,5,151.554255,False,True,4
2.12,88,151.581862,False,True,4
2.16,84,151.606278,False,True,4
0.33,67,151.625719,False,True,2
-2.0,100,151.65731,False,False,4
2.33,67,151.679328,False,True,4
-0.08,8,151.682225,False,True,1
-2.0,100,151.711217,False,False,4
0.89,11,151.713896,False,True,2
-3.0,100,151.74418,False,False,3
5.56,44,151.784154,False,True,7
-0.13,13,151.789516,False,True,1
0.84,16,151.804122,False,True,2
1.09,91,151.833917,False,True,3
-0.08,8,151.8367,False,True,1
-0.06,6,151.839288,False,True,1
0.6,40,151.853462,False,True,2
2.43,57,151.871186,False,True,4
-4.0,100,151.902294,False,False,2
2.43,57,151.920482,False,True,4
0.96,4,151.922488,False,True,2
0.18,82,151.951021,False,True,2
-3.0,100,151.984803,False,False,3
4.01,99,152.015378,False,True,6
1.71,29,152.025377,False,True,3
-4.0,100,152.058135,False,False,2
0.78,22,152.064727,False,True,2
2.37,63,152.083565,False,True,4
-2.0,100,152.115533,False,False,4
-3.0,100,152.145171,False,False,3
3.57,43,152.159543,False,True,5
-4.0,100,152.190927,False,False,2
-2.0,100,152.222942,False,False,4
-2.0,100,152.253166,False,False,4
-2.0,100,152.282372,False,False,4
-3.0,100,152.312512,False,False,3
2.59,41,152.325608,False,True,4
-0.13,13,152.329832,False,True,1
-3.0,100,152.360752,False,False,3
-2.0,100,152.392823,False,False,4
-4.0,100,152.424503,False,False,2
-3.0,100,152.456043,False,False,3
1.29,71,152.477304,False,True,3
-4.0,100,152.507507,False,False,2
1.01,99,152.538994,False,True,3
-2.0,100,152.569157,False,False,4
1.52,48,152.583301,False,True,3
2.19,81,152.60725,False,True,4
-0.11,11,152.611293,False,True,1
2.49,51,152.627699,False,True,4
-2.0,100,152.658903,False,False,4
1.0,100,152.689231,False,False,7
0.86,14,152.693116,False,True,2
-3.0,100,152.725415,False,False,3
-4.0,100,152.756235,False,False,2
3.3,70,152.779309,False,True,5
1.08,92,152.826521,False,True,3
0.46,54,152.842943,False,True,2
-2.0,100,152.87647,False,False,4
1.96,4,152.87789,False,True,3
0.89,11,152.881619,False,True,2
3.14,86,152.908152,False,True,5
1.96,4,152.909464,False,True,3
-5.0,100,152.939637,False,False,1
1.91,9,152.943232,False,True,3
-2.0,100,152.97754,False,False,4
2.18,82,153.001798,False,True,4
0.08,92,153.029534,False,True,2
1.86,14,153.034472,False,True,3
-2.0,100,153.064373,False,False,4
-3.0,100,153.093206,False,False,3
1.94,6,153.09461,False,True,3
-3.0,100,153.1252,False,False,3
-4.0,100,153.155139,False,False,2
-0.05,5,153.156914,False,True,1
0.73,27,153.165497,False,True,2
1.76,24,153.173721,False,True,3
-0.01,1,153.174016,False,True,1
2.57,43,153.187719,False,True,4
-4.0,100,153.217324,False,False,2
-1.0,100,153.251652,False,False,5
-1.0,100,153.286418,False,False,5
0.95,5,153.28799,False,True,2
-0.13,13,153.292805,False,True,1
-3.0,100,153.325102,False,False,3
-2.0,100,153.356716,False,False,4
2.6,40,153.369236,False,True,4
3.88,12,153.373247,False,True,5
3.55,45,153.387639,False,True,5
0.72,28,153.39648,False,True,2
-4.0,100,153.426159,False,False,2
1.63,37,153.437016,False,True,3
-0.59,59,153.456008,False,True,1
2.87,13,153.460112,False,True,4
3.63,37,153.473344,False,True,5
-3.0,100,153.504601,False,False,3
-5.0,100,153.536462,False,False,1
1.81,19,153.542572,False,True,3
2.92,8,153.545084,False,True,4
2.15,85,153.571256,False,True,4
5.5,50,153.589145,False,True,7
3.3,70,153.610215,False,True,5
-4.0,100,153.638709,False,False,2
-2.0,100,153.672843,False,False,4
1.89,11,153.6774,False,True,3
0.86,14,153.685666,False,True,2
-0.16,16,153.692861,False,True,1
1.91,9,153.696857,False,True,3
0.02,98,153.738805,False,True,2
-0.16,16,153.744752,False,True,1
-5.0,100,153.776536,False,False,1
2.6,40,153.789625,False,True,4
-2.0,100,153.824245,False,False,4
0.66,34,153.835048,False,True,2
1.89,11,153.838857,False,True,3
0.9,10,153.841428,False,True,2
0.75,25,153.848831,False,True,2
1.85,15,153.853942,False,True,3
-3.0,100,153.886762,False,False,3
-4.0,100,153.917848,False,False,2
3.61,39,153.931563,False,True,5
-1.0,100,153.962885,False,False,5
-0.2,20,153.96897,False,True,1
-2.0,100,153.997864,False,False,4
1.76,24,154.005199,False,True,3
0.58,42,154.017782,False,True,2
-4.0,100,154.047407,False,False,2
1.96,4,154.048607,False,True,3
0.82,18,154.055232,False,True,2
1.83,17,154.060729,False,True,3
0.0,100,154.089708,False,False,6
2.92,8,154.091931,False,True,4
3.38,62,154.11137,False,True,5
2.85,15,154.11498,False,True,4
-2.0,100,154.14438,False,False,4
2.45,55,154.162595,False,True,4
-0.01,1,154.162969,False,True,1
0.97,3,154.164314,False,True,2
1.04,96,154.195077,False,True,3
1.24,76,154.21837,False,True,3
-4.0,100,154.249857,False,False,2
0.94,6,154.252099,False,True,2
3.13,87,154.279375,False,True,5
0.48,52,154.295612,False,True,2
-1.0,100,154.327732,False,False,5
1.93,7,154.330105,False,True,3
-3.0,100,154.360417,False,False,3
1.93,7,154.363149,False,True,3
-4.0,100,154.394482,False,False,2
-3.0,100,154.425401,False,False,3
1.49,51,154.440452,False,True,3
0.47,53,154.455993,False,True,2
-3.0,100,154.488952,False,False,3
0.98,2,154.489388,False,True,2
-1.0,100,154.521036,False,False,5
5.65,35,154.532013,False,True,7
1.78,22,154.539402,False,True,3
0.96,4,154.540889,False,True,2
0.95,5,154.542437,False,True,2
0.55,45,154.556341,False,True,2
2.12,88,154.584547,False,True,4
2.79,21,154.591119,False,True,4
-2.0,100,154.624924,False,False,4
5.46,54,154.641599,False,True,7
0.22,78,154.665652,False,True,2
0.87,13,154.670372,False,True,2
1.89,11,154.672979,False,True,3
-2.0,100,154.70599,False,False,4
2.31,69,154.729357,False,True,4
2.49,51,154.745195,False,True,4
1.6,40,154.757803,False,True,3
2.62,38,154.771108,False,True,4
1.96,4,154.772709,False,True,3
3.84,16,154.777869,False,True,5
-3.0,100,154.810134,False,False,3
-4.0,100,154.840935,False,False,2
0.91,9,154.843684,False,True,2
0.14,86,154.871039,False,True,2
0.82,18,154.877106,False,True,2
-0.03,3,154.878462,False,True,1
1.39,61,154.900681,False,True,3
2.78,22,154.908033,False,True,4
0.0,100,154.939673,False,False,6
1.64,36,154.950523,False,True,3
-4.0,100,154.981187,False,False,2
0.27,73,155.003081,False,True,2
3.64,36,155.013783,False,True,5
0.97,3,155.015002,False,True,2
-3.0,100,155.044638,False,False,3
-3.0,100,155.075538,False,False,3
0.8,20,155.081388,False,True,2
3.92,8,155.083689,False,True,5
0.51,49,155.099942,False,True,2
2.29,71,155.123701,False,True,4
2.6,40,155.135952,False,True,4
2.86,14,155.1399,False,True,4
-3.0,100,155.172802,False,False,3
1.68,32,155.182608,False,True,3
-0.23,23,155.189943,False,True,1
0.89,11,155.193649,False,True,2
-2.0,100,155.227184,False,False,4
0.12,88,155.254542,False,True,2
0.53,47,155.267356,False,True,2
4.25,75,155.291498,False,True,6
0.91,9,155.294781,False,True,2
-3.0,100,155.3281,False,False,3
-3.0,100,155.359209,False,False,3
0.98,2,155.360263,False,True,2
1.34,66,155.380348,False,True,3
-3.0,100,155.411164,False,False,3
-2.0,100,155.440593,False,False,4
2.16,84,155.46717,False,True,4
0.94,6,155.469681,False,True,2
1.97,3,155.47097,False,True,3
4.82,18,155.477716,False,True,6
-2.0,100,155.512656,False,False,4
-2.0,100,155.54929,False,False,4
1.23,77,155.575851,False,True,3
-3.0,100,155.607556,False,False,3
0.54,46,155.62235,False,True,2
1.91,9,155.625048,False,True,3
1.96,4,155.626199,False,True,3
2.51,49,155.641605,False,True,4
1.92,8,155.643984,False,True,3
-3.0,100,155.675724,False,False,3
0.48,52,155.69094,False,True,2
-2.0,100,155.726457,False,False,4
1.43,57,155.755314,False,True,3
1.97,3,155.756447,False,True,3
1.9,10,155.761762,False,True,3
0.76,24,155.77143,False,True,2
0.54,46,155.786674,False,True,2
-3.0,100,155.821144,False,False,3
1.97,3,155.823133,False,True,3
-1.0,100,155.86223,False,False,5
1.97,3,155.86377,False,True,3
0.95,5,155.865509,False,True,2
1.93,7,155.868159,False,True,3
1.82,18,155.874627,False,True,3
-2.0,100,155.909349,False,False,4
-4.0,100,155.946587,False,False,2
2.88,12,155.950244,False,True,4
1.88,12,155.954166,False,True,3
-3.0,100,155.985442,False,False,3
-1.0,100,156.015177,False,False,5
0.84,16,156.02034,False,True,2
0.95,5,156.022997,False,True,2
-3.0,100,156.055792,False,False,3
0.88,12,156.060074,False,True,2
-3.0,100,156.091565,False,False,3
-2.0,100,156.120833,False,False,4
1.29,71,156.140724,False,True,3
0.0,100,156.171283,False,False,6
0.0,100,156.201486,False,False,6
1.49,51,156.217674,False,True,3
1.58,42,156.231259,False,True,3
0.34,66,156.25256,False,True,2
0.7,30,156.261971,False,True,2
1.28,72,156.283527,False,True,3
0.9,10,156.287185,False,True,2
-2.0,100,156.319785,False,False,4
-2.0,100,156.351761,False,False,4
3.17,83,156.377907,False,True,5
1.97,3,156.379255,False,True,3
2.59,41,156.392721,False,True,4
1.89,11,156.396619,False,True,3
0.9,10,156.399507,False,True,2
0.87,13,156.402949,False,True,2
1.33,67,156.424238,False,True,3
5.02,98,156.45458,False,True,7
-3.0,100,156.48482,False,False,3
2.95,5,156.486373,False,True,4
0.04,96,156.517343,False,True,2
2.78,22,156.523775,False,True,4
2.96,4,156.525112,False,True,4
-3.0,100,156.556216,False,False,3
-0.01,1,156.557497,False,True,1
0.96,4,156.558927,False,True,2
0.98,2,156.559261,False,True,2
-0.04,4,156.560634,False,True,1
-1.0,100,156.594074,False,False,5
0.87,13,156.599399,False,True,2
-4.0,100,156.630203,False,False,2
-2.0,100,156.661343,False,False,4
-2.0,100,156.694401,False,False,4
0.55,45,156.70992,False,True,2
-2.0,100,156.74162,False,False,4
1.09,91,156.76879,False,True,3
-0.03,3,156.770443,False,True,1
0.48,52,156.78755,False,True,2
-3.0,100,156.817798,False,False,3
-0.05,5,156.819382,False,True,1
0.89,11,156.823464,False,True,2
0.95,5,156.824858,False,True,2
-0.04,4,156.826118,False,True,1
-0.04,4,156.827519,False,True,1
-0.04,4,156.829427,False,True,1
0.58,42,156.843468,False,True,2
-4.0,100,156.873544,False,False,2
2.56,44,156.887097,False,True,4
-2.0,100,156.91782,False,False,4
1.94,6,156.91942,False,True,3
-0.74,74,156.943613,False,True,1
5.51,49,156.958993,False,True,7
2.69,31,156.97086,False,True,4
1.51,49,156.985806,False,True,3
-3.0,100,157.015413,False,False,3
-3.0,100,157.044923,False,False,3
-0.46,46,157.060142,False,True,1
1.18,82,157.084618,False,True,3
0.27,73,157.105605,False,True,2
1.74,26,157.113364,False,True,3
-0.03,3,157.114572,False,True,1
0.84,16,157.119463,False,True,2
0.74,26,157.1276,False,True,2
-4.0,100,157.157865,False,False,2
1.78,22,157.165663,False,True,3
0.91,9,157.169012,False,True,2
0.27,73,157.191742,False,True,2
2.92,8,157.194366,False,True,4
1.81,19,157.200268,False,True,3
0.65,35,157.212448,False,True,2
-2.0,100,157.24636,False,False,4
2.43,57,157.26429,False,True,4
-2.0,100,157.296297,False,False,4
0.91,9,157.299266,False,True,2
2.95,5,157.300846,False,True,4
2.15,85,157.327467,False,True,4
1.61,39,157.339637,False,True,3
0.9,10,157.343624,False,True,2
-0.22,22,157.350044,False,True,1
-0.16,16,157.35533,False,True,1
-4.0,100,157.386369,False,False,2
0.9,10,157.389883,False,True,2
-0.65,65,157.41026,False,True,1
-4.0,100,157.44053,False,False,2
-2.0,100,157.474729,False,False,4
-1.0,100,157.505953,False,False,5
1.02,98,157.536751,False,True,3
1.37,63,157.556783,False,True,3
2.46,54,157.574362,False,True,4
0.54,46,157.588423,False,True,2
2.96,4,157.589894,False,True,4
2.29,71,157.612619,False,True,4
0.61,39,157.626344,False,True,2
-4.0,100,157.660703,False,False,2
1.8,20,157.667448,False,True,3
2.8,20,157.673947,False,True,4
-2.0,100,157.706327,False,False,4
-3.0,100,157.737831,False,False,3
-3.0,100,157.769978,False,False,3
0.88,12,157.774195,False,True,2
-4.0,100,157.805201,False,False,2
1.45,55,157.823296,False,True,3
0.21,79,157.846453,False,True,2
0.83,17,157.85217,False,True,2
-1.0,100,157.883441,False,False,5
2.09,91,157.912623,False,True,4
0.92,8,157.914962,False,True,2
2.12,88,157.94274,False,True,4
-4.0,100,157.97335,False,False,2
-1.0,100,158.004704,False,False,5
1.94,6,158.007145,False,True,3
1.24,76,158.030365,False,True,3
-3.0,100,158.062296,False,False,3
0.83,17,158.067909,False,True,2
0.97,3,158.069232,False,True,2
0.89,11,158.07266,False,True,2
0.79,21,158.078869,False,True,2
-4.0,100,158.111382,False,False,2
5.05,95,158.140065,False,True,7
0.1,90,158.167395,False,True,2
1.34,66,158.189426,False,True,3
0.53,47,158.202401,False,True,2
1.55,45,158.217201,False,True,3
-0.01,1,158.217396,False,True,1
-1.0,100,158.249354,False,False,5
-2.0,100,158.280602,False,False,4
2.76,24,158.288005,False,True,4
0.92,8,158.290842,False,True,2
3.64,36,158.302799,False,True,5
0.0,100,158.335332,False,False,6
0.49,51,158.351912,False,True,2
4.45,55,158.369998,False,True,6
-0.01,1,158.371209,False,True,1
-4.0,100,158.406324,False,False,2
0.41,59,158.426441,False,True,2
1.36,64,158.447373,False,True,3
1.27,73,158.475305,False,True,3
-4.0,100,158.509028,False,False,2
-4.0,100,158.542233,False,False,2
0.77,23,158.549763,False,True,2
3.44,56,158.571651,False,True,5
-1.0,100,158.605395,False,False,5
-4.0,100,158.641898,False,False,2
1.24,76,158.66788,False,True,3
1.51,49,158.688952,False,True,3
-3.0,100,158.722941,False,False,3
1.93,7,158.72482,False,True,3
0.94,6,158.727426,False,True,2
-2.0,100,158.760775,False,False,4
0.68,32,158.77319,False,True,2
0.3,70,158.797329,False,True,2
3.58,42,158.812324,False,True,5
-3.0,100,158.848592,False,False,3
2.13,87,158.877537,False,True,4
3.92,8,158.880606,False,True,5
-1.0,100,158.912014,False,False,5
1.21,79,158.937787,False,True,3
-0.09,9,158.941589,False,True,1
3.5,50,158.958066,False,True,5
-0.02,2,158.959117,False,True,1
-4.0,100,158.993142,False,False,2
-0.11,11,158.996087,False,True,1
2.52,48,159.011568,False,True,4
-2.0,100,159.045865,False,False,4
-4.0,100,159.081204,False,False,2
1.79,21,159.088378,False,True,3
1.48,52,159.104873,False,True,3
1.61,39,159.115947,False,True,3
-6.0,100,159.147144,False,False,0
1.38,62,159.167794,False,True,3
0.86,14,159.171614,False,True,2
-3.0,100,159.20456,False,False,3
0.97,3,159.205912,False,True,2
-4.0,100,159.237046,False,False,2
-5.0,100,159.268274,False,False,1
0.92,8,159.270559,False,True,2
2.34,66,159.292459,False,True,4
1.88,12,159.296423,False,True,3
6.72,28,159.304934,False,True,8
-2.0,100,159.335414,False,False,4
1.0,100,159.367283,False,False,7
1.91,9,159.369954,False,True,3
0.85,15,159.375098,False,True,2
1.96,4,159.376418,False,True,3
2.46,54,159.393557,False,True,4
0.46,54,159.412716,False,True,2
1.62,38,159.424929,False,True,3
0.81,19,159.43185,False,True,2
1.32,68,159.454144,False,True,3
-3.0,100,159.485375,False,False,3
0.57,43,159.499281,False,True,2
1.71,29,159.508379,False,True,3
3.21,79,159.534334,False,True,5
1.91,9,159.537526,False,True,3
-0.41,41,159.549547,False,True,1
0.93,7,159.551872,False,True,2
4.92,8,159.554267,False,True,6
1.96,4,159.556113,False,True,3
3.39,61,159.576233,False,True,5
0.72,28,159.585203,False,True,2
-0.0,100,159.62306,False,True,2
1.33,67,159.646497,False,True,3
1.83,17,159.651596,False,True,3
1.0,100,159.684495,False,False,7
0.74,26,159.693326,False,True,2
-3.0,100,159.72908,False,False,3
0.42,58,159.747414,False,True,2
-2.0,100,159.78142,False,False,4
-2.0,100,159.81666,False,False,4
-0.01,1,159.816979,False,True,1
0.96,4,159.818545,False,True,2
0.88,12,159.823129,False,True,2
2.27,73,159.849818,False,True,4
3.83,17,159.855713,False,True,5
-0.11,11,159.860046,False,True,1
1.89,11,159.863693,False,True,3
-2.0,100,159.901126,False,False,4
0.74,26,159.911033,False,True,2
-0.14,14,159.917687,False,True,1
-3.0,100,159.951614,False,False,3
-3.0,100,159.984187,False,False,3
1.24,76,160.007772,False,True,3
1.33,67,160.032341,False,True,3
3.95,5,160.034229,False,True,5
0.96,4,160.03598,False,True,2
-2.0,100,160.067816,False,False,4
0.96,4,160.069087,False,True,2
-0.02,2,160.070267,False,True,1
-0.16,16,160.075309,False,True,1
0.53,47,160.091012,False,True,2
-0.67,67,160.112517,False,True,1
2.17,83,160.138569,False,True,4
0.87,13,160.142484,False,True,2
2.86,14,160.148181,False,True,4
2.56,44,160.163311,False,True,4
1.95,5,160.164858,False,True,3
0.75,25,160.172557,False,True,2
2.25,75,160.196311,False,True,4
3.95,5,160.197649,False,True,5
-3.0,100,160.228092,False,False,3
3.91,9,160.23209,False,True,5
1.26,74,160.256117,False,True,3
0.96,4,160.25759,False,True,2
0.97,3,160.258975,False,True,2
3.86,14,160.263199,False,True,5
0.73,27,160.272892,False,True,2
0.83,17,160.278704,False,True,2
0.9,10,160.282314,False,True,2
0.49,51,160.317222,False,True,2
-0.04,4,160.319629,False,True,1
0.67,33,160.331509,False,True,2
-2.0,100,160.365433,False,False,4
0.92,8,160.368248,False,True,2
0.78,22,160.374981,False,True,2
0.0,100,160.404851,False,False,6
5.41,59,160.42413,False,True,7
0.86,14,160.428981,False,True,2
-4.0,100,160.46149,False,False,2
0.64,36,160.473125,False,True,2
-1.0,100,160.504794,False,False,5
4.69,31,160.514506,False,True,6
1.67,33,160.527023,False,True,3
-1.0,100,160.558956,False,False,5
-5.0,100,160.588666,False,False,1
2.77,23,160.595069,False,True,4
-5.0,100,160.626944,False,False,1
6.49,51,160.643605,False,True,8
0.0,100,160.674301,False,False,6
1.97,3,160.675568,False,True,3
3.86,14,160.679675,False,True,5
1.4,60,160.69954,False,True,3
0.93,7,160.702352,False,True,2
1.9,10,160.705828,False,True,3
0.87,13,160.709562,False,True,2
0.24,76,160.736634,False,True,2
1.57,43,160.751732,False,True,3
1.14,86,160.77923,False,True,3
-1.0,100,160.810237,False,False,5
1.81,19,160.817044,False,True,3
-3.0,100,160.852639,False,False,3
0.0,100,160.886378,False,False,6
-2.0,100,160.919786,False,False,4
2.25,75,160.947013,False,True,4
2.91,9,160.949604,False,True,4
-2.0,100,160.984622,False,False,4
0.94,6,160.986349,False,True,2
2.61,39,160.998889,False,True,4
-0.15,15,161.003994,False,True,1
0.9,10,161.007192,False,True,2
0.0,100,161.040052,False,False,6
-0.01,1,161.041145,False,True,1
-4.0,100,161.071653,False,False,2
0.0,100,161.108119,False,False,6
1.96,4,161.109476,False,True,3
3.18,82,161.137557,False,True,5
0.84,16,161.142721,False,True,2
1.6,40,161.157131,False,True,3
3.92,8,161.160397,False,True,5
-2.0,100,161.194533,False,False,4
-1.0,100,161.228693,False,False,5
3.59,41,161.242974,False,True,5
3.93,7,161.245588,False,True,5
2.33,67,161.272671,False,True,4
0.93,7,161.275983,False,True,2
2.21,79,161.301149,False,True,4
-2.0,100,161.332532,False,False,4
-4.0,100,161.369931,False,False,2
5.64,36,161.381549,False,True,7
4.69,31,161.393575,False,True,6
4.33,67,161.414971,False,True,6
5.85,15,161.420101,False,True,7
-3.0,100,161.45385,False,False,3
1.8,20,161.460663,False,True,3
4.37,63,161.482112,False,True,6
-0.14,14,161.48779,False,True,1
0.85,15,161.493089,False,True,2
0.0,100,161.52455,False,False,6
1.92,8,161.526962,False,True,3
2.57,43,161.539957,False,True,4
2.23,77,161.567423,False,True,4
-2.0,100,161.603986,False,False,4
2.89,11,161.60676,False,True,4
1.95,5,161.609303,False,True,3
1.5,50,161.624522,False,True,3
1.26,74,161.652287,False,True,3
0.59,41,161.667795,False,True,2
1.53,47,161.684153,False,True,3
2.59,41,161.699361,False,True,4
-4.0,100,161.733909,False,False,2
1.81,19,161.740413,False,True,3
-5.0,100,161.777383,False,False,1
-2.0,100,161.811598,False,False,4
3.86,14,161.816034,False,True,5
0.8,20,161.82342,False,True,2
1.44,56,161.842238,False,True,3
-3.0,100,161.879135,False,False,3
0.87,13,161.883206,False,True,2
1.12,88,161.912991,False,True,3
1.14,86,161.942347,False,True,3
-2.0,100,161.977427,False,False,4
2.22,78,162.00588,False,True,4
0.64,36,162.01794,False,True,2
0.84,16,162.022744,False,True,2
0.9,10,162.026568,False,True,2
0.81,19,162.03365,False,True,2
1.05,95,162.066813,False,True,3
-0.24,24,162.075877,False,True,1
-0.21,21,162.085172,False,True,1
-0.16,16,162.091012,False,True,1
-0.15,15,162.095862,False,True,1
0.85,15,162.101997,False,True,2
3.6,40,162.115028,False,True,5
1.19,81,162.142423,False,True,3
1.3,70,162.167155,False,True,3
2.56,44,162.182453,False,True,4
0.7,30,162.192531,False,True,2
1.86,14,162.197654,False,True,3
0.65,35,162.210328,False,True,2
1.1,90,162.242141,False,True,3
5.59,41,162.256643,False,True,7
2.41,59,162.279337,False,True,4
1.88,12,162.28393,False,True,3
0.96,4,162.285313,False,True,2
5.62,38,162.298938,False,True,7
1.43,57,162.317845,False,True,3
0.97,3,162.31894,False,True,2
-2.0,100,162.35102,False,False,4
1.86,14,162.35534,False,True,3
-0.75,75,162.38941,False,True,1
1.09,91,162.422782,False,True,3
1.04,96,162.454699,False,True,3
0.0,100,162.491902,False,False,6
1.0,100,162.527568,False,False,7
-0.27,27,162.536191,False,True,1
0.88,12,162.54031,False,True,2
0.12,88,162.570464,False,True,2
-3.0,100,162.609094,False,False,3
-0.05,5,162.611372,False,True,1
-0.03,3,162.611866,False,True,1
0.4,60,162.631753,False,True,2
1.33,67,162.655071,False,True,3
-0.28,28,162.664106,False,True,1
-5.0,100,162.698358,False,False,1
2.22,78,162.757987,False,True,4
1.21,79,162.850452,False,True,3
0.86,14,162.856122,False,True,2
2.61,39,162.869513,False,True,4
-5.0,100,162.904612,False,False,1
2.88,12,162.909053,False,True,4
2.23,77,162.934256,False,True,4
0.55,45,162.949397,False,True,2
0.89,11,162.95297,False,True,2
2.43,57,162.971849,False,True,4
3.92,8,162.974176,False,True,5
0.83,17,162.97931,False,True,2
-2.0,100,163.010495,False,False,4
0.74,26,163.019773,False,True,2
0.5,50,163.034963,False,True,2
-2.0,100,163.064961,False,False,4
-4.0,100,163.095116,False,False,2
0.64,36,163.107142,False,True,2
0.83,17,163.113209,False,True,2
-0.09,9,163.115997,False,True,1
0.91,9,163.118702,False,True,2
2.81,19,163.125124,False,True,4
0.0,100,163.155708,False,False,6
3.39,61,163.175667,False,True,5
4.87,13,163.180372,False,True,6
1.94,6,163.184313,False,True,3
0.91,9,163.187327,False,True,2
-0.07,7,163.190299,False,True,1
1.41,59,163.210991,False,True,3
-0.29,29,163.221736,False,True,1
-4.0,100,163.255427,False,False,2
-0.15,15,163.260244,False,True,1
0.98,2,163.260471,False,True,2
-0.06,6,163.263435,False,True,1
5.08,92,163.294674,False,True,7
0.36,64,163.315766,False,True,2
-0.29,29,163.325092,False,True,1
2.25,75,163.349832,False,True,4
0.89,11,163.35266,False,True,2
-0.13,13,163.358104,False,True,1
-3.0,100,163.398177,False,False,3
1.73,27,163.409116,False,True,3
-5.0,100,163.446531,False,False,1
3.4,60,163.468384,False,True,5
-0.08,8,163.471502,False,True,1
-4.0,100,163.505911,False,False,2
-5.0,100,163.537773,False,False,1
0.62,38,163.550341,False,True,2
-0.28,28,163.559543,False,True,1
1.07,93,163.593117,False,True,3
1.35,65,163.615234,False,True,3
0.86,14,163.619783,False,True,2
0.82,18,163.625147,False,True,2
0.76,24,163.632644,False,True,2
1.05,95,163.663997,False,True,3
1.91,9,163.666584,False,True,3
-5.0,100,163.695678,False,False,1
3.32,68,163.717842,False,True,5
-0.07,7,163.720626,False,True,1
1.49,51,163.736574,False,True,3
0.51,49,163.752842,False,True,2
0.92,8,163.755917,False,True,2
0.87,13,163.759927,False,True,2
-2.0,100,163.810239,False,False,4
-0.14,14,163.815928,False,True,1
0.5,50,163.832994,False,True,2
1.0,100,163.866069,False,True,3
-0.28,28,163.874754,False,True,1
2.7,30,163.884595,False,True,4
0.6,40,163.898225,False,True,2
-2.0,100,163.933486,False,False,4
2.65,35,163.945425,False,True,4
0.4,60,163.964547,False,True,2
2.78,22,163.970972,False,True,4
0.96,4,163.972434,False,True,2
0.98,2,163.973797,False,True,2
5.78,22,163.980954,False,True,7
-0.5,50,163.99969,False,True,1
1.76,24,164.007499,False,True,3
1.38,62,164.026169,False,True,3
0.28,72,164.049239,False,True,2
0.79,21,164.055417,False,True,2
0.0,100,164.087158,False,False,6
2.89,11,164.091237,False,True,4
0.92,8,164.09368,False,True,2
-0.31,31,164.103705,False,True,1
2.9,10,164.106594,False,True,4
4.76,24,164.114445,False,True,6
1.37,63,164.136649,False,True,3
1.94,6,164.139855,False,True,3
1.96,4,164.14123,False,True,3
3.79,21,164.148392,False,True,5
-0.01,1,164.148646,False,True,1
2.62,38,164.162319,False,True,4
0.83,17,164.168089,False,True,2
1.62,38,164.179955,False,True,3
-0.27,27,164.188728,False,True,1
-4.0,100,164.225338,False,False,2
0.19,81,164.254065,False,True,2
1.43,57,164.274373,False,True,3
-2.0,100,164.307943,False,False,4
0.88,12,164.31213,False,True,2
0.17,83,164.343577,False,True,2
0.91,9,164.347775,False,True,2
-4.0,100,164.38133,False,False,2
-0.46,46,164.398514,False,True,1
1.8,20,164.406441,False,True,3
1.92,8,164.409345,False,True,3
2.6,40,164.424631,False,True,4
0.86,14,164.429728,False,True,2
-0.09,9,164.433551,False,True,1
1.62,38,164.446474,False,True,3
0.87,13,164.452379,False,True,2
0.78,22,164.459797,False,True,2
1.41,59,164.480375,False,True,3
0.8,20,164.487031,False,True,2
-0.12,12,164.490898,False,True,1
1.88,12,164.495131,False,True,3
0.92,8,164.497694,False,True,2
0.91,9,164.501474,False,True,2
4.06,94,164.534792,False,True,6
0.74,26,164.543186,False,True,2
0.64,36,164.556804,False,True,2
-0.23,23,164.564714,False,True,1
1.47,53,164.580945,False,True,3
4.29,71,164.605306,False,True,6
0.85,15,164.610686,False,True,2
-0.28,28,164.620038,False,True,1
0.91,9,164.623089,False,True,2
-0.1,10,164.625928,False,True,1
-0.01,1,164.626833,False,True,1
1.02,98,164.657455,False,True,3
0.86,14,164.662257,False,True,2
-2.0,100,164.697723,False,False,4
1.94,6,164.699288,False,True,3
1.81,19,164.705146,False,True,3
1.59,41,164.718652,False,True,3
-0.14,14,164.723778,False,True,1
0.93,7,164.725666,False,True,2
1.96,4,164.727186,False,True,3
1.87,13,164.732754,False,True,3
-0.02,2,164.733264,False,True,1
1.0,100,164.768238,False,False,7
1.43,57,164.787502,False,True,3
1.95,5,164.790225,False,True,3
2.47,53,164.809857,False,True,4
-0.08,8,164.81263,False,True,1
2.8,20,164.820011,False,True,4
0.81,19,164.827793,False,True,2
0.77,23,164.835938,False,True,2
-0.36,36,164.849718,False,True,1
-0.15,15,164.855078,False,True,1
1.77,23,164.863185,False,True,3
-2.0,100,164.897511,False,False,4
1.9,10,164.900166,False,True,3
2.77,23,164.908281,False,True,4
1.82,18,164.915859,False,True,3
1.79,21,164.923725,False,True,3
0.86,14,164.928979,False,True,2
-4.0,100,164.96471,False,False,2
1.75,25,164.974722,False,True,3
2.89,11,164.977825,False,True,4
1.97,3,164.979213,False,True,3
0.82,18,164.98601,False,True,2
-0.09,9,164.989224,False,True,1
1.29,71,165.012741,False,True,3
-5.0,100,165.047107,False,False,1
2.13,87,165.07381,False,True,4
1.86,14,165.078084,False,True,3
-3.0,100,165.112288,False,False,3
-2.0,100,165.149658,False,False,4
1.65,35,165.16167,False,True,3
-4.0,100,165.193656,False,False,2
0.52,48,165.21015,False,True,2
3.48,52,165.227278,False,True,5
2.56,44,165.242504,False,True,4
-0.2,20,165.250508,False,True,1
-2.0,100,165.284341,False,False,4
-0.23,23,165.291042,False,True,1
1.95,5,165.293352,False,True,3
1.33,67,165.314716,False,True,3
2.58,42,165.329738,False,True,4
0.86,14,165.333865,False,True,2
-4.0,100,165.368186,False,False,2
1.45,55,165.385678,False,True,3
1.18,82,165.414718,False,True,3
2.47,53,165.432742,False,True,4
2.26,74,165.458168,False,True,4
0.29,71,165.481306,False,True,2
-3.0,100,165.514797,False,False,3
-0.1,10,165.518567,False,True,1
3.24,76,165.543382,False,True,5
-0.09,9,165.546361,False,True,1
0.66,34,165.557806,False,True,2
-0.33,33,165.571982,False,True,1
-0.02,2,165.572425,False,True,1
2.1,90,165.602146,False,True,4
1.53,47,165.618379,False,True,3
0.96,4,165.620114,False,True,2
2.43,57,165.640432,False,True,4
-4.0,100,165.674285,False,False,2
1.79,21,165.681472,False,True,3
1.69,31,165.692756,False,True,3
1.97,3,165.693357,False,True,3
0.94,6,165.6961,False,True,2
2.06,94,165.731281,False,True,4
1.16,84,165.759577,False,True,3
2.22,78,165.788605,False,True,4
1.36,64,165.810317,False,True,3
-5.0,100,165.846972,False,False,1
-0.17,17,165.852816,False,True,1
1.76,24,165.861043,False,True,3
1.83,17,165.867692,False,True,3
-5.0,100,165.904559,False,False,1
0.73,27,165.914021,False,True,2
-0.52,52,165.932992,False,True,1
2.05,95,165.966083,False,True,4
0.59,41,165.981655,False,True,2
0.85,15,165.986903,False,True,2
1.71,29,165.997588,False,True,3
0.95,5,165.999567,False,True,2
1.96,4,166.001263,False,True,3
1.25,75,166.026663,False,True,3
-0.01,1,166.027003,False,True,1
0.21,79,166.054421,False,True,2
0.7,30,166.066309,False,True,2
2.34,66,166.088495,False,True,4
-2.0,100,166.119278,False,False,4
1.88,12,166.123571,False,True,3
-0.24,24,166.132172,False,True,1
-0.06,6,166.134844,False,True,1
-2.0,100,166.1684,False,False,4
2.92,8,166.171298,False,True,4
0.88,12,166.175816,False,True,2
0.0,100,166.209425,False,False,6
1.9,10,166.212791,False,True,3
0.0,100,166.247865,False,False,6
0.86,14,166.253941,False,True,2
2.79,21,166.262861,False,True,4
-4.0,100,166.30005,False,False,2
-4.0,100,166.334608,False,False,2
-5.0,100,166.367543,False,False,1
1.67,33,166.378645,False,True,3
1.62,38,166.393637,False,True,3
1.91,9,166.397116,False,True,3
2.9,10,166.400532,False,True,4
0.46,54,166.420412,False,True,2
1.74,26,166.42886,False,True,3
0.86,14,166.433914,False,True,2
1.33,67,166.455258,False,True,3
-0.15,15,166.459506,False,True,1
3.88,12,166.463501,False,True,5
-0.17,17,166.469311,False,True,1
3.78,22,166.476018,False,True,5
0.95,5,166.477445,False,True,2
0.74,26,166.487299,False,True,2
1.74,26,166.495012,False,True,3
4.69,31,166.506076,False,True,6
0.95,5,166.507798,False,True,2
-4.0,100,166.538667,False,False,2
-4.0,100,166.5687,False,False,2
0.9,10,166.572379,False,True,2
-3.0,100,166.604046,False,False,3
0.86,14,166.608275,False,True,2
2.37,63,166.628091,False,True,4
-5.0,100,166.660167,False,False,1
-2.0,100,166.691301,False,False,4
2.91,9,166.693942,False,True,4
-0.14,14,166.69873,False,True,1
1.93,7,166.701303,False,True,3
1.73,27,166.709616,False,True,3
1.66,34,166.72072,False,True,3
-0.02,2,166.721063,False,True,1
-0.19,19,166.727762,False,True,1
1.76,24,166.735901,False,True,3
-0.46,46,166.750697,False,True,1
-0.08,8,166.753482,False,True,1
1.74,26,166.762078,False,True,3
-0.45,45,166.777754,False,True,1
1.47,53,166.79525,False,True,3
1.89,11,166.797801,False,True,3
0.98,2,166.799009,False,True,2
2.67,33,166.810394,False,True,4
-1.0,100,166.844194,False,False,5
2.86,14,166.849963,False,True,4
2.8,20,166.857361,False,True,4
-0.05,5,166.858934,False,True,1
-0.06,6,166.860738,False,True,1
0.88,12,166.865241,False,True,2
2.33,67,166.888828,False,True,4
1.6,40,166.901543,False,True,3
-2.0,100,166.934307,False,False,4
-2.0,100,166.966692,False,False,4
0.48,52,166.986351,False,True,2
-5.0,100,167.020096,False,False,1
1.35,65,167.041374,False,True,3
3.84,16,167.046574,False,True,5
-0.1,10,167.050265,False,True,1
1.05,95,167.084084,False,True,3
4.7,30,167.095769,False,True,6
-5.0,100,167.129056,False,False,1
-0.07,7,167.131996,False,True,1
0.94,6,167.133549,False,True,2
1.16,84,167.163155,False,True,3
-0.82,82,167.190298,False,True,1
0.94,6,167.192129,False,True,2
0.81,19,167.198226,False,True,2
-4.0,100,167.229866,False,False,2
-0.05,5,167.231348,False,True,1
6.53,47,167.247049,False,True,8
-5.0,100,167.278221,False,False,1
-0.26,26,167.28614,False,True,1
-5.0,100,167.317266,False,False,1
2.83,17,167.322702,False,True,4
-0.01,1,167.322906,False,True,1
0.7,30,167.333494,False,True,2
0.46,54,167.351586,False,True,2
-0.25,25,167.360072,False,True,1
2.9,10,167.363964,False,True,4
1.54,46,167.379451,False,True,3
-0.01,1,167.380548,False,True,1
0.9,10,167.38398,False,True,2
0.96,4,167.385414,False,True,2
6.5,50,167.403703,False,True,8
2.77,23,167.411266,False,True,4
2.71,29,167.42159,False,True,4
-2.0,100,167.454697,False,False,4
-0.7,70,167.477362,False,True,1
-2.0,100,167.509258,False,False,4
0.84,16,167.515175,False,True,2
2.36,64,167.53726,False,True,4
3.9,10,167.540965,False,True,5
1.78,22,167.547923,False,True,3
2.31,69,167.572809,False,True,4
-0.02,2,167.574426,False,True,1
1.97,3,167.575944,False,True,3
0.78,22,167.583956,False,True,2
0.83,17,167.591193,False,True,2
1.3,70,167.61827,False,True,3
-4.0,100,167.651563,False,False,2
1.55,45,167.665556,False,True,3
2.45,55,167.685799,False,True,4
-5.0,100,167.718976,False,False,1
0.86,14,167.722728,False,True,2
-2.0,100,167.753829,False,False,4
2.89,11,167.758183,False,True,4
-0.16,16,167.763903,False,True,1
3.81,19,167.770669,False,True,5
-0.13,13,167.774909,False,True,1
0.76,24,167.78275,False,True,2
1.26,74,167.808995,False,True,3
0.89,11,167.812372,False,True,2
-4.0,100,167.843345,False,False,2
-3.0,100,167.875125,False,False,3
1.8,20,167.881733,False,True,3
-0.82,82,167.90682,False,True,1
3.88,12,167.910871,False,True,5
-0.59,59,167.930733,False,True,1
-0.07,7,167.932746,False,True,1
1.52,48,167.947859,False,True,3
2.34,66,167.969214,False,True,4
1.63,37,167.982149,False,True,3
-0.01,1,167.982431,False,True,1
0.91,9,167.987528,False,True,2
0.91,9,167.990428,False,True,2
1.65,35,168.003393,False,True,3
-3.0,100,168.036459,False,False,3
4.6,40,168.048761,False,True,6
-0.14,14,168.052786,False,True,1
1.48,52,168.069847,False,True,3
-0.08,8,168.072622,False,True,1
2.76,24,168.080451,False,True,4
-0.31,31,168.090939,False,True,1
2.57,43,168.105491,False,True,4
1.0,100,168.138479,False,False,7
0.52,48,168.155094,False,True,2
2.89,11,168.158076,False,True,4
1.88,12,168.162262,False,True,3
1.65,35,168.174524,False,True,3
2.73,27,168.183548,False,True,4
-0.89,89,168.210343,False,True,1
-0.06,6,168.212784,False,True,1
1.73,27,168.220603,False,True,3
-1.0,100,168.250981,False,False,5
-4.0,100,168.280459,False,False,2
-3.0,100,168.311096,False,False,3
-0.35,35,168.321969,False,True,1
-2.0,100,168.34968,False,False,4
1.74,26,168.357455,False,True,3
1.89,11,168.360636,False,True,3
-4.0,100,168.390098,False,False,2
3.48,52,168.405891,False,True,5
2.65,35,168.416343,False,True,4
5.93,7,168.418681,False,True,7
-0.59,59,168.436339,False,True,1
0.93,7,168.437958,False,True,2
-0.11,11,168.44159,False,True,1
2.75,25,168.449388,False,True,4
0.97,3,168.45085,False,True,2
-2.0,100,168.482043,False,False,4
1.91,9,168.484676,False,True,3
0.89,11,168.488555,False,True,2
1.91,9,168.491268,False,True,3
1.66,34,168.503545,False,True,3
4.93,7,168.506269,False,True,6
1.84,16,168.511398,False,True,3
1.78,22,168.519259,False,True,3
1.77,23,168.52676,False,True,3
4.79,21,168.533297,False,True,6
-0.05,5,168.534756,False,True,1
-0.28,28,168.543852,False,True,1
0.74,26,168.552744,False,True,2
1.68,32,168.562859,False,True,3
0.95,5,168.564214,False,True,2
-1.0,100,168.59645,False,False,5
3.72,28,168.604756,False,True,5
1.76,24,168.612163,False,True,3
1.72,28,168.621103,False,True,3
1.79,21,168.627918,False,True,3
-0.42,42,168.641407,False,True,1
1.8,20,168.647231,False,True,3
-0.89,89,168.675359,False,True,1
-0.57,57,168.69293,False,True,1
-5.0,100,168.722668,False,False,1
2.26,74,168.745474,False,True,4
-5.0,100,168.77764,False,False,1
0.79,21,168.784247,False,True,2
1.95,5,168.785732,False,True,3
-1.0,100,168.816003,False,False,5
1.48,52,168.832812,False,True,3
2.43,57,168.851368,False,True,4
-2.0,100,168.881784,False,False,4
0.92,8,168.884427,False,True,2
-2.0,100,168.915955,False,False,4
0.74,26,168.923885,False,True,2
-0.09,9,168.926402,False,True,1
0.92,8,168.929028,False,True,2
-1.0,100,168.961031,False,False,5
1.71,29,168.970832,False,True,3
-3.0,100,169.00114,False,False,3
2.2,80,169.025892,False,True,4
3.68,32,169.036676,False,True,5
-2.0,100,169.067247,False,False,4
1.91,9,169.069998,False,True,3
-0.1,10,169.072751,False,True,1
1.5,50,169.08935,False,True,3
1.96,4,169.090719,False,True,3
-0.24,24,169.098337,False,True,1
0.93,7,169.100815,False,True,2
1.9,10,169.10374,False,True,3
2.76,24,169.111636,False,True,4
-0.07,7,169.113811,False,True,1
0.67,33,169.124173,False,True,2
0.86,14,169.128857,False,True,2
1.78,22,169.135352,False,True,3
2.29,71,169.158125,False,True,4
0.78,22,169.164701,False,True,2
-5.0,100,169.196113,False,False,1
1.64,36,169.20739,False,True,3
1.78,22,169.215015,False,True,3
4.9,10,169.217814,False,True,6
1.35,65,169.239651,False,True,3
3.86,14,169.243554,False,True,5
-0.07,7,169.246041,False,True,1
1.9,10,169.248885,False,True,3
0.93,7,169.251494,False,True,2
1.81,19,169.257877,False,True,3
0.67,33,169.268845,False,True,2
2.7,30,169.278463,False,True,4
1.41,59,169.29538,False,True,3
0.83,17,169.301655,False,True,2
2.57,43,169.314325,False,True,4
0.78,22,169.3215,False,True,2
0.95,5,169.323312,False,True,2
1.87,13,169.327158,False,True,3
0.8,20,169.333884,False,True,2
0.69,31,169.343581,False,True,2
1.88,12,169.347678,False,True,3
1.25,75,169.37139,False,True,3
0.85,15,169.376575,False,True,2
0.91,9,169.379059,False,True,2
4.37,63,169.399203,False,True,6
-3.0,100,169.429125,False,False,3
2.5,50,169.443853,False,True,4
1.83,17,169.448843,False,True,3
-0.12,12,169.452306,False,True,1
0.89,11,169.456178,False,True,2
0.91,9,169.459366,False,True,2
0.62,38,169.471778,False,True,2
3.59,41,169.484859,False,True,5
1.92,8,169.48725,False,True,3
-0.1,10,169.490433,False,True,1
0.92,8,169.49293,False,True,2
4.13,87,169.518938,False,True,6
6.49,51,169.534325,False,True,8
-0.13,13,169.538357,False,True,1
-2.0,100,169.567951,False,False,4
4.4,60,169.586743,False,True,6
-0.16,16,169.591834,False,True,1
2.06,94,169.61968,False,True,4
6.12,88,169.645891,False,True,8
1.37,63,169.66555,False,True,3
0.58,42,169.677343,False,True,2
2.36,64,169.696068,False,True,4
2.54,46,169.70994,False,True,4
1.94,6,169.711688,False,True,3
2.73,27,169.720113,False,True,4
-4.0,100,169.750249,False,False,2
0.8,20,169.756657,False,True,2
-0.4,40,169.768697,False,True,1
0.77,23,169.775919,False,True,2
4.18,82,169.799629,False,True,6
0.0,100,169.830026,False,False,6
1.73,27,169.839096,False,True,3
-0.11,11,169.843146,False,True,1
3.88,12,169.84673,False,True,5
1.95,5,169.848275,False,True,3
2.34,66,169.868662,False,True,4
2.6,40,169.880654,False,True,4
6.6,40,169.892724,False,True,8
-0.08,8,169.895229,False,True,1
3.09,91,169.922858,False,True,5
-0.14,14,169.927404,False,True,1
-0.14,14,169.931398,False,True,1
-4.0,100,169.960694,False,False,2
2.22,78,169.98429,False,True,4
5.42,58,170.001426,False,True,7
0.95,5,170.002858,False,True,2
0.31,69,170.022426,False,True,2
-0.27,27,170.029768,False,True,1
6.77,23,170.036925,False,True,8
1.97,3,170.038099,False,True,3
1.32,68,170.058349,False,True,3
-0.12,12,170.062244,False,True,1
-0.1,10,170.064736,False,True,1
1.82,18,170.071028,False,True,3
1.54,46,170.08461,False,True,3
2.09,91,170.112141,False,True,4
-2.0,100,170.140036,False,False,4
-3.0,100,170.169347,False,False,3
-0.11,11,170.172932,False,True,1
5.46,54,170.190085,False,True,7
1.91,9,170.193674,False,True,3
0.97,3,170.194078,False,True,2
1.0,100,170.222887,False,False,7
1.9,10,170.226416,False,True,3
-0.05,5,170.227812,False,True,1
6.72,28,170.236472,False,True,8
0.2,80,170.261518,False,True,2
1.77,23,170.268923,False,True,3
2.38,62,170.287753,False,True,4
-0.06,6,170.290207,False,True,1
-0.03,3,170.291503,False,True,1
0.56,44,170.304786,False,True,2
-0.01,1,170.304997,False,True,1
-0.01,1,170.305116,False,True,1
-3.0,100,170.334052,False,False,3
0.52,48,170.349038,False,True,2
0.97,3,170.350416,False,True,2
1.89,11,170.3541,False,True,3
0.76,24,170.361462,False,True,2
1.36,64,170.381105,False,True,3
4.68,32,170.39076,False,True,6
0.56,44,170.403943,False,True,2
-0.11,11,170.406575,False,True,1
-1.0,100,170.435872,False,False,5
-5.0,100,170.465085,False,False,1
1.8,20,170.471121,False,True,3
0.93,7,170.473295,False,True,2
2.93,7,170.475661,False,True,4
-0.11,11,170.478999,False,True,1
1.96,4,170.480279,False,True,3
0.97,3,170.480597,False,True,2
1.96,4,170.482054,False,True,3
-1.0,100,170.512862,False,False,5
1.88,12,170.516373,False,True,3
-0.11,11,170.519965,False,True,1
-0.04,4,170.521389,False,True,1
2.87,13,170.525353,False,True,4
-2.0,100,170.554878,False,False,4
3.9,10,170.558508,False,True,5
1.69,31,170.568218,False,True,3
-0.02,2,170.568565,False,True,1
1.73,27,170.57686,False,True,3
1.9,10,170.579477,False,True,3
-0.1,10,170.582735,False,True,1
0.81,19,170.588965,False,True,2
0.88,12,170.592932,False,True,2
1.87,13,170.596594,False,True,3
-1.0,100,170.625539,False,False,5
2.48,52,170.640091,False,True,4
-0.12,12,170.643455,False,True,1
1.9,10,170.646097,False,True,3
0.93,7,170.648748,False,True,2
1.55,45,170.662477,False,True,3
-0.12,12,170.666173,False,True,1
-3.0,100,170.69437,False,False,3
-0.28,28,170.70275,False,True,1
-2.0,100,170.731117,False,False,4
0.69,31,170.739891,False,True,2
2.36,64,170.758125,False,True,4
-0.15,15,170.762996,False,True,1
1.39,61,170.78119,False,True,3
0.89,11,170.784728,False,True,2
0.35,65,170.802856,False,True,2
-3.0,100,170.832309,False,False,3
-0.41,41,170.84348,False,True,1
2.69,31,170.85234,False,True,4
-2.0,100,170.881562,False,False,4
3.87,13,170.885175,False,True,5
-4.0,100,170.914995,False,False,2
-0.04,4,170.916273,False,True,1
0.22,78,170.938605,False,True,2
4.55,45,170.952234,False,True,6
-0.22,22,170.959451,False,True,1
0.94,6,170.960967,False,True,2
1.9,10,170.963952,False,True,3
2.25,75,170.985824,False,True,4
-0.18,18,170.991469,False,True,1
2.96,4,170.992929,False,True,4
1.16,84,171.017116,False,True,3
1.82,18,171.022118,False,True,3
-0.04,4,171.023276,False,True,1
4.26,74,171.045358,False,True,6
-0.27,27,171.053123,False,True,1
1.02,98,171.082051,False,True,3
-2.0,100,171.110684,False,False,4
-4.0,100,171.138498,False,False,2
-0.13,13,171.142294,False,True,1
4.87,13,171.146479,False,True,6
1.7,30,171.154885,False,True,3
0.96,4,171.15632,False,True,2
1.77,23,171.163639,False,True,3
-5.0,100,171.194073,False,False,1
0.84,16,171.199378,False,True,2
-0.17,17,171.204629,False,True,1
1.82,18,171.210565,False,True,3
1.61,39,171.22258,False,True,3
-0.01,1,171.223735,False,True,1
0.79,21,171.230454,False,True,2
-0.19,19,171.236665,False,True,1
1.95,5,171.238155,False,True,3
1.9,10,171.240935,False,True,3
-0.08,8,171.243315,False,True,1
1.66,34,171.254084,False,True,3
-0.02,2,171.254584,False,True,1
-0.05,5,171.256487,False,True,1
1.92,8,171.258944,False,True,3
1.96,4,171.260185,False,True,3
4.24,76,171.283963,False,True,6
-3.0,100,171.3138,False,False,3
0.98,2,171.314165,False,True,2
-0.01,1,171.314358,False,True,1
2.85,15,171.318824,False,True,4
-0.11,11,171.322292,False,True,1
-0.06,6,171.323875,False,True,1
1.88,12,171.32762,False,True,3
1.0,100,171.35714,False,False,7
-0.02,2,171.358355,False,True,1
0.98,2,171.358718,False,True,2
-0.09,9,171.36202,False,True,1
1.37,63,171.380772,False,True,3
1.44,56,171.397117,False,True,3
1.97,3,171.398206,False,True,3
-4.0,100,171.426295,False,False,2
-0.09,9,171.429098,False,True,1
5.51,49,171.444605,False,True,7
-0.16,16,171.449298,False,True,1
-0.05,5,171.450746,False,True,1
-0.1,10,171.453725,False,True,1
2.36,64,171.472241,False,True,4
1.47,53,171.488468,False,True,3
0.88,12,171.492186,False,True,2
2.78,22,171.498148,False,True,4
-0.01,1,171.498369,False,True,1
0.97,3,171.49964,False,True,2
0.88,12,171.503486,False,True,2
2.37,63,171.522635,False,True,4
1.91,9,171.525148,False,True,3
0.68,32,171.534519,False,True,2
-0.09,9,171.536876,False,True,1
0.03,97,171.566191,False,True,2
-0.14,14,171.570079,False,True,1
-0.02,2,171.57117,False,True,1
2.59,41,171.583785,False,True,4
1.84,16,171.588783,False,True,3
-0.13,13,171.592904,False,True,1
-0.09,9,171.595356,False,True,1
-0.14,14,171.603946,False,True,1
-0.09,9,171.610382,False,True,1
0.93,7,171.616827,False,True,2
-0.02,2,171.617251,False,True,1
-0.03,3,171.621847,False,True,1
1.75,25,171.633055,False,True,3
0.9,10,171.636979,False,True,2
-0.05,5,171.638421,False,True,1
2.09,91,171.666716,False,True,4
-0.04,4,171.668046,False,True,1
0.95,5,171.669532,False,True,2
0.84,16,171.674595,False,True,2
-0.02,2,171.676124,False,True,1
-0.1,10,171.679268,False,True,1
-0.02,2,171.680276,False,True,1
5.71,29,171.689793,False,True,7
0.93,7,171.692361,False,True,2
0.88,12,171.696425,False,True,2
0.92,8,171.699298,False,True,2
0.79,21,171.706397,False,True,2
4.64,36,171.717816,False,True,6
-0.01,1,171.718276,False,True,1
-0.03,3,171.719675,False,True,1
-0.14,14,171.723674,False,True,1
-0.01,1,171.724633,False,True,1
-0.01,1,171.72507,False,True,1
1.36,64,171.745294,False,True,3
-0.11,11,171.749021,False,True,1
-0.02,2,171.749376,False,True,1
-0.05,5,171.75104,False,True,1
-0.03,3,171.752222,False,True,1
0.92,8,171.755036,False,True,2
-2.0,100,171.786659,False,False,4
-0.24,24,171.794883,False,True,1
-0.01,1,171.795141,False,True,1
2.25,75,171.819173,False,True,4
-0.52,52,171.835793,False,True,1
3.93,7,171.838316,False,True,5
1.55,45,171.852916,False,True,3
1.97,3,171.854459,False,True,3
0.77,23,171.86189,False,True,2
-0.02,2,171.862317,False,True,1
2.74,26,171.870569,False,True,4
1.81,19,171.876355,False,True,3
1.31,69,171.899893,False,True,3
1.79,21,171.907021,False,True,3
-0.17,17,171.912982,False,True,1
5.31,69,171.934773,False,True,7
1.57,43,171.948501,False,True,3
0.98,2,171.949955,False,True,2
0.96,4,171.951333,False,True,2
-2.0,100,171.983896,False,False,4
2.38,62,172.00192,False,True,4
1.89,11,172.00596,False,True,3
-0.11,11,172.009536,False,True,1
-0.01,1,172.009859,False,True,1
-5.0,100,172.039534,False,False,1
0.97,3,172.04101,False,True,2
-0.12,12,172.044932,False,True,1
-1.0,100,172.075123,False,False,5
0.95,5,172.076565,False,True,2
-0.11,11,172.080236,False,True,1
-0.02,2,172.08056,False,True,1
-0.11,11,172.084408,False,True,1
1.95,5,172.085985,False,True,3
-1.0,100,172.116871,False,False,5
-0.02,2,172.118085,False,True,1
-2.0,100,172.147638,False,False,4
-0.03,3,172.148119,False,True,1
0.0,100,172.17921,False,False,6
0.93,7,172.181747,False,True,2
2.96,4,172.183179,False,True,4
2.89,11,172.186939,False,True,4
-0.01,1,172.18737,False,True,1
-0.03,3,172.188563,False,True,1
1.58,42,172.201307,False,True,3
0.97,3,172.202541,False,True,2
1.8,20,172.208806,False,True,3
1.42,58,172.226985,False,True,3
0.34,66,172.246327,False,True,2
3.95,5,172.247601,False,True,5
-2.0,100,172.279298,False,False,4
0.91,9,172.282949,False,True,2
-0.03,3,172.283343,False,True,1
5.02,98,172.314025,False,True,7
0.82,18,172.319123,False,True,2
0.91,9,172.323401,False,True,2
1.94,6,172.325145,False,True,3
-0.01,1,172.32536,False,True,1
0.96,4,172.326874,False,True,2
2.72,28,172.33638,False,True,4
-5.0,100,172.368065,False,False,1
0.0,100,172.397998,False,False,6
-0.14,14,172.403007,False,True,1
-0.03,3,172.404067,False,True,1
-0.02,2,172.404384,False,True,1
2.28,72,172.426531,False,True,4
-0.01,1,172.426887,False,True,1
1.88,12,172.430332,False,True,3
1.93,7,172.432535,False,True,3
-0.02,2,172.433632,False,True,1
3.94,6,172.435517,False,True,5
1.52,48,172.450765,False,True,3
2.96,4,172.452053,False,True,4
0.98,2,172.453237,False,True,2
-0.01,1,172.453608,False,True,1
2.79,21,172.459503,False,True,4
-0.07,7,172.462053,False,True,1
2.11,89,172.490638,False,True,4
-0.02,2,172.492239,False,True,1
-0.04,4,172.493938,False,True,1
1.54,46,172.508074,False,True,3
2.72,28,172.517395,False,True,4
1.74,26,172.526524,False,True,3
2.88,12,172.530364,False,True,4
-0.11,11,172.533318,False,True,1
-0.08,8,172.53602,False,True,1
-3.0,100,172.567703,False,False,3
-0.03,3,172.56902,False,True,1
0.83,17,172.574036,False,True,2
-0.05,5,172.576239,False,True,1
2.92,8,172.579042,False,True,4
1.86,14,172.582951,False,True,3
2.88,12,172.587112,False,True,4
-0.04,4,172.588609,False,True,1
-0.04,4,172.590032,False,True,1
-0.06,6,172.592543,False,True,1
-0.03,3,172.592983,False,True,1
0.93,7,172.595541,False,True,2
0.97,3,172.596864,False,True,2
-0.03,3,172.598099,False,True,1
0.9,10,172.600899,False,True,2
1.96,4,172.602432,False,True,3
0.78,22,172.611022,False,True,2
0.98,2,172.611509,False,True,2
1.96,4,172.612875,False,True,3
-4.0,100,172.644431,False,False,2
-4.0,100,172.676059,False,False,2
-0.01,1,172.676351,False,True,1
2.46,54,172.693894,False,True,4
-0.02,2,172.694276,False,True,1
-0.02,2,172.695523,False,True,1
-0.12,12,172.699236,False,True,1
0.98,2,172.699625,False,True,2
0.97,3,172.70095,False,True,2
0.95,5,172.702696,False,True,2
1.85,15,172.708671,False,True,3
3.66,34,172.719683,False,True,5
0.94,6,172.721362,False,True,2
0.0,100,172.753612,False,False,6
-0.05,5,172.755163,False,True,1
2.77,23,172.762781,False,True,4
3.09,91,172.790177,False,True,5
-0.02,2,172.790697,False,True,1
2.84,16,172.795508,False,True,4
-0.08,8,172.797965,False,True,1
-4.0,100,172.828296,False,False,2
-0.03,3,172.829652,False,True,1
-0.25,25,172.838097,False,True,1
1.93,7,172.840906,False,True,3
1.85,15,172.845854,False,True,3
-5.0,100,172.877283,False,False,1
2.02,98,172.906621,False,True,4
-0.11,11,172.910257,False,True,1
-0.08,8,172.912835,False,True,1
0.95,5,172.914485,False,True,2
-0.04,4,172.915755,False,True,1
0.97,3,172.916991,False,True,2
-0.01,1,172.917188,False,True,1
-0.17,17,172.923553,False,True,1
-0.07,7,172.925551,False,True,1
1.61,39,172.937706,False,True,3
-0.05,5,172.939026,False,True,1
1.6,40,172.951167,False,True,3
0.9,10,172.95483,False,True,2
5.5,50,172.969715,False,True,7
0.91,9,172.973096,False,True,2
0.97,3,172.97359,False,True,2
6.12,88,173.000465,False,True,8
0.98,2,173.001521,False,True,2
2.91,9,173.004227,False,True,4
3.72,28,173.013012,False,True,5
-0.18,18,173.019301,False,True,1
0.98,2,173.019689,False,True,2
1.71,29,173.028438,False,True,3
-0.16,16,173.03349,False,True,1
1.94,6,173.035764,False,True,3
-0.27,27,173.044972,False,True,1
5.27,73,173.066385,False,True,7
0.93,7,173.068772,False,True,2
0.95,5,173.0703,False,True,2
-2.0,100,173.10156,False,False,4
-0.01,1,173.101821,False,True,1
-0.01,1,173.102216,False,True,1
2.26,74,173.125944,False,True,4
-0.1,10,173.128669,False,True,1
0.93,7,173.131191,False,True,2
0.98,2,173.132452,False,True,2
1.4,60,173.150631,False,True,3
0.98,2,173.150981,False,True,2
0.97,3,173.152303,False,True,2
-0.12,12,173.156543,False,True,1
1.41,59,173.174749,False,True,3
1.77,23,173.181202,False,True,3
-0.03,3,173.182453,False,True,1
0.98,2,173.183781,False,True,2
0.96,4,173.185032,False,True,2
1.96,4,173.186272,False,True,3
0.96,4,173.187755,False,True,2
0.88,12,173.191759,False,True,2
-0.23,23,173.198661,False,True,1
0.93,7,173.200721,False,True,2
-4.0,100,173.233193,False,False,2
0.0,100,173.266023,False,False,6
0.95,5,173.267554,False,True,2
-0.08,8,173.270291,False,True,1
3.69,31,173.280833,False,True,5
1.69,31,173.290956,False,True,3
-0.13,13,173.294983,False,True,1
0.85,15,173.300115,False,True,2
-5.0,100,173.330832,False,False,1
-0.02,2,173.331368,False,True,1
1.84,16,173.336706,False,True,3
-0.15,15,173.342321,False,True,1
-0.07,7,173.344916,False,True,1
-5.0,100,173.376558,False,False,1
-0.05,5,173.378008,False,True,1
1.65,35,173.388725,False,True,3
-0.03,3,173.390023,False,True,1
1.93,7,173.391879,False,True,3
-0.1,10,173.395528,False,True,1
0.98,2,173.395906,False,True,2
-0.05,5,173.398224,False,True,1
-0.21,21,173.404996,False,True,1
-0.03,3,173.406365,False,True,1
1.49,51,173.423436,False,True,3
-5.0,100,173.456987,False,False,1
4.7,30,173.466981,False,True,6
1.86,14,173.471239,False,True,3
-0.11,11,173.47467,False,True,1
-0.06,6,173.477296,False,True,1
0.95,5,173.479201,False,True,2
-0.04,4,173.480663,False,True,1
0.89,11,173.484562,False,True,2
2.65,35,173.495581,False,True,4
1.88,12,173.499941,False,True,3
-4.0,100,173.533229,False,False,2
1.95,5,173.535579,False,True,3
-0.67,67,173.556678,False,True,1
-0.07,7,173.559655,False,True,1
-0.01,1,173.559925,False,True,1
0.94,6,173.562397,False,True,2
0.8,20,173.570288,False,True,2
-0.12,12,173.574515,False,True,1
1.4,60,173.594776,False,True,3
-0.02,2,173.595281,False,True,1
3.95,5,173.597682,False,True,5
0.98,2,173.598137,False,True,2
-0.17,17,173.603048,False,True,1
-0.08,8,173.605911,False,True,1
2.96,4,173.607173,False,True,4
-0.01,1,173.608457,False,True,1
2.54,46,173.623803,False,True,4
-0.1,10,173.627647,False,True,1
4.34,66,173.649631,False,True,6
0.94,6,173.652544,False,True,2
-0.13,13,173.656782,False,True,1
0.89,11,173.661027,False,True,2
0.61,39,173.673681,False,True,2
0.84,16,173.678981,False,True,2
-0.1,10,173.682747,False,True,1
-0.12,12,173.687051,False,True,1
0.93,7,173.690002,False,True,2
-0.06,6,173.691743,False,True,1
1.96,4,173.693151,False,True,3
1.35,65,173.714265,False,True,3
0.41,59,173.734306,False,True,2
3.93,7,173.737287,False,True,5
0.94,6,173.739166,False,True,2
-0.07,7,173.741686,False,True,1
2.82,18,173.748293,False,True,4
1.93,7,173.749977,False,True,3
1.96,4,173.751753,False,True,3
-1.0,100,173.788041,False,False,5
4.75,25,173.797358,False,True,6
1.71,29,173.806383,False,True,3
-0.03,3,173.807866,False,True,1
1.39,61,173.826491,False,True,3
1.56,44,173.840675,False,True,3
0.98,2,173.841284,False,True,2
0.98,2,173.842427,False,True,2
-0.03,3,173.843598,False,True,1
2.47,53,173.862064,False,True,4
1.47,53,173.88023,False,True,3
1.87,13,173.884243,False,True,3
-4.0,100,173.915862,False,False,2
-0.02,2,173.916971,False,True,1
-0.03,3,173.918203,False,True,1
1.33,67,173.937886,False,True,3
-0.03,3,173.939078,False,True,1
2.21,79,173.961894,False,True,4
-4.0,100,173.99225,False,False,2
-5.0,100,174.021175,False,False,1
-2.0,100,174.050097,False,False,4
-4.0,100,174.077901,False,False,2
-0.13,13,174.081753,False,True,1
1.85,15,174.086255,False,True,3
1.22,78,174.108312,False,True,3
-0.02,2,174.109529,False,True,1
0.98,2,174.11004,False,True,2
-0.01,1,174.110989,False,True,1
-2.0,100,174.142628,False,False,4
4.36,64,174.161873,False,True,6
-0.03,3,174.162493,False,True,1
4.03,97,174.192345,False,True,6
0.86,14,174.196328,False,True,2
1.19,81,174.219209,False,True,3
0.25,75,174.243085,False,True,2
-4.0,100,174.276346,False,False,2
-3.0,100,174.312756,False,False,3
2.66,34,174.324415,False,True,4
1.85,15,174.328826,False,True,3
-0.02,2,174.330103,False,True,1
1.37,63,174.352152,False,True,3
-5.0,100,174.385034,False,False,1
-0.01,1,174.385467,False,True,1
2.29,71,174.409629,False,True,4
2.62,38,174.421458,False,True,4
-0.09,9,174.424499,False,True,1
1.29,71,174.448743,False,True,3
0.95,5,174.450146,False,True,2
3.84,16,174.455515,False,True,5
1.33,67,174.476654,False,True,3
1.19,81,174.503499,False,True,3
-0.17,17,174.509834,False,True,1
-3.0,100,174.540355,False,False,3
-0.04,4,174.541768,False,True,1
1.33,67,174.564264,False,True,3
-5.0,100,174.59827,False,False,1
1.35,65,174.620047,False,True,3
1.94,6,174.621608,False,True,3
1.57,43,174.635969,False,True,3
0.96,4,174.637646,False,True,2
-5.0,100,174.67136,False,False,1
-0.96,96,174.702314,False,True,1
0.0,100,174.734732,False,False,6
1.64,36,174.746566,False,True,3
-0.03,3,174.748073,False,True,1
-0.05,5,174.749763,False,True,1
0.95,5,174.751532,False,True,2
-0.9,90,174.782375,False,True,1
0.97,3,174.782866,False,True,2
-5.0,100,174.814692,False,False,1
0.89,11,174.818894,False,True,2
0.87,13,174.823642,False,True,2
-0.72,72,174.848835,False,True,1
1.55,45,174.864664,False,True,3
-0.02,2,174.865436,False,True,1
-0.26,26,174.875855,False,True,1
0.88,12,174.880501,False,True,2
-5.0,100,174.914433,False,False,1
1.96,4,174.916307,False,True,3
0.94,6,174.917884,False,True,2
0.92,8,174.920428,False,True,2
-0.03,3,174.921691,False,True,1
2.52,48,174.937569,False,True,4
1.89,11,174.941364,False,True,3
0.94,6,174.943111,False,True,2
4.69,31,174.953561,False,True,6
1.81,19,174.960071,False,True,3
-0.07,7,174.961856,False,True,1
-0.11,11,174.965643,False,True,1
2.38,62,174.986783,False,True,4
-3.0,100,175.020046,False,False,3
-0.06,6,175.02189,False,True,1
-0.16,16,175.027127,False,True,1
3.92,8,175.029346,False,True,5
2.96,4,175.030756,False,True,4
2.29,71,175.055048,False,True,4
1.75,25,175.063481,False,True,3
-2.0,100,175.095512,False,False,4
-0.05,5,175.097444,False,True,1
0.6,40,175.111546,False,True,2
2.39,61,175.131564,False,True,4
3.91,9,175.134089,False,True,5
-0.21,21,175.14056,False,True,1
-4.0,100,175.1729,False,False,2
3.39,61,175.191943,False,True,5
-0.05,5,175.19442,False,True,1
-3.0,100,175.227881,False,False,3
-0.13,13,175.231666,False,True,1
-0.13,13,175.235841,False,True,1
1.87,13,175.239881,False,True,3
-0.02,2,175.241521,False,True,1
0.81,19,175.247989,False,True,2
-0.12,12,175.252331,False,True,1
-0.06,6,175.253861,False,True,1
-0.07,7,175.256348,False,True,1
-0.05,5,175.258227,False,True,1
1.64,36,175.271685,False,True,3
3.46,54,175.293046,False,True,5
0.97,3,175.293708,False,True,2
2.85,15,175.299494,False,True,4
-4.0,100,175.332305,False,False,2
0.72,28,175.34201,False,True,2
5.91,9,175.345016,False,True,7
2.65,35,175.358197,False,True,4
-0.02,2,175.359366,False,True,1
-0.15,15,175.363807,False,True,1
-0.07,7,175.366422,False,True,1
3.93,7,175.369463,False,True,5
1.87,13,175.37432,False,True,3
1.86,14,175.379362,False,True,3
1.97,3,175.380005,False,True,3
3.93,7,175.382736,False,True,5
1.66,34,175.394577,False,True,3
-0.09,9,175.397353,False,True,1
0.0,100,175.429672,False,False,6
-0.15,15,175.434979,False,True,1
1.96,4,175.436366,False,True,3
-5.0,100,175.46857,False,False,1
1.23,77,175.494637,False,True,3
-0.14,14,175.499111,False,True,1
-2.0,100,175.530531,False,False,4
2.29,71,175.553125,False,True,4
-2.0,100,175.588865,False,False,4
-0.07,7,175.591647,False,True,1
-0.11,11,175.595536,False,True,1
0.54,46,175.610527,False,True,2
-0.05,5,175.612133,False,True,1
1.69,31,175.6231,False,True,3
0.87,13,175.627143,False,True,2
2.5,50,175.643728,False,True,4
-0.02,2,175.644218,False,True,1
-0.01,1,175.645283,False,True,1
-4.0,100,175.679291,False,False,2
-2.0,100,175.712783,False,False,4
0.96,4,175.714539,False,True,2
2.92,8,175.717267,False,True,4
2.91,9,175.720063,False,True,4
-0.12,12,175.724974,False,True,1
-0.09,9,175.727979,False,True,1
2.8,20,175.734712,False,True,4
3.48,52,175.752474,False,True,5
-2.0,100,175.784866,False,False,4
4.68,32,175.795622,False,True,6
3.84,16,175.800698,False,True,5
-5.0,100,175.833603,False,False,1
-0.07,7,175.836301,False,True,1
-4.0,100,175.867365,False,False,2
-0.08,8,175.870081,False,True,1
-0.31,31,175.879797,False,True,1
-3.0,100,175.908789,False,False,3
1.85,15,175.912771,False,True,3
2.3,70,175.934908,False,True,4
-0.03,3,175.936091,False,True,1
-0.07,7,175.937616,False,True,1
-0.2,20,175.943932,False,True,1
2.4,60,175.961516,False,True,4
2.62,38,175.973007,False,True,4
-0.16,16,175.978402,False,True,1
-5.0,100,176.011029,False,False,1
-4.0,100,176.041333,False,False,2
-0.1,10,176.043921,False,True,1
-0.04,4,176.045223,False,True,1
-0.02,2,176.046635,False,True,1
-0.06,6,176.048149,False,True,1
-0.05,5,176.05022,False,True,1
1.25,75,176.072924,False,True,3
-0.01,1,176.074121,False,True,1
2.38,62,176.093626,False,True,4
0.98,2,176.094746,False,True,2
-0.11,11,176.097871,False,True,1
-3.0,100,176.127949,False,False,3
-0.01,1,176.128894,False,True,1
-0.02,2,176.129207,False,True,1
-0.03,3,176.130418,False,True,1
-0.02,2,176.130926,False,True,1
2.18,82,176.154924,False,True,4
-0.02,2,176.15524,False,True,1
-0.07,7,176.157472,False,True,1
-0.09,9,176.160191,False,True,1
0.98,2,176.161359,False,True,2
1.97,3,176.162474,False,True,3
5.81,19,176.167592,False,True,7
3.56,44,176.181049,False,True,5
-0.06,6,176.183427,False,True,1
2.6,40,176.19526,False,True,4
-1.0,100,176.223783,False,False,5
-0.1,10,176.226454,False,True,1
-4.0,100,176.254956,False,False,2
-0.01,1,176.256039,False,True,1
-0.01,1,176.25627,False,True,1
1.26,74,176.277494,False,True,3
0.88,12,176.281237,False,True,2
-0.03,3,176.282421,False,True,1
-0.08,8,176.285025,False,True,1
1.94,6,176.287344,False,True,3
0.13,87,176.312695,False,True,2
-0.1,10,176.316085,False,True,1
-0.1,10,176.318911,False,True,1
-0.05,5,176.321129,False,True,1
-0.01,1,176.321351,False,True,1
-2.0,100,176.350346,False,False,4
-0.07,7,176.352811,False,True,1
-0.11,11,176.355784,False,True,1
0.89,11,176.35927,False,True,2
0.96,4,176.360598,False,True,2
1.83,17,176.365525,False,True,3
-0.07,7,176.368156,False,True,1
0.94,6,176.370329,False,True,2
-0.09,9,176.372852,False,True,1
-2.0,100,176.403678,False,False,4
3.5,50,176.41954,False,True,5
0.53,47,176.433792,False,True,2
0.83,17,176.438633,False,True,2
0.88,12,176.442348,False,True,2
-0.78,78,176.46654,False,True,1
-0.09,9,176.469107,False,True,1
-0.08,8,176.471566,False,True,1
3.45,55,176.486689,False,True,5
1.81,19,176.492721,False,True,3
-0.11,11,176.495955,False,True,1
-0.05,5,176.498664,False,True,1
13.3,70,176.520047,True,False,9
-2.0,100,176.55038,False,False,4
0.9,10,176.553675,False,True,2
-0.03,3,176.554088,False,True,1
-3.0,100,176.581939,False,False,3
-4.0,100,176.613324,False,False,2
0.97,3,176.614547,False,True,2
-0.12,12,176.618467,False,True,1
-0.09,9,176.621143,False,True,1
-0.15,15,176.62626,False,True,1
0.98,2,176.62745,False,True,2
1.4,60,176.646773,False,True,3
-4.0,100,176.676485,False,False,2
-0.06,6,176.678157,False,True,1
0.96,4,176.679617,False,True,2
1.45,55,176.696155,False,True,3
-0.47,47,176.710649,False,True,1
4.68,32,176.721135,False,True,6
-3.0,100,176.754397,False,False,3
-0.02,2,176.754826,False,True,1
-2.0,100,176.786798,False,False,4
-0.06,6,176.789403,False,True,1
0.98,2,176.789839,False,True,2
-0.05,5,176.791333,False,True,1
1.88,12,176.794936,False,True,3
-0.03,3,176.796611,False,True,1
3.93,7,176.799944,False,True,5
1.75,25,176.8085,False,True,3
1.51,49,176.825206,False,True,3
-0.03,3,176.826635,False,True,1
-0.11,11,176.830253,False,True,1
-5.0,100,176.865083,False,False,1
6.42,58,176.882431,False,True,8
3.64,36,176.894563,False,True,5
-2.0,100,176.929745,False,False,4
1.93,7,176.932252,False,True,3
2.59,41,176.945018,False,True,4
1.97,3,176.946533,False,True,3
-5.0,100,176.9787,False,False,1
-0.18,18,176.985257,False,True,1
-4.0,100,177.020186,False,False,2
-0.21,21,177.027552,False,True,1
-5.0,100,177.060549,False,False,1
-4.0,100,177.092095,False,False,2
0.89,11,177.09596,False,True,2
2.94,6,177.09769,False,True,4
-0.13,13,177.101759,False,True,1
-0.17,17,177.10949,False,True,1
-2.0,100,177.14299,False,False,4
0.11,89,177.17152,False,True,2
-0.1,10,177.174582,False,True,1
-0.01,1,177.175613,False,True,1
1.38,62,177.195066,False,True,3
6.17,83,177.22259,False,True,8
-0.05,5,177.224143,False,True,1
-0.13,13,177.228086,False,True,1
-2.0,100,177.259491,False,False,4
1.97,3,177.26104,False,True,3
-0.25,25,177.26956,False,True,1
0.98,2,177.271112,False,True,2
2.88,12,177.275157,False,True,4
-0.07,7,177.277809,False,True,1
-0.01,1,177.278042,False,True,1
-0.12,12,177.282101,False,True,1
-0.19,19,177.288647,False,True,1
2.49,51,177.312408,False,True,4
-0.09,9,177.320055,False,True,1
-0.14,14,177.341914,False,True,1
0.89,11,177.349558,False,True,2
-0.05,5,177.355265,False,True,1
2.65,35,177.369665,False,True,4
-0.05,5,177.3715,False,True,1
-0.04,4,177.373329,False,True,1
1.2,80,177.399966,False,True,3
1.59,41,177.412978,False,True,3
-5.0,100,177.442278,False,False,1
5.03,97,177.470577,False,True,7
-5.0,100,177.501238,False,False,1
1.84,16,177.506209,False,True,3
2.43,57,177.522439,False,True,4
-2.0,100,177.550801,False,False,4
0.92,8,177.553332,False,True,2
-0.34,34,177.56291,False,True,1
-5.0,100,177.593774,False,False,1
-5.0,100,177.621971,False,False,1
-0.2,20,177.628212,False,True,1
-0.72,72,177.64994,False,True,1
1.83,17,177.655796,False,True,3
0.94,6,177.65744,False,True,2
-0.02,2,177.658802,False,True,1
1.81,19,177.663821,False,True,3
-0.79,79,177.688543,False,True,1
-0.05,5,177.690089,False,True,1
-2.0,100,177.720508,False,False,4
-3.0,100,177.749419,False,False,3
0.84,16,177.754049,False,True,2
2.44,56,177.769922,False,True,4
1.46,54,177.787222,False,True,3
-0.1,10,177.789854,False,True,1
-0.05,5,177.792197,False,True,1
1.47,53,177.807176,False,True,3
-4.0,100,177.836589,False,False,2
-0.02,2,177.836957,False,True,1
1.85,15,177.84178,False,True,3
2.55,45,177.855003,False,True,4
-0.3,30,177.866097,False,True,1
-0.06,6,177.870523,False,True,1
-0.07,7,177.875707,False,True,1
-0.02,2,177.877867,False,True,1
-0.54,54,177.899151,False,True,1
-0.06,6,177.902073,False,True,1
-0.03,3,177.902613,False,True,1
0.93,7,177.905209,False,True,2
-0.04,4,177.906771,False,True,1
1.66,34,177.918961,False,True,3
-3.0,100,177.949233,False,False,3
1.35,65,177.96861,False,True,3
0.88,12,177.972324,False,True,2
-0.1,10,177.97519,False,True,1
0.87,13,177.980307,False,True,2
-0.07,7,177.98206,False,True,1
-0.08,8,177.985134,False,True,1
0.92,8,177.987916,False,True,2
0.93,7,177.990305,False,True,2
-0.01,1,177.990558,False,True,1
-4.0,100,178.022679,False,False,2
-2.0,100,178.053024,False,False,4
0.86,14,178.057554,False,True,2
-5.0,100,178.086195,False,False,1
-0.04,4,178.08775,False,True,1
0.84,16,178.09245,False,True,2
-0.35,35,178.103351,False,True,1
0.87,13,178.107467,False,True,2
-0.36,36,178.118668,False,True,1
-2.0,100,178.148902,False,False,4
-0.02,2,178.14927,False,True,1
1.79,21,178.155631,False,True,3
-0.05,5,178.157133,False,True,1
0.0,100,178.185751,False,False,6
-0.13,13,178.189275,False,True,1
1.96,4,178.190548,False,True,3
-0.01,1,178.190892,False,True,1
0.98,2,178.191987,False,True,2
-0.07,7,178.194195,False,True,1
-0.01,1,178.194399,False,True,1
-2.0,100,178.223654,False,False,4
-0.03,3,178.224759,False,True,1
0.97,3,178.22517,False,True,2
0.91,9,178.228351,False,True,2
0.98,2,178.228885,False,True,2
-0.03,3,178.230066,False,True,1
-0.02,2,178.230353,False,True,1
-2.0,100,178.261591,False,False,4
-0.06,6,178.264174,False,True,1
-0.43,43,178.27781,False,True,1
-0.02,2,178.278221,False,True,1
-0.22,22,178.28518,False,True,1
-0.07,7,178.286949,False,True,1
-5.0,100,178.317571,False,False,1
0.95,5,178.320192,False,True,2
-0.32,32,178.330847,False,True,1
-4.0,100,178.362962,False,False,2
-5.0,100,178.395795,False,False,1
-0.01,1,178.396073,False,True,1
-2.0,100,178.426954,False,False,4
1.24,76,178.453376,False,True,3
-0.07,7,178.456476,False,True,1
-0.06,6,178.45824,False,True,1
-0.11,11,178.462108,False,True,1
0.96,4,178.463735,False,True,2
-2.0,100,178.497361,False,False,4
-2.0,100,178.529921,False,False,4
-0.05,5,178.531875,False,True,1
-0.03,3,178.533362,False,True,1
-0.08,8,178.535641,False,True,1
1.87,13,178.540143,False,True,3
2.26,74,178.565378,False,True,4
0.98,2,178.565962,False,True,2
-0.06,6,178.568326,False,True,1
-0.03,3,178.568834,False,True,1
-0.03,3,178.569961,False,True,1
0.95,5,178.57234,False,True,2
-0.02,2,178.573673,False,True,1
0.86,14,178.578093,False,True,2
-0.02,2,178.579245,False,True,1
0.97,3,178.581314,False,True,2
-5.0,100,178.613452,False,False,1
0.87,13,178.61798,False,True,2
-0.02,2,178.618345,False,True,1
-0.26,26,178.627371,False,True,1
-0.2,20,178.633763,False,True,1
-0.12,12,178.63789,False,True,1
-0.01,1,178.638135,False,True,1
0.97,3,178.639713,False,True,2
-0.1,10,178.642896,False,True,1
-2.0,100,178.676899,False,False,4
0.93,7,178.679408,False,True,2
0.92,8,178.682675,False,True,2
-0.05,5,178.684584,False,True,1
-0.29,29,178.695506,False,True,1
-2.0,100,178.727995,False,False,4
1.63,37,178.739957,False,True,3
-5.0,100,178.774461,False,False,1
0.87,13,178.778803,False,True,2
-0.1,10,178.782922,False,True,1
-4.0,100,178.815869,False,False,2
-0.12,12,178.819915,False,True,1
-0.19,19,178.825362,False,True,1
0.95,5,178.827566,False,True,2
-0.01,1,178.827943,False,True,1
-0.11,11,178.831682,False,True,1
-0.09,9,178.834671,False,True,1
0.98,2,178.835051,False,True,2
-0.03,3,178.83651,False,True,1
1.56,44,178.852058,False,True,3
-4.0,100,178.884771,False,False,2
2.45,55,178.902198,False,True,4
2.53,47,178.917888,False,True,4
2.9,10,178.920776,False,True,4
0.95,5,178.922314,False,True,2
-0.07,7,178.925151,False,True,1
-0.07,7,178.927879,False,True,1
1.93,7,178.93056,False,True,3
-3.0,100,178.964047,False,False,3
1.87,13,178.968589,False,True,3
0.91,9,178.97217,False,True,2
0.97,3,178.973434,False,True,2
0.0,100,179.005442,False,False,6
0.93,7,179.008057,False,True,2
0.0,100,179.040137,False,False,6
-0.15,15,179.044602,False,True,1
-0.81,81,179.07211,False,True,1
1.45,55,179.089643,False,True,3
-0.08,8,179.092531,False,True,1
2.87,13,179.097495,False,True,4
2.51,49,179.112705,False,True,4
-3.0,100,179.143579,False,False,3
0.97,3,179.145037,False,True,2
0.78,22,179.152062,False,True,2
0.39,61,179.171285,False,True,2
-0.03,3,179.172583,False,True,1
-0.07,7,179.175326,False,True,1
-4.0,100,179.206224,False,False,2
1.73,27,179.214672,False,True,3
-0.02,2,179.215016,False,True,1
2.13,87,179.242324,False,True,4
1.63,37,179.253376,False,True,3
1.84,16,179.258347,False,True,3
2.7,30,179.267545,False,True,4
2.64,36,179.278909,False,True,4
0.97,3,179.279366,False,True,2
1.55,45,179.294006,False,True,3
-0.09,9,179.29691,False,True,1
-0.07,7,179.29934,False,True,1
0.97,3,179.299772,False,True,2
0.98,2,179.300898,False,True,2
-0.02,2,179.301258,False,True,1
-0.09,9,179.304919,False,True,1
0.96,4,179.306221,False,True,2
-0.08,8,179.309045,False,True,1
-0.23,23,179.315809,False,True,1
-0.02,2,179.317115,False,True,1
0.95,5,179.31855,False,True,2
-0.13,13,179.322384,False,True,1
-0.17,17,179.32875,False,True,1
2.39,61,179.347523,False,True,4
-0.11,11,179.351683,False,True,1
0.95,5,179.353036,False,True,2
-0.02,2,179.353424,False,True,1
0.98,2,179.354849,False,True,2
2.39,61,179.375123,False,True,4
-0.02,2,179.376174,False,True,1
-0.07,7,179.377855,False,True,1
0.95,5,179.380205,False,True,2
4.94,6,179.381773,False,True,6
0.96,4,179.383225,False,True,2
-0.14,14,179.388032,False,True,1
0.87,13,179.391936,False,True,2
-0.09,9,179.394489,False,True,1
3.36,64,179.413821,False,True,5
1.28,72,179.434067,False,True,3
1.17,83,179.458349,False,True,3
-0.09,9,179.460949,False,True,1
2.23,77,179.483317,False,True,4
-0.03,3,179.484442,False,True,1
0.96,4,179.485779,False,True,2
-3.0,100,179.514927,False,False,3
-5.0,100,179.545676,False,False,1
-0.11,11,179.549659,False,True,1
-0.09,9,179.552637,False,True,1
0.95,5,179.554102,False,True,2
0.98,2,179.555144,False,True,2
-0.04,4,179.556413,False,True,1
1.3,70,179.576963,False,True,3
-0.03,3,179.578155,False,True,1
-3.0,100,179.608227,False,False,3
5.36,64,179.627053,False,True,7
4.94,6,179.629547,False,True,6
-0.12,12,179.63368,False,True,1
1.33,67,179.653891,False,True,3
-0.04,4,179.65519,False,True,1
2.8,20,179.661422,False,True,4
1.37,63,179.682706,False,True,3
-0.03,3,179.684029,False,True,1
-0.03,3,179.685137,False,True,1
-0.07,7,179.686929,False,True,1
-0.03,3,179.688115,False,True,1
0.47,53,179.703719,False,True,2
-0.04,4,179.705505,False,True,1
-0.04,4,179.707286,False,True,1
-0.03,3,179.708803,False,True,1
2.1,90,179.738791,False,True,4
1.65,35,179.749071,False,True,3
-0.07,7,179.751681,False,True,1
0.97,3,179.752904,False,True,2
-0.04,4,179.754183,False,True,1
5.61,39,179.765839,False,True,7
-0.02,2,179.766348,False,True,1
-2.0,100,179.799404,False,False,4
2.4,60,179.817161,False,True,4
-0.04,4,179.818453,False,True,1
0.94,6,179.82087,False,True,2
1.48,52,179.837121,False,True,3
-0.04,4,179.838485,False,True,1
1.8,20,179.844826,False,True,3
-4.0,100,179.87446,False,False,2
0.96,4,179.875731,False,True,2
1.95,5,179.876973,False,True,3
2.44,56,179.89568,False,True,4
0.95,5,179.897913,False,True,2
-0.05,5,179.899535,False,True,1
-0.05,5,179.90201,False,True,1
13.63,37,179.915116,True,False,9
-0.07,7,179.917538,False,True,1
-0.01,1,179.917773,False,True,1
-0.08,8,179.920233,False,True,1
-0.17,17,179.925374,False,True,1
-0.13,13,179.929516,False,True,1
-0.1,10,179.93288,False,True,1
6.75,25,179.941261,False,True,8
3.81,19,179.947878,False,True,5
-0.14,14,179.952175,False,True,1
-0.03,3,179.953498,False,True,1
-0.1,10,179.957214,False,True,1
-0.08,8,179.959646,False,True,1
0.96,4,179.961419,False,True,2
1.41,59,179.980554,False,True,3
1.27,73,180.004573,False,True,3
-0.03,3,180.005052,False,True,1
2.74,26,180.013979,False,True,4
0.97,3,180.015639,False,True,2
0.0,100,180.044944,False,False,6
-0.01,1,180.045233,False,True,1
-3.0,100,180.077687,False,False,3
0.96,4,180.07918,False,True,2
1.26,74,180.101338,False,True,3
-2.0,100,180.132634,False,False,4
-2.0,100,180.164916,False,False,4
1.95,5,180.167379,False,True,3
3.91,9,180.170296,False,True,5
-0.05,5,180.171779,False,True,1
1.41,59,180.192811,False,True,3
1.97,3,180.194126,False,True,3
1.82,18,180.19959,False,True,3
-0.01,1,180.199854,False,True,1
-0.03,3,180.201255,False,True,1
-2.0,100,180.233817,False,False,4
-0.1,10,180.237737,False,True,1
-0.05,5,180.23952,False,True,1
-0.02,2,180.239951,False,True,1
-0.08,8,180.242616,False,True,1
-0.07,7,180.245116,False,True,1
0.94,6,180.248154,False,True,2
1.81,19,180.254388,False,True,3
0.86,14,180.259966,False,True,2
0.79,21,180.266324,False,True,2
-0.14,14,180.272274,False,True,1
-0.14,14,180.27688,False,True,1
2.49,51,180.2935,False,True,4
-0.07,7,180.296271,False,True,1
1.64,36,180.307371,False,True,3
-0.03,3,180.307981,False,True,1
2.69,31,180.317772,False,True,4
-0.14,14,180.323361,False,True,1
2.95,5,180.324856,False,True,4
-0.15,15,180.330288,False,True,1
-0.06,6,180.331885,False,True,1
1.96,4,180.333332,False,True,3
-0.15,15,180.33876,False,True,1
-4.0,100,180.373543,False,False,2
2.43,57,180.392563,False,True,4
-0.23,23,180.400321,False,True,1
-0.04,4,180.401744,False,True,1
-0.32,32,180.412476,False,True,1
1.71,29,180.421557,False,True,3
2.23,77,180.445471,False,True,4
0.86,14,180.450565,False,True,2
2.91,9,180.453293,False,True,4
-0.16,16,180.459148,False,True,1
1.49,51,180.476015,False,True,3
0.86,14,180.479846,False,True,2
1.86,14,180.484985,False,True,3
-0.08,8,180.488554,False,True,1
0.88,12,180.492996,False,True,2
0.87,13,180.49702,False,True,2
-0.58,58,180.516687,False,True,1
-0.23,23,180.523561,False,True,1
-4.0,100,180.554853,False,False,2
1.84,16,180.559747,False,True,3
1.29,71,180.583478,False,True,3
-0.11,11,180.587412,False,True,1
0.91,9,180.590136,False,True,2
-0.25,25,180.59741,False,True,1
-2.0,100,180.628719,False,False,4
1.68,32,180.638393,False,True,3
1.69,31,180.647772,False,True,3
0.2,80,180.670768,False,True,2
-0.11,11,180.674221,False,True,1
-0.06,6,180.675707,False,True,1
2.66,34,180.686841,False,True,4
-5.0,100,180.716901,False,False,1
-0.06,6,180.718547,False,True,1
0.85,15,180.723287,False,True,2
-0.01,1,180.723552,False,True,1
-0.01,1,180.72466,False,True,1
-0.08,8,180.727868,False,True,1
-0.1,10,180.730816,False,True,1
3.67,33,180.740929,False,True,5
-0.02,2,180.742022,False,True,1
0.95,5,180.743589,False,True,2
1.87,13,180.74704,False,True,3
-0.09,9,180.750409,False,True,1
-0.08,8,180.753362,False,True,1
-0.02,2,180.753862,False,True,1
1.8,20,180.75984,False,True,3
-2.0,100,180.78947,False,False,4
-0.02,2,180.790592,False,True,1
-0.1,10,180.793226,False,True,1
2.33,67,180.813358,False,True,4
1.95,5,180.814692,False,True,3
2.59,41,180.82593,False,True,4
-0.05,5,180.828307,False,True,1
2.72,28,180.837105,False,True,4
-0.04,4,180.838335,False,True,1
2.86,14,180.842463,False,True,4
0.88,12,180.846438,False,True,2
2.83,17,180.851389,False,True,4
-0.01,1,180.852411,False,True,1
2.85,15,180.856062,False,True,4
-0.08,8,180.858358,False,True,1
2.73,27,180.867086,False,True,4
-0.09,9,180.870159,False,True,1
3.75,25,180.878521,False,True,5
-0.05,5,180.880094,False,True,1
1.52,48,180.894389,False,True,3
0.96,4,180.895631,False,True,2
-0.07,7,180.898063,False,True,1
2.28,72,180.918679,False,True,4
-0.01,1,180.918939,False,True,1
-0.03,3,180.919982,False,True,1
0.88,12,180.923344,False,True,2
-0.16,16,180.92816,False,True,1
1.95,5,180.929349,False,True,3
1.97,3,180.930654,False,True,3
0.89,11,180.933488,False,True,2
-0.02,2,180.934733,False,True,1
-0.05,5,180.936021,False,True,1
1.85,15,180.940506,False,True,3
-0.03,3,180.941747,False,True,1
-0.02,2,180.942232,False,True,1
-0.03,3,180.943664,False,True,1
0.87,13,180.947548,False,True,2
-0.34,34,180.95874,False,True,1
-3.0,100,180.988264,False,False,3
3.89,11,180.990932,False,True,5
1.83,17,180.996104,False,True,3
-5.0,100,181.024466,False,False,1
1.6,40,181.035848,False,True,3
-0.17,17,181.040609,False,True,1
2.84,16,181.04561,False,True,4
-0.01,1,181.045864,False,True,1
4.23,77,181.068525,False,True,6
0.0,100,181.096686,False,False,6
2.77,23,181.103503,False,True,4
-0.12,12,181.106823,False,True,1
-2.0,100,181.135964,False,False,4
-4.0,100,181.164812,False,False,2
-5.0,100,181.194499,False,False,1
-2.0,100,181.223861,False,False,4
-0.09,9,181.226929,False,True,1
0.97,3,181.228223,False,True,2
-3.0,100,181.260588,False,False,3
-0.05,5,181.262192,False,True,1
-0.14,14,181.267458,False,True,1
1.5,50,181.283738,False,True,3
0.92,8,181.286396,False,True,2
1.18,82,181.31232,False,True,3
-0.05,5,181.31408,False,True,1
-0.04,4,181.315558,False,True,1
3.85,15,181.321039,False,True,5
2.41,59,181.341134,False,True,4
-5.0,100,181.374187,False,False,1
-0.24,24,181.382103,False,True,1
-3.0,100,181.412088,False,False,3
1.59,41,181.424118,False,True,3
2.48,52,181.439492,False,True,4
2.73,27,181.447793,False,True,4
-0.01,1,181.448042,False,True,1
-0.15,15,181.452435,False,True,1
-0.02,2,181.452924,False,True,1
-0.0,100,181.483004,False,True,2
-0.1,10,181.486868,False,True,1
1.97,3,181.487393,False,True,3
0.98,2,181.488717,False,True,2
-0.18,18,181.493671,False,True,1
-0.01,1,181.494651,False,True,1
-2.0,100,181.524387,False,False,4
2.82,18,181.529792,False,True,4
-0.17,17,181.535132,False,True,1
2.44,56,181.552625,False,True,4
-5.0,100,181.582692,False,False,1
-0.21,21,181.589934,False,True,1
-0.02,2,181.590302,False,True,1
-0.03,3,181.591481,False,True,1
-4.0,100,181.621025,False,False,2
0.93,7,181.623431,False,True,2
-2.0,100,181.65384,False,False,4
-0.14,14,181.657814,False,True,1
1.71,29,181.66673,False,True,3
1.73,27,181.675384,False,True,3
1.12,88,181.703996,False,True,3
-0.03,3,181.705428,False,True,1
1.89,11,181.709274,False,True,3
1.5,50,181.725571,False,True,3
-0.05,5,181.727056,False,True,1
-5.0,100,181.758622,False,False,1
1.5,50,181.774778,False,True,3
-4.0,100,181.80758,False,False,2
1.85,15,181.812559,False,True,3
-0.21,21,181.818972,False,True,1
1.38,62,181.837621,False,True,3
1.43,57,181.858078,False,True,3
-0.01,1,181.85834,False,True,1
2.65,35,181.869964,False,True,4
-2.0,100,181.901223,False,False,4
0.92,8,181.9039,False,True,2
0.98,2,181.904256,False,True,2
2.31,69,181.927123,False,True,4
3.86,14,181.931526,False,True,5
-0.01,1,181.931861,False,True,1
1.56,44,181.946811,False,True,3
-4.0,100,181.978508,False,False,2
3.83,17,181.983856,False,True,5
-0.01,1,181.985068,False,True,1
-3.0,100,182.016998,False,False,3
-2.0,100,182.048433,False,False,4
-0.01,1,182.048723,False,True,1
-0.01,1,182.049046,False,True,1
-4.0,100,182.080077,False,False,2
-0.04,4,182.081538,False,True,1
-0.12,12,182.085328,False,True,1
-4.0,100,182.117844,False,False,2
-0.21,21,182.124495,False,True,1
-0.37,37,182.136307,False,True,1
-0.02,2,182.136739,False,True,1
1.97,3,182.138382,False,True,3
-0.03,3,182.139688,False,True,1
0.8,20,182.146116,False,True,2
2.9,10,182.148838,False,True,4
-2.0,100,182.180934,False,False,4
3.83,17,182.185541,False,True,5
2.87,13,182.190575,False,True,4
-0.01,1,182.190836,False,True,1
1.24,76,182.215,False,True,3
-4.0,100,182.246577,False,False,2
1.97,3,182.247928,False,True,3
5.72,28,182.256314,False,True,7
-0.29,29,182.264897,False,True,1
0.95,5,182.266598,False,True,2
2.95,5,182.268145,False,True,4
0.89,11,182.271876,False,True,2
1.32,68,182.293094,False,True,3
4.82,18,182.29919,False,True,6
-0.13,13,182.303349,False,True,1
2.34,66,182.323142,False,True,4
0.0,100,182.353347,False,False,6
-0.02,2,182.354464,False,True,1
-0.06,6,182.355915,False,True,1
0.85,15,182.360447,False,True,2
-0.18,18,182.366252,False,True,1
-4.0,100,182.395507,False,False,2
0.98,2,182.39591,False,True,2
2.88,12,182.399485,False,True,4
3.93,7,182.401875,False,True,5
0.96,4,182.403169,False,True,2
2.26,74,182.424856,False,True,4
1.66,34,182.435911,False,True,3
-4.0,100,182.464475,False,False,2
-0.2,20,182.47062,False,True,1
-5.0,100,182.499239,False,False,1
0.88,12,182.502685,False,True,2
2.96,4,182.504012,False,True,4
-0.03,3,182.505072,False,True,1
1.68,32,182.514195,False,True,3
-0.01,1,182.514443,False,True,1
-4.0,100,182.546315,False,False,2
-4.0,100,182.57656,False,False,2
2.86,14,182.580433,False,True,4
2.86,14,182.584978,False,True,4
6.91,9,182.587527,False,True,8
1.76,24,182.594208,False,True,3
-0.04,4,182.595575,False,True,1
0.96,4,182.596899,False,True,2
0.98,2,182.598004,False,True,2
0.82,18,182.603371,False,True,2
-0.17,17,182.608235,False,True,1
-0.03,3,182.609649,False,True,1
0.94,6,182.612039,False,True,2
1.9,10,182.614531,False,True,3
2.53,47,182.628829,False,True,4
-0.24,24,182.636619,False,True,1
2.39,61,182.654781,False,True,4
-0.1,10,182.658078,False,True,1
-0.23,23,182.664248,False,True,1
1.93,7,182.66652,False,True,3
2.83,17,182.671271,False,True,4
-0.03,3,182.672477,False,True,1
-0.09,9,182.675031,False,True,1
-5.0,100,182.704229,False,False,1
2.93,7,182.706665,False,True,4
-0.06,6,182.70869,False,True,1
-4.0,100,182.737162,False,False,2
-3.0,100,182.764906,False,False,3
2.06,94,182.792213,False,True,4
-3.0,100,182.822509,False,False,3
1.29,71,182.843093,False,True,3
3.8,20,182.849016,False,True,5
4.17,83,182.872841,False,True,6
3.67,33,182.88217,False,True,5
-0.14,14,182.885855,False,True,1
-1.0,100,182.914036,False,False,5
-0.01,1,182.915084,False,True,1
-4.0,100,182.943732,False,False,2
4.68,32,182.953086,False,True,6
-0.11,11,182.955794,False,True,1
-2.0,100,182.985894,False,False,4
-0.39,39,182.997408,False,True,1
1.87,13,183.001218,False,True,3
2.75,25,183.008894,False,True,4
-4.0,100,183.03862,False,False,2
0.98,2,183.038941,False,True,2
0.98,2,183.039921,False,True,2
-3.0,100,183.067415,False,False,3
0.97,3,183.06796,False,True,2
-0.14,14,183.072221,False,True,1
-0.01,1,183.072421,False,True,1
-0.13,13,183.076119,False,True,1
-0.01,1,183.077275,False,True,1
1.96,4,183.078729,False,True,3
-0.16,16,183.08365,False,True,1
0.87,13,183.087383,False,True,2
-4.0,100,183.117384,False,False,2
4.75,25,183.124056,False,True,6
1.35,65,183.14171,False,True,3
-4.0,100,183.16963,False,False,2
-0.28,28,183.177823,False,True,1
-0.16,16,183.182767,False,True,1
-0.15,15,183.187523,False,True,1
-0.15,15,183.192189,False,True,1
-0.09,9,183.194812,False,True,1
-0.18,18,183.200811,False,True,1
-0.46,46,183.213843,False,True,1
-0.15,15,183.218198,False,True,1
-0.14,14,183.222223,False,True,1
-0.16,16,183.227341,False,True,1
-4.0,100,183.258253,False,False,2
2.52,48,183.27256,False,True,4
-0.18,18,183.278238,False,True,1
0.95,5,183.279726,False,True,2
-0.12,12,183.283496,False,True,1
0.96,4,183.284864,False,True,2
-0.04,4,183.286422,False,True,1
0.96,4,183.2877,False,True,2
-4.0,100,183.317409,False,False,2
-0.82,82,183.341251,False,True,1
-2.0,100,183.372546,False,False,4
-4.0,100,183.402223,False,False,2
-0.12,12,183.405548,False,True,1
-3.0,100,183.433862,False,False,3
0.98,2,183.434322,False,True,2
-0.28,28,183.442562,False,True,1
1.64,36,183.45453,False,True,3
0.95,5,183.456002,False,True,2
-0.3,30,183.466308,False,True,1
2.24,76,183.492586,False,True,4
-0.14,14,183.496799,False,True,1
-0.14,14,183.502409,False,True,1
-3.0,100,183.534713,False,False,3
-4.0,100,183.566772,False,False,2
2.61,39,183.579132,False,True,4
0.62,38,183.590886,False,True,2
0.97,3,183.592511,False,True,2
0.9,10,183.595052,False,True,2
-0.28,28,183.605136,False,True,1
2.37,63,183.626014,False,True,4
1.96,4,183.627546,False,True,3
-0.16,16,183.632588,False,True,1
-0.03,3,183.63405,False,True,1
1.14,86,183.660218,False,True,3
1.82,18,183.666592,False,True,3
1.47,53,183.68499,False,True,3
-0.15,15,183.690681,False,True,1
1.0,100,183.722192,False,True,3
1.96,4,183.723928,False,True,3
1.2,80,183.750195,False,True,3
-0.01,1,183.750474,False,True,1
-0.01,1,183.750673,False,True,1
-3.0,100,183.783216,False,False,3
-0.15,15,183.788761,False,True,1
1.67,33,183.799113,False,True,3
0.98,2,183.801326,False,True,2
1.82,18,183.807744,False,True,3
1.38,62,183.828805,False,True,3
2.69,31,183.839102,False,True,4
0.95,5,183.841066,False,True,2
0.7,30,183.851568,False,True,2
1.75,25,183.86078,False,True,3
-0.17,17,183.866471,False,True,1
1.95,5,183.86796,False,True,3
4.81,19,183.874174,False,True,6
-4.0,100,183.906387,False,False,2
1.63,37,183.918163,False,True,3
2.55,45,183.932442,False,True,4
0.81,19,183.939052,False,True,2
2.0,100,183.971373,False,False,8
-4.0,100,184.00414,False,False,2
1.47,53,184.02057,False,True,3
-0.98,98,184.056759,False,True,1
1.44,56,184.075774,False,True,3
1.4,60,184.095652,False,True,3
-5.0,100,184.128374,False,False,1
-0.03,3,184.129942,False,True,1
1.66,34,184.14088,False,True,3
-3.0,100,184.172911,False,False,3
-0.65,65,184.201149,False,True,1
1.73,27,184.217836,False,True,3
-2.0,100,184.251045,False,False,4
0.83,17,184.255977,False,True,2
0.85,15,184.261298,False,True,2
3.87,13,184.265346,False,True,5
-0.03,3,184.266439,False,True,1
0.93,7,184.269026,False,True,2
-0.01,1,184.269281,False,True,1
1.54,46,184.286566,False,True,3
3.13,87,184.316206,False,True,5
1.74,26,184.325105,False,True,3
-2.0,100,184.354964,False,False,4
-0.28,28,184.36382,False,True,1
-5.0,100,184.393121,False,False,1
0.85,15,184.397763,False,True,2
4.84,16,184.402468,False,True,6
1.86,14,184.40704,False,True,3
-5.0,100,184.437136,False,False,1
-0.05,5,184.438399,False,True,1
2.85,15,184.443282,False,True,4
1.94,6,184.445789,False,True,3
-0.01,1,184.446014,False,True,1
-0.03,3,184.44722,False,True,1
0.98,2,184.44755,False,True,2
0.34,66,184.469142,False,True,2
0.95,5,184.47069,False,True,2
-1.0,100,184.501412,False,False,5
-5.0,100,184.53327,False,False,1
2.16,84,184.560957,False,True,4
-0.11,11,184.564893,False,True,1
2.87,13,184.569178,False,True,4
-0.01,1,184.569507,False,True,1
3.84,16,184.575274,False,True,5
-3.0,100,184.608668,False,False,3
-5.0,100,184.639963,False,False,1
-0.27,27,184.648973,False,True,1
-5.0,100,184.681775,False,False,1
-2.0,100,184.713738,False,False,4
-4.0,100,184.745229,False,False,2
-0.01,1,184.745495,False,True,1
5.87,13,184.74993,False,True,7
1.72,28,184.75953,False,True,3
1.2,80,184.78562,False,True,3
1.29,71,184.807763,False,True,3
1.34,66,184.829105,False,True,3
1.91,9,184.831771,False,True,3
1.1,90,184.858472,False,True,3
-0.31,31,184.867657,False,True,1
1.24,76,184.892363,False,True,3
2.23,77,184.916835,False,True,4
-0.01,1,184.917993,False,True,1
1.97,3,184.918472,False,True,3
2.89,11,184.922187,False,True,4
-0.03,3,184.923436,False,True,1
2.68,32,184.933489,False,True,4
-2.0,100,184.964601,False,False,4
0.66,34,184.975424,False,True,2
-2.0,100,185.00593,False,False,4
-3.0,100,185.035083,False,False,3
5.01,99,185.064515,False,True,7
-3.0,100,185.094329,False,False,3
-0.03,3,185.095597,False,True,1
-0.03,3,185.096765,False,True,1
13.39,61,185.114621,True,False,9
1.35,65,185.133794,False,True,3
1.33,67,185.152741,False,True,3
0.98,2,185.15312,False,True,2
1.96,4,185.154213,False,True,3
-3.0,100,185.182879,False,False,3
3.03,97,185.211747,False,True,5
0.89,11,185.214845,False,True,2
-0.01,1,185.215904,False,True,1
1.64,36,185.22694,False,True,3
3.94,6,185.228318,False,True,5
0.94,6,185.23082,False,True,2
2.93,7,185.232428,False,True,4
0.98,2,185.23365,False,True,2
-0.06,6,185.235259,False,True,1
-2.0,100,185.26587,False,False,4
0.96,4,185.267128,False,True,2
-0.01,1,185.268134,False,True,1
4.87,13,185.272305,False,True,6
-2.0,100,185.301851,False,False,4
3.13,87,185.326854,False,True,5
-0.11,11,185.329768,False,True,1
-2.0,100,185.359352,False,False,4
-0.01,1,185.360384,False,True,1
-0.01,1,185.360621,False,True,1
-0.01,1,185.360968,False,True,1
0.98,2,185.362054,False,True,2
1.95,5,185.363377,False,True,3
1.97,3,185.364587,False,True,3
3.89,11,185.367468,False,True,5
1.95,5,185.369939,False,True,3
1.56,44,185.384506,False,True,3
-5.0,100,185.415887,False,False,1
-5.0,100,185.448201,False,False,1
0.87,13,185.452283,False,True,2
3.6,40,185.464182,False,True,5
0.55,45,185.477303,False,True,2
0.86,14,185.481853,False,True,2
-3.0,100,185.513447,False,False,3
1.58,42,185.527274,False,True,3
0.87,13,185.53124,False,True,2
3.94,6,185.533944,False,True,5
-0.71,71,185.556738,False,True,1
-0.17,17,185.561618,False,True,1
1.96,4,185.563062,False,True,3
-4.0,100,185.593687,False,False,2
0.53,47,185.607961,False,True,2
-0.21,21,185.614425,False,True,1
-3.0,100,185.645535,False,False,3
-0.12,12,185.649413,False,True,1
-0.15,15,185.654801,False,True,1
-0.69,69,185.674584,False,True,1
0.71,29,185.683257,False,True,2
0.98,2,185.684495,False,True,2
1.61,39,185.695996,False,True,3
-0.32,32,185.70647,False,True,1
-0.34,34,185.717152,False,True,1
0.0,100,185.748225,False,False,6
2.86,14,185.752002,False,True,4
-3.0,100,185.781295,False,False,3
-0.04,4,185.782674,False,True,1
-2.0,100,185.814189,False,False,4
-0.02,2,185.815242,False,True,1
1.19,81,185.843589,False,True,3
6.53,47,185.860511,False,True,8
0.06,94,185.889827,False,True,2
1.91,9,185.893539,False,True,3
-5.0,100,185.924507,False,False,1
-2.0,100,185.955636,False,False,4
-0.01,1,185.956066,False,True,1
-5.0,100,185.988268,False,False,1
-5.0,100,186.018524,False,False,1
-5.0,100,186.048941,False,False,1
-3.0,100,186.081009,False,False,3
1.33,67,186.102519,False,True,3
2.86,14,186.106026,False,True,4
1.45,55,186.123695,False,True,3
0.89,11,186.127531,False,True,2
0.7,30,186.137129,False,True,2
0.72,28,186.146088,False,True,2
2.26,74,186.169262,False,True,4
3.91,9,186.171983,False,True,5
3.67,33,186.18295,False,True,5
0.87,13,186.187207,False,True,2
0.85,15,186.192217,False,True,2
1.38,62,186.229426,False,True,3
0.53,47,186.244833,False,True,2
0.84,16,186.25023,False,True,2
0.0,100,186.281357,False,False,6
-3.0,100,186.312836,False,False,3
3.81,19,186.31881,False,True,5
0.98,2,186.320004,False,True,2
-0.11,11,186.322867,False,True,1
-0.19,19,186.328797,False,True,1
4.89,11,186.332867,False,True,6
-0.1,10,186.335711,False,True,1
2.83,17,186.34142,False,True,4
1.33,67,186.36185,False,True,3
0.69,31,186.371806,False,True,2
0.87,13,186.375815,False,True,2
-4.0,100,186.407038,False,False,2
1.96,4,186.408708,False,True,3
1.95,5,186.411153,False,True,3
0.88,12,186.415189,False,True,2
-0.01,1,186.415491,False,True,1
-3.0,100,186.449538,False,False,3
1.86,14,186.453518,False,True,3
0.0,100,186.484486,False,False,6
4.11,89,186.510967,False,True,6
0.74,26,186.518889,False,True,2
-0.16,16,186.524026,False,True,1
1.63,37,186.536078,False,True,3
-2.0,100,186.566113,False,False,4
0.82,18,186.572003,False,True,2
-4.0,100,186.603403,False,False,2
3.84,16,186.608566,False,True,5
1.14,86,186.635929,False,True,3
4.47,53,186.654072,False,True,6
0.0,100,186.685414,False,False,6
3.61,39,186.697181,False,True,5
2.7,30,186.707195,False,True,4
-3.0,100,186.740334,False,False,3
-0.01,1,186.740607,False,True,1
1.96,4,186.741925,False,True,3
4.71,29,186.750775,False,True,6
0.69,31,186.761328,False,True,2
-0.1,10,186.765308,False,True,1
0.98,2,186.76568,False,True,2
1.19,81,186.791746,False,True,3
1.95,5,186.79404,False,True,3
-3.0,100,186.82606,False,False,3
-0.49,49,186.840787,False,True,1
-3.0,100,186.871255,False,False,3
-0.16,16,186.876661,False,True,1
3.95,5,186.87809,False,True,5
0.86,14,186.883774,False,True,2
-0.09,9,186.886454,False,True,1
2.56,44,186.901753,False,True,4
2.9,10,186.904579,False,True,4
0.98,2,186.905956,False,True,2
0.98,2,186.906335,False,True,2
-0.01,1,186.907635,False,True,1
2.92,8,186.910514,False,True,4
2.71,29,186.920381,False,True,4
0.98,2,186.920743,False,True,2
0.85,15,186.925913,False,True,2
1.89,11,186.929848,False,True,3
-0.01,1,186.930077,False,True,1
0.74,26,186.939215,False,True,2
0.98,2,186.939819,False,True,2
0.96,4,186.941294,False,True,2
0.78,22,186.949422,False,True,2
-0.01,1,186.949738,False,True,1
4.84,16,186.955353,False,True,6
0.0,100,186.985951,False,False,6
-3.0,100,187.014077,False,False,3
6.16,84,187.03838,False,True,8
0.98,2,187.038896,False,True,2
0.98,2,187.039916,False,True,2
-2.0,100,187.06922,False,False,4
-3.0,100,187.098148,False,False,3
-2.0,100,187.12854,False,False,4
3.95,5,187.129891,False,True,5
5.0,100,187.157494,False,True,7
-2.0,100,187.185297,False,False,4
1.64,36,187.195926,False,True,3
0.25,75,187.217978,False,True,2
-5.0,100,187.246651,False,False,1
-5.0,100,187.275325,False,False,1
-5.0,100,187.305352,False,False,1
-6.0,100,187.335071,False,False,0
1.63,37,187.345846,False,True,3
-0.15,15,187.350698,False,True,1
-5.0,100,187.380413,False,False,1
2.5,50,187.394094,False,True,4
1.96,4,187.395288,False,True,3
3.52,48,187.408802,False,True,5
0.83,17,187.414434,False,True,2
3.77,23,187.421003,False,True,5
-0.23,23,187.427955,False,True,1
-0.02,2,187.429104,False,True,1
-0.04,4,187.43047,False,True,1
2.88,12,187.433719,False,True,4
4.78,22,187.439966,False,True,6
4.28,72,187.461971,False,True,6
1.58,42,187.47531,False,True,3
0.98,2,187.475701,False,True,2
-4.0,100,187.504533,False,False,2
-5.0,100,187.532537,False,False,1
2.95,5,187.533966,False,True,4
3.95,5,187.536056,False,True,5
-2.0,100,187.56448,False,False,4
-0.15,15,187.568135,False,True,1
-4.0,100,187.597383,False,False,2
-2.0,100,187.62484,False,False,4
-3.0,100,187.652701,False,False,3
-5.0,100,187.680857,False,False,1
2.91,9,187.684284,False,True,4
-6.0,100,187.713474,False,False,0
0.97,3,187.713957,False,True,2
0.86,14,187.718286,False,True,2
3.87,13,187.722009,False,True,5
-3.0,100,187.751229,False,False,3
-2.0,100,187.780297,False,False,4
2.56,44,187.792901,False,True,4
-1.0,100,187.82184,False,False,5
0.86,14,187.826342,False,True,2
1.55,45,187.838634,False,True,3
-0.92,92,187.86485,False,True,1
2.79,21,187.870889,False,True,4
-0.17,17,187.87619,False,True,1
-0.08,8,187.878725,False,True,1
-4.0,100,187.906773,False,False,2
-0.73,73,187.929046,False,True,1
-0.07,7,187.930587,False,True,1
-5.0,100,187.958835,False,False,1
-0.05,5,187.960904,False,True,1
-2.0,100,187.988949,False,False,4
-0.34,34,187.998675,False,True,1
-5.0,100,188.02676,False,False,1
1.63,37,188.036901,False,True,3
1.97,3,188.038194,False,True,3
1.95,5,188.039435,False,True,3
-0.14,14,188.043977,False,True,1
2.78,22,188.050351,False,True,4
1.84,16,188.055816,False,True,3
1.92,8,188.058305,False,True,3
0.86,14,188.06321,False,True,2
-0.05,5,188.064588,False,True,1
0.86,14,188.069678,False,True,2
-0.04,4,188.071185,False,True,1
-5.0,100,188.101447,False,False,1
1.92,8,188.104001,False,True,3
0.87,13,188.107558,False,True,2
-0.05,5,188.108865,False,True,1
2.88,12,188.112318,False,True,4
1.39,61,188.129932,False,True,3
3.58,42,188.142572,False,True,5
-5.0,100,188.172107,False,False,1
-5.0,100,188.200751,False,False,1
-0.22,22,188.207094,False,True,1
-0.1,10,188.210861,False,True,1
0.98,2,188.211213,False,True,2
0.85,15,188.215693,False,True,2
3.94,6,188.21814,False,True,5
5.64,36,188.229184,False,True,7
-4.0,100,188.258167,False,False,2
-0.03,3,188.258684,False,True,1
-0.03,3,188.259797,False,True,1
1.64,36,188.270993,False,True,3
-1.0,100,188.301037,False,False,5
0.89,11,188.304739,False,True,2
-0.11,11,188.308166,False,True,1
-0.16,16,188.313009,False,True,1
-3.0,100,188.342294,False,False,3
-0.13,13,188.345978,False,True,1
-0.07,7,188.348453,False,True,1
-0.03,3,188.349058,False,True,1
-0.01,1,188.349939,False,True,1
0.0,100,188.378862,False,False,6
-3.0,100,188.408912,False,False,3
-5.0,100,188.439385,False,False,1
-0.61,61,188.456663,False,True,1
5.76,24,188.463794,False,True,7
-0.09,9,188.46647,False,True,1
2.2,80,188.4906,False,True,4
-0.05,5,188.49203,False,True,1
-0.81,81,188.515679,False,True,1
-3.0,100,188.543797,False,False,3
-0.14,14,188.547536,False,True,1
-5.0,100,188.576592,False,False,1
0.67,33,188.585918,False,True,2
1.34,66,188.604813,False,True,3
-3.0,100,188.634321,False,False,3
-4.0,100,188.663381,False,False,2
-0.05,5,188.664755,False,True,1
-0.03,3,188.665883,False,True,1
-5.0,100,188.696112,False,False,1
2.84,16,188.70126,False,True,4
-3.0,100,188.729209,False,False,3
-0.37,37,188.73979,False,True,1
2.76,24,188.747018,False,True,4
1.72,28,188.755649,False,True,3
-3.0,100,188.785017,False,False,3
-0.04,4,188.78629,False,True,1
-3.0,100,188.816547,False,False,3
-4.0,100,188.845329,False,False,2
-0.18,18,188.851369,False,True,1
-5.0,100,188.879976,False,False,1
-0.12,12,188.885131,False,True,1
-0.09,9,188.889053,False,True,1
0.98,2,188.889411,False,True,2
0.7,30,188.899488,False,True,2
1.59,41,188.91309,False,True,3
-0.18,18,188.919307,False,True,1
-0.1,10,188.922488,False,True,1
2.88,12,188.926459,False,True,4
-0.15,15,188.93159,False,True,1
-0.12,12,188.935611,False,True,1
-0.18,18,188.941057,False,True,1
-0.02,2,188.942149,False,True,1
3.65,35,188.954002,False,True,5
1.7,30,188.963739,False,True,3
0.98,2,188.964912,False,True,2
0.95,5,188.966364,False,True,2
-0.04,4,188.967895,False,True,1
2.83,17,188.972882,False,True,4
-2.0,100,189.004677,False,False,4
-0.09,9,189.007374,False,True,1
0.85,15,189.012544,False,True,2
0.0,100,189.043792,False,False,6
1.76,24,189.05091,False,True,3
0.81,19,189.057144,False,True,2
-0.4,40,189.069248,False,True,1
-0.02,2,189.069608,False,True,1
-0.98,98,189.099723,False,True,1
-0.37,37,189.111182,False,True,1
1.72,28,189.119742,False,True,3
2.83,17,189.125238,False,True,4
2.87,13,189.130201,False,True,4
1.55,45,189.142996,False,True,3
-2.0,100,189.172356,False,False,4
0.81,19,189.177756,False,True,2
5.86,14,189.181269,False,True,7
-5.0,100,189.208767,False,False,1
1.86,14,189.21338,False,True,3
-0.2,20,189.219239,False,True,1
-0.19,19,189.224041,False,True,1
-6.0,100,189.252061,False,False,0
4.93,7,189.254504,False,True,6
-0.33,33,189.263703,False,True,1
-6.0,100,189.292409,False,False,0
6.75,25,189.300194,False,True,8
-0.13,13,189.304184,False,True,1
0.86,14,189.30793,False,True,2
-2.0,100,189.33724,False,False,4
1.97,3,189.338382,False,True,3
1.97,3,189.339596,False,True,3
1.54,46,189.353333,False,True,3
-0.05,5,189.355496,False,True,1
-0.45,45,189.368416,False,True,1
-0.31,31,189.378072,False,True,1
1.68,32,189.387742,False,True,3
-0.08,8,189.390062,False,True,1
1.97,3,189.390514,False,True,3
-0.19,19,189.396414,False,True,1
-4.0,100,189.426646,False,False,2
-0.15,15,189.431218,False,True,1
1.85,15,189.435792,False,True,3
-4.0,100,189.465029,False,False,2
2.51,49,189.479536,False,True,4
-0.09,9,189.482323,False,True,1
-0.13,13,189.486337,False,True,1
4.75,25,189.49507,False,True,6
2.86,14,189.499343,False,True,4
0.96,4,189.500835,False,True,2
-0.59,59,189.518709,False,True,1
0.0,100,189.548261,False,False,6
-0.12,12,189.551771,False,True,1
0.98,2,189.552094,False,True,2
-0.14,14,189.556308,False,True,1
-0.04,4,189.557559,False,True,1
-0.11,11,189.561086,False,True,1
2.56,44,189.574314,False,True,4
4.73,27,189.581548,False,True,6
-4.0,100,189.611758,False,False,2
-5.0,100,189.641846,False,False,1
-0.12,12,189.645238,False,True,1
-5.0,100,189.673687,False,False,1
-0.14,14,189.67843,False,True,1
-0.48,48,189.69215,False,True,1
-5.0,100,189.723288,False,False,1
-0.4,40,189.73554,False,True,1
-3.0,100,189.765161,False,False,3
1.8,20,189.771213,False,True,3
-0.04,4,189.772444,False,True,1
1.89,11,189.775624,False,True,3
-0.17,17,189.780549,False,True,1
-5.0,100,189.811569,False,False,1
1.31,69,189.833015,False,True,3
1.96,4,189.834576,False,True,3
-5.0,100,189.868096,False,False,1
-2.0,100,189.902603,False,False,4
-6.0,100,189.936852,False,False,0
-2.0,100,189.96959,False,False,4
2.51,49,189.985885,False,True,4
-0.35,35,189.997205,False,True,1
1.61,39,190.009861,False,True,3
3.95,5,190.011301,False,True,5
-5.0,100,190.046075,False,False,1
-0.81,81,190.071975,False,True,1
-0.12,12,190.075745,False,True,1
-2.0,100,190.107847,False,False,4
2.74,26,190.117282,False,True,4
0.92,8,190.120706,False,True,2
-5.0,100,190.155355,False,False,1
-0.22,22,190.161797,False,True,1
-2.0,100,190.194886,False,False,4
1.79,21,190.202318,False,True,3
0.68,32,190.212903,False,True,2
-5.0,100,190.246243,False,False,1
2.37,63,190.267584,False,True,4
-0.5,50,190.284524,False,True,1
-3.0,100,190.316755,False,False,3
-0.07,7,190.319616,False,True,1
-5.0,100,190.354289,False,False,1
1.93,7,190.356084,False,True,3
-5.0,100,190.38795,False,False,1
-0.02,2,190.389287,False,True,1
-0.38,38,190.401819,False,True,1
-0.25,25,190.41044,False,True,1
1.92,8,190.413747,False,True,3
-6.0,100,190.447373,False,False,0
0.9,10,190.450859,False,True,2
1.54,46,190.467522,False,True,3
-0.12,12,190.471362,False,True,1
-2.0,100,190.502645,False,False,4
-0.72,72,190.527924,False,True,1
-0.18,18,190.534466,False,True,1
2.39,61,190.55385,False,True,4
-0.23,23,190.561254,False,True,1
1.82,18,190.567785,False,True,3
4.84,16,190.573399,False,True,6
2.34,66,190.593835,False,True,4
-4.0,100,190.625747,False,False,2
2.25,75,190.651615,False,True,4
0.98,2,190.651954,False,True,2
-5.0,100,190.683223,False,False,1
1.96,4,190.684638,False,True,3
1.97,3,190.686055,False,True,3
-5.0,100,190.717081,False,False,1
-0.1,10,190.720888,False,True,1
1.88,12,190.725038,False,True,3
0.6,40,190.738419,False,True,2
-0.14,14,190.742642,False,True,1
1.85,15,190.74851,False,True,3
-0.41,41,190.761227,False,True,1
-2.0,100,190.792996,False,False,4
-5.0,100,190.824366,False,False,1
2.82,18,190.830528,False,True,4
-1.0,100,190.861843,False,False,5
2.84,16,190.867381,False,True,4
0.88,12,190.872446,False,True,2
-0.29,29,190.881345,False,True,1
1.49,51,190.897282,False,True,3
-0.52,52,190.913855,False,True,1
0.98,2,190.914254,False,True,2
-5.0,100,190.944117,False,False,1
-2.0,100,190.972767,False,False,4
-2.0,100,191.005687,False,False,4
-0.21,21,191.011726,False,True,1
-5.0,100,191.041609,False,False,1
-6.0,100,191.07063,False,False,0
-6.0,100,191.100695,False,False,0
-5.0,100,191.129074,False,False,1
0.58,42,191.140783,False,True,2
0.83,17,191.145658,False,True,2
-3.0,100,191.175442,False,False,3
2.82,18,191.181107,False,True,4
2.21,79,191.203098,False,True,4
2.16,84,191.227989,False,True,4
-2.0,100,191.257686,False,False,4
3.61,39,191.269432,False,True,5
-0.04,4,191.270685,False,True,1
2.38,62,191.28892,False,True,4
-0.88,88,191.315194,False,True,1
3.95,5,191.31687,False,True,5
0.88,12,191.320352,False,True,2
-6.0,100,191.348569,False,False,0
2.57,43,191.362276,False,True,4
1.72,28,191.370441,False,True,3
-3.0,100,191.399253,False,False,3
-5.0,100,191.427935,False,False,1
1.73,27,191.4353,False,True,3
1.57,43,191.448516,False,True,3
1.9,10,191.451982,False,True,3
3.64,36,191.462161,False,True,5
1.61,39,191.473862,False,True,3
4.52,48,191.488429,False,True,6
-2.0,100,191.516699,False,False,4
-4.0,100,191.54694,False,False,2
2.13,87,191.577208,False,True,4
-5.0,100,191.605342,False,False,1
-2.0,100,191.633329,False,False,4
-0.62,62,191.652441,False,True,1
3.64,36,191.663547,False,True,5
0.88,12,191.667927,False,True,2
-2.0,100,191.698593,False,False,4
2.82,18,191.703647,False,True,4
0.98,2,191.704975,False,True,2
0.91,9,191.707735,False,True,2
-5.0,100,191.738382,False,False,1
-1.0,100,191.769562,False,False,5
2.28,72,191.791715,False,True,4
0.88,12,191.795362,False,True,2
-6.0,100,191.823876,False,False,0
1.18,82,191.846207,False,True,3
-3.0,100,191.877415,False,False,3
-5.0,100,191.906187,False,False,1
1.61,39,191.917798,False,True,3
3.95,5,191.919179,False,True,5
6.87,13,191.92357,False,True,8
1.95,5,191.924975,False,True,3
1.53,47,191.939674,False,True,3
-0.26,26,191.946868,False,True,1
3.88,12,191.950764,False,True,5
0.53,47,191.964876,False,True,2
1.64,36,191.97576,False,True,3
1.66,34,191.985115,False,True,3
2.39,61,192.003925,False,True,4
-5.0,100,192.033235,False,False,1
0.67,33,192.04271,False,True,2
-0.03,3,192.043813,False,True,1
2.95,5,192.045227,False,True,4
2.07,93,192.073281,False,True,4
0.98,2,192.07434,False,True,2
2.84,16,192.079207,False,True,4
-3.0,100,192.109192,False,False,3
-5.0,100,192.13778,False,False,1
-0.33,33,192.146736,False,True,1
-0.18,18,192.151499,False,True,1
-4.0,100,192.180861,False,False,2
-0.35,35,192.19109,False,True,1
1.43,57,192.207742,False,True,3
-2.0,100,192.236659,False,False,4
-2.0,100,192.267381,False,False,4
1.92,8,192.269909,False,True,3
0.8,20,192.276037,False,True,2
0.94,6,192.278323,False,True,2
-3.0,100,192.308099,False,False,3
0.2,80,192.330782,False,True,2
-2.0,100,192.358463,False,False,4
1.73,27,192.366362,False,True,3
-4.0,100,192.396175,False,False,2
-0.19,19,192.401193,False,True,1
1.97,3,192.402316,False,True,3
3.31,69,192.421905,False,True,5
3.68,32,192.431459,False,True,5
-0.38,38,192.442528,False,True,1
3.67,33,192.451811,False,True,5
-0.14,14,192.456363,False,True,1
2.96,4,192.457646,False,True,4
3.91,9,192.459906,False,True,5
4.59,41,192.472866,False,True,6
1.97,3,192.474287,False,True,3
-4.0,100,192.507411,False,False,2
2.54,46,192.52078,False,True,4
0.0,100,192.548928,False,False,6
-3.0,100,192.576969,False,False,3
1.97,3,192.578263,False,True,3
0.0,100,192.608013,False,False,6
2.96,4,192.609456,False,True,4
2.78,22,192.616432,False,True,4
2.96,4,192.617775,False,True,4
0.97,3,192.618233,False,True,2
0.86,14,192.625336,False,True,2
5.48,52,192.643669,False,True,7
2.05,95,192.671529,False,True,4
-0.12,12,192.675348,False,True,1
0.72,28,192.683555,False,True,2
-0.02,2,192.683847,False,True,1
0.53,47,192.69829,False,True,2
-0.71,71,192.719068,False,True,1
1.84,16,192.724043,False,True,3
0.86,14,192.727959,False,True,2
1.97,3,192.72938,False,True,3
-0.15,15,192.734437,False,True,1
3.52,48,192.750047,False,True,5
0.97,3,192.75057,False,True,2
-0.01,1,192.751851,False,True,1
-3.0,100,192.784042,False,False,3
2.95,5,192.785383,False,True,4
2.84,16,192.790297,False,True,4
3.95,5,192.791807,False,True,5
0.0,100,192.826689,False,False,6
0.98,2,192.827976,False,True,2
-3.0,100,192.864365,False,False,3
4.93,7,192.866356,False,True,6
1.47,53,192.885087,False,True,3
0.0,100,192.919001,False,False,6
-2.0,100,192.950625,False,False,4
-0.01,1,192.951041,False,True,1
-0.03,3,192.952225,False,True,1
-6.0,100,192.986281,False,False,0
3.9,10,192.989816,False,True,5
-4.0,100,193.024803,False,False,2
2.32,68,193.04714,False,True,4
0.98,2,193.048475,False,True,2
-0.01,1,193.048703,False,True,1
1.92,8,193.051647,False,True,3
0.89,11,193.056481,False,True,2
1.75,25,193.06502,False,True,3
-4.0,100,193.098697,False,False,2
0.08,92,193.12996,False,True,2
1.87,13,193.133867,False,True,3
0.83,17,193.138732,False,True,2
2.95,5,193.140837,False,True,4
2.71,29,193.150525,False,True,4
-0.02,2,193.150844,False,True,1
-5.0,100,193.183658,False,False,1
1.5,50,193.200352,False,True,3
1.96,4,193.201964,False,True,3
0.71,29,193.211489,False,True,2
-4.0,100,193.24419,False,False,2
0.82,18,193.250499,False,True,2
0.98,2,193.251028,False,True,2
-2.0,100,193.30208,False,False,4
0.9,10,193.3065,False,True,2
-3.0,100,193.338927,False,False,3
0.98,2,193.339453,False,True,2
1.81,19,193.34581,False,True,3
1.96,4,193.347984,False,True,3
1.97,3,193.349659,False,True,3
-0.02,2,193.350213,False,True,1
1.2,80,193.375822,False,True,3
1.97,3,193.377071,False,True,3
-4.0,100,193.408097,False,False,2
-2.0,100,193.439965,False,False,4
1.63,37,193.451434,False,True,3
1.97,3,193.452904,False,True,3
-3.0,100,193.483246,False,False,3
4.78,22,193.489717,False,True,6
-5.0,100,193.520512,False,False,1
2.6,40,193.532027,False,True,4
0.92,8,193.534565,False,True,2
2.13,87,193.561315,False,True,4
-4.0,100,193.591486,False,False,2
-2.0,100,193.620052,False,False,4
3.85,15,193.624639,False,True,5
3.82,18,193.629875,False,True,5
5.25,75,193.651877,False,True,7
0.98,2,193.65292,False,True,2
1.0,100,193.681877,False,False,7
2.51,49,193.696635,False,True,4
0.85,15,193.701751,False,True,2
5.23,77,193.723877,False,True,7
1.64,36,193.734455,False,True,3
0.48,52,193.750321,False,True,2
1.56,44,193.763581,False,True,3
1.97,3,193.764796,False,True,3
0.95,5,193.766173,False,True,2
-0.01,1,193.766527,False,True,1
3.9,10,193.770287,False,True,5
0.86,14,193.774454,False,True,2
0.97,3,193.775807,False,True,2
3.95,5,193.777459,False,True,5
1.6,40,193.790656,False,True,3
-0.14,14,193.795331,False,True,1
0.9,10,193.797957,False,True,2
2.74,26,193.806439,False,True,4
6.72,28,193.815006,False,True,8
-0.17,17,193.820011,False,True,1
0.67,33,193.829582,False,True,2
-0.11,11,193.833191,False,True,1
1.97,3,193.834347,False,True,3
0.88,12,193.837933,False,True,2
-0.29,29,193.846009,False,True,1
0.86,14,193.850006,False,True,2
0.98,2,193.851087,False,True,2
2.21,79,193.875458,False,True,4
0.98,2,193.875893,False,True,2
0.98,2,193.877164,False,True,2
1.88,12,193.880838,False,True,3
1.52,48,193.895107,False,True,3
-0.01,1,193.895382,False,True,1
13.53,47,193.9102,True,False,9
1.97,3,193.910715,False,True,3
0.0,100,193.939582,False,False,6
1.63,37,193.950559,False,True,3
-0.01,1,193.950926,False,True,1
1.63,37,193.961637,False,True,3
1.95,5,193.962978,False,True,3
0.98,2,193.964062,False,True,2
0.98,2,193.964483,False,True,2
0.92,8,193.966918,False,True,2
-0.06,6,193.969317,False,True,1
-0.02,2,193.969599,False,True,1
0.98,2,193.970824,False,True,2
-0.01,1,193.971022,False,True,1
3.95,5,193.972307,False,True,5
0.8,20,193.978526,False,True,2
4.94,6,193.981089,False,True,6
5.81,19,193.987354,False,True,7
-0.13,13,193.990939,False,True,1
-5.0,100,194.022437,False,False,1
-1.0,100,194.053426,False,False,5
-0.01,1,194.05371,False,True,1
-0.11,11,194.057328,False,True,1
1.57,43,194.069997,False,True,3
-5.0,100,194.100105,False,False,1
4.49,51,194.115448,False,True,6
5.58,42,194.128979,False,True,7
1.59,41,194.141591,False,True,3
0.98,2,194.142814,False,True,2
-5.0,100,194.172478,False,False,1
1.67,33,194.182592,False,True,3
-0.49,49,194.196879,False,True,1
-0.01,1,194.197276,False,True,1
1.97,3,194.198537,False,True,3
4.17,83,194.22413,False,True,6
0.55,45,194.237922,False,True,2
-2.0,100,194.268839,False,False,4
2.92,8,194.27136,False,True,4
2.95,5,194.27268,False,True,4
1.92,8,194.27512,False,True,3
0.98,2,194.27635,False,True,2
3.95,5,194.277746,False,True,5
1.58,42,194.290423,False,True,3
-0.13,13,194.294302,False,True,1
-2.0,100,194.324073,False,False,4
0.98,2,194.32447,False,True,2
0.78,22,194.331104,False,True,2
1.86,14,194.334866,False,True,3
3.53,47,194.348774,False,True,5
-0.13,13,194.352741,False,True,1
1.9,10,194.356151,False,True,3
0.81,19,194.361488,False,True,2
1.72,28,194.36977,False,True,3
-0.12,12,194.373583,False,True,1
0.86,14,194.37741,False,True,2
1.97,3,194.378629,False,True,3
0.0,100,194.407224,False,False,6
0.88,12,194.410629,False,True,2
0.84,16,194.415062,False,True,2
2.59,41,194.426537,False,True,4
1.67,33,194.4363,False,True,3
1.91,9,194.439597,False,True,3
1.73,27,194.44724,False,True,3
1.97,3,194.448352,False,True,3
3.87,13,194.452077,False,True,5
-0.05,5,194.454126,False,True,1
0.95,5,194.455538,False,True,2
1.55,45,194.468876,False,True,3
1.19,81,194.49281,False,True,3
-0.84,84,194.517512,False,True,1
-0.09,9,194.520925,False,True,1
-0.19,19,194.526091,False,True,1
-5.0,100,194.555653,False,False,1
-0.48,48,194.569489,False,True,1
-0.1,10,194.57258,False,True,1
1.51,49,194.58593,False,True,3
2.49,51,194.600868,False,True,4
2.07,93,194.626698,False,True,4
1.68,32,194.636079,False,True,3
-0.29,29,194.644457,False,True,1
-5.0,100,194.673928,False,False,1
1.94,6,194.676143,False,True,3
-0.04,4,194.677581,False,True,1
1.47,53,194.692688,False,True,3
0.61,39,194.70505,False,True,2
1.82,18,194.710291,False,True,3
-0.16,16,194.715301,False,True,1
1.3,70,194.736263,False,True,3
2.86,14,194.740363,False,True,4
2.96,4,194.741726,False,True,4
4.87,13,194.746517,False,True,6
1.15,85,194.771014,False,True,3
2.86,14,194.775006,False,True,4
1.97,3,194.776145,False,True,3
2.37,63,194.794882,False,True,4
1.3,70,194.815043,False,True,3
2.53,47,194.829628,False,True,4
-3.0,100,194.859416,False,False,3
2.83,17,194.864391,False,True,4
3.87,13,194.868611,False,True,5
3.55,45,194.881968,False,True,5
2.06,94,194.910058,False,True,4
1.72,28,194.918156,False,True,3
-1.0,100,194.946167,False,False,5
1.71,29,194.955367,False,True,3
1.78,22,194.96185,False,True,3
1.82,18,194.967272,False,True,3
2.81,19,194.972242,False,True,4
1.52,48,194.987142,False,True,3
4.5,50,195.001575,False,True,6
1.95,5,195.002981,False,True,3
-0.18,18,195.008603,False,True,1
-0.07,7,195.010288,False,True,1
-3.0,100,195.038559,False,False,3
-0.38,38,195.049493,False,True,1
-0.69,69,195.068295,False,True,1
2.86,14,195.07284,False,True,4
-5.0,100,195.101962,False,False,1
1.6,40,195.113483,False,True,3
-4.0,100,195.141076,False,False,2
-0.01,1,195.141357,False,True,1
-0.17,17,195.145724,False,True,1
-5.0,100,195.175223,False,False,1
-0.83,83,195.198673,False,True,1
1.57,43,195.211438,False,True,3
1.97,3,195.211905,False,True,3
2.54,46,195.225504,False,True,4
1.86,14,195.2292,False,True,3
1.71,29,195.238578,False,True,3
2.61,39,195.249741,False,True,4
1.86,14,195.254484,False,True,3
-0.86,86,195.278769,False,True,1
0.0,100,195.306973,False,False,6
0.85,15,195.311561,False,True,2
-5.0,100,195.340156,False,False,1
0.58,42,195.352478,False,True,2
0.8,20,195.35851,False,True,2
-2.0,100,195.387179,False,False,4
0.88,12,195.390848,False,True,2
-5.0,100,195.418971,False,False,1
1.41,59,195.436388,False,True,3
2.75,25,195.444568,False,True,4
0.9,10,195.447066,False,True,2
-0.02,2,195.448058,False,True,1
1.97,3,195.448639,False,True,3
-0.03,3,195.449739,False,True,1
-0.13,13,195.453505,False,True,1
-0.5,50,195.469227,False,True,1
1.38,62,195.489494,False,True,3
-0.01,1,195.491102,False,True,1
3.95,5,195.494074,False,True,5
1.59,41,195.507408,False,True,3
1.5,50,195.523712,False,True,3
-0.14,14,195.527892,False,True,1
-5.0,100,195.558126,False,False,1
-0.42,42,195.571395,False,True,1
1.97,3,195.572069,False,True,3
-0.02,2,195.573169,False,True,1
-0.91,91,195.600334,False,True,1
-0.76,76,195.625193,False,True,1
3.89,11,195.62823,False,True,5
0.98,2,195.629454,False,True,2
0.98,2,195.629757,False,True,2
-0.28,28,195.640544,False,True,1
1.43,57,195.66199,False,True,3
-4.0,100,195.69496,False,False,2
-0.12,12,195.699268,False,True,1
0.6,40,195.711859,False,True,2
-1.0,100,195.744536,False,False,5
-5.0,100,195.778978,False,False,1
1.44,56,195.797254,False,True,3
1.76,24,195.805062,False,True,3
0.85,15,195.809859,False,True,2
-0.34,34,195.822146,False,True,1
-0.57,57,195.839532,False,True,1
2.8,20,195.845876,False,True,4
-2.0,100,195.881154,False,False,4
-0.06,6,195.883481,False,True,1
-5.0,100,195.915539,False,False,1
0.64,36,195.9269,False,True,2
3.62,38,195.939048,False,True,5
-0.71,71,195.96435,False,True,1
-5.0,100,195.995428,False,False,1
1.0,100,196.026283,False,False,7
-3.0,100,196.059678,False,False,3
-5.0,100,196.092077,False,False,1
-5.0,100,196.122927,False,False,1
1.7,30,196.131404,False,True,3
1.66,34,196.142682,False,True,3
-0.32,32,196.15431,False,True,1
-4.0,100,196.186816,False,False,2
1.37,63,196.207182,False,True,3
-5.0,100,196.239143,False,False,1
-0.11,11,196.241842,False,True,1
-5.0,100,196.274487,False,False,1
-0.31,31,196.285285,False,True,1
2.62,38,196.297796,False,True,4
-0.5,50,196.31314,False,True,1
-5.0,100,196.342106,False,False,1
1.95,5,196.343497,False,True,3
-0.32,32,196.353474,False,True,1
1.61,39,196.365857,False,True,3
0.0,100,196.39538,False,False,6
-2.0,100,196.424137,False,False,4
-0.14,14,196.428909,False,True,1
-5.0,100,196.459322,False,False,1
-2.0,100,196.487954,False,False,4
0.9,10,196.490614,False,True,2
-0.48,48,196.504548,False,True,1
-5.0,100,196.533754,False,False,1
-2.0,100,196.561774,False,False,4
-5.0,100,196.589647,False,False,1
2.33,67,196.609899,False,True,4
1.8,20,196.616037,False,True,3
1.49,51,196.630873,False,True,3
1.09,91,196.65615,False,True,3
-5.0,100,196.686693,False,False,1
-5.0,100,196.715805,False,False,1
2.86,14,196.720206,False,True,4
0.87,13,196.723573,False,True,2
-2.0,100,196.753546,False,False,4
4.64,36,196.763692,False,True,6
2.68,32,196.773262,False,True,4
0.74,26,196.781277,False,True,2
1.87,13,196.785057,False,True,3
-5.0,100,196.814773,False,False,1
2.57,43,196.827999,False,True,4
2.88,12,196.831825,False,True,4
1.63,37,196.843081,False,True,3
2.6,40,196.856291,False,True,4
-0.98,98,196.885644,False,True,1
-0.25,25,196.893193,False,True,1
1.45,55,196.909492,False,True,3
0.83,17,196.915603,False,True,2
5.85,15,196.919837,False,True,7
-0.04,4,196.920934,False,True,1
1.63,37,196.93256,False,True,3
0.92,8,196.935734,False,True,2
-0.12,12,196.939761,False,True,1
0.84,16,196.944984,False,True,2
-3.0,100,196.974969,False,False,3
0.82,18,196.981049,False,True,2
0.89,11,196.985024,False,True,2
-0.44,44,196.998463,False,True,1
4.77,23,197.006258,False,True,6
-3.0,100,197.038455,False,False,3
-5.0,100,197.070257,False,False,1
-4.0,100,197.099218,False,False,2
4.94,6,197.100919,False,True,6
-3.0,100,197.131411,False,False,3
-0.37,37,197.141764,False,True,1
-3.0,100,197.170678,False,False,3
1.97,3,197.172157,False,True,3
2.84,16,197.177175,False,True,4
2.23,77,197.201555,False,True,4
4.91,9,197.205064,False,True,6
1.3,70,197.226781,False,True,3
1.63,37,197.238069,False,True,3
1.89,11,197.242405,False,True,3
2.79,21,197.248853,False,True,4
-0.01,1,197.250051,False,True,1
2.02,98,197.282842,False,True,4
1.96,4,197.284409,False,True,3
0.74,26,197.293574,False,True,2
4.77,23,197.301155,False,True,6
4.83,17,197.308296,False,True,6
0.98,2,197.308664,False,True,2
1.6,40,197.321511,False,True,3
-0.05,5,197.323426,False,True,1
-0.11,11,197.327341,False,True,1
-5.0,100,197.358587,False,False,1
0.0,100,197.390458,False,False,6
2.32,68,197.412269,False,True,4
-2.0,100,197.444603,False,False,4
-0.11,11,197.448821,False,True,1
-0.05,5,197.450262,False,True,1
-0.16,16,197.455193,False,True,1
3.6,40,197.468604,False,True,5
2.82,18,197.474589,False,True,4
0.98,2,197.475065,False,True,2
-0.98,98,197.510609,False,True,1
-0.09,9,197.513491,False,True,1
1.46,54,197.5312,False,True,3
-0.03,3,197.532588,False,True,1
-0.14,14,197.538041,False,True,1
-0.01,1,197.538438,False,True,1
-0.01,1,197.538675,False,True,1
1.85,15,197.544261,False,True,3
-2.0,100,197.576982,False,False,4
0.98,2,197.577367,False,True,2
-4.0,100,197.611083,False,False,2
4.64,36,197.623703,False,True,6
0.95,5,197.626062,False,True,2
1.97,3,197.626571,False,True,3
0.98,2,197.627683,False,True,2
0.25,75,197.652687,False,True,2
-2.0,100,197.685208,False,False,4
3.8,20,197.69208,False,True,5
3.95,5,197.693521,False,True,5
0.98,2,197.693847,False,True,2
0.84,16,197.699365,False,True,2
1.87,13,197.70502,False,True,3
-4.0,100,197.737611,False,False,2
-1.0,100,197.766221,False,True,1
-4.0,100,197.796602,False,False,2
4.03,97,197.824828,False,True,6
0.98,2,197.82523,False,True,2
-5.0,100,197.854299,False,False,1
0.43,57,197.872898,False,True,2
2.19,81,197.897322,False,True,4
-2.0,100,197.925135,False,False,4
1.44,56,197.941456,False,True,3
-2.0,100,197.971109,False,False,4
0.98,2,197.971494,False,True,2
4.79,21,197.978026,False,True,6
-0.12,12,197.981635,False,True,1
1.3,70,198.003318,False,True,3
1.55,45,198.015756,False,True,3
-0.01,1,198.016673,False,True,1
0.67,33,198.02611,False,True,2
2.0,100,198.055318,False,True,4
1.82,18,198.06003,False,True,3
-2.0,100,198.088966,False,False,4
0.73,27,198.097194,False,True,2
-0.03,3,198.098513,False,True,1
2.86,14,198.102483,False,True,4
1.97,3,198.103642,False,True,3
1.72,28,198.112329,False,True,3
0.56,44,198.126143,False,True,2
1.51,49,198.140576,False,True,3
-1.0,100,198.168918,False,False,5
2.96,4,198.17008,False,True,4
0.34,66,198.190327,False,True,2
1.93,7,198.192786,False,True,3
1.97,3,198.19323,False,True,3
1.69,31,198.202745,False,True,3
1.89,11,198.206522,False,True,3
0.97,3,198.207746,False,True,2
2.21,79,198.231975,False,True,4
1.03,97,198.261162,False,True,3
0.98,2,198.261705,False,True,2
0.42,58,198.279658,False,True,2
-4.0,100,198.311241,False,False,2
2.53,47,198.325598,False,True,4
-3.0,100,198.356358,False,False,3
1.93,7,198.358886,False,True,3
1.97,3,198.360258,False,True,3
1.18,82,198.383895,False,True,3
0.0,100,198.414628,False,False,6
-0.01,1,198.41576,False,True,1
1.93,7,198.417315,False,True,3
-0.04,4,198.41867,False,True,1
2.65,35,198.430012,False,True,4
1.95,5,198.431432,False,True,3
1.76,24,198.438775,False,True,3
1.33,67,198.458308,False,True,3
1.9,10,198.461874,False,True,3
-0.01,1,198.462098,False,True,1
0.57,43,198.47513,False,True,2
0.91,9,198.478056,False,True,2
2.93,7,198.480599,False,True,4
-4.0,100,198.511699,False,False,2
-3.0,100,198.543203,False,False,3
-1.0,100,198.573126,False,False,5
0.98,2,198.573655,False,True,2
2.96,4,198.574837,False,True,4
2.96,4,198.576155,False,True,4
5.52,48,198.590823,False,True,7
1.2,80,198.615486,False,True,3
2.25,75,198.637349,False,True,4
0.94,6,198.638682,False,True,2
2.95,5,198.640813,False,True,4
5.93,7,198.64253,False,True,7
4.88,12,198.645955,False,True,6
1.96,4,198.64731,False,True,3
0.97,3,198.648589,False,True,2
1.48,52,198.664813,False,True,3
0.98,2,198.665983,False,True,2
0.98,2,198.666319,False,True,2
2.96,4,198.667722,False,True,4
-0.02,2,198.668818,False,True,1
0.98,2,198.669154,False,True,2
-0.01,1,198.669352,False,True,1
-0.02,2,198.670521,False,True,1
1.03,97,198.699477,False,True,3
-0.02,2,198.700581,False,True,1
1.07,93,198.726619,False,True,3
0.97,3,198.727853,False,True,2
-3.0,100,198.756921,False,False,3
1.97,3,198.75742,False,True,3
1.97,3,198.758498,False,True,3
2.96,4,198.759704,False,True,4
0.96,4,198.761133,False,True,2
1.18,82,198.785671,False,True,3
-3.0,100,198.813407,False,False,3
3.95,5,198.814679,False,True,5
-1.0,100,198.843872,False,False,5
4.91,9,198.846483,False,True,6
-0.02,2,198.847518,False,True,1
-1.0,100,198.876535,False,False,5
-0.02,2,198.87704,False,True,1
2.22,78,198.901356,False,True,4
0.98,2,198.901847,False,True,2
0.98,2,198.902899,False,True,2
0.98,2,198.903499,False,True,2
1.96,4,198.904745,False,True,3
-3.0,100,198.935337,False,False,3
-0.02,2,198.936576,False,True,1
-2.0,100,198.966533,False,False,4
-0.03,3,198.967025,False,True,1
-3.0,100,198.995401,False,False,3
0.97,3,198.99656,False,True,2
-0.42,42,199.009816,False,True,1
-1.0,100,199.040143,False,False,5
0.34,66,199.059475,False,True,2
1.61,39,199.070986,False,True,3
3.6,40,199.083157,False,True,5
1.93,7,199.085701,False,True,3
-0.02,2,199.086022,False,True,1
-2.0,100,199.114609,False,False,4
0.96,4,199.115943,False,True,2
-0.45,45,199.129588,False,True,1
-0.13,13,199.133717,False,True,1
-2.0,100,199.162189,False,False,4
-0.01,1,199.1626,False,True,1
-0.01,1,199.162793,False,True,1
-0.04,4,199.164113,False,True,1
-0.04,4,199.165475,False,True,1
0.46,54,199.182012,False,True,2
2.86,14,199.185842,False,True,4
-2.0,100,199.214665,False,False,4
1.36,64,199.233931,False,True,3
0.92,8,199.236556,False,True,2
1.58,42,199.249279,False,True,3
1.97,3,199.24978,False,True,3
1.97,3,199.251024,False,True,3
1.38,62,199.270351,False,True,3
2.88,12,199.274085,False,True,4
4.79,21,199.27992,False,True,6
-0.17,17,199.284625,False,True,1
-5.0,100,199.317517,False,False,1
0.98,2,199.318655,False,True,2
0.98,2,199.31899,False,True,2
-2.0,100,199.351503,False,False,4
0.91,9,199.354677,False,True,2
-0.4,40,199.368232,False,True,1
-3.0,100,199.399972,False,False,3
2.96,4,199.401483,False,True,4
1.97,3,199.402797,False,True,3
-0.01,1,199.403029,False,True,1
-0.01,1,199.404096,False,True,1
1.97,3,199.404544,False,True,3
0.98,2,199.406001,False,True,2
2.53,47,199.421243,False,True,4
0.98,2,199.421659,False,True,2
2.8,20,199.427941,False,True,4
-4.0,100,199.462709,False,False,2
1.89,11,199.466822,False,True,3
2.91,9,199.470253,False,True,4
5.72,28,199.479171,False,True,7
-0.01,1,199.47958,False,True,1
1.0,100,199.513039,False,False,7
-0.01,1,199.514293,False,True,1
1.61,39,199.526442,False,True,3
-2.0,100,199.561028,False,False,4
5.31,69,199.584392,False,True,7
2.96,4,199.58569,False,True,4
-0.02,2,199.586042,False,True,1
2.58,42,199.600552,False,True,4
-2.0,100,199.632727,False,False,4
1.95,5,199.634346,False,True,3
1.37,63,199.654502,False,True,3
-0.01,1,199.654943,False,True,1
-4.0,100,199.688551,False,False,2
1.46,54,199.705448,False,True,3
0.94,6,199.70807,False,True,2
2.56,44,199.722568,False,True,4
-1.0,100,199.755782,False,False,5
1.3,70,199.778815,False,True,3
0.97,3,199.780172,False,True,2
-0.06,6,199.782915,False,True,1
-5.0,100,199.815392,False,False,1
-0.01,1,199.815745,False,True,1
1.92,8,199.818197,False,True,3
-4.0,100,199.850948,False,False,2
1.59,41,199.864676,False,True,3
3.53,47,199.880114,False,True,5
2.1,90,199.911101,False,True,4
-0.07,7,199.913998,False,True,1
-4.0,100,199.947512,False,False,2
1.53,47,199.963518,False,True,3
1.96,4,199.964962,False,True,3
0.97,3,199.966432,False,True,2
-5.0,100,200.000114,False,False,1
-0.03,3,200.000628,False,True,1
-5.0,100,200.032091,False,False,1
-0.14,14,200.036517,False,True,1
-0.26,26,200.045976,False,True,1
-3.0,100,200.080393,False,False,3
-0.08,8,200.083339,False,True,1
-0.05,5,200.086047,False,True,1
-3.0,100,200.118923,False,False,3
0.0,100,200.151157,False,False,6
-5.0,100,200.182432,False,False,1
-4.0,100,200.214051,False,False,2
-0.86,86,200.239981,False,True,1
-5.0,100,200.271482,False,False,1
4.43,57,200.288988,False,True,6
0.74,26,200.297644,False,True,2
-4.0,100,200.329042,False,False,2
0.0,100,200.359884,False,False,6
3.71,29,200.3688,False,True,5
0.89,11,200.372723,False,True,2
-3.0,100,200.402591,False,False,3
-0.09,9,200.405513,False,True,1
1.25,75,200.426634,False,True,3
0.75,25,200.433639,False,True,2
0.7,30,200.443906,False,True,2
-2.0,100,200.472535,False,False,4
-0.01,1,200.472803,False,True,1
-0.15,15,200.477517,False,True,1
0.89,11,200.480198,False,True,2
-3.0,100,200.511127,False,False,3
2.2,80,200.533994,False,True,4
1.84,16,200.538883,False,True,3
1.52,48,200.553174,False,True,3
1.13,87,200.578602,False,True,3
0.96,4,200.57986,False,True,2
-4.0,100,200.628978,False,False,2
2.7,30,200.650093,False,True,4
1.97,3,200.650656,False,True,3
1.82,18,200.656988,False,True,3
-5.0,100,200.686552,False,False,1
2.39,61,200.704669,False,True,4
-5.0,100,200.732916,False,False,1
-0.03,3,200.734043,False,True,1
-0.18,18,200.738874,False,True,1
0.67,33,200.749669,False,True,2
-0.28,28,200.758172,False,True,1
0.98,2,200.758543,False,True,2
4.86,14,200.762839,False,True,6
-0.01,1,200.763061,False,True,1
4.61,39,200.77525,False,True,6
-0.05,5,200.776742,False,True,1
2.84,16,200.781769,False,True,4
1.97,3,200.782975,False,True,3
1.86,14,200.787069,False,True,3
4.5,50,200.802225,False,True,6
1.39,61,200.820676,False,True,3
2.59,41,200.832419,False,True,4
-0.04,4,200.833766,False,True,1
0.77,23,200.840754,False,True,2
1.56,44,200.853515,False,True,3
-0.03,3,200.854756,False,True,1
-0.02,2,200.855114,False,True,1
-0.05,5,200.856558,False,True,1
-0.03,3,200.857894,False,True,1
1.44,56,200.875372,False,True,3
5.92,8,200.878047,False,True,7
1.97,3,200.879235,False,True,3
-0.02,2,200.879685,False,True,1
2.96,4,200.880914,False,True,4
1.9,10,200.884556,False,True,3
0.97,3,200.885654,False,True,2
-0.01,1,200.885973,False,True,1
-0.03,3,200.887252,False,True,1
1.97,3,200.887716,False,True,3
0.98,2,200.888808,False,True,2
-2.0,100,200.917638,False,False,4
-5.0,100,200.945715,False,False,1
0.63,37,200.955852,False,True,2
-0.03,3,200.956976,False,True,1
-0.02,2,200.957439,False,True,1
-0.02,2,200.958503,False,True,1
-0.02,2,200.958834,False,True,1
-0.02,2,200.95997,False,True,1
4.82,18,200.965154,False,True,6
0.49,51,200.980411,False,True,2
3.74,26,200.987834,False,True,5
-5.0,100,201.016479,False,False,1
-0.18,18,201.021371,False,True,1
-3.0,100,201.049929,False,False,3
1.97,3,201.051146,False,True,3
-3.0,100,201.081795,False,False,3
-2.0,100,201.113597,False,False,4
2.86,14,201.117904,False,True,4
0.98,2,201.119129,False,True,2
-0.01,1,201.119402,False,True,1
-3.0,100,201.148491,False,False,3
3.95,5,201.149875,False,True,5
0.98,2,201.150881,False,True,2
0.97,3,201.152124,False,True,2
3.85,15,201.156067,False,True,5
1.87,13,201.160877,False,True,3
5.65,35,201.170861,False,True,7
-4.0,100,201.201454,False,False,2
-0.08,8,201.20423,False,True,1
1.31,69,201.226229,False,True,3
0.84,16,201.231173,False,True,2
2.84,16,201.235982,False,True,4
-0.11,11,201.238778,False,True,1
-4.0,100,201.268302,False,False,2
-2.0,100,201.300201,False,False,4
-0.16,16,201.304854,False,True,1
0.97,3,201.306203,False,True,2
0.72,28,201.314561,False,True,2
0.72,28,201.323604,False,True,2
-5.0,100,201.351896,False,False,1
1.17,83,201.3767,False,True,3
-0.06,6,201.378205,False,True,1
0.92,8,201.380472,False,True,2
4.58,42,201.393011,False,True,6
-2.0,100,201.422765,False,False,4
1.95,5,201.42406,False,True,3
-5.0,100,201.452378,False,False,1
2.63,37,201.462009,False,True,4
0.72,28,201.469771,False,True,2
-3.0,100,201.49875,False,False,3
1.56,44,201.511478,False,True,3
1.97,3,201.512581,False,True,3
-2.0,100,201.55738,False,False,4
2.61,39,201.569248,False,True,4
0.87,13,201.573002,False,True,2
1.55,45,201.586003,False,True,3
3.94,6,201.588231,False,True,5
-3.0,100,201.618351,False,False,3
-4.0,100,201.647047,False,False,2
0.0,100,201.675054,False,False,6
0.98,2,201.675559,False,True,2
2.59,41,201.68838,False,True,4
2.92,8,201.690917,False,True,4
1.86,14,201.694974,False,True,3
-2.0,100,201.724696,False,False,4
-0.15,15,201.729863,False,True,1
3.8,20,201.735366,False,True,5
2.81,19,201.741139,False,True,4
0.83,17,201.745945,False,True,2
2.26,74,201.767531,False,True,4
-3.0,100,201.796277,False,False,3
0.83,17,201.801928,False,True,2
1.91,9,201.804486,False,True,3
1.52,48,201.818661,False,True,3
0.89,11,201.822272,False,True,2
-0.02,2,201.822585,False,True,1
-4.0,100,201.851944,False,False,2
-0.17,17,201.856926,False,True,1
-0.15,15,201.861823,False,True,1
2.36,64,201.880515,False,True,4
1.57,43,201.89391,False,True,3
1.84,16,201.898862,False,True,3
-0.04,4,201.900407,False,True,1
4.6,40,201.912372,False,True,6
-0.02,2,201.91287,False,True,1
0.94,6,201.915108,False,True,2
1.5,50,201.929508,False,True,3
-0.14,14,201.934146,False,True,1
0.54,46,201.947504,False,True,2
1.79,21,201.954522,False,True,3
2.32,68,201.974414,False,True,4
-0.02,2,201.97473,False,True,1
1.87,13,201.978434,False,True,3
-0.01,1,201.979473,False,True,1
1.78,22,201.985788,False,True,3
-1.0,100,202.014903,False,False,5
1.67,33,202.024432,False,True,3
-0.02,2,202.025647,False,True,1
0.98,2,202.025899,False,True,2
1.74,26,202.033745,False,True,3
0.87,13,202.037725,False,True,2
-0.1,10,202.040937,False,True,1
0.0,100,202.069949,False,False,6
-0.02,2,202.07027,False,True,1
-3.0,100,202.098832,False,False,3
-2.0,100,202.127466,False,False,4
2.88,12,202.130797,False,True,4
2.56,44,202.142679,False,True,4
-3.0,100,202.171944,False,False,3
1.77,23,202.178848,False,True,3
1.37,63,202.196376,False,True,3
1.54,46,202.209146,False,True,3
-0.02,2,202.210447,False,True,1
0.98,2,202.210817,False,True,2
-0.2,20,202.216474,False,True,1
-2.0,100,202.244854,False,False,4
1.53,47,202.259198,False,True,3
0.93,7,202.26153,False,True,2
1.62,38,202.272299,False,True,3
1.93,7,202.274502,False,True,3
-5.0,100,202.303439,False,False,1
-5.0,100,202.332856,False,False,1
2.22,78,202.354073,False,True,4
4.18,82,202.378079,False,True,6
2.24,76,202.40172,False,True,4
0.86,14,202.405505,False,True,2
-0.02,2,202.406499,False,True,1
1.3,70,202.426929,False,True,3
-0.03,3,202.428376,False,True,1
-0.01,1,202.428603,False,True,1
-0.1,10,202.431905,False,True,1
6.68,32,202.441966,False,True,8
1.58,42,202.454356,False,True,3
5.84,16,202.459574,False,True,7
0.77,23,202.466416,False,True,2
-0.05,5,202.468056,False,True,1
2.95,5,202.470658,False,True,4
1.89,11,202.473856,False,True,3
2.88,12,202.477692,False,True,4
-0.03,3,202.478817,False,True,1
0.89,11,202.48275,False,True,2
-2.0,100,202.514413,False,False,4
1.85,15,202.519138,False,True,3
-0.01,1,202.519401,False,True,1
1.91,9,202.522533,False,True,3
1.77,23,202.529761,False,True,3
1.71,29,202.539008,False,True,3
0.98,2,202.540166,False,True,2
-5.0,100,202.570932,False,False,1
-3.0,100,202.600581,False,False,3
-0.03,3,202.601087,False,True,1
-0.13,13,202.605627,False,True,1
0.67,33,202.61562,False,True,2
-0.03,3,202.616934,False,True,1
0.89,11,202.619777,False,True,2
0.93,7,202.62242,False,True,2
-0.01,1,202.622806,False,True,1
0.98,2,202.624071,False,True,2
-2.0,100,202.653606,False,False,4
0.88,12,202.657302,False,True,2
2.2,80,202.681308,False,True,4
-2.0,100,202.713193,False,False,4
1.15,85,202.737973,False,True,3
-3.0,100,202.766503,False,False,3
-4.0,100,202.79655,False,False,2
-5.0,100,202.824557,False,False,1
-5.0,100,202.852805,False,False,1
-0.12,12,202.856562,False,True,1
3.47,53,202.872645,False,True,5
-0.12,12,202.876236,False,True,1
-4.0,100,202.905561,False,False,2
1.41,59,202.923011,False,True,3
0.0,100,202.952533,False,False,6
-0.01,1,202.952798,False,True,1
-0.11,11,202.956254,False,True,1
0.98,2,202.957396,False,True,2
1.92,8,202.960064,False,True,3
1.97,3,202.960517,False,True,3
5.83,17,202.966752,False,True,7
-2.0,100,202.996047,False,False,4
-0.44,44,203.009681,False,True,1
-0.16,16,203.014705,False,True,1
3.88,12,203.018684,False,True,5
-0.23,23,203.025343,False,True,1
2.46,54,203.042672,False,True,4
1.89,11,203.04652,False,True,3
1.72,28,203.054593,False,True,3
1.73,27,203.061758,False,True,3
1.97,3,203.062997,False,True,3
-4.0,100,203.092263,False,False,2
0.86,14,203.096946,False,True,2
2.52,48,203.110579,False,True,4
-0.01,1,203.110982,False,True,1
5.75,25,203.118448,False,True,7
1.62,38,203.130343,False,True,3
1.87,13,203.13416,False,True,3
-2.0,100,203.163953,False,False,4
1.97,3,203.165207,False,True,3
-0.13,13,203.168742,False,True,1
1.36,64,203.186898,False,True,3
-0.29,29,203.195218,False,True,1
-2.0,100,203.224609,False,False,4
1.96,4,203.22581,False,True,3
2.37,63,203.243769,False,True,4
5.03,97,203.271788,False,True,7
1.41,59,203.289133,False,True,3
1.54,46,203.301737,False,True,3
3.02,98,203.33019,False,True,5
2.92,8,203.332593,False,True,4
1.97,3,203.333641,False,True,3
-0.05,5,203.334896,False,True,1
5.64,36,203.345655,False,True,7
0.98,2,203.346183,False,True,2
3.78,22,203.352627,False,True,5
3.37,63,203.371388,False,True,5
0.37,63,203.388309,False,True,2
-0.01,1,203.389392,False,True,1
0.7,30,203.397763,False,True,2
-0.02,2,203.398935,False,True,1
0.46,54,203.413882,False,True,2
1.41,59,203.432024,False,True,3
0.98,2,203.432412,False,True,2
0.58,42,203.445487,False,True,2
-0.03,3,203.446538,False,True,1
-0.11,11,203.449442,False,True,1
-0.08,8,203.451687,False,True,1
1.51,49,203.466508,False,True,3
4.39,61,203.483923,False,True,6
0.87,13,203.487985,False,True,2
1.97,3,203.489127,False,True,3
3.95,5,203.49045,False,True,5
-0.11,11,203.494018,False,True,1
-5.0,100,203.523475,False,False,1
2.1,90,203.548787,False,True,4
-3.0,100,203.575994,False,False,3
-0.03,3,203.577109,False,True,1
0.98,2,203.578274,False,True,2
-0.14,14,203.582097,False,True,1
-0.01,1,203.582311,False,True,1
-0.1,10,203.585485,False,True,1
0.98,2,203.585902,False,True,2
2.7,30,203.59543,False,True,4
-2.0,100,203.62388,False,False,4
-0.02,2,203.624161,False,True,1
-0.17,17,203.629575,False,True,1
-4.0,100,203.658609,False,False,2
0.91,9,203.661345,False,True,2
0.51,49,203.674771,False,True,2
-0.01,1,203.675132,False,True,1
1.97,3,203.676174,False,True,3
6.72,28,203.684223,False,True,8
5.6,40,203.695793,False,True,7
0.45,55,203.712343,False,True,2
1.43,57,203.728186,False,True,3
1.95,5,203.729494,False,True,3
2.23,77,203.75169,False,True,4
1.97,3,203.752258,False,True,3
2.4,60,203.769357,False,True,4
2.94,6,203.771368,False,True,4
3.84,16,203.775661,False,True,5
0.98,2,203.776101,False,True,2
-3.0,100,203.804576,False,False,3
-0.12,12,203.808336,False,True,1
2.47,53,203.823921,False,True,4
-0.17,17,203.828867,False,True,1
1.14,86,203.85345,False,True,3
1.53,47,203.867348,False,True,3
-3.0,100,203.895939,False,False,3
1.47,53,203.911389,False,True,3
0.84,16,203.916097,False,True,2
-0.16,16,203.921005,False,True,1
-0.08,8,203.923346,False,True,1
1.97,3,203.924614,False,True,3
4.83,17,203.929567,False,True,6
1.22,78,203.953265,False,True,3
-0.14,14,203.957111,False,True,1
-0.01,1,203.958205,False,True,1
-0.31,31,203.966803,False,True,1
3.63,37,203.9784,False,True,5
0.69,31,203.986284,False,True,2
1.42,58,204.003406,False,True,3
4.92,8,204.005693,False,True,6
-0.11,11,204.008797,False,True,1
1.83,17,204.013602,False,True,3
-5.0,100,204.042707,False,False,1
1.53,47,204.056495,False,True,3
2.1,90,204.081192,False,True,4
1.95,5,204.08243,False,True,3
13.37,63,204.100763,True,False,9
1.27,73,204.120973,False,True,3
1.5,50,204.136028,False,True,3
0.0,100,204.164255,False,False,6
6.66,34,204.174004,False,True,8
0.56,44,204.187255,False,True,2
3.88,12,204.190818,False,True,5
3.81,19,204.196521,False,True,5
1.97,3,204.197874,False,True,3
4.83,17,204.202389,False,True,6
-3.0,100,204.232197,False,False,3
1.5,50,204.247556,False,True,3
-4.0,100,204.277416,False,False,2
-0.64,64,204.296014,False,True,1
-0.37,37,204.306743,False,True,1
0.89,11,204.310346,False,True,2
4.79,21,204.31648,False,True,6
-0.02,2,204.316734,False,True,1
2.01,99,204.345667,False,True,4
-0.24,24,204.352669,False,True,1
1.66,34,204.364108,False,True,3
-3.0,100,204.395034,False,False,3
0.58,42,204.407294,False,True,2
-3.0,100,204.435933,False,False,3
-0.01,1,204.436295,False,True,1
2.74,26,204.4444,False,True,4
0.0,100,204.472743,False,False,6
-0.01,1,204.473015,False,True,1
4.58,42,204.485843,False,True,6
2.01,99,204.515497,False,True,4
1.55,45,204.52935,False,True,3
1.66,34,204.539908,False,True,3
0.78,22,204.548176,False,True,2
0.5,50,204.565695,False,True,2
-0.12,12,204.569499,False,True,1
1.51,49,204.585514,False,True,3
-3.0,100,204.621447,False,False,3
0.84,16,204.627184,False,True,2
-0.18,18,204.633572,False,True,1
2.85,15,204.639266,False,True,4
0.98,2,204.639848,False,True,2
3.52,48,204.656304,False,True,5
-0.26,26,204.665559,False,True,1
-0.14,14,204.669518,False,True,1
-5.0,100,204.701044,False,False,1
2.42,58,204.719782,False,True,4
1.92,8,204.722073,False,True,3
-4.0,100,204.751108,False,False,2
3.48,52,204.767657,False,True,5
1.83,17,204.772524,False,True,3
-2.0,100,204.802963,False,False,4
-4.0,100,204.83408,False,False,2
0.55,45,204.848184,False,True,2
-5.0,100,204.880481,False,False,1
2.08,92,204.907911,False,True,4
-0.17,17,204.912627,False,True,1
-0.36,36,204.924209,False,True,1
1.66,34,204.935051,False,True,3
-4.0,100,204.964185,False,False,2
-5.0,100,204.993432,False,False,1
0.87,13,204.997294,False,True,2
0.57,43,205.010604,False,True,2
-0.03,3,205.011843,False,True,1
1.19,81,205.034884,False,True,3
1.5,50,205.049592,False,True,3
2.13,87,205.076044,False,True,4
0.97,3,205.077293,False,True,2
-0.17,17,205.082246,False,True,1
0.73,27,205.090499,False,True,2
-4.0,100,205.120389,False,False,2
0.02,98,205.149163,False,True,2
-0.88,88,205.175344,False,True,1
4.88,12,205.179024,False,True,6
-0.15,15,205.183762,False,True,1
0.2,80,205.207455,False,True,2
-5.0,100,205.235401,False,False,1
-0.23,23,205.242669,False,True,1
1.73,27,205.251108,False,True,3
1.22,78,205.272361,False,True,3
0.98,2,205.273551,False,True,2
-3.0,100,205.303663,False,False,3
-2.0,100,205.332655,False,False,4
5.85,15,205.33664,False,True,7
-0.03,3,205.337768,False,True,1
2.11,89,205.364928,False,True,4
-3.0,100,205.394982,False,False,3
-2.0,100,205.423883,False,False,4
-5.0,100,205.454179,False,False,1
-5.0,100,205.487364,False,False,1
-3.0,100,205.517631,False,False,3
3.32,68,205.538206,False,True,5
0.65,35,205.549007,False,True,2
-3.0,100,205.578431,False,False,3
0.89,11,205.581738,False,True,2
-0.71,71,205.603346,False,True,1
-1.0,100,205.631668,False,False,5
-0.91,91,205.657981,False,True,1
-0.26,26,205.666036,False,True,1
-5.0,100,205.694999,False,False,1
2.31,69,205.714816,False,True,4
-0.88,88,205.741286,False,True,1
1.53,47,205.75513,False,True,3
1.35,65,205.774103,False,True,3
-3.0,100,205.802233,False,False,3
-5.0,100,205.832689,False,False,1
-3.0,100,205.861554,False,False,3
0.92,8,205.864027,False,True,2
2.12,88,205.889904,False,True,4
-4.0,100,205.920145,False,False,2
1.71,29,205.928574,False,True,3
-5.0,100,205.960235,False,False,1
-0.64,64,205.98047,False,True,1
-1.0,100,206.011987,False,False,5
0.71,29,206.02081,False,True,2
-5.0,100,206.048869,False,False,1
-0.16,16,206.053315,False,True,1
2.71,29,206.061462,False,True,4
-0.01,1,206.061722,False,True,1
1.24,76,206.083822,False,True,3
-5.0,100,206.113065,False,False,1
1.86,14,206.117478,False,True,3
-5.0,100,206.147599,False,False,1
2.93,7,206.149235,False,True,4
-5.0,100,206.177993,False,False,1
1.31,69,206.199246,False,True,3
1.66,34,206.209192,False,True,3
-0.1,10,206.21266,False,True,1
-5.0,100,206.243155,False,False,1
0.61,39,206.25488,False,True,2
0.98,2,206.256107,False,True,2
5.79,21,206.262694,False,True,7
-0.6,60,206.281443,False,True,1
-0.21,21,206.287851,False,True,1
-0.01,1,206.289152,False,True,1
-2.0,100,206.323262,False,False,4
-3.0,100,206.354363,False,False,3
-0.14,14,206.358869,False,True,1
1.68,32,206.369047,False,True,3
0.88,12,206.372773,False,True,2
0.35,65,206.392959,False,True,2
-5.0,100,206.42576,False,False,1
-3.0,100,206.457953,False,False,3
-0.14,14,206.462695,False,True,1
0.98,2,206.463186,False,True,2
-2.0,100,206.496605,False,False,4
-4.0,100,206.530051,False,False,2
-3.0,100,206.562843,False,False,3
-0.05,5,206.565389,False,True,1
-0.03,3,206.565958,False,True,1
-1.0,100,206.59803,False,False,5
1.55,45,206.613793,False,True,3
-5.0,100,206.644587,False,False,1
2.72,28,206.653389,False,True,4
-0.4,40,206.66647,False,True,1
-3.0,100,206.697287,False,False,3
2.7,30,206.707497,False,True,4
-0.35,35,206.719828,False,True,1
-0.19,19,206.72675,False,True,1
1.97,3,206.727239,False,True,3
-5.0,100,206.759253,False,False,1
-2.0,100,206.790754,False,False,4
-2.0,100,206.82154,False,False,4
-3.0,100,206.853567,False,False,3
-1.0,100,206.885992,False,False,5
0.18,82,206.914426,False,True,2
-0.01,1,206.914711,False,True,1
0.21,79,206.940376,False,True,2
0.98,2,206.940783,False,True,2
0.43,57,206.962476,False,True,2
1.95,5,206.964168,False,True,3
-1.0,100,206.997646,False,False,5
3.71,29,207.007525,False,True,5
-0.17,17,207.01385,False,True,1
2.44,56,207.03481,False,True,4
0.72,28,207.044171,False,True,2
-0.03,3,207.045472,False,True,1
-0.01,1,207.045841,False,True,1
-0.01,1,207.046866,False,True,1
0.13,87,207.072571,False,True,2
1.61,39,207.084406,False,True,3
1.84,16,207.089394,False,True,3
-5.0,100,207.120639,False,False,1
-4.0,100,207.152571,False,False,2
2.22,78,207.175913,False,True,4
-2.0,100,207.206057,False,False,4
4.19,81,207.230621,False,True,6
-5.0,100,207.260385,False,False,1
6.9,10,207.263142,False,True,8
1.53,47,207.278134,False,True,3
2.94,6,207.280234,False,True,4
-0.83,83,207.303888,False,True,1
-3.0,100,207.332751,False,False,3
1.88,12,207.336349,False,True,3
1.91,9,207.339385,False,True,3
0.71,29,207.34757,False,True,2
-4.0,100,207.376593,False,False,2
0.96,4,207.377922,False,True,2
-0.04,4,207.379181,False,True,1
-0.01,1,207.379456,False,True,1
-0.24,24,207.386746,False,True,1
-4.0,100,207.41684,False,False,2
3.64,36,207.42753,False,True,5
2.48,52,207.442461,False,True,4
0.98,2,207.443482,False,True,2
1.64,36,207.45411,False,True,3
1.06,94,207.480905,False,True,3
0.98,2,207.482155,False,True,2
-0.01,1,207.482361,False,True,1
-0.01,1,207.482738,False,True,1
3.95,5,207.484151,False,True,5
-0.01,1,207.485062,False,True,1
4.82,18,207.489781,False,True,6
2.74,26,207.498379,False,True,4
4.09,91,207.525381,False,True,6
2.83,17,207.530627,False,True,4
3.9,10,207.5332,False,True,5
0.98,2,207.534623,False,True,2
1.97,3,207.53505,False,True,3
1.97,3,207.536368,False,True,3
0.6,40,207.548381,False,True,2
-2.0,100,207.577843,False,False,4
0.98,2,207.579251,False,True,2
2.91,9,207.581877,False,True,4
-0.01,1,207.582114,False,True,1
0.0,100,207.611748,False,False,6
0.98,2,207.613105,False,True,2
-1.0,100,207.6426,False,False,5
1.36,64,207.662834,False,True,3
0.98,2,207.663325,False,True,2
0.58,42,207.678089,False,True,2
1.88,12,207.681932,False,True,3
1.97,3,207.682383,False,True,3
2.93,7,207.684967,False,True,4
1.29,71,207.706961,False,True,3
-2.0,100,207.736748,False,False,4
1.52,48,207.750991,False,True,3
-0.01,1,207.751393,False,True,1
-4.0,100,207.781101,False,False,2
-4.0,100,207.810112,False,False,2
-0.04,4,207.811365,False,True,1
4.62,38,207.823279,False,True,6
1.71,29,207.83242,False,True,3
0.78,22,207.839325,False,True,2
-0.01,1,207.840361,False,True,1
1.57,43,207.853479,False,True,3
-4.0,100,207.883105,False,False,2
0.53,47,207.896606,False,True,2
0.98,2,207.897608,False,True,2
1.97,3,207.898162,False,True,3
-3.0,100,207.927426,False,False,3
-0.01,1,207.92845,False,True,1
-3.0,100,207.957152,False,False,3
-5.0,100,207.986058,False,False,1
0.98,2,207.986438,False,True,2
0.26,74,208.007433,False,True,2
0.84,16,208.012212,False,True,2
0.98,2,208.012671,False,True,2
-3.0,100,208.041869,False,False,3
1.34,66,208.060248,False,True,3
-3.0,100,208.088231,False,False,3
2.64,36,208.099218,False,True,4
0.98,2,208.099687,False,True,2
-2.0,100,208.127975,False,False,4
-3.0,100,208.155844,False,False,3
-0.01,1,208.156198,False,True,1
0.96,4,208.157404,False,True,2
1.97,3,208.158621,False,True,3
0.4,60,208.176351,False,True,2
2.96,4,208.177847,False,True,4
5.77,23,208.185116,False,True,7
0.48,52,208.200722,False,True,2
-0.01,1,208.200975,False,True,1
-0.01,1,208.201293,False,True,1
-0.01,1,208.202289,False,True,1
4.28,72,208.223945,False,True,6
2.67,33,208.233737,False,True,4
0.94,6,208.235282,False,True,2
-0.02,2,208.236326,False,True,1
-2.0,100,208.265953,False,False,4
1.85,15,208.270242,False,True,3
-2.0,100,208.299128,False,False,4
0.98,2,208.299483,False,True,2
-0.01,1,208.299671,False,True,1
-0.02,2,208.300592,False,True,1
-0.01,1,208.300923,False,True,1
0.73,27,208.309409,False,True,2
-4.0,100,208.339575,False,False,2
0.92,8,208.341897,False,True,2
0.66,34,208.351679,False,True,2
-0.01,1,208.352958,False,True,1
-0.01,1,208.353223,False,True,1
0.98,2,208.353566,False,True,2
1.0,100,208.383554,False,False,7
0.0,100,208.413385,False,False,6
1.88,12,208.416977,False,True,3
-2.0,100,208.445471,False,False,4
-1.0,100,208.474602,False,False,5
0.71,29,208.483346,False,True,2
1.09,91,208.50939,False,True,3
0.88,12,208.51296,False,True,2
-3.0,100,208.543306,False,False,3
1.91,9,208.547011,False,True,3
1.53,47,208.562577,False,True,3
2.31,69,208.586466,False,True,4
-2.0,100,208.619277,False,False,4
-0.01,1,208.619591,False,True,1
0.98,2,208.619957,False,True,2
-0.03,3,208.62115,False,True,1
-5.0,100,208.655355,False,False,1
0.94,6,208.657854,False,True,2
0.64,36,208.669013,False,True,2
1.07,93,208.698938,False,True,3
1.82,18,208.704486,False,True,3
3.95,5,208.706746,False,True,5
0.88,12,208.710964,False,True,2
1.17,83,208.737405,False,True,3
4.81,19,208.743979,False,True,6
2.85,15,208.750043,False,True,4
-2.0,100,208.784533,False,False,4
-5.0,100,208.817046,False,False,1
-3.0,100,208.849164,False,False,3
2.66,34,208.860279,False,True,4
0.0,100,208.893098,False,False,6
4.47,53,208.910389,False,True,6
-4.0,100,208.941459,False,False,2
1.73,27,208.950113,False,True,3
-0.01,1,208.951277,False,True,1
0.9,10,208.954497,False,True,2
-0.03,3,208.95604,False,True,1
0.88,12,208.959799,False,True,2
-0.01,1,208.96002,False,True,1
0.47,53,208.979131,False,True,2
1.02,98,209.012222,False,True,3
2.76,24,209.020055,False,True,4
-3.0,100,209.052257,False,False,3
-5.0,100,209.086211,False,False,1
2.76,24,209.094641,False,True,4
-0.11,11,209.098872,False,True,1
0.69,31,209.109097,False,True,2
1.97,3,209.110503,False,True,3
-1.0,100,209.142777,False,False,5
1.73,27,209.151483,False,True,3
0.91,9,209.154184,False,True,2
1.21,79,209.181119,False,True,3
-0.28,28,209.191441,False,True,1
0.98,2,209.191809,False,True,2
0.82,18,209.198663,False,True,2
-0.01,1,209.19895,False,True,1
2.72,28,209.208831,False,True,4
1.97,3,209.210268,False,True,3
1.56,44,209.224731,False,True,3
1.34,66,209.244938,False,True,3
-4.0,100,209.278859,False,False,2
-2.0,100,209.311144,False,False,4
-5.0,100,209.34373,False,False,1
3.68,32,209.353314,False,True,5
2.1,90,209.385247,False,True,4
-5.0,100,209.419372,False,False,1
4.45,55,209.43704,False,True,6
1.97,3,209.437727,False,True,3
1.97,3,209.43947,False,True,3
1.22,78,209.465567,False,True,3
-3.0,100,209.499565,False,False,3
1.85,15,209.503924,False,True,3
0.92,8,209.507185,False,True,2
0.82,18,209.513312,False,True,2
-2.0,100,209.545841,False,False,4
-1.0,100,209.579276,False,False,5
-3.0,100,209.613789,False,False,3
-0.02,2,209.614173,False,True,1
-0.03,3,209.615794,False,True,1
-4.0,100,209.646696,False,False,2
-2.0,100,209.679675,False,False,4
-3.0,100,209.711851,False,False,3
2.92,8,209.71474,False,True,4
0.89,11,209.718663,False,True,2
1.93,7,209.721249,False,True,3
1.36,64,209.741763,False,True,3
1.88,12,209.745692,False,True,3
0.0,100,209.778722,False,False,6
-3.0,100,209.815086,False,False,3
0.98,2,209.815544,False,True,2
3.79,21,209.82207,False,True,5
-0.03,3,209.823378,False,True,1
1.96,4,209.824915,False,True,3
0.36,64,209.845217,False,True,2
-0.01,1,209.84552,False,True,1
1.34,66,209.865552,False,True,3
2.48,52,209.883419,False,True,4
-5.0,100,209.919285,False,False,1
-3.0,100,209.952821,False,False,3
-0.04,4,209.954159,False,True,1
0.98,2,209.954623,False,True,2
6.42,58,209.973383,False,True,8
3.95,5,209.975056,False,True,5
-4.0,100,210.008532,False,False,2
0.98,2,210.009768,False,True,2
1.39,61,210.031509,False,True,3
0.66,34,210.042205,False,True,2
1.89,11,210.045811,False,True,3
-3.0,100,210.078765,False,False,3
2.96,4,210.080532,False,True,4
1.4,60,210.101054,False,True,3
-3.0,100,210.133028,False,False,3
0.22,78,210.158456,False,True,2
1.95,5,210.160041,False,True,3
0.98,2,210.160409,False,True,2
1.84,16,210.165182,False,True,3
-0.03,3,210.166525,False,True,1
1.25,75,210.205516,False,True,3
-3.0,100,210.23551,False,False,3
-4.0,100,210.265043,False,False,2
1.54,46,210.278885,False,True,3
2.78,22,210.285939,False,True,4
4.71,29,210.294664,False,True,6
1.86,14,210.298978,False,True,3
-4.0,100,210.328916,False,False,2
0.91,9,210.331718,False,True,2
-4.0,100,210.360261,False,False,2
-4.0,100,210.387915,False,False,2
0.96,4,210.389301,False,True,2
1.91,9,210.391632,False,True,3
-3.0,100,210.421635,False,False,3
0.3,70,210.441502,False,True,2
0.98,2,210.442012,False,True,2
0.98,2,210.443068,False,True,2
0.94,6,210.444425,False,True,2
2.43,57,210.460994,False,True,4
0.83,17,210.466611,False,True,2
1.02,98,210.495864,False,True,3
-0.01,1,210.496153,False,True,1
0.98,2,210.497328,False,True,2
1.95,5,210.498922,False,True,3
-0.01,1,210.499122,False,True,1
-1.0,100,210.530089,False,False,5
2.93,7,210.532484,False,True,4
0.88,12,210.536395,False,True,2
-0.01,1,210.536652,False,True,1
2.88,12,210.540324,False,True,4
2.9,10,210.544261,False,True,4
1.49,51,210.560363,False,True,3
-0.01,1,210.560648,False,True,1
5.19,81,210.587906,False,True,7
0.92,8,210.590869,False,True,2
1.83,17,210.595948,False,True,3
-1.0,100,210.62896,False,False,5
-4.0,100,210.660537,False,False,2
-0.02,2,210.66168,False,True,1
-0.01,1,210.662088,False,True,1
2.38,62,210.682832,False,True,4
1.83,17,210.688242,False,True,3
-0.01,1,210.688577,False,True,1
-2.0,100,210.72484,False,False,4
0.98,2,210.726118,False,True,2
0.9,10,210.729019,False,True,2
1.96,4,210.730868,False,True,3
0.0,100,210.763957,False,False,6
-4.0,100,210.795008,False,False,2
-2.0,100,210.831731,False,False,4
1.42,58,210.851007,False,True,3
1.94,6,210.852636,False,True,3
0.91,9,210.855314,False,True,2
2.32,68,210.883486,False,True,4
1.59,41,210.899374,False,True,3
-3.0,100,210.939691,False,False,3
2.87,13,210.943942,False,True,4
-0.01,1,210.944187,False,True,1
-0.01,1,210.944383,False,True,1
-0.01,1,210.945854,False,True,1
1.87,13,210.950289,False,True,3
-0.02,2,210.950662,False,True,1
-1.0,100,210.985246,False,False,5
-0.04,4,210.988226,False,True,1
2.9,10,210.992587,False,True,4
0.04,96,211.034663,False,True,2
-0.01,1,211.034946,False,True,1
1.85,15,211.04246,False,True,3
2.71,29,211.052873,False,True,4
0.94,6,211.055805,False,True,2
-4.0,100,211.088428,False,False,2
1.21,79,211.117649,False,True,3
-2.0,100,211.156191,False,False,4
0.21,79,211.183022,False,True,2
1.19,81,211.20975,False,True,3
-3.0,100,211.242054,False,False,3
-3.0,100,211.281724,False,False,3
0.97,3,211.28327,False,True,2
-3.0,100,211.316701,False,False,3
1.42,58,211.338026,False,True,3
1.4,60,211.358188,False,True,3
-0.01,1,211.358505,False,True,1
0.95,5,211.359933,False,True,2
1.0,100,211.395053,False,True,3
-2.0,100,211.437222,False,False,4
0.98,2,211.438615,False,True,2
-0.01,1,211.438856,False,True,1
2.95,5,211.440377,False,True,4
3.93,7,211.443005,False,True,5
-0.01,1,211.443247,False,True,1
-0.01,1,211.44343,False,True,1
5.63,37,211.459418,False,True,7
0.0,100,211.493032,False,False,6
0.98,2,211.493443,False,True,2
0.98,2,211.494608,False,True,2
-0.01,1,211.495021,False,True,1
0.02,98,211.538694,False,True,2
-0.01,1,211.539729,False,True,1
2.79,21,211.546084,False,True,4
-4.0,100,211.580006,False,False,2
-0.01,1,211.58027,False,True,1
0.92,8,211.582664,False,True,2
4.04,96,211.611107,False,True,6
-3.0,100,211.648685,False,False,3
4.92,8,211.654923,False,True,6
-2.0,100,211.689309,False,False,4
0.97,3,211.690645,False,True,2
2.96,4,211.692154,False,True,4
4.87,13,211.695676,False,True,6
3.95,5,211.697119,False,True,5
1.91,9,211.701322,False,True,3
0.98,2,211.701834,False,True,2
5.91,9,211.705082,False,True,7
-0.01,1,211.70633,False,True,1
-4.0,100,211.741636,False,False,2
-2.0,100,211.774135,False,False,4
2.59,41,211.786386,False,True,4
-4.0,100,211.829195,False,False,2
-0.01,1,211.829603,False,True,1
3.8,20,211.840072,False,True,5
-2.0,100,211.872816,False,False,4
4.34,66,211.896895,False,True,6
1.96,4,211.898667,False,True,3
5.51,49,211.91717,False,True,7
2.96,4,211.919,False,True,4
1.45,55,211.937596,False,True,3
2.93,7,211.939374,False,True,4
0.59,41,211.954419,False,True,2
0.98,2,211.954875,False,True,2
2.96,4,211.956398,False,True,4
-2.0,100,211.990523,False,False,4
0.98,2,211.991937,False,True,2
0.97,3,211.992363,False,True,2
-0.01,1,211.993402,False,True,1
0.98,2,211.993705,False,True,2
-3.0,100,212.027075,False,False,3
-1.0,100,212.05991,False,False,5
0.13,87,212.087616,False,True,2
1.97,3,212.0888,False,True,3
0.98,2,212.089269,False,True,2
-3.0,100,212.120557,False,False,3
1.97,3,212.12189,False,True,3
2.95,5,212.123306,False,True,4
-4.0,100,212.155554,False,False,2
3.5,50,212.171392,False,True,5
0.98,2,212.171805,False,True,2
2.3,70,212.192827,False,True,4
-0.01,1,212.193234,False,True,1
0.98,2,212.193549,False,True,2
2.94,6,212.195838,False,True,4
-3.0,100,212.227968,False,False,3
3.45,55,212.24571,False,True,5
-2.0,100,212.275311,False,False,4
-4.0,100,212.306599,False,False,2
5.66,34,212.316596,False,True,7
1.39,61,212.334847,False,True,3
1.96,4,212.336149,False,True,3
3.83,17,212.342397,False,True,5
2.96,4,212.343888,False,True,4
0.98,2,212.344361,False,True,2
-0.01,1,212.344683,False,True,1
2.93,7,212.347351,False,True,4
0.98,2,212.348801,False,True,2
0.97,3,212.349497,False,True,2
1.93,7,212.352568,False,True,3
-0.01,1,212.352811,False,True,1
2.88,12,212.357065,False,True,4
-1.0,100,212.38906,False,False,5
0.0,100,212.419002,False,False,6
0.59,41,212.432047,False,True,2
-0.01,1,212.432338,False,True,1
3.58,42,212.445688,False,True,5
-0.01,1,212.446788,False,True,1
-4.0,100,212.476242,False,False,2
-2.0,100,212.50524,False,False,4
1.06,94,212.533448,False,True,3
2.96,4,212.534935,False,True,4
1.97,3,212.536174,False,True,3
1.97,3,212.537418,False,True,3
1.97,3,212.537996,False,True,3
-0.01,1,212.538924,False,True,1
-2.0,100,212.570127,False,False,4
-1.0,100,212.59809,False,False,5
-0.01,1,212.598504,False,True,1
0.0,100,212.629307,False,False,6
1.92,8,212.631746,False,True,3
1.36,64,212.650761,False,True,3
3.95,5,212.652297,False,True,5
2.91,9,212.654691,False,True,4
-0.02,2,212.655647,False,True,1
2.96,4,212.656816,False,True,4
1.23,77,212.679255,False,True,3
1.05,95,212.709823,False,True,3
0.98,2,212.710199,False,True,2
2.93,7,212.712854,False,True,4
-0.01,1,212.713219,False,True,1
3.67,33,212.72513,False,True,5
1.02,98,212.754582,False,True,3
-1.0,100,212.789301,False,False,5
-0.01,1,212.789699,False,True,1
-0.01,1,212.79094,False,True,1
0.98,2,212.791298,False,True,2
-2.0,100,212.82134,False,False,4
1.96,4,212.822833,False,True,3
0.96,4,212.824217,False,True,2
1.24,76,212.848961,False,True,3
0.98,2,212.850114,False,True,2
-4.0,100,212.88383,False,False,2
3.92,8,212.886357,False,True,5
-1.0,100,212.916284,False,False,5
-0.01,1,212.916633,False,True,1
-0.01,1,212.916975,False,True,1
0.98,2,212.918222,False,True,2
-3.0,100,212.95029,False,False,3
-0.01,1,212.950615,False,True,1
0.2,80,212.975387,False,True,2
-0.01,1,212.975652,False,True,1
0.98,2,212.976775,False,True,2
-0.02,2,212.977157,False,True,1
-3.0,100,213.00902,False,False,3
0.69,31,213.018695,False,True,2
1.97,3,213.019902,False,True,3
3.59,41,213.031851,False,True,5
-0.01,1,213.032243,False,True,1
0.98,2,213.033374,False,True,2
-4.0,100,213.063828,False,False,2
-0.01,1,213.064149,False,True,1
-3.0,100,213.094679,False,False,3
-0.01,1,213.094955,False,True,1
0.98,2,213.096117,False,True,2
2.96,4,213.097435,False,True,4
1.66,34,213.10722,False,True,3
5.63,37,213.118215,False,True,7
0.98,2,213.119462,False,True,2
1.97,3,213.120669,False,True,3
-0.01,1,213.121034,False,True,1
5.11,89,213.146603,False,True,7
-1.0,100,213.175549,False,False,5
-4.0,100,213.203414,False,False,2
-0.01,1,213.203734,False,True,1
-3.0,100,213.232841,False,False,3
-0.01,1,213.233831,False,True,1
-0.01,1,213.234095,False,True,1
2.96,4,213.235533,False,True,4
1.39,61,213.25355,False,True,3
-3.0,100,213.282959,False,False,3
2.92,8,213.285257,False,True,4
0.98,2,213.286406,False,True,2
-1.0,100,213.32588,False,False,5
2.64,36,213.336077,False,True,4
0.98,2,213.336406,False,True,2
-0.01,1,213.336728,False,True,1
1.65,35,213.347471,False,True,3
-0.01,1,213.347728,False,True,1
-0.02,2,213.348836,False,True,1
3.84,16,213.35403,False,True,5
-0.01,1,213.354296,False,True,1
-3.0,100,213.383822,False,False,3
0.0,100,213.41146,False,False,6
-3.0,100,213.440842,False,False,3
-3.0,100,213.46926,False,False,3
0.98,2,213.470867,False,True,2
0.23,77,213.495072,False,True,2
0.98,2,213.495694,False,True,2
1.78,22,213.502735,False,True,3
-3.0,100,213.534399,False,False,3
5.73,27,213.543077,False,True,7
-0.02,2,213.543689,False,True,1
2.39,61,213.563995,False,True,4
2.88,12,213.567888,False,True,4
-3.0,100,213.597482,False,False,3
1.0,100,213.627936,False,False,7
-3.0,100,213.660617,False,False,3
0.98,2,213.661708,False,True,2
2.87,13,213.665615,False,True,4
-0.01,1,213.665983,False,True,1
-3.0,100,213.695466,False,False,3
1.95,5,213.697631,False,True,3
0.1,90,213.723493,False,True,2
1.97,3,213.724807,False,True,3
0.0,100,213.753896,False,False,6
2.95,5,213.75534,False,True,4
1.46,54,213.771024,False,True,3
0.98,2,213.771516,False,True,2
0.98,2,213.772524,False,True,2
-1.0,100,213.803075,False,False,5
2.93,7,213.804663,False,True,4
0.98,2,213.806133,False,True,2
1.96,4,213.807572,False,True,3
-2.0,100,213.838724,False,False,4
-4.0,100,213.868291,False,False,2
-3.0,100,213.898686,False,False,3
0.92,8,213.901011,False,True,2
-4.0,100,213.929656,False,False,2
-0.01,1,213.92993,False,True,1
4.67,33,213.939678,False,True,6
1.97,3,213.940957,False,True,3
-0.01,1,213.941209,False,True,1
3.06,94,213.969373,False,True,5
-1.0,100,214.001975,False,False,5
-4.0,100,214.033949,False,False,2
0.0,100,214.064123,False,False,6
3.53,47,214.07827,False,True,5
2.96,4,214.079802,False,True,4
0.0,100,214.110241,False,False,6
-2.0,100,214.140424,False,False,4
-0.01,1,214.140861,False,True,1
4.88,12,214.145823,False,True,6
0.82,18,214.152441,False,True,2
0.58,42,214.16761,False,True,2
4.54,46,214.182878,False,True,6
-2.0,100,214.215951,False,False,4
3.86,14,214.22112,False,True,5
1.37,63,214.2422,False,True,3
1.97,3,214.242718,False,True,3
3.77,23,214.250734,False,True,5
0.72,28,214.260763,False,True,2
0.48,52,214.278009,False,True,2
-2.0,100,214.310714,False,False,4
1.44,56,214.32962,False,True,3
1.0,100,214.361537,False,False,7
1.97,3,214.362849,False,True,3
1.96,4,214.364585,False,True,3
-2.0,100,214.401174,False,False,4
2.94,6,214.402851,False,True,4
0.98,2,214.404158,False,True,2
-2.0,100,214.436116,False,False,4
-1.0,100,214.468297,False,False,5
0.98,2,214.468674,False,True,2
-0.01,1,214.469523,False,True,1
0.7,30,214.479008,False,True,2
2.89,11,214.482955,False,True,4
-0.01,1,214.483194,False,True,1
-4.0,100,214.517489,False,False,2
-1.0,100,214.549252,False,False,5
-0.03,3,214.550693,False,True,1
3.8,20,214.557373,False,True,5
0.74,26,214.565531,False,True,2
1.31,69,214.588297,False,True,3
1.97,3,214.589026,False,True,3
1.94,6,214.591295,False,True,3
0.98,2,214.591632,False,True,2
0.0,100,214.626982,False,False,6
-0.01,1,214.628302,False,True,1
1.77,23,214.635339,False,True,3
2.08,92,214.665818,False,True,4
0.98,2,214.667056,False,True,2
2.92,8,214.669928,False,True,4
-0.01,1,214.670159,False,True,1
0.27,73,214.695643,False,True,2
0.98,2,214.696802,False,True,2
2.73,27,214.705691,False,True,4
-0.01,1,214.705972,False,True,1
-1.0,100,214.738784,False,False,5
1.82,18,214.743988,False,True,3
0.95,5,214.746359,False,True,2
-0.01,1,214.74662,False,True,1
6.67,33,214.757252,False,True,8
2.9,10,214.761009,False,True,4
2.9,10,214.764,False,True,4
-3.0,100,214.796823,False,False,3
-4.0,100,214.827524,False,False,2
-0.01,1,214.8278,False,True,1
-0.01,1,214.829024,False,True,1
2.89,11,214.832354,False,True,4
-3.0,100,214.865968,False,False,3
-4.0,100,214.895842,False,False,2
4.85,15,214.901211,False,True,6
-0.01,1,214.901466,False,True,1
0.98,2,214.902662,False,True,2
-0.01,1,214.902878,False,True,1
-4.0,100,214.935399,False,False,2
-0.01,1,214.935673,False,True,1
0.98,2,214.936737,False,True,2
-0.01,1,214.936945,False,True,1
-0.01,1,214.937272,False,True,1
1.87,13,214.941888,False,True,3
-3.0,100,214.972436,False,False,3
1.53,47,214.987256,False,True,3
-0.01,1,214.988457,False,True,1
-0.01,1,214.988665,False,True,1
-1.0,100,215.018868,False,False,5
2.07,93,215.046381,False,True,4
5.83,17,215.051375,False,True,7
0.98,2,215.052374,False,True,2
1.97,3,215.053663,False,True,3
5.72,28,215.063079,False,True,7
2.95,5,215.064845,False,True,4
-4.0,100,215.095034,False,False,2
1.39,61,215.112902,False,True,3
0.98,2,215.114053,False,True,2
-0.01,1,215.114422,False,True,1
0.98,2,215.114745,False,True,2
0.98,2,215.115981,False,True,2
-4.0,100,215.148247,False,False,2
4.65,35,215.159505,False,True,6
0.0,100,215.189365,False,False,6
1.26,74,215.210604,False,True,3
-4.0,100,215.239869,False,False,2
-0.01,1,215.24031,False,True,1
0.98,2,215.241405,False,True,2
0.98,2,215.241713,False,True,2
-2.0,100,215.271271,False,False,4
0.97,3,215.272589,False,True,2
0.98,2,215.273576,False,True,2
1.62,38,215.284343,False,True,3
-0.01,1,215.284607,False,True,1
-2.0,100,215.314972,False,False,4
-4.0,100,215.343373,False,False,2
-3.0,100,215.37177,False,False,3
-0.01,1,215.372618,False,True,1
0.0,100,215.401911,False,False,6
-3.0,100,215.429709,False,False,3
0.98,2,215.430107,False,True,2
3.71,29,215.438347,False,True,5
3.33,67,215.458474,False,True,5
2.65,35,215.468925,False,True,4
-0.04,4,215.470173,False,True,1
-4.0,100,215.497592,False,False,2
1.26,74,215.520032,False,True,3
0.97,3,215.521233,False,True,2
-1.0,100,215.550828,False,False,5
0.59,41,215.562491,False,True,2
2.48,52,215.578989,False,True,4
-0.01,1,215.580103,False,True,1
-1.0,100,215.609537,False,False,5
-2.0,100,215.64,False,False,4
-4.0,100,215.669922,False,False,2
1.85,15,215.673833,False,True,3
-1.0,100,215.703696,False,False,5
-0.01,1,215.704747,False,True,1
-3.0,100,215.734115,False,False,3
-0.03,3,215.734616,False,True,1
-3.0,100,215.764258,False,False,3
-3.0,100,215.792664,False,False,3
-2.0,100,215.823364,False,False,4
-2.0,100,215.852449,False,False,4
-2.0,100,215.880432,False,False,4
-2.0,100,215.911898,False,False,4
-5.0,100,215.941474,False,False,1
-0.01,1,215.942502,False,True,1
0.05,95,215.967679,False,True,2
-3.0,100,215.996445,False,False,3
-1.0,100,216.026116,False,False,5
2.54,46,216.040142,False,True,4
2.68,32,216.04957,False,True,4
3.04,96,216.07871,False,True,5
-0.04,4,216.080307,False,True,1
-0.01,1,216.080579,False,True,1
1.3,70,216.103741,False,True,3
-0.01,1,216.104055,False,True,1
-5.0,100,216.135187,False,False,1
-4.0,100,216.165147,False,False,2
-3.0,100,216.196966,False,False,3
-3.0,100,216.231823,False,False,3
4.05,95,216.264116,False,True,6
1.23,77,216.288336,False,True,3
2.49,51,216.304298,False,True,4
0.95,5,216.305831,False,True,2
-0.05,5,216.307434,False,True,1
0.96,4,216.309062,False,True,2
0.82,18,216.315717,False,True,2
-1.0,100,216.34817,False,False,5
-4.0,100,216.380895,False,False,2
-4.0,100,216.412026,False,False,2
-4.0,100,216.444052,False,False,2
-0.01,1,216.444288,False,True,1
-0.24,24,216.451887,False,True,1
0.0,100,216.483311,False,False,6
0.29,71,216.504851,False,True,2
2.07,93,216.532165,False,True,4
2.9,10,216.53515,False,True,4
0.29,71,216.556892,False,True,2
-3.0,100,216.588659,False,False,3
1.44,56,216.605912,False,True,3
1.96,4,216.60749,False,True,3
1.92,8,216.609669,False,True,3
0.96,4,216.61083,False,True,2
0.38,62,216.633626,False,True,2
-0.65,65,216.657325,False,True,1
0.86,14,216.661788,False,True,2
1.35,65,216.68358,False,True,3
1.43,57,216.701496,False,True,3
-0.04,4,216.702938,False,True,1
-0.6,60,216.721038,False,True,1
-4.0,100,216.750705,False,False,2
-6.0,100,216.779849,False,False,0
-1.0,100,216.811172,False,False,5
-4.0,100,216.841013,False,False,2
0.7,30,216.850103,False,True,2
0.55,45,216.864507,False,True,2
0.1,90,216.893741,False,True,2
-3.0,100,216.924864,False,False,3
-0.31,31,216.934413,False,True,1
2.3,70,216.955487,False,True,4
0.87,13,216.961057,False,True,2
0.95,5,216.962629,False,True,2
-3.0,100,216.99487,False,False,3
0.4,60,217.017098,False,True,2
0.55,45,217.034668,False,True,2
0.46,54,217.052811,False,True,2
1.82,18,217.057896,False,True,3
-6.0,100,217.087895,False,False,0
-3.0,100,217.118728,False,False,3
-5.0,100,217.149858,False,False,1
-4.0,100,217.179266,False,False,2
1.87,13,217.182748,False,True,3
-5.0,100,217.212515,False,False,1
-5.0,100,217.242494,False,False,1
-6.0,100,217.277436,False,False,0
0.46,54,217.309609,False,True,2
-6.0,100,217.348622,False,False,0
-0.04,4,217.350236,False,True,1
0.67,33,217.364087,False,True,2
-6.0,100,217.397825,False,False,0
-6.0,100,217.4328,False,False,0
-4.0,100,217.467713,False,False,2
-0.06,6,217.470876,False,True,1
-0.47,47,217.487583,False,True,1
2.65,35,217.499706,False,True,4
-6.0,100,217.532809,False,False,0
-0.18,18,217.539246,False,True,1
-6.0,100,217.571588,False,False,0
1.09,91,217.601906,False,True,3
-5.0,100,217.634183,False,False,1
-5.0,100,217.665547,False,False,1
0.46,54,217.682792,False,True,2
1.86,14,217.687342,False,True,3
1.76,24,217.695561,False,True,3
0.11,89,217.724687,False,True,2
0.14,86,217.752596,False,True,2
-5.0,100,217.788527,False,False,1
0.06,94,217.822003,False,True,2
-4.0,100,217.855643,False,False,2
-2.0,100,217.888639,False,False,4
0.32,68,217.913472,False,True,2
-4.0,100,217.9431,False,False,2
-0.47,47,217.957524,False,True,1
-0.09,9,217.961082,False,True,1
0.91,9,217.964127,False,True,2
2.76,24,217.972376,False,True,4
-0.04,4,217.973923,False,True,1
0.62,38,217.985784,False,True,2
4.48,52,218.003356,False,True,6
0.89,11,218.007594,False,True,2
-4.0,100,218.039184,False,False,2
1.46,54,218.055832,False,True,3
3.35,65,218.075514,False,True,5
0.22,78,218.099528,False,True,2
-0.31,31,218.109724,False,True,1
-0.54,54,218.126748,False,True,1
-0.67,67,218.147725,False,True,1
-0.03,3,218.149029,False,True,1
2.68,32,218.158664,False,True,4
1.52,48,218.174659,False,True,3
-4.0,100,218.207074,False,False,2
-4.0,100,218.23745,False,False,2
-4.0,100,218.268525,False,False,2
0.0,100,218.298214,False,False,6
0.78,22,218.305276,False,True,2
-3.0,100,218.335837,False,False,3
-3.0,100,218.364347,False,False,3
-0.59,59,218.381128,False,True,1
-0.15,15,218.385803,False,True,1
-3.0,100,218.416023,False,False,3
-6.0,100,218.444355,False,False,0
-4.0,100,218.471948,False,False,2
1.68,32,218.481751,False,True,3
-0.41,41,218.493874,False,True,1
-0.12,12,218.497028,False,True,1
-0.25,25,218.50406,False,True,1
0.32,68,218.525716,False,True,2
-0.29,29,218.534448,False,True,1
0.42,58,218.550843,False,True,2
-0.39,39,218.56425,False,True,1
-6.0,100,218.605771,False,False,0
-5.0,100,218.634266,False,False,1
-6.0,100,218.663259,False,False,0
2.5,50,218.677047,False,True,4
-0.73,73,218.698561,False,True,1
0.13,87,218.724242,False,True,2
2.51,49,218.738255,False,True,4
1.54,46,218.75107,False,True,3
-5.0,100,218.780982,False,False,1
3.05,95,218.809892,False,True,5
-5.0,100,218.838966,False,False,1
0.77,23,218.845847,False,True,2
2.45,55,218.862302,False,True,4
-6.0,100,218.892671,False,False,0
0.54,46,218.90575,False,True,2
-0.24,24,218.91255,False,True,1
-4.0,100,218.942426,False,False,2
0.47,53,218.95738,False,True,2
-4.0,100,218.985145,False,False,2
-6.0,100,219.013349,False,False,0
-6.0,100,219.043112,False,False,0
-5.0,100,219.069833,False,False,1
-6.0,100,219.097832,False,False,0
-4.0,100,219.125713,False,False,2
0.5,50,219.140583,False,True,2
-6.0,100,219.168612,False,False,0
-6.0,100,219.197256,False,False,0
-3.0,100,219.22522,False,False,3
0.01,99,219.255042,False,True,2
2.73,27,219.262352,False,True,4
2.19,81,219.287551,False,True,4
1.39,61,219.305609,False,True,3
0.14,86,219.332646,False,True,2
-6.0,100,219.363796,False,False,0
-6.0,100,219.394082,False,False,0
0.62,38,219.406709,False,True,2
0.82,18,219.412282,False,True,2
-5.0,100,219.44496,False,False,1
-5.0,100,219.47484,False,False,1
1.13,87,219.50227,False,True,3
1.55,45,219.517183,False,True,3
-6.0,100,219.549881,False,False,0
-0.69,69,219.570886,False,True,1
-6.0,100,219.601457,False,False,0
-3.0,100,219.63498,False,False,3
0.83,17,219.641025,False,True,2
-0.55,55,219.657928,False,True,1
-6.0,100,219.691648,False,False,0
1.38,62,219.711049,False,True,3
-0.32,32,219.721863,False,True,1
-6.0,100,219.753295,False,False,0
-0.25,25,219.761387,False,True,1
-0.24,24,219.769113,False,True,1
0.84,16,219.780933,False,True,2
0.24,76,219.813703,False,True,2
-6.0,100,219.84695,False,False,0
-4.0,100,219.877982,False,False,2
1.41,59,219.896497,False,True,3
0.9,10,219.899995,False,True,2
0.76,24,219.908557,False,True,2
-0.62,62,219.931537,False,True,1
-3.0,100,219.965224,False,False,3
-3.0,100,219.995821,False,False,3
1.27,73,220.016434,False,True,3
-6.0,100,220.046905,False,False,0
2.22,78,220.070778,False,True,4
-4.0,100,220.100577,False,False,2
0.24,76,220.124822,False,True,2
0.37,63,220.145539,False,True,2
1.53,47,220.160291,False,True,3
-2.0,100,220.191927,False,False,4
-3.0,100,220.223216,False,False,3
-6.0,100,220.256322,False,False,0
-6.0,100,220.284863,False,False,0
-5.0,100,220.313528,False,False,1
-5.0,100,220.341939,False,False,1
-5.0,100,220.370912,False,False,1
0.97,3,220.372132,False,True,2
1.56,44,220.384683,False,True,3
1.78,22,220.391419,False,True,3
-5.0,100,220.421057,False,False,1
-5.0,100,220.452402,False,False,1
-5.0,100,220.482942,False,False,1
-6.0,100,220.511168,False,False,0
-6.0,100,220.540487,False,False,0
-6.0,100,220.569434,False,False,0
0.02,98,220.59717,False,True,2
-0.14,14,220.601715,False,True,1
1.38,62,220.619594,False,True,3
-4.0,100,220.647455,False,False,2
-5.0,100,220.676916,False,False,1
-0.74,74,220.699381,False,True,1
0.02,98,220.728193,False,True,2
-5.0,100,220.756663,False,False,1
-6.0,100,220.78538,False,False,0
-4.0,100,220.815042,False,False,2
1.82,18,220.820865,False,True,3
-0.32,32,220.830409,False,True,1
-5.0,100,220.860988,False,False,1
-4.0,100,220.890913,False,False,2
-3.0,100,220.922893,False,False,3
-5.0,100,220.951942,False,False,1
-0.95,95,220.978589,False,True,1
-6.0,100,221.007023,False,False,0
1.58,42,221.020769,False,True,3
1.04,96,221.048934,False,True,3
-0.19,19,221.055029,False,True,1
-0.68,68,221.075082,False,True,1
-0.23,23,221.081867,False,True,1
0.54,46,221.096621,False,True,2
-2.0,100,221.125945,False,False,4
-6.0,100,221.156298,False,False,0
-1.0,100,221.186771,False,False,5
-6.0,100,221.214448,False,False,0
-0.47,47,221.228978,False,True,1
0.27,73,221.252805,False,True,2
2.18,82,221.280772,False,True,4
-6.0,100,221.311058,False,False,0
3.66,34,221.322015,False,True,5
-4.0,100,221.353815,False,False,2
-4.0,100,221.387438,False,False,2
1.74,26,221.395255,False,True,3
-6.0,100,221.428097,False,False,0
-6.0,100,221.460161,False,False,0
-5.0,100,221.493136,False,False,1
-5.0,100,221.524141,False,False,1
0.69,31,221.533906,False,True,2
0.83,17,221.538694,False,True,2
0.95,5,221.54089,False,True,2
-4.0,100,221.574906,False,False,2
-4.0,100,221.606037,False,False,2
-0.53,53,221.623458,False,True,1
-5.0,100,221.657717,False,False,1
0.96,4,221.659184,False,True,2
-4.0,100,221.691423,False,False,2
0.4,60,221.709348,False,True,2
2.2,80,221.734674,False,True,4
1.93,7,221.73705,False,True,3
-6.0,100,221.769746,False,False,0
1.49,51,221.785542,False,True,3
-4.0,100,221.817496,False,False,2
-3.0,100,221.849557,False,False,3
-5.0,100,221.880284,False,False,1
-0.12,12,221.884187,False,True,1
0.4,60,221.904851,False,True,2
1.27,73,221.928311,False,True,3
-4.0,100,221.959056,False,False,2
-5.0,100,221.98938,False,False,1
-0.04,4,221.990904,False,True,1
-3.0,100,222.022191,False,False,3
-4.0,100,222.053434,False,False,2
-3.0,100,222.086816,False,False,3
-3.0,100,222.118968,False,False,3
-0.12,12,222.122687,False,True,1
1.4,60,222.14139,False,True,3
-3.0,100,222.171843,False,False,3
-5.0,100,222.202831,False,False,1
1.97,3,222.203358,False,True,3
-0.03,3,222.204589,False,True,1
0.54,46,222.22037,False,True,2
0.74,26,222.227997,False,True,2
-1.0,100,222.258638,False,False,5
0.97,3,222.259827,False,True,2
-5.0,100,222.291745,False,False,1
-4.0,100,222.321986,False,False,2
2.92,8,222.32434,False,True,4
-0.03,3,222.325578,False,True,1
-1.0,100,222.354488,False,False,5
-4.0,100,222.384209,False,False,2
-4.0,100,222.413304,False,False,2
-0.04,4,222.414561,False,True,1
-0.02,2,222.414981,False,True,1
1.77,23,222.424085,False,True,3
0.95,5,222.425673,False,True,2
0.52,48,222.440597,False,True,2
0.68,32,222.449875,False,True,2
-3.0,100,222.478275,False,False,3
1.95,5,222.4797,False,True,3
-6.0,100,222.508329,False,False,0
0.98,2,222.509592,False,True,2
0.98,2,222.510065,False,True,2
-0.11,11,222.513545,False,True,1
0.56,44,222.52679,False,True,2
0.98,2,222.527868,False,True,2
-2.0,100,222.557796,False,False,4
-0.02,2,222.558152,False,True,1
1.52,48,222.571652,False,True,3
-0.26,26,222.579348,False,True,1
2.82,18,222.584506,False,True,4
0.85,15,222.58955,False,True,2
1.95,5,222.591101,False,True,3
-4.0,100,222.620334,False,False,2
-0.04,4,222.621686,False,True,1
-1.0,100,222.651009,False,False,5
0.98,2,222.652224,False,True,2
-6.0,100,222.679138,False,False,0
-6.0,100,222.708189,False,False,0
-3.0,100,222.736437,False,False,3
2.69,31,222.744689,False,True,4
-0.04,4,222.745941,False,True,1
-2.0,100,222.775462,False,False,4
0.97,3,222.777037,False,True,2
0.0,100,222.846445,False,False,6
-3.0,100,222.88174,False,False,3
-0.04,4,222.88323,False,True,1
-0.63,63,222.903783,False,True,1
1.96,4,222.9052,False,True,3
-4.0,100,222.939169,False,False,2
0.98,2,222.939672,False,True,2
-0.08,8,222.942308,False,True,1
3.59,41,222.956792,False,True,5
-0.01,1,222.957181,False,True,1
-0.01,1,222.957611,False,True,1
0.98,2,222.958961,False,True,2
-1.0,100,222.991636,False,False,5
0.63,37,223.002999,False,True,2
-5.0,100,223.033903,False,False,1
-4.0,100,223.062765,False,False,2
-5.0,100,223.091996,False,False,1
-4.0,100,223.123936,False,False,2
1.94,6,223.125602,False,True,3
0.96,4,223.126922,False,True,2
-0.04,4,223.128177,False,True,1
1.97,3,223.129275,False,True,3
-0.01,1,223.129585,False,True,1
0.98,2,223.130733,False,True,2
-4.0,100,223.161327,False,False,2
6.69,31,223.170984,False,True,8
5.54,46,223.184831,False,True,7
0.98,2,223.186255,False,True,2
-6.0,100,223.218971,False,False,0
5.71,29,223.227811,False,True,7
-2.0,100,223.260063,False,False,4
0.98,2,223.260452,False,True,2
2.94,6,223.262695,False,True,4
-5.0,100,223.338409,False,False,1
1.22,78,223.371944,False,True,3
-2.0,100,223.405497,False,False,4
0.98,2,223.406915,False,True,2
-0.24,24,223.414564,False,True,1
3.3,70,223.437038,False,True,5
2.3,70,223.460901,False,True,4
-0.01,1,223.461195,False,True,1
0.66,34,223.472881,False,True,2
1.97,3,223.473483,False,True,3
-0.03,3,223.474888,False,True,1
0.97,3,223.476199,False,True,2
0.77,23,223.484259,False,True,2
0.82,18,223.489665,False,True,2
-0.87,87,223.520096,False,True,1
0.97,3,223.521529,False,True,2
-5.0,100,223.554147,False,False,1
1.94,6,223.555745,False,True,3
-2.0,100,223.588003,False,False,4
0.96,4,223.589434,False,True,2
0.98,2,223.590642,False,True,2
-6.0,100,223.627581,False,False,0
3.5,50,223.644154,False,True,5
-0.98,98,223.675616,False,True,1
3.85,15,223.679584,False,True,5
-6.0,100,223.712178,False,False,0
-6.0,100,223.746281,False,False,0
-3.0,100,223.776788,False,False,3
-6.0,100,223.809063,False,False,0
-4.0,100,223.842023,False,False,2
-5.0,100,223.872767,False,False,1
1.97,3,223.874367,False,True,3
-2.0,100,223.906088,False,False,4
-1.0,100,223.938362,False,False,5
1.94,6,223.940478,False,True,3
0.98,2,223.940815,False,True,2
-0.14,14,223.945364,False,True,1
0.54,46,223.958708,False,True,2
-3.0,100,223.989542,False,False,3
-0.06,6,223.991961,False,True,1
-6.0,100,224.022336,False,False,0
-3.0,100,224.054724,False,False,3
-2.0,100,224.085272,False,False,4
0.97,3,224.085762,False,True,2
-0.78,78,224.110622,False,True,1
-6.0,100,224.144349,False,False,0
-5.0,100,224.175553,False,False,1
0.69,31,224.185057,False,True,2
-6.0,100,224.214637,False,False,0
2.01,99,224.244072,False,True,4
-5.0,100,224.272622,False,False,1
-4.0,100,224.301025,False,False,2
-0.01,1,224.302005,False,True,1
-0.01,1,224.302349,False,True,1
3.06,94,224.32979,False,True,5
1.55,45,224.344321,False,True,3
-0.01,1,224.344625,False,True,1
0.95,5,224.346107,False,True,2
0.0,100,224.376165,False,False,6
-4.0,100,224.40437,False,False,2
0.98,2,224.405517,False,True,2
0.0,100,224.436407,False,False,6
-5.0,100,224.464772,False,False,1
-3.0,100,224.492479,False,False,3
1.44,56,224.509671,False,True,3
0.98,2,224.510162,False,True,2
-3.0,100,224.539402,False,False,3
-4.0,100,224.567755,False,False,2
-4.0,100,224.595813,False,False,2
0.81,19,224.601161,False,True,2
0.98,2,224.601481,False,True,2
-6.0,100,224.630558,False,False,0
-5.0,100,224.659224,False,False,1
-4.0,100,224.688822,False,False,2
0.09,91,224.717181,False,True,2
-3.0,100,224.744863,False,False,3
0.98,2,224.745827,False,True,2
2.72,28,224.753794,False,True,4
0.98,2,224.754186,False,True,2
1.93,7,224.756709,False,True,3
1.96,4,224.758172,False,True,3
0.76,24,224.765821,False,True,2
0.56,44,224.779802,False,True,2
-0.01,1,224.780092,False,True,1
1.61,39,224.791375,False,True,3
0.98,2,224.791865,False,True,2
-4.0,100,224.820957,False,False,2
-4.0,100,224.849855,False,False,2
-5.0,100,224.878064,False,False,1
-6.0,100,224.908079,False,False,0
-5.0,100,224.937831,False,False,1
-4.0,100,224.96644,False,False,2
1.97,3,224.967545,False,True,3
-0.01,1,224.96787,False,True,1
-0.93,93,224.995837,False,True,1
1.97,3,224.996323,False,True,3
-1.0,100,225.024621,False,True,1
-3.0,100,225.0539,False,False,3
1.89,11,225.057491,False,True,3
0.96,4,225.058735,False,True,2
-0.8,80,225.080772,False,True,1
-4.0,100,225.109768,False,False,2
-4.0,100,225.141191,False,False,2
-4.0,100,225.171636,False,False,2
-3.0,100,225.204932,False,False,3
-6.0,100,225.236754,False,False,0
0.98,2,225.238166,False,True,2
-4.0,100,225.269557,False,False,2
-4.0,100,225.300519,False,False,2
-0.01,1,225.300961,False,True,1
2.73,27,225.310283,False,True,4
-5.0,100,225.342393,False,False,1
-6.0,100,225.374551,False,False,0
-3.0,100,225.405188,False,False,3
0.34,66,225.424668,False,True,2
-5.0,100,225.455667,False,False,1
-5.0,100,225.486402,False,False,1
-3.0,100,225.51972,False,False,3
-5.0,100,225.550121,False,False,1
-4.0,100,225.580296,False,False,2
1.05,95,225.609281,False,True,3
0.98,2,225.609809,False,True,2
-4.0,100,225.641536,False,False,2
0.65,35,225.652551,False,True,2
-5.0,100,225.682567,False,False,1
-5.0,100,225.738103,False,False,1
2.36,64,225.758596,False,True,4
-3.0,100,225.791868,False,False,3
-3.0,100,225.821936,False,False,3
-5.0,100,225.854064,False,False,1
-6.0,100,225.886071,False,False,0
-5.0,100,225.916859,False,False,1
-5.0,100,225.94442,False,False,1
4.62,38,225.956504,False,True,6
-6.0,100,225.989043,False,False,0
-4.0,100,226.022934,False,False,2
-6.0,100,226.055895,False,False,0
-6.0,100,226.089166,False,False,0
0.98,2,226.089534,False,True,2
-0.74,74,226.112399,False,True,1
-2.0,100,226.142821,False,False,4
-3.0,100,226.176836,False,False,3
-0.15,15,226.180647,False,True,1
-6.0,100,226.208923,False,False,0
-6.0,100,226.240425,False,False,0
-6.0,100,226.27082,False,False,0
-2.0,100,226.299936,False,False,4
3.71,29,226.308852,False,True,5
-0.01,1,226.309079,False,True,1
-0.39,39,226.321481,False,True,1
-6.0,100,226.355307,False,False,0
-3.0,100,226.386055,False,False,3
1.8,20,226.391691,False,True,3
-3.0,100,226.42373,False,False,3
0.96,4,226.425011,False,True,2
4.87,13,226.428582,False,True,6
-6.0,100,226.457677,False,False,0
-1.0,100,226.488218,False,False,5
0.98,2,226.488614,False,True,2
0.98,2,226.489688,False,True,2
2.9,10,226.492303,False,True,4
-4.0,100,226.524627,False,False,2
-0.5,50,226.539142,False,True,1
-4.0,100,226.567305,False,False,2
-4.0,100,226.595188,False,False,2
-4.0,100,226.625378,False,False,2
-6.0,100,226.654456,False,False,0
-4.0,100,226.682103,False,False,2
0.98,2,226.682472,False,True,2
-0.18,18,226.688135,False,True,1
-3.0,100,226.717738,False,False,3
-6.0,100,226.745492,False,False,0
0.0,100,226.773308,False,False,6
-4.0,100,226.802544,False,False,2
1.94,6,226.803914,False,True,3
-6.0,100,226.832097,False,False,0
-6.0,100,226.861888,False,False,0
2.82,18,226.868452,False,True,4
-4.0,100,226.899615,False,False,2
-4.0,100,226.928458,False,False,2
-5.0,100,226.956432,False,False,1
-4.0,100,226.986072,False,False,2
0.98,2,226.986447,False,True,2
1.95,5,226.988337,False,True,3
1.24,76,227.029235,False,True,3
0.97,3,227.036233,False,True,2
0.6,40,227.061664,False,True,2
1.97,3,227.062944,False,True,3
-0.01,1,227.063147,False,True,1
-6.0,100,227.094616,False,False,0
-5.0,100,227.12362,False,False,1
-6.0,100,227.155446,False,False,0
-0.0,100,227.186822,False,True,2
1.27,73,227.210486,False,True,3
-5.0,100,227.24155,False,False,1
0.98,2,227.241944,False,True,2
-0.01,1,227.242159,False,True,1
0.43,57,227.260927,False,True,2
-0.04,4,227.262228,False,True,1
-0.7,70,227.284624,False,True,1
2.19,81,227.311016,False,True,4
-4.0,100,227.342778,False,False,2
-6.0,100,227.374138,False,False,0
-6.0,100,227.406807,False,False,0
-0.11,11,227.410581,False,True,1
3.18,82,227.43872,False,True,5
1.52,48,227.453703,False,True,3
-6.0,100,227.487366,False,False,0
1.97,3,227.487853,False,True,3
-0.66,66,227.510587,False,True,1
-3.0,100,227.541677,False,False,3
0.31,69,227.562418,False,True,2
1.96,4,227.563695,False,True,3
-3.0,100,227.595088,False,False,3
-6.0,100,227.62591,False,False,0
1.97,3,227.627179,False,True,3
-6.0,100,227.657127,False,False,0
-2.0,100,227.687904,False,False,4
-5.0,100,227.720863,False,False,1
0.52,48,227.736263,False,True,2
-0.86,86,227.762101,False,True,1
-4.0,100,227.795614,False,False,2
-4.0,100,227.829461,False,False,2
-0.01,1,227.830652,False,True,1
0.98,2,227.831062,False,True,2
-0.09,9,227.83387,False,True,1
1.84,16,227.839516,False,True,3
0.76,24,227.847703,False,True,2
-5.0,100,227.877865,False,False,1
-5.0,100,227.909214,False,False,1
-3.0,100,227.94349,False,False,3
1.03,97,227.976452,False,True,3
-0.36,36,227.98986,False,True,1
-3.0,100,228.021978,False,False,3
-0.01,1,228.022315,False,True,1
-3.0,100,228.053952,False,False,3
-6.0,100,228.08621,False,False,0
-6.0,100,228.12274,False,False,0
-1.0,100,228.152839,False,False,5
1.71,29,228.160682,False,True,3
-4.0,100,228.189173,False,False,2
-6.0,100,228.21986,False,False,0
0.34,66,228.24141,False,True,2
-4.0,100,228.269779,False,False,2
2.4,60,228.286363,False,True,4
2.16,84,228.312879,False,True,4
-5.0,100,228.342701,False,False,1
-6.0,100,228.37207,False,False,0
-2.0,100,228.401092,False,False,4
4.08,92,228.429528,False,True,6
-0.25,25,228.437656,False,True,1
-3.0,100,228.467724,False,False,3
-6.0,100,228.496873,False,False,0
0.89,11,228.500416,False,True,2
-6.0,100,228.532979,False,False,0
-1.0,100,228.564363,False,False,5
-0.43,43,228.577155,False,True,1
1.72,28,228.585467,False,True,3
0.98,2,228.58685,False,True,2
0.98,2,228.587213,False,True,2
1.97,3,228.588449,False,True,3
-4.0,100,228.619561,False,False,2
-5.0,100,228.647905,False,False,1
-0.01,1,228.648174,False,True,1
-4.0,100,228.67627,False,False,2
-6.0,100,228.705173,False,False,0
-5.0,100,228.736151,False,False,1
2.28,72,228.757076,False,True,4
-6.0,100,228.785811,False,False,0
3.94,6,228.788495,False,True,5
0.6,40,228.80125,False,True,2
0.98,2,228.801637,False,True,2
-0.85,85,228.828305,False,True,1
-0.05,5,228.830017,False,True,1
1.71,29,228.839861,False,True,3
0.98,2,228.841139,False,True,2
0.98,2,228.841536,False,True,2
-6.0,100,228.8721,False,False,0
-6.0,100,228.900309,False,False,0
-0.39,39,228.912388,False,True,1
0.28,72,228.933155,False,True,2
0.98,2,228.933671,False,True,2
-0.21,21,228.940305,False,True,1
-4.0,100,228.971395,False,False,2
0.98,2,228.971783,False,True,2
-6.0,100,229.002195,False,False,0
0.09,91,229.028584,False,True,2
-6.0,100,229.056596,False,False,0
-3.0,100,229.085746,False,False,3
0.98,2,229.086292,False,True,2
1.44,56,229.104727,False,True,3
0.98,2,229.105995,False,True,2
-4.0,100,229.139311,False,False,2
-0.04,4,229.140989,False,True,1
0.98,2,229.141355,False,True,2
0.98,2,229.142519,False,True,2
0.0,100,229.173908,False,False,6
0.69,31,229.185146,False,True,2
1.96,4,229.186432,False,True,3
0.98,2,229.186846,False,True,2
0.98,2,229.188048,False,True,2
1.87,13,229.192394,False,True,3
1.97,3,229.194092,False,True,3
-2.0,100,229.225824,False,False,4
2.51,49,229.240798,False,True,4
-5.0,100,229.273149,False,False,1
-6.0,100,229.305543,False,False,0
-6.0,100,229.337374,False,False,0
-6.0,100,229.370416,False,False,0
-0.09,9,229.372992,False,True,1
-0.78,78,229.398904,False,True,1
1.88,12,229.402453,False,True,3
-0.01,1,229.402708,False,True,1
0.98,2,229.403113,False,True,2
-6.0,100,229.435681,False,False,0
-5.0,100,229.468755,False,False,1
3.94,6,229.471134,False,True,5
-0.77,77,229.49762,False,True,1
-0.32,32,229.507767,False,True,1
-0.01,1,229.507987,False,True,1
3.45,55,229.525601,False,True,5
-6.0,100,229.560612,False,False,0
3.52,48,229.577508,False,True,5
-0.01,1,229.577794,False,True,1
-0.43,43,229.592001,False,True,1
-3.0,100,229.623411,False,False,3
-0.01,1,229.623691,False,True,1
-6.0,100,229.656573,False,False,0
1.97,3,229.657988,False,True,3
1.05,95,229.688898,False,True,3
-6.0,100,229.719889,False,False,0
2.96,4,229.721173,False,True,4
-4.0,100,229.752211,False,False,2
-5.0,100,229.784586,False,False,1
-0.72,72,229.806859,False,True,1
-0.02,2,229.80721,False,True,1
0.51,49,229.822784,False,True,2
1.86,14,229.826695,False,True,3
1.18,82,229.854389,False,True,3
-5.0,100,229.883936,False,False,1
-0.01,1,229.884206,False,True,1
-3.0,100,229.917475,False,False,3
-6.0,100,229.949567,False,False,0
0.7,30,229.958592,False,True,2
0.98,2,229.959717,False,True,2
2.07,93,229.989177,False,True,4
3.24,76,230.013728,False,True,5
-6.0,100,230.045156,False,False,0
0.0,100,230.078431,False,False,6
2.4,60,230.098744,False,True,4
0.98,2,230.09984,False,True,2
-0.47,47,230.112809,False,True,1
-6.0,100,230.142508,False,False,0
3.79,21,230.149348,False,True,5
-6.0,100,230.180207,False,False,0
-6.0,100,230.20979,False,False,0
0.98,2,230.210175,False,True,2
2.49,51,230.22629,False,True,4
1.96,4,230.227711,False,True,3
-0.38,38,230.238852,False,True,1
-5.0,100,230.271075,False,False,1
-3.0,100,230.300732,False,False,3
1.07,93,230.326406,False,True,3
-0.45,45,230.338561,False,True,1
-4.0,100,230.365982,False,False,2
-0.03,3,230.367764,False,True,1
-6.0,100,230.398543,False,False,0
-3.0,100,230.427009,False,False,3
1.97,3,230.427503,False,True,3
-3.0,100,230.457307,False,False,3
-0.01,1,230.458319,False,True,1
0.48,52,230.473255,False,True,2
-0.01,1,230.473529,False,True,1
-6.0,100,230.505156,False,False,0
4.19,81,230.528364,False,True,6
-6.0,100,230.556949,False,False,0
0.15,85,230.580847,False,True,2
-0.01,1,230.581925,False,True,1
-3.0,100,230.612335,False,False,3
1.31,69,230.631707,False,True,3
0.97,3,230.632817,False,True,2
3.88,12,230.63659,False,True,5
0.98,2,230.636961,False,True,2
2.22,78,230.660403,False,True,4
-1.0,100,230.688836,False,True,1
1.3,70,230.709852,False,True,3
1.53,47,230.723568,False,True,3
-4.0,100,230.754032,False,False,2
-6.0,100,230.783393,False,False,0
1.54,46,230.796713,False,True,3
-0.14,14,230.803216,False,True,1
3.95,5,230.804922,False,True,5
2.31,69,230.825223,False,True,4
-6.0,100,230.854753,False,False,0
0.98,2,230.855866,False,True,2
0.98,2,230.856165,False,True,2
1.26,74,230.878139,False,True,3
-3.0,100,230.907881,False,False,3
2.15,85,230.931962,False,True,4
0.98,2,230.933077,False,True,2
-5.0,100,230.963864,False,False,1
-6.0,100,230.995891,False,False,0
3.95,5,230.997406,False,True,5
-0.05,5,230.998861,False,True,1
-0.62,62,231.01794,False,True,1
-6.0,100,231.047528,False,False,0
1.78,22,231.053778,False,True,3
-3.0,100,231.08644,False,False,3
2.0,100,231.119,False,True,4
-4.0,100,231.150621,False,False,2
-0.27,27,231.15926,False,True,1
-0.59,59,231.177346,False,True,1
0.0,100,231.250507,False,False,6
-0.82,82,231.277047,False,True,1
3.95,5,231.278545,False,True,5
-0.23,23,231.286002,False,True,1
-4.0,100,231.316006,False,False,2
-0.01,1,231.316433,False,True,1
0.87,13,231.320809,False,True,2
0.98,2,231.321328,False,True,2
4.27,73,231.345494,False,True,6
1.97,3,231.346945,False,True,3
0.06,94,231.377559,False,True,2
-0.07,7,231.379457,False,True,1
-0.01,1,231.380604,False,True,1
-0.58,58,231.399339,False,True,1
-0.12,12,231.403382,False,True,1
0.98,2,231.404611,False,True,2
2.96,4,231.406086,False,True,4
0.98,2,231.406542,False,True,2
1.84,16,231.411752,False,True,3
3.95,5,231.413362,False,True,5
-0.7,70,231.435977,False,True,1
1.97,3,231.437491,False,True,3
-0.6,60,231.457539,False,True,1
2.2,80,231.482785,False,True,4
2.77,23,231.49057,False,True,4
-5.0,100,231.522294,False,False,1
0.98,2,231.523724,False,True,2
1.03,97,231.554551,False,True,3
4.94,6,231.557109,False,True,6
-0.73,73,231.580051,False,True,1
3.95,5,231.581512,False,True,5
-0.25,25,231.589278,False,True,1
-0.01,1,231.590397,False,True,1
1.31,69,231.613394,False,True,3
0.98,2,231.613821,False,True,2
-6.0,100,231.644618,False,False,0
2.96,4,231.645974,False,True,4
-4.0,100,231.677421,False,False,2
3.8,20,231.683747,False,True,5
-5.0,100,231.715119,False,False,1
0.98,2,231.716469,False,True,2
1.58,42,231.729704,False,True,3
-4.0,100,231.761323,False,False,2
-4.0,100,231.791731,False,False,2
0.98,2,231.792844,False,True,2
-6.0,100,231.824139,False,False,0
0.86,14,231.827721,False,True,2
-0.04,4,231.82894,False,True,1
-6.0,100,231.857785,False,False,0
-4.0,100,231.891377,False,False,2
0.98,2,231.892752,False,True,2
-0.3,30,231.902049,False,True,1
3.77,23,231.910191,False,True,5
-0.01,1,231.910616,False,True,1
-6.0,100,231.942581,False,False,0
0.0,100,231.973371,False,False,6
0.98,2,231.974716,False,True,2
-6.0,100,232.025099,False,False,0
-0.15,15,232.030086,False,True,1
3.04,96,232.061679,False,True,5
-4.0,100,232.091287,False,False,2
1.97,3,232.0919,False,True,3
0.98,2,232.092998,False,True,2
4.75,25,232.100825,False,True,6
-0.51,51,232.116786,False,True,1
2.32,68,232.138632,False,True,4
-3.0,100,232.168733,False,False,3
-0.9,90,232.194011,False,True,1
-6.0,100,232.222533,False,False,0
3.95,5,232.224936,False,True,5
-0.42,42,232.236921,False,True,1
-6.0,100,232.265863,False,False,0
4.94,6,232.26813,False,True,6
-6.0,100,232.29732,False,False,0
-0.01,1,232.297592,False,True,1
1.81,19,232.303441,False,True,3
6.6,40,232.314903,False,True,8
-0.01,1,232.315263,False,True,1
-3.0,100,232.344943,False,False,3
5.93,7,232.347409,False,True,7
0.46,54,232.364116,False,True,2
2.96,4,232.365681,False,True,4
0.33,67,232.386637,False,True,2
0.98,2,232.38701,False,True,2
-0.01,1,232.388024,False,True,1
-0.01,1,232.388411,False,True,1
-0.29,29,232.397092,False,True,1
-6.0,100,232.42781,False,False,0
-0.76,76,232.448847,False,True,1
13.91,9,232.451587,True,False,9
2.25,75,232.473471,False,True,4
4.94,6,232.475851,False,True,6
-0.91,91,232.501443,False,True,1
-3.0,100,232.530998,False,False,3
4.93,7,232.534771,False,True,6
4.94,6,232.537754,False,True,6
1.09,91,232.564388,False,True,3
1.35,65,232.584392,False,True,3
0.44,56,232.600703,False,True,2
-1.0,100,232.629462,False,True,1
1.97,3,232.629926,False,True,3
-0.01,1,232.63104,False,True,1
0.14,86,232.657804,False,True,2
-0.01,1,232.658095,False,True,1
4.94,6,232.660451,False,True,6
0.98,2,232.660908,False,True,2
1.97,3,232.662092,False,True,3
1.97,3,232.663273,False,True,3
1.97,3,232.664375,False,True,3
5.92,8,232.667137,False,True,7
-3.0,100,232.697163,False,False,3
-2.0,100,232.728745,False,False,4
-6.0,100,232.757921,False,False,0
2.96,4,232.759457,False,True,4
6.92,8,232.761882,False,True,8
-5.0,100,232.793634,False,False,1
-0.01,1,232.793983,False,True,1
0.15,85,232.819849,False,True,2
0.98,2,232.821013,False,True,2
-4.0,100,232.849813,False,False,2
-6.0,100,232.878314,False,False,0
0.62,38,232.889058,False,True,2
1.97,3,232.89021,False,True,3
-0.46,46,232.903176,False,True,1
-0.01,1,232.904324,False,True,1
-5.0,100,232.935528,False,False,1
-5.0,100,232.966192,False,False,1
0.98,2,232.966555,False,True,2
0.97,3,232.967609,False,True,2
-0.01,1,232.967955,False,True,1
0.47,53,232.983624,False,True,2
2.96,4,232.985112,False,True,4
-0.58,58,233.001963,False,True,1
-4.0,100,233.034581,False,False,2
1.97,3,233.035758,False,True,3
1.01,99,233.065957,False,True,3
-0.21,21,233.072968,False,True,1
-6.0,100,233.104378,False,False,0
-4.0,100,233.13523,False,False,2
0.71,29,233.144319,False,True,2
0.24,76,233.168597,False,True,2
-1.0,100,233.201847,False,False,5
-0.01,1,233.202126,False,True,1
-4.0,100,233.233867,False,False,2
0.98,2,233.235011,False,True,2
-2.0,100,233.267373,False,False,4
-0.63,63,233.285931,False,True,1
-6.0,100,233.318659,False,False,0
-6.0,100,233.35014,False,False,0
2.96,4,233.351646,False,True,4
1.64,36,233.362972,False,True,3
0.98,2,233.364484,False,True,2
-0.01,1,233.364735,False,True,1
-0.01,1,233.365088,False,True,1
-0.31,31,233.37544,False,True,1
1.97,3,233.376647,False,True,3
-0.73,73,233.400751,False,True,1
-6.0,100,233.434225,False,False,0
2.96,4,233.435653,False,True,4
3.95,5,233.437063,False,True,5
0.97,3,233.438131,False,True,2
3.76,24,233.447051,False,True,5
-6.0,100,233.479696,False,False,0
2.96,4,233.481232,False,True,4
3.95,5,233.48269,False,True,5
3.94,6,233.485093,False,True,5
0.78,22,233.492166,False,True,2
0.46,54,233.509329,False,True,2
3.56,44,233.522906,False,True,5
-5.0,100,233.556578,False,False,1
1.96,4,233.558161,False,True,3
-4.0,100,233.591107,False,False,2
1.96,4,233.592368,False,True,3
3.95,5,233.593814,False,True,5
4.94,6,233.596247,False,True,6
-0.01,1,233.596516,False,True,1
-4.0,100,233.628862,False,False,2
2.57,43,233.64512,False,True,4
-3.0,100,233.676667,False,False,3
-0.01,1,233.676962,False,True,1
-0.17,17,233.682225,False,True,1
5.93,7,233.684606,False,True,7
-0.01,1,233.684816,False,True,1
0.37,63,233.705624,False,True,2
-6.0,100,233.736516,False,False,0
0.98,2,233.737087,False,True,2
1.74,26,233.745774,False,True,3
2.96,4,233.747271,False,True,4
6.9,10,233.750753,False,True,8
3.9,10,233.754741,False,True,5
-0.01,1,233.754957,False,True,1
-5.0,100,233.786786,False,False,1
0.98,2,233.787907,False,True,2
0.98,2,233.788382,False,True,2
4.94,6,233.790525,False,True,6
-3.0,100,233.822295,False,False,3
-3.0,100,233.85308,False,False,3
0.98,2,233.853685,False,True,2
-4.0,100,233.88599,False,False,2
3.95,5,233.887434,False,True,5
0.98,2,233.888457,False,True,2
1.96,4,233.889897,False,True,3
-0.01,1,233.890127,False,True,1
0.98,2,233.89151,False,True,2
1.97,3,233.892009,False,True,3
1.19,81,233.92003,False,True,3
0.98,2,233.920429,False,True,2
2.96,4,233.921981,False,True,4
0.98,2,233.923335,False,True,2
-0.81,81,233.949308,False,True,1
1.97,3,233.950699,False,True,3
-0.85,85,233.976632,False,True,1
1.27,73,233.999475,False,True,3
-6.0,100,234.030094,False,False,0
2.96,4,234.03178,False,True,4
1.97,3,234.033403,False,True,3
-0.22,22,234.0402,False,True,1
-6.0,100,234.070661,False,False,0
-3.0,100,234.10141,False,False,3
-5.0,100,234.130867,False,False,1
0.98,2,234.131938,False,True,2
1.97,3,234.133165,False,True,3
-6.0,100,234.162913,False,False,0
-4.0,100,234.192797,False,False,2
-4.0,100,234.220909,False,False,2
-0.01,1,234.221283,False,True,1
3.95,5,234.222819,False,True,5
1.97,3,234.22404,False,True,3
4.88,12,234.227416,False,True,6
-5.0,100,234.260796,False,False,1
3.95,5,234.26226,False,True,5
-0.83,83,234.286368,False,True,1
-6.0,100,234.314725,False,False,0
-2.0,100,234.344355,False,False,4
5.5,50,234.357572,False,True,7
4.94,6,234.3597,False,True,6
1.97,3,234.360773,False,True,3
-4.0,100,234.390368,False,False,2
4.07,93,234.415799,False,True,6
-5.0,100,234.443447,False,False,1
-6.0,100,234.470913,False,False,0
0.98,2,234.471389,False,True,2
0.67,33,234.482233,False,True,2
-6.0,100,234.511688,False,False,0
0.73,27,234.518933,False,True,2
-6.0,100,234.547836,False,False,0
-0.62,62,234.566283,False,True,1
-6.0,100,234.594596,False,False,0
-1.0,100,234.622234,False,False,5
2.96,4,234.62355,False,True,4
-4.0,100,234.651771,False,False,2
-3.0,100,234.679999,False,False,3
3.95,5,234.681333,False,True,5
0.98,2,234.682531,False,True,2
-4.0,100,234.712225,False,False,2
1.33,67,234.731028,False,True,3
-0.01,1,234.731998,False,True,1
0.73,27,234.740312,False,True,2
4.94,6,234.743249,False,True,6
2.96,4,234.744709,False,True,4
-0.34,34,234.755655,False,True,1
6.9,10,234.759239,False,True,8
-6.0,100,234.789848,False,False,0
-0.01,1,234.790102,False,True,1
0.55,45,234.802682,False,True,2
-4.0,100,234.831499,False,False,2
-0.01,1,234.832516,False,True,1
0.8,20,234.838482,False,True,2
0.17,83,234.861795,False,True,2
-4.0,100,234.892425,False,False,2
-0.99,99,234.923306,False,True,1
-0.05,5,234.924589,False,True,1
1.97,3,234.925662,False,True,3
-0.01,1,234.925988,False,True,1
-0.03,3,234.927047,False,True,1
0.48,52,234.943497,False,True,2
-6.0,100,234.972718,False,False,0
-0.11,11,234.976158,False,True,1
-4.0,100,235.004957,False,False,2
2.96,4,235.00654,False,True,4
-0.01,1,235.006772,False,True,1
-0.03,3,235.008134,False,True,1
-4.0,100,235.038868,False,False,2
-3.0,100,235.069672,False,False,3
-0.01,1,235.07003,False,True,1
-0.03,3,235.071457,False,True,1
-3.0,100,235.104305,False,False,3
-6.0,100,235.134801,False,False,0
-3.0,100,235.164338,False,False,3
-4.0,100,235.197515,False,False,2
-6.0,100,235.230833,False,False,0
3.94,6,235.232409,False,True,5
3.95,5,235.234632,False,True,5
-4.0,100,235.267489,False,False,2
1.9,10,235.270422,False,True,3
0.96,4,235.271847,False,True,2
-0.03,3,235.27323,False,True,1
-5.0,100,235.307265,False,False,1
-0.05,5,235.308705,False,True,1
0.95,5,235.309983,False,True,2
-6.0,100,235.340198,False,False,0
4.69,31,235.350516,False,True,6
3.13,87,235.378126,False,True,5
-0.0,100,235.408502,False,True,2
-3.0,100,235.438738,False,False,3
-6.0,100,235.470794,False,False,0
-6.0,100,235.502277,False,False,0
-0.07,7,235.50463,False,True,1
-0.03,3,235.505073,False,True,1
-0.05,5,235.507687,False,True,1
0.94,6,235.509371,False,True,2
0.96,4,235.510633,False,True,2
1.15,85,235.537773,False,True,3
-0.03,3,235.539436,False,True,1
0.96,4,235.540858,False,True,2
-0.67,67,235.562442,False,True,1
-2.0,100,235.593075,False,False,4
-0.01,1,235.593483,False,True,1
-6.0,100,235.62492,False,False,0
-0.15,15,235.629742,False,True,1
0.97,3,235.630933,False,True,2
2.1,90,235.65903,False,True,4
1.6,40,235.671267,False,True,3
-0.01,1,235.671483,False,True,1
-0.03,3,235.672563,False,True,1
-2.0,100,235.704867,False,False,4
0.96,4,235.706132,False,True,2
-0.01,1,235.706332,False,True,1
-0.21,21,235.713826,False,True,1
0.77,23,235.720277,False,True,2
-0.01,1,235.721233,False,True,1
-0.07,7,235.723455,False,True,1
0.96,4,235.724895,False,True,2
0.09,91,235.754173,False,True,2
0.98,2,235.755325,False,True,2
-0.59,59,235.771929,False,True,1
-6.0,100,235.801983,False,False,0
-3.0,100,235.833702,False,False,3
-0.16,16,235.838467,False,True,1
2.67,33,235.849321,False,True,4
-0.32,32,235.859179,False,True,1
0.7,30,235.868328,False,True,2
0.79,21,235.87518,False,True,2
-4.0,100,235.906766,False,False,2
-4.0,100,235.937488,False,False,2
-2.0,100,235.969356,False,False,4
-0.03,3,235.970625,False,True,1
-4.0,100,236.002091,False,False,2
-5.0,100,236.03125,False,False,1
-0.01,1,236.0317,False,True,1
0.98,2,236.032924,False,True,2
1.64,36,236.043936,False,True,3
-0.07,7,236.046292,False,True,1
0.98,2,236.046755,False,True,2
-0.03,3,236.04783,False,True,1
-0.54,54,236.063096,False,True,1
-0.86,86,236.087914,False,True,1
0.94,6,236.089531,False,True,2
-5.0,100,236.119647,False,False,1
-6.0,100,236.147629,False,False,0
-4.0,100,236.174711,False,False,2
-2.0,100,236.204764,False,False,4
-0.05,5,236.206883,False,True,1
3.39,61,236.223851,False,True,5
0.98,2,236.224217,False,True,2
-4.0,100,236.254557,False,False,2
-0.71,71,236.274087,False,True,1
0.98,2,236.275223,False,True,2
-2.0,100,236.302524,False,False,4
-0.05,5,236.303995,False,True,1
-6.0,100,236.333494,False,False,0
2.5,50,236.347746,False,True,4
-6.0,100,236.376107,False,False,0
0.47,53,236.392145,False,True,2
0.98,2,236.39258,False,True,2
-6.0,100,236.420985,False,False,0
-0.27,27,236.428863,False,True,1
-6.0,100,236.4587,False,False,0
-0.03,3,236.459837,False,True,1
-6.0,100,236.487444,False,False,0
1.6,40,236.498523,False,True,3
2.81,19,236.503621,False,True,4
0.6,40,236.515767,False,True,2
-0.01,1,236.516845,False,True,1
-0.01,1,236.517137,False,True,1
-5.0,100,236.546623,False,False,1
-6.0,100,236.575652,False,False,0
-0.95,95,236.602058,False,True,1
0.93,7,236.603495,False,True,2
-0.2,20,236.60918,False,True,1
-4.0,100,236.638814,False,False,2
-4.0,100,236.667083,False,False,2
-0.05,5,236.66907,False,True,1
0.77,23,236.674764,False,True,2
-3.0,100,236.703936,False,False,3
2.96,4,236.705186,False,True,4
-4.0,100,236.733312,False,False,2
0.87,13,236.737534,False,True,2
-0.03,3,236.737974,False,True,1
0.94,6,236.740607,False,True,2
-3.0,100,236.773073,False,False,3
-0.05,5,236.774758,False,True,1
-0.12,12,236.778187,False,True,1
-3.0,100,236.807038,False,False,3
-0.05,5,236.808432,False,True,1
-0.71,71,236.830211,False,True,1
-4.0,100,236.858812,False,False,2
-0.01,1,236.859056,False,True,1
2.92,8,236.861558,False,True,4
-4.0,100,236.890515,False,False,2
1.3,70,236.910202,False,True,3
-0.05,5,236.911692,False,True,1
-4.0,100,236.938679,False,False,2
2.95,5,236.940181,False,True,4
-6.0,100,236.969649,False,False,0
1.26,74,236.992242,False,True,3
-4.0,100,237.02398,False,False,2
0.92,8,237.026557,False,True,2
0.26,74,237.049739,False,True,2
-5.0,100,237.080853,False,False,1
-4.0,100,237.112071,False,False,2
-0.31,31,237.123473,False,True,1
-3.0,100,237.154229,False,False,3
0.05,95,237.184823,False,True,2
-0.57,57,237.202376,False,True,1
-6.0,100,237.234492,False,False,0
0.93,7,237.236895,False,True,2
-5.0,100,237.267234,False,False,1
0.92,8,237.269579,False,True,2
-3.0,100,237.303833,False,False,3
0.96,4,237.305272,False,True,2
-0.33,33,237.31528,False,True,1
-0.01,1,237.315528,False,True,1
-0.05,5,237.318226,False,True,1
2.96,4,237.319793,False,True,4
-0.01,1,237.320035,False,True,1
-0.03,3,237.321441,False,True,1
0.92,8,237.324809,False,True,2
-6.0,100,237.358978,False,False,0
0.14,86,237.384712,False,True,2
-0.17,17,237.389899,False,True,1
1.03,97,237.421883,False,True,3
-3.0,100,237.455548,False,False,3
1.75,25,237.46322,False,True,3
-4.0,100,237.493534,False,False,2
1.93,7,237.496928,False,True,3
-0.05,5,237.498707,False,True,1
-0.24,24,237.507201,False,True,1
1.8,20,237.513984,False,True,3
-0.1,10,237.516785,False,True,1
-0.01,1,237.517647,False,True,1
-2.0,100,237.549526,False,False,4
0.15,85,237.576673,False,True,2
-0.84,84,237.603872,False,True,1
-0.34,34,237.614135,False,True,1
0.16,84,237.63995,False,True,2
1.95,5,237.642525,False,True,3
-0.51,51,237.659054,False,True,1
-4.0,100,237.690224,False,False,2
-0.14,14,237.694986,False,True,1
0.96,4,237.696364,False,True,2
-0.01,1,237.696702,False,True,1
-0.05,5,237.698407,False,True,1
-6.0,100,237.729889,False,False,0
-0.35,35,237.740504,False,True,1
2.94,6,237.742773,False,True,4
1.95,5,237.744049,False,True,3
-0.34,34,237.754303,False,True,1
-5.0,100,237.784794,False,False,1
1.97,3,237.786386,False,True,3
-4.0,100,237.818784,False,False,2
-2.0,100,237.851294,False,False,4
-0.06,6,237.853805,False,True,1
-4.0,100,237.886797,False,False,2
-2.0,100,237.967312,False,False,4
0.98,2,237.967743,False,True,2
-0.1,10,237.971095,False,True,1
0.47,53,237.987385,False,True,2
0.96,4,237.988662,False,True,2
-0.41,41,238.000244,False,True,1
0.98,2,238.00138,False,True,2
-0.03,3,238.002021,False,True,1
-0.56,56,238.019754,False,True,1
0.92,8,238.022314,False,True,2
1.95,5,238.024474,False,True,3
-5.0,100,238.055394,False,False,1
1.54,46,238.069597,False,True,3
-0.01,1,238.069907,False,True,1
-0.4,40,238.081602,False,True,1
-6.0,100,238.111252,False,False,0
1.95,5,238.11355,False,True,3
0.63,37,238.124438,False,True,2
-4.0,100,238.153289,False,False,2
1.9,10,238.156008,False,True,3
0.98,2,238.157078,False,True,2
0.81,19,238.163248,False,True,2
0.96,4,238.164738,False,True,2
-0.02,2,238.165171,False,True,1
-0.01,1,238.165383,False,True,1
0.98,2,238.166522,False,True,2
1.9,10,238.169408,False,True,3
-3.0,100,238.203182,False,False,3
-0.07,7,238.20572,False,True,1
-2.0,100,238.236524,False,False,4
-0.23,23,238.243933,False,True,1
-0.05,5,238.24543,False,True,1
-0.2,20,238.251402,False,True,1
-4.0,100,238.281202,False,False,2
-0.07,7,238.28365,False,True,1
-4.0,100,238.313572,False,False,2
-0.81,81,238.33553,False,True,1
1.15,85,238.358474,False,True,3
-2.0,100,238.387694,False,False,4
-0.01,1,238.388729,False,True,1
-3.0,100,238.417827,False,False,3
1.07,93,238.444487,False,True,3
-0.02,2,238.444762,False,True,1
1.95,5,238.446862,False,True,3
-0.05,5,238.448205,False,True,1
0.9,10,238.450898,False,True,2
-3.0,100,238.479845,False,False,3
-4.0,100,238.509253,False,False,2
-5.0,100,238.536747,False,False,1
-0.07,7,238.539036,False,True,1
0.94,6,238.541269,False,True,2
0.5,50,238.555309,False,True,2
0.9,10,238.558592,False,True,2
0.98,2,238.558938,False,True,2
-0.01,1,238.559153,False,True,1
1.65,35,238.570257,False,True,3
-0.01,1,238.570516,False,True,1
-6.0,100,238.600374,False,False,0
0.94,6,238.602558,False,True,2
-0.03,3,238.603832,False,True,1
-0.03,3,238.604237,False,True,1
-0.31,31,238.613659,False,True,1
-0.01,1,238.613922,False,True,1
-0.04,4,238.61513,False,True,1
-0.05,5,238.617329,False,True,1
0.81,19,238.622624,False,True,2
-4.0,100,238.651728,False,False,2
-0.01,1,238.652962,False,True,1
-3.0,100,238.681574,False,False,3
1.01,99,238.708926,False,True,3
-3.0,100,238.736597,False,False,3
-0.05,5,238.738719,False,True,1
-0.95,95,238.766138,False,True,1
-0.01,1,238.767077,False,True,1
-6.0,100,238.79548,False,False,0
0.64,36,238.806182,False,True,2
0.92,8,238.808704,False,True,2
0.0,100,238.83723,False,False,6
-0.07,7,238.838744,False,True,1
-0.02,2,238.83977,False,True,1
-0.14,14,238.843577,False,True,1
2.35,65,238.862827,False,True,4
1.0,100,238.890837,False,False,7
0.96,4,238.892184,False,True,2
-4.0,100,238.92178,False,False,2
-0.03,3,238.922272,False,True,1
-0.05,5,238.924448,False,True,1
-0.01,1,238.924815,False,True,1
-4.0,100,238.955612,False,False,2
1.56,44,238.968519,False,True,3
-0.01,1,238.968763,False,True,1
-0.08,8,238.971607,False,True,1
0.94,6,238.973967,False,True,2
-0.06,6,238.975289,False,True,1
-0.04,4,238.976944,False,True,1
2.0,100,239.008571,False,True,4
-2.0,100,239.038835,False,False,4
0.92,8,239.041284,False,True,2
-6.0,100,239.073959,False,False,0
0.9,10,239.077704,False,True,2
-0.82,82,239.103564,False,True,1
-4.0,100,239.134767,False,False,2
-0.06,6,239.137083,False,True,1
-3.0,100,239.170395,False,False,3
-0.09,9,239.173388,False,True,1
0.95,5,239.175217,False,True,2
-0.01,1,239.175444,False,True,1
-0.03,3,239.176784,False,True,1
-2.0,100,239.20824,False,False,4
-0.05,5,239.20986,False,True,1
-0.07,7,239.212104,False,True,1
2.01,99,239.243582,False,True,4
0.92,8,239.246115,False,True,2
-4.0,100,239.279149,False,False,2
0.49,51,239.2956,False,True,2
4.61,39,239.308462,False,True,6
1.15,85,239.336257,False,True,3
1.94,6,239.33793,False,True,3
-4.0,100,239.369212,False,False,2
2.91,9,239.372131,False,True,4
0.93,7,239.374904,False,True,2
1.67,33,239.386352,False,True,3
0.9,10,239.390265,False,True,2
0.93,7,239.393149,False,True,2
-3.0,100,239.425478,False,False,3
1.91,9,239.42822,False,True,3
2.41,59,239.447069,False,True,4
-0.07,7,239.449312,False,True,1
-3.0,100,239.48324,False,False,3
-0.06,6,239.485721,False,True,1
0.93,7,239.488448,False,True,2
6.44,56,239.506995,False,True,8
-3.0,100,239.538132,False,False,3
2.93,7,239.539944,False,True,4
0.93,7,239.542337,False,True,2
1.34,66,239.564808,False,True,3
0.95,5,239.566752,False,True,2
-0.03,3,239.568634,False,True,1
-0.41,41,239.582847,False,True,1
0.92,8,239.585476,False,True,2
2.85,15,239.591346,False,True,4
2.93,7,239.593224,False,True,4
-0.07,7,239.595937,False,True,1
-4.0,100,239.628582,False,False,2
-4.0,100,239.660138,False,False,2
1.94,6,239.662382,False,True,3
-4.0,100,239.692424,False,False,2
-3.0,100,239.722495,False,False,3
-0.03,3,239.723003,False,True,1
0.95,5,239.725104,False,True,2
2.95,5,239.72655,False,True,4
-0.07,7,239.729046,False,True,1
5.26,74,239.753073,False,True,7
1.4,60,239.771718,False,True,3
2.32,68,239.793608,False,True,4
1.89,11,239.797329,False,True,3
-3.0,100,239.830216,False,False,3
-0.15,15,239.835482,False,True,1
-0.04,4,239.836775,False,True,1
1.35,65,239.8575,False,True,3
-0.11,11,239.861561,False,True,1
-0.07,7,239.863221,False,True,1
-0.05,5,239.865342,False,True,1
-4.0,100,239.899345,False,False,2
0.86,14,239.903507,False,True,2
0.3,70,239.927516,False,True,2
-0.01,1,239.927777,False,True,1
0.28,72,239.951909,False,True,2
-0.07,7,239.95425,False,True,1
0.98,2,239.954578,False,True,2
4.38,62,239.97326,False,True,6
1.81,19,239.978533,False,True,3
-4.0,100,240.00888,False,False,2
1.91,9,240.012223,False,True,3
-2.0,100,240.040387,False,False,4
-0.34,34,240.050436,False,True,1
0.95,5,240.052028,False,True,2
3.73,27,240.060343,False,True,5
1.23,77,240.081167,False,True,3
5.52,48,240.095787,False,True,7
-0.08,8,240.098228,False,True,1
-0.03,3,240.099345,False,True,1
0.95,5,240.100837,False,True,2
1.94,6,240.103508,False,True,3
-4.0,100,240.135334,False,False,2
-0.05,5,240.136806,False,True,1
-3.0,100,240.165161,False,False,3
0.79,21,240.17112,False,True,2
-0.09,9,240.174703,False,True,1
0.92,8,240.177474,False,True,2
1.94,6,240.179047,False,True,3
-0.28,28,240.187666,False,True,1
5.65,35,240.198499,False,True,7
3.64,36,240.209265,False,True,5
-0.01,1,240.20954,False,True,1
-2.0,100,240.239957,False,False,4
-3.0,100,240.270775,False,False,3
-4.0,100,240.299731,False,False,2
1.25,75,240.321235,False,True,3
-6.0,100,240.350953,False,False,0
0.93,7,240.353352,False,True,2
0.98,2,240.353721,False,True,2
1.91,9,240.356311,False,True,3
0.97,3,240.357567,False,True,2
2.53,47,240.373931,False,True,4
0.95,5,240.375715,False,True,2
1.91,9,240.378526,False,True,3
-4.0,100,240.408808,False,False,2
-0.03,3,240.409947,False,True,1
-3.0,100,240.437763,False,False,3
2.74,26,240.445836,False,True,4
-2.0,100,240.478135,False,False,4
0.87,13,240.481705,False,True,2
-0.08,8,240.484224,False,True,1
-2.0,100,240.512533,False,False,4
-0.03,3,240.513818,False,True,1
-6.0,100,240.545683,False,False,0
-0.03,3,240.546192,False,True,1
2.37,63,240.564601,False,True,4
1.89,11,240.568351,False,True,3
-0.03,3,240.56944,False,True,1
3.14,86,240.594741,False,True,5
1.96,4,240.596119,False,True,3
1.38,62,240.614955,False,True,3
-2.0,100,240.643725,False,False,4
-4.0,100,240.673282,False,False,2
-2.0,100,240.70117,False,False,4
0.32,68,240.724411,False,True,2
-4.0,100,240.754358,False,False,2
-0.53,53,240.772243,False,True,1
-6.0,100,240.801471,False,False,0
1.95,5,240.802993,False,True,3
-6.0,100,240.83345,False,False,0
0.9,10,240.836973,False,True,2
-0.31,31,240.845366,False,True,1
1.09,91,240.876088,False,True,3
-0.01,1,240.876369,False,True,1
-0.03,3,240.877601,False,True,1
1.89,11,240.881944,False,True,3
0.92,8,240.884603,False,True,2
-0.37,37,240.900803,False,True,1
-0.27,27,240.920665,False,True,1
2.62,38,240.934148,False,True,4
-0.66,66,240.956161,False,True,1
0.9,10,240.958771,False,True,2
-0.01,1,240.959968,False,True,1
1.94,6,240.961518,False,True,3
0.94,6,240.963998,False,True,2
1.94,6,240.965731,False,True,3
1.6,40,240.978409,False,True,3
-0.03,3,240.979841,False,True,1
0.91,9,240.982952,False,True,2
1.6,40,240.996338,False,True,3
-0.01,1,240.996603,False,True,1
-4.0,100,241.028788,False,False,2
-0.01,1,241.030025,False,True,1
1.93,7,241.03179,False,True,3
-4.0,100,241.062437,False,False,2
-4.0,100,241.094309,False,False,2
0.91,9,241.098601,False,True,2
-0.01,1,241.0989,False,True,1
-6.0,100,241.132005,False,False,0
-0.05,5,241.133736,False,True,1
-5.0,100,241.165353,False,False,1
-0.18,18,241.171366,False,True,1
-0.1,10,241.174112,False,True,1
-0.43,43,241.187794,False,True,1
-0.18,18,241.192889,False,True,1
0.94,6,241.195454,False,True,2
-4.0,100,241.228562,False,False,2
-5.0,100,241.259758,False,False,1
-0.7,70,241.283597,False,True,1
-5.0,100,241.316296,False,False,1
0.68,32,241.327006,False,True,2
-0.45,45,241.342822,False,True,1
-0.13,13,241.347499,False,True,1
-0.17,17,241.353367,False,True,1
-6.0,100,241.384902,False,False,0
-3.0,100,241.415378,False,False,3
-5.0,100,241.45058,False,False,1
-3.0,100,241.481752,False,False,3
-0.12,12,241.48566,False,True,1
-6.0,100,241.51716,False,False,0
-5.0,100,241.550309,False,False,1
-5.0,100,241.580936,False,False,1
-4.0,100,241.611223,False,False,2
-4.0,100,241.643221,False,False,2
-6.0,100,241.672708,False,False,0
-6.0,100,241.702162,False,False,0
-0.22,22,241.709414,False,True,1
-5.0,100,241.741364,False,False,1
-6.0,100,241.773344,False,False,0
-5.0,100,241.804438,False,False,1
-0.26,26,241.812196,False,True,1
-5.0,100,241.842333,False,False,1
-5.0,100,241.874968,False,False,1
-6.0,100,241.90681,False,False,0
-5.0,100,241.935232,False,False,1
-6.0,100,241.963431,False,False,0
-5.0,100,241.993013,False,False,1
-5.0,100,242.021494,False,False,1
-0.75,75,242.044197,False,True,1
-5.0,100,242.072851,False,False,1
-5.0,100,242.102162,False,False,1
-5.0,100,242.129618,False,False,1
-6.0,100,242.157512,False,False,0
-5.0,100,242.185473,False,False,1
-5.0,100,242.214586,False,False,1
-6.0,100,242.243704,False,False,0
-6.0,100,242.273108,False,False,0
-6.0,100,242.301531,False,False,0
-5.0,100,242.331161,False,False,1
-6.0,100,242.360163,False,False,0
-5.0,100,242.389886,False,False,1
-5.0,100,242.418477,False,False,1
-5.0,100,242.447127,False,False,1
-6.0,100,242.475706,False,False,0
-5.0,100,242.502707,False,False,1
-6.0,100,242.530039,False,False,0
-5.0,100,242.558918,False,False,1
-5.0,100,242.587631,False,False,1
-6.0,100,242.616313,False,False,0
-5.0,100,242.643914,False,False,1
-5.0,100,242.673162,False,False,1
-6.0,100,242.701488,False,False,0
-6.0,100,242.729395,False,False,0
-5.0,100,242.756705,False,False,1
-0.32,32,242.765963,False,True,1
-6.0,100,242.794628,False,False,0
-5.0,100,242.822436,False,False,1
-5.0,100,242.85209,False,False,1
-5.0,100,242.882649,False,False,1
-0.76,76,242.90675,False,True,1
-5.0,100,242.93878,False,False,1
-5.0,100,242.970116,False,False,1
-0.27,27,242.979708,False,True,1
-5.0,100,243.011001,False,False,1
-6.0,100,243.044809,False,False,0
-5.0,100,243.076751,False,False,1
-6.0,100,243.108904,False,False,0
-5.0,100,243.1404,False,False,1
-6.0,100,243.171621,False,False,0
-6.0,100,243.202186,False,False,0
-5.0,100,243.233253,False,False,1
-0.14,14,243.237519,False,True,1
-0.46,46,243.252028,False,True,1
-5.0,100,243.28247,False,False,1
-0.67,67,243.303037,False,True,1
-0.9,90,243.331382,False,True,1
-5.0,100,243.361819,False,False,1
-5.0,100,243.393833,False,False,1
-5.0,100,243.426272,False,False,1
-6.0,100,243.457095,False,False,0
-5.0,100,243.489296,False,False,1
-6.0,100,243.52126,False,False,0
-5.0,100,243.55299,False,False,1
-0.95,95,243.583955,False,True,1
-6.0,100,243.614877,False,False,0
-5.0,100,243.643402,False,False,1
-0.86,86,243.668396,False,True,1
-5.0,100,243.699248,False,False,1
-4.0,100,243.729687,False,False,2
-0.22,22,243.736898,False,True,1
-6.0,100,243.768523,False,False,0
-0.65,65,243.789248,False,True,1
-5.0,100,243.820531,False,False,1
-6.0,100,243.849926,False,False,0
-5.0,100,243.88121,False,False,1
-5.0,100,243.910299,False,False,1
-6.0,100,243.938766,False,False,0
-5.0,100,243.966253,False,False,1
-5.0,100,243.995896,False,False,1
-6.0,100,244.022914,False,False,0
-0.79,79,244.077654,False,True,1
-6.0,100,244.114617,False,False,0
-6.0,100,244.145219,False,False,0
-5.0,100,244.174024,False,False,1
-6.0,100,244.202196,False,False,0
-5.0,100,244.22981,False,False,1
-5.0,100,244.259331,False,False,1
-5.0,100,244.288146,False,False,1
-5.0,100,244.317958,False,False,1
-5.0,100,244.346684,False,False,1
-6.0,100,244.376633,False,False,0
-0.33,33,244.386388,False,True,1
-6.0,100,244.415466,False,False,0
-5.0,100,244.442754,False,False,1
-5.0,100,244.471866,False,False,1
-5.0,100,244.499996,False,False,1
-5.0,100,244.528481,False,False,1
-5.0,100,244.556329,False,False,1
-6.0,100,244.585488,False,False,0
-0.32,32,244.594435,False,True,1
-5.0,100,244.626225,False,False,1
-5.0,100,244.65483,False,False,1
-6.0,100,244.684322,False,False,0
-5.0,100,244.712392,False,False,1
-0.63,63,244.729716,False,True,1
-5.0,100,244.758174,False,False,1
-5.0,100,244.787577,False,False,1
-6.0,100,244.81701,False,False,0
-5.0,100,244.845102,False,False,1
-6.0,100,244.874864,False,False,0
-6.0,100,244.90532,False,False,0
-5.0,100,244.937346,False,False,1
-0.64,64,244.95763,False,True,1
-6.0,100,244.98945,False,False,0
-5.0,100,245.022894,False,False,1
-5.0,100,245.053619,False,False,1
-0.42,42,245.065579,False,True,1
-5.0,100,245.097312,False,False,1
-6.0,100,245.128982,False,False,0
-6.0,100,245.160071,False,False,0
-0.01,1,245.160291,False,True,1
-0.45,45,245.174561,False,True,1
-0.52,52,245.191275,False,True,1
-6.0,100,245.222607,False,False,0
-5.0,100,245.252446,False,False,1
-5.0,100,245.28309,False,False,1
-6.0,100,245.315518,False,False,0
-6.0,100,245.346576,False,False,0
-6.0,100,245.37776,False,False,0
-6.0,100,245.40826,False,False,0
-0.22,22,245.415413,False,True,1
-5.0,100,245.447318,False,False,1
-5.0,100,245.479253,False,False,1
-6.0,100,245.510589,False,False,0
-5.0,100,245.545534,False,False,1
-5.0,100,245.576492,False,False,1
-0.78,78,245.601617,False,True,1
-6.0,100,245.63049,False,False,0
-0.63,63,245.649121,False,True,1
-5.0,100,245.681038,False,False,1
-6.0,100,245.713916,False,False,0
-0.26,26,245.722954,False,True,1
-5.0,100,245.754702,False,False,1
-5.0,100,245.786941,False,False,1
-5.0,100,245.818193,False,False,1
-0.01,1,245.818402,False,True,1
-5.0,100,245.852384,False,False,1
-5.0,100,245.885838,False,False,1
-5.0,100,245.914371,False,False,1
-6.0,100,245.944469,False,False,0
-5.0,100,245.976207,False,False,1
-5.0,100,246.007573,False,False,1
-5.0,100,246.038462,False,False,1
-6.0,100,246.067945,False,False,0
-6.0,100,246.097786,False,False,0
-0.02,2,246.098823,False,True,1
-0.3,30,246.109432,False,True,1
-6.0,100,246.138688,False,False,0
-5.0,100,246.169181,False,False,1
-6.0,100,246.19823,False,False,0
-6.0,100,246.227006,False,False,0
-6.0,100,246.255218,False,False,0
-5.0,100,246.284434,False,False,1
-5.0,100,246.311484,False,False,1
-6.0,100,246.342621,False,False,0
-5.0,100,246.370242,False,False,1
-6.0,100,246.399901,False,False,0
-5.0,100,246.428776,False,False,1
-6.0,100,246.45954,False,False,0
-5.0,100,246.489274,False,False,1
-5.0,100,246.519405,False,False,1
-5.0,100,246.54826,False,False,1
-5.0,100,246.575944,False,False,1
-6.0,100,246.603833,False,False,0
-0.77,77,246.626787,False,True,1
-5.0,100,246.657886,False,False,1
-0.63,63,246.677366,False,True,1
-5.0,100,246.705701,False,False,1
-5.0,100,246.73532,False,False,1
-5.0,100,246.764915,False,False,1
-5.0,100,246.793789,False,False,1
-6.0,100,246.823316,False,False,0
-5.0,100,246.856654,False,False,1
-5.0,100,246.887194,False,False,1
-5.0,100,246.917755,False,False,1
-6.0,100,246.948822,False,False,0
-6.0,100,246.983497,False,False,0
-5.0,100,247.013697,False,False,1
-5.0,100,247.044189,False,False,1
-4.0,100,247.077354,False,False,2
-6.0,100,247.109973,False,False,0
-5.0,100,247.140747,False,False,1
-0.97,97,247.170343,False,True,1
-5.0,100,247.201499,False,False,1
-5.0,100,247.232682,False,False,1
-5.0,100,247.263284,False,False,1
-6.0,100,247.293973,False,False,0
-5.0,100,247.32499,False,False,1
-5.0,100,247.356571,False,False,1
-5.0,100,247.385279,False,False,1
-5.0,100,247.41626,False,False,1
-6.0,100,247.44424,False,False,0
-5.0,100,247.474087,False,False,1
-5.0,100,247.50475,False,False,1
-6.0,100,247.533694,False,False,0
-6.0,100,247.561566,False,False,0
-5.0,100,247.595257,False,False,1
-5.0,100,247.624054,False,False,1
-4.0,100,247.6523,False,False,2
-6.0,100,247.682818,False,False,0
-6.0,100,247.712413,False,False,0
-1.0,100,247.741726,False,True,1
-5.0,100,247.769376,False,False,1
-6.0,100,247.799684,False,False,0
-5.0,100,247.831906,False,False,1
-6.0,100,247.860197,False,False,0
-0.06,6,247.865555,False,True,1
-6.0,100,247.894894,False,False,0
-6.0,100,247.924489,False,False,0
-6.0,100,247.953247,False,False,0
-6.0,100,247.98479,False,False,0
-6.0,100,248.013069,False,False,0
-6.0,100,248.042071,False,False,0
-0.93,93,248.068221,False,True,1
-5.0,100,248.09617,False,False,1
-0.92,92,248.121924,False,True,1
-6.0,100,248.153805,False,False,0
-5.0,100,248.185963,False,False,1
-5.0,100,248.215238,False,False,1
-6.0,100,248.245308,False,False,0
-6.0,100,248.275288,False,False,0
-5.0,100,248.304244,False,False,1
-6.0,100,248.332777,False,False,0
-6.0,100,248.360686,False,False,0
-5.0,100,248.389261,False,False,1
-6.0,100,248.417873,False,False,0
-6.0,100,248.446148,False,False,0
-5.0,100,248.473796,False,False,1
-6.0,100,248.503601,False,False,0
-6.0,100,248.532445,False,False,0
-5.0,100,248.562505,False,False,1
-5.0,100,248.591435,False,False,1
-0.23,23,248.598323,False,True,1
-5.0,100,248.627822,False,False,1
-6.0,100,248.656469,False,False,0
-5.0,100,248.684824,False,False,1
-6.0,100,248.714715,False,False,0
-6.0,100,248.742846,False,False,0
-6.0,100,248.771124,False,False,0
-5.0,100,248.803271,False,False,1
-5.0,100,248.834242,False,False,1
-0.74,74,248.854332,False,True,1
-0.79,79,248.876974,False,True,1
-5.0,100,248.904676,False,False,1
-5.0,100,248.934271,False,False,1
-6.0,100,248.962902,False,False,0
-5.0,100,248.991237,False,False,1
-5.0,100,249.019521,False,False,1
-0.2,20,249.025193,False,True,1
-5.0,100,249.053843,False,False,1
-6.0,100,249.081768,False,False,0
-5.0,100,249.110551,False,False,1
-5.0,100,249.1401,False,False,1
-5.0,100,249.175772,False,False,1
-6.0,100,249.209384,False,False,0
-5.0,100,249.242833,False,False,1
-1.0,100,249.27357,False,True,1
-5.0,100,249.349218,False,False,1
-0.36,36,249.360446,False,True,1
-5.0,100,249.389499,False,False,1
-5.0,100,249.419769,False,False,1
-5.0,100,249.448379,False,False,1
-5.0,100,249.476852,False,False,1
-0.09,9,249.479213,False,True,1
-0.03,3,249.480455,False,True,1
-6.0,100,249.509825,False,False,0
-6.0,100,249.539184,False,False,0
-6.0,100,249.567069,False,False,0
-6.0,100,249.596173,False,False,0
-6.0,100,249.625913,False,False,0
-5.0,100,249.653854,False,False,1
-6.0,100,249.681642,False,False,0
-6.0,100,249.711283,False,False,0
-0.35,35,249.721113,False,True,1
-5.0,100,249.750303,False,False,1
-0.41,41,249.761886,False,True,1
-6.0,100,249.791534,False,False,0
-5.0,100,249.818771,False,False,1
-6.0,100,249.847469,False,False,0
-5.0,100,249.875549,False,False,1
-0.61,61,249.894143,False,True,1
-6.0,100,249.922544,False,False,0
-6.0,100,249.951822,False,False,0
-0.68,68,249.974451,False,True,1
-6.0,100,250.007756,False,False,0
-5.0,100,250.04012,False,False,1
-6.0,100,250.070498,False,False,0
-5.0,100,250.099045,False,False,1
-6.0,100,250.127979,False,False,0
-6.0,100,250.158655,False,False,0
-5.0,100,250.188113,False,False,1
-6.0,100,250.216042,False,False,0
-6.0,100,250.250081,False,False,0
-0.08,8,250.252764,False,True,1
-0.81,81,250.278004,False,True,1
-6.0,100,250.307261,False,False,0
-5.0,100,250.340486,False,False,1
-5.0,100,250.372553,False,False,1
-5.0,100,250.401365,False,False,1
-6.0,100,250.431681,False,False,0
-0.13,13,250.435898,False,True,1
-5.0,100,250.465487,False,False,1
-6.0,100,250.495424,False,False,0
-5.0,100,250.524114,False,False,1
-6.0,100,250.553001,False,False,0
-6.0,100,250.581247,False,False,0
-5.0,100,250.610367,False,False,1
-5.0,100,250.639753,False,False,1
-5.0,100,250.671073,False,False,1
-6.0,100,250.699165,False,False,0
-6.0,100,250.730599,False,False,0
-5.0,100,250.759475,False,False,1
-6.0,100,250.789818,False,False,0
-5.0,100,250.818904,False,False,1
-5.0,100,250.846732,False,False,1
-0.73,73,250.869008,False,True,1
-5.0,100,250.899551,False,False,1
-5.0,100,250.927224,False,False,1
-5.0,100,250.957617,False,False,1
0.35,65,250.976828,False,True,2
-5.0,100,251.006347,False,False,1
-6.0,100,251.037443,False,False,0
-6.0,100,251.066604,False,False,0
-5.0,100,251.094549,False,False,1
-5.0,100,251.123691,False,False,1
-5.0,100,251.152461,False,False,1
-5.0,100,251.183034,False,False,1
-5.0,100,251.211217,False,False,1
-6.0,100,251.243711,False,False,0
-5.0,100,251.272561,False,False,1
-5.0,100,251.301204,False,False,1
-0.5,50,251.315742,False,True,1
-5.0,100,251.347215,False,False,1
-5.0,100,251.375405,False,False,1
-5.0,100,251.403684,False,False,1
-5.0,100,251.431984,False,False,1
-5.0,100,251.462558,False,False,1
-5.0,100,251.492811,False,False,1
-5.0,100,251.520893,False,False,1
-5.0,100,251.548858,False,False,1
-6.0,100,251.580106,False,False,0
-6.0,100,251.610011,False,False,0
-5.0,100,251.638279,False,False,1
-0.17,17,251.642848,False,True,1
-5.0,100,251.672444,False,False,1
-6.0,100,251.700746,False,False,0
-0.71,71,251.720985,False,True,1
-6.0,100,251.749132,False,False,0
-0.25,25,251.75767,False,True,1
-6.0,100,251.788824,False,False,0
-5.0,100,251.81748,False,False,1
-5.0,100,251.845312,False,False,1
-5.0,100,251.873943,False,False,1
-0.91,91,251.89976,False,True,1
-6.0,100,251.929516,False,False,0
-5.0,100,251.9583,False,False,1
-6.0,100,251.991189,False,False,0
-5.0,100,252.027862,False,False,1
-5.0,100,252.06017,False,False,1
-0.95,95,252.088031,False,True,1
-0.12,12,252.091955,False,True,1
-5.0,100,252.121875,False,False,1
-5.0,100,252.150086,False,False,1
-6.0,100,252.17837,False,False,0
-0.77,77,252.201314,False,True,1
-6.0,100,252.23339,False,False,0
-6.0,100,252.262577,False,False,0
-6.0,100,252.290617,False,False,0
-6.0,100,252.323369,False,False,0
-5.0,100,252.351988,False,False,1
0.4,60,252.368385,False,True,2
-0.84,84,252.391692,False,True,1
-5.0,100,252.423263,False,False,1
-0.22,22,252.429139,False,True,1
-0.06,6,252.431127,False,True,1
-5.0,100,252.459945,False,False,1
-0.24,24,252.467238,False,True,1
-6.0,100,252.497395,False,False,0
-6.0,100,252.528479,False,False,0
-5.0,100,252.55652,False,False,1
-5.0,100,252.585389,False,False,1
-6.0,100,252.614384,False,False,0
-5.0,100,252.642454,False,False,1
-6.0,100,252.671,False,False,0
-6.0,100,252.700957,False,False,0
-6.0,100,252.729787,False,False,0
-0.4,40,252.741602,False,True,1
-0.5,50,252.755614,False,True,1
-5.0,100,252.783931,False,False,1
-6.0,100,252.813201,False,False,0
-6.0,100,252.844548,False,False,0
-0.03,3,252.845821,False,True,1
-6.0,100,252.875077,False,False,0
-5.0,100,252.903629,False,False,1
-5.0,100,252.931436,False,False,1
-6.0,100,252.960223,False,False,0
-5.0,100,252.988614,False,False,1
-5.0,100,253.016491,False,False,1
-6.0,100,253.045148,False,False,0
-0.33,33,253.055287,False,True,1
-5.0,100,253.086641,False,False,1
-6.0,100,253.11767,False,False,0
-5.0,100,253.145729,False,False,1
-0.05,5,253.147846,False,True,1
-6.0,100,253.178575,False,False,0
-0.09,9,253.181305,False,True,1
-5.0,100,253.210567,False,False,1
-6.0,100,253.238794,False,False,0
-6.0,100,253.271354,False,False,0
-6.0,100,253.300104,False,False,0
-5.0,100,253.329476,False,False,1
-5.0,100,253.357919,False,False,1
-6.0,100,253.387684,False,False,0
-6.0,100,253.417382,False,False,0
-0.99,99,253.446035,False,True,1
-6.0,100,253.473437,False,False,0
-5.0,100,253.502113,False,False,1
-6.0,100,253.530481,False,False,0
-0.94,94,253.555927,False,True,1
-6.0,100,253.583979,False,False,0
-5.0,100,253.61347,False,False,1
-0.61,61,253.630413,False,True,1
-6.0,100,253.658835,False,False,0
-5.0,100,253.68634,False,False,1
-0.25,25,253.694037,False,True,1
-0.61,61,253.711243,False,True,1
-0.34,34,253.720567,False,True,1
-5.0,100,253.748541,False,False,1
-5.0,100,253.778235,False,False,1
-6.0,100,253.807095,False,False,0
-6.0,100,253.834472,False,False,0
-6.0,100,253.862797,False,False,0
-5.0,100,253.892082,False,False,1
-6.0,100,253.920706,False,False,0
-4.0,100,253.949331,False,False,2
-5.0,100,253.977264,False,False,1
-5.0,100,254.007541,False,False,1
-0.86,86,254.0323,False,True,1
-6.0,100,254.072773,False,False,0
-5.0,100,254.103288,False,False,1
-6.0,100,254.134581,False,False,0
-5.0,100,254.169303,False,False,1
-4.0,100,254.20095,False,False,2
-5.0,100,254.2295,False,False,1
-6.0,100,254.259757,False,False,0
-0.07,7,254.262405,False,True,1
-0.59,59,254.278528,False,True,1
-6.0,100,254.30666,False,False,0
-0.13,13,254.311165,False,True,1
-6.0,100,254.342476,False,False,0
-5.0,100,254.371271,False,False,1
-6.0,100,254.401146,False,False,0
-4.0,100,254.432301,False,False,2
-6.0,100,254.460657,False,False,0
-5.0,100,254.489559,False,False,1
-6.0,100,254.518624,False,False,0
-5.0,100,254.548811,False,False,1
-5.0,100,254.577097,False,False,1
-5.0,100,254.604837,False,False,1
-5.0,100,254.634901,False,False,1
-6.0,100,254.66499,False,False,0
-5.0,100,254.693828,False,False,1
-5.0,100,254.721958,False,False,1
-4.0,100,254.748772,False,False,2
-5.0,100,254.77765,False,False,1
-0.06,6,254.779194,False,True,1
-0.03,3,254.78045,False,True,1
-5.0,100,254.808968,False,False,1
-6.0,100,254.838886,False,False,0
-6.0,100,254.86698,False,False,0
-0.73,73,254.887402,False,True,1
-6.0,100,254.915845,False,False,0
-5.0,100,254.947078,False,False,1
-0.68,68,254.967008,False,True,1
-6.0,100,254.99467,False,False,0
-6.0,100,255.022956,False,False,0
-0.19,19,255.028791,False,True,1
-0.01,1,255.028938,False,True,1
-6.0,100,255.058306,False,False,0
-4.0,100,255.086126,False,False,2
-6.0,100,255.115171,False,False,0
-6.0,100,255.143274,False,False,0
-6.0,100,255.170777,False,False,0
-6.0,100,255.198418,False,False,0
-5.0,100,255.227738,False,False,1
-5.0,100,255.256036,False,False,1
-6.0,100,255.285138,False,False,0
-0.9,90,255.310976,False,True,1
-0.08,8,255.313562,False,True,1
-5.0,100,255.34323,False,False,1
-0.69,69,255.362385,False,True,1
-6.0,100,255.390346,False,False,0
-5.0,100,255.419509,False,False,1
-0.43,43,255.43193,False,True,1
-6.0,100,255.46026,False,False,0
-5.0,100,255.488466,False,False,1
-6.0,100,255.517577,False,False,0
-5.0,100,255.546423,False,False,1
-0.1,10,255.5488,False,True,1
-0.45,45,255.561044,False,True,1
-5.0,100,255.590634,False,False,1
-6.0,100,255.61975,False,False,0
-5.0,100,255.646909,False,False,1
-6.0,100,255.67542,False,False,0
-0.23,23,255.681967,False,True,1
-5.0,100,255.711441,False,False,1
-6.0,100,255.739876,False,False,0
-5.0,100,255.76874,False,False,1
-6.0,100,255.79848,False,False,0
-6.0,100,255.82675,False,False,0
-6.0,100,255.854116,False,False,0
-6.0,100,255.881988,False,False,0
-6.0,100,255.910211,False,False,0
-6.0,100,255.938647,False,False,0
-0.94,94,255.965861,False,True,1
-0.09,9,255.968381,False,True,1
-6.0,100,255.99758,False,False,0
-5.0,100,256.025517,False,False,1
-6.0,100,256.053195,False,False,0
-6.0,100,256.081575,False,False,0
-6.0,100,256.120406,False,False,0
-0.06,6,256.121816,False,True,1
-0.61,61,256.139835,False,True,1
-0.08,8,256.142192,False,True,1
-5.0,100,256.172333,False,False,1
-5.0,100,256.200283,False,False,1
-5.0,100,256.228348,False,False,1
-5.0,100,256.255493,False,False,1
-5.0,100,256.285702,False,False,1
-0.99,99,256.313174,False,True,1
-5.0,100,256.34149,False,False,1
-0.9,90,256.366785,False,True,1
-5.0,100,256.396224,False,False,1
-5.0,100,256.426207,False,False,1
-5.0,100,256.458991,False,False,1
-4.0,100,256.487343,False,False,2
-0.86,86,256.512334,False,True,1
-0.25,25,256.520327,False,True,1
-0.24,24,256.526796,False,True,1
-6.0,100,256.555231,False,False,0
-6.0,100,256.585204,False,False,0
-6.0,100,256.615347,False,False,0
-6.0,100,256.644186,False,False,0
-5.0,100,256.674758,False,False,1
-5.0,100,256.705751,False,False,1
-5.0,100,256.734254,False,False,1
-6.0,100,256.762808,False,False,0
-6.0,100,256.793336,False,False,0
-4.0,100,256.822828,False,False,2
-6.0,100,256.852535,False,False,0
-6.0,100,256.879981,False,False,0
-6.0,100,256.908339,False,False,0
-6.0,100,256.94861,False,False,0
-5.0,100,256.978442,False,False,1
-5.0,100,257.006864,False,False,1
-6.0,100,257.037598,False,False,0
-5.0,100,257.068664,False,False,1
-0.29,29,257.076762,False,True,1
-5.0,100,257.107308,False,False,1
-6.0,100,257.137818,False,False,0
-5.0,100,257.172108,False,False,1
-5.0,100,257.201485,False,False,1
-5.0,100,257.231072,False,False,1
-0.9,90,257.256827,False,True,1
-6.0,100,257.285833,False,False,0
-5.0,100,257.314664,False,False,1
-6.0,100,257.342801,False,False,0
-0.21,21,257.349561,False,True,1
-6.0,100,257.382031,False,False,0
-6.0,100,257.410845,False,False,0
-5.0,100,257.439796,False,False,1
-5.0,100,257.472486,False,False,1
-0.47,47,257.486692,False,True,1
-0.04,4,257.48801,False,True,1
-6.0,100,257.517834,False,False,0
-6.0,100,257.547287,False,False,0
-6.0,100,257.577771,False,False,0
-5.0,100,257.607858,False,False,1
-5.0,100,257.637784,False,False,1
-6.0,100,257.665298,False,False,0
-5.0,100,257.694498,False,False,1
-6.0,100,257.72251,False,False,0
-5.0,100,257.749804,False,False,1
-5.0,100,257.780846,False,False,1
-4.0,100,257.81118,False,False,2
-5.0,100,257.842278,False,False,1
-5.0,100,257.871602,False,False,1
-5.0,100,257.89984,False,False,1
-5.0,100,257.929977,False,False,1
-0.36,36,257.940665,False,True,1
-5.0,100,257.971297,False,False,1
-0.51,51,257.988668,False,True,1
-6.0,100,258.02043,False,False,0
-6.0,100,258.04954,False,False,0
-6.0,100,258.078693,False,False,0
-6.0,100,258.106256,False,False,0
-5.0,100,258.135605,False,False,1
-5.0,100,258.165652,False,False,1
-5.0,100,258.193888,False,False,1
-6.0,100,258.220995,False,False,0
-5.0,100,258.255944,False,False,1
-0.27,27,258.265026,False,True,1
-5.0,100,258.295104,False,False,1
-5.0,100,258.323403,False,False,1
-5.0,100,258.352928,False,False,1
-6.0,100,258.380725,False,False,0
-6.0,100,258.407862,False,False,0
-6.0,100,258.435485,False,False,0
-5.0,100,258.464238,False,False,1
-0.7,70,258.48311,False,True,1
-6.0,100,258.510943,False,False,0
-0.06,6,258.513044,False,True,1
-5.0,100,258.541037,False,False,1
-5.0,100,258.569894,False,False,1
-6.0,100,258.597563,False,False,0
-5.0,100,258.625281,False,False,1
-5.0,100,258.65476,False,False,1
-5.0,100,258.684059,False,False,1
-5.0,100,258.714638,False,False,1
-6.0,100,258.743951,False,False,0
-0.07,7,258.746319,False,True,1
-6.0,100,258.777309,False,False,0
-5.0,100,258.805834,False,False,1
-6.0,100,258.833819,False,False,0
-6.0,100,258.862746,False,False,0
-5.0,100,258.894072,False,False,1
-5.0,100,258.922287,False,False,1
-0.1,10,258.924706,False,True,1
-5.0,100,258.955374,False,False,1
-6.0,100,258.982765,False,False,0
-6.0,100,259.01104,False,False,0
-5.0,100,259.038059,False,False,1
-5.0,100,259.066711,False,False,1
-6.0,100,259.094736,False,False,0
-6.0,100,259.123998,False,False,0
-5.0,100,259.151978,False,False,1
-5.0,100,259.181384,False,False,1
-6.0,100,259.209947,False,False,0
-5.0,100,259.237691,False,False,1
-5.0,100,259.266314,False,False,1
-6.0,100,259.297537,False,False,0
-5.0,100,259.326554,False,False,1
-5.0,100,259.354871,False,False,1
-5.0,100,259.383556,False,False,1
-5.0,100,259.413461,False,False,1
-6.0,100,259.440661,False,False,0
-0.31,31,259.449258,False,True,1
-0.02,2,259.449512,False,True,1
-0.41,41,259.463636,False,True,1
-0.13,13,259.467807,False,True,1
-5.0,100,259.498197,False,False,1
-6.0,100,259.530373,False,False,0
-0.16,16,259.535542,False,True,1
-5.0,100,259.565858,False,False,1
-5.0,100,259.593724,False,False,1
-0.14,14,259.597379,False,True,1
-5.0,100,259.629586,False,False,1
-5.0,100,259.659459,False,False,1
-5.0,100,259.689931,False,False,1
-5.0,100,259.719524,False,False,1
-0.58,58,259.737826,False,True,1
-5.0,100,259.767187,False,False,1
-6.0,100,259.798137,False,False,0
-6.0,100,259.826982,False,False,0
-5.0,100,259.857147,False,False,1
-6.0,100,259.886092,False,False,0
-6.0,100,259.916276,False,False,0
-0.35,35,259.926961,False,True,1
-6.0,100,259.960638,False,False,0
-5.0,100,259.989954,False,False,1
-5.0,100,260.019281,False,False,1
-5.0,100,260.047848,False,False,1
-6.0,100,260.077911,False,False,0
-5.0,100,260.107186,False,False,1
-5.0,100,260.134868,False,False,1
-0.67,67,260.153153,False,True,1
-0.7,70,260.174484,False,True,1
-5.0,100,260.205617,False,False,1
-6.0,100,260.234562,False,False,0
-0.7,70,260.2553,False,True,1
-5.0,100,260.28599,False,False,1
-6.0,100,260.314009,False,False,0
-5.0,100,260.342331,False,False,1
-6.0,100,260.369981,False,False,0
-5.0,100,260.401074,False,False,1
-6.0,100,260.430226,False,False,0
-5.0,100,260.458692,False,False,1
-5.0,100,260.486813,False,False,1
-5.0,100,260.515945,False,False,1
-6.0,100,260.544252,False,False,0
-6.0,100,260.572209,False,False,0
-6.0,100,260.60041,False,False,0
-0.06,6,260.602803,False,True,1
-5.0,100,260.631737,False,False,1
-6.0,100,260.660587,False,False,0
-5.0,100,260.688564,False,False,1
-5.0,100,260.718094,False,False,1
-5.0,100,260.746377,False,False,1
-5.0,100,260.774716,False,False,1
-5.0,100,260.80222,False,False,1
-6.0,100,260.830869,False,False,0
-5.0,100,260.859385,False,False,1
-5.0,100,260.89029,False,False,1
-5.0,100,260.919288,False,False,1
-6.0,100,260.949025,False,False,0
-0.47,47,260.963617,False,True,1
-5.0,100,260.99145,False,False,1
-5.0,100,261.019305,False,False,1
-0.67,67,261.037833,False,True,1
-6.0,100,261.066481,False,False,0
-5.0,100,261.096663,False,False,1
-5.0,100,261.126355,False,False,1
-6.0,100,261.155891,False,False,0
-6.0,100,261.184231,False,False,0
-6.0,100,261.212752,False,False,0
-5.0,100,261.240889,False,False,1
-5.0,100,261.2727,False,False,1
-5.0,100,261.301793,False,False,1
-5.0,100,261.330717,False,False,1
-6.0,100,261.358661,False,False,0
-5.0,100,261.387676,False,False,1
-6.0,100,261.416099,False,False,0
-5.0,100,261.444098,False,False,1
-6.0,100,261.472804,False,False,0
-6.0,100,261.502541,False,False,0
-6.0,100,261.530488,False,False,0
-6.0,100,261.557878,False,False,0
-5.0,100,261.587084,False,False,1
-5.0,100,261.61818,False,False,1
-0.21,21,261.624883,False,True,1
-5.0,100,261.65318,False,False,1
-5.0,100,261.681408,False,False,1
-5.0,100,261.712558,False,False,1
-4.0,100,261.742432,False,False,2
-6.0,100,261.771561,False,False,0
-5.0,100,261.799962,False,False,1
-6.0,100,261.829029,False,False,0
-5.0,100,261.857951,False,False,1
-6.0,100,261.88601,False,False,0
-5.0,100,261.913986,False,False,1
-6.0,100,261.942649,False,False,0
-6.0,100,261.970981,False,False,0
-6.0,100,261.998809,False,False,0
-0.13,13,262.002188,False,True,1
-6.0,100,262.031693,False,False,0
-0.29,29,262.03987,False,True,1
-0.28,28,262.047547,False,True,1
-6.0,100,262.07723,False,False,0
-6.0,100,262.109111,False,False,0
-6.0,100,262.139321,False,False,0
-5.0,100,262.167954,False,False,1
-5.0,100,262.198739,False,False,1
-5.0,100,262.228948,False,False,1
-5.0,100,262.257377,False,False,1
-5.0,100,262.288006,False,False,1
-5.0,100,262.317251,False,False,1
-6.0,100,262.348515,False,False,0
-6.0,100,262.377059,False,False,0
-6.0,100,262.405111,False,False,0
-6.0,100,262.434658,False,False,0
-5.0,100,262.469777,False,False,1
-5.0,100,262.499615,False,False,1
-5.0,100,262.531057,False,False,1
-5.0,100,262.561224,False,False,1
-5.0,100,262.59037,False,False,1
-5.0,100,262.619168,False,False,1
-0.27,27,262.628248,False,True,1
-5.0,100,262.658473,False,False,1
-5.0,100,262.688083,False,False,1
-5.0,100,262.719272,False,False,1
-0.09,9,262.721914,False,True,1
-5.0,100,262.749447,False,False,1
-5.0,100,262.781852,False,False,1
-6.0,100,262.810332,False,False,0
-6.0,100,262.838457,False,False,0
-6.0,100,262.86989,False,False,0
-5.0,100,262.899887,False,False,1
-5.0,100,262.92837,False,False,1
-5.0,100,262.958862,False,False,1
-6.0,100,262.987887,False,False,0
-5.0,100,263.01719,False,False,1
-0.23,23,263.023839,False,True,1
-0.04,4,263.025089,False,True,1
-6.0,100,263.055795,False,False,0
-6.0,100,263.085573,False,False,0
-5.0,100,263.113916,False,False,1
-5.0,100,263.14246,False,False,1
-6.0,100,263.174044,False,False,0
-5.0,100,263.203368,False,False,1
-6.0,100,263.233412,False,False,0
-5.0,100,263.265061,False,False,1
-5.0,100,263.294633,False,False,1
-5.0,100,263.324307,False,False,1
-6.0,100,263.354388,False,False,0
-6.0,100,263.38434,False,False,0
-5.0,100,263.413422,False,False,1
-0.33,33,263.42298,False,True,1
-5.0,100,263.452398,False,False,1
-0.53,53,263.467805,False,True,1
-0.84,84,263.491778,False,True,1
-5.0,100,263.522553,False,False,1
-5.0,100,263.551814,False,False,1
-6.0,100,263.582922,False,False,0
-6.0,100,263.610831,False,False,0
-6.0,100,263.640848,False,False,0
-5.0,100,263.669038,False,False,1
-5.0,100,263.697227,False,False,1
-5.0,100,263.727031,False,False,1
-6.0,100,263.75722,False,False,0
-6.0,100,263.786353,False,False,0
-6.0,100,263.815023,False,False,0
-6.0,100,263.84225,False,False,0
-6.0,100,263.871011,False,False,0
-0.29,29,263.880243,False,True,1
-5.0,100,263.908196,False,False,1
-5.0,100,263.938633,False,False,1
-6.0,100,263.969694,False,False,0
-5.0,100,263.997879,False,False,1
-6.0,100,264.027089,False,False,0
-0.08,8,264.029385,False,True,1
0.55,45,264.042615,False,True,2
-6.0,100,264.071158,False,False,0
-5.0,100,264.098979,False,False,1
-6.0,100,264.128769,False,False,0
-6.0,100,264.159653,False,False,0
-5.0,100,264.188919,False,False,1
-0.11,11,264.192371,False,True,1
-0.58,58,264.207887,False,True,1
-5.0,100,264.237145,False,False,1
-5.0,100,264.265783,False,False,1
-6.0,100,264.295545,False,False,0
-6.0,100,264.325152,False,False,0
-0.12,12,264.328848,False,True,1
-5.0,100,264.358745,False,False,1
-0.14,14,264.363075,False,True,1
-5.0,100,264.391316,False,False,1
-0.61,61,264.409423,False,True,1
-6.0,100,264.438375,False,False,0
-5.0,100,264.466148,False,False,1
-5.0,100,264.496539,False,False,1
-0.89,89,264.522641,False,True,1
-5.0,100,264.551609,False,False,1
-5.0,100,264.580126,False,False,1
-6.0,100,264.60842,False,False,0
-0.89,89,264.634678,False,True,1
-5.0,100,264.663091,False,False,1
-5.0,100,264.691352,False,False,1
-6.0,100,264.719,False,False,0
-5.0,100,264.748083,False,False,1
-6.0,100,264.776594,False,False,0
-0.88,88,264.800552,False,True,1
-5.0,100,264.828556,False,False,1
-0.26,26,264.836482,False,True,1
-5.0,100,264.864328,False,False,1
-5.0,100,264.893055,False,False,1
-6.0,100,264.920755,False,False,0
-6.0,100,264.95044,False,False,0
-0.8,80,264.974767,False,True,1
-5.0,100,265.003634,False,False,1
-6.0,100,265.032076,False,False,0
-5.0,100,265.06167,False,False,1
-5.0,100,265.090235,False,False,1
-5.0,100,265.117933,False,False,1
-6.0,100,265.146846,False,False,0
-5.0,100,265.176108,False,False,1
-0.42,42,265.187303,False,True,1
-6.0,100,265.215553,False,False,0
-5.0,100,265.24387,False,False,1
-5.0,100,265.273098,False,False,1
-5.0,100,265.301268,False,False,1
-6.0,100,265.329585,False,False,0
-6.0,100,265.357352,False,False,0
-5.0,100,265.386417,False,False,1
-0.51,51,265.401386,False,True,1
-5.0,100,265.429139,False,False,1
-6.0,100,265.457315,False,False,0
-6.0,100,265.486551,False,False,0
-6.0,100,265.517841,False,False,0
-5.0,100,265.547525,False,False,1
-0.47,47,265.561308,False,True,1
-5.0,100,265.591235,False,False,1
-5.0,100,265.61963,False,False,1
-5.0,100,265.647852,False,False,1
-5.0,100,265.675135,False,False,1
-5.0,100,265.703441,False,False,1
-6.0,100,265.731577,False,False,0
-5.0,100,265.758725,False,False,1
-6.0,100,265.78611,False,False,0
-0.5,50,265.802651,False,True,1
-6.0,100,265.833367,False,False,0
-5.0,100,265.861764,False,False,1
-6.0,100,265.889843,False,False,0
-6.0,100,265.919389,False,False,0
-0.89,89,265.94441,False,True,1
-0.58,58,265.960238,False,True,1
-6.0,100,265.988526,False,False,0
-0.55,55,266.004677,False,True,1
-6.0,100,266.032889,False,False,0
-0.76,76,266.053917,False,True,1
-5.0,100,266.082332,False,False,1
-5.0,100,266.111853,False,False,1
-6.0,100,266.140292,False,False,0
-5.0,100,266.168513,False,False,1
-6.0,100,266.196233,False,False,0
-6.0,100,266.225398,False,False,0
-6.0,100,266.252671,False,False,0
-0.11,11,266.255796,False,True,1
-5.0,100,266.283641,False,False,1
-5.0,100,266.313045,False,False,1
-5.0,100,266.342297,False,False,1
-6.0,100,266.370174,False,False,0
-6.0,100,266.397404,False,False,0
-5.0,100,266.426946,False,False,1
-5.0,100,266.4548,False,False,1
-0.41,41,266.465712,False,True,1
0.68,32,266.474553,False,True,2
-6.0,100,266.504051,False,False,0
-5.0,100,266.532678,False,False,1
-6.0,100,266.56038,False,False,0
-6.0,100,266.588417,False,False,0
-6.0,100,266.617153,False,False,0
-0.85,85,266.64054,False,True,1
-5.0,100,266.668335,False,False,1
-5.0,100,266.69573,False,False,1
-5.0,100,266.724871,False,False,1
-5.0,100,266.753271,False,False,1
-5.0,100,266.779985,False,False,1
-5.0,100,266.80865,False,False,1
-6.0,100,266.839449,False,False,0
-6.0,100,266.867269,False,False,0
-5.0,100,266.894698,False,False,1
-5.0,100,266.922033,False,False,1
-6.0,100,266.951125,False,False,0
-6.0,100,266.979245,False,False,0
-5.0,100,267.006919,False,False,1
-4.0,100,267.034512,False,False,2
-5.0,100,267.063604,False,False,1
-5.0,100,267.091957,False,False,1
-0.49,49,267.105417,False,True,1
-6.0,100,267.134275,False,False,0
-5.0,100,267.163237,False,False,1
-5.0,100,267.191468,False,False,1
-6.0,100,267.219548,False,False,0
-5.0,100,267.247558,False,False,1
-5.0,100,267.276279,False,False,1
-5.0,100,267.30389,False,False,1
-5.0,100,267.332608,False,False,1
-6.0,100,267.360884,False,False,0
-0.71,71,267.382485,False,True,1
-6.0,100,267.41154,False,False,0
-5.0,100,267.439877,False,False,1
-0.85,85,267.462995,False,True,1
-5.0,100,267.492553,False,False,1
-0.12,12,267.49587,False,True,1
-0.65,65,267.514175,False,True,1
-6.0,100,267.541798,False,False,0
-0.69,69,267.562126,False,True,1
-0.6,60,267.579757,False,True,1
-0.65,65,267.598732,False,True,1
-5.0,100,267.626541,False,False,1
-6.0,100,267.656288,False,False,0
-5.0,100,267.685469,False,False,1
-6.0,100,267.713527,False,False,0
-6.0,100,267.741144,False,False,0
-6.0,100,267.770225,False,False,0
-5.0,100,267.798571,False,False,1
-0.91,91,267.825403,False,True,1
-0.24,24,267.832202,False,True,1
-5.0,100,267.861194,False,False,1
-6.0,100,267.890024,False,False,0
-0.52,52,267.904562,False,True,1
-0.27,27,267.912554,False,True,1
-6.0,100,267.941994,False,False,0
-5.0,100,267.970335,False,False,1
-5.0,100,267.997991,False,False,1
-5.0,100,268.025187,False,False,1
-5.0,100,268.054309,False,False,1
-5.0,100,268.082584,False,False,1
-5.0,100,268.110489,False,False,1
-5.0,100,268.139275,False,False,1
-5.0,100,268.167104,False,False,1
-6.0,100,268.194756,False,False,0
-5.0,100,268.222265,False,False,1
-6.0,100,268.251728,False,False,0
-5.0,100,268.280342,False,False,1
-5.0,100,268.309551,False,False,1
-0.77,77,268.331188,False,True,1
-5.0,100,268.359869,False,False,1
-5.0,100,268.390494,False,False,1
-6.0,100,268.418925,False,False,0
-5.0,100,268.447312,False,False,1
-6.0,100,268.474873,False,False,0
-5.0,100,268.504117,False,False,1
-6.0,100,268.532242,False,False,0
-6.0,100,268.561598,False,False,0
-5.0,100,268.589548,False,False,1
-5.0,100,268.620728,False,False,1
-6.0,100,268.650353,False,False,0
-5.0,100,268.681046,False,False,1
-6.0,100,268.710055,False,False,0
-5.0,100,268.740169,False,False,1
-5.0,100,268.769332,False,False,1
-5.0,100,268.797583,False,False,1
-5.0,100,268.826751,False,False,1
-5.0,100,268.857073,False,False,1
-6.0,100,268.885729,False,False,0
-6.0,100,268.913612,False,False,0
-6.0,100,268.941352,False,False,0
-5.0,100,268.971434,False,False,1
-5.0,100,269.000176,False,False,1
-6.0,100,269.027759,False,False,0
-5.0,100,269.055696,False,False,1
-5.0,100,269.084386,False,False,1
-6.0,100,269.112444,False,False,0
-6.0,100,269.140345,False,False,0
-5.0,100,269.168841,False,False,1
-5.0,100,269.214421,False,False,1
-5.0,100,269.245878,False,False,1
-5.0,100,269.274775,False,False,1
-6.0,100,269.303433,False,False,0
-0.82,82,269.328439,False,True,1
-5.0,100,269.357607,False,False,1
-0.72,72,269.379239,False,True,1
-5.0,100,269.408347,False,False,1
-5.0,100,269.437505,False,False,1
-5.0,100,269.465261,False,False,1
-5.0,100,269.493835,False,False,1
-6.0,100,269.524804,False,False,0
-6.0,100,269.554378,False,False,0
-6.0,100,269.582216,False,False,0
-6.0,100,269.610639,False,False,0
-5.0,100,269.640994,False,False,1
-6.0,100,269.675426,False,False,0
-6.0,100,269.707986,False,False,0
-5.0,100,269.739286,False,False,1
-5.0,100,269.772267,False,False,1
-6.0,100,269.802153,False,False,0
-5.0,100,269.833333,False,False,1
-0.95,95,269.864135,False,True,1
-5.0,100,269.896746,False,False,1
-0.2,20,269.903787,False,True,1
-0.59,59,269.925707,False,True,1
-5.0,100,269.957047,False,False,1
-5.0,100,269.988782,False,False,1
-0.52,52,270.006821,False,True,1
-5.0,100,270.037127,False,False,1
-0.58,58,270.053403,False,True,1
-6.0,100,270.083396,False,False,0
-5.0,100,270.114217,False,False,1
-5.0,100,270.148147,False,False,1
-5.0,100,270.177934,False,False,1
-0.16,16,270.182687,False,True,1
-6.0,100,270.213124,False,False,0
-0.65,65,270.233309,False,True,1
-6.0,100,270.264678,False,False,0
-5.0,100,270.296089,False,False,1
-4.0,100,270.330468,False,False,2
-6.0,100,270.371562,False,False,0
-5.0,100,270.402736,False,False,1
-6.0,100,270.43648,False,False,0
-0.21,21,270.443728,False,True,1
-0.45,45,270.461953,False,True,1
-5.0,100,270.496239,False,False,1
-6.0,100,270.529027,False,False,0
-6.0,100,270.561388,False,False,0
-6.0,100,270.59406,False,False,0
-5.0,100,270.632397,False,False,1
-0.9,90,270.666445,False,True,1
-0.02,2,270.666882,False,True,1
-0.16,16,270.672192,False,True,1
-6.0,100,270.704368,False,False,0
-5.0,100,270.735624,False,False,1
-5.0,100,270.770161,False,False,1
-6.0,100,270.804466,False,False,0
-6.0,100,270.83881,False,False,0
-5.0,100,270.870855,False,False,1
-5.0,100,270.905733,False,False,1
-5.0,100,270.937858,False,False,1
-5.0,100,270.96825,False,False,1
-0.84,84,270.991778,False,True,1
-5.0,100,271.021762,False,False,1
-5.0,100,271.051764,False,False,1
-6.0,100,271.080843,False,False,0
-6.0,100,271.112689,False,False,0
-5.0,100,271.142715,False,False,1
-0.44,44,271.155627,False,True,1
-4.0,100,271.184924,False,False,2
-6.0,100,271.216231,False,False,0
-6.0,100,271.247133,False,False,0
-5.0,100,271.277076,False,False,1
-5.0,100,271.30584,False,False,1
-6.0,100,271.336942,False,False,0
-5.0,100,271.367241,False,False,1
-6.0,100,271.396781,False,False,0
-5.0,100,271.426436,False,False,1
-5.0,100,271.455018,False,False,1
-6.0,100,271.484295,False,False,0
-6.0,100,271.512344,False,False,0
-5.0,100,271.540367,False,False,1
-0.38,38,271.551905,False,True,1
-6.0,100,271.581487,False,False,0
-5.0,100,271.610464,False,False,1
-5.0,100,271.638537,False,False,1
-0.75,75,271.660749,False,True,1
-5.0,100,271.691166,False,False,1
-6.0,100,271.718627,False,False,0
-0.08,8,271.720806,False,True,1
-5.0,100,271.748412,False,False,1
-0.62,62,271.766744,False,True,1
-6.0,100,271.795387,False,False,0
-0.91,91,271.820467,False,True,1
-6.0,100,271.847545,False,False,0
-6.0,100,271.877239,False,False,0
-5.0,100,271.905504,False,False,1
-5.0,100,271.934382,False,False,1
-0.39,39,271.944686,False,True,1
-6.0,100,271.97375,False,False,0
-5.0,100,272.00251,False,False,1
-6.0,100,272.031659,False,False,0
-0.11,11,272.035523,False,True,1
-5.0,100,272.066481,False,False,1
-5.0,100,272.094829,False,False,1
-5.0,100,272.123204,False,False,1
-0.01,1,272.123404,False,True,1
-6.0,100,272.15442,False,False,0
-0.88,88,272.180406,False,True,1
-5.0,100,272.210325,False,False,1
-5.0,100,272.241142,False,False,1
-0.5,50,272.256935,False,True,1
-6.0,100,272.286197,False,False,0
-6.0,100,272.313827,False,False,0
-5.0,100,272.342091,False,False,1
-0.36,36,272.353163,False,True,1
-0.91,91,272.379561,False,True,1
-6.0,100,272.410235,False,False,0
-6.0,100,272.439076,False,False,0
-5.0,100,272.468772,False,False,1
-0.41,41,272.480084,False,True,1
-6.0,100,272.508443,False,False,0
-5.0,100,272.536984,False,False,1
-5.0,100,272.566084,False,False,1
-5.0,100,272.59423,False,False,1
-5.0,100,272.621988,False,False,1
-6.0,100,272.650676,False,False,0
-0.18,18,272.655573,False,True,1
-0.72,72,272.676937,False,True,1
-6.0,100,272.706427,False,False,0
-6.0,100,272.734691,False,False,0
-5.0,100,272.765207,False,False,1
-0.32,32,272.774415,False,True,1
-6.0,100,272.80354,False,False,0
-0.61,61,272.820812,False,True,1
-0.96,96,272.849777,False,True,1
-0.14,14,272.854294,False,True,1
-5.0,100,272.883791,False,False,1
-6.0,100,272.912461,False,False,0
-5.0,100,272.942864,False,False,1
-5.0,100,272.972678,False,False,1
-6.0,100,273.000388,False,False,0
-6.0,100,273.028132,False,False,0
-5.0,100,273.101428,False,False,1
-6.0,100,273.132205,False,False,0
-6.0,100,273.163362,False,False,0
-5.0,100,273.191409,False,False,1
-5.0,100,273.222551,False,False,1
-6.0,100,273.25581,False,False,0
-5.0,100,273.285521,False,False,1
-5.0,100,273.314065,False,False,1
-0.6,60,273.332274,False,True,1
-0.24,24,273.338948,False,True,1
-5.0,100,273.367908,False,False,1
-5.0,100,273.401678,False,False,1
-5.0,100,273.43158,False,False,1
-5.0,100,273.460821,False,False,1
-6.0,100,273.489789,False,False,0
-5.0,100,273.520577,False,False,1
-5.0,100,273.550858,False,False,1
-5.0,100,273.579397,False,False,1
-6.0,100,273.608687,False,False,0
-6.0,100,273.637076,False,False,0
-6.0,100,273.666248,False,False,0
-5.0,100,273.696296,False,False,1
-6.0,100,273.724098,False,False,0
-6.0,100,273.752061,False,False,0
-5.0,100,273.782697,False,False,1
-5.0,100,273.812103,False,False,1
-5.0,100,273.84233,False,False,1
-6.0,100,273.870612,False,False,0
-5.0,100,273.899351,False,False,1
-5.0,100,273.927913,False,False,1
-6.0,100,273.958435,False,False,0
-6.0,100,273.987338,False,False,0
-5.0,100,274.01753,False,False,1
-6.0,100,274.047824,False,False,0
-6.0,100,274.076649,False,False,0
-6.0,100,274.107259,False,False,0
-0.97,97,274.136207,False,True,1
-6.0,100,274.163973,False,False,0
-0.51,51,274.178463,False,True,1
-0.63,63,274.198764,False,True,1
-5.0,100,274.240123,False,False,1
-6.0,100,274.270098,False,False,0
-5.0,100,274.297923,False,False,1
-6.0,100,274.327607,False,False,0
-6.0,100,274.357499,False,False,0
-6.0,100,274.387509,False,False,0
-6.0,100,274.417279,False,False,0
-5.0,100,274.445612,False,False,1
-5.0,100,274.477701,False,False,1
-5.0,100,274.507531,False,False,1
-5.0,100,274.537542,False,False,1
-6.0,100,274.567385,False,False,0
-6.0,100,274.597118,False,False,0
-6.0,100,274.62558,False,False,0
-5.0,100,274.654662,False,False,1
-6.0,100,274.684899,False,False,0
-0.23,23,274.692016,False,True,1
-5.0,100,274.720697,False,False,1
-5.0,100,274.748139,False,False,1
-5.0,100,274.776953,False,False,1
-6.0,100,274.808912,False,False,0
-0.47,47,274.822118,False,True,1
-6.0,100,274.850068,False,False,0
-0.53,53,274.866009,False,True,1
-5.0,100,274.897736,False,False,1
-5.0,100,274.926464,False,False,1
-0.38,38,274.936841,False,True,1
-0.05,5,274.938221,False,True,1
-6.0,100,274.969777,False,False,0
-6.0,100,274.999062,False,False,0
-6.0,100,275.030624,False,False,0
-0.32,32,275.041106,False,True,1
-5.0,100,275.071788,False,False,1
-5.0,100,275.100878,False,False,1
-0.55,55,275.115889,False,True,1
-0.48,48,275.12923,False,True,1
-5.0,100,275.159041,False,False,1
-5.0,100,275.187543,False,False,1
-5.0,100,275.215437,False,False,1
-5.0,100,275.244039,False,False,1
-6.0,100,275.273466,False,False,0
-5.0,100,275.302195,False,False,1
-6.0,100,275.32988,False,False,0
-5.0,100,275.358415,False,False,1
-6.0,100,275.388456,False,False,0
-6.0,100,275.417414,False,False,0
-5.0,100,275.445245,False,False,1
-6.0,100,275.47392,False,False,0
-5.0,100,275.503822,False,False,1
-6.0,100,275.532682,False,False,0
-5.0,100,275.562649,False,False,1
-6.0,100,275.591297,False,False,0
-0.09,9,275.594031,False,True,1
-5.0,100,275.623428,False,False,1
-5.0,100,275.651877,False,False,1
-5.0,100,275.679198,False,False,1
-5.0,100,275.707643,False,False,1
-6.0,100,275.73444,False,False,0
-6.0,100,275.763279,False,False,0
-5.0,100,275.794051,False,False,1
-6.0,100,275.825242,False,False,0
-0.59,59,275.842301,False,True,1
-6.0,100,275.870405,False,False,0
-6.0,100,275.898616,False,False,0
-0.92,92,275.925191,False,True,1
-0.72,72,275.947806,False,True,1
-6.0,100,275.977277,False,False,0
-4.0,100,276.007257,False,False,2
-6.0,100,276.036879,False,False,0
-0.26,26,276.044936,False,True,1
-5.0,100,276.072821,False,False,1
-5.0,100,276.103208,False,False,1
-5.0,100,276.133202,False,False,1
-0.21,21,276.139213,False,True,1
-5.0,100,276.167694,False,False,1
-5.0,100,276.197946,False,False,1
-5.0,100,276.22811,False,False,1
-5.0,100,276.256462,False,False,1
-5.0,100,276.284692,False,False,1
-5.0,100,276.312915,False,False,1
-6.0,100,276.340868,False,False,0
-5.0,100,276.371477,False,False,1
-5.0,100,276.399665,False,False,1
-5.0,100,276.427169,False,False,1
-6.0,100,276.456671,False,False,0
-6.0,100,276.485496,False,False,0
-5.0,100,276.515372,False,False,1
-6.0,100,276.544126,False,False,0
-0.53,53,276.559715,False,True,1
-6.0,100,276.592978,False,False,0
-6.0,100,276.62065,False,False,0
-6.0,100,276.648962,False,False,0
-5.0,100,276.679369,False,False,1
-5.0,100,276.707639,False,False,1
-5.0,100,276.735489,False,False,1
-0.42,42,276.749396,False,True,1
-6.0,100,276.780058,False,False,0
-5.0,100,276.808673,False,False,1
-5.0,100,276.837697,False,False,1
-6.0,100,276.865847,False,False,0
-5.0,100,276.895615,False,False,1
-6.0,100,276.92374,False,False,0
-5.0,100,276.953241,False,False,1
-5.0,100,276.983963,False,False,1
-6.0,100,277.013532,False,False,0
-5.0,100,277.044668,False,False,1
-5.0,100,277.073481,False,False,1
-5.0,100,277.102336,False,False,1
-0.74,74,277.123628,False,True,1
-6.0,100,277.152403,False,False,0
-6.0,100,277.182171,False,False,0
-0.83,83,277.206078,False,True,1
-0.09,9,277.208744,False,True,1
-5.0,100,277.238498,False,False,1
-5.0,100,277.265609,False,False,1
-0.49,49,277.27934,False,True,1
-5.0,100,277.311549,False,False,1
-6.0,100,277.340091,False,False,0
-5.0,100,277.367883,False,False,1
-5.0,100,277.396615,False,False,1
-0.97,97,277.426075,False,True,1
-5.0,100,277.458788,False,False,1
-0.18,18,277.46397,False,True,1
-6.0,100,277.492181,False,False,0
-5.0,100,277.521847,False,False,1
-6.0,100,277.550485,False,False,0
-6.0,100,277.57816,False,False,0
-6.0,100,277.605584,False,False,0
-5.0,100,277.634622,False,False,1
-5.0,100,277.663791,False,False,1
-6.0,100,277.69447,False,False,0
-5.0,100,277.723215,False,False,1
-6.0,100,277.751941,False,False,0
-0.53,53,277.766953,False,True,1
-5.0,100,277.79467,False,False,1
-5.0,100,277.822744,False,False,1
-5.0,100,277.851096,False,False,1
-0.44,44,277.863145,False,True,1
-0.3,30,277.872185,False,True,1
0.22,78,277.893403,False,True,2
-5.0,100,277.923377,False,False,1
-6.0,100,277.950197,False,False,0
-0.78,78,277.973123,False,True,1
-6.0,100,278.002339,False,False,0
-0.04,4,278.003713,False,True,1
-0.49,49,278.018353,False,True,1
-6.0,100,278.047496,False,False,0
-0.1,10,278.050943,False,True,1
-5.0,100,278.079772,False,False,1
-0.8,80,278.102083,False,True,1
-6.0,100,278.13031,False,False,0
-5.0,100,278.157862,False,False,1
-6.0,100,278.190365,False,False,0
-6.0,100,278.219205,False,False,0
-6.0,100,278.248254,False,False,0
-6.0,100,278.276356,False,False,0
-6.0,100,278.308059,False,False,0
-5.0,100,278.337196,False,False,1
-6.0,100,278.365104,False,False,0
-6.0,100,278.396848,False,False,0
-6.0,100,278.4273,False,False,0
-6.0,100,278.456324,False,False,0
-5.0,100,278.484628,False,False,1
-5.0,100,278.514794,False,False,1
-6.0,100,278.547172,False,False,0
-6.0,100,278.57631,False,False,0
-6.0,100,278.606026,False,False,0
-5.0,100,278.633875,False,False,1
-0.61,61,278.651768,False,True,1
-6.0,100,278.682942,False,False,0
-6.0,100,278.712326,False,False,0
-6.0,100,278.741499,False,False,0
-5.0,100,278.771429,False,False,1
-5.0,100,278.801597,False,False,1
-0.19,19,278.81081,False,True,1
-6.0,100,278.84204,False,False,0
-6.0,100,278.871853,False,False,0
-5.0,100,278.900446,False,False,1
-5.0,100,278.930091,False,False,1
-6.0,100,278.958913,False,False,0
-5.0,100,278.988102,False,False,1
-6.0,100,279.01596,False,False,0
-0.84,84,279.039678,False,True,1
-6.0,100,279.067473,False,False,0
-5.0,100,279.097037,False,False,1
-0.24,24,279.103859,False,True,1
-6.0,100,279.13349,False,False,0
-5.0,100,279.164222,False,False,1
-6.0,100,279.194152,False,False,0
-0.01,1,279.194363,False,True,1
-6.0,100,279.223809,False,False,0
-0.44,44,279.236076,False,True,1
-6.0,100,279.265696,False,False,0
-5.0,100,279.297249,False,False,1
-5.0,100,279.325952,False,False,1
-6.0,100,279.354629,False,False,0
-5.0,100,279.384347,False,False,1
-5.0,100,279.412207,False,False,1
-6.0,100,279.443165,False,False,0
-5.0,100,279.471506,False,False,1
-6.0,100,279.501416,False,False,0
-5.0,100,279.529862,False,False,1
-5.0,100,279.558115,False,False,1
-5.0,100,279.586816,False,False,1
-0.09,9,279.589293,False,True,1
-5.0,100,279.619923,False,False,1
-6.0,100,279.648734,False,False,0
-6.0,100,279.676639,False,False,0
-5.0,100,279.70641,False,False,1
-0.77,77,279.729609,False,True,1
-5.0,100,279.758725,False,False,1
-0.98,98,279.786655,False,True,1
-6.0,100,279.817543,False,False,0
-0.47,47,279.831391,False,True,1
-0.36,36,279.841441,False,True,1
-5.0,100,279.872099,False,False,1
-5.0,100,279.905254,False,False,1
-6.0,100,279.934507,False,False,0
-0.58,58,279.951116,False,True,1
-5.0,100,279.979882,False,False,1
-5.0,100,280.010042,False,False,1
-5.0,100,280.037931,False,False,1
-5.0,100,280.065836,False,False,1
-6.0,100,280.093506,False,False,0
-5.0,100,280.123647,False,False,1
-6.0,100,280.153071,False,False,0
-6.0,100,280.181632,False,False,0
-5.0,100,280.210001,False,False,1
-5.0,100,280.239588,False,False,1
-0.75,75,280.26142,False,True,1
-5.0,100,280.288711,False,False,1
-5.0,100,280.317892,False,False,1
-6.0,100,280.347508,False,False,0
-5.0,100,280.376839,False,False,1
-0.26,26,280.384062,False,True,1
-5.0,100,280.410717,False,False,1
-5.0,100,280.439994,False,False,1
-0.46,46,280.453372,False,True,1
-6.0,100,280.483078,False,False,0
-6.0,100,280.51195,False,False,0
-0.82,82,280.535279,False,True,1
-5.0,100,280.56356,False,False,1
-0.11,11,280.56672,False,True,1
-0.36,36,280.576599,False,True,1
-6.0,100,280.605675,False,False,0
-6.0,100,280.635624,False,False,0
-6.0,100,280.664975,False,False,0
-5.0,100,280.693142,False,False,1
-4.0,100,280.724571,False,False,2
-5.0,100,280.753121,False,False,1
-6.0,100,280.785079,False,False,0
-5.0,100,280.814048,False,False,1
-0.84,84,280.839698,False,True,1
-6.0,100,280.868599,False,False,0
-6.0,100,280.897463,False,False,0
-0.37,37,280.907632,False,True,1
-6.0,100,280.936173,False,False,0
-6.0,100,280.967625,False,False,0
-6.0,100,280.998518,False,False,0
-0.1,10,281.001706,False,True,1
-5.0,100,281.031385,False,False,1
-6.0,100,281.061632,False,False,0
-5.0,100,281.089664,False,False,1
-5.0,100,281.117825,False,False,1
-0.82,82,281.144953,False,True,1
-5.0,100,281.175119,False,False,1
-6.0,100,281.203467,False,False,0
-5.0,100,281.233908,False,False,1
-6.0,100,281.265657,False,False,0
-5.0,100,281.294513,False,False,1
-6.0,100,281.324687,False,False,0
-6.0,100,281.353259,False,False,0
-6.0,100,281.383679,False,False,0
-6.0,100,281.412851,False,False,0
-5.0,100,281.443697,False,False,1
-6.0,100,281.472859,False,False,0
-6.0,100,281.505901,False,False,0
-5.0,100,281.534936,False,False,1
-0.58,58,281.552107,False,True,1
-6.0,100,281.581927,False,False,0
-5.0,100,281.613401,False,False,1
-6.0,100,281.64176,False,False,0
-5.0,100,281.669547,False,False,1
-5.0,100,281.696929,False,False,1
-0.49,49,281.711295,False,True,1
-5.0,100,281.739246,False,False,1
0.2,80,281.760831,False,True,2
-6.0,100,281.789072,False,False,0
-0.38,38,281.801138,False,True,1
-6.0,100,281.830366,False,False,0
-0.93,93,281.855822,False,True,1
-6.0,100,281.883751,False,False,0
-0.41,41,281.895893,False,True,1
-0.27,27,281.90409,False,True,1
-0.39,39,281.915714,False,True,1
-5.0,100,281.944046,False,False,1
-5.0,100,281.97309,False,False,1
-5.0,100,282.004192,False,False,1
-0.37,37,282.014625,False,True,1
-5.0,100,282.042304,False,False,1
-6.0,100,282.071735,False,False,0
-0.31,31,282.080705,False,True,1
-5.0,100,282.108708,False,False,1
-0.92,92,282.134477,False,True,1
-5.0,100,282.163445,False,False,1
-0.23,23,282.169822,False,True,1
-6.0,100,282.197883,False,False,0
-0.58,58,282.214863,False,True,1
-0.07,7,282.217107,False,True,1
-5.0,100,282.246438,False,False,1
-5.0,100,282.273933,False,False,1
-5.0,100,282.302003,False,False,1
-5.0,100,282.330772,False,False,1
-5.0,100,282.358894,False,False,1
-5.0,100,282.386693,False,False,1
-5.0,100,282.414501,False,False,1
-6.0,100,282.443574,False,False,0
-5.0,100,282.471535,False,False,1
-6.0,100,282.499088,False,False,0
-4.0,100,282.529083,False,False,2
-5.0,100,282.558785,False,False,1
-5.0,100,282.586393,False,False,1
-5.0,100,282.614155,False,False,1
-6.0,100,282.642388,False,False,0
-5.0,100,282.671166,False,False,1
-5.0,100,282.699795,False,False,1
-5.0,100,282.727531,False,False,1
-5.0,100,282.755188,False,False,1
-6.0,100,282.784201,False,False,0
-5.0,100,282.831592,False,False,1
-6.0,100,282.863747,False,False,0
-6.0,100,282.892611,False,False,0
-5.0,100,282.922522,False,False,1
-6.0,100,282.950431,False,False,0
-5.0,100,282.978749,False,False,1
-6.0,100,283.008953,False,False,0
-5.0,100,283.038341,False,False,1
-5.0,100,283.066635,False,False,1
-6.0,100,283.094714,False,False,0
-6.0,100,283.122071,False,False,0
-0.2,20,283.127931,False,True,1
-0.65,65,283.147539,False,True,1
-6.0,100,283.176214,False,False,0
-6.0,100,283.204033,False,False,0
-6.0,100,283.233412,False,False,0
-6.0,100,283.261043,False,False,0
-6.0,100,283.290105,False,False,0
-5.0,100,283.320241,False,False,1
-0.06,6,283.321927,False,True,1
-5.0,100,283.350358,False,False,1
-6.0,100,283.378658,False,False,0
-0.05,5,283.380798,False,True,1
-6.0,100,283.409308,False,False,0
-6.0,100,283.43718,False,False,0
-0.01,1,283.437375,False,True,1
-6.0,100,283.46544,False,False,0
-6.0,100,283.495267,False,False,0
-5.0,100,283.522667,False,False,1
-5.0,100,283.551115,False,False,1
-0.16,16,283.555646,False,True,1
-6.0,100,283.585034,False,False,0
-0.11,11,283.588799,False,True,1
-6.0,100,283.616677,False,False,0
-5.0,100,283.645764,False,False,1
-5.0,100,283.675025,False,False,1
-6.0,100,283.704409,False,False,0
-5.0,100,283.734532,False,False,1
-5.0,100,283.762859,False,False,1
-0.97,97,283.791135,False,True,1
-6.0,100,283.819783,False,False,0
-6.0,100,283.847321,False,False,0
-6.0,100,283.874623,False,False,0
-5.0,100,283.904081,False,False,1
-6.0,100,283.93158,False,False,0
-5.0,100,283.959452,False,False,1
-5.0,100,283.987654,False,False,1
-5.0,100,284.017415,False,False,1
-6.0,100,284.045054,False,False,0
-5.0,100,284.073013,False,False,1
-6.0,100,284.101747,False,False,0
-5.0,100,284.130855,False,False,1
-5.0,100,284.160313,False,False,1
-5.0,100,284.190391,False,False,1
-0.39,39,284.201941,False,True,1
-6.0,100,284.231006,False,False,0
-5.0,100,284.258278,False,False,1
-5.0,100,284.287578,False,False,1
-5.0,100,284.315666,False,False,1
-5.0,100,284.345457,False,False,1
-5.0,100,284.373834,False,False,1
-5.0,100,284.401823,False,False,1
-3.0,100,284.429849,False,False,3
-6.0,100,284.458817,False,False,0
-5.0,100,284.486647,False,False,1
-5.0,100,284.514928,False,False,1
-0.16,16,284.519398,False,True,1
-5.0,100,284.548148,False,False,1
-0.18,18,284.553352,False,True,1
-4.0,100,284.581806,False,False,2
-0.03,3,284.582976,False,True,1
-5.0,100,284.612507,False,False,1
-6.0,100,284.639999,False,False,0
-5.0,100,284.669048,False,False,1
-4.0,100,284.696931,False,False,2
-5.0,100,284.725632,False,False,1
-6.0,100,284.754657,False,False,0
-6.0,100,284.783808,False,False,0
-0.47,47,284.798455,False,True,1
-6.0,100,284.827519,False,False,0
-5.0,100,284.854995,False,False,1
-6.0,100,284.883869,False,False,0
-5.0,100,284.911832,False,False,1
-6.0,100,284.941015,False,False,0
-5.0,100,284.970683,False,False,1
-6.0,100,285.000772,False,False,0
-0.09,9,285.00332,False,True,1
-5.0,100,285.033822,False,False,1
-6.0,100,285.062398,False,False,0
-5.0,100,285.090119,False,False,1
-6.0,100,285.118539,False,False,0
-5.0,100,285.148131,False,False,1
-5.0,100,285.176293,False,False,1
-6.0,100,285.203533,False,False,0
-6.0,100,285.231642,False,False,0
-6.0,100,285.26089,False,False,0
-5.0,100,285.289635,False,False,1
-6.0,100,285.317734,False,False,0
-0.5,50,285.331771,False,True,1
-6.0,100,285.3605,False,False,0
-0.06,6,285.362442,False,True,1
-5.0,100,285.390794,False,False,1
-0.41,41,285.40244,False,True,1
-0.05,5,285.403834,False,True,1
-0.05,5,285.40594,False,True,1
-6.0,100,285.434124,False,False,0
-6.0,100,285.461981,False,False,0
-5.0,100,285.491214,False,False,1
-5.0,100,285.519134,False,False,1
-6.0,100,285.548297,False,False,0
-5.0,100,285.575694,False,False,1
-6.0,100,285.604387,False,False,0
-5.0,100,285.632778,False,False,1
-6.0,100,285.66042,False,False,0
-0.11,11,285.662974,False,True,1
-6.0,100,285.692184,False,False,0
-6.0,100,285.720688,False,False,0
-5.0,100,285.748327,False,False,1
-5.0,100,285.776652,False,False,1
-5.0,100,285.806244,False,False,1
-0.43,43,285.818388,False,True,1
-6.0,100,285.84618,False,False,0
-6.0,100,285.873968,False,False,0
-6.0,100,285.90258,False,False,0
-5.0,100,285.9306,False,False,1
-5.0,100,285.958918,False,False,1
-5.0,100,285.98738,False,False,1
-5.0,100,286.017414,False,False,1
-6.0,100,286.045392,False,False,0
-6.0,100,286.073229,False,False,0
-6.0,100,286.101048,False,False,0
-6.0,100,286.130062,False,False,0
-6.0,100,286.15798,False,False,0
-6.0,100,286.185965,False,False,0
-6.0,100,286.214625,False,False,0
-6.0,100,286.244332,False,False,0
-5.0,100,286.272376,False,False,1
-6.0,100,286.300184,False,False,0
-6.0,100,286.327906,False,False,0
-5.0,100,286.357247,False,False,1
-6.0,100,286.385326,False,False,0
-5.0,100,286.414081,False,False,1
-0.56,56,286.429373,False,True,1
-6.0,100,286.458767,False,False,0
-6.0,100,286.486855,False,False,0
-5.0,100,286.516483,False,False,1
-6.0,100,286.544435,False,False,0
-6.0,100,286.5738,False,False,0
-5.0,100,286.602313,False,False,1
-5.0,100,286.631266,False,False,1
-6.0,100,286.659325,False,False,0
-5.0,100,286.68866,False,False,1
-0.3,30,286.697849,False,True,1
-6.0,100,286.727807,False,False,0
-0.05,5,286.729184,False,True,1
-6.0,100,286.760681,False,False,0
-6.0,100,286.788708,False,False,0
-6.0,100,286.817426,False,False,0
-0.14,14,286.821159,False,True,1
-6.0,100,286.850853,False,False,0
-0.85,85,286.875481,False,True,1
-5.0,100,286.903047,False,False,1
-5.0,100,286.93124,False,False,1
-0.1,10,286.933839,False,True,1
-0.11,11,286.937067,False,True,1
-6.0,100,286.966362,False,False,0
-6.0,100,286.995201,False,False,0
-6.0,100,287.026035,False,False,0
-6.0,100,287.054062,False,False,0
-5.0,100,287.081847,False,False,1
-5.0,100,287.109158,False,False,1
-6.0,100,287.138462,False,False,0
-6.0,100,287.167383,False,False,0
-6.0,100,287.196068,False,False,0
-0.22,22,287.201601,False,True,1
-6.0,100,287.230806,False,False,0
-5.0,100,287.259411,False,False,1
-0.21,21,287.265717,False,True,1
-6.0,100,287.293934,False,False,0
-5.0,100,287.323359,False,False,1
-5.0,100,287.351474,False,False,1
-6.0,100,287.379202,False,False,0
-5.0,100,287.406656,False,False,1
-6.0,100,287.435275,False,False,0
-6.0,100,287.463054,False,False,0
-5.0,100,287.489939,False,False,1
-6.0,100,287.518962,False,False,0
-5.0,100,287.548406,False,False,1
-6.0,100,287.576802,False,False,0
-6.0,100,287.604506,False,False,0
-5.0,100,287.632365,False,False,1
-6.0,100,287.661477,False,False,0
-5.0,100,287.689507,False,False,1
-5.0,100,287.71557,False,False,1
-6.0,100,287.743788,False,False,0
-6.0,100,287.772787,False,False,0
-5.0,100,287.800996,False,False,1
-6.0,100,287.829012,False,False,0
-0.12,12,287.832466,False,True,1
-5.0,100,287.861444,False,False,1
-5.0,100,287.889485,False,False,1
-6.0,100,287.916921,False,False,0
-0.6,60,287.933748,False,True,1
-6.0,100,287.962966,False,False,0
-5.0,100,287.992202,False,False,1
-5.0,100,288.02109,False,False,1
-5.0,100,288.049707,False,False,1
-5.0,100,288.079357,False,False,1
-6.0,100,288.107322,False,False,0
-6.0,100,288.134842,False,False,0
-4.0,100,288.162491,False,False,2
-0.35,35,288.172737,False,True,1
-5.0,100,288.199807,False,False,1
-6.0,100,288.227764,False,False,0
-6.0,100,288.25588,False,False,0
-5.0,100,288.285469,False,False,1
0.43,57,288.302059,False,True,2
-6.0,100,288.330075,False,False,0
-5.0,100,288.358052,False,False,1
-5.0,100,288.386943,False,False,1
-6.0,100,288.415242,False,False,0
-5.0,100,288.442616,False,False,1
-6.0,100,288.470429,False,False,0
-5.0,100,288.500607,False,False,1
-0.82,82,288.523624,False,True,1
-6.0,100,288.551613,False,False,0
-5.0,100,288.579078,False,False,1
-6.0,100,288.608302,False,False,0
-0.35,35,288.618702,False,True,1
-6.0,100,288.646392,False,False,0
-5.0,100,288.674586,False,False,1
-5.0,100,288.702795,False,False,1
-6.0,100,288.730561,False,False,0
-5.0,100,288.759219,False,False,1
-5.0,100,288.786836,False,False,1
-0.21,21,288.792749,False,True,1
-5.0,100,288.821929,False,False,1
-5.0,100,288.850144,False,False,1
-5.0,100,288.877398,False,False,1
-6.0,100,288.907409,False,False,0
-6.0,100,288.935027,False,False,0
-6.0,100,288.963677,False,False,0
-0.33,33,288.973103,False,True,1
-5.0,100,289.003227,False,False,1
-5.0,100,289.032482,False,False,1
-5.0,100,289.060828,False,False,1
-6.0,100,289.088618,False,False,0
-0.87,87,289.114654,False,True,1
-4.0,100,289.143376,False,False,2
-5.0,100,289.170314,False,False,1
-6.0,100,289.198611,False,False,0
-1.0,100,289.227331,False,True,1
-6.0,100,289.255334,False,False,0
-6.0,100,289.283331,False,False,0
-6.0,100,289.311534,False,False,0
-5.0,100,289.339916,False,False,1
-4.0,100,289.368121,False,False,2
-5.0,100,289.396017,False,False,1
-6.0,100,289.424005,False,False,0
-5.0,100,289.453166,False,False,1
-5.0,100,289.48182,False,False,1
-5.0,100,289.510846,False,False,1
-0.85,85,289.534778,False,True,1
-5.0,100,289.563308,False,False,1
-5.0,100,289.591671,False,False,1
-6.0,100,289.619624,False,False,0
-0.18,18,289.624923,False,True,1
-5.0,100,289.653754,False,False,1
-6.0,100,289.681656,False,False,0
-5.0,100,289.709289,False,False,1
-6.0,100,289.737495,False,False,0
-0.65,65,289.756461,False,True,1
-5.0,100,289.784955,False,False,1
-6.0,100,289.814485,False,False,0
-6.0,100,289.84375,False,False,0
-0.93,93,289.871287,False,True,1
-6.0,100,289.899954,False,False,0
-5.0,100,289.927653,False,False,1
-6.0,100,289.954603,False,False,0
-6.0,100,289.985193,False,False,0
-6.0,100,290.014097,False,False,0
-6.0,100,290.041903,False,False,0
-0.83,83,290.06487,False,True,1
-5.0,100,290.093241,False,False,1
-6.0,100,290.121852,False,False,0
-6.0,100,290.148823,False,False,0
-6.0,100,290.176926,False,False,0
-6.0,100,290.20578,False,False,0
-5.0,100,290.233161,False,False,1
-6.0,100,290.260578,False,False,0
-6.0,100,290.289396,False,False,0
-6.0,100,290.318072,False,False,0
-5.0,100,290.345252,False,False,1
-6.0,100,290.372606,False,False,0
-5.0,100,290.400711,False,False,1
-5.0,100,290.429905,False,False,1
-5.0,100,290.458017,False,False,1
-5.0,100,290.486396,False,False,1
-6.0,100,290.514227,False,False,0
-5.0,100,290.54311,False,False,1
-6.0,100,290.57126,False,False,0
-5.0,100,290.599914,False,False,1
-6.0,100,290.62675,False,False,0
-5.0,100,290.654583,False,False,1
-0.28,28,290.661958,False,True,1
-5.0,100,290.689247,False,False,1
-0.19,19,290.695013,False,True,1
-5.0,100,290.725334,False,False,1
-5.0,100,290.753508,False,False,1
-5.0,100,290.781175,False,False,1
-5.0,100,290.808626,False,False,1
-6.0,100,290.837641,False,False,0
-6.0,100,290.865295,False,False,0
-5.0,100,290.892531,False,False,1
-5.0,100,290.919974,False,False,1
-6.0,100,290.961589,False,False,0
-5.0,100,290.989592,False,False,1
-5.0,100,291.017918,False,False,1
-6.0,100,291.045616,False,False,0
-5.0,100,291.075873,False,False,1
-6.0,100,291.103681,False,False,0
-5.0,100,291.132324,False,False,1
-5.0,100,291.161366,False,False,1
-6.0,100,291.190662,False,False,0
-0.23,23,291.19733,False,True,1
-6.0,100,291.225803,False,False,0
-6.0,100,291.253564,False,False,0
-0.19,19,291.258556,False,True,1
-6.0,100,291.287746,False,False,0
-6.0,100,291.315816,False,False,0
-6.0,100,291.343257,False,False,0
-5.0,100,291.372428,False,False,1
-0.07,7,291.374698,False,True,1
-6.0,100,291.402831,False,False,0
-0.22,22,291.409866,False,True,1
-0.31,31,291.41814,False,True,1
-6.0,100,291.447275,False,False,0
-6.0,100,291.475551,False,False,0
-5.0,100,291.503471,False,False,1
-5.0,100,291.532148,False,False,1
-6.0,100,291.560634,False,False,0
-6.0,100,291.588939,False,False,0
-5.0,100,291.615753,False,False,1
-6.0,100,291.645846,False,False,0
-5.0,100,291.67423,False,False,1
-6.0,100,291.702008,False,False,0
-6.0,100,291.729915,False,False,0
-6.0,100,291.759278,False,False,0
-6.0,100,291.786761,False,False,0
-5.0,100,291.815245,False,False,1
-6.0,100,291.842228,False,False,0
-5.0,100,291.870764,False,False,1
-0.5,50,291.885398,False,True,1
-5.0,100,291.913084,False,False,1
-6.0,100,291.940985,False,False,0
-6.0,100,291.970028,False,False,0
-6.0,100,291.998671,False,False,0
-0.13,13,292.002466,False,True,1
-5.0,100,292.03097,False,False,1
-6.0,100,292.06041,False,False,0
-0.65,65,292.078557,False,True,1
-6.0,100,292.106309,False,False,0
-5.0,100,292.134255,False,False,1
-5.0,100,292.163715,False,False,1
-0.95,95,292.191368,False,True,1
-5.0,100,292.218743,False,False,1
-6.0,100,292.247037,False,False,0
-5.0,100,292.275898,False,False,1
-0.18,18,292.281837,False,True,1
-6.0,100,292.310295,False,False,0
-0.86,86,292.333801,False,True,1
-6.0,100,292.363617,False,False,0
-5.0,100,292.391061,False,False,1
-5.0,100,292.419174,False,False,1
-6.0,100,292.447065,False,False,0
-0.94,94,292.474533,False,True,1
-6.0,100,292.50248,False,False,0
-5.0,100,292.531195,False,False,1
-4.0,100,292.558313,False,False,2
-0.69,69,292.578589,False,True,1
-6.0,100,292.607304,False,False,0
-6.0,100,292.635282,False,False,0
-6.0,100,292.663308,False,False,0
-0.45,45,292.677061,False,True,1
-6.0,100,292.705362,False,False,0
-6.0,100,292.732948,False,False,0
-0.35,35,292.742927,False,True,1
-5.0,100,292.772244,False,False,1
-0.24,24,292.779386,False,True,1
-6.0,100,292.809854,False,False,0
-5.0,100,292.838711,False,False,1
-5.0,100,292.867756,False,False,1
-0.3,30,292.876127,False,True,1
-5.0,100,292.904074,False,False,1
-0.92,92,292.9302,False,True,1
-5.0,100,292.959331,False,False,1
-5.0,100,292.986684,False,False,1
-0.15,15,292.991018,False,True,1
-0.36,36,293.001259,False,True,1
-6.0,100,293.03051,False,False,0
-6.0,100,293.058865,False,False,0
-0.02,2,293.059917,False,True,1
-0.62,62,293.076871,False,True,1
-0.5,50,293.092046,False,True,1
-6.0,100,293.120181,False,False,0
-6.0,100,293.148031,False,False,0
-5.0,100,293.17626,False,False,1
-0.63,63,293.193799,False,True,1
-5.0,100,293.222521,False,False,1
-6.0,100,293.250905,False,False,0
-5.0,100,293.278716,False,False,1
-6.0,100,293.30826,False,False,0
-6.0,100,293.337035,False,False,0
-6.0,100,293.367522,False,False,0
-5.0,100,293.396718,False,False,1
-5.0,100,293.426258,False,False,1
-4.0,100,293.454099,False,False,2
-4.0,100,293.481484,False,False,2
-6.0,100,293.510205,False,False,0
-4.0,100,293.538665,False,False,2
-5.0,100,293.567534,False,False,1
-0.37,37,293.578295,False,True,1
-5.0,100,293.606488,False,False,1
-5.0,100,293.635982,False,False,1
-5.0,100,293.663964,False,False,1
-6.0,100,293.692306,False,False,0
-6.0,100,293.720357,False,False,0
-5.0,100,293.74908,False,False,1
-6.0,100,293.776343,False,False,0
-5.0,100,293.80434,False,False,1
-5.0,100,293.832544,False,False,1
-5.0,100,293.860852,False,False,1
-5.0,100,293.888901,False,False,1
-6.0,100,293.917059,False,False,0
-0.65,65,293.934871,False,True,1
-5.0,100,293.964172,False,False,1
-5.0,100,293.991716,False,False,1
-5.0,100,294.019865,False,False,1
-5.0,100,294.048729,False,False,1
-6.0,100,294.077346,False,False,0
-6.0,100,294.105215,False,False,0
-5.0,100,294.133285,False,False,1
-6.0,100,294.162043,False,False,0
-5.0,100,294.190699,False,False,1
-0.46,46,294.203705,False,True,1
-6.0,100,294.232025,False,False,0
-6.0,100,294.260111,False,False,0
-6.0,100,294.289425,False,False,0
-0.71,71,294.309886,False,True,1
-6.0,100,294.337522,False,False,0
-6.0,100,294.365351,False,False,0
-5.0,100,294.394692,False,False,1
-6.0,100,294.423032,False,False,0
-5.0,100,294.450771,False,False,1
-6.0,100,294.478318,False,False,0
-6.0,100,294.507585,False,False,0
-5.0,100,294.534934,False,False,1
-6.0,100,294.562964,False,False,0
-0.03,3,294.56411,False,True,1
-0.02,2,294.564519,False,True,1
-6.0,100,294.594115,False,False,0
-4.0,100,294.62291,False,False,2
-6.0,100,294.65064,False,False,0
-5.0,100,294.679962,False,False,1
-6.0,100,294.708761,False,False,0
1.82,18,294.714069,False,True,3
-0.41,41,294.725314,False,True,1
-6.0,100,294.754175,False,False,0
-6.0,100,294.781183,False,False,0
-6.0,100,294.809661,False,False,0
-6.0,100,294.837812,False,False,0
-6.0,100,294.866819,False,False,0
-5.0,100,294.894985,False,False,1
-5.0,100,294.923496,False,False,1
-6.0,100,294.951236,False,False,0
-5.0,100,294.98035,False,False,1
-6.0,100,295.009619,False,False,0
-0.38,38,295.021017,False,True,1
-5.0,100,295.049231,False,False,1
-5.0,100,295.078795,False,False,1
-5.0,100,295.105743,False,False,1
-6.0,100,295.133675,False,False,0
-6.0,100,295.161354,False,False,0
-5.0,100,295.189925,False,False,1
-5.0,100,295.21873,False,False,1
-6.0,100,295.246049,False,False,0
-5.0,100,295.273949,False,False,1
-6.0,100,295.302507,False,False,0
-6.0,100,295.333018,False,False,0
-0.46,46,295.345503,False,True,1
-0.16,16,295.350393,False,True,1
-0.7,70,295.370618,False,True,1
-6.0,100,295.399995,False,False,0
-4.0,100,295.429318,False,False,2
-0.59,59,295.445665,False,True,1
-5.0,100,295.475794,False,False,1
-6.0,100,295.504431,False,False,0
-5.0,100,295.533008,False,False,1
-5.0,100,295.560998,False,False,1
-6.0,100,295.590452,False,False,0
-0.1,10,295.593667,False,True,1
-6.0,100,295.621951,False,False,0
-5.0,100,295.650479,False,False,1
-0.9,90,295.676527,False,True,1
-6.0,100,295.704662,False,False,0
-5.0,100,295.732142,False,False,1
-5.0,100,295.760161,False,False,1
-5.0,100,295.790006,False,False,1
-5.0,100,295.820477,False,False,1
-6.0,100,295.849343,False,False,0
-6.0,100,295.877434,False,False,0
-6.0,100,295.906398,False,False,0
-5.0,100,295.933994,False,False,1
-5.0,100,295.961122,False,False,1
-5.0,100,295.988808,False,False,1
-6.0,100,296.019294,False,False,0
-5.0,100,296.047713,False,False,1
-5.0,100,296.075864,False,False,1
-6.0,100,296.103418,False,False,0
-5.0,100,296.132573,False,False,1
-6.0,100,296.160092,False,False,0
-6.0,100,296.18737,False,False,0
-6.0,100,296.215369,False,False,0
-6.0,100,296.244739,False,False,0
-6.0,100,296.272926,False,False,0
-0.62,62,296.290994,False,True,1
-6.0,100,296.318912,False,False,0
-5.0,100,296.349024,False,False,1
-5.0,100,296.376846,False,False,1
-5.0,100,296.405019,False,False,1
-5.0,100,296.433062,False,False,1
-6.0,100,296.460839,False,False,0
-5.0,100,296.488877,False,False,1
-5.0,100,296.516618,False,False,1
-4.0,100,296.544242,False,False,2
-6.0,100,296.573218,False,False,0
-0.44,44,296.585905,False,True,1
-0.64,64,296.604242,False,True,1
-5.0,100,296.632156,False,False,1
-6.0,100,296.661243,False,False,0
-0.19,19,296.666859,False,True,1
-5.0,100,296.695031,False,False,1
-5.0,100,296.722643,False,False,1
-0.12,12,296.726265,False,True,1
0.13,87,296.75064,False,True,2
-6.0,100,296.778425,False,False,0
-6.0,100,296.805911,False,False,0
-6.0,100,296.834238,False,False,0
-6.0,100,296.86225,False,False,0
-5.0,100,296.889832,False,False,1
-5.0,100,296.917329,False,False,1
-5.0,100,296.945978,False,False,1
-5.0,100,296.973956,False,False,1
-5.0,100,297.001763,False,False,1
-0.45,45,297.015149,False,True,1
-0.73,73,297.035622,False,True,1
-0.35,35,297.045963,False,True,1
-6.0,100,297.074072,False,False,0
-0.4,40,297.084874,False,True,1
-5.0,100,297.113628,False,False,1
-5.0,100,297.141083,False,False,1
-6.0,100,297.169136,False,False,0
-6.0,100,297.196917,False,False,0
-0.29,29,297.205796,False,True,1
-0.04,4,297.20727,False,True,1
-5.0,100,297.235718,False,False,1
-5.0,100,297.268599,False,False,1
-0.5,50,297.283821,False,True,1
-6.0,100,297.314068,False,False,0
-5.0,100,297.34223,False,False,1
-0.01,1,297.343042,False,True,1
-6.0,100,297.372458,False,False,0
-5.0,100,297.400432,False,False,1
-5.0,100,297.429531,False,False,1
-5.0,100,297.458287,False,False,1
-5.0,100,297.487626,False,False,1
-5.0,100,297.515411,False,False,1
-5.0,100,297.543429,False,False,1
-6.0,100,297.571752,False,False,0
-5.0,100,297.601492,False,False,1
-5.0,100,297.628679,False,False,1
-5.0,100,297.65614,False,False,1
-6.0,100,297.68285,False,False,0
-6.0,100,297.71202,False,False,0
-6.0,100,297.740126,False,False,0
-4.0,100,297.769082,False,False,2
-6.0,100,297.797798,False,False,0
-5.0,100,297.827341,False,False,1
-0.86,86,297.851825,False,True,1
-6.0,100,297.879905,False,False,0
-5.0,100,297.907749,False,False,1
-6.0,100,297.937063,False,False,0
-5.0,100,297.966962,False,False,1
-0.92,92,297.992309,False,True,1
-5.0,100,298.020656,False,False,1
-5.0,100,298.050678,False,False,1
-6.0,100,298.080615,False,False,0
-5.0,100,298.109007,False,False,1
-5.0,100,298.136899,False,False,1
-6.0,100,298.167101,False,False,0
-5.0,100,298.194611,False,False,1
-6.0,100,298.223143,False,False,0
-6.0,100,298.250854,False,False,0
-5.0,100,298.281323,False,False,1
-0.06,6,298.283724,False,True,1
-5.0,100,298.312935,False,False,1
-6.0,100,298.341367,False,False,0
-6.0,100,298.371079,False,False,0
-5.0,100,298.399222,False,False,1
-5.0,100,298.427261,False,False,1
-0.07,7,298.428654,False,True,1
-6.0,100,298.458654,False,False,0
-5.0,100,298.488408,False,False,1
-0.87,87,298.513108,False,True,1
-0.73,73,298.533393,False,True,1
-6.0,100,298.564861,False,False,0
-5.0,100,298.59397,False,False,1
-5.0,100,298.622429,False,False,1
-4.0,100,298.650125,False,False,2
-0.79,79,298.673599,False,True,1
-5.0,100,298.702642,False,False,1
-5.0,100,298.730624,False,False,1
-0.5,50,298.746584,False,True,1
-5.0,100,298.777179,False,False,1
-0.53,53,298.793135,False,True,1
-5.0,100,298.820707,False,False,1
-5.0,100,298.849448,False,False,1
-5.0,100,298.881362,False,False,1
-5.0,100,298.911077,False,False,1
-0.81,81,298.933704,False,True,1
-4.0,100,298.961123,False,False,2
-6.0,100,298.990089,False,False,0
-5.0,100,299.019881,False,False,1
-6.0,100,299.047753,False,False,0
-0.42,42,299.059548,False,True,1
-5.0,100,299.088181,False,False,1
-6.0,100,299.118027,False,False,0
-5.0,100,299.14644,False,False,1
-6.0,100,299.174799,False,False,0
-6.0,100,299.203851,False,False,0
-6.0,100,299.231998,False,False,0
-0.9,90,299.259538,False,True,1
-0.56,56,299.274861,False,True,1
-6.0,100,299.304576,False,False,0
-5.0,100,299.335485,False,False,1
-6.0,100,299.36424,False,False,0
-5.0,100,299.39181,False,False,1
-0.2,20,299.398031,False,True,1
-5.0,100,299.428227,False,False,1
-6.0,100,299.458012,False,False,0
-4.0,100,299.485883,False,False,2
-5.0,100,299.515795,False,False,1
-6.0,100,299.545365,False,False,0
-5.0,100,299.57924,False,False,1
-5.0,100,299.608337,False,False,1
-5.0,100,299.637569,False,False,1
-6.0,100,299.664665,False,False,0
-6.0,100,299.692346,False,False,0
-0.63,63,299.710889,False,True,1
-5.0,100,299.741635,False,False,1
-5.0,100,299.770432,False,False,1
-5.0,100,299.800968,False,False,1
-5.0,100,299.830139,False,False,1
-5.0,100,299.861211,False,False,1
-5.0,100,299.890154,False,False,1
-5.0,100,299.919572,False,False,1
-0.2,20,299.92541,False,True,1
-0.62,62,299.943769,False,True,1
-0.56,56,299.960377,False,True,1
-6.0,100,299.990365,False,False,0
-5.0,100,300.018765,False,False,1
-5.0,100,300.048306,False,False,1
-4.0,100,300.076536,False,False,2
-5.0,100,300.107146,False,False,1
0.19,81,300.130485,False,True,2
-6.0,100,300.159963,False,False,0
-5.0,100,300.189086,False,False,1
-4.0,100,300.216631,False,False,2
-5.0,100,300.244944,False,False,1
-5.0,100,300.273985,False,False,1
-5.0,100,300.30122,False,False,1
-5.0,100,300.32899,False,False,1
-5.0,100,300.356939,False,False,1
-6.0,100,300.386615,False,False,0
-6.0,100,300.414417,False,False,0
-5.0,100,300.444723,False,False,1
-5.0,100,300.472801,False,False,1
-0.19,19,300.478213,False,True,1
-4.0,100,300.508157,False,False,2
-5.0,100,300.535911,False,False,1
-4.0,100,300.563497,False,False,2
-0.7,70,300.584643,False,True,1
-4.0,100,300.61549,False,False,2
-5.0,100,300.644461,False,False,1
-6.0,100,300.674602,False,False,0
-6.0,100,300.704615,False,False,0
-0.72,72,300.725089,False,True,1
-6.0,100,300.755727,False,False,0
0.76,24,300.762507,False,True,2
-6.0,100,300.793903,False,False,0
-5.0,100,300.822888,False,False,1
-0.06,6,300.824266,False,True,1
-6.0,100,300.852563,False,False,0
-4.0,100,300.882456,False,False,2
-6.0,100,300.911645,False,False,0
-6.0,100,300.942437,False,False,0
-5.0,100,300.970643,False,False,1
-6.0,100,301.000174,False,False,0
-6.0,100,301.031677,False,False,0
-6.0,100,301.060584,False,False,0
-6.0,100,301.089143,False,False,0
-6.0,100,301.118949,False,False,0
-5.0,100,301.146821,False,False,1
-6.0,100,301.17624,False,False,0
-0.78,78,301.199245,False,True,1
-6.0,100,301.230923,False,False,0
-5.0,100,301.260135,False,False,1
-6.0,100,301.289023,False,False,0
-6.0,100,301.318064,False,False,0
-5.0,100,301.350025,False,False,1
-0.72,72,301.370622,False,True,1
-6.0,100,301.399144,False,False,0
-5.0,100,301.428995,False,False,1
-6.0,100,301.459673,False,False,0
-6.0,100,301.489479,False,False,0
-5.0,100,301.51829,False,False,1
-5.0,100,301.546587,False,False,1
-5.0,100,301.578323,False,False,1
-6.0,100,301.606735,False,False,0
-6.0,100,301.63479,False,False,0
-5.0,100,301.66358,False,False,1
-0.76,76,301.685699,False,True,1
-6.0,100,301.713501,False,False,0
-6.0,100,301.741708,False,False,0
-0.85,85,301.767215,False,True,1
-0.25,25,301.77393,False,True,1
-5.0,100,301.803801,False,False,1
-5.0,100,301.8325,False,False,1
-5.0,100,301.860614,False,False,1
-6.0,100,301.890263,False,False,0
-6.0,100,301.919629,False,False,0
-6.0,100,301.94966,False,False,0
-5.0,100,301.978487,False,False,1
-5.0,100,302.007212,False,False,1
-6.0,100,302.034522,False,False,0
-4.0,100,302.062704,False,False,2
-6.0,100,302.0964,False,False,0
-5.0,100,302.12645,False,False,1
-5.0,100,302.155026,False,False,1
-0.93,93,302.182078,False,True,1
-5.0,100,302.213671,False,False,1
-6.0,100,302.244255,False,False,0
-0.44,44,302.257885,False,True,1
-5.0,100,302.287356,False,False,1
-5.0,100,302.315661,False,False,1
-5.0,100,302.345726,False,False,1
-6.0,100,302.37337,False,False,0
-6.0,100,302.401233,False,False,0
-5.0,100,302.429391,False,False,1
-5.0,100,302.458613,False,False,1
-6.0,100,302.486785,False,False,0
-0.1,10,302.48929,False,True,1
-6.0,100,302.517076,False,False,0
-6.0,100,302.546453,False,False,0
-0.3,30,302.555213,False,True,1
-0.57,57,302.570936,False,True,1
-6.0,100,302.599061,False,False,0
-3.0,100,302.627868,False,False,3
-6.0,100,302.655822,False,False,0
-0.55,55,302.67475,False,True,1
-0.79,79,302.698621,False,True,1
-6.0,100,302.729482,False,False,0
0.73,27,302.739517,False,True,2
-0.62,62,302.757229,False,True,1
-0.83,83,302.780856,False,True,1
-6.0,100,302.812586,False,False,0
-5.0,100,302.841583,False,False,1
-6.0,100,302.871658,False,False,0
-6.0,100,302.900815,False,False,0
-6.0,100,302.931468,False,False,0
-6.0,100,302.960111,False,False,0
-5.0,100,302.989232,False,False,1
-6.0,100,303.018193,False,False,0
-6.0,100,303.047412,False,False,0
-5.0,100,303.075825,False,False,1
-0.15,15,303.080226,False,True,1
-5.0,100,303.107967,False,False,1
-6.0,100,303.138547,False,False,0
-5.0,100,303.165928,False,False,1
-5.0,100,303.193829,False,False,1
-5.0,100,303.220986,False,False,1
-6.0,100,303.255351,False,False,0
-5.0,100,303.286347,False,False,1
-6.0,100,303.315079,False,False,0
-6.0,100,303.344369,False,False,0
-6.0,100,303.376269,False,False,0
-0.66,66,303.396022,False,True,1
-5.0,100,303.427331,False,False,1
-0.06,6,303.429068,False,True,1
-5.0,100,303.459542,False,False,1
-6.0,100,303.489312,False,False,0
-5.0,100,303.51984,False,False,1
-0.05,5,303.521375,False,True,1
-6.0,100,303.552408,False,False,0
-6.0,100,303.580243,False,False,0
-0.19,19,303.585456,False,True,1
-0.08,8,303.587788,False,True,1
-0.06,6,303.590068,False,True,1
-0.72,72,303.611248,False,True,1
-6.0,100,303.639701,False,False,0
-3.0,100,303.667734,False,False,3
-4.0,100,303.696789,False,False,2
-6.0,100,303.725863,False,False,0
-0.24,24,303.732859,False,True,1
-6.0,100,303.76051,False,False,0
-0.18,18,303.765384,False,True,1
-0.21,21,303.771724,False,True,1
-6.0,100,303.800514,False,False,0
-0.86,86,303.825352,False,True,1
-5.0,100,303.856449,False,False,1
-6.0,100,303.885609,False,False,0
-0.57,57,303.901348,False,True,1
-5.0,100,303.929982,False,False,1
-6.0,100,303.962143,False,False,0
-6.0,100,303.990743,False,False,0
-6.0,100,304.027052,False,False,0
-5.0,100,304.055947,False,False,1
-5.0,100,304.085659,False,False,1
-0.29,29,304.093479,False,True,1
-0.97,97,304.120914,False,True,1
-5.0,100,304.14737,False,False,1
-0.16,16,304.151829,False,True,1
-5.0,100,304.192237,False,False,1
-6.0,100,304.219973,False,False,0
-6.0,100,304.248387,False,False,0
-6.0,100,304.277441,False,False,0
-6.0,100,304.305948,False,False,0
-0.34,34,304.315415,False,True,1
-5.0,100,304.343389,False,False,1
-5.0,100,304.373011,False,False,1
-5.0,100,304.400975,False,False,1
-0.42,42,304.413227,False,True,1
-6.0,100,304.44172,False,False,0
-6.0,100,304.471654,False,False,0
-5.0,100,304.499366,False,False,1
-6.0,100,304.526652,False,False,0
-0.13,13,304.529997,False,True,1
-6.0,100,304.559458,False,False,0
-5.0,100,304.590663,False,False,1
-5.0,100,304.618782,False,False,1
-6.0,100,304.646695,False,False,0
-5.0,100,304.676073,False,False,1
-5.0,100,304.7047,False,False,1
